 
****************************************
Report : timing
        -path full
        -delay max
        -max_paths 100
Design : sys_top
Version: O-2018.06-SP1
Date   : Mon Oct  5 06:32:53 2026
****************************************

Operating Conditions: scmetro_tsmc_cl013g_rvt_ss_1p08v_125c   Library: scmetro_tsmc_cl013g_rvt_ss_1p08v_125c
Wire Load Model Mode: top

  Startpoint: Regfile_u_reg_file_reg_1__7_
              (rising edge-triggered flip-flop clocked by Ref_clk)
  Endpoint: ALU_u_ALU_OUT_reg_0_
            (rising edge-triggered flip-flop clocked by Gated_clk)
  Path Group: Gated_clk
  Path Type: max

  Point                                                   Incr       Path
  --------------------------------------------------------------------------
  clock Ref_clk (rise edge)                               0.00       0.00
  clock network delay (ideal)                             0.00       0.00
  Regfile_u_reg_file_reg_1__7_/CK (SDFFRQX1M)             0.00       0.00 r
  Regfile_u_reg_file_reg_1__7_/Q (SDFFRQX1M)              0.55       0.55 f
  U1732/Y (OR2X2M)                                        0.20       0.75 f
  U1733/Y (NOR2XLM)                                       0.19       0.94 r
  U1099/Y (NAND2XLM)                                      0.14       1.08 f
  U1129/Y (NOR2XLM)                                       0.18       1.26 r
  U1098/Y (NAND2XLM)                                      0.16       1.42 f
  U995/Y (NOR2X1M)                                        0.15       1.57 r
  U1736/Y (OR2X1M)                                        0.16       1.74 r
  U1738/Y (NAND2X1M)                                      0.07       1.81 f
  U994/Y (NAND2X1M)                                       0.10       1.91 r
  U1742/Y (OA21X2M)                                       0.17       2.07 r
  U1126/Y (NAND2XLM)                                      0.08       2.15 f
  U1124/Y (NAND2XLM)                                      0.09       2.25 r
  U1633/Y (OAI21XLM)                                      0.13       2.37 f
  U961/Y (OAI2BB1X2M)                                     0.19       2.57 f
  U958/Y (OAI21X1M)                                       0.10       2.67 r
  U992/Y (OAI2BB1X1M)                                     0.19       2.86 r
  U1775/Y (OAI21X2M)                                      0.08       2.94 f
  U989/Y (OAI21X1M)                                       0.07       3.01 r
  U1118/Y (OAI21X1M)                                      0.13       3.14 f
  U1780/Y (OAI22X1M)                                      0.15       3.29 r
  U1782/Y (AOI21XLM)                                      0.14       3.43 f
  U1785/Y (OA21X2M)                                       0.36       3.79 f
  U1894/Y (NAND2X1M)                                      0.08       3.87 r
  U1895/Y (NAND2X1M)                                      0.09       3.96 f
  U1896/Y (OAI21X2M)                                      0.10       4.06 r
  U1005/Y (OAI2BB1X2M)                                    0.17       4.22 r
  U1004/Y (OAI21X2M)                                      0.08       4.30 f
  U956/Y (OAI2BB1X2M)                                     0.17       4.47 f
  U1125/Y (OAI21XLM)                                      0.13       4.59 r
  U1900/Y (OAI22X1M)                                      0.17       4.76 f
  U1901/Y (OAI2BB1X2M)                                    0.19       4.95 f
  U1902/Y (OAI21X2M)                                      0.10       5.05 r
  U1058/Y (OAI2BB1XLM)                                    0.19       5.24 r
  U1057/Y (OAI21XLM)                                      0.13       5.36 f
  U1064/Y (OAI21XLM)                                      0.20       5.56 r
  U1063/Y (OAI21XLM)                                      0.15       5.71 f
  U986/Y (AO22XLM)                                        0.33       6.04 f
  U1344/Y (OAI21XLM)                                      0.11       6.15 r
  U985/Y (OAI21X1M)                                       0.14       6.29 f
  U1951/Y (OAI2BB2X1M)                                    0.26       6.54 f
  U1136/Y (NOR2XLM)                                       0.16       6.70 r
  U984/Y (OAI21X1M)                                       0.15       6.85 f
  U1645/Y (INVXLM)                                        0.16       7.01 r
  U1014/Y (OAI21XLM)                                      0.13       7.14 f
  U1962/Y (OAI21X1M)                                      0.12       7.26 r
  U1162/Y (INVXLM)                                        0.09       7.35 f
  U1161/Y (OAI21X1M)                                      0.16       7.50 r
  U1143/Y (AOI21XLM)                                      0.15       7.66 f
  U974/Y (OAI21X1M)                                       0.18       7.84 r
  U1197/Y (NAND2X2M)                                      0.17       8.01 f
  U1082/Y (MX2XLM)                                        0.32       8.33 f
  U955/Y (NOR2XLM)                                        0.18       8.51 r
  U1352/Y (OAI21XLM)                                      0.12       8.63 f
  U2062/Y (AOI21XLM)                                      0.16       8.79 r
  U1184/Y (OAI21XLM)                                      0.11       8.91 f
  U1250/Y (AO21XLM)                                       0.28       9.19 f
  U1248/Y (OAI2BB1XLM)                                    0.17       9.36 f
  ALU_u_ALU_OUT_reg_0_/D (SDFFRQX1M)                      0.00       9.36 f
  data arrival time                                                  9.36

  clock Gated_clk (rise edge)                            10.00      10.00
  clock network delay (ideal)                             0.00      10.00
  clock uncertainty                                      -0.20       9.80
  ALU_u_ALU_OUT_reg_0_/CK (SDFFRQX1M)                     0.00       9.80 r
  library setup time                                     -0.41       9.39
  data required time                                                 9.39
  --------------------------------------------------------------------------
  data required time                                                 9.39
  data arrival time                                                 -9.36
  --------------------------------------------------------------------------
  slack (MET)                                                        0.03


  Startpoint: Regfile_u_reg_file_reg_1__7_
              (rising edge-triggered flip-flop clocked by Ref_clk)
  Endpoint: ALU_u_ALU_OUT_reg_1_
            (rising edge-triggered flip-flop clocked by Gated_clk)
  Path Group: Gated_clk
  Path Type: max

  Point                                                   Incr       Path
  --------------------------------------------------------------------------
  clock Ref_clk (rise edge)                               0.00       0.00
  clock network delay (ideal)                             0.00       0.00
  Regfile_u_reg_file_reg_1__7_/CK (SDFFRQX1M)             0.00       0.00 r
  Regfile_u_reg_file_reg_1__7_/Q (SDFFRQX1M)              0.55       0.55 f
  U1732/Y (OR2X2M)                                        0.20       0.75 f
  U1733/Y (NOR2XLM)                                       0.19       0.94 r
  U1099/Y (NAND2XLM)                                      0.14       1.08 f
  U1129/Y (NOR2XLM)                                       0.18       1.26 r
  U1098/Y (NAND2XLM)                                      0.16       1.42 f
  U995/Y (NOR2X1M)                                        0.15       1.57 r
  U1736/Y (OR2X1M)                                        0.16       1.74 r
  U1738/Y (NAND2X1M)                                      0.07       1.81 f
  U994/Y (NAND2X1M)                                       0.10       1.91 r
  U1742/Y (OA21X2M)                                       0.17       2.07 r
  U1126/Y (NAND2XLM)                                      0.08       2.15 f
  U1124/Y (NAND2XLM)                                      0.09       2.25 r
  U1633/Y (OAI21XLM)                                      0.13       2.37 f
  U961/Y (OAI2BB1X2M)                                     0.19       2.57 f
  U958/Y (OAI21X1M)                                       0.10       2.67 r
  U992/Y (OAI2BB1X1M)                                     0.19       2.86 r
  U1775/Y (OAI21X2M)                                      0.08       2.94 f
  U989/Y (OAI21X1M)                                       0.07       3.01 r
  U1118/Y (OAI21X1M)                                      0.13       3.14 f
  U1780/Y (OAI22X1M)                                      0.15       3.29 r
  U1782/Y (AOI21XLM)                                      0.14       3.43 f
  U1785/Y (OA21X2M)                                       0.36       3.79 f
  U1894/Y (NAND2X1M)                                      0.08       3.87 r
  U1895/Y (NAND2X1M)                                      0.09       3.96 f
  U1896/Y (OAI21X2M)                                      0.10       4.06 r
  U1005/Y (OAI2BB1X2M)                                    0.17       4.22 r
  U1004/Y (OAI21X2M)                                      0.08       4.30 f
  U956/Y (OAI2BB1X2M)                                     0.17       4.47 f
  U1125/Y (OAI21XLM)                                      0.13       4.59 r
  U1900/Y (OAI22X1M)                                      0.17       4.76 f
  U1901/Y (OAI2BB1X2M)                                    0.19       4.95 f
  U1902/Y (OAI21X2M)                                      0.10       5.05 r
  U1058/Y (OAI2BB1XLM)                                    0.19       5.24 r
  U1057/Y (OAI21XLM)                                      0.13       5.36 f
  U1064/Y (OAI21XLM)                                      0.20       5.56 r
  U1063/Y (OAI21XLM)                                      0.15       5.71 f
  U986/Y (AO22XLM)                                        0.33       6.04 f
  U1344/Y (OAI21XLM)                                      0.11       6.15 r
  U985/Y (OAI21X1M)                                       0.14       6.29 f
  U1951/Y (OAI2BB2X1M)                                    0.26       6.54 f
  U1136/Y (NOR2XLM)                                       0.16       6.70 r
  U984/Y (OAI21X1M)                                       0.15       6.85 f
  U1645/Y (INVXLM)                                        0.16       7.01 r
  U1014/Y (OAI21XLM)                                      0.13       7.14 f
  U1962/Y (OAI21X1M)                                      0.12       7.26 r
  U1162/Y (INVXLM)                                        0.09       7.35 f
  U1161/Y (OAI21X1M)                                      0.16       7.50 r
  U1143/Y (AOI21XLM)                                      0.15       7.66 f
  U974/Y (OAI21X1M)                                       0.18       7.84 r
  U1197/Y (NAND2X2M)                                      0.17       8.01 f
  U1298/Y (OAI21XLM)                                      0.20       8.21 r
  ALU_u_ALU_OUT_reg_1_/D (SDFFRQX1M)                      0.00       8.21 r
  data arrival time                                                  8.21

  clock Gated_clk (rise edge)                            10.00      10.00
  clock network delay (ideal)                             0.00      10.00
  clock uncertainty                                      -0.20       9.80
  ALU_u_ALU_OUT_reg_1_/CK (SDFFRQX1M)                     0.00       9.80 r
  library setup time                                     -0.31       9.49
  data required time                                                 9.49
  --------------------------------------------------------------------------
  data required time                                                 9.49
  data arrival time                                                 -8.21
  --------------------------------------------------------------------------
  slack (MET)                                                        1.28


  Startpoint: Regfile_u_reg_file_reg_1__7_
              (rising edge-triggered flip-flop clocked by Ref_clk)
  Endpoint: ALU_u_ALU_OUT_reg_2_
            (rising edge-triggered flip-flop clocked by Gated_clk)
  Path Group: Gated_clk
  Path Type: max

  Point                                                   Incr       Path
  --------------------------------------------------------------------------
  clock Ref_clk (rise edge)                               0.00       0.00
  clock network delay (ideal)                             0.00       0.00
  Regfile_u_reg_file_reg_1__7_/CK (SDFFRQX1M)             0.00       0.00 r
  Regfile_u_reg_file_reg_1__7_/Q (SDFFRQX1M)              0.55       0.55 f
  U1732/Y (OR2X2M)                                        0.20       0.75 f
  U1733/Y (NOR2XLM)                                       0.19       0.94 r
  U1099/Y (NAND2XLM)                                      0.14       1.08 f
  U1129/Y (NOR2XLM)                                       0.18       1.26 r
  U1098/Y (NAND2XLM)                                      0.16       1.42 f
  U995/Y (NOR2X1M)                                        0.15       1.57 r
  U1736/Y (OR2X1M)                                        0.16       1.74 r
  U1738/Y (NAND2X1M)                                      0.07       1.81 f
  U994/Y (NAND2X1M)                                       0.10       1.91 r
  U1742/Y (OA21X2M)                                       0.17       2.07 r
  U1126/Y (NAND2XLM)                                      0.08       2.15 f
  U1124/Y (NAND2XLM)                                      0.09       2.25 r
  U1633/Y (OAI21XLM)                                      0.13       2.37 f
  U961/Y (OAI2BB1X2M)                                     0.19       2.57 f
  U958/Y (OAI21X1M)                                       0.10       2.67 r
  U992/Y (OAI2BB1X1M)                                     0.19       2.86 r
  U1775/Y (OAI21X2M)                                      0.08       2.94 f
  U989/Y (OAI21X1M)                                       0.07       3.01 r
  U1118/Y (OAI21X1M)                                      0.13       3.14 f
  U1780/Y (OAI22X1M)                                      0.15       3.29 r
  U1782/Y (AOI21XLM)                                      0.14       3.43 f
  U1785/Y (OA21X2M)                                       0.36       3.79 f
  U1894/Y (NAND2X1M)                                      0.08       3.87 r
  U1895/Y (NAND2X1M)                                      0.09       3.96 f
  U1896/Y (OAI21X2M)                                      0.10       4.06 r
  U1005/Y (OAI2BB1X2M)                                    0.17       4.22 r
  U1004/Y (OAI21X2M)                                      0.08       4.30 f
  U956/Y (OAI2BB1X2M)                                     0.17       4.47 f
  U1125/Y (OAI21XLM)                                      0.13       4.59 r
  U1900/Y (OAI22X1M)                                      0.17       4.76 f
  U1901/Y (OAI2BB1X2M)                                    0.19       4.95 f
  U1902/Y (OAI21X2M)                                      0.10       5.05 r
  U1058/Y (OAI2BB1XLM)                                    0.19       5.24 r
  U1057/Y (OAI21XLM)                                      0.13       5.36 f
  U1064/Y (OAI21XLM)                                      0.20       5.56 r
  U1063/Y (OAI21XLM)                                      0.15       5.71 f
  U986/Y (AO22XLM)                                        0.33       6.04 f
  U1344/Y (OAI21XLM)                                      0.11       6.15 r
  U985/Y (OAI21X1M)                                       0.14       6.29 f
  U1951/Y (OAI2BB2X1M)                                    0.26       6.54 f
  U1136/Y (NOR2XLM)                                       0.16       6.70 r
  U984/Y (OAI21X1M)                                       0.15       6.85 f
  U1645/Y (INVXLM)                                        0.16       7.01 r
  U1293/Y (OAI211XLM)                                     0.15       7.16 f
  ALU_u_ALU_OUT_reg_2_/D (SDFFRQX1M)                      0.00       7.16 f
  data arrival time                                                  7.16

  clock Gated_clk (rise edge)                            10.00      10.00
  clock network delay (ideal)                             0.00      10.00
  clock uncertainty                                      -0.20       9.80
  ALU_u_ALU_OUT_reg_2_/CK (SDFFRQX1M)                     0.00       9.80 r
  library setup time                                     -0.43       9.37
  data required time                                                 9.37
  --------------------------------------------------------------------------
  data required time                                                 9.37
  data arrival time                                                 -7.16
  --------------------------------------------------------------------------
  slack (MET)                                                        2.21


  Startpoint: Regfile_u_reg_file_reg_1__0_
              (rising edge-triggered flip-flop clocked by Ref_clk)
  Endpoint: ALU_u_ALU_OUT_reg_14_
            (rising edge-triggered flip-flop clocked by Gated_clk)
  Path Group: Gated_clk
  Path Type: max

  Point                                                   Incr       Path
  --------------------------------------------------------------------------
  clock Ref_clk (rise edge)                               0.00       0.00
  clock network delay (ideal)                             0.00       0.00
  Regfile_u_reg_file_reg_1__0_/CK (SDFFRQX1M)             0.00       0.00 r
  Regfile_u_reg_file_reg_1__0_/Q (SDFFRQX1M)              0.66       0.66 r
  U1104/Y (NAND2XLM)                                      0.25       0.91 f
  U1346/Y (NOR3XLM)                                       0.42       1.33 r
  U1130/Y (AOI21XLM)                                      0.13       1.46 f
  intadd_6_U4/S (ADDFXLM)                                 0.47       1.93 r
  intadd_7_U2/CO (ADDFXLM)                                0.50       2.43 r
  U982/Y (INVXLM)                                         0.09       2.52 f
  U1362/Y (OAI22XLM)                                      0.28       2.81 r
  intadd_6_U2/CO (ADDFXLM)                                0.55       3.35 r
  U981/Y (INVXLM)                                         0.09       3.44 f
  U1361/Y (OAI21XLM)                                      0.24       3.68 r
  intadd_1_U3/CO (ADDFXLM)                                0.53       4.21 r
  intadd_1_U2/CO (ADDFXLM)                                0.28       4.49 r
  U1823/Y (INVXLM)                                        0.09       4.58 f
  U1055/Y (OAI21XLM)                                      0.24       4.82 r
  intadd_0_U2/CO (ADDFXLM)                                0.54       5.35 r
  U1812/Y (INVXLM)                                        0.09       5.44 f
  U1019/Y (OAI21XLM)                                      0.24       5.68 r
  intadd_2_U2/CO (ADDFXLM)                                0.52       6.20 r
  U1228/Y (NOR2XLM)                                       0.09       6.29 f
  U1313/Y (XOR2XLM)                                       0.14       6.43 f
  U1312/Y (AOI21XLM)                                      0.15       6.58 r
  U1311/Y (OAI21XLM)                                      0.11       6.69 f
  ALU_u_ALU_OUT_reg_14_/D (SDFFRQX1M)                     0.00       6.69 f
  data arrival time                                                  6.69

  clock Gated_clk (rise edge)                            10.00      10.00
  clock network delay (ideal)                             0.00      10.00
  clock uncertainty                                      -0.20       9.80
  ALU_u_ALU_OUT_reg_14_/CK (SDFFRQX1M)                    0.00       9.80 r
  library setup time                                     -0.42       9.38
  data required time                                                 9.38
  --------------------------------------------------------------------------
  data required time                                                 9.38
  data arrival time                                                 -6.69
  --------------------------------------------------------------------------
  slack (MET)                                                        2.69


  Startpoint: Regfile_u_reg_file_reg_1__0_
              (rising edge-triggered flip-flop clocked by Ref_clk)
  Endpoint: ALU_u_ALU_OUT_reg_15_
            (rising edge-triggered flip-flop clocked by Gated_clk)
  Path Group: Gated_clk
  Path Type: max

  Point                                                   Incr       Path
  --------------------------------------------------------------------------
  clock Ref_clk (rise edge)                               0.00       0.00
  clock network delay (ideal)                             0.00       0.00
  Regfile_u_reg_file_reg_1__0_/CK (SDFFRQX1M)             0.00       0.00 r
  Regfile_u_reg_file_reg_1__0_/Q (SDFFRQX1M)              0.66       0.66 r
  U1104/Y (NAND2XLM)                                      0.25       0.91 f
  U1346/Y (NOR3XLM)                                       0.42       1.33 r
  U1130/Y (AOI21XLM)                                      0.13       1.46 f
  intadd_6_U4/S (ADDFXLM)                                 0.47       1.93 r
  intadd_7_U2/CO (ADDFXLM)                                0.50       2.43 r
  U982/Y (INVXLM)                                         0.09       2.52 f
  U1362/Y (OAI22XLM)                                      0.28       2.81 r
  intadd_6_U2/CO (ADDFXLM)                                0.55       3.35 r
  U981/Y (INVXLM)                                         0.09       3.44 f
  U1361/Y (OAI21XLM)                                      0.24       3.68 r
  intadd_1_U3/CO (ADDFXLM)                                0.53       4.21 r
  intadd_1_U2/CO (ADDFXLM)                                0.28       4.49 r
  U1823/Y (INVXLM)                                        0.09       4.58 f
  U1055/Y (OAI21XLM)                                      0.24       4.82 r
  intadd_0_U2/CO (ADDFXLM)                                0.54       5.35 r
  U1812/Y (INVXLM)                                        0.09       5.44 f
  U1019/Y (OAI21XLM)                                      0.24       5.68 r
  intadd_2_U2/CO (ADDFXLM)                                0.52       6.20 r
  U1228/Y (NOR2XLM)                                       0.09       6.29 f
  U1310/Y (OAI31XLM)                                      0.26       6.55 r
  ALU_u_ALU_OUT_reg_15_/D (SDFFRQX1M)                     0.00       6.55 r
  data arrival time                                                  6.55

  clock Gated_clk (rise edge)                            10.00      10.00
  clock network delay (ideal)                             0.00      10.00
  clock uncertainty                                      -0.20       9.80
  ALU_u_ALU_OUT_reg_15_/CK (SDFFRQX1M)                    0.00       9.80 r
  library setup time                                     -0.34       9.46
  data required time                                                 9.46
  --------------------------------------------------------------------------
  data required time                                                 9.46
  data arrival time                                                 -6.55
  --------------------------------------------------------------------------
  slack (MET)                                                        2.91


  Startpoint: Regfile_u_reg_file_reg_1__0_
              (rising edge-triggered flip-flop clocked by Ref_clk)
  Endpoint: ALU_u_ALU_OUT_reg_13_
            (rising edge-triggered flip-flop clocked by Gated_clk)
  Path Group: Gated_clk
  Path Type: max

  Point                                                   Incr       Path
  --------------------------------------------------------------------------
  clock Ref_clk (rise edge)                               0.00       0.00
  clock network delay (ideal)                             0.00       0.00
  Regfile_u_reg_file_reg_1__0_/CK (SDFFRQX1M)             0.00       0.00 r
  Regfile_u_reg_file_reg_1__0_/Q (SDFFRQX1M)              0.66       0.66 r
  U1104/Y (NAND2XLM)                                      0.25       0.91 f
  U1346/Y (NOR3XLM)                                       0.42       1.33 r
  U1130/Y (AOI21XLM)                                      0.13       1.46 f
  intadd_6_U4/S (ADDFXLM)                                 0.47       1.93 r
  intadd_7_U2/CO (ADDFXLM)                                0.50       2.43 r
  U982/Y (INVXLM)                                         0.09       2.52 f
  U1362/Y (OAI22XLM)                                      0.28       2.81 r
  intadd_6_U2/CO (ADDFXLM)                                0.55       3.35 r
  U981/Y (INVXLM)                                         0.09       3.44 f
  U1361/Y (OAI21XLM)                                      0.24       3.68 r
  intadd_1_U3/CO (ADDFXLM)                                0.53       4.21 r
  intadd_1_U2/CO (ADDFXLM)                                0.28       4.49 r
  U1823/Y (INVXLM)                                        0.09       4.58 f
  U1055/Y (OAI21XLM)                                      0.24       4.82 r
  intadd_0_U2/CO (ADDFXLM)                                0.54       5.35 r
  U1812/Y (INVXLM)                                        0.09       5.44 f
  U1019/Y (OAI21XLM)                                      0.24       5.68 r
  intadd_2_U2/S (ADDFXLM)                                 0.49       6.17 f
  U1416/Y (OAI2BB1XLM)                                    0.19       6.36 f
  ALU_u_ALU_OUT_reg_13_/D (SDFFRQX1M)                     0.00       6.36 f
  data arrival time                                                  6.36

  clock Gated_clk (rise edge)                            10.00      10.00
  clock network delay (ideal)                             0.00      10.00
  clock uncertainty                                      -0.20       9.80
  ALU_u_ALU_OUT_reg_13_/CK (SDFFRQX1M)                    0.00       9.80 r
  library setup time                                     -0.42       9.38
  data required time                                                 9.38
  --------------------------------------------------------------------------
  data required time                                                 9.38
  data arrival time                                                 -6.36
  --------------------------------------------------------------------------
  slack (MET)                                                        3.02


  Startpoint: Regfile_u_reg_file_reg_1__0_
              (rising edge-triggered flip-flop clocked by Ref_clk)
  Endpoint: ALU_u_ALU_OUT_reg_12_
            (rising edge-triggered flip-flop clocked by Gated_clk)
  Path Group: Gated_clk
  Path Type: max

  Point                                                   Incr       Path
  --------------------------------------------------------------------------
  clock Ref_clk (rise edge)                               0.00       0.00
  clock network delay (ideal)                             0.00       0.00
  Regfile_u_reg_file_reg_1__0_/CK (SDFFRQX1M)             0.00       0.00 r
  Regfile_u_reg_file_reg_1__0_/Q (SDFFRQX1M)              0.66       0.66 r
  U1104/Y (NAND2XLM)                                      0.25       0.91 f
  U1346/Y (NOR3XLM)                                       0.42       1.33 r
  U1130/Y (AOI21XLM)                                      0.13       1.46 f
  intadd_6_U4/S (ADDFXLM)                                 0.47       1.93 r
  intadd_7_U2/CO (ADDFXLM)                                0.50       2.43 r
  U982/Y (INVXLM)                                         0.09       2.52 f
  U1362/Y (OAI22XLM)                                      0.28       2.81 r
  intadd_6_U2/CO (ADDFXLM)                                0.55       3.35 r
  U981/Y (INVXLM)                                         0.09       3.44 f
  U1361/Y (OAI21XLM)                                      0.24       3.68 r
  intadd_1_U3/CO (ADDFXLM)                                0.53       4.21 r
  intadd_1_U2/CO (ADDFXLM)                                0.28       4.49 r
  U1823/Y (INVXLM)                                        0.09       4.58 f
  U1055/Y (OAI21XLM)                                      0.24       4.82 r
  intadd_0_U2/CO (ADDFXLM)                                0.54       5.35 r
  U1812/Y (INVXLM)                                        0.09       5.44 f
  U1316/Y (AOI22XLM)                                      0.22       5.66 r
  U1315/Y (XNOR2XLM)                                      0.27       5.93 r
  U1314/Y (OAI211XLM)                                     0.18       6.11 f
  ALU_u_ALU_OUT_reg_12_/D (SDFFRQX1M)                     0.00       6.11 f
  data arrival time                                                  6.11

  clock Gated_clk (rise edge)                            10.00      10.00
  clock network delay (ideal)                             0.00      10.00
  clock uncertainty                                      -0.20       9.80
  ALU_u_ALU_OUT_reg_12_/CK (SDFFRQX1M)                    0.00       9.80 r
  library setup time                                     -0.43       9.37
  data required time                                                 9.37
  --------------------------------------------------------------------------
  data required time                                                 9.37
  data arrival time                                                 -6.11
  --------------------------------------------------------------------------
  slack (MET)                                                        3.26


  Startpoint: Rx2SysCtrl_en_pulse_reg
              (rising edge-triggered flip-flop clocked by Ref_clk)
  Endpoint: ALU_u_ALU_OUT_reg_11_
            (rising edge-triggered flip-flop clocked by Gated_clk)
  Path Group: Gated_clk
  Path Type: max

  Point                                                   Incr       Path
  --------------------------------------------------------------------------
  clock Ref_clk (rise edge)                               0.00       0.00
  clock network delay (ideal)                             0.00       0.00
  Rx2SysCtrl_en_pulse_reg/CK (SDFFRQX2M)                  0.00       0.00 r
  Rx2SysCtrl_en_pulse_reg/Q (SDFFRQX2M)                   0.93       0.93 r
  U2338/Y (INVXLM)                                        0.21       1.14 f
  U1165/Y (NOR2BXLM)                                      0.38       1.52 r
  U1734/Y (INVXLM)                                        0.36       1.89 f
  U1373/Y (NOR2XLM)                                       0.24       2.12 r
  U1200/Y (INVXLM)                                        0.09       2.22 f
  U1150/Y (NAND2XLM)                                      0.11       2.32 r
  U960/Y (NOR2XLM)                                        0.24       2.56 f
  U2036/Y (XOR2XLM)                                       0.23       2.79 f
  DP_OP_196J1_124_5161_U21/CO (ADDFXLM)                   0.39       3.18 f
  DP_OP_196J1_124_5161_U20/CO (ADDFXLM)                   0.34       3.52 f
  DP_OP_196J1_124_5161_U19/CO (ADDFXLM)                   0.34       3.85 f
  DP_OP_196J1_124_5161_U18/CO (ADDFXLM)                   0.34       4.19 f
  DP_OP_196J1_124_5161_U17/CO (ADDFXLM)                   0.34       4.53 f
  DP_OP_196J1_124_5161_U16/CO (ADDFXLM)                   0.34       4.86 f
  DP_OP_196J1_124_5161_U15/CO (ADDFXLM)                   0.34       5.20 f
  DP_OP_196J1_124_5161_U14/CO (ADDFXLM)                   0.33       5.53 f
  U1240/Y (OR2X1M)                                        0.26       5.79 f
  U1831/Y (INVXLM)                                        0.09       5.88 r
  U1233/Y (NOR2XLM)                                       0.09       5.97 f
  U1317/Y (OAI2BB1XLM)                                    0.10       6.07 r
  ALU_u_ALU_OUT_reg_11_/D (SDFFRQX1M)                     0.00       6.07 r
  data arrival time                                                  6.07

  clock Gated_clk (rise edge)                            10.00      10.00
  clock network delay (ideal)                             0.00      10.00
  clock uncertainty                                      -0.20       9.80
  ALU_u_ALU_OUT_reg_11_/CK (SDFFRQX1M)                    0.00       9.80 r
  library setup time                                     -0.29       9.51
  data required time                                                 9.51
  --------------------------------------------------------------------------
  data required time                                                 9.51
  data arrival time                                                 -6.07
  --------------------------------------------------------------------------
  slack (MET)                                                        3.44


  Startpoint: Rx2SysCtrl_en_pulse_reg
              (rising edge-triggered flip-flop clocked by Ref_clk)
  Endpoint: ALU_u_ALU_OUT_reg_9_
            (rising edge-triggered flip-flop clocked by Gated_clk)
  Path Group: Gated_clk
  Path Type: max

  Point                                                   Incr       Path
  --------------------------------------------------------------------------
  clock Ref_clk (rise edge)                               0.00       0.00
  clock network delay (ideal)                             0.00       0.00
  Rx2SysCtrl_en_pulse_reg/CK (SDFFRQX2M)                  0.00       0.00 r
  Rx2SysCtrl_en_pulse_reg/Q (SDFFRQX2M)                   0.93       0.93 r
  U2338/Y (INVXLM)                                        0.21       1.14 f
  U1165/Y (NOR2BXLM)                                      0.38       1.52 r
  U1734/Y (INVXLM)                                        0.36       1.89 f
  U1373/Y (NOR2XLM)                                       0.24       2.12 r
  U1200/Y (INVXLM)                                        0.09       2.22 f
  U1150/Y (NAND2XLM)                                      0.11       2.32 r
  U960/Y (NOR2XLM)                                        0.24       2.56 f
  U2036/Y (XOR2XLM)                                       0.23       2.79 f
  DP_OP_196J1_124_5161_U21/CO (ADDFXLM)                   0.39       3.18 f
  DP_OP_196J1_124_5161_U20/CO (ADDFXLM)                   0.34       3.52 f
  DP_OP_196J1_124_5161_U19/CO (ADDFXLM)                   0.34       3.85 f
  DP_OP_196J1_124_5161_U18/CO (ADDFXLM)                   0.34       4.19 f
  DP_OP_196J1_124_5161_U17/CO (ADDFXLM)                   0.34       4.53 f
  DP_OP_196J1_124_5161_U16/CO (ADDFXLM)                   0.34       4.86 f
  DP_OP_196J1_124_5161_U15/CO (ADDFXLM)                   0.34       5.20 f
  DP_OP_196J1_124_5161_U14/CO (ADDFXLM)                   0.33       5.53 f
  U1240/Y (OR2X1M)                                        0.26       5.79 f
  U1831/Y (INVXLM)                                        0.09       5.88 r
  U1321/Y (NAND2BXLM)                                     0.12       5.99 r
  ALU_u_ALU_OUT_reg_9_/D (SDFFRQX1M)                      0.00       5.99 r
  data arrival time                                                  5.99

  clock Gated_clk (rise edge)                            10.00      10.00
  clock network delay (ideal)                             0.00      10.00
  clock uncertainty                                      -0.20       9.80
  ALU_u_ALU_OUT_reg_9_/CK (SDFFRQX1M)                     0.00       9.80 r
  library setup time                                     -0.29       9.51
  data required time                                                 9.51
  --------------------------------------------------------------------------
  data required time                                                 9.51
  data arrival time                                                 -5.99
  --------------------------------------------------------------------------
  slack (MET)                                                        3.52


  Startpoint: Rx2SysCtrl_en_pulse_reg
              (rising edge-triggered flip-flop clocked by Ref_clk)
  Endpoint: ALU_u_ALU_OUT_reg_8_
            (rising edge-triggered flip-flop clocked by Gated_clk)
  Path Group: Gated_clk
  Path Type: max

  Point                                                   Incr       Path
  --------------------------------------------------------------------------
  clock Ref_clk (rise edge)                               0.00       0.00
  clock network delay (ideal)                             0.00       0.00
  Rx2SysCtrl_en_pulse_reg/CK (SDFFRQX2M)                  0.00       0.00 r
  Rx2SysCtrl_en_pulse_reg/Q (SDFFRQX2M)                   0.93       0.93 r
  U2338/Y (INVXLM)                                        0.21       1.14 f
  U1165/Y (NOR2BXLM)                                      0.38       1.52 r
  U1734/Y (INVXLM)                                        0.36       1.89 f
  U1373/Y (NOR2XLM)                                       0.24       2.12 r
  U1200/Y (INVXLM)                                        0.09       2.22 f
  U1150/Y (NAND2XLM)                                      0.11       2.32 r
  U960/Y (NOR2XLM)                                        0.24       2.56 f
  U2036/Y (XOR2XLM)                                       0.23       2.79 f
  DP_OP_196J1_124_5161_U21/CO (ADDFXLM)                   0.39       3.18 f
  DP_OP_196J1_124_5161_U20/CO (ADDFXLM)                   0.34       3.52 f
  DP_OP_196J1_124_5161_U19/CO (ADDFXLM)                   0.34       3.85 f
  DP_OP_196J1_124_5161_U18/CO (ADDFXLM)                   0.34       4.19 f
  DP_OP_196J1_124_5161_U17/CO (ADDFXLM)                   0.34       4.53 f
  DP_OP_196J1_124_5161_U16/CO (ADDFXLM)                   0.34       4.86 f
  DP_OP_196J1_124_5161_U15/CO (ADDFXLM)                   0.34       5.20 f
  DP_OP_196J1_124_5161_U14/CO (ADDFXLM)                   0.33       5.53 f
  U1264/Y (XNOR2XLM)                                      0.14       5.67 f
  U1262/Y (OAI2BB1XLM)                                    0.18       5.85 f
  ALU_u_ALU_OUT_reg_8_/D (SDFFRQX1M)                      0.00       5.85 f
  data arrival time                                                  5.85

  clock Gated_clk (rise edge)                            10.00      10.00
  clock network delay (ideal)                             0.00      10.00
  clock uncertainty                                      -0.20       9.80
  ALU_u_ALU_OUT_reg_8_/CK (SDFFRQX1M)                     0.00       9.80 r
  library setup time                                     -0.41       9.39
  data required time                                                 9.39
  --------------------------------------------------------------------------
  data required time                                                 9.39
  data arrival time                                                 -5.85
  --------------------------------------------------------------------------
  slack (MET)                                                        3.54


  Startpoint: Rx2SysCtrl_en_pulse_reg
              (rising edge-triggered flip-flop clocked by Ref_clk)
  Endpoint: ALU_u_ALU_OUT_reg_10_
            (rising edge-triggered flip-flop clocked by Gated_clk)
  Path Group: Gated_clk
  Path Type: max

  Point                                                   Incr       Path
  --------------------------------------------------------------------------
  clock Ref_clk (rise edge)                               0.00       0.00
  clock network delay (ideal)                             0.00       0.00
  Rx2SysCtrl_en_pulse_reg/CK (SDFFRQX2M)                  0.00       0.00 r
  Rx2SysCtrl_en_pulse_reg/Q (SDFFRQX2M)                   0.93       0.93 r
  U2338/Y (INVXLM)                                        0.21       1.14 f
  U1165/Y (NOR2BXLM)                                      0.38       1.52 r
  U1734/Y (INVXLM)                                        0.36       1.89 f
  U1373/Y (NOR2XLM)                                       0.24       2.12 r
  U1200/Y (INVXLM)                                        0.09       2.22 f
  U1150/Y (NAND2XLM)                                      0.11       2.32 r
  U960/Y (NOR2XLM)                                        0.24       2.56 f
  U2036/Y (XOR2XLM)                                       0.23       2.79 f
  DP_OP_196J1_124_5161_U21/CO (ADDFXLM)                   0.39       3.18 f
  DP_OP_196J1_124_5161_U20/CO (ADDFXLM)                   0.34       3.52 f
  DP_OP_196J1_124_5161_U19/CO (ADDFXLM)                   0.34       3.85 f
  DP_OP_196J1_124_5161_U18/CO (ADDFXLM)                   0.34       4.19 f
  DP_OP_196J1_124_5161_U17/CO (ADDFXLM)                   0.34       4.53 f
  DP_OP_196J1_124_5161_U16/CO (ADDFXLM)                   0.34       4.86 f
  DP_OP_196J1_124_5161_U15/CO (ADDFXLM)                   0.34       5.20 f
  DP_OP_196J1_124_5161_U14/CO (ADDFXLM)                   0.33       5.53 f
  U1240/Y (OR2X1M)                                        0.26       5.79 f
  U1318/Y (OAI211XLM)                                     0.09       5.88 r
  ALU_u_ALU_OUT_reg_10_/D (SDFFRQX1M)                     0.00       5.88 r
  data arrival time                                                  5.88

  clock Gated_clk (rise edge)                            10.00      10.00
  clock network delay (ideal)                             0.00      10.00
  clock uncertainty                                      -0.20       9.80
  ALU_u_ALU_OUT_reg_10_/CK (SDFFRQX1M)                    0.00       9.80 r
  library setup time                                     -0.32       9.48
  data required time                                                 9.48
  --------------------------------------------------------------------------
  data required time                                                 9.48
  data arrival time                                                 -5.88
  --------------------------------------------------------------------------
  slack (MET)                                                        3.60


  Startpoint: Rx2SysCtrl_en_pulse_reg
              (rising edge-triggered flip-flop clocked by Ref_clk)
  Endpoint: ALU_u_ALU_OUT_reg_7_
            (rising edge-triggered flip-flop clocked by Gated_clk)
  Path Group: Gated_clk
  Path Type: max

  Point                                                   Incr       Path
  --------------------------------------------------------------------------
  clock Ref_clk (rise edge)                               0.00       0.00
  clock network delay (ideal)                             0.00       0.00
  Rx2SysCtrl_en_pulse_reg/CK (SDFFRQX2M)                  0.00       0.00 r
  Rx2SysCtrl_en_pulse_reg/Q (SDFFRQX2M)                   0.93       0.93 r
  U2338/Y (INVXLM)                                        0.21       1.14 f
  U1165/Y (NOR2BXLM)                                      0.38       1.52 r
  U1734/Y (INVXLM)                                        0.36       1.89 f
  U1373/Y (NOR2XLM)                                       0.24       2.12 r
  U1200/Y (INVXLM)                                        0.09       2.22 f
  U1150/Y (NAND2XLM)                                      0.11       2.32 r
  U960/Y (NOR2XLM)                                        0.24       2.56 f
  U2036/Y (XOR2XLM)                                       0.23       2.79 f
  DP_OP_196J1_124_5161_U21/CO (ADDFXLM)                   0.39       3.18 f
  DP_OP_196J1_124_5161_U20/CO (ADDFXLM)                   0.34       3.52 f
  DP_OP_196J1_124_5161_U19/CO (ADDFXLM)                   0.34       3.85 f
  DP_OP_196J1_124_5161_U18/CO (ADDFXLM)                   0.34       4.19 f
  DP_OP_196J1_124_5161_U17/CO (ADDFXLM)                   0.34       4.53 f
  DP_OP_196J1_124_5161_U16/CO (ADDFXLM)                   0.34       4.86 f
  DP_OP_196J1_124_5161_U15/CO (ADDFXLM)                   0.34       5.20 f
  DP_OP_196J1_124_5161_U14/S (ADDFXLM)                    0.18       5.38 f
  U1266/Y (OAI2B11XLM)                                    0.26       5.64 f
  ALU_u_ALU_OUT_reg_7_/D (SDFFRQX1M)                      0.00       5.64 f
  data arrival time                                                  5.64

  clock Gated_clk (rise edge)                            10.00      10.00
  clock network delay (ideal)                             0.00      10.00
  clock uncertainty                                      -0.20       9.80
  ALU_u_ALU_OUT_reg_7_/CK (SDFFRQX1M)                     0.00       9.80 r
  library setup time                                     -0.43       9.37
  data required time                                                 9.37
  --------------------------------------------------------------------------
  data required time                                                 9.37
  data arrival time                                                 -5.64
  --------------------------------------------------------------------------
  slack (MET)                                                        3.73


  Startpoint: Regfile_u_reg_file_reg_1__7_
              (rising edge-triggered flip-flop clocked by Ref_clk)
  Endpoint: ALU_u_ALU_OUT_reg_3_
            (rising edge-triggered flip-flop clocked by Gated_clk)
  Path Group: Gated_clk
  Path Type: max

  Point                                                   Incr       Path
  --------------------------------------------------------------------------
  clock Ref_clk (rise edge)                               0.00       0.00
  clock network delay (ideal)                             0.00       0.00
  Regfile_u_reg_file_reg_1__7_/CK (SDFFRQX1M)             0.00       0.00 r
  Regfile_u_reg_file_reg_1__7_/Q (SDFFRQX1M)              0.55       0.55 f
  U1732/Y (OR2X2M)                                        0.20       0.75 f
  U1733/Y (NOR2XLM)                                       0.19       0.94 r
  U1099/Y (NAND2XLM)                                      0.14       1.08 f
  U1129/Y (NOR2XLM)                                       0.18       1.26 r
  U1098/Y (NAND2XLM)                                      0.16       1.42 f
  U995/Y (NOR2X1M)                                        0.15       1.57 r
  U1736/Y (OR2X1M)                                        0.16       1.74 r
  U1738/Y (NAND2X1M)                                      0.07       1.81 f
  U994/Y (NAND2X1M)                                       0.10       1.91 r
  U1742/Y (OA21X2M)                                       0.17       2.07 r
  U1126/Y (NAND2XLM)                                      0.08       2.15 f
  U1124/Y (NAND2XLM)                                      0.09       2.25 r
  U1633/Y (OAI21XLM)                                      0.13       2.37 f
  U961/Y (OAI2BB1X2M)                                     0.19       2.57 f
  U958/Y (OAI21X1M)                                       0.10       2.67 r
  U992/Y (OAI2BB1X1M)                                     0.19       2.86 r
  U1775/Y (OAI21X2M)                                      0.08       2.94 f
  U989/Y (OAI21X1M)                                       0.07       3.01 r
  U1118/Y (OAI21X1M)                                      0.13       3.14 f
  U1780/Y (OAI22X1M)                                      0.15       3.29 r
  U1782/Y (AOI21XLM)                                      0.14       3.43 f
  U1785/Y (OA21X2M)                                       0.36       3.79 f
  U1641/Y (INVXLM)                                        0.14       3.93 r
  U1896/Y (OAI21X2M)                                      0.10       4.03 f
  U1005/Y (OAI2BB1X2M)                                    0.19       4.22 f
  U1004/Y (OAI21X2M)                                      0.08       4.30 r
  U956/Y (OAI2BB1X2M)                                     0.16       4.45 r
  U1125/Y (OAI21XLM)                                      0.14       4.59 f
  U1900/Y (OAI22X1M)                                      0.19       4.79 r
  U1901/Y (OAI2BB1X2M)                                    0.19       4.97 r
  U1902/Y (OAI21X2M)                                      0.10       5.07 f
  U1644/Y (INVXLM)                                        0.11       5.18 r
  U1286/Y (OAI211XLM)                                     0.14       5.32 f
  ALU_u_ALU_OUT_reg_3_/D (SDFFRQX1M)                      0.00       5.32 f
  data arrival time                                                  5.32

  clock Gated_clk (rise edge)                            10.00      10.00
  clock network delay (ideal)                             0.00      10.00
  clock uncertainty                                      -0.20       9.80
  ALU_u_ALU_OUT_reg_3_/CK (SDFFRQX1M)                     0.00       9.80 r
  library setup time                                     -0.43       9.37
  data required time                                                 9.37
  --------------------------------------------------------------------------
  data required time                                                 9.37
  data arrival time                                                 -5.32
  --------------------------------------------------------------------------
  slack (MET)                                                        4.05


  Startpoint: Rx2SysCtrl_en_pulse_reg
              (rising edge-triggered flip-flop clocked by Ref_clk)
  Endpoint: ALU_u_ALU_OUT_reg_6_
            (rising edge-triggered flip-flop clocked by Gated_clk)
  Path Group: Gated_clk
  Path Type: max

  Point                                                   Incr       Path
  --------------------------------------------------------------------------
  clock Ref_clk (rise edge)                               0.00       0.00
  clock network delay (ideal)                             0.00       0.00
  Rx2SysCtrl_en_pulse_reg/CK (SDFFRQX2M)                  0.00       0.00 r
  Rx2SysCtrl_en_pulse_reg/Q (SDFFRQX2M)                   0.93       0.93 r
  U2338/Y (INVXLM)                                        0.21       1.14 f
  U1165/Y (NOR2BXLM)                                      0.38       1.52 r
  U1734/Y (INVXLM)                                        0.36       1.89 f
  U1373/Y (NOR2XLM)                                       0.24       2.12 r
  U1200/Y (INVXLM)                                        0.09       2.22 f
  U1150/Y (NAND2XLM)                                      0.11       2.32 r
  U960/Y (NOR2XLM)                                        0.24       2.56 f
  U2036/Y (XOR2XLM)                                       0.23       2.79 f
  DP_OP_196J1_124_5161_U21/CO (ADDFXLM)                   0.39       3.18 f
  DP_OP_196J1_124_5161_U20/CO (ADDFXLM)                   0.34       3.52 f
  DP_OP_196J1_124_5161_U19/CO (ADDFXLM)                   0.34       3.85 f
  DP_OP_196J1_124_5161_U18/CO (ADDFXLM)                   0.34       4.19 f
  DP_OP_196J1_124_5161_U17/CO (ADDFXLM)                   0.34       4.53 f
  DP_OP_196J1_124_5161_U16/CO (ADDFXLM)                   0.34       4.86 f
  DP_OP_196J1_124_5161_U15/S (ADDFXLM)                    0.18       5.04 f
  U1269/Y (OAI2BB1XLM)                                    0.19       5.23 f
  ALU_u_ALU_OUT_reg_6_/D (SDFFRQX1M)                      0.00       5.23 f
  data arrival time                                                  5.23

  clock Gated_clk (rise edge)                            10.00      10.00
  clock network delay (ideal)                             0.00      10.00
  clock uncertainty                                      -0.20       9.80
  ALU_u_ALU_OUT_reg_6_/CK (SDFFRQX1M)                     0.00       9.80 r
  library setup time                                     -0.41       9.39
  data required time                                                 9.39
  --------------------------------------------------------------------------
  data required time                                                 9.39
  data arrival time                                                 -5.23
  --------------------------------------------------------------------------
  slack (MET)                                                        4.16


  Startpoint: Rx2SysCtrl_en_pulse_reg
              (rising edge-triggered flip-flop clocked by Ref_clk)
  Endpoint: ALU_u_ALU_OUT_reg_5_
            (rising edge-triggered flip-flop clocked by Gated_clk)
  Path Group: Gated_clk
  Path Type: max

  Point                                                   Incr       Path
  --------------------------------------------------------------------------
  clock Ref_clk (rise edge)                               0.00       0.00
  clock network delay (ideal)                             0.00       0.00
  Rx2SysCtrl_en_pulse_reg/CK (SDFFRQX2M)                  0.00       0.00 r
  Rx2SysCtrl_en_pulse_reg/Q (SDFFRQX2M)                   0.93       0.93 r
  U2338/Y (INVXLM)                                        0.21       1.14 f
  U1165/Y (NOR2BXLM)                                      0.38       1.52 r
  U1734/Y (INVXLM)                                        0.36       1.89 f
  U1373/Y (NOR2XLM)                                       0.24       2.12 r
  U1200/Y (INVXLM)                                        0.09       2.22 f
  U1150/Y (NAND2XLM)                                      0.11       2.32 r
  U960/Y (NOR2XLM)                                        0.24       2.56 f
  U2036/Y (XOR2XLM)                                       0.23       2.79 f
  DP_OP_196J1_124_5161_U21/CO (ADDFXLM)                   0.39       3.18 f
  DP_OP_196J1_124_5161_U20/CO (ADDFXLM)                   0.34       3.52 f
  DP_OP_196J1_124_5161_U19/CO (ADDFXLM)                   0.34       3.85 f
  DP_OP_196J1_124_5161_U18/CO (ADDFXLM)                   0.34       4.19 f
  DP_OP_196J1_124_5161_U17/CO (ADDFXLM)                   0.34       4.53 f
  DP_OP_196J1_124_5161_U16/S (ADDFXLM)                    0.18       4.71 f
  U1277/Y (NAND2XLM)                                      0.09       4.80 r
  U1275/Y (NAND3XLM)                                      0.12       4.92 f
  ALU_u_ALU_OUT_reg_5_/D (SDFFRQX1M)                      0.00       4.92 f
  data arrival time                                                  4.92

  clock Gated_clk (rise edge)                            10.00      10.00
  clock network delay (ideal)                             0.00      10.00
  clock uncertainty                                      -0.20       9.80
  ALU_u_ALU_OUT_reg_5_/CK (SDFFRQX1M)                     0.00       9.80 r
  library setup time                                     -0.43       9.37
  data required time                                                 9.37
  --------------------------------------------------------------------------
  data required time                                                 9.37
  data arrival time                                                 -4.92
  --------------------------------------------------------------------------
  slack (MET)                                                        4.45


  Startpoint: Rx2SysCtrl_en_pulse_reg
              (rising edge-triggered flip-flop clocked by Ref_clk)
  Endpoint: ALU_u_ALU_OUT_reg_4_
            (rising edge-triggered flip-flop clocked by Gated_clk)
  Path Group: Gated_clk
  Path Type: max

  Point                                                   Incr       Path
  --------------------------------------------------------------------------
  clock Ref_clk (rise edge)                               0.00       0.00
  clock network delay (ideal)                             0.00       0.00
  Rx2SysCtrl_en_pulse_reg/CK (SDFFRQX2M)                  0.00       0.00 r
  Rx2SysCtrl_en_pulse_reg/Q (SDFFRQX2M)                   0.93       0.93 r
  U2338/Y (INVXLM)                                        0.21       1.14 f
  U1165/Y (NOR2BXLM)                                      0.38       1.52 r
  U1734/Y (INVXLM)                                        0.36       1.89 f
  U1373/Y (NOR2XLM)                                       0.24       2.12 r
  U1200/Y (INVXLM)                                        0.09       2.22 f
  U1150/Y (NAND2XLM)                                      0.11       2.32 r
  U960/Y (NOR2XLM)                                        0.24       2.56 f
  U2036/Y (XOR2XLM)                                       0.23       2.79 f
  DP_OP_196J1_124_5161_U21/CO (ADDFXLM)                   0.39       3.18 f
  DP_OP_196J1_124_5161_U20/CO (ADDFXLM)                   0.34       3.52 f
  DP_OP_196J1_124_5161_U19/CO (ADDFXLM)                   0.34       3.85 f
  DP_OP_196J1_124_5161_U18/CO (ADDFXLM)                   0.34       4.19 f
  DP_OP_196J1_124_5161_U17/S (ADDFXLM)                    0.18       4.37 f
  U1280/Y (OAI2BB1XLM)                                    0.19       4.55 f
  ALU_u_ALU_OUT_reg_4_/D (SDFFRQX1M)                      0.00       4.55 f
  data arrival time                                                  4.55

  clock Gated_clk (rise edge)                            10.00      10.00
  clock network delay (ideal)                             0.00      10.00
  clock uncertainty                                      -0.20       9.80
  ALU_u_ALU_OUT_reg_4_/CK (SDFFRQX1M)                     0.00       9.80 r
  library setup time                                     -0.42       9.38
  data required time                                                 9.38
  --------------------------------------------------------------------------
  data required time                                                 9.38
  data arrival time                                                 -4.55
  --------------------------------------------------------------------------
  slack (MET)                                                        4.83


  Startpoint: Rx2SysCtrl_en_pulse_reg
              (rising edge-triggered flip-flop clocked by Ref_clk)
  Endpoint: ALU_u_OUT_VALID_reg
            (rising edge-triggered flip-flop clocked by Gated_clk)
  Path Group: Gated_clk
  Path Type: max

  Point                                                   Incr       Path
  --------------------------------------------------------------------------
  clock Ref_clk (rise edge)                               0.00       0.00
  clock network delay (ideal)                             0.00       0.00
  Rx2SysCtrl_en_pulse_reg/CK (SDFFRQX2M)                  0.00       0.00 r
  Rx2SysCtrl_en_pulse_reg/Q (SDFFRQX2M)                   0.93       0.93 r
  U2338/Y (INVXLM)                                        0.21       1.14 f
  U1323/Y (NOR2XLM)                                       0.24       1.38 r
  ALU_u_OUT_VALID_reg/D (SDFFRQX1M)                       0.00       1.38 r
  data arrival time                                                  1.38

  clock Gated_clk (rise edge)                            10.00      10.00
  clock network delay (ideal)                             0.00      10.00
  clock uncertainty                                      -0.20       9.80
  ALU_u_OUT_VALID_reg/CK (SDFFRQX1M)                      0.00       9.80 r
  library setup time                                     -0.32       9.48
  data required time                                                 9.48
  --------------------------------------------------------------------------
  data required time                                                 9.48
  data arrival time                                                 -1.38
  --------------------------------------------------------------------------
  slack (MET)                                                        8.10


  Startpoint: Rx2SysCtrl_en_pulse_reg
              (rising edge-triggered flip-flop clocked by Ref_clk)
  Endpoint: ALU_CG/Latch_Out_reg
            (negative level-sensitive latch clocked by Ref_clk)
  Path Group: Ref_clk
  Path Type: max

  Point                                                   Incr       Path
  --------------------------------------------------------------------------
  clock Ref_clk (rise edge)                               0.00       0.00
  clock network delay (ideal)                             0.00       0.00
  Rx2SysCtrl_en_pulse_reg/CK (SDFFRQX2M)                  0.00       0.00 r
  Rx2SysCtrl_en_pulse_reg/Q (SDFFRQX2M)                   0.93       0.93 r
  U2338/Y (INVXLM)                                        0.21       1.14 f
  U1323/Y (NOR2XLM)                                       0.24       1.38 r
  U1419/Y (INVXLM)                                        0.10       1.48 f
  U1405/Y (NAND2XLM)                                      0.10       1.58 r
  ALU_CG/CLK_EN (CLK_GATE)                                0.00       1.58 r
  ALU_CG/Latch_Out_reg/D (TLATNX1M)                       0.00       1.58 r
  data arrival time                                                  1.58

  clock Ref_clk (fall edge)                               5.00       5.00
  clock network delay (ideal)                             0.00       5.00
  clock uncertainty                                      -0.20       4.80
  ALU_CG/Latch_Out_reg/GN (TLATNX1M)                      0.00       4.80 f
  time borrowed from endpoint                             0.00       4.80
  data required time                                                 4.80
  --------------------------------------------------------------------------
  data required time                                                 4.80
  data arrival time                                                 -1.58
  --------------------------------------------------------------------------
  slack (MET)                                                        3.22

  Time Borrowing Information
  --------------------------------------------------------------
  Ref_clk nominal pulse width                             5.00   
  library setup time                                     -0.08   
  --------------------------------------------------------------
  max time borrow                                         4.92   
  actual time borrow                                      0.00   
  --------------------------------------------------------------


  Startpoint: sys_ctrl_u_current_state_reg_3_
              (rising edge-triggered flip-flop clocked by Ref_clk)
  Endpoint: FIFO_u_U4_full_reg
            (rising edge-triggered flip-flop clocked by Ref_clk)
  Path Group: Ref_clk
  Path Type: max

  Point                                                   Incr       Path
  --------------------------------------------------------------------------
  clock Ref_clk (rise edge)                               0.00       0.00
  clock network delay (ideal)                             0.00       0.00
  sys_ctrl_u_current_state_reg_3_/CK (SDFFRQX1M)          0.00       0.00 r
  sys_ctrl_u_current_state_reg_3_/Q (SDFFRQX1M)           0.48       0.48 f
  U1423/Y (NOR2XLM)                                       0.35       0.83 r
  U1181/Y (NAND2XLM)                                      0.14       0.97 f
  U1836/Y (INVXLM)                                        0.12       1.09 r
  U963/Y (NAND2XLM)                                       0.26       1.35 f
  U962/Y (NOR2XLM)                                        0.55       1.91 r
  U1223/Y (OR3X1M)                                        0.25       2.16 r
  U1460/Y (NAND2XLM)                                      0.18       2.33 f
  U1221/Y (NOR2XLM)                                       0.25       2.58 r
  U1784/Y (NOR2BXLM)                                      0.88       3.46 r
  U1731/Y (AOI21XLM)                                      0.27       3.72 f
  U988/Y (AO2B2XLM)                                       0.41       4.13 f
  U1225/Y (OAI22XLM)                                      0.25       4.38 r
  U2013/Y (AOI221XLM)                                     0.11       4.49 f
  U987/Y (AND2X1M)                                        0.22       4.71 f
  FIFO_u_U4_full_reg/D (SDFFRQX1M)                        0.00       4.71 f
  data arrival time                                                  4.71

  clock Ref_clk (rise edge)                              10.00      10.00
  clock network delay (ideal)                             0.00      10.00
  clock uncertainty                                      -0.20       9.80
  FIFO_u_U4_full_reg/CK (SDFFRQX1M)                       0.00       9.80 r
  library setup time                                     -0.40       9.40
  data required time                                                 9.40
  --------------------------------------------------------------------------
  data required time                                                 9.40
  data arrival time                                                 -4.71
  --------------------------------------------------------------------------
  slack (MET)                                                        4.69


  Startpoint: sys_ctrl_u_current_state_reg_3_
              (rising edge-triggered flip-flop clocked by Ref_clk)
  Endpoint: FIFO_u_U4_WR_PTR_GRAY_reg_2_
            (rising edge-triggered flip-flop clocked by Ref_clk)
  Path Group: Ref_clk
  Path Type: max

  Point                                                   Incr       Path
  --------------------------------------------------------------------------
  clock Ref_clk (rise edge)                               0.00       0.00
  clock network delay (ideal)                             0.00       0.00
  sys_ctrl_u_current_state_reg_3_/CK (SDFFRQX1M)          0.00       0.00 r
  sys_ctrl_u_current_state_reg_3_/Q (SDFFRQX1M)           0.48       0.48 f
  U1423/Y (NOR2XLM)                                       0.35       0.83 r
  U1181/Y (NAND2XLM)                                      0.14       0.97 f
  U1836/Y (INVXLM)                                        0.12       1.09 r
  U963/Y (NAND2XLM)                                       0.26       1.35 f
  U962/Y (NOR2XLM)                                        0.55       1.91 r
  U1223/Y (OR3X1M)                                        0.25       2.16 r
  U1460/Y (NAND2XLM)                                      0.18       2.33 f
  U1221/Y (NOR2XLM)                                       0.25       2.58 r
  U1784/Y (NOR2BXLM)                                      0.88       3.46 r
  U1731/Y (AOI21XLM)                                      0.27       3.72 f
  U988/Y (AO2B2XLM)                                       0.41       4.13 f
  FIFO_u_U4_WR_PTR_GRAY_reg_2_/D (SDFFRQX1M)              0.00       4.13 f
  data arrival time                                                  4.13

  clock Ref_clk (rise edge)                              10.00      10.00
  clock network delay (ideal)                             0.00      10.00
  clock uncertainty                                      -0.20       9.80
  FIFO_u_U4_WR_PTR_GRAY_reg_2_/CK (SDFFRQX1M)             0.00       9.80 r
  library setup time                                     -0.42       9.38
  data required time                                                 9.38
  --------------------------------------------------------------------------
  data required time                                                 9.38
  data arrival time                                                 -4.13
  --------------------------------------------------------------------------
  slack (MET)                                                        5.25


  Startpoint: Rx2SysCtrl_en_pulse_reg
              (rising edge-triggered flip-flop clocked by Ref_clk)
  Endpoint: Regfile_u_reg_file_reg_15__0_
            (rising edge-triggered flip-flop clocked by Ref_clk)
  Path Group: Ref_clk
  Path Type: max

  Point                                                   Incr       Path
  --------------------------------------------------------------------------
  clock Ref_clk (rise edge)                               0.00       0.00
  clock network delay (ideal)                             0.00       0.00
  Rx2SysCtrl_en_pulse_reg/CK (SDFFRQX2M)                  0.00       0.00 r
  Rx2SysCtrl_en_pulse_reg/Q (SDFFRQX2M)                   0.93       0.93 r
  U1729/Y (NAND2XLM)                                      0.58       1.51 f
  U1196/Y (INVXLM)                                        0.26       1.77 r
  U1489/Y (AOI22XLM)                                      0.16       1.93 f
  U1105/Y (INVXLM)                                        0.13       2.06 r
  U1111/Y (NAND2XLM)                                      0.10       2.16 f
  U1157/Y (NOR2XLM)                                       0.80       2.96 r
  U1371/Y (INVXLM)                                        0.14       3.10 f
  U1208/Y (NOR2XLM)                                       0.75       3.85 r
  U2100/Y (AOI2BB2XLM)                                    0.18       4.03 f
  Regfile_u_reg_file_reg_15__0_/D (SDFFRQX1M)             0.00       4.03 f
  data arrival time                                                  4.03

  clock Ref_clk (rise edge)                              10.00      10.00
  clock network delay (ideal)                             0.00      10.00
  clock uncertainty                                      -0.20       9.80
  Regfile_u_reg_file_reg_15__0_/CK (SDFFRQX1M)            0.00       9.80 r
  library setup time                                     -0.44       9.36
  data required time                                                 9.36
  --------------------------------------------------------------------------
  data required time                                                 9.36
  data arrival time                                                 -4.03
  --------------------------------------------------------------------------
  slack (MET)                                                        5.33


  Startpoint: Rx2SysCtrl_en_pulse_reg
              (rising edge-triggered flip-flop clocked by Ref_clk)
  Endpoint: Regfile_u_reg_file_reg_15__1_
            (rising edge-triggered flip-flop clocked by Ref_clk)
  Path Group: Ref_clk
  Path Type: max

  Point                                                   Incr       Path
  --------------------------------------------------------------------------
  clock Ref_clk (rise edge)                               0.00       0.00
  clock network delay (ideal)                             0.00       0.00
  Rx2SysCtrl_en_pulse_reg/CK (SDFFRQX2M)                  0.00       0.00 r
  Rx2SysCtrl_en_pulse_reg/Q (SDFFRQX2M)                   0.93       0.93 r
  U1729/Y (NAND2XLM)                                      0.58       1.51 f
  U1196/Y (INVXLM)                                        0.26       1.77 r
  U1489/Y (AOI22XLM)                                      0.16       1.93 f
  U1105/Y (INVXLM)                                        0.13       2.06 r
  U1111/Y (NAND2XLM)                                      0.10       2.16 f
  U1157/Y (NOR2XLM)                                       0.80       2.96 r
  U1371/Y (INVXLM)                                        0.14       3.10 f
  U1208/Y (NOR2XLM)                                       0.75       3.85 r
  U2209/Y (AOI2BB2XLM)                                    0.18       4.03 f
  Regfile_u_reg_file_reg_15__1_/D (SDFFRQX1M)             0.00       4.03 f
  data arrival time                                                  4.03

  clock Ref_clk (rise edge)                              10.00      10.00
  clock network delay (ideal)                             0.00      10.00
  clock uncertainty                                      -0.20       9.80
  Regfile_u_reg_file_reg_15__1_/CK (SDFFRQX1M)            0.00       9.80 r
  library setup time                                     -0.44       9.36
  data required time                                                 9.36
  --------------------------------------------------------------------------
  data required time                                                 9.36
  data arrival time                                                 -4.03
  --------------------------------------------------------------------------
  slack (MET)                                                        5.33


  Startpoint: Rx2SysCtrl_en_pulse_reg
              (rising edge-triggered flip-flop clocked by Ref_clk)
  Endpoint: Regfile_u_reg_file_reg_15__2_
            (rising edge-triggered flip-flop clocked by Ref_clk)
  Path Group: Ref_clk
  Path Type: max

  Point                                                   Incr       Path
  --------------------------------------------------------------------------
  clock Ref_clk (rise edge)                               0.00       0.00
  clock network delay (ideal)                             0.00       0.00
  Rx2SysCtrl_en_pulse_reg/CK (SDFFRQX2M)                  0.00       0.00 r
  Rx2SysCtrl_en_pulse_reg/Q (SDFFRQX2M)                   0.93       0.93 r
  U1729/Y (NAND2XLM)                                      0.58       1.51 f
  U1196/Y (INVXLM)                                        0.26       1.77 r
  U1489/Y (AOI22XLM)                                      0.16       1.93 f
  U1105/Y (INVXLM)                                        0.13       2.06 r
  U1111/Y (NAND2XLM)                                      0.10       2.16 f
  U1157/Y (NOR2XLM)                                       0.80       2.96 r
  U1371/Y (INVXLM)                                        0.14       3.10 f
  U1208/Y (NOR2XLM)                                       0.75       3.85 r
  U2230/Y (AOI2BB2XLM)                                    0.18       4.03 f
  Regfile_u_reg_file_reg_15__2_/D (SDFFRQX1M)             0.00       4.03 f
  data arrival time                                                  4.03

  clock Ref_clk (rise edge)                              10.00      10.00
  clock network delay (ideal)                             0.00      10.00
  clock uncertainty                                      -0.20       9.80
  Regfile_u_reg_file_reg_15__2_/CK (SDFFRQX1M)            0.00       9.80 r
  library setup time                                     -0.44       9.36
  data required time                                                 9.36
  --------------------------------------------------------------------------
  data required time                                                 9.36
  data arrival time                                                 -4.03
  --------------------------------------------------------------------------
  slack (MET)                                                        5.33


  Startpoint: Rx2SysCtrl_en_pulse_reg
              (rising edge-triggered flip-flop clocked by Ref_clk)
  Endpoint: Regfile_u_reg_file_reg_15__3_
            (rising edge-triggered flip-flop clocked by Ref_clk)
  Path Group: Ref_clk
  Path Type: max

  Point                                                   Incr       Path
  --------------------------------------------------------------------------
  clock Ref_clk (rise edge)                               0.00       0.00
  clock network delay (ideal)                             0.00       0.00
  Rx2SysCtrl_en_pulse_reg/CK (SDFFRQX2M)                  0.00       0.00 r
  Rx2SysCtrl_en_pulse_reg/Q (SDFFRQX2M)                   0.93       0.93 r
  U1729/Y (NAND2XLM)                                      0.58       1.51 f
  U1196/Y (INVXLM)                                        0.26       1.77 r
  U1489/Y (AOI22XLM)                                      0.16       1.93 f
  U1105/Y (INVXLM)                                        0.13       2.06 r
  U1111/Y (NAND2XLM)                                      0.10       2.16 f
  U1157/Y (NOR2XLM)                                       0.80       2.96 r
  U1371/Y (INVXLM)                                        0.14       3.10 f
  U1208/Y (NOR2XLM)                                       0.75       3.85 r
  U2244/Y (AOI2BB2XLM)                                    0.18       4.03 f
  Regfile_u_reg_file_reg_15__3_/D (SDFFRQX1M)             0.00       4.03 f
  data arrival time                                                  4.03

  clock Ref_clk (rise edge)                              10.00      10.00
  clock network delay (ideal)                             0.00      10.00
  clock uncertainty                                      -0.20       9.80
  Regfile_u_reg_file_reg_15__3_/CK (SDFFRQX1M)            0.00       9.80 r
  library setup time                                     -0.44       9.36
  data required time                                                 9.36
  --------------------------------------------------------------------------
  data required time                                                 9.36
  data arrival time                                                 -4.03
  --------------------------------------------------------------------------
  slack (MET)                                                        5.33


  Startpoint: Rx2SysCtrl_en_pulse_reg
              (rising edge-triggered flip-flop clocked by Ref_clk)
  Endpoint: Regfile_u_reg_file_reg_15__4_
            (rising edge-triggered flip-flop clocked by Ref_clk)
  Path Group: Ref_clk
  Path Type: max

  Point                                                   Incr       Path
  --------------------------------------------------------------------------
  clock Ref_clk (rise edge)                               0.00       0.00
  clock network delay (ideal)                             0.00       0.00
  Rx2SysCtrl_en_pulse_reg/CK (SDFFRQX2M)                  0.00       0.00 r
  Rx2SysCtrl_en_pulse_reg/Q (SDFFRQX2M)                   0.93       0.93 r
  U1729/Y (NAND2XLM)                                      0.58       1.51 f
  U1196/Y (INVXLM)                                        0.26       1.77 r
  U1489/Y (AOI22XLM)                                      0.16       1.93 f
  U1105/Y (INVXLM)                                        0.13       2.06 r
  U1111/Y (NAND2XLM)                                      0.10       2.16 f
  U1157/Y (NOR2XLM)                                       0.80       2.96 r
  U1371/Y (INVXLM)                                        0.14       3.10 f
  U1208/Y (NOR2XLM)                                       0.75       3.85 r
  U2257/Y (AOI2BB2XLM)                                    0.18       4.03 f
  Regfile_u_reg_file_reg_15__4_/D (SDFFRQX1M)             0.00       4.03 f
  data arrival time                                                  4.03

  clock Ref_clk (rise edge)                              10.00      10.00
  clock network delay (ideal)                             0.00      10.00
  clock uncertainty                                      -0.20       9.80
  Regfile_u_reg_file_reg_15__4_/CK (SDFFRQX1M)            0.00       9.80 r
  library setup time                                     -0.44       9.36
  data required time                                                 9.36
  --------------------------------------------------------------------------
  data required time                                                 9.36
  data arrival time                                                 -4.03
  --------------------------------------------------------------------------
  slack (MET)                                                        5.33


  Startpoint: Rx2SysCtrl_en_pulse_reg
              (rising edge-triggered flip-flop clocked by Ref_clk)
  Endpoint: Regfile_u_reg_file_reg_15__5_
            (rising edge-triggered flip-flop clocked by Ref_clk)
  Path Group: Ref_clk
  Path Type: max

  Point                                                   Incr       Path
  --------------------------------------------------------------------------
  clock Ref_clk (rise edge)                               0.00       0.00
  clock network delay (ideal)                             0.00       0.00
  Rx2SysCtrl_en_pulse_reg/CK (SDFFRQX2M)                  0.00       0.00 r
  Rx2SysCtrl_en_pulse_reg/Q (SDFFRQX2M)                   0.93       0.93 r
  U1729/Y (NAND2XLM)                                      0.58       1.51 f
  U1196/Y (INVXLM)                                        0.26       1.77 r
  U1489/Y (AOI22XLM)                                      0.16       1.93 f
  U1105/Y (INVXLM)                                        0.13       2.06 r
  U1111/Y (NAND2XLM)                                      0.10       2.16 f
  U1157/Y (NOR2XLM)                                       0.80       2.96 r
  U1371/Y (INVXLM)                                        0.14       3.10 f
  U1208/Y (NOR2XLM)                                       0.75       3.85 r
  U2270/Y (AOI2BB2XLM)                                    0.18       4.03 f
  Regfile_u_reg_file_reg_15__5_/D (SDFFRQX1M)             0.00       4.03 f
  data arrival time                                                  4.03

  clock Ref_clk (rise edge)                              10.00      10.00
  clock network delay (ideal)                             0.00      10.00
  clock uncertainty                                      -0.20       9.80
  Regfile_u_reg_file_reg_15__5_/CK (SDFFRQX1M)            0.00       9.80 r
  library setup time                                     -0.44       9.36
  data required time                                                 9.36
  --------------------------------------------------------------------------
  data required time                                                 9.36
  data arrival time                                                 -4.03
  --------------------------------------------------------------------------
  slack (MET)                                                        5.33


  Startpoint: Rx2SysCtrl_en_pulse_reg
              (rising edge-triggered flip-flop clocked by Ref_clk)
  Endpoint: Regfile_u_reg_file_reg_15__6_
            (rising edge-triggered flip-flop clocked by Ref_clk)
  Path Group: Ref_clk
  Path Type: max

  Point                                                   Incr       Path
  --------------------------------------------------------------------------
  clock Ref_clk (rise edge)                               0.00       0.00
  clock network delay (ideal)                             0.00       0.00
  Rx2SysCtrl_en_pulse_reg/CK (SDFFRQX2M)                  0.00       0.00 r
  Rx2SysCtrl_en_pulse_reg/Q (SDFFRQX2M)                   0.93       0.93 r
  U1729/Y (NAND2XLM)                                      0.58       1.51 f
  U1196/Y (INVXLM)                                        0.26       1.77 r
  U1489/Y (AOI22XLM)                                      0.16       1.93 f
  U1105/Y (INVXLM)                                        0.13       2.06 r
  U1111/Y (NAND2XLM)                                      0.10       2.16 f
  U1157/Y (NOR2XLM)                                       0.80       2.96 r
  U1371/Y (INVXLM)                                        0.14       3.10 f
  U1208/Y (NOR2XLM)                                       0.75       3.85 r
  U2283/Y (AOI2BB2XLM)                                    0.18       4.03 f
  Regfile_u_reg_file_reg_15__6_/D (SDFFRQX1M)             0.00       4.03 f
  data arrival time                                                  4.03

  clock Ref_clk (rise edge)                              10.00      10.00
  clock network delay (ideal)                             0.00      10.00
  clock uncertainty                                      -0.20       9.80
  Regfile_u_reg_file_reg_15__6_/CK (SDFFRQX1M)            0.00       9.80 r
  library setup time                                     -0.44       9.36
  data required time                                                 9.36
  --------------------------------------------------------------------------
  data required time                                                 9.36
  data arrival time                                                 -4.03
  --------------------------------------------------------------------------
  slack (MET)                                                        5.33


  Startpoint: Rx2SysCtrl_en_pulse_reg
              (rising edge-triggered flip-flop clocked by Ref_clk)
  Endpoint: Regfile_u_reg_file_reg_15__7_
            (rising edge-triggered flip-flop clocked by Ref_clk)
  Path Group: Ref_clk
  Path Type: max

  Point                                                   Incr       Path
  --------------------------------------------------------------------------
  clock Ref_clk (rise edge)                               0.00       0.00
  clock network delay (ideal)                             0.00       0.00
  Rx2SysCtrl_en_pulse_reg/CK (SDFFRQX2M)                  0.00       0.00 r
  Rx2SysCtrl_en_pulse_reg/Q (SDFFRQX2M)                   0.93       0.93 r
  U1729/Y (NAND2XLM)                                      0.58       1.51 f
  U1196/Y (INVXLM)                                        0.26       1.77 r
  U1489/Y (AOI22XLM)                                      0.16       1.93 f
  U1105/Y (INVXLM)                                        0.13       2.06 r
  U1111/Y (NAND2XLM)                                      0.10       2.16 f
  U1157/Y (NOR2XLM)                                       0.80       2.96 r
  U1371/Y (INVXLM)                                        0.14       3.10 f
  U1208/Y (NOR2XLM)                                       0.75       3.85 r
  U2296/Y (AOI2BB2XLM)                                    0.18       4.03 f
  Regfile_u_reg_file_reg_15__7_/D (SDFFRQX1M)             0.00       4.03 f
  data arrival time                                                  4.03

  clock Ref_clk (rise edge)                              10.00      10.00
  clock network delay (ideal)                             0.00      10.00
  clock uncertainty                                      -0.20       9.80
  Regfile_u_reg_file_reg_15__7_/CK (SDFFRQX1M)            0.00       9.80 r
  library setup time                                     -0.44       9.36
  data required time                                                 9.36
  --------------------------------------------------------------------------
  data required time                                                 9.36
  data arrival time                                                 -4.03
  --------------------------------------------------------------------------
  slack (MET)                                                        5.33


  Startpoint: Rx2SysCtrl_en_pulse_reg
              (rising edge-triggered flip-flop clocked by Ref_clk)
  Endpoint: Regfile_u_reg_file_reg_14__0_
            (rising edge-triggered flip-flop clocked by Ref_clk)
  Path Group: Ref_clk
  Path Type: max

  Point                                                   Incr       Path
  --------------------------------------------------------------------------
  clock Ref_clk (rise edge)                               0.00       0.00
  clock network delay (ideal)                             0.00       0.00
  Rx2SysCtrl_en_pulse_reg/CK (SDFFRQX2M)                  0.00       0.00 r
  Rx2SysCtrl_en_pulse_reg/Q (SDFFRQX2M)                   0.93       0.93 r
  U1729/Y (NAND2XLM)                                      0.58       1.51 f
  U1196/Y (INVXLM)                                        0.26       1.77 r
  U1489/Y (AOI22XLM)                                      0.16       1.93 f
  U1105/Y (INVXLM)                                        0.13       2.06 r
  U1111/Y (NAND2XLM)                                      0.10       2.16 f
  U1157/Y (NOR2XLM)                                       0.80       2.96 r
  U1371/Y (INVXLM)                                        0.14       3.10 f
  U1207/Y (NOR2XLM)                                       0.75       3.85 r
  U2101/Y (AOI2BB2XLM)                                    0.18       4.03 f
  Regfile_u_reg_file_reg_14__0_/D (SDFFRQX1M)             0.00       4.03 f
  data arrival time                                                  4.03

  clock Ref_clk (rise edge)                              10.00      10.00
  clock network delay (ideal)                             0.00      10.00
  clock uncertainty                                      -0.20       9.80
  Regfile_u_reg_file_reg_14__0_/CK (SDFFRQX1M)            0.00       9.80 r
  library setup time                                     -0.44       9.36
  data required time                                                 9.36
  --------------------------------------------------------------------------
  data required time                                                 9.36
  data arrival time                                                 -4.03
  --------------------------------------------------------------------------
  slack (MET)                                                        5.33


  Startpoint: Rx2SysCtrl_en_pulse_reg
              (rising edge-triggered flip-flop clocked by Ref_clk)
  Endpoint: Regfile_u_reg_file_reg_14__1_
            (rising edge-triggered flip-flop clocked by Ref_clk)
  Path Group: Ref_clk
  Path Type: max

  Point                                                   Incr       Path
  --------------------------------------------------------------------------
  clock Ref_clk (rise edge)                               0.00       0.00
  clock network delay (ideal)                             0.00       0.00
  Rx2SysCtrl_en_pulse_reg/CK (SDFFRQX2M)                  0.00       0.00 r
  Rx2SysCtrl_en_pulse_reg/Q (SDFFRQX2M)                   0.93       0.93 r
  U1729/Y (NAND2XLM)                                      0.58       1.51 f
  U1196/Y (INVXLM)                                        0.26       1.77 r
  U1489/Y (AOI22XLM)                                      0.16       1.93 f
  U1105/Y (INVXLM)                                        0.13       2.06 r
  U1111/Y (NAND2XLM)                                      0.10       2.16 f
  U1157/Y (NOR2XLM)                                       0.80       2.96 r
  U1371/Y (INVXLM)                                        0.14       3.10 f
  U1207/Y (NOR2XLM)                                       0.75       3.85 r
  U2210/Y (AOI2BB2XLM)                                    0.18       4.03 f
  Regfile_u_reg_file_reg_14__1_/D (SDFFRQX1M)             0.00       4.03 f
  data arrival time                                                  4.03

  clock Ref_clk (rise edge)                              10.00      10.00
  clock network delay (ideal)                             0.00      10.00
  clock uncertainty                                      -0.20       9.80
  Regfile_u_reg_file_reg_14__1_/CK (SDFFRQX1M)            0.00       9.80 r
  library setup time                                     -0.44       9.36
  data required time                                                 9.36
  --------------------------------------------------------------------------
  data required time                                                 9.36
  data arrival time                                                 -4.03
  --------------------------------------------------------------------------
  slack (MET)                                                        5.33


  Startpoint: Rx2SysCtrl_en_pulse_reg
              (rising edge-triggered flip-flop clocked by Ref_clk)
  Endpoint: Regfile_u_reg_file_reg_14__2_
            (rising edge-triggered flip-flop clocked by Ref_clk)
  Path Group: Ref_clk
  Path Type: max

  Point                                                   Incr       Path
  --------------------------------------------------------------------------
  clock Ref_clk (rise edge)                               0.00       0.00
  clock network delay (ideal)                             0.00       0.00
  Rx2SysCtrl_en_pulse_reg/CK (SDFFRQX2M)                  0.00       0.00 r
  Rx2SysCtrl_en_pulse_reg/Q (SDFFRQX2M)                   0.93       0.93 r
  U1729/Y (NAND2XLM)                                      0.58       1.51 f
  U1196/Y (INVXLM)                                        0.26       1.77 r
  U1489/Y (AOI22XLM)                                      0.16       1.93 f
  U1105/Y (INVXLM)                                        0.13       2.06 r
  U1111/Y (NAND2XLM)                                      0.10       2.16 f
  U1157/Y (NOR2XLM)                                       0.80       2.96 r
  U1371/Y (INVXLM)                                        0.14       3.10 f
  U1207/Y (NOR2XLM)                                       0.75       3.85 r
  U2231/Y (AOI2BB2XLM)                                    0.18       4.03 f
  Regfile_u_reg_file_reg_14__2_/D (SDFFRQX1M)             0.00       4.03 f
  data arrival time                                                  4.03

  clock Ref_clk (rise edge)                              10.00      10.00
  clock network delay (ideal)                             0.00      10.00
  clock uncertainty                                      -0.20       9.80
  Regfile_u_reg_file_reg_14__2_/CK (SDFFRQX1M)            0.00       9.80 r
  library setup time                                     -0.44       9.36
  data required time                                                 9.36
  --------------------------------------------------------------------------
  data required time                                                 9.36
  data arrival time                                                 -4.03
  --------------------------------------------------------------------------
  slack (MET)                                                        5.33


  Startpoint: Rx2SysCtrl_en_pulse_reg
              (rising edge-triggered flip-flop clocked by Ref_clk)
  Endpoint: Regfile_u_reg_file_reg_14__3_
            (rising edge-triggered flip-flop clocked by Ref_clk)
  Path Group: Ref_clk
  Path Type: max

  Point                                                   Incr       Path
  --------------------------------------------------------------------------
  clock Ref_clk (rise edge)                               0.00       0.00
  clock network delay (ideal)                             0.00       0.00
  Rx2SysCtrl_en_pulse_reg/CK (SDFFRQX2M)                  0.00       0.00 r
  Rx2SysCtrl_en_pulse_reg/Q (SDFFRQX2M)                   0.93       0.93 r
  U1729/Y (NAND2XLM)                                      0.58       1.51 f
  U1196/Y (INVXLM)                                        0.26       1.77 r
  U1489/Y (AOI22XLM)                                      0.16       1.93 f
  U1105/Y (INVXLM)                                        0.13       2.06 r
  U1111/Y (NAND2XLM)                                      0.10       2.16 f
  U1157/Y (NOR2XLM)                                       0.80       2.96 r
  U1371/Y (INVXLM)                                        0.14       3.10 f
  U1207/Y (NOR2XLM)                                       0.75       3.85 r
  U2245/Y (AOI2BB2XLM)                                    0.18       4.03 f
  Regfile_u_reg_file_reg_14__3_/D (SDFFRQX1M)             0.00       4.03 f
  data arrival time                                                  4.03

  clock Ref_clk (rise edge)                              10.00      10.00
  clock network delay (ideal)                             0.00      10.00
  clock uncertainty                                      -0.20       9.80
  Regfile_u_reg_file_reg_14__3_/CK (SDFFRQX1M)            0.00       9.80 r
  library setup time                                     -0.44       9.36
  data required time                                                 9.36
  --------------------------------------------------------------------------
  data required time                                                 9.36
  data arrival time                                                 -4.03
  --------------------------------------------------------------------------
  slack (MET)                                                        5.33


  Startpoint: Rx2SysCtrl_en_pulse_reg
              (rising edge-triggered flip-flop clocked by Ref_clk)
  Endpoint: Regfile_u_reg_file_reg_14__4_
            (rising edge-triggered flip-flop clocked by Ref_clk)
  Path Group: Ref_clk
  Path Type: max

  Point                                                   Incr       Path
  --------------------------------------------------------------------------
  clock Ref_clk (rise edge)                               0.00       0.00
  clock network delay (ideal)                             0.00       0.00
  Rx2SysCtrl_en_pulse_reg/CK (SDFFRQX2M)                  0.00       0.00 r
  Rx2SysCtrl_en_pulse_reg/Q (SDFFRQX2M)                   0.93       0.93 r
  U1729/Y (NAND2XLM)                                      0.58       1.51 f
  U1196/Y (INVXLM)                                        0.26       1.77 r
  U1489/Y (AOI22XLM)                                      0.16       1.93 f
  U1105/Y (INVXLM)                                        0.13       2.06 r
  U1111/Y (NAND2XLM)                                      0.10       2.16 f
  U1157/Y (NOR2XLM)                                       0.80       2.96 r
  U1371/Y (INVXLM)                                        0.14       3.10 f
  U1207/Y (NOR2XLM)                                       0.75       3.85 r
  U2258/Y (AOI2BB2XLM)                                    0.18       4.03 f
  Regfile_u_reg_file_reg_14__4_/D (SDFFRQX1M)             0.00       4.03 f
  data arrival time                                                  4.03

  clock Ref_clk (rise edge)                              10.00      10.00
  clock network delay (ideal)                             0.00      10.00
  clock uncertainty                                      -0.20       9.80
  Regfile_u_reg_file_reg_14__4_/CK (SDFFRQX1M)            0.00       9.80 r
  library setup time                                     -0.44       9.36
  data required time                                                 9.36
  --------------------------------------------------------------------------
  data required time                                                 9.36
  data arrival time                                                 -4.03
  --------------------------------------------------------------------------
  slack (MET)                                                        5.33


  Startpoint: Rx2SysCtrl_en_pulse_reg
              (rising edge-triggered flip-flop clocked by Ref_clk)
  Endpoint: Regfile_u_reg_file_reg_14__5_
            (rising edge-triggered flip-flop clocked by Ref_clk)
  Path Group: Ref_clk
  Path Type: max

  Point                                                   Incr       Path
  --------------------------------------------------------------------------
  clock Ref_clk (rise edge)                               0.00       0.00
  clock network delay (ideal)                             0.00       0.00
  Rx2SysCtrl_en_pulse_reg/CK (SDFFRQX2M)                  0.00       0.00 r
  Rx2SysCtrl_en_pulse_reg/Q (SDFFRQX2M)                   0.93       0.93 r
  U1729/Y (NAND2XLM)                                      0.58       1.51 f
  U1196/Y (INVXLM)                                        0.26       1.77 r
  U1489/Y (AOI22XLM)                                      0.16       1.93 f
  U1105/Y (INVXLM)                                        0.13       2.06 r
  U1111/Y (NAND2XLM)                                      0.10       2.16 f
  U1157/Y (NOR2XLM)                                       0.80       2.96 r
  U1371/Y (INVXLM)                                        0.14       3.10 f
  U1207/Y (NOR2XLM)                                       0.75       3.85 r
  U2271/Y (AOI2BB2XLM)                                    0.18       4.03 f
  Regfile_u_reg_file_reg_14__5_/D (SDFFRQX1M)             0.00       4.03 f
  data arrival time                                                  4.03

  clock Ref_clk (rise edge)                              10.00      10.00
  clock network delay (ideal)                             0.00      10.00
  clock uncertainty                                      -0.20       9.80
  Regfile_u_reg_file_reg_14__5_/CK (SDFFRQX1M)            0.00       9.80 r
  library setup time                                     -0.44       9.36
  data required time                                                 9.36
  --------------------------------------------------------------------------
  data required time                                                 9.36
  data arrival time                                                 -4.03
  --------------------------------------------------------------------------
  slack (MET)                                                        5.33


  Startpoint: Rx2SysCtrl_en_pulse_reg
              (rising edge-triggered flip-flop clocked by Ref_clk)
  Endpoint: Regfile_u_reg_file_reg_14__6_
            (rising edge-triggered flip-flop clocked by Ref_clk)
  Path Group: Ref_clk
  Path Type: max

  Point                                                   Incr       Path
  --------------------------------------------------------------------------
  clock Ref_clk (rise edge)                               0.00       0.00
  clock network delay (ideal)                             0.00       0.00
  Rx2SysCtrl_en_pulse_reg/CK (SDFFRQX2M)                  0.00       0.00 r
  Rx2SysCtrl_en_pulse_reg/Q (SDFFRQX2M)                   0.93       0.93 r
  U1729/Y (NAND2XLM)                                      0.58       1.51 f
  U1196/Y (INVXLM)                                        0.26       1.77 r
  U1489/Y (AOI22XLM)                                      0.16       1.93 f
  U1105/Y (INVXLM)                                        0.13       2.06 r
  U1111/Y (NAND2XLM)                                      0.10       2.16 f
  U1157/Y (NOR2XLM)                                       0.80       2.96 r
  U1371/Y (INVXLM)                                        0.14       3.10 f
  U1207/Y (NOR2XLM)                                       0.75       3.85 r
  U2284/Y (AOI2BB2XLM)                                    0.18       4.03 f
  Regfile_u_reg_file_reg_14__6_/D (SDFFRQX1M)             0.00       4.03 f
  data arrival time                                                  4.03

  clock Ref_clk (rise edge)                              10.00      10.00
  clock network delay (ideal)                             0.00      10.00
  clock uncertainty                                      -0.20       9.80
  Regfile_u_reg_file_reg_14__6_/CK (SDFFRQX1M)            0.00       9.80 r
  library setup time                                     -0.44       9.36
  data required time                                                 9.36
  --------------------------------------------------------------------------
  data required time                                                 9.36
  data arrival time                                                 -4.03
  --------------------------------------------------------------------------
  slack (MET)                                                        5.33


  Startpoint: Rx2SysCtrl_en_pulse_reg
              (rising edge-triggered flip-flop clocked by Ref_clk)
  Endpoint: Regfile_u_reg_file_reg_14__7_
            (rising edge-triggered flip-flop clocked by Ref_clk)
  Path Group: Ref_clk
  Path Type: max

  Point                                                   Incr       Path
  --------------------------------------------------------------------------
  clock Ref_clk (rise edge)                               0.00       0.00
  clock network delay (ideal)                             0.00       0.00
  Rx2SysCtrl_en_pulse_reg/CK (SDFFRQX2M)                  0.00       0.00 r
  Rx2SysCtrl_en_pulse_reg/Q (SDFFRQX2M)                   0.93       0.93 r
  U1729/Y (NAND2XLM)                                      0.58       1.51 f
  U1196/Y (INVXLM)                                        0.26       1.77 r
  U1489/Y (AOI22XLM)                                      0.16       1.93 f
  U1105/Y (INVXLM)                                        0.13       2.06 r
  U1111/Y (NAND2XLM)                                      0.10       2.16 f
  U1157/Y (NOR2XLM)                                       0.80       2.96 r
  U1371/Y (INVXLM)                                        0.14       3.10 f
  U1207/Y (NOR2XLM)                                       0.75       3.85 r
  U2297/Y (AOI2BB2XLM)                                    0.18       4.03 f
  Regfile_u_reg_file_reg_14__7_/D (SDFFRQX1M)             0.00       4.03 f
  data arrival time                                                  4.03

  clock Ref_clk (rise edge)                              10.00      10.00
  clock network delay (ideal)                             0.00      10.00
  clock uncertainty                                      -0.20       9.80
  Regfile_u_reg_file_reg_14__7_/CK (SDFFRQX1M)            0.00       9.80 r
  library setup time                                     -0.44       9.36
  data required time                                                 9.36
  --------------------------------------------------------------------------
  data required time                                                 9.36
  data arrival time                                                 -4.03
  --------------------------------------------------------------------------
  slack (MET)                                                        5.33


  Startpoint: Rx2SysCtrl_en_pulse_reg
              (rising edge-triggered flip-flop clocked by Ref_clk)
  Endpoint: Regfile_u_reg_file_reg_13__0_
            (rising edge-triggered flip-flop clocked by Ref_clk)
  Path Group: Ref_clk
  Path Type: max

  Point                                                   Incr       Path
  --------------------------------------------------------------------------
  clock Ref_clk (rise edge)                               0.00       0.00
  clock network delay (ideal)                             0.00       0.00
  Rx2SysCtrl_en_pulse_reg/CK (SDFFRQX2M)                  0.00       0.00 r
  Rx2SysCtrl_en_pulse_reg/Q (SDFFRQX2M)                   0.93       0.93 r
  U1729/Y (NAND2XLM)                                      0.58       1.51 f
  U1196/Y (INVXLM)                                        0.26       1.77 r
  U1489/Y (AOI22XLM)                                      0.16       1.93 f
  U1105/Y (INVXLM)                                        0.13       2.06 r
  U1111/Y (NAND2XLM)                                      0.10       2.16 f
  U1156/Y (NOR2XLM)                                       0.79       2.95 r
  U1382/Y (INVXLM)                                        0.14       3.09 f
  U1212/Y (NOR2XLM)                                       0.75       3.84 r
  U2102/Y (AOI2BB2XLM)                                    0.18       4.02 f
  Regfile_u_reg_file_reg_13__0_/D (SDFFRQX1M)             0.00       4.02 f
  data arrival time                                                  4.02

  clock Ref_clk (rise edge)                              10.00      10.00
  clock network delay (ideal)                             0.00      10.00
  clock uncertainty                                      -0.20       9.80
  Regfile_u_reg_file_reg_13__0_/CK (SDFFRQX1M)            0.00       9.80 r
  library setup time                                     -0.44       9.36
  data required time                                                 9.36
  --------------------------------------------------------------------------
  data required time                                                 9.36
  data arrival time                                                 -4.02
  --------------------------------------------------------------------------
  slack (MET)                                                        5.34


  Startpoint: Rx2SysCtrl_en_pulse_reg
              (rising edge-triggered flip-flop clocked by Ref_clk)
  Endpoint: Regfile_u_reg_file_reg_13__1_
            (rising edge-triggered flip-flop clocked by Ref_clk)
  Path Group: Ref_clk
  Path Type: max

  Point                                                   Incr       Path
  --------------------------------------------------------------------------
  clock Ref_clk (rise edge)                               0.00       0.00
  clock network delay (ideal)                             0.00       0.00
  Rx2SysCtrl_en_pulse_reg/CK (SDFFRQX2M)                  0.00       0.00 r
  Rx2SysCtrl_en_pulse_reg/Q (SDFFRQX2M)                   0.93       0.93 r
  U1729/Y (NAND2XLM)                                      0.58       1.51 f
  U1196/Y (INVXLM)                                        0.26       1.77 r
  U1489/Y (AOI22XLM)                                      0.16       1.93 f
  U1105/Y (INVXLM)                                        0.13       2.06 r
  U1111/Y (NAND2XLM)                                      0.10       2.16 f
  U1156/Y (NOR2XLM)                                       0.79       2.95 r
  U1382/Y (INVXLM)                                        0.14       3.09 f
  U1212/Y (NOR2XLM)                                       0.75       3.84 r
  U2211/Y (AOI2BB2XLM)                                    0.18       4.02 f
  Regfile_u_reg_file_reg_13__1_/D (SDFFRQX1M)             0.00       4.02 f
  data arrival time                                                  4.02

  clock Ref_clk (rise edge)                              10.00      10.00
  clock network delay (ideal)                             0.00      10.00
  clock uncertainty                                      -0.20       9.80
  Regfile_u_reg_file_reg_13__1_/CK (SDFFRQX1M)            0.00       9.80 r
  library setup time                                     -0.44       9.36
  data required time                                                 9.36
  --------------------------------------------------------------------------
  data required time                                                 9.36
  data arrival time                                                 -4.02
  --------------------------------------------------------------------------
  slack (MET)                                                        5.34


  Startpoint: Rx2SysCtrl_en_pulse_reg
              (rising edge-triggered flip-flop clocked by Ref_clk)
  Endpoint: Regfile_u_reg_file_reg_13__2_
            (rising edge-triggered flip-flop clocked by Ref_clk)
  Path Group: Ref_clk
  Path Type: max

  Point                                                   Incr       Path
  --------------------------------------------------------------------------
  clock Ref_clk (rise edge)                               0.00       0.00
  clock network delay (ideal)                             0.00       0.00
  Rx2SysCtrl_en_pulse_reg/CK (SDFFRQX2M)                  0.00       0.00 r
  Rx2SysCtrl_en_pulse_reg/Q (SDFFRQX2M)                   0.93       0.93 r
  U1729/Y (NAND2XLM)                                      0.58       1.51 f
  U1196/Y (INVXLM)                                        0.26       1.77 r
  U1489/Y (AOI22XLM)                                      0.16       1.93 f
  U1105/Y (INVXLM)                                        0.13       2.06 r
  U1111/Y (NAND2XLM)                                      0.10       2.16 f
  U1156/Y (NOR2XLM)                                       0.79       2.95 r
  U1382/Y (INVXLM)                                        0.14       3.09 f
  U1212/Y (NOR2XLM)                                       0.75       3.84 r
  U2232/Y (AOI2BB2XLM)                                    0.18       4.02 f
  Regfile_u_reg_file_reg_13__2_/D (SDFFRQX1M)             0.00       4.02 f
  data arrival time                                                  4.02

  clock Ref_clk (rise edge)                              10.00      10.00
  clock network delay (ideal)                             0.00      10.00
  clock uncertainty                                      -0.20       9.80
  Regfile_u_reg_file_reg_13__2_/CK (SDFFRQX1M)            0.00       9.80 r
  library setup time                                     -0.44       9.36
  data required time                                                 9.36
  --------------------------------------------------------------------------
  data required time                                                 9.36
  data arrival time                                                 -4.02
  --------------------------------------------------------------------------
  slack (MET)                                                        5.34


  Startpoint: Rx2SysCtrl_en_pulse_reg
              (rising edge-triggered flip-flop clocked by Ref_clk)
  Endpoint: Regfile_u_reg_file_reg_13__3_
            (rising edge-triggered flip-flop clocked by Ref_clk)
  Path Group: Ref_clk
  Path Type: max

  Point                                                   Incr       Path
  --------------------------------------------------------------------------
  clock Ref_clk (rise edge)                               0.00       0.00
  clock network delay (ideal)                             0.00       0.00
  Rx2SysCtrl_en_pulse_reg/CK (SDFFRQX2M)                  0.00       0.00 r
  Rx2SysCtrl_en_pulse_reg/Q (SDFFRQX2M)                   0.93       0.93 r
  U1729/Y (NAND2XLM)                                      0.58       1.51 f
  U1196/Y (INVXLM)                                        0.26       1.77 r
  U1489/Y (AOI22XLM)                                      0.16       1.93 f
  U1105/Y (INVXLM)                                        0.13       2.06 r
  U1111/Y (NAND2XLM)                                      0.10       2.16 f
  U1156/Y (NOR2XLM)                                       0.79       2.95 r
  U1382/Y (INVXLM)                                        0.14       3.09 f
  U1212/Y (NOR2XLM)                                       0.75       3.84 r
  U2246/Y (AOI2BB2XLM)                                    0.18       4.02 f
  Regfile_u_reg_file_reg_13__3_/D (SDFFRQX1M)             0.00       4.02 f
  data arrival time                                                  4.02

  clock Ref_clk (rise edge)                              10.00      10.00
  clock network delay (ideal)                             0.00      10.00
  clock uncertainty                                      -0.20       9.80
  Regfile_u_reg_file_reg_13__3_/CK (SDFFRQX1M)            0.00       9.80 r
  library setup time                                     -0.44       9.36
  data required time                                                 9.36
  --------------------------------------------------------------------------
  data required time                                                 9.36
  data arrival time                                                 -4.02
  --------------------------------------------------------------------------
  slack (MET)                                                        5.34


  Startpoint: Rx2SysCtrl_en_pulse_reg
              (rising edge-triggered flip-flop clocked by Ref_clk)
  Endpoint: Regfile_u_reg_file_reg_13__4_
            (rising edge-triggered flip-flop clocked by Ref_clk)
  Path Group: Ref_clk
  Path Type: max

  Point                                                   Incr       Path
  --------------------------------------------------------------------------
  clock Ref_clk (rise edge)                               0.00       0.00
  clock network delay (ideal)                             0.00       0.00
  Rx2SysCtrl_en_pulse_reg/CK (SDFFRQX2M)                  0.00       0.00 r
  Rx2SysCtrl_en_pulse_reg/Q (SDFFRQX2M)                   0.93       0.93 r
  U1729/Y (NAND2XLM)                                      0.58       1.51 f
  U1196/Y (INVXLM)                                        0.26       1.77 r
  U1489/Y (AOI22XLM)                                      0.16       1.93 f
  U1105/Y (INVXLM)                                        0.13       2.06 r
  U1111/Y (NAND2XLM)                                      0.10       2.16 f
  U1156/Y (NOR2XLM)                                       0.79       2.95 r
  U1382/Y (INVXLM)                                        0.14       3.09 f
  U1212/Y (NOR2XLM)                                       0.75       3.84 r
  U2259/Y (AOI2BB2XLM)                                    0.18       4.02 f
  Regfile_u_reg_file_reg_13__4_/D (SDFFRQX1M)             0.00       4.02 f
  data arrival time                                                  4.02

  clock Ref_clk (rise edge)                              10.00      10.00
  clock network delay (ideal)                             0.00      10.00
  clock uncertainty                                      -0.20       9.80
  Regfile_u_reg_file_reg_13__4_/CK (SDFFRQX1M)            0.00       9.80 r
  library setup time                                     -0.44       9.36
  data required time                                                 9.36
  --------------------------------------------------------------------------
  data required time                                                 9.36
  data arrival time                                                 -4.02
  --------------------------------------------------------------------------
  slack (MET)                                                        5.34


  Startpoint: Rx2SysCtrl_en_pulse_reg
              (rising edge-triggered flip-flop clocked by Ref_clk)
  Endpoint: Regfile_u_reg_file_reg_13__5_
            (rising edge-triggered flip-flop clocked by Ref_clk)
  Path Group: Ref_clk
  Path Type: max

  Point                                                   Incr       Path
  --------------------------------------------------------------------------
  clock Ref_clk (rise edge)                               0.00       0.00
  clock network delay (ideal)                             0.00       0.00
  Rx2SysCtrl_en_pulse_reg/CK (SDFFRQX2M)                  0.00       0.00 r
  Rx2SysCtrl_en_pulse_reg/Q (SDFFRQX2M)                   0.93       0.93 r
  U1729/Y (NAND2XLM)                                      0.58       1.51 f
  U1196/Y (INVXLM)                                        0.26       1.77 r
  U1489/Y (AOI22XLM)                                      0.16       1.93 f
  U1105/Y (INVXLM)                                        0.13       2.06 r
  U1111/Y (NAND2XLM)                                      0.10       2.16 f
  U1156/Y (NOR2XLM)                                       0.79       2.95 r
  U1382/Y (INVXLM)                                        0.14       3.09 f
  U1212/Y (NOR2XLM)                                       0.75       3.84 r
  U2272/Y (AOI2BB2XLM)                                    0.18       4.02 f
  Regfile_u_reg_file_reg_13__5_/D (SDFFRQX1M)             0.00       4.02 f
  data arrival time                                                  4.02

  clock Ref_clk (rise edge)                              10.00      10.00
  clock network delay (ideal)                             0.00      10.00
  clock uncertainty                                      -0.20       9.80
  Regfile_u_reg_file_reg_13__5_/CK (SDFFRQX1M)            0.00       9.80 r
  library setup time                                     -0.44       9.36
  data required time                                                 9.36
  --------------------------------------------------------------------------
  data required time                                                 9.36
  data arrival time                                                 -4.02
  --------------------------------------------------------------------------
  slack (MET)                                                        5.34


  Startpoint: Rx2SysCtrl_en_pulse_reg
              (rising edge-triggered flip-flop clocked by Ref_clk)
  Endpoint: Regfile_u_reg_file_reg_13__6_
            (rising edge-triggered flip-flop clocked by Ref_clk)
  Path Group: Ref_clk
  Path Type: max

  Point                                                   Incr       Path
  --------------------------------------------------------------------------
  clock Ref_clk (rise edge)                               0.00       0.00
  clock network delay (ideal)                             0.00       0.00
  Rx2SysCtrl_en_pulse_reg/CK (SDFFRQX2M)                  0.00       0.00 r
  Rx2SysCtrl_en_pulse_reg/Q (SDFFRQX2M)                   0.93       0.93 r
  U1729/Y (NAND2XLM)                                      0.58       1.51 f
  U1196/Y (INVXLM)                                        0.26       1.77 r
  U1489/Y (AOI22XLM)                                      0.16       1.93 f
  U1105/Y (INVXLM)                                        0.13       2.06 r
  U1111/Y (NAND2XLM)                                      0.10       2.16 f
  U1156/Y (NOR2XLM)                                       0.79       2.95 r
  U1382/Y (INVXLM)                                        0.14       3.09 f
  U1212/Y (NOR2XLM)                                       0.75       3.84 r
  U2285/Y (AOI2BB2XLM)                                    0.18       4.02 f
  Regfile_u_reg_file_reg_13__6_/D (SDFFRQX1M)             0.00       4.02 f
  data arrival time                                                  4.02

  clock Ref_clk (rise edge)                              10.00      10.00
  clock network delay (ideal)                             0.00      10.00
  clock uncertainty                                      -0.20       9.80
  Regfile_u_reg_file_reg_13__6_/CK (SDFFRQX1M)            0.00       9.80 r
  library setup time                                     -0.44       9.36
  data required time                                                 9.36
  --------------------------------------------------------------------------
  data required time                                                 9.36
  data arrival time                                                 -4.02
  --------------------------------------------------------------------------
  slack (MET)                                                        5.34


  Startpoint: Rx2SysCtrl_en_pulse_reg
              (rising edge-triggered flip-flop clocked by Ref_clk)
  Endpoint: Regfile_u_reg_file_reg_13__7_
            (rising edge-triggered flip-flop clocked by Ref_clk)
  Path Group: Ref_clk
  Path Type: max

  Point                                                   Incr       Path
  --------------------------------------------------------------------------
  clock Ref_clk (rise edge)                               0.00       0.00
  clock network delay (ideal)                             0.00       0.00
  Rx2SysCtrl_en_pulse_reg/CK (SDFFRQX2M)                  0.00       0.00 r
  Rx2SysCtrl_en_pulse_reg/Q (SDFFRQX2M)                   0.93       0.93 r
  U1729/Y (NAND2XLM)                                      0.58       1.51 f
  U1196/Y (INVXLM)                                        0.26       1.77 r
  U1489/Y (AOI22XLM)                                      0.16       1.93 f
  U1105/Y (INVXLM)                                        0.13       2.06 r
  U1111/Y (NAND2XLM)                                      0.10       2.16 f
  U1156/Y (NOR2XLM)                                       0.79       2.95 r
  U1382/Y (INVXLM)                                        0.14       3.09 f
  U1212/Y (NOR2XLM)                                       0.75       3.84 r
  U2298/Y (AOI2BB2XLM)                                    0.18       4.02 f
  Regfile_u_reg_file_reg_13__7_/D (SDFFRQX1M)             0.00       4.02 f
  data arrival time                                                  4.02

  clock Ref_clk (rise edge)                              10.00      10.00
  clock network delay (ideal)                             0.00      10.00
  clock uncertainty                                      -0.20       9.80
  Regfile_u_reg_file_reg_13__7_/CK (SDFFRQX1M)            0.00       9.80 r
  library setup time                                     -0.44       9.36
  data required time                                                 9.36
  --------------------------------------------------------------------------
  data required time                                                 9.36
  data arrival time                                                 -4.02
  --------------------------------------------------------------------------
  slack (MET)                                                        5.34


  Startpoint: Rx2SysCtrl_en_pulse_reg
              (rising edge-triggered flip-flop clocked by Ref_clk)
  Endpoint: Regfile_u_reg_file_reg_12__0_
            (rising edge-triggered flip-flop clocked by Ref_clk)
  Path Group: Ref_clk
  Path Type: max

  Point                                                   Incr       Path
  --------------------------------------------------------------------------
  clock Ref_clk (rise edge)                               0.00       0.00
  clock network delay (ideal)                             0.00       0.00
  Rx2SysCtrl_en_pulse_reg/CK (SDFFRQX2M)                  0.00       0.00 r
  Rx2SysCtrl_en_pulse_reg/Q (SDFFRQX2M)                   0.93       0.93 r
  U1729/Y (NAND2XLM)                                      0.58       1.51 f
  U1196/Y (INVXLM)                                        0.26       1.77 r
  U1489/Y (AOI22XLM)                                      0.16       1.93 f
  U1105/Y (INVXLM)                                        0.13       2.06 r
  U1111/Y (NAND2XLM)                                      0.10       2.16 f
  U1156/Y (NOR2XLM)                                       0.79       2.95 r
  U1382/Y (INVXLM)                                        0.14       3.09 f
  U1211/Y (NOR2XLM)                                       0.75       3.84 r
  U2103/Y (AOI2BB2XLM)                                    0.18       4.02 f
  Regfile_u_reg_file_reg_12__0_/D (SDFFRQX1M)             0.00       4.02 f
  data arrival time                                                  4.02

  clock Ref_clk (rise edge)                              10.00      10.00
  clock network delay (ideal)                             0.00      10.00
  clock uncertainty                                      -0.20       9.80
  Regfile_u_reg_file_reg_12__0_/CK (SDFFRQX1M)            0.00       9.80 r
  library setup time                                     -0.44       9.36
  data required time                                                 9.36
  --------------------------------------------------------------------------
  data required time                                                 9.36
  data arrival time                                                 -4.02
  --------------------------------------------------------------------------
  slack (MET)                                                        5.34


  Startpoint: Rx2SysCtrl_en_pulse_reg
              (rising edge-triggered flip-flop clocked by Ref_clk)
  Endpoint: Regfile_u_reg_file_reg_12__1_
            (rising edge-triggered flip-flop clocked by Ref_clk)
  Path Group: Ref_clk
  Path Type: max

  Point                                                   Incr       Path
  --------------------------------------------------------------------------
  clock Ref_clk (rise edge)                               0.00       0.00
  clock network delay (ideal)                             0.00       0.00
  Rx2SysCtrl_en_pulse_reg/CK (SDFFRQX2M)                  0.00       0.00 r
  Rx2SysCtrl_en_pulse_reg/Q (SDFFRQX2M)                   0.93       0.93 r
  U1729/Y (NAND2XLM)                                      0.58       1.51 f
  U1196/Y (INVXLM)                                        0.26       1.77 r
  U1489/Y (AOI22XLM)                                      0.16       1.93 f
  U1105/Y (INVXLM)                                        0.13       2.06 r
  U1111/Y (NAND2XLM)                                      0.10       2.16 f
  U1156/Y (NOR2XLM)                                       0.79       2.95 r
  U1382/Y (INVXLM)                                        0.14       3.09 f
  U1211/Y (NOR2XLM)                                       0.75       3.84 r
  U2212/Y (AOI2BB2XLM)                                    0.18       4.02 f
  Regfile_u_reg_file_reg_12__1_/D (SDFFRQX1M)             0.00       4.02 f
  data arrival time                                                  4.02

  clock Ref_clk (rise edge)                              10.00      10.00
  clock network delay (ideal)                             0.00      10.00
  clock uncertainty                                      -0.20       9.80
  Regfile_u_reg_file_reg_12__1_/CK (SDFFRQX1M)            0.00       9.80 r
  library setup time                                     -0.44       9.36
  data required time                                                 9.36
  --------------------------------------------------------------------------
  data required time                                                 9.36
  data arrival time                                                 -4.02
  --------------------------------------------------------------------------
  slack (MET)                                                        5.34


  Startpoint: Rx2SysCtrl_en_pulse_reg
              (rising edge-triggered flip-flop clocked by Ref_clk)
  Endpoint: Regfile_u_reg_file_reg_12__2_
            (rising edge-triggered flip-flop clocked by Ref_clk)
  Path Group: Ref_clk
  Path Type: max

  Point                                                   Incr       Path
  --------------------------------------------------------------------------
  clock Ref_clk (rise edge)                               0.00       0.00
  clock network delay (ideal)                             0.00       0.00
  Rx2SysCtrl_en_pulse_reg/CK (SDFFRQX2M)                  0.00       0.00 r
  Rx2SysCtrl_en_pulse_reg/Q (SDFFRQX2M)                   0.93       0.93 r
  U1729/Y (NAND2XLM)                                      0.58       1.51 f
  U1196/Y (INVXLM)                                        0.26       1.77 r
  U1489/Y (AOI22XLM)                                      0.16       1.93 f
  U1105/Y (INVXLM)                                        0.13       2.06 r
  U1111/Y (NAND2XLM)                                      0.10       2.16 f
  U1156/Y (NOR2XLM)                                       0.79       2.95 r
  U1382/Y (INVXLM)                                        0.14       3.09 f
  U1211/Y (NOR2XLM)                                       0.75       3.84 r
  U2233/Y (AOI2BB2XLM)                                    0.18       4.02 f
  Regfile_u_reg_file_reg_12__2_/D (SDFFRQX1M)             0.00       4.02 f
  data arrival time                                                  4.02

  clock Ref_clk (rise edge)                              10.00      10.00
  clock network delay (ideal)                             0.00      10.00
  clock uncertainty                                      -0.20       9.80
  Regfile_u_reg_file_reg_12__2_/CK (SDFFRQX1M)            0.00       9.80 r
  library setup time                                     -0.44       9.36
  data required time                                                 9.36
  --------------------------------------------------------------------------
  data required time                                                 9.36
  data arrival time                                                 -4.02
  --------------------------------------------------------------------------
  slack (MET)                                                        5.34


  Startpoint: Rx2SysCtrl_en_pulse_reg
              (rising edge-triggered flip-flop clocked by Ref_clk)
  Endpoint: Regfile_u_reg_file_reg_12__3_
            (rising edge-triggered flip-flop clocked by Ref_clk)
  Path Group: Ref_clk
  Path Type: max

  Point                                                   Incr       Path
  --------------------------------------------------------------------------
  clock Ref_clk (rise edge)                               0.00       0.00
  clock network delay (ideal)                             0.00       0.00
  Rx2SysCtrl_en_pulse_reg/CK (SDFFRQX2M)                  0.00       0.00 r
  Rx2SysCtrl_en_pulse_reg/Q (SDFFRQX2M)                   0.93       0.93 r
  U1729/Y (NAND2XLM)                                      0.58       1.51 f
  U1196/Y (INVXLM)                                        0.26       1.77 r
  U1489/Y (AOI22XLM)                                      0.16       1.93 f
  U1105/Y (INVXLM)                                        0.13       2.06 r
  U1111/Y (NAND2XLM)                                      0.10       2.16 f
  U1156/Y (NOR2XLM)                                       0.79       2.95 r
  U1382/Y (INVXLM)                                        0.14       3.09 f
  U1211/Y (NOR2XLM)                                       0.75       3.84 r
  U2247/Y (AOI2BB2XLM)                                    0.18       4.02 f
  Regfile_u_reg_file_reg_12__3_/D (SDFFRQX1M)             0.00       4.02 f
  data arrival time                                                  4.02

  clock Ref_clk (rise edge)                              10.00      10.00
  clock network delay (ideal)                             0.00      10.00
  clock uncertainty                                      -0.20       9.80
  Regfile_u_reg_file_reg_12__3_/CK (SDFFRQX1M)            0.00       9.80 r
  library setup time                                     -0.44       9.36
  data required time                                                 9.36
  --------------------------------------------------------------------------
  data required time                                                 9.36
  data arrival time                                                 -4.02
  --------------------------------------------------------------------------
  slack (MET)                                                        5.34


  Startpoint: Rx2SysCtrl_en_pulse_reg
              (rising edge-triggered flip-flop clocked by Ref_clk)
  Endpoint: Regfile_u_reg_file_reg_12__4_
            (rising edge-triggered flip-flop clocked by Ref_clk)
  Path Group: Ref_clk
  Path Type: max

  Point                                                   Incr       Path
  --------------------------------------------------------------------------
  clock Ref_clk (rise edge)                               0.00       0.00
  clock network delay (ideal)                             0.00       0.00
  Rx2SysCtrl_en_pulse_reg/CK (SDFFRQX2M)                  0.00       0.00 r
  Rx2SysCtrl_en_pulse_reg/Q (SDFFRQX2M)                   0.93       0.93 r
  U1729/Y (NAND2XLM)                                      0.58       1.51 f
  U1196/Y (INVXLM)                                        0.26       1.77 r
  U1489/Y (AOI22XLM)                                      0.16       1.93 f
  U1105/Y (INVXLM)                                        0.13       2.06 r
  U1111/Y (NAND2XLM)                                      0.10       2.16 f
  U1156/Y (NOR2XLM)                                       0.79       2.95 r
  U1382/Y (INVXLM)                                        0.14       3.09 f
  U1211/Y (NOR2XLM)                                       0.75       3.84 r
  U2260/Y (AOI2BB2XLM)                                    0.18       4.02 f
  Regfile_u_reg_file_reg_12__4_/D (SDFFRQX1M)             0.00       4.02 f
  data arrival time                                                  4.02

  clock Ref_clk (rise edge)                              10.00      10.00
  clock network delay (ideal)                             0.00      10.00
  clock uncertainty                                      -0.20       9.80
  Regfile_u_reg_file_reg_12__4_/CK (SDFFRQX1M)            0.00       9.80 r
  library setup time                                     -0.44       9.36
  data required time                                                 9.36
  --------------------------------------------------------------------------
  data required time                                                 9.36
  data arrival time                                                 -4.02
  --------------------------------------------------------------------------
  slack (MET)                                                        5.34


  Startpoint: Rx2SysCtrl_en_pulse_reg
              (rising edge-triggered flip-flop clocked by Ref_clk)
  Endpoint: Regfile_u_reg_file_reg_12__5_
            (rising edge-triggered flip-flop clocked by Ref_clk)
  Path Group: Ref_clk
  Path Type: max

  Point                                                   Incr       Path
  --------------------------------------------------------------------------
  clock Ref_clk (rise edge)                               0.00       0.00
  clock network delay (ideal)                             0.00       0.00
  Rx2SysCtrl_en_pulse_reg/CK (SDFFRQX2M)                  0.00       0.00 r
  Rx2SysCtrl_en_pulse_reg/Q (SDFFRQX2M)                   0.93       0.93 r
  U1729/Y (NAND2XLM)                                      0.58       1.51 f
  U1196/Y (INVXLM)                                        0.26       1.77 r
  U1489/Y (AOI22XLM)                                      0.16       1.93 f
  U1105/Y (INVXLM)                                        0.13       2.06 r
  U1111/Y (NAND2XLM)                                      0.10       2.16 f
  U1156/Y (NOR2XLM)                                       0.79       2.95 r
  U1382/Y (INVXLM)                                        0.14       3.09 f
  U1211/Y (NOR2XLM)                                       0.75       3.84 r
  U2273/Y (AOI2BB2XLM)                                    0.18       4.02 f
  Regfile_u_reg_file_reg_12__5_/D (SDFFRQX1M)             0.00       4.02 f
  data arrival time                                                  4.02

  clock Ref_clk (rise edge)                              10.00      10.00
  clock network delay (ideal)                             0.00      10.00
  clock uncertainty                                      -0.20       9.80
  Regfile_u_reg_file_reg_12__5_/CK (SDFFRQX1M)            0.00       9.80 r
  library setup time                                     -0.44       9.36
  data required time                                                 9.36
  --------------------------------------------------------------------------
  data required time                                                 9.36
  data arrival time                                                 -4.02
  --------------------------------------------------------------------------
  slack (MET)                                                        5.34


  Startpoint: Rx2SysCtrl_en_pulse_reg
              (rising edge-triggered flip-flop clocked by Ref_clk)
  Endpoint: Regfile_u_reg_file_reg_12__6_
            (rising edge-triggered flip-flop clocked by Ref_clk)
  Path Group: Ref_clk
  Path Type: max

  Point                                                   Incr       Path
  --------------------------------------------------------------------------
  clock Ref_clk (rise edge)                               0.00       0.00
  clock network delay (ideal)                             0.00       0.00
  Rx2SysCtrl_en_pulse_reg/CK (SDFFRQX2M)                  0.00       0.00 r
  Rx2SysCtrl_en_pulse_reg/Q (SDFFRQX2M)                   0.93       0.93 r
  U1729/Y (NAND2XLM)                                      0.58       1.51 f
  U1196/Y (INVXLM)                                        0.26       1.77 r
  U1489/Y (AOI22XLM)                                      0.16       1.93 f
  U1105/Y (INVXLM)                                        0.13       2.06 r
  U1111/Y (NAND2XLM)                                      0.10       2.16 f
  U1156/Y (NOR2XLM)                                       0.79       2.95 r
  U1382/Y (INVXLM)                                        0.14       3.09 f
  U1211/Y (NOR2XLM)                                       0.75       3.84 r
  U2286/Y (AOI2BB2XLM)                                    0.18       4.02 f
  Regfile_u_reg_file_reg_12__6_/D (SDFFRQX1M)             0.00       4.02 f
  data arrival time                                                  4.02

  clock Ref_clk (rise edge)                              10.00      10.00
  clock network delay (ideal)                             0.00      10.00
  clock uncertainty                                      -0.20       9.80
  Regfile_u_reg_file_reg_12__6_/CK (SDFFRQX1M)            0.00       9.80 r
  library setup time                                     -0.44       9.36
  data required time                                                 9.36
  --------------------------------------------------------------------------
  data required time                                                 9.36
  data arrival time                                                 -4.02
  --------------------------------------------------------------------------
  slack (MET)                                                        5.34


  Startpoint: Rx2SysCtrl_en_pulse_reg
              (rising edge-triggered flip-flop clocked by Ref_clk)
  Endpoint: Regfile_u_reg_file_reg_12__7_
            (rising edge-triggered flip-flop clocked by Ref_clk)
  Path Group: Ref_clk
  Path Type: max

  Point                                                   Incr       Path
  --------------------------------------------------------------------------
  clock Ref_clk (rise edge)                               0.00       0.00
  clock network delay (ideal)                             0.00       0.00
  Rx2SysCtrl_en_pulse_reg/CK (SDFFRQX2M)                  0.00       0.00 r
  Rx2SysCtrl_en_pulse_reg/Q (SDFFRQX2M)                   0.93       0.93 r
  U1729/Y (NAND2XLM)                                      0.58       1.51 f
  U1196/Y (INVXLM)                                        0.26       1.77 r
  U1489/Y (AOI22XLM)                                      0.16       1.93 f
  U1105/Y (INVXLM)                                        0.13       2.06 r
  U1111/Y (NAND2XLM)                                      0.10       2.16 f
  U1156/Y (NOR2XLM)                                       0.79       2.95 r
  U1382/Y (INVXLM)                                        0.14       3.09 f
  U1211/Y (NOR2XLM)                                       0.75       3.84 r
  U2299/Y (AOI2BB2XLM)                                    0.18       4.02 f
  Regfile_u_reg_file_reg_12__7_/D (SDFFRQX1M)             0.00       4.02 f
  data arrival time                                                  4.02

  clock Ref_clk (rise edge)                              10.00      10.00
  clock network delay (ideal)                             0.00      10.00
  clock uncertainty                                      -0.20       9.80
  Regfile_u_reg_file_reg_12__7_/CK (SDFFRQX1M)            0.00       9.80 r
  library setup time                                     -0.44       9.36
  data required time                                                 9.36
  --------------------------------------------------------------------------
  data required time                                                 9.36
  data arrival time                                                 -4.02
  --------------------------------------------------------------------------
  slack (MET)                                                        5.34


  Startpoint: Rx2SysCtrl_en_pulse_reg
              (rising edge-triggered flip-flop clocked by Ref_clk)
  Endpoint: Regfile_u_reg_file_reg_7__0_
            (rising edge-triggered flip-flop clocked by Ref_clk)
  Path Group: Ref_clk
  Path Type: max

  Point                                                   Incr       Path
  --------------------------------------------------------------------------
  clock Ref_clk (rise edge)                               0.00       0.00
  clock network delay (ideal)                             0.00       0.00
  Rx2SysCtrl_en_pulse_reg/CK (SDFFRQX2M)                  0.00       0.00 r
  Rx2SysCtrl_en_pulse_reg/Q (SDFFRQX2M)                   0.93       0.93 r
  U1729/Y (NAND2XLM)                                      0.58       1.51 f
  U1196/Y (INVXLM)                                        0.26       1.77 r
  U1489/Y (AOI22XLM)                                      0.16       1.93 f
  U1105/Y (INVXLM)                                        0.13       2.06 r
  U1108/Y (NAND2XLM)                                      0.10       2.16 f
  U1152/Y (NOR2XLM)                                       0.78       2.94 r
  U1387/Y (INVXLM)                                        0.14       3.09 f
  U1215/Y (NOR2XLM)                                       0.75       3.84 r
  U2108/Y (AOI2BB2XLM)                                    0.18       4.02 f
  Regfile_u_reg_file_reg_7__0_/D (SDFFRQX1M)              0.00       4.02 f
  data arrival time                                                  4.02

  clock Ref_clk (rise edge)                              10.00      10.00
  clock network delay (ideal)                             0.00      10.00
  clock uncertainty                                      -0.20       9.80
  Regfile_u_reg_file_reg_7__0_/CK (SDFFRQX1M)             0.00       9.80 r
  library setup time                                     -0.44       9.36
  data required time                                                 9.36
  --------------------------------------------------------------------------
  data required time                                                 9.36
  data arrival time                                                 -4.02
  --------------------------------------------------------------------------
  slack (MET)                                                        5.34


  Startpoint: Rx2SysCtrl_en_pulse_reg
              (rising edge-triggered flip-flop clocked by Ref_clk)
  Endpoint: Regfile_u_reg_file_reg_7__1_
            (rising edge-triggered flip-flop clocked by Ref_clk)
  Path Group: Ref_clk
  Path Type: max

  Point                                                   Incr       Path
  --------------------------------------------------------------------------
  clock Ref_clk (rise edge)                               0.00       0.00
  clock network delay (ideal)                             0.00       0.00
  Rx2SysCtrl_en_pulse_reg/CK (SDFFRQX2M)                  0.00       0.00 r
  Rx2SysCtrl_en_pulse_reg/Q (SDFFRQX2M)                   0.93       0.93 r
  U1729/Y (NAND2XLM)                                      0.58       1.51 f
  U1196/Y (INVXLM)                                        0.26       1.77 r
  U1489/Y (AOI22XLM)                                      0.16       1.93 f
  U1105/Y (INVXLM)                                        0.13       2.06 r
  U1108/Y (NAND2XLM)                                      0.10       2.16 f
  U1152/Y (NOR2XLM)                                       0.78       2.94 r
  U1387/Y (INVXLM)                                        0.14       3.09 f
  U1215/Y (NOR2XLM)                                       0.75       3.84 r
  U2217/Y (AOI2BB2XLM)                                    0.18       4.02 f
  Regfile_u_reg_file_reg_7__1_/D (SDFFRQX1M)              0.00       4.02 f
  data arrival time                                                  4.02

  clock Ref_clk (rise edge)                              10.00      10.00
  clock network delay (ideal)                             0.00      10.00
  clock uncertainty                                      -0.20       9.80
  Regfile_u_reg_file_reg_7__1_/CK (SDFFRQX1M)             0.00       9.80 r
  library setup time                                     -0.44       9.36
  data required time                                                 9.36
  --------------------------------------------------------------------------
  data required time                                                 9.36
  data arrival time                                                 -4.02
  --------------------------------------------------------------------------
  slack (MET)                                                        5.34


  Startpoint: Rx2SysCtrl_en_pulse_reg
              (rising edge-triggered flip-flop clocked by Ref_clk)
  Endpoint: Regfile_u_reg_file_reg_7__2_
            (rising edge-triggered flip-flop clocked by Ref_clk)
  Path Group: Ref_clk
  Path Type: max

  Point                                                   Incr       Path
  --------------------------------------------------------------------------
  clock Ref_clk (rise edge)                               0.00       0.00
  clock network delay (ideal)                             0.00       0.00
  Rx2SysCtrl_en_pulse_reg/CK (SDFFRQX2M)                  0.00       0.00 r
  Rx2SysCtrl_en_pulse_reg/Q (SDFFRQX2M)                   0.93       0.93 r
  U1729/Y (NAND2XLM)                                      0.58       1.51 f
  U1196/Y (INVXLM)                                        0.26       1.77 r
  U1489/Y (AOI22XLM)                                      0.16       1.93 f
  U1105/Y (INVXLM)                                        0.13       2.06 r
  U1108/Y (NAND2XLM)                                      0.10       2.16 f
  U1152/Y (NOR2XLM)                                       0.78       2.94 r
  U1387/Y (INVXLM)                                        0.14       3.09 f
  U1215/Y (NOR2XLM)                                       0.75       3.84 r
  U2238/Y (AOI2BB2XLM)                                    0.18       4.02 f
  Regfile_u_reg_file_reg_7__2_/D (SDFFRQX1M)              0.00       4.02 f
  data arrival time                                                  4.02

  clock Ref_clk (rise edge)                              10.00      10.00
  clock network delay (ideal)                             0.00      10.00
  clock uncertainty                                      -0.20       9.80
  Regfile_u_reg_file_reg_7__2_/CK (SDFFRQX1M)             0.00       9.80 r
  library setup time                                     -0.44       9.36
  data required time                                                 9.36
  --------------------------------------------------------------------------
  data required time                                                 9.36
  data arrival time                                                 -4.02
  --------------------------------------------------------------------------
  slack (MET)                                                        5.34


  Startpoint: Rx2SysCtrl_en_pulse_reg
              (rising edge-triggered flip-flop clocked by Ref_clk)
  Endpoint: Regfile_u_reg_file_reg_7__3_
            (rising edge-triggered flip-flop clocked by Ref_clk)
  Path Group: Ref_clk
  Path Type: max

  Point                                                   Incr       Path
  --------------------------------------------------------------------------
  clock Ref_clk (rise edge)                               0.00       0.00
  clock network delay (ideal)                             0.00       0.00
  Rx2SysCtrl_en_pulse_reg/CK (SDFFRQX2M)                  0.00       0.00 r
  Rx2SysCtrl_en_pulse_reg/Q (SDFFRQX2M)                   0.93       0.93 r
  U1729/Y (NAND2XLM)                                      0.58       1.51 f
  U1196/Y (INVXLM)                                        0.26       1.77 r
  U1489/Y (AOI22XLM)                                      0.16       1.93 f
  U1105/Y (INVXLM)                                        0.13       2.06 r
  U1108/Y (NAND2XLM)                                      0.10       2.16 f
  U1152/Y (NOR2XLM)                                       0.78       2.94 r
  U1387/Y (INVXLM)                                        0.14       3.09 f
  U1215/Y (NOR2XLM)                                       0.75       3.84 r
  U2252/Y (AOI2BB2XLM)                                    0.18       4.02 f
  Regfile_u_reg_file_reg_7__3_/D (SDFFRQX1M)              0.00       4.02 f
  data arrival time                                                  4.02

  clock Ref_clk (rise edge)                              10.00      10.00
  clock network delay (ideal)                             0.00      10.00
  clock uncertainty                                      -0.20       9.80
  Regfile_u_reg_file_reg_7__3_/CK (SDFFRQX1M)             0.00       9.80 r
  library setup time                                     -0.44       9.36
  data required time                                                 9.36
  --------------------------------------------------------------------------
  data required time                                                 9.36
  data arrival time                                                 -4.02
  --------------------------------------------------------------------------
  slack (MET)                                                        5.34


  Startpoint: Rx2SysCtrl_en_pulse_reg
              (rising edge-triggered flip-flop clocked by Ref_clk)
  Endpoint: Regfile_u_reg_file_reg_7__4_
            (rising edge-triggered flip-flop clocked by Ref_clk)
  Path Group: Ref_clk
  Path Type: max

  Point                                                   Incr       Path
  --------------------------------------------------------------------------
  clock Ref_clk (rise edge)                               0.00       0.00
  clock network delay (ideal)                             0.00       0.00
  Rx2SysCtrl_en_pulse_reg/CK (SDFFRQX2M)                  0.00       0.00 r
  Rx2SysCtrl_en_pulse_reg/Q (SDFFRQX2M)                   0.93       0.93 r
  U1729/Y (NAND2XLM)                                      0.58       1.51 f
  U1196/Y (INVXLM)                                        0.26       1.77 r
  U1489/Y (AOI22XLM)                                      0.16       1.93 f
  U1105/Y (INVXLM)                                        0.13       2.06 r
  U1108/Y (NAND2XLM)                                      0.10       2.16 f
  U1152/Y (NOR2XLM)                                       0.78       2.94 r
  U1387/Y (INVXLM)                                        0.14       3.09 f
  U1215/Y (NOR2XLM)                                       0.75       3.84 r
  U2265/Y (AOI2BB2XLM)                                    0.18       4.02 f
  Regfile_u_reg_file_reg_7__4_/D (SDFFRQX1M)              0.00       4.02 f
  data arrival time                                                  4.02

  clock Ref_clk (rise edge)                              10.00      10.00
  clock network delay (ideal)                             0.00      10.00
  clock uncertainty                                      -0.20       9.80
  Regfile_u_reg_file_reg_7__4_/CK (SDFFRQX1M)             0.00       9.80 r
  library setup time                                     -0.44       9.36
  data required time                                                 9.36
  --------------------------------------------------------------------------
  data required time                                                 9.36
  data arrival time                                                 -4.02
  --------------------------------------------------------------------------
  slack (MET)                                                        5.34


  Startpoint: Rx2SysCtrl_en_pulse_reg
              (rising edge-triggered flip-flop clocked by Ref_clk)
  Endpoint: Regfile_u_reg_file_reg_7__5_
            (rising edge-triggered flip-flop clocked by Ref_clk)
  Path Group: Ref_clk
  Path Type: max

  Point                                                   Incr       Path
  --------------------------------------------------------------------------
  clock Ref_clk (rise edge)                               0.00       0.00
  clock network delay (ideal)                             0.00       0.00
  Rx2SysCtrl_en_pulse_reg/CK (SDFFRQX2M)                  0.00       0.00 r
  Rx2SysCtrl_en_pulse_reg/Q (SDFFRQX2M)                   0.93       0.93 r
  U1729/Y (NAND2XLM)                                      0.58       1.51 f
  U1196/Y (INVXLM)                                        0.26       1.77 r
  U1489/Y (AOI22XLM)                                      0.16       1.93 f
  U1105/Y (INVXLM)                                        0.13       2.06 r
  U1108/Y (NAND2XLM)                                      0.10       2.16 f
  U1152/Y (NOR2XLM)                                       0.78       2.94 r
  U1387/Y (INVXLM)                                        0.14       3.09 f
  U1215/Y (NOR2XLM)                                       0.75       3.84 r
  U2278/Y (AOI2BB2XLM)                                    0.18       4.02 f
  Regfile_u_reg_file_reg_7__5_/D (SDFFRQX1M)              0.00       4.02 f
  data arrival time                                                  4.02

  clock Ref_clk (rise edge)                              10.00      10.00
  clock network delay (ideal)                             0.00      10.00
  clock uncertainty                                      -0.20       9.80
  Regfile_u_reg_file_reg_7__5_/CK (SDFFRQX1M)             0.00       9.80 r
  library setup time                                     -0.44       9.36
  data required time                                                 9.36
  --------------------------------------------------------------------------
  data required time                                                 9.36
  data arrival time                                                 -4.02
  --------------------------------------------------------------------------
  slack (MET)                                                        5.34


  Startpoint: Rx2SysCtrl_en_pulse_reg
              (rising edge-triggered flip-flop clocked by Ref_clk)
  Endpoint: Regfile_u_reg_file_reg_7__6_
            (rising edge-triggered flip-flop clocked by Ref_clk)
  Path Group: Ref_clk
  Path Type: max

  Point                                                   Incr       Path
  --------------------------------------------------------------------------
  clock Ref_clk (rise edge)                               0.00       0.00
  clock network delay (ideal)                             0.00       0.00
  Rx2SysCtrl_en_pulse_reg/CK (SDFFRQX2M)                  0.00       0.00 r
  Rx2SysCtrl_en_pulse_reg/Q (SDFFRQX2M)                   0.93       0.93 r
  U1729/Y (NAND2XLM)                                      0.58       1.51 f
  U1196/Y (INVXLM)                                        0.26       1.77 r
  U1489/Y (AOI22XLM)                                      0.16       1.93 f
  U1105/Y (INVXLM)                                        0.13       2.06 r
  U1108/Y (NAND2XLM)                                      0.10       2.16 f
  U1152/Y (NOR2XLM)                                       0.78       2.94 r
  U1387/Y (INVXLM)                                        0.14       3.09 f
  U1215/Y (NOR2XLM)                                       0.75       3.84 r
  U2291/Y (AOI2BB2XLM)                                    0.18       4.02 f
  Regfile_u_reg_file_reg_7__6_/D (SDFFRQX1M)              0.00       4.02 f
  data arrival time                                                  4.02

  clock Ref_clk (rise edge)                              10.00      10.00
  clock network delay (ideal)                             0.00      10.00
  clock uncertainty                                      -0.20       9.80
  Regfile_u_reg_file_reg_7__6_/CK (SDFFRQX1M)             0.00       9.80 r
  library setup time                                     -0.44       9.36
  data required time                                                 9.36
  --------------------------------------------------------------------------
  data required time                                                 9.36
  data arrival time                                                 -4.02
  --------------------------------------------------------------------------
  slack (MET)                                                        5.34


  Startpoint: Rx2SysCtrl_en_pulse_reg
              (rising edge-triggered flip-flop clocked by Ref_clk)
  Endpoint: Regfile_u_reg_file_reg_7__7_
            (rising edge-triggered flip-flop clocked by Ref_clk)
  Path Group: Ref_clk
  Path Type: max

  Point                                                   Incr       Path
  --------------------------------------------------------------------------
  clock Ref_clk (rise edge)                               0.00       0.00
  clock network delay (ideal)                             0.00       0.00
  Rx2SysCtrl_en_pulse_reg/CK (SDFFRQX2M)                  0.00       0.00 r
  Rx2SysCtrl_en_pulse_reg/Q (SDFFRQX2M)                   0.93       0.93 r
  U1729/Y (NAND2XLM)                                      0.58       1.51 f
  U1196/Y (INVXLM)                                        0.26       1.77 r
  U1489/Y (AOI22XLM)                                      0.16       1.93 f
  U1105/Y (INVXLM)                                        0.13       2.06 r
  U1108/Y (NAND2XLM)                                      0.10       2.16 f
  U1152/Y (NOR2XLM)                                       0.78       2.94 r
  U1387/Y (INVXLM)                                        0.14       3.09 f
  U1215/Y (NOR2XLM)                                       0.75       3.84 r
  U2304/Y (AOI2BB2XLM)                                    0.18       4.02 f
  Regfile_u_reg_file_reg_7__7_/D (SDFFRQX1M)              0.00       4.02 f
  data arrival time                                                  4.02

  clock Ref_clk (rise edge)                              10.00      10.00
  clock network delay (ideal)                             0.00      10.00
  clock uncertainty                                      -0.20       9.80
  Regfile_u_reg_file_reg_7__7_/CK (SDFFRQX1M)             0.00       9.80 r
  library setup time                                     -0.44       9.36
  data required time                                                 9.36
  --------------------------------------------------------------------------
  data required time                                                 9.36
  data arrival time                                                 -4.02
  --------------------------------------------------------------------------
  slack (MET)                                                        5.34


  Startpoint: Rx2SysCtrl_en_pulse_reg
              (rising edge-triggered flip-flop clocked by Ref_clk)
  Endpoint: Regfile_u_reg_file_reg_6__0_
            (rising edge-triggered flip-flop clocked by Ref_clk)
  Path Group: Ref_clk
  Path Type: max

  Point                                                   Incr       Path
  --------------------------------------------------------------------------
  clock Ref_clk (rise edge)                               0.00       0.00
  clock network delay (ideal)                             0.00       0.00
  Rx2SysCtrl_en_pulse_reg/CK (SDFFRQX2M)                  0.00       0.00 r
  Rx2SysCtrl_en_pulse_reg/Q (SDFFRQX2M)                   0.93       0.93 r
  U1729/Y (NAND2XLM)                                      0.58       1.51 f
  U1196/Y (INVXLM)                                        0.26       1.77 r
  U1489/Y (AOI22XLM)                                      0.16       1.93 f
  U1105/Y (INVXLM)                                        0.13       2.06 r
  U1108/Y (NAND2XLM)                                      0.10       2.16 f
  U1152/Y (NOR2XLM)                                       0.78       2.94 r
  U1387/Y (INVXLM)                                        0.14       3.09 f
  U1214/Y (NOR2XLM)                                       0.75       3.84 r
  U2109/Y (AOI2BB2XLM)                                    0.18       4.02 f
  Regfile_u_reg_file_reg_6__0_/D (SDFFRQX1M)              0.00       4.02 f
  data arrival time                                                  4.02

  clock Ref_clk (rise edge)                              10.00      10.00
  clock network delay (ideal)                             0.00      10.00
  clock uncertainty                                      -0.20       9.80
  Regfile_u_reg_file_reg_6__0_/CK (SDFFRQX1M)             0.00       9.80 r
  library setup time                                     -0.44       9.36
  data required time                                                 9.36
  --------------------------------------------------------------------------
  data required time                                                 9.36
  data arrival time                                                 -4.02
  --------------------------------------------------------------------------
  slack (MET)                                                        5.34


  Startpoint: Rx2SysCtrl_en_pulse_reg
              (rising edge-triggered flip-flop clocked by Ref_clk)
  Endpoint: Regfile_u_reg_file_reg_6__1_
            (rising edge-triggered flip-flop clocked by Ref_clk)
  Path Group: Ref_clk
  Path Type: max

  Point                                                   Incr       Path
  --------------------------------------------------------------------------
  clock Ref_clk (rise edge)                               0.00       0.00
  clock network delay (ideal)                             0.00       0.00
  Rx2SysCtrl_en_pulse_reg/CK (SDFFRQX2M)                  0.00       0.00 r
  Rx2SysCtrl_en_pulse_reg/Q (SDFFRQX2M)                   0.93       0.93 r
  U1729/Y (NAND2XLM)                                      0.58       1.51 f
  U1196/Y (INVXLM)                                        0.26       1.77 r
  U1489/Y (AOI22XLM)                                      0.16       1.93 f
  U1105/Y (INVXLM)                                        0.13       2.06 r
  U1108/Y (NAND2XLM)                                      0.10       2.16 f
  U1152/Y (NOR2XLM)                                       0.78       2.94 r
  U1387/Y (INVXLM)                                        0.14       3.09 f
  U1214/Y (NOR2XLM)                                       0.75       3.84 r
  U2218/Y (AOI2BB2XLM)                                    0.18       4.02 f
  Regfile_u_reg_file_reg_6__1_/D (SDFFRQX1M)              0.00       4.02 f
  data arrival time                                                  4.02

  clock Ref_clk (rise edge)                              10.00      10.00
  clock network delay (ideal)                             0.00      10.00
  clock uncertainty                                      -0.20       9.80
  Regfile_u_reg_file_reg_6__1_/CK (SDFFRQX1M)             0.00       9.80 r
  library setup time                                     -0.44       9.36
  data required time                                                 9.36
  --------------------------------------------------------------------------
  data required time                                                 9.36
  data arrival time                                                 -4.02
  --------------------------------------------------------------------------
  slack (MET)                                                        5.34


  Startpoint: Rx2SysCtrl_en_pulse_reg
              (rising edge-triggered flip-flop clocked by Ref_clk)
  Endpoint: Regfile_u_reg_file_reg_6__2_
            (rising edge-triggered flip-flop clocked by Ref_clk)
  Path Group: Ref_clk
  Path Type: max

  Point                                                   Incr       Path
  --------------------------------------------------------------------------
  clock Ref_clk (rise edge)                               0.00       0.00
  clock network delay (ideal)                             0.00       0.00
  Rx2SysCtrl_en_pulse_reg/CK (SDFFRQX2M)                  0.00       0.00 r
  Rx2SysCtrl_en_pulse_reg/Q (SDFFRQX2M)                   0.93       0.93 r
  U1729/Y (NAND2XLM)                                      0.58       1.51 f
  U1196/Y (INVXLM)                                        0.26       1.77 r
  U1489/Y (AOI22XLM)                                      0.16       1.93 f
  U1105/Y (INVXLM)                                        0.13       2.06 r
  U1108/Y (NAND2XLM)                                      0.10       2.16 f
  U1152/Y (NOR2XLM)                                       0.78       2.94 r
  U1387/Y (INVXLM)                                        0.14       3.09 f
  U1214/Y (NOR2XLM)                                       0.75       3.84 r
  U2239/Y (AOI2BB2XLM)                                    0.18       4.02 f
  Regfile_u_reg_file_reg_6__2_/D (SDFFRQX1M)              0.00       4.02 f
  data arrival time                                                  4.02

  clock Ref_clk (rise edge)                              10.00      10.00
  clock network delay (ideal)                             0.00      10.00
  clock uncertainty                                      -0.20       9.80
  Regfile_u_reg_file_reg_6__2_/CK (SDFFRQX1M)             0.00       9.80 r
  library setup time                                     -0.44       9.36
  data required time                                                 9.36
  --------------------------------------------------------------------------
  data required time                                                 9.36
  data arrival time                                                 -4.02
  --------------------------------------------------------------------------
  slack (MET)                                                        5.34


  Startpoint: Rx2SysCtrl_en_pulse_reg
              (rising edge-triggered flip-flop clocked by Ref_clk)
  Endpoint: Regfile_u_reg_file_reg_6__3_
            (rising edge-triggered flip-flop clocked by Ref_clk)
  Path Group: Ref_clk
  Path Type: max

  Point                                                   Incr       Path
  --------------------------------------------------------------------------
  clock Ref_clk (rise edge)                               0.00       0.00
  clock network delay (ideal)                             0.00       0.00
  Rx2SysCtrl_en_pulse_reg/CK (SDFFRQX2M)                  0.00       0.00 r
  Rx2SysCtrl_en_pulse_reg/Q (SDFFRQX2M)                   0.93       0.93 r
  U1729/Y (NAND2XLM)                                      0.58       1.51 f
  U1196/Y (INVXLM)                                        0.26       1.77 r
  U1489/Y (AOI22XLM)                                      0.16       1.93 f
  U1105/Y (INVXLM)                                        0.13       2.06 r
  U1108/Y (NAND2XLM)                                      0.10       2.16 f
  U1152/Y (NOR2XLM)                                       0.78       2.94 r
  U1387/Y (INVXLM)                                        0.14       3.09 f
  U1214/Y (NOR2XLM)                                       0.75       3.84 r
  U2253/Y (AOI2BB2XLM)                                    0.18       4.02 f
  Regfile_u_reg_file_reg_6__3_/D (SDFFRQX1M)              0.00       4.02 f
  data arrival time                                                  4.02

  clock Ref_clk (rise edge)                              10.00      10.00
  clock network delay (ideal)                             0.00      10.00
  clock uncertainty                                      -0.20       9.80
  Regfile_u_reg_file_reg_6__3_/CK (SDFFRQX1M)             0.00       9.80 r
  library setup time                                     -0.44       9.36
  data required time                                                 9.36
  --------------------------------------------------------------------------
  data required time                                                 9.36
  data arrival time                                                 -4.02
  --------------------------------------------------------------------------
  slack (MET)                                                        5.34


  Startpoint: Rx2SysCtrl_en_pulse_reg
              (rising edge-triggered flip-flop clocked by Ref_clk)
  Endpoint: Regfile_u_reg_file_reg_6__4_
            (rising edge-triggered flip-flop clocked by Ref_clk)
  Path Group: Ref_clk
  Path Type: max

  Point                                                   Incr       Path
  --------------------------------------------------------------------------
  clock Ref_clk (rise edge)                               0.00       0.00
  clock network delay (ideal)                             0.00       0.00
  Rx2SysCtrl_en_pulse_reg/CK (SDFFRQX2M)                  0.00       0.00 r
  Rx2SysCtrl_en_pulse_reg/Q (SDFFRQX2M)                   0.93       0.93 r
  U1729/Y (NAND2XLM)                                      0.58       1.51 f
  U1196/Y (INVXLM)                                        0.26       1.77 r
  U1489/Y (AOI22XLM)                                      0.16       1.93 f
  U1105/Y (INVXLM)                                        0.13       2.06 r
  U1108/Y (NAND2XLM)                                      0.10       2.16 f
  U1152/Y (NOR2XLM)                                       0.78       2.94 r
  U1387/Y (INVXLM)                                        0.14       3.09 f
  U1214/Y (NOR2XLM)                                       0.75       3.84 r
  U2266/Y (AOI2BB2XLM)                                    0.18       4.02 f
  Regfile_u_reg_file_reg_6__4_/D (SDFFRQX1M)              0.00       4.02 f
  data arrival time                                                  4.02

  clock Ref_clk (rise edge)                              10.00      10.00
  clock network delay (ideal)                             0.00      10.00
  clock uncertainty                                      -0.20       9.80
  Regfile_u_reg_file_reg_6__4_/CK (SDFFRQX1M)             0.00       9.80 r
  library setup time                                     -0.44       9.36
  data required time                                                 9.36
  --------------------------------------------------------------------------
  data required time                                                 9.36
  data arrival time                                                 -4.02
  --------------------------------------------------------------------------
  slack (MET)                                                        5.34


  Startpoint: Rx2SysCtrl_en_pulse_reg
              (rising edge-triggered flip-flop clocked by Ref_clk)
  Endpoint: Regfile_u_reg_file_reg_6__5_
            (rising edge-triggered flip-flop clocked by Ref_clk)
  Path Group: Ref_clk
  Path Type: max

  Point                                                   Incr       Path
  --------------------------------------------------------------------------
  clock Ref_clk (rise edge)                               0.00       0.00
  clock network delay (ideal)                             0.00       0.00
  Rx2SysCtrl_en_pulse_reg/CK (SDFFRQX2M)                  0.00       0.00 r
  Rx2SysCtrl_en_pulse_reg/Q (SDFFRQX2M)                   0.93       0.93 r
  U1729/Y (NAND2XLM)                                      0.58       1.51 f
  U1196/Y (INVXLM)                                        0.26       1.77 r
  U1489/Y (AOI22XLM)                                      0.16       1.93 f
  U1105/Y (INVXLM)                                        0.13       2.06 r
  U1108/Y (NAND2XLM)                                      0.10       2.16 f
  U1152/Y (NOR2XLM)                                       0.78       2.94 r
  U1387/Y (INVXLM)                                        0.14       3.09 f
  U1214/Y (NOR2XLM)                                       0.75       3.84 r
  U2279/Y (AOI2BB2XLM)                                    0.18       4.02 f
  Regfile_u_reg_file_reg_6__5_/D (SDFFRQX1M)              0.00       4.02 f
  data arrival time                                                  4.02

  clock Ref_clk (rise edge)                              10.00      10.00
  clock network delay (ideal)                             0.00      10.00
  clock uncertainty                                      -0.20       9.80
  Regfile_u_reg_file_reg_6__5_/CK (SDFFRQX1M)             0.00       9.80 r
  library setup time                                     -0.44       9.36
  data required time                                                 9.36
  --------------------------------------------------------------------------
  data required time                                                 9.36
  data arrival time                                                 -4.02
  --------------------------------------------------------------------------
  slack (MET)                                                        5.34


  Startpoint: Rx2SysCtrl_en_pulse_reg
              (rising edge-triggered flip-flop clocked by Ref_clk)
  Endpoint: Regfile_u_reg_file_reg_6__6_
            (rising edge-triggered flip-flop clocked by Ref_clk)
  Path Group: Ref_clk
  Path Type: max

  Point                                                   Incr       Path
  --------------------------------------------------------------------------
  clock Ref_clk (rise edge)                               0.00       0.00
  clock network delay (ideal)                             0.00       0.00
  Rx2SysCtrl_en_pulse_reg/CK (SDFFRQX2M)                  0.00       0.00 r
  Rx2SysCtrl_en_pulse_reg/Q (SDFFRQX2M)                   0.93       0.93 r
  U1729/Y (NAND2XLM)                                      0.58       1.51 f
  U1196/Y (INVXLM)                                        0.26       1.77 r
  U1489/Y (AOI22XLM)                                      0.16       1.93 f
  U1105/Y (INVXLM)                                        0.13       2.06 r
  U1108/Y (NAND2XLM)                                      0.10       2.16 f
  U1152/Y (NOR2XLM)                                       0.78       2.94 r
  U1387/Y (INVXLM)                                        0.14       3.09 f
  U1214/Y (NOR2XLM)                                       0.75       3.84 r
  U2292/Y (AOI2BB2XLM)                                    0.18       4.02 f
  Regfile_u_reg_file_reg_6__6_/D (SDFFRQX1M)              0.00       4.02 f
  data arrival time                                                  4.02

  clock Ref_clk (rise edge)                              10.00      10.00
  clock network delay (ideal)                             0.00      10.00
  clock uncertainty                                      -0.20       9.80
  Regfile_u_reg_file_reg_6__6_/CK (SDFFRQX1M)             0.00       9.80 r
  library setup time                                     -0.44       9.36
  data required time                                                 9.36
  --------------------------------------------------------------------------
  data required time                                                 9.36
  data arrival time                                                 -4.02
  --------------------------------------------------------------------------
  slack (MET)                                                        5.34


  Startpoint: Rx2SysCtrl_en_pulse_reg
              (rising edge-triggered flip-flop clocked by Ref_clk)
  Endpoint: Regfile_u_reg_file_reg_6__7_
            (rising edge-triggered flip-flop clocked by Ref_clk)
  Path Group: Ref_clk
  Path Type: max

  Point                                                   Incr       Path
  --------------------------------------------------------------------------
  clock Ref_clk (rise edge)                               0.00       0.00
  clock network delay (ideal)                             0.00       0.00
  Rx2SysCtrl_en_pulse_reg/CK (SDFFRQX2M)                  0.00       0.00 r
  Rx2SysCtrl_en_pulse_reg/Q (SDFFRQX2M)                   0.93       0.93 r
  U1729/Y (NAND2XLM)                                      0.58       1.51 f
  U1196/Y (INVXLM)                                        0.26       1.77 r
  U1489/Y (AOI22XLM)                                      0.16       1.93 f
  U1105/Y (INVXLM)                                        0.13       2.06 r
  U1108/Y (NAND2XLM)                                      0.10       2.16 f
  U1152/Y (NOR2XLM)                                       0.78       2.94 r
  U1387/Y (INVXLM)                                        0.14       3.09 f
  U1214/Y (NOR2XLM)                                       0.75       3.84 r
  U2305/Y (AOI2BB2XLM)                                    0.18       4.02 f
  Regfile_u_reg_file_reg_6__7_/D (SDFFRQX1M)              0.00       4.02 f
  data arrival time                                                  4.02

  clock Ref_clk (rise edge)                              10.00      10.00
  clock network delay (ideal)                             0.00      10.00
  clock uncertainty                                      -0.20       9.80
  Regfile_u_reg_file_reg_6__7_/CK (SDFFRQX1M)             0.00       9.80 r
  library setup time                                     -0.44       9.36
  data required time                                                 9.36
  --------------------------------------------------------------------------
  data required time                                                 9.36
  data arrival time                                                 -4.02
  --------------------------------------------------------------------------
  slack (MET)                                                        5.34


  Startpoint: Rx2SysCtrl_en_pulse_reg
              (rising edge-triggered flip-flop clocked by Ref_clk)
  Endpoint: Regfile_u_reg_file_reg_4__5_
            (rising edge-triggered flip-flop clocked by Ref_clk)
  Path Group: Ref_clk
  Path Type: max

  Point                                                   Incr       Path
  --------------------------------------------------------------------------
  clock Ref_clk (rise edge)                               0.00       0.00
  clock network delay (ideal)                             0.00       0.00
  Rx2SysCtrl_en_pulse_reg/CK (SDFFRQX2M)                  0.00       0.00 r
  Rx2SysCtrl_en_pulse_reg/Q (SDFFRQX2M)                   0.93       0.93 r
  U1729/Y (NAND2XLM)                                      0.58       1.51 f
  U1196/Y (INVXLM)                                        0.26       1.77 r
  U1489/Y (AOI22XLM)                                      0.16       1.93 f
  U1105/Y (INVXLM)                                        0.13       2.06 r
  U1108/Y (NAND2XLM)                                      0.10       2.16 f
  U1153/Y (NOR2XLM)                                       0.78       2.94 r
  U1388/Y (INVXLM)                                        0.14       3.08 f
  U1216/Y (NOR2XLM)                                       0.76       3.84 r
  U2281/Y (AOI2BB2XLM)                                    0.18       4.02 f
  Regfile_u_reg_file_reg_4__5_/D (SDFFRQX2M)              0.00       4.02 f
  data arrival time                                                  4.02

  clock Ref_clk (rise edge)                              10.00      10.00
  clock network delay (ideal)                             0.00      10.00
  clock uncertainty                                      -0.20       9.80
  Regfile_u_reg_file_reg_4__5_/CK (SDFFRQX2M)             0.00       9.80 r
  library setup time                                     -0.44       9.36
  data required time                                                 9.36
  --------------------------------------------------------------------------
  data required time                                                 9.36
  data arrival time                                                 -4.02
  --------------------------------------------------------------------------
  slack (MET)                                                        5.35


  Startpoint: Rx2SysCtrl_en_pulse_reg
              (rising edge-triggered flip-flop clocked by Ref_clk)
  Endpoint: Regfile_u_reg_file_reg_4__0_
            (rising edge-triggered flip-flop clocked by Ref_clk)
  Path Group: Ref_clk
  Path Type: max

  Point                                                   Incr       Path
  --------------------------------------------------------------------------
  clock Ref_clk (rise edge)                               0.00       0.00
  clock network delay (ideal)                             0.00       0.00
  Rx2SysCtrl_en_pulse_reg/CK (SDFFRQX2M)                  0.00       0.00 r
  Rx2SysCtrl_en_pulse_reg/Q (SDFFRQX2M)                   0.93       0.93 r
  U1729/Y (NAND2XLM)                                      0.58       1.51 f
  U1196/Y (INVXLM)                                        0.26       1.77 r
  U1489/Y (AOI22XLM)                                      0.16       1.93 f
  U1105/Y (INVXLM)                                        0.13       2.06 r
  U1108/Y (NAND2XLM)                                      0.10       2.16 f
  U1153/Y (NOR2XLM)                                       0.78       2.94 r
  U1388/Y (INVXLM)                                        0.14       3.08 f
  U1216/Y (NOR2XLM)                                       0.76       3.84 r
  U2111/Y (AOI2BB2XLM)                                    0.18       4.02 f
  Regfile_u_reg_file_reg_4__0_/D (SDFFRQX1M)              0.00       4.02 f
  data arrival time                                                  4.02

  clock Ref_clk (rise edge)                              10.00      10.00
  clock network delay (ideal)                             0.00      10.00
  clock uncertainty                                      -0.20       9.80
  Regfile_u_reg_file_reg_4__0_/CK (SDFFRQX1M)             0.00       9.80 r
  library setup time                                     -0.44       9.36
  data required time                                                 9.36
  --------------------------------------------------------------------------
  data required time                                                 9.36
  data arrival time                                                 -4.02
  --------------------------------------------------------------------------
  slack (MET)                                                        5.35


  Startpoint: Rx2SysCtrl_en_pulse_reg
              (rising edge-triggered flip-flop clocked by Ref_clk)
  Endpoint: Regfile_u_reg_file_reg_4__1_
            (rising edge-triggered flip-flop clocked by Ref_clk)
  Path Group: Ref_clk
  Path Type: max

  Point                                                   Incr       Path
  --------------------------------------------------------------------------
  clock Ref_clk (rise edge)                               0.00       0.00
  clock network delay (ideal)                             0.00       0.00
  Rx2SysCtrl_en_pulse_reg/CK (SDFFRQX2M)                  0.00       0.00 r
  Rx2SysCtrl_en_pulse_reg/Q (SDFFRQX2M)                   0.93       0.93 r
  U1729/Y (NAND2XLM)                                      0.58       1.51 f
  U1196/Y (INVXLM)                                        0.26       1.77 r
  U1489/Y (AOI22XLM)                                      0.16       1.93 f
  U1105/Y (INVXLM)                                        0.13       2.06 r
  U1108/Y (NAND2XLM)                                      0.10       2.16 f
  U1153/Y (NOR2XLM)                                       0.78       2.94 r
  U1388/Y (INVXLM)                                        0.14       3.08 f
  U1216/Y (NOR2XLM)                                       0.76       3.84 r
  U2220/Y (AOI2BB2XLM)                                    0.18       4.02 f
  Regfile_u_reg_file_reg_4__1_/D (SDFFRQX1M)              0.00       4.02 f
  data arrival time                                                  4.02

  clock Ref_clk (rise edge)                              10.00      10.00
  clock network delay (ideal)                             0.00      10.00
  clock uncertainty                                      -0.20       9.80
  Regfile_u_reg_file_reg_4__1_/CK (SDFFRQX1M)             0.00       9.80 r
  library setup time                                     -0.44       9.36
  data required time                                                 9.36
  --------------------------------------------------------------------------
  data required time                                                 9.36
  data arrival time                                                 -4.02
  --------------------------------------------------------------------------
  slack (MET)                                                        5.35


  Startpoint: Rx2SysCtrl_en_pulse_reg
              (rising edge-triggered flip-flop clocked by Ref_clk)
  Endpoint: Regfile_u_reg_file_reg_4__2_
            (rising edge-triggered flip-flop clocked by Ref_clk)
  Path Group: Ref_clk
  Path Type: max

  Point                                                   Incr       Path
  --------------------------------------------------------------------------
  clock Ref_clk (rise edge)                               0.00       0.00
  clock network delay (ideal)                             0.00       0.00
  Rx2SysCtrl_en_pulse_reg/CK (SDFFRQX2M)                  0.00       0.00 r
  Rx2SysCtrl_en_pulse_reg/Q (SDFFRQX2M)                   0.93       0.93 r
  U1729/Y (NAND2XLM)                                      0.58       1.51 f
  U1196/Y (INVXLM)                                        0.26       1.77 r
  U1489/Y (AOI22XLM)                                      0.16       1.93 f
  U1105/Y (INVXLM)                                        0.13       2.06 r
  U1108/Y (NAND2XLM)                                      0.10       2.16 f
  U1153/Y (NOR2XLM)                                       0.78       2.94 r
  U1388/Y (INVXLM)                                        0.14       3.08 f
  U1216/Y (NOR2XLM)                                       0.76       3.84 r
  U2241/Y (AOI2BB2XLM)                                    0.18       4.02 f
  Regfile_u_reg_file_reg_4__2_/D (SDFFRQX1M)              0.00       4.02 f
  data arrival time                                                  4.02

  clock Ref_clk (rise edge)                              10.00      10.00
  clock network delay (ideal)                             0.00      10.00
  clock uncertainty                                      -0.20       9.80
  Regfile_u_reg_file_reg_4__2_/CK (SDFFRQX1M)             0.00       9.80 r
  library setup time                                     -0.44       9.36
  data required time                                                 9.36
  --------------------------------------------------------------------------
  data required time                                                 9.36
  data arrival time                                                 -4.02
  --------------------------------------------------------------------------
  slack (MET)                                                        5.35


  Startpoint: Rx2SysCtrl_en_pulse_reg
              (rising edge-triggered flip-flop clocked by Ref_clk)
  Endpoint: Regfile_u_reg_file_reg_4__3_
            (rising edge-triggered flip-flop clocked by Ref_clk)
  Path Group: Ref_clk
  Path Type: max

  Point                                                   Incr       Path
  --------------------------------------------------------------------------
  clock Ref_clk (rise edge)                               0.00       0.00
  clock network delay (ideal)                             0.00       0.00
  Rx2SysCtrl_en_pulse_reg/CK (SDFFRQX2M)                  0.00       0.00 r
  Rx2SysCtrl_en_pulse_reg/Q (SDFFRQX2M)                   0.93       0.93 r
  U1729/Y (NAND2XLM)                                      0.58       1.51 f
  U1196/Y (INVXLM)                                        0.26       1.77 r
  U1489/Y (AOI22XLM)                                      0.16       1.93 f
  U1105/Y (INVXLM)                                        0.13       2.06 r
  U1108/Y (NAND2XLM)                                      0.10       2.16 f
  U1153/Y (NOR2XLM)                                       0.78       2.94 r
  U1388/Y (INVXLM)                                        0.14       3.08 f
  U1216/Y (NOR2XLM)                                       0.76       3.84 r
  U2255/Y (AOI2BB2XLM)                                    0.18       4.02 f
  Regfile_u_reg_file_reg_4__3_/D (SDFFRQX1M)              0.00       4.02 f
  data arrival time                                                  4.02

  clock Ref_clk (rise edge)                              10.00      10.00
  clock network delay (ideal)                             0.00      10.00
  clock uncertainty                                      -0.20       9.80
  Regfile_u_reg_file_reg_4__3_/CK (SDFFRQX1M)             0.00       9.80 r
  library setup time                                     -0.44       9.36
  data required time                                                 9.36
  --------------------------------------------------------------------------
  data required time                                                 9.36
  data arrival time                                                 -4.02
  --------------------------------------------------------------------------
  slack (MET)                                                        5.35


  Startpoint: Rx2SysCtrl_en_pulse_reg
              (rising edge-triggered flip-flop clocked by Ref_clk)
  Endpoint: Regfile_u_reg_file_reg_4__4_
            (rising edge-triggered flip-flop clocked by Ref_clk)
  Path Group: Ref_clk
  Path Type: max

  Point                                                   Incr       Path
  --------------------------------------------------------------------------
  clock Ref_clk (rise edge)                               0.00       0.00
  clock network delay (ideal)                             0.00       0.00
  Rx2SysCtrl_en_pulse_reg/CK (SDFFRQX2M)                  0.00       0.00 r
  Rx2SysCtrl_en_pulse_reg/Q (SDFFRQX2M)                   0.93       0.93 r
  U1729/Y (NAND2XLM)                                      0.58       1.51 f
  U1196/Y (INVXLM)                                        0.26       1.77 r
  U1489/Y (AOI22XLM)                                      0.16       1.93 f
  U1105/Y (INVXLM)                                        0.13       2.06 r
  U1108/Y (NAND2XLM)                                      0.10       2.16 f
  U1153/Y (NOR2XLM)                                       0.78       2.94 r
  U1388/Y (INVXLM)                                        0.14       3.08 f
  U1216/Y (NOR2XLM)                                       0.76       3.84 r
  U2268/Y (AOI2BB2XLM)                                    0.18       4.02 f
  Regfile_u_reg_file_reg_4__4_/D (SDFFRQX1M)              0.00       4.02 f
  data arrival time                                                  4.02

  clock Ref_clk (rise edge)                              10.00      10.00
  clock network delay (ideal)                             0.00      10.00
  clock uncertainty                                      -0.20       9.80
  Regfile_u_reg_file_reg_4__4_/CK (SDFFRQX1M)             0.00       9.80 r
  library setup time                                     -0.44       9.36
  data required time                                                 9.36
  --------------------------------------------------------------------------
  data required time                                                 9.36
  data arrival time                                                 -4.02
  --------------------------------------------------------------------------
  slack (MET)                                                        5.35


  Startpoint: Rx2SysCtrl_en_pulse_reg
              (rising edge-triggered flip-flop clocked by Ref_clk)
  Endpoint: Regfile_u_reg_file_reg_4__6_
            (rising edge-triggered flip-flop clocked by Ref_clk)
  Path Group: Ref_clk
  Path Type: max

  Point                                                   Incr       Path
  --------------------------------------------------------------------------
  clock Ref_clk (rise edge)                               0.00       0.00
  clock network delay (ideal)                             0.00       0.00
  Rx2SysCtrl_en_pulse_reg/CK (SDFFRQX2M)                  0.00       0.00 r
  Rx2SysCtrl_en_pulse_reg/Q (SDFFRQX2M)                   0.93       0.93 r
  U1729/Y (NAND2XLM)                                      0.58       1.51 f
  U1196/Y (INVXLM)                                        0.26       1.77 r
  U1489/Y (AOI22XLM)                                      0.16       1.93 f
  U1105/Y (INVXLM)                                        0.13       2.06 r
  U1108/Y (NAND2XLM)                                      0.10       2.16 f
  U1153/Y (NOR2XLM)                                       0.78       2.94 r
  U1388/Y (INVXLM)                                        0.14       3.08 f
  U1216/Y (NOR2XLM)                                       0.76       3.84 r
  U2294/Y (AOI2BB2XLM)                                    0.18       4.02 f
  Regfile_u_reg_file_reg_4__6_/D (SDFFRQX1M)              0.00       4.02 f
  data arrival time                                                  4.02

  clock Ref_clk (rise edge)                              10.00      10.00
  clock network delay (ideal)                             0.00      10.00
  clock uncertainty                                      -0.20       9.80
  Regfile_u_reg_file_reg_4__6_/CK (SDFFRQX1M)             0.00       9.80 r
  library setup time                                     -0.44       9.36
  data required time                                                 9.36
  --------------------------------------------------------------------------
  data required time                                                 9.36
  data arrival time                                                 -4.02
  --------------------------------------------------------------------------
  slack (MET)                                                        5.35


  Startpoint: Rx2SysCtrl_en_pulse_reg
              (rising edge-triggered flip-flop clocked by Ref_clk)
  Endpoint: Regfile_u_reg_file_reg_4__7_
            (rising edge-triggered flip-flop clocked by Ref_clk)
  Path Group: Ref_clk
  Path Type: max

  Point                                                   Incr       Path
  --------------------------------------------------------------------------
  clock Ref_clk (rise edge)                               0.00       0.00
  clock network delay (ideal)                             0.00       0.00
  Rx2SysCtrl_en_pulse_reg/CK (SDFFRQX2M)                  0.00       0.00 r
  Rx2SysCtrl_en_pulse_reg/Q (SDFFRQX2M)                   0.93       0.93 r
  U1729/Y (NAND2XLM)                                      0.58       1.51 f
  U1196/Y (INVXLM)                                        0.26       1.77 r
  U1489/Y (AOI22XLM)                                      0.16       1.93 f
  U1105/Y (INVXLM)                                        0.13       2.06 r
  U1108/Y (NAND2XLM)                                      0.10       2.16 f
  U1153/Y (NOR2XLM)                                       0.78       2.94 r
  U1388/Y (INVXLM)                                        0.14       3.08 f
  U1216/Y (NOR2XLM)                                       0.76       3.84 r
  U2307/Y (AOI2BB2XLM)                                    0.18       4.02 f
  Regfile_u_reg_file_reg_4__7_/D (SDFFRQX1M)              0.00       4.02 f
  data arrival time                                                  4.02

  clock Ref_clk (rise edge)                              10.00      10.00
  clock network delay (ideal)                             0.00      10.00
  clock uncertainty                                      -0.20       9.80
  Regfile_u_reg_file_reg_4__7_/CK (SDFFRQX1M)             0.00       9.80 r
  library setup time                                     -0.44       9.36
  data required time                                                 9.36
  --------------------------------------------------------------------------
  data required time                                                 9.36
  data arrival time                                                 -4.02
  --------------------------------------------------------------------------
  slack (MET)                                                        5.35


  Startpoint: Rx2SysCtrl_en_pulse_reg
              (rising edge-triggered flip-flop clocked by Ref_clk)
  Endpoint: Regfile_u_reg_file_reg_5__0_
            (rising edge-triggered flip-flop clocked by Ref_clk)
  Path Group: Ref_clk
  Path Type: max

  Point                                                   Incr       Path
  --------------------------------------------------------------------------
  clock Ref_clk (rise edge)                               0.00       0.00
  clock network delay (ideal)                             0.00       0.00
  Rx2SysCtrl_en_pulse_reg/CK (SDFFRQX2M)                  0.00       0.00 r
  Rx2SysCtrl_en_pulse_reg/Q (SDFFRQX2M)                   0.93       0.93 r
  U1729/Y (NAND2XLM)                                      0.58       1.51 f
  U1196/Y (INVXLM)                                        0.26       1.77 r
  U1489/Y (AOI22XLM)                                      0.16       1.93 f
  U1105/Y (INVXLM)                                        0.13       2.06 r
  U1108/Y (NAND2XLM)                                      0.10       2.16 f
  U1153/Y (NOR2XLM)                                       0.78       2.94 r
  U1388/Y (INVXLM)                                        0.14       3.08 f
  U1217/Y (NOR2XLM)                                       0.75       3.83 r
  U2110/Y (AOI2BB2XLM)                                    0.18       4.01 f
  Regfile_u_reg_file_reg_5__0_/D (SDFFRQX1M)              0.00       4.01 f
  data arrival time                                                  4.01

  clock Ref_clk (rise edge)                              10.00      10.00
  clock network delay (ideal)                             0.00      10.00
  clock uncertainty                                      -0.20       9.80
  Regfile_u_reg_file_reg_5__0_/CK (SDFFRQX1M)             0.00       9.80 r
  library setup time                                     -0.44       9.36
  data required time                                                 9.36
  --------------------------------------------------------------------------
  data required time                                                 9.36
  data arrival time                                                 -4.01
  --------------------------------------------------------------------------
  slack (MET)                                                        5.35


  Startpoint: Rx2SysCtrl_en_pulse_reg
              (rising edge-triggered flip-flop clocked by Ref_clk)
  Endpoint: Regfile_u_reg_file_reg_5__1_
            (rising edge-triggered flip-flop clocked by Ref_clk)
  Path Group: Ref_clk
  Path Type: max

  Point                                                   Incr       Path
  --------------------------------------------------------------------------
  clock Ref_clk (rise edge)                               0.00       0.00
  clock network delay (ideal)                             0.00       0.00
  Rx2SysCtrl_en_pulse_reg/CK (SDFFRQX2M)                  0.00       0.00 r
  Rx2SysCtrl_en_pulse_reg/Q (SDFFRQX2M)                   0.93       0.93 r
  U1729/Y (NAND2XLM)                                      0.58       1.51 f
  U1196/Y (INVXLM)                                        0.26       1.77 r
  U1489/Y (AOI22XLM)                                      0.16       1.93 f
  U1105/Y (INVXLM)                                        0.13       2.06 r
  U1108/Y (NAND2XLM)                                      0.10       2.16 f
  U1153/Y (NOR2XLM)                                       0.78       2.94 r
  U1388/Y (INVXLM)                                        0.14       3.08 f
  U1217/Y (NOR2XLM)                                       0.75       3.83 r
  U2219/Y (AOI2BB2XLM)                                    0.18       4.01 f
  Regfile_u_reg_file_reg_5__1_/D (SDFFRQX1M)              0.00       4.01 f
  data arrival time                                                  4.01

  clock Ref_clk (rise edge)                              10.00      10.00
  clock network delay (ideal)                             0.00      10.00
  clock uncertainty                                      -0.20       9.80
  Regfile_u_reg_file_reg_5__1_/CK (SDFFRQX1M)             0.00       9.80 r
  library setup time                                     -0.44       9.36
  data required time                                                 9.36
  --------------------------------------------------------------------------
  data required time                                                 9.36
  data arrival time                                                 -4.01
  --------------------------------------------------------------------------
  slack (MET)                                                        5.35


  Startpoint: Rx2SysCtrl_en_pulse_reg
              (rising edge-triggered flip-flop clocked by Ref_clk)
  Endpoint: Regfile_u_reg_file_reg_5__2_
            (rising edge-triggered flip-flop clocked by Ref_clk)
  Path Group: Ref_clk
  Path Type: max

  Point                                                   Incr       Path
  --------------------------------------------------------------------------
  clock Ref_clk (rise edge)                               0.00       0.00
  clock network delay (ideal)                             0.00       0.00
  Rx2SysCtrl_en_pulse_reg/CK (SDFFRQX2M)                  0.00       0.00 r
  Rx2SysCtrl_en_pulse_reg/Q (SDFFRQX2M)                   0.93       0.93 r
  U1729/Y (NAND2XLM)                                      0.58       1.51 f
  U1196/Y (INVXLM)                                        0.26       1.77 r
  U1489/Y (AOI22XLM)                                      0.16       1.93 f
  U1105/Y (INVXLM)                                        0.13       2.06 r
  U1108/Y (NAND2XLM)                                      0.10       2.16 f
  U1153/Y (NOR2XLM)                                       0.78       2.94 r
  U1388/Y (INVXLM)                                        0.14       3.08 f
  U1217/Y (NOR2XLM)                                       0.75       3.83 r
  U2240/Y (AOI2BB2XLM)                                    0.18       4.01 f
  Regfile_u_reg_file_reg_5__2_/D (SDFFRQX1M)              0.00       4.01 f
  data arrival time                                                  4.01

  clock Ref_clk (rise edge)                              10.00      10.00
  clock network delay (ideal)                             0.00      10.00
  clock uncertainty                                      -0.20       9.80
  Regfile_u_reg_file_reg_5__2_/CK (SDFFRQX1M)             0.00       9.80 r
  library setup time                                     -0.44       9.36
  data required time                                                 9.36
  --------------------------------------------------------------------------
  data required time                                                 9.36
  data arrival time                                                 -4.01
  --------------------------------------------------------------------------
  slack (MET)                                                        5.35


  Startpoint: Rx2SysCtrl_en_pulse_reg
              (rising edge-triggered flip-flop clocked by Ref_clk)
  Endpoint: Regfile_u_reg_file_reg_5__3_
            (rising edge-triggered flip-flop clocked by Ref_clk)
  Path Group: Ref_clk
  Path Type: max

  Point                                                   Incr       Path
  --------------------------------------------------------------------------
  clock Ref_clk (rise edge)                               0.00       0.00
  clock network delay (ideal)                             0.00       0.00
  Rx2SysCtrl_en_pulse_reg/CK (SDFFRQX2M)                  0.00       0.00 r
  Rx2SysCtrl_en_pulse_reg/Q (SDFFRQX2M)                   0.93       0.93 r
  U1729/Y (NAND2XLM)                                      0.58       1.51 f
  U1196/Y (INVXLM)                                        0.26       1.77 r
  U1489/Y (AOI22XLM)                                      0.16       1.93 f
  U1105/Y (INVXLM)                                        0.13       2.06 r
  U1108/Y (NAND2XLM)                                      0.10       2.16 f
  U1153/Y (NOR2XLM)                                       0.78       2.94 r
  U1388/Y (INVXLM)                                        0.14       3.08 f
  U1217/Y (NOR2XLM)                                       0.75       3.83 r
  U2254/Y (AOI2BB2XLM)                                    0.18       4.01 f
  Regfile_u_reg_file_reg_5__3_/D (SDFFRQX1M)              0.00       4.01 f
  data arrival time                                                  4.01

  clock Ref_clk (rise edge)                              10.00      10.00
  clock network delay (ideal)                             0.00      10.00
  clock uncertainty                                      -0.20       9.80
  Regfile_u_reg_file_reg_5__3_/CK (SDFFRQX1M)             0.00       9.80 r
  library setup time                                     -0.44       9.36
  data required time                                                 9.36
  --------------------------------------------------------------------------
  data required time                                                 9.36
  data arrival time                                                 -4.01
  --------------------------------------------------------------------------
  slack (MET)                                                        5.35


  Startpoint: Rx2SysCtrl_en_pulse_reg
              (rising edge-triggered flip-flop clocked by Ref_clk)
  Endpoint: Regfile_u_reg_file_reg_5__4_
            (rising edge-triggered flip-flop clocked by Ref_clk)
  Path Group: Ref_clk
  Path Type: max

  Point                                                   Incr       Path
  --------------------------------------------------------------------------
  clock Ref_clk (rise edge)                               0.00       0.00
  clock network delay (ideal)                             0.00       0.00
  Rx2SysCtrl_en_pulse_reg/CK (SDFFRQX2M)                  0.00       0.00 r
  Rx2SysCtrl_en_pulse_reg/Q (SDFFRQX2M)                   0.93       0.93 r
  U1729/Y (NAND2XLM)                                      0.58       1.51 f
  U1196/Y (INVXLM)                                        0.26       1.77 r
  U1489/Y (AOI22XLM)                                      0.16       1.93 f
  U1105/Y (INVXLM)                                        0.13       2.06 r
  U1108/Y (NAND2XLM)                                      0.10       2.16 f
  U1153/Y (NOR2XLM)                                       0.78       2.94 r
  U1388/Y (INVXLM)                                        0.14       3.08 f
  U1217/Y (NOR2XLM)                                       0.75       3.83 r
  U2267/Y (AOI2BB2XLM)                                    0.18       4.01 f
  Regfile_u_reg_file_reg_5__4_/D (SDFFRQX1M)              0.00       4.01 f
  data arrival time                                                  4.01

  clock Ref_clk (rise edge)                              10.00      10.00
  clock network delay (ideal)                             0.00      10.00
  clock uncertainty                                      -0.20       9.80
  Regfile_u_reg_file_reg_5__4_/CK (SDFFRQX1M)             0.00       9.80 r
  library setup time                                     -0.44       9.36
  data required time                                                 9.36
  --------------------------------------------------------------------------
  data required time                                                 9.36
  data arrival time                                                 -4.01
  --------------------------------------------------------------------------
  slack (MET)                                                        5.35


  Startpoint: Rx2SysCtrl_en_pulse_reg
              (rising edge-triggered flip-flop clocked by Ref_clk)
  Endpoint: Regfile_u_reg_file_reg_5__5_
            (rising edge-triggered flip-flop clocked by Ref_clk)
  Path Group: Ref_clk
  Path Type: max

  Point                                                   Incr       Path
  --------------------------------------------------------------------------
  clock Ref_clk (rise edge)                               0.00       0.00
  clock network delay (ideal)                             0.00       0.00
  Rx2SysCtrl_en_pulse_reg/CK (SDFFRQX2M)                  0.00       0.00 r
  Rx2SysCtrl_en_pulse_reg/Q (SDFFRQX2M)                   0.93       0.93 r
  U1729/Y (NAND2XLM)                                      0.58       1.51 f
  U1196/Y (INVXLM)                                        0.26       1.77 r
  U1489/Y (AOI22XLM)                                      0.16       1.93 f
  U1105/Y (INVXLM)                                        0.13       2.06 r
  U1108/Y (NAND2XLM)                                      0.10       2.16 f
  U1153/Y (NOR2XLM)                                       0.78       2.94 r
  U1388/Y (INVXLM)                                        0.14       3.08 f
  U1217/Y (NOR2XLM)                                       0.75       3.83 r
  U2280/Y (AOI2BB2XLM)                                    0.18       4.01 f
  Regfile_u_reg_file_reg_5__5_/D (SDFFRQX1M)              0.00       4.01 f
  data arrival time                                                  4.01

  clock Ref_clk (rise edge)                              10.00      10.00
  clock network delay (ideal)                             0.00      10.00
  clock uncertainty                                      -0.20       9.80
  Regfile_u_reg_file_reg_5__5_/CK (SDFFRQX1M)             0.00       9.80 r
  library setup time                                     -0.44       9.36
  data required time                                                 9.36
  --------------------------------------------------------------------------
  data required time                                                 9.36
  data arrival time                                                 -4.01
  --------------------------------------------------------------------------
  slack (MET)                                                        5.35


  Startpoint: Rx2SysCtrl_en_pulse_reg
              (rising edge-triggered flip-flop clocked by Ref_clk)
  Endpoint: Regfile_u_reg_file_reg_5__6_
            (rising edge-triggered flip-flop clocked by Ref_clk)
  Path Group: Ref_clk
  Path Type: max

  Point                                                   Incr       Path
  --------------------------------------------------------------------------
  clock Ref_clk (rise edge)                               0.00       0.00
  clock network delay (ideal)                             0.00       0.00
  Rx2SysCtrl_en_pulse_reg/CK (SDFFRQX2M)                  0.00       0.00 r
  Rx2SysCtrl_en_pulse_reg/Q (SDFFRQX2M)                   0.93       0.93 r
  U1729/Y (NAND2XLM)                                      0.58       1.51 f
  U1196/Y (INVXLM)                                        0.26       1.77 r
  U1489/Y (AOI22XLM)                                      0.16       1.93 f
  U1105/Y (INVXLM)                                        0.13       2.06 r
  U1108/Y (NAND2XLM)                                      0.10       2.16 f
  U1153/Y (NOR2XLM)                                       0.78       2.94 r
  U1388/Y (INVXLM)                                        0.14       3.08 f
  U1217/Y (NOR2XLM)                                       0.75       3.83 r
  U2293/Y (AOI2BB2XLM)                                    0.18       4.01 f
  Regfile_u_reg_file_reg_5__6_/D (SDFFRQX1M)              0.00       4.01 f
  data arrival time                                                  4.01

  clock Ref_clk (rise edge)                              10.00      10.00
  clock network delay (ideal)                             0.00      10.00
  clock uncertainty                                      -0.20       9.80
  Regfile_u_reg_file_reg_5__6_/CK (SDFFRQX1M)             0.00       9.80 r
  library setup time                                     -0.44       9.36
  data required time                                                 9.36
  --------------------------------------------------------------------------
  data required time                                                 9.36
  data arrival time                                                 -4.01
  --------------------------------------------------------------------------
  slack (MET)                                                        5.35


  Startpoint: Rx2SysCtrl_en_pulse_reg
              (rising edge-triggered flip-flop clocked by Ref_clk)
  Endpoint: Regfile_u_reg_file_reg_5__7_
            (rising edge-triggered flip-flop clocked by Ref_clk)
  Path Group: Ref_clk
  Path Type: max

  Point                                                   Incr       Path
  --------------------------------------------------------------------------
  clock Ref_clk (rise edge)                               0.00       0.00
  clock network delay (ideal)                             0.00       0.00
  Rx2SysCtrl_en_pulse_reg/CK (SDFFRQX2M)                  0.00       0.00 r
  Rx2SysCtrl_en_pulse_reg/Q (SDFFRQX2M)                   0.93       0.93 r
  U1729/Y (NAND2XLM)                                      0.58       1.51 f
  U1196/Y (INVXLM)                                        0.26       1.77 r
  U1489/Y (AOI22XLM)                                      0.16       1.93 f
  U1105/Y (INVXLM)                                        0.13       2.06 r
  U1108/Y (NAND2XLM)                                      0.10       2.16 f
  U1153/Y (NOR2XLM)                                       0.78       2.94 r
  U1388/Y (INVXLM)                                        0.14       3.08 f
  U1217/Y (NOR2XLM)                                       0.75       3.83 r
  U2306/Y (AOI2BB2XLM)                                    0.18       4.01 f
  Regfile_u_reg_file_reg_5__7_/D (SDFFRQX1M)              0.00       4.01 f
  data arrival time                                                  4.01

  clock Ref_clk (rise edge)                              10.00      10.00
  clock network delay (ideal)                             0.00      10.00
  clock uncertainty                                      -0.20       9.80
  Regfile_u_reg_file_reg_5__7_/CK (SDFFRQX1M)             0.00       9.80 r
  library setup time                                     -0.44       9.36
  data required time                                                 9.36
  --------------------------------------------------------------------------
  data required time                                                 9.36
  data arrival time                                                 -4.01
  --------------------------------------------------------------------------
  slack (MET)                                                        5.35


  Startpoint: Rx2SysCtrl_en_pulse_reg
              (rising edge-triggered flip-flop clocked by Ref_clk)
  Endpoint: Regfile_u_reg_file_reg_11__0_
            (rising edge-triggered flip-flop clocked by Ref_clk)
  Path Group: Ref_clk
  Path Type: max

  Point                                                   Incr       Path
  --------------------------------------------------------------------------
  clock Ref_clk (rise edge)                               0.00       0.00
  clock network delay (ideal)                             0.00       0.00
  Rx2SysCtrl_en_pulse_reg/CK (SDFFRQX2M)                  0.00       0.00 r
  Rx2SysCtrl_en_pulse_reg/Q (SDFFRQX2M)                   0.93       0.93 r
  U964/Y (NAND2XLM)                                       0.60       1.54 f
  U1078/Y (OAI22XLM)                                      0.40       1.93 r
  U1109/Y (NAND2XLM)                                      0.14       2.08 f
  U1155/Y (NOR2XLM)                                       0.80       2.87 r
  U1374/Y (INVXLM)                                        0.14       3.02 f
  U1210/Y (NOR2XLM)                                       0.75       3.77 r
  U2104/Y (AOI2BB2XLM)                                    0.18       3.95 f
  Regfile_u_reg_file_reg_11__0_/D (SDFFRQX1M)             0.00       3.95 f
  data arrival time                                                  3.95

  clock Ref_clk (rise edge)                              10.00      10.00
  clock network delay (ideal)                             0.00      10.00
  clock uncertainty                                      -0.20       9.80
  Regfile_u_reg_file_reg_11__0_/CK (SDFFRQX1M)            0.00       9.80 r
  library setup time                                     -0.44       9.36
  data required time                                                 9.36
  --------------------------------------------------------------------------
  data required time                                                 9.36
  data arrival time                                                 -3.95
  --------------------------------------------------------------------------
  slack (MET)                                                        5.42


  Startpoint: Rx2SysCtrl_en_pulse_reg
              (rising edge-triggered flip-flop clocked by Ref_clk)
  Endpoint: Regfile_u_reg_file_reg_11__1_
            (rising edge-triggered flip-flop clocked by Ref_clk)
  Path Group: Ref_clk
  Path Type: max

  Point                                                   Incr       Path
  --------------------------------------------------------------------------
  clock Ref_clk (rise edge)                               0.00       0.00
  clock network delay (ideal)                             0.00       0.00
  Rx2SysCtrl_en_pulse_reg/CK (SDFFRQX2M)                  0.00       0.00 r
  Rx2SysCtrl_en_pulse_reg/Q (SDFFRQX2M)                   0.93       0.93 r
  U964/Y (NAND2XLM)                                       0.60       1.54 f
  U1078/Y (OAI22XLM)                                      0.40       1.93 r
  U1109/Y (NAND2XLM)                                      0.14       2.08 f
  U1155/Y (NOR2XLM)                                       0.80       2.87 r
  U1374/Y (INVXLM)                                        0.14       3.02 f
  U1210/Y (NOR2XLM)                                       0.75       3.77 r
  U2213/Y (AOI2BB2XLM)                                    0.18       3.95 f
  Regfile_u_reg_file_reg_11__1_/D (SDFFRQX1M)             0.00       3.95 f
  data arrival time                                                  3.95

  clock Ref_clk (rise edge)                              10.00      10.00
  clock network delay (ideal)                             0.00      10.00
  clock uncertainty                                      -0.20       9.80
  Regfile_u_reg_file_reg_11__1_/CK (SDFFRQX1M)            0.00       9.80 r
  library setup time                                     -0.44       9.36
  data required time                                                 9.36
  --------------------------------------------------------------------------
  data required time                                                 9.36
  data arrival time                                                 -3.95
  --------------------------------------------------------------------------
  slack (MET)                                                        5.42


  Startpoint: Rx2SysCtrl_en_pulse_reg
              (rising edge-triggered flip-flop clocked by Ref_clk)
  Endpoint: Regfile_u_reg_file_reg_11__2_
            (rising edge-triggered flip-flop clocked by Ref_clk)
  Path Group: Ref_clk
  Path Type: max

  Point                                                   Incr       Path
  --------------------------------------------------------------------------
  clock Ref_clk (rise edge)                               0.00       0.00
  clock network delay (ideal)                             0.00       0.00
  Rx2SysCtrl_en_pulse_reg/CK (SDFFRQX2M)                  0.00       0.00 r
  Rx2SysCtrl_en_pulse_reg/Q (SDFFRQX2M)                   0.93       0.93 r
  U964/Y (NAND2XLM)                                       0.60       1.54 f
  U1078/Y (OAI22XLM)                                      0.40       1.93 r
  U1109/Y (NAND2XLM)                                      0.14       2.08 f
  U1155/Y (NOR2XLM)                                       0.80       2.87 r
  U1374/Y (INVXLM)                                        0.14       3.02 f
  U1210/Y (NOR2XLM)                                       0.75       3.77 r
  U2234/Y (AOI2BB2XLM)                                    0.18       3.95 f
  Regfile_u_reg_file_reg_11__2_/D (SDFFRQX1M)             0.00       3.95 f
  data arrival time                                                  3.95

  clock Ref_clk (rise edge)                              10.00      10.00
  clock network delay (ideal)                             0.00      10.00
  clock uncertainty                                      -0.20       9.80
  Regfile_u_reg_file_reg_11__2_/CK (SDFFRQX1M)            0.00       9.80 r
  library setup time                                     -0.44       9.36
  data required time                                                 9.36
  --------------------------------------------------------------------------
  data required time                                                 9.36
  data arrival time                                                 -3.95
  --------------------------------------------------------------------------
  slack (MET)                                                        5.42


  Startpoint: Rx2SysCtrl_en_pulse_reg
              (rising edge-triggered flip-flop clocked by Ref_clk)
  Endpoint: Regfile_u_reg_file_reg_11__3_
            (rising edge-triggered flip-flop clocked by Ref_clk)
  Path Group: Ref_clk
  Path Type: max

  Point                                                   Incr       Path
  --------------------------------------------------------------------------
  clock Ref_clk (rise edge)                               0.00       0.00
  clock network delay (ideal)                             0.00       0.00
  Rx2SysCtrl_en_pulse_reg/CK (SDFFRQX2M)                  0.00       0.00 r
  Rx2SysCtrl_en_pulse_reg/Q (SDFFRQX2M)                   0.93       0.93 r
  U964/Y (NAND2XLM)                                       0.60       1.54 f
  U1078/Y (OAI22XLM)                                      0.40       1.93 r
  U1109/Y (NAND2XLM)                                      0.14       2.08 f
  U1155/Y (NOR2XLM)                                       0.80       2.87 r
  U1374/Y (INVXLM)                                        0.14       3.02 f
  U1210/Y (NOR2XLM)                                       0.75       3.77 r
  U2248/Y (AOI2BB2XLM)                                    0.18       3.95 f
  Regfile_u_reg_file_reg_11__3_/D (SDFFRQX1M)             0.00       3.95 f
  data arrival time                                                  3.95

  clock Ref_clk (rise edge)                              10.00      10.00
  clock network delay (ideal)                             0.00      10.00
  clock uncertainty                                      -0.20       9.80
  Regfile_u_reg_file_reg_11__3_/CK (SDFFRQX1M)            0.00       9.80 r
  library setup time                                     -0.44       9.36
  data required time                                                 9.36
  --------------------------------------------------------------------------
  data required time                                                 9.36
  data arrival time                                                 -3.95
  --------------------------------------------------------------------------
  slack (MET)                                                        5.42


  Startpoint: Rx2SysCtrl_en_pulse_reg
              (rising edge-triggered flip-flop clocked by Ref_clk)
  Endpoint: Regfile_u_reg_file_reg_11__4_
            (rising edge-triggered flip-flop clocked by Ref_clk)
  Path Group: Ref_clk
  Path Type: max

  Point                                                   Incr       Path
  --------------------------------------------------------------------------
  clock Ref_clk (rise edge)                               0.00       0.00
  clock network delay (ideal)                             0.00       0.00
  Rx2SysCtrl_en_pulse_reg/CK (SDFFRQX2M)                  0.00       0.00 r
  Rx2SysCtrl_en_pulse_reg/Q (SDFFRQX2M)                   0.93       0.93 r
  U964/Y (NAND2XLM)                                       0.60       1.54 f
  U1078/Y (OAI22XLM)                                      0.40       1.93 r
  U1109/Y (NAND2XLM)                                      0.14       2.08 f
  U1155/Y (NOR2XLM)                                       0.80       2.87 r
  U1374/Y (INVXLM)                                        0.14       3.02 f
  U1210/Y (NOR2XLM)                                       0.75       3.77 r
  U2261/Y (AOI2BB2XLM)                                    0.18       3.95 f
  Regfile_u_reg_file_reg_11__4_/D (SDFFRQX1M)             0.00       3.95 f
  data arrival time                                                  3.95

  clock Ref_clk (rise edge)                              10.00      10.00
  clock network delay (ideal)                             0.00      10.00
  clock uncertainty                                      -0.20       9.80
  Regfile_u_reg_file_reg_11__4_/CK (SDFFRQX1M)            0.00       9.80 r
  library setup time                                     -0.44       9.36
  data required time                                                 9.36
  --------------------------------------------------------------------------
  data required time                                                 9.36
  data arrival time                                                 -3.95
  --------------------------------------------------------------------------
  slack (MET)                                                        5.42


  Startpoint: Rx2SysCtrl_en_pulse_reg
              (rising edge-triggered flip-flop clocked by Ref_clk)
  Endpoint: Regfile_u_reg_file_reg_11__5_
            (rising edge-triggered flip-flop clocked by Ref_clk)
  Path Group: Ref_clk
  Path Type: max

  Point                                                   Incr       Path
  --------------------------------------------------------------------------
  clock Ref_clk (rise edge)                               0.00       0.00
  clock network delay (ideal)                             0.00       0.00
  Rx2SysCtrl_en_pulse_reg/CK (SDFFRQX2M)                  0.00       0.00 r
  Rx2SysCtrl_en_pulse_reg/Q (SDFFRQX2M)                   0.93       0.93 r
  U964/Y (NAND2XLM)                                       0.60       1.54 f
  U1078/Y (OAI22XLM)                                      0.40       1.93 r
  U1109/Y (NAND2XLM)                                      0.14       2.08 f
  U1155/Y (NOR2XLM)                                       0.80       2.87 r
  U1374/Y (INVXLM)                                        0.14       3.02 f
  U1210/Y (NOR2XLM)                                       0.75       3.77 r
  U2274/Y (AOI2BB2XLM)                                    0.18       3.95 f
  Regfile_u_reg_file_reg_11__5_/D (SDFFRQX1M)             0.00       3.95 f
  data arrival time                                                  3.95

  clock Ref_clk (rise edge)                              10.00      10.00
  clock network delay (ideal)                             0.00      10.00
  clock uncertainty                                      -0.20       9.80
  Regfile_u_reg_file_reg_11__5_/CK (SDFFRQX1M)            0.00       9.80 r
  library setup time                                     -0.44       9.36
  data required time                                                 9.36
  --------------------------------------------------------------------------
  data required time                                                 9.36
  data arrival time                                                 -3.95
  --------------------------------------------------------------------------
  slack (MET)                                                        5.42


  Startpoint: Rx2SysCtrl_en_pulse_reg
              (rising edge-triggered flip-flop clocked by Ref_clk)
  Endpoint: Regfile_u_reg_file_reg_11__6_
            (rising edge-triggered flip-flop clocked by Ref_clk)
  Path Group: Ref_clk
  Path Type: max

  Point                                                   Incr       Path
  --------------------------------------------------------------------------
  clock Ref_clk (rise edge)                               0.00       0.00
  clock network delay (ideal)                             0.00       0.00
  Rx2SysCtrl_en_pulse_reg/CK (SDFFRQX2M)                  0.00       0.00 r
  Rx2SysCtrl_en_pulse_reg/Q (SDFFRQX2M)                   0.93       0.93 r
  U964/Y (NAND2XLM)                                       0.60       1.54 f
  U1078/Y (OAI22XLM)                                      0.40       1.93 r
  U1109/Y (NAND2XLM)                                      0.14       2.08 f
  U1155/Y (NOR2XLM)                                       0.80       2.87 r
  U1374/Y (INVXLM)                                        0.14       3.02 f
  U1210/Y (NOR2XLM)                                       0.75       3.77 r
  U2287/Y (AOI2BB2XLM)                                    0.18       3.95 f
  Regfile_u_reg_file_reg_11__6_/D (SDFFRQX1M)             0.00       3.95 f
  data arrival time                                                  3.95

  clock Ref_clk (rise edge)                              10.00      10.00
  clock network delay (ideal)                             0.00      10.00
  clock uncertainty                                      -0.20       9.80
  Regfile_u_reg_file_reg_11__6_/CK (SDFFRQX1M)            0.00       9.80 r
  library setup time                                     -0.44       9.36
  data required time                                                 9.36
  --------------------------------------------------------------------------
  data required time                                                 9.36
  data arrival time                                                 -3.95
  --------------------------------------------------------------------------
  slack (MET)                                                        5.42


  Startpoint: Rx2SysCtrl_en_pulse_reg
              (rising edge-triggered flip-flop clocked by Ref_clk)
  Endpoint: Regfile_u_reg_file_reg_11__7_
            (rising edge-triggered flip-flop clocked by Ref_clk)
  Path Group: Ref_clk
  Path Type: max

  Point                                                   Incr       Path
  --------------------------------------------------------------------------
  clock Ref_clk (rise edge)                               0.00       0.00
  clock network delay (ideal)                             0.00       0.00
  Rx2SysCtrl_en_pulse_reg/CK (SDFFRQX2M)                  0.00       0.00 r
  Rx2SysCtrl_en_pulse_reg/Q (SDFFRQX2M)                   0.93       0.93 r
  U964/Y (NAND2XLM)                                       0.60       1.54 f
  U1078/Y (OAI22XLM)                                      0.40       1.93 r
  U1109/Y (NAND2XLM)                                      0.14       2.08 f
  U1155/Y (NOR2XLM)                                       0.80       2.87 r
  U1374/Y (INVXLM)                                        0.14       3.02 f
  U1210/Y (NOR2XLM)                                       0.75       3.77 r
  U2300/Y (AOI2BB2XLM)                                    0.18       3.95 f
  Regfile_u_reg_file_reg_11__7_/D (SDFFRQX1M)             0.00       3.95 f
  data arrival time                                                  3.95

  clock Ref_clk (rise edge)                              10.00      10.00
  clock network delay (ideal)                             0.00      10.00
  clock uncertainty                                      -0.20       9.80
  Regfile_u_reg_file_reg_11__7_/CK (SDFFRQX1M)            0.00       9.80 r
  library setup time                                     -0.44       9.36
  data required time                                                 9.36
  --------------------------------------------------------------------------
  data required time                                                 9.36
  data arrival time                                                 -3.95
  --------------------------------------------------------------------------
  slack (MET)                                                        5.42


  Startpoint: Rx2SysCtrl_en_pulse_reg
              (rising edge-triggered flip-flop clocked by Ref_clk)
  Endpoint: Regfile_u_reg_file_reg_10__0_
            (rising edge-triggered flip-flop clocked by Ref_clk)
  Path Group: Ref_clk
  Path Type: max

  Point                                                   Incr       Path
  --------------------------------------------------------------------------
  clock Ref_clk (rise edge)                               0.00       0.00
  clock network delay (ideal)                             0.00       0.00
  Rx2SysCtrl_en_pulse_reg/CK (SDFFRQX2M)                  0.00       0.00 r
  Rx2SysCtrl_en_pulse_reg/Q (SDFFRQX2M)                   0.93       0.93 r
  U964/Y (NAND2XLM)                                       0.60       1.54 f
  U1078/Y (OAI22XLM)                                      0.40       1.93 r
  U1109/Y (NAND2XLM)                                      0.14       2.08 f
  U1155/Y (NOR2XLM)                                       0.80       2.87 r
  U1374/Y (INVXLM)                                        0.14       3.02 f
  U1209/Y (NOR2XLM)                                       0.75       3.77 r
  U2105/Y (AOI2BB2XLM)                                    0.18       3.95 f
  Regfile_u_reg_file_reg_10__0_/D (SDFFRQX1M)             0.00       3.95 f
  data arrival time                                                  3.95

  clock Ref_clk (rise edge)                              10.00      10.00
  clock network delay (ideal)                             0.00      10.00
  clock uncertainty                                      -0.20       9.80
  Regfile_u_reg_file_reg_10__0_/CK (SDFFRQX1M)            0.00       9.80 r
  library setup time                                     -0.44       9.36
  data required time                                                 9.36
  --------------------------------------------------------------------------
  data required time                                                 9.36
  data arrival time                                                 -3.95
  --------------------------------------------------------------------------
  slack (MET)                                                        5.42


  Startpoint: Rx2SysCtrl_en_pulse_reg
              (rising edge-triggered flip-flop clocked by Ref_clk)
  Endpoint: Regfile_u_reg_file_reg_10__1_
            (rising edge-triggered flip-flop clocked by Ref_clk)
  Path Group: Ref_clk
  Path Type: max

  Point                                                   Incr       Path
  --------------------------------------------------------------------------
  clock Ref_clk (rise edge)                               0.00       0.00
  clock network delay (ideal)                             0.00       0.00
  Rx2SysCtrl_en_pulse_reg/CK (SDFFRQX2M)                  0.00       0.00 r
  Rx2SysCtrl_en_pulse_reg/Q (SDFFRQX2M)                   0.93       0.93 r
  U964/Y (NAND2XLM)                                       0.60       1.54 f
  U1078/Y (OAI22XLM)                                      0.40       1.93 r
  U1109/Y (NAND2XLM)                                      0.14       2.08 f
  U1155/Y (NOR2XLM)                                       0.80       2.87 r
  U1374/Y (INVXLM)                                        0.14       3.02 f
  U1209/Y (NOR2XLM)                                       0.75       3.77 r
  U2214/Y (AOI2BB2XLM)                                    0.18       3.95 f
  Regfile_u_reg_file_reg_10__1_/D (SDFFRQX1M)             0.00       3.95 f
  data arrival time                                                  3.95

  clock Ref_clk (rise edge)                              10.00      10.00
  clock network delay (ideal)                             0.00      10.00
  clock uncertainty                                      -0.20       9.80
  Regfile_u_reg_file_reg_10__1_/CK (SDFFRQX1M)            0.00       9.80 r
  library setup time                                     -0.44       9.36
  data required time                                                 9.36
  --------------------------------------------------------------------------
  data required time                                                 9.36
  data arrival time                                                 -3.95
  --------------------------------------------------------------------------
  slack (MET)                                                        5.42


  Startpoint: Rx2SysCtrl_en_pulse_reg
              (rising edge-triggered flip-flop clocked by Ref_clk)
  Endpoint: Regfile_u_reg_file_reg_10__2_
            (rising edge-triggered flip-flop clocked by Ref_clk)
  Path Group: Ref_clk
  Path Type: max

  Point                                                   Incr       Path
  --------------------------------------------------------------------------
  clock Ref_clk (rise edge)                               0.00       0.00
  clock network delay (ideal)                             0.00       0.00
  Rx2SysCtrl_en_pulse_reg/CK (SDFFRQX2M)                  0.00       0.00 r
  Rx2SysCtrl_en_pulse_reg/Q (SDFFRQX2M)                   0.93       0.93 r
  U964/Y (NAND2XLM)                                       0.60       1.54 f
  U1078/Y (OAI22XLM)                                      0.40       1.93 r
  U1109/Y (NAND2XLM)                                      0.14       2.08 f
  U1155/Y (NOR2XLM)                                       0.80       2.87 r
  U1374/Y (INVXLM)                                        0.14       3.02 f
  U1209/Y (NOR2XLM)                                       0.75       3.77 r
  U2235/Y (AOI2BB2XLM)                                    0.18       3.95 f
  Regfile_u_reg_file_reg_10__2_/D (SDFFRQX1M)             0.00       3.95 f
  data arrival time                                                  3.95

  clock Ref_clk (rise edge)                              10.00      10.00
  clock network delay (ideal)                             0.00      10.00
  clock uncertainty                                      -0.20       9.80
  Regfile_u_reg_file_reg_10__2_/CK (SDFFRQX1M)            0.00       9.80 r
  library setup time                                     -0.44       9.36
  data required time                                                 9.36
  --------------------------------------------------------------------------
  data required time                                                 9.36
  data arrival time                                                 -3.95
  --------------------------------------------------------------------------
  slack (MET)                                                        5.42


  Startpoint: Rx2SysCtrl_en_pulse_reg
              (rising edge-triggered flip-flop clocked by Ref_clk)
  Endpoint: Regfile_u_reg_file_reg_10__3_
            (rising edge-triggered flip-flop clocked by Ref_clk)
  Path Group: Ref_clk
  Path Type: max

  Point                                                   Incr       Path
  --------------------------------------------------------------------------
  clock Ref_clk (rise edge)                               0.00       0.00
  clock network delay (ideal)                             0.00       0.00
  Rx2SysCtrl_en_pulse_reg/CK (SDFFRQX2M)                  0.00       0.00 r
  Rx2SysCtrl_en_pulse_reg/Q (SDFFRQX2M)                   0.93       0.93 r
  U964/Y (NAND2XLM)                                       0.60       1.54 f
  U1078/Y (OAI22XLM)                                      0.40       1.93 r
  U1109/Y (NAND2XLM)                                      0.14       2.08 f
  U1155/Y (NOR2XLM)                                       0.80       2.87 r
  U1374/Y (INVXLM)                                        0.14       3.02 f
  U1209/Y (NOR2XLM)                                       0.75       3.77 r
  U2249/Y (AOI2BB2XLM)                                    0.18       3.95 f
  Regfile_u_reg_file_reg_10__3_/D (SDFFRQX1M)             0.00       3.95 f
  data arrival time                                                  3.95

  clock Ref_clk (rise edge)                              10.00      10.00
  clock network delay (ideal)                             0.00      10.00
  clock uncertainty                                      -0.20       9.80
  Regfile_u_reg_file_reg_10__3_/CK (SDFFRQX1M)            0.00       9.80 r
  library setup time                                     -0.44       9.36
  data required time                                                 9.36
  --------------------------------------------------------------------------
  data required time                                                 9.36
  data arrival time                                                 -3.95
  --------------------------------------------------------------------------
  slack (MET)                                                        5.42


  Startpoint: Rx2SysCtrl_en_pulse_reg
              (rising edge-triggered flip-flop clocked by Ref_clk)
  Endpoint: Regfile_u_reg_file_reg_10__4_
            (rising edge-triggered flip-flop clocked by Ref_clk)
  Path Group: Ref_clk
  Path Type: max

  Point                                                   Incr       Path
  --------------------------------------------------------------------------
  clock Ref_clk (rise edge)                               0.00       0.00
  clock network delay (ideal)                             0.00       0.00
  Rx2SysCtrl_en_pulse_reg/CK (SDFFRQX2M)                  0.00       0.00 r
  Rx2SysCtrl_en_pulse_reg/Q (SDFFRQX2M)                   0.93       0.93 r
  U964/Y (NAND2XLM)                                       0.60       1.54 f
  U1078/Y (OAI22XLM)                                      0.40       1.93 r
  U1109/Y (NAND2XLM)                                      0.14       2.08 f
  U1155/Y (NOR2XLM)                                       0.80       2.87 r
  U1374/Y (INVXLM)                                        0.14       3.02 f
  U1209/Y (NOR2XLM)                                       0.75       3.77 r
  U2262/Y (AOI2BB2XLM)                                    0.18       3.95 f
  Regfile_u_reg_file_reg_10__4_/D (SDFFRQX1M)             0.00       3.95 f
  data arrival time                                                  3.95

  clock Ref_clk (rise edge)                              10.00      10.00
  clock network delay (ideal)                             0.00      10.00
  clock uncertainty                                      -0.20       9.80
  Regfile_u_reg_file_reg_10__4_/CK (SDFFRQX1M)            0.00       9.80 r
  library setup time                                     -0.44       9.36
  data required time                                                 9.36
  --------------------------------------------------------------------------
  data required time                                                 9.36
  data arrival time                                                 -3.95
  --------------------------------------------------------------------------
  slack (MET)                                                        5.42


  Startpoint: Rx2SysCtrl_en_pulse_reg
              (rising edge-triggered flip-flop clocked by Ref_clk)
  Endpoint: Regfile_u_reg_file_reg_10__5_
            (rising edge-triggered flip-flop clocked by Ref_clk)
  Path Group: Ref_clk
  Path Type: max

  Point                                                   Incr       Path
  --------------------------------------------------------------------------
  clock Ref_clk (rise edge)                               0.00       0.00
  clock network delay (ideal)                             0.00       0.00
  Rx2SysCtrl_en_pulse_reg/CK (SDFFRQX2M)                  0.00       0.00 r
  Rx2SysCtrl_en_pulse_reg/Q (SDFFRQX2M)                   0.93       0.93 r
  U964/Y (NAND2XLM)                                       0.60       1.54 f
  U1078/Y (OAI22XLM)                                      0.40       1.93 r
  U1109/Y (NAND2XLM)                                      0.14       2.08 f
  U1155/Y (NOR2XLM)                                       0.80       2.87 r
  U1374/Y (INVXLM)                                        0.14       3.02 f
  U1209/Y (NOR2XLM)                                       0.75       3.77 r
  U2275/Y (AOI2BB2XLM)                                    0.18       3.95 f
  Regfile_u_reg_file_reg_10__5_/D (SDFFRQX1M)             0.00       3.95 f
  data arrival time                                                  3.95

  clock Ref_clk (rise edge)                              10.00      10.00
  clock network delay (ideal)                             0.00      10.00
  clock uncertainty                                      -0.20       9.80
  Regfile_u_reg_file_reg_10__5_/CK (SDFFRQX1M)            0.00       9.80 r
  library setup time                                     -0.44       9.36
  data required time                                                 9.36
  --------------------------------------------------------------------------
  data required time                                                 9.36
  data arrival time                                                 -3.95
  --------------------------------------------------------------------------
  slack (MET)                                                        5.42


  Startpoint: Rx2SysCtrl_en_pulse_reg
              (rising edge-triggered flip-flop clocked by Ref_clk)
  Endpoint: Regfile_u_reg_file_reg_10__6_
            (rising edge-triggered flip-flop clocked by Ref_clk)
  Path Group: Ref_clk
  Path Type: max

  Point                                                   Incr       Path
  --------------------------------------------------------------------------
  clock Ref_clk (rise edge)                               0.00       0.00
  clock network delay (ideal)                             0.00       0.00
  Rx2SysCtrl_en_pulse_reg/CK (SDFFRQX2M)                  0.00       0.00 r
  Rx2SysCtrl_en_pulse_reg/Q (SDFFRQX2M)                   0.93       0.93 r
  U964/Y (NAND2XLM)                                       0.60       1.54 f
  U1078/Y (OAI22XLM)                                      0.40       1.93 r
  U1109/Y (NAND2XLM)                                      0.14       2.08 f
  U1155/Y (NOR2XLM)                                       0.80       2.87 r
  U1374/Y (INVXLM)                                        0.14       3.02 f
  U1209/Y (NOR2XLM)                                       0.75       3.77 r
  U2288/Y (AOI2BB2XLM)                                    0.18       3.95 f
  Regfile_u_reg_file_reg_10__6_/D (SDFFRQX1M)             0.00       3.95 f
  data arrival time                                                  3.95

  clock Ref_clk (rise edge)                              10.00      10.00
  clock network delay (ideal)                             0.00      10.00
  clock uncertainty                                      -0.20       9.80
  Regfile_u_reg_file_reg_10__6_/CK (SDFFRQX1M)            0.00       9.80 r
  library setup time                                     -0.44       9.36
  data required time                                                 9.36
  --------------------------------------------------------------------------
  data required time                                                 9.36
  data arrival time                                                 -3.95
  --------------------------------------------------------------------------
  slack (MET)                                                        5.42


  Startpoint: Rx2SysCtrl_en_pulse_reg
              (rising edge-triggered flip-flop clocked by Ref_clk)
  Endpoint: Regfile_u_reg_file_reg_10__7_
            (rising edge-triggered flip-flop clocked by Ref_clk)
  Path Group: Ref_clk
  Path Type: max

  Point                                                   Incr       Path
  --------------------------------------------------------------------------
  clock Ref_clk (rise edge)                               0.00       0.00
  clock network delay (ideal)                             0.00       0.00
  Rx2SysCtrl_en_pulse_reg/CK (SDFFRQX2M)                  0.00       0.00 r
  Rx2SysCtrl_en_pulse_reg/Q (SDFFRQX2M)                   0.93       0.93 r
  U964/Y (NAND2XLM)                                       0.60       1.54 f
  U1078/Y (OAI22XLM)                                      0.40       1.93 r
  U1109/Y (NAND2XLM)                                      0.14       2.08 f
  U1155/Y (NOR2XLM)                                       0.80       2.87 r
  U1374/Y (INVXLM)                                        0.14       3.02 f
  U1209/Y (NOR2XLM)                                       0.75       3.77 r
  U2301/Y (AOI2BB2XLM)                                    0.18       3.95 f
  Regfile_u_reg_file_reg_10__7_/D (SDFFRQX1M)             0.00       3.95 f
  data arrival time                                                  3.95

  clock Ref_clk (rise edge)                              10.00      10.00
  clock network delay (ideal)                             0.00      10.00
  clock uncertainty                                      -0.20       9.80
  Regfile_u_reg_file_reg_10__7_/CK (SDFFRQX1M)            0.00       9.80 r
  library setup time                                     -0.44       9.36
  data required time                                                 9.36
  --------------------------------------------------------------------------
  data required time                                                 9.36
  data arrival time                                                 -3.95
  --------------------------------------------------------------------------
  slack (MET)                                                        5.42


  Startpoint: Rx2SysCtrl_en_pulse_reg
              (rising edge-triggered flip-flop clocked by Ref_clk)
  Endpoint: Regfile_u_reg_file_reg_9__0_
            (rising edge-triggered flip-flop clocked by Ref_clk)
  Path Group: Ref_clk
  Path Type: max

  Point                                                   Incr       Path
  --------------------------------------------------------------------------
  clock Ref_clk (rise edge)                               0.00       0.00
  clock network delay (ideal)                             0.00       0.00
  Rx2SysCtrl_en_pulse_reg/CK (SDFFRQX2M)                  0.00       0.00 r
  Rx2SysCtrl_en_pulse_reg/Q (SDFFRQX2M)                   0.93       0.93 r
  U964/Y (NAND2XLM)                                       0.60       1.54 f
  U1078/Y (OAI22XLM)                                      0.40       1.93 r
  U1109/Y (NAND2XLM)                                      0.14       2.08 f
  U1154/Y (NOR2XLM)                                       0.79       2.86 r
  U1385/Y (INVXLM)                                        0.14       3.01 f
  U1397/Y (NOR2XLM)                                       0.75       3.76 r
  U2106/Y (AOI2BB2XLM)                                    0.18       3.94 f
  Regfile_u_reg_file_reg_9__0_/D (SDFFRQX1M)              0.00       3.94 f
  data arrival time                                                  3.94

  clock Ref_clk (rise edge)                              10.00      10.00
  clock network delay (ideal)                             0.00      10.00
  clock uncertainty                                      -0.20       9.80
  Regfile_u_reg_file_reg_9__0_/CK (SDFFRQX1M)             0.00       9.80 r
  library setup time                                     -0.44       9.36
  data required time                                                 9.36
  --------------------------------------------------------------------------
  data required time                                                 9.36
  data arrival time                                                 -3.94
  --------------------------------------------------------------------------
  slack (MET)                                                        5.43


  Startpoint: Rx2SysCtrl_en_pulse_reg
              (rising edge-triggered flip-flop clocked by Ref_clk)
  Endpoint: Regfile_u_reg_file_reg_9__1_
            (rising edge-triggered flip-flop clocked by Ref_clk)
  Path Group: Ref_clk
  Path Type: max

  Point                                                   Incr       Path
  --------------------------------------------------------------------------
  clock Ref_clk (rise edge)                               0.00       0.00
  clock network delay (ideal)                             0.00       0.00
  Rx2SysCtrl_en_pulse_reg/CK (SDFFRQX2M)                  0.00       0.00 r
  Rx2SysCtrl_en_pulse_reg/Q (SDFFRQX2M)                   0.93       0.93 r
  U964/Y (NAND2XLM)                                       0.60       1.54 f
  U1078/Y (OAI22XLM)                                      0.40       1.93 r
  U1109/Y (NAND2XLM)                                      0.14       2.08 f
  U1154/Y (NOR2XLM)                                       0.79       2.86 r
  U1385/Y (INVXLM)                                        0.14       3.01 f
  U1397/Y (NOR2XLM)                                       0.75       3.76 r
  U2215/Y (AOI2BB2XLM)                                    0.18       3.94 f
  Regfile_u_reg_file_reg_9__1_/D (SDFFRQX1M)              0.00       3.94 f
  data arrival time                                                  3.94

  clock Ref_clk (rise edge)                              10.00      10.00
  clock network delay (ideal)                             0.00      10.00
  clock uncertainty                                      -0.20       9.80
  Regfile_u_reg_file_reg_9__1_/CK (SDFFRQX1M)             0.00       9.80 r
  library setup time                                     -0.44       9.36
  data required time                                                 9.36
  --------------------------------------------------------------------------
  data required time                                                 9.36
  data arrival time                                                 -3.94
  --------------------------------------------------------------------------
  slack (MET)                                                        5.43


  Startpoint: Rx2SysCtrl_en_pulse_reg
              (rising edge-triggered flip-flop clocked by Ref_clk)
  Endpoint: Regfile_u_reg_file_reg_9__2_
            (rising edge-triggered flip-flop clocked by Ref_clk)
  Path Group: Ref_clk
  Path Type: max

  Point                                                   Incr       Path
  --------------------------------------------------------------------------
  clock Ref_clk (rise edge)                               0.00       0.00
  clock network delay (ideal)                             0.00       0.00
  Rx2SysCtrl_en_pulse_reg/CK (SDFFRQX2M)                  0.00       0.00 r
  Rx2SysCtrl_en_pulse_reg/Q (SDFFRQX2M)                   0.93       0.93 r
  U964/Y (NAND2XLM)                                       0.60       1.54 f
  U1078/Y (OAI22XLM)                                      0.40       1.93 r
  U1109/Y (NAND2XLM)                                      0.14       2.08 f
  U1154/Y (NOR2XLM)                                       0.79       2.86 r
  U1385/Y (INVXLM)                                        0.14       3.01 f
  U1397/Y (NOR2XLM)                                       0.75       3.76 r
  U2236/Y (AOI2BB2XLM)                                    0.18       3.94 f
  Regfile_u_reg_file_reg_9__2_/D (SDFFRQX1M)              0.00       3.94 f
  data arrival time                                                  3.94

  clock Ref_clk (rise edge)                              10.00      10.00
  clock network delay (ideal)                             0.00      10.00
  clock uncertainty                                      -0.20       9.80
  Regfile_u_reg_file_reg_9__2_/CK (SDFFRQX1M)             0.00       9.80 r
  library setup time                                     -0.44       9.36
  data required time                                                 9.36
  --------------------------------------------------------------------------
  data required time                                                 9.36
  data arrival time                                                 -3.94
  --------------------------------------------------------------------------
  slack (MET)                                                        5.43


  Startpoint: Rx2SysCtrl_en_pulse_reg
              (rising edge-triggered flip-flop clocked by Ref_clk)
  Endpoint: Regfile_u_reg_file_reg_9__3_
            (rising edge-triggered flip-flop clocked by Ref_clk)
  Path Group: Ref_clk
  Path Type: max

  Point                                                   Incr       Path
  --------------------------------------------------------------------------
  clock Ref_clk (rise edge)                               0.00       0.00
  clock network delay (ideal)                             0.00       0.00
  Rx2SysCtrl_en_pulse_reg/CK (SDFFRQX2M)                  0.00       0.00 r
  Rx2SysCtrl_en_pulse_reg/Q (SDFFRQX2M)                   0.93       0.93 r
  U964/Y (NAND2XLM)                                       0.60       1.54 f
  U1078/Y (OAI22XLM)                                      0.40       1.93 r
  U1109/Y (NAND2XLM)                                      0.14       2.08 f
  U1154/Y (NOR2XLM)                                       0.79       2.86 r
  U1385/Y (INVXLM)                                        0.14       3.01 f
  U1397/Y (NOR2XLM)                                       0.75       3.76 r
  U2250/Y (AOI2BB2XLM)                                    0.18       3.94 f
  Regfile_u_reg_file_reg_9__3_/D (SDFFRQX1M)              0.00       3.94 f
  data arrival time                                                  3.94

  clock Ref_clk (rise edge)                              10.00      10.00
  clock network delay (ideal)                             0.00      10.00
  clock uncertainty                                      -0.20       9.80
  Regfile_u_reg_file_reg_9__3_/CK (SDFFRQX1M)             0.00       9.80 r
  library setup time                                     -0.44       9.36
  data required time                                                 9.36
  --------------------------------------------------------------------------
  data required time                                                 9.36
  data arrival time                                                 -3.94
  --------------------------------------------------------------------------
  slack (MET)                                                        5.43


  Startpoint: Rx2SysCtrl_en_pulse_reg
              (rising edge-triggered flip-flop clocked by Ref_clk)
  Endpoint: Regfile_u_reg_file_reg_9__4_
            (rising edge-triggered flip-flop clocked by Ref_clk)
  Path Group: Ref_clk
  Path Type: max

  Point                                                   Incr       Path
  --------------------------------------------------------------------------
  clock Ref_clk (rise edge)                               0.00       0.00
  clock network delay (ideal)                             0.00       0.00
  Rx2SysCtrl_en_pulse_reg/CK (SDFFRQX2M)                  0.00       0.00 r
  Rx2SysCtrl_en_pulse_reg/Q (SDFFRQX2M)                   0.93       0.93 r
  U964/Y (NAND2XLM)                                       0.60       1.54 f
  U1078/Y (OAI22XLM)                                      0.40       1.93 r
  U1109/Y (NAND2XLM)                                      0.14       2.08 f
  U1154/Y (NOR2XLM)                                       0.79       2.86 r
  U1385/Y (INVXLM)                                        0.14       3.01 f
  U1397/Y (NOR2XLM)                                       0.75       3.76 r
  U2263/Y (AOI2BB2XLM)                                    0.18       3.94 f
  Regfile_u_reg_file_reg_9__4_/D (SDFFRQX1M)              0.00       3.94 f
  data arrival time                                                  3.94

  clock Ref_clk (rise edge)                              10.00      10.00
  clock network delay (ideal)                             0.00      10.00
  clock uncertainty                                      -0.20       9.80
  Regfile_u_reg_file_reg_9__4_/CK (SDFFRQX1M)             0.00       9.80 r
  library setup time                                     -0.44       9.36
  data required time                                                 9.36
  --------------------------------------------------------------------------
  data required time                                                 9.36
  data arrival time                                                 -3.94
  --------------------------------------------------------------------------
  slack (MET)                                                        5.43


  Startpoint: Rx2SysCtrl_en_pulse_reg
              (rising edge-triggered flip-flop clocked by Ref_clk)
  Endpoint: Regfile_u_reg_file_reg_9__5_
            (rising edge-triggered flip-flop clocked by Ref_clk)
  Path Group: Ref_clk
  Path Type: max

  Point                                                   Incr       Path
  --------------------------------------------------------------------------
  clock Ref_clk (rise edge)                               0.00       0.00
  clock network delay (ideal)                             0.00       0.00
  Rx2SysCtrl_en_pulse_reg/CK (SDFFRQX2M)                  0.00       0.00 r
  Rx2SysCtrl_en_pulse_reg/Q (SDFFRQX2M)                   0.93       0.93 r
  U964/Y (NAND2XLM)                                       0.60       1.54 f
  U1078/Y (OAI22XLM)                                      0.40       1.93 r
  U1109/Y (NAND2XLM)                                      0.14       2.08 f
  U1154/Y (NOR2XLM)                                       0.79       2.86 r
  U1385/Y (INVXLM)                                        0.14       3.01 f
  U1397/Y (NOR2XLM)                                       0.75       3.76 r
  U2276/Y (AOI2BB2XLM)                                    0.18       3.94 f
  Regfile_u_reg_file_reg_9__5_/D (SDFFRQX1M)              0.00       3.94 f
  data arrival time                                                  3.94

  clock Ref_clk (rise edge)                              10.00      10.00
  clock network delay (ideal)                             0.00      10.00
  clock uncertainty                                      -0.20       9.80
  Regfile_u_reg_file_reg_9__5_/CK (SDFFRQX1M)             0.00       9.80 r
  library setup time                                     -0.44       9.36
  data required time                                                 9.36
  --------------------------------------------------------------------------
  data required time                                                 9.36
  data arrival time                                                 -3.94
  --------------------------------------------------------------------------
  slack (MET)                                                        5.43


  Startpoint: Rx2SysCtrl_en_pulse_reg
              (rising edge-triggered flip-flop clocked by Ref_clk)
  Endpoint: Regfile_u_reg_file_reg_9__6_
            (rising edge-triggered flip-flop clocked by Ref_clk)
  Path Group: Ref_clk
  Path Type: max

  Point                                                   Incr       Path
  --------------------------------------------------------------------------
  clock Ref_clk (rise edge)                               0.00       0.00
  clock network delay (ideal)                             0.00       0.00
  Rx2SysCtrl_en_pulse_reg/CK (SDFFRQX2M)                  0.00       0.00 r
  Rx2SysCtrl_en_pulse_reg/Q (SDFFRQX2M)                   0.93       0.93 r
  U964/Y (NAND2XLM)                                       0.60       1.54 f
  U1078/Y (OAI22XLM)                                      0.40       1.93 r
  U1109/Y (NAND2XLM)                                      0.14       2.08 f
  U1154/Y (NOR2XLM)                                       0.79       2.86 r
  U1385/Y (INVXLM)                                        0.14       3.01 f
  U1397/Y (NOR2XLM)                                       0.75       3.76 r
  U2289/Y (AOI2BB2XLM)                                    0.18       3.94 f
  Regfile_u_reg_file_reg_9__6_/D (SDFFRQX1M)              0.00       3.94 f
  data arrival time                                                  3.94

  clock Ref_clk (rise edge)                              10.00      10.00
  clock network delay (ideal)                             0.00      10.00
  clock uncertainty                                      -0.20       9.80
  Regfile_u_reg_file_reg_9__6_/CK (SDFFRQX1M)             0.00       9.80 r
  library setup time                                     -0.44       9.36
  data required time                                                 9.36
  --------------------------------------------------------------------------
  data required time                                                 9.36
  data arrival time                                                 -3.94
  --------------------------------------------------------------------------
  slack (MET)                                                        5.43


  Startpoint: Rx2SysCtrl_en_pulse_reg
              (rising edge-triggered flip-flop clocked by Ref_clk)
  Endpoint: Regfile_u_reg_file_reg_9__7_
            (rising edge-triggered flip-flop clocked by Ref_clk)
  Path Group: Ref_clk
  Path Type: max

  Point                                                   Incr       Path
  --------------------------------------------------------------------------
  clock Ref_clk (rise edge)                               0.00       0.00
  clock network delay (ideal)                             0.00       0.00
  Rx2SysCtrl_en_pulse_reg/CK (SDFFRQX2M)                  0.00       0.00 r
  Rx2SysCtrl_en_pulse_reg/Q (SDFFRQX2M)                   0.93       0.93 r
  U964/Y (NAND2XLM)                                       0.60       1.54 f
  U1078/Y (OAI22XLM)                                      0.40       1.93 r
  U1109/Y (NAND2XLM)                                      0.14       2.08 f
  U1154/Y (NOR2XLM)                                       0.79       2.86 r
  U1385/Y (INVXLM)                                        0.14       3.01 f
  U1397/Y (NOR2XLM)                                       0.75       3.76 r
  U2302/Y (AOI2BB2XLM)                                    0.18       3.94 f
  Regfile_u_reg_file_reg_9__7_/D (SDFFRQX1M)              0.00       3.94 f
  data arrival time                                                  3.94

  clock Ref_clk (rise edge)                              10.00      10.00
  clock network delay (ideal)                             0.00      10.00
  clock uncertainty                                      -0.20       9.80
  Regfile_u_reg_file_reg_9__7_/CK (SDFFRQX1M)             0.00       9.80 r
  library setup time                                     -0.44       9.36
  data required time                                                 9.36
  --------------------------------------------------------------------------
  data required time                                                 9.36
  data arrival time                                                 -3.94
  --------------------------------------------------------------------------
  slack (MET)                                                        5.43


  Startpoint: Rx2SysCtrl_en_pulse_reg
              (rising edge-triggered flip-flop clocked by Ref_clk)
  Endpoint: Regfile_u_reg_file_reg_8__0_
            (rising edge-triggered flip-flop clocked by Ref_clk)
  Path Group: Ref_clk
  Path Type: max

  Point                                                   Incr       Path
  --------------------------------------------------------------------------
  clock Ref_clk (rise edge)                               0.00       0.00
  clock network delay (ideal)                             0.00       0.00
  Rx2SysCtrl_en_pulse_reg/CK (SDFFRQX2M)                  0.00       0.00 r
  Rx2SysCtrl_en_pulse_reg/Q (SDFFRQX2M)                   0.93       0.93 r
  U964/Y (NAND2XLM)                                       0.60       1.54 f
  U1078/Y (OAI22XLM)                                      0.40       1.93 r
  U1109/Y (NAND2XLM)                                      0.14       2.08 f
  U1154/Y (NOR2XLM)                                       0.79       2.86 r
  U1385/Y (INVXLM)                                        0.14       3.01 f
  U1213/Y (NOR2XLM)                                       0.75       3.76 r
  U2107/Y (AOI2BB2XLM)                                    0.18       3.94 f
  Regfile_u_reg_file_reg_8__0_/D (SDFFRQX1M)              0.00       3.94 f
  data arrival time                                                  3.94

  clock Ref_clk (rise edge)                              10.00      10.00
  clock network delay (ideal)                             0.00      10.00
  clock uncertainty                                      -0.20       9.80
  Regfile_u_reg_file_reg_8__0_/CK (SDFFRQX1M)             0.00       9.80 r
  library setup time                                     -0.44       9.36
  data required time                                                 9.36
  --------------------------------------------------------------------------
  data required time                                                 9.36
  data arrival time                                                 -3.94
  --------------------------------------------------------------------------
  slack (MET)                                                        5.43


  Startpoint: Rx2SysCtrl_en_pulse_reg
              (rising edge-triggered flip-flop clocked by Ref_clk)
  Endpoint: Regfile_u_reg_file_reg_8__1_
            (rising edge-triggered flip-flop clocked by Ref_clk)
  Path Group: Ref_clk
  Path Type: max

  Point                                                   Incr       Path
  --------------------------------------------------------------------------
  clock Ref_clk (rise edge)                               0.00       0.00
  clock network delay (ideal)                             0.00       0.00
  Rx2SysCtrl_en_pulse_reg/CK (SDFFRQX2M)                  0.00       0.00 r
  Rx2SysCtrl_en_pulse_reg/Q (SDFFRQX2M)                   0.93       0.93 r
  U964/Y (NAND2XLM)                                       0.60       1.54 f
  U1078/Y (OAI22XLM)                                      0.40       1.93 r
  U1109/Y (NAND2XLM)                                      0.14       2.08 f
  U1154/Y (NOR2XLM)                                       0.79       2.86 r
  U1385/Y (INVXLM)                                        0.14       3.01 f
  U1213/Y (NOR2XLM)                                       0.75       3.76 r
  U2216/Y (AOI2BB2XLM)                                    0.18       3.94 f
  Regfile_u_reg_file_reg_8__1_/D (SDFFRQX1M)              0.00       3.94 f
  data arrival time                                                  3.94

  clock Ref_clk (rise edge)                              10.00      10.00
  clock network delay (ideal)                             0.00      10.00
  clock uncertainty                                      -0.20       9.80
  Regfile_u_reg_file_reg_8__1_/CK (SDFFRQX1M)             0.00       9.80 r
  library setup time                                     -0.44       9.36
  data required time                                                 9.36
  --------------------------------------------------------------------------
  data required time                                                 9.36
  data arrival time                                                 -3.94
  --------------------------------------------------------------------------
  slack (MET)                                                        5.43


  Startpoint: Rx2SysCtrl_en_pulse_reg
              (rising edge-triggered flip-flop clocked by Ref_clk)
  Endpoint: Regfile_u_reg_file_reg_8__2_
            (rising edge-triggered flip-flop clocked by Ref_clk)
  Path Group: Ref_clk
  Path Type: max

  Point                                                   Incr       Path
  --------------------------------------------------------------------------
  clock Ref_clk (rise edge)                               0.00       0.00
  clock network delay (ideal)                             0.00       0.00
  Rx2SysCtrl_en_pulse_reg/CK (SDFFRQX2M)                  0.00       0.00 r
  Rx2SysCtrl_en_pulse_reg/Q (SDFFRQX2M)                   0.93       0.93 r
  U964/Y (NAND2XLM)                                       0.60       1.54 f
  U1078/Y (OAI22XLM)                                      0.40       1.93 r
  U1109/Y (NAND2XLM)                                      0.14       2.08 f
  U1154/Y (NOR2XLM)                                       0.79       2.86 r
  U1385/Y (INVXLM)                                        0.14       3.01 f
  U1213/Y (NOR2XLM)                                       0.75       3.76 r
  U2237/Y (AOI2BB2XLM)                                    0.18       3.94 f
  Regfile_u_reg_file_reg_8__2_/D (SDFFRQX1M)              0.00       3.94 f
  data arrival time                                                  3.94

  clock Ref_clk (rise edge)                              10.00      10.00
  clock network delay (ideal)                             0.00      10.00
  clock uncertainty                                      -0.20       9.80
  Regfile_u_reg_file_reg_8__2_/CK (SDFFRQX1M)             0.00       9.80 r
  library setup time                                     -0.44       9.36
  data required time                                                 9.36
  --------------------------------------------------------------------------
  data required time                                                 9.36
  data arrival time                                                 -3.94
  --------------------------------------------------------------------------
  slack (MET)                                                        5.43


  Startpoint: Rx2SysCtrl_en_pulse_reg
              (rising edge-triggered flip-flop clocked by Ref_clk)
  Endpoint: Regfile_u_reg_file_reg_8__3_
            (rising edge-triggered flip-flop clocked by Ref_clk)
  Path Group: Ref_clk
  Path Type: max

  Point                                                   Incr       Path
  --------------------------------------------------------------------------
  clock Ref_clk (rise edge)                               0.00       0.00
  clock network delay (ideal)                             0.00       0.00
  Rx2SysCtrl_en_pulse_reg/CK (SDFFRQX2M)                  0.00       0.00 r
  Rx2SysCtrl_en_pulse_reg/Q (SDFFRQX2M)                   0.93       0.93 r
  U964/Y (NAND2XLM)                                       0.60       1.54 f
  U1078/Y (OAI22XLM)                                      0.40       1.93 r
  U1109/Y (NAND2XLM)                                      0.14       2.08 f
  U1154/Y (NOR2XLM)                                       0.79       2.86 r
  U1385/Y (INVXLM)                                        0.14       3.01 f
  U1213/Y (NOR2XLM)                                       0.75       3.76 r
  U2251/Y (AOI2BB2XLM)                                    0.18       3.94 f
  Regfile_u_reg_file_reg_8__3_/D (SDFFRQX1M)              0.00       3.94 f
  data arrival time                                                  3.94

  clock Ref_clk (rise edge)                              10.00      10.00
  clock network delay (ideal)                             0.00      10.00
  clock uncertainty                                      -0.20       9.80
  Regfile_u_reg_file_reg_8__3_/CK (SDFFRQX1M)             0.00       9.80 r
  library setup time                                     -0.44       9.36
  data required time                                                 9.36
  --------------------------------------------------------------------------
  data required time                                                 9.36
  data arrival time                                                 -3.94
  --------------------------------------------------------------------------
  slack (MET)                                                        5.43


  Startpoint: Rx2SysCtrl_en_pulse_reg
              (rising edge-triggered flip-flop clocked by Ref_clk)
  Endpoint: Regfile_u_reg_file_reg_8__4_
            (rising edge-triggered flip-flop clocked by Ref_clk)
  Path Group: Ref_clk
  Path Type: max

  Point                                                   Incr       Path
  --------------------------------------------------------------------------
  clock Ref_clk (rise edge)                               0.00       0.00
  clock network delay (ideal)                             0.00       0.00
  Rx2SysCtrl_en_pulse_reg/CK (SDFFRQX2M)                  0.00       0.00 r
  Rx2SysCtrl_en_pulse_reg/Q (SDFFRQX2M)                   0.93       0.93 r
  U964/Y (NAND2XLM)                                       0.60       1.54 f
  U1078/Y (OAI22XLM)                                      0.40       1.93 r
  U1109/Y (NAND2XLM)                                      0.14       2.08 f
  U1154/Y (NOR2XLM)                                       0.79       2.86 r
  U1385/Y (INVXLM)                                        0.14       3.01 f
  U1213/Y (NOR2XLM)                                       0.75       3.76 r
  U2264/Y (AOI2BB2XLM)                                    0.18       3.94 f
  Regfile_u_reg_file_reg_8__4_/D (SDFFRQX1M)              0.00       3.94 f
  data arrival time                                                  3.94

  clock Ref_clk (rise edge)                              10.00      10.00
  clock network delay (ideal)                             0.00      10.00
  clock uncertainty                                      -0.20       9.80
  Regfile_u_reg_file_reg_8__4_/CK (SDFFRQX1M)             0.00       9.80 r
  library setup time                                     -0.44       9.36
  data required time                                                 9.36
  --------------------------------------------------------------------------
  data required time                                                 9.36
  data arrival time                                                 -3.94
  --------------------------------------------------------------------------
  slack (MET)                                                        5.43


  Startpoint: Rx2SysCtrl_en_pulse_reg
              (rising edge-triggered flip-flop clocked by Ref_clk)
  Endpoint: Regfile_u_reg_file_reg_8__5_
            (rising edge-triggered flip-flop clocked by Ref_clk)
  Path Group: Ref_clk
  Path Type: max

  Point                                                   Incr       Path
  --------------------------------------------------------------------------
  clock Ref_clk (rise edge)                               0.00       0.00
  clock network delay (ideal)                             0.00       0.00
  Rx2SysCtrl_en_pulse_reg/CK (SDFFRQX2M)                  0.00       0.00 r
  Rx2SysCtrl_en_pulse_reg/Q (SDFFRQX2M)                   0.93       0.93 r
  U964/Y (NAND2XLM)                                       0.60       1.54 f
  U1078/Y (OAI22XLM)                                      0.40       1.93 r
  U1109/Y (NAND2XLM)                                      0.14       2.08 f
  U1154/Y (NOR2XLM)                                       0.79       2.86 r
  U1385/Y (INVXLM)                                        0.14       3.01 f
  U1213/Y (NOR2XLM)                                       0.75       3.76 r
  U2277/Y (AOI2BB2XLM)                                    0.18       3.94 f
  Regfile_u_reg_file_reg_8__5_/D (SDFFRQX1M)              0.00       3.94 f
  data arrival time                                                  3.94

  clock Ref_clk (rise edge)                              10.00      10.00
  clock network delay (ideal)                             0.00      10.00
  clock uncertainty                                      -0.20       9.80
  Regfile_u_reg_file_reg_8__5_/CK (SDFFRQX1M)             0.00       9.80 r
  library setup time                                     -0.44       9.36
  data required time                                                 9.36
  --------------------------------------------------------------------------
  data required time                                                 9.36
  data arrival time                                                 -3.94
  --------------------------------------------------------------------------
  slack (MET)                                                        5.43


  Startpoint: Rx2SysCtrl_en_pulse_reg
              (rising edge-triggered flip-flop clocked by Ref_clk)
  Endpoint: Regfile_u_reg_file_reg_8__6_
            (rising edge-triggered flip-flop clocked by Ref_clk)
  Path Group: Ref_clk
  Path Type: max

  Point                                                   Incr       Path
  --------------------------------------------------------------------------
  clock Ref_clk (rise edge)                               0.00       0.00
  clock network delay (ideal)                             0.00       0.00
  Rx2SysCtrl_en_pulse_reg/CK (SDFFRQX2M)                  0.00       0.00 r
  Rx2SysCtrl_en_pulse_reg/Q (SDFFRQX2M)                   0.93       0.93 r
  U964/Y (NAND2XLM)                                       0.60       1.54 f
  U1078/Y (OAI22XLM)                                      0.40       1.93 r
  U1109/Y (NAND2XLM)                                      0.14       2.08 f
  U1154/Y (NOR2XLM)                                       0.79       2.86 r
  U1385/Y (INVXLM)                                        0.14       3.01 f
  U1213/Y (NOR2XLM)                                       0.75       3.76 r
  U2290/Y (AOI2BB2XLM)                                    0.18       3.94 f
  Regfile_u_reg_file_reg_8__6_/D (SDFFRQX1M)              0.00       3.94 f
  data arrival time                                                  3.94

  clock Ref_clk (rise edge)                              10.00      10.00
  clock network delay (ideal)                             0.00      10.00
  clock uncertainty                                      -0.20       9.80
  Regfile_u_reg_file_reg_8__6_/CK (SDFFRQX1M)             0.00       9.80 r
  library setup time                                     -0.44       9.36
  data required time                                                 9.36
  --------------------------------------------------------------------------
  data required time                                                 9.36
  data arrival time                                                 -3.94
  --------------------------------------------------------------------------
  slack (MET)                                                        5.43


  Startpoint: Rx2SysCtrl_en_pulse_reg
              (rising edge-triggered flip-flop clocked by Ref_clk)
  Endpoint: Regfile_u_reg_file_reg_8__7_
            (rising edge-triggered flip-flop clocked by Ref_clk)
  Path Group: Ref_clk
  Path Type: max

  Point                                                   Incr       Path
  --------------------------------------------------------------------------
  clock Ref_clk (rise edge)                               0.00       0.00
  clock network delay (ideal)                             0.00       0.00
  Rx2SysCtrl_en_pulse_reg/CK (SDFFRQX2M)                  0.00       0.00 r
  Rx2SysCtrl_en_pulse_reg/Q (SDFFRQX2M)                   0.93       0.93 r
  U964/Y (NAND2XLM)                                       0.60       1.54 f
  U1078/Y (OAI22XLM)                                      0.40       1.93 r
  U1109/Y (NAND2XLM)                                      0.14       2.08 f
  U1154/Y (NOR2XLM)                                       0.79       2.86 r
  U1385/Y (INVXLM)                                        0.14       3.01 f
  U1213/Y (NOR2XLM)                                       0.75       3.76 r
  U2303/Y (AOI2BB2XLM)                                    0.18       3.94 f
  Regfile_u_reg_file_reg_8__7_/D (SDFFRQX1M)              0.00       3.94 f
  data arrival time                                                  3.94

  clock Ref_clk (rise edge)                              10.00      10.00
  clock network delay (ideal)                             0.00      10.00
  clock uncertainty                                      -0.20       9.80
  Regfile_u_reg_file_reg_8__7_/CK (SDFFRQX1M)             0.00       9.80 r
  library setup time                                     -0.44       9.36
  data required time                                                 9.36
  --------------------------------------------------------------------------
  data required time                                                 9.36
  data arrival time                                                 -3.94
  --------------------------------------------------------------------------
  slack (MET)                                                        5.43


  Startpoint: sys_ctrl_u_current_state_reg_3_
              (rising edge-triggered flip-flop clocked by Ref_clk)
  Endpoint: FIFO_u_U4_WR_PTR_BIN_reg_3_
            (rising edge-triggered flip-flop clocked by Ref_clk)
  Path Group: Ref_clk
  Path Type: max

  Point                                                   Incr       Path
  --------------------------------------------------------------------------
  clock Ref_clk (rise edge)                               0.00       0.00
  clock network delay (ideal)                             0.00       0.00
  sys_ctrl_u_current_state_reg_3_/CK (SDFFRQX1M)          0.00       0.00 r
  sys_ctrl_u_current_state_reg_3_/Q (SDFFRQX1M)           0.48       0.48 f
  U1423/Y (NOR2XLM)                                       0.35       0.83 r
  U1181/Y (NAND2XLM)                                      0.14       0.97 f
  U1836/Y (INVXLM)                                        0.12       1.09 r
  U963/Y (NAND2XLM)                                       0.26       1.35 f
  U962/Y (NOR2XLM)                                        0.55       1.91 r
  U1223/Y (OR3X1M)                                        0.25       2.16 r
  U1460/Y (NAND2XLM)                                      0.18       2.33 f
  U1221/Y (NOR2XLM)                                       0.25       2.58 r
  U1784/Y (NOR2BXLM)                                      0.88       3.46 r
  U1730/Y (NOR2XLM)                                       0.13       3.59 f
  U1731/Y (AOI21XLM)                                      0.29       3.87 r
  FIFO_u_U4_WR_PTR_BIN_reg_3_/D (SDFFRQX1M)               0.00       3.87 r
  data arrival time                                                  3.87

  clock Ref_clk (rise edge)                              10.00      10.00
  clock network delay (ideal)                             0.00      10.00
  clock uncertainty                                      -0.20       9.80
  FIFO_u_U4_WR_PTR_BIN_reg_3_/CK (SDFFRQX1M)              0.00       9.80 r
  library setup time                                     -0.33       9.47
  data required time                                                 9.47
  --------------------------------------------------------------------------
  data required time                                                 9.47
  data arrival time                                                 -3.87
  --------------------------------------------------------------------------
  slack (MET)                                                        5.60


  Startpoint: UART_RX_IN (input port clocked by Rx_clk)
  Endpoint: UART_TX_RX_U0_UART_RX_U2_Sampled_bit_reg
            (rising edge-triggered flip-flop clocked by Rx_clk)
  Path Group: Rx_clk
  Path Type: max

  Point                                                   Incr       Path
  --------------------------------------------------------------------------
  clock Rx_clk (rise edge)                                0.00       0.00
  clock network delay (ideal)                             0.00       0.00
  input external delay                                   54.26      54.26 f
  UART_RX_IN (in)                                         0.03      54.28 f
  U2310/Y (AOI222XLM)                                     0.43      54.71 r
  U2311/Y (AOI221XLM)                                     0.16      54.87 f
  UART_TX_RX_U0_UART_RX_U2_Sampled_bit_reg/D (SDFFRQX1M)
                                                          0.00      54.87 f
  data arrival time                                                 54.87

  clock Rx_clk (rise edge)                              271.29     271.29
  clock network delay (ideal)                             0.00     271.29
  clock uncertainty                                      -0.20     271.09
  UART_TX_RX_U0_UART_RX_U2_Sampled_bit_reg/CK (SDFFRQX1M)
                                                          0.00     271.09 r
  library setup time                                     -0.45     270.64
  data required time                                               270.64
  --------------------------------------------------------------------------
  data required time                                               270.64
  data arrival time                                                -54.87
  --------------------------------------------------------------------------
  slack (MET)                                                      215.77


  Startpoint: UART_RX_IN (input port clocked by Rx_clk)
  Endpoint: UART_TX_RX_U0_UART_RX_U7_c_state_reg_0_
            (rising edge-triggered flip-flop clocked by Rx_clk)
  Path Group: Rx_clk
  Path Type: max

  Point                                                   Incr       Path
  --------------------------------------------------------------------------
  clock Rx_clk (rise edge)                                0.00       0.00
  clock network delay (ideal)                             0.00       0.00
  input external delay                                   54.26      54.26 f
  UART_RX_IN (in)                                         0.03      54.28 f
  U1846/Y (AOI221XLM)                                     0.36      54.64 r
  U1847/Y (AOI31XLM)                                      0.09      54.73 f
  U1848/Y (OAI31XLM)                                      0.10      54.83 r
  UART_TX_RX_U0_UART_RX_U7_c_state_reg_0_/D (SDFFRQX1M)
                                                          0.00      54.83 r
  data arrival time                                                 54.83

  clock Rx_clk (rise edge)                              271.29     271.29
  clock network delay (ideal)                             0.00     271.29
  clock uncertainty                                      -0.20     271.09
  UART_TX_RX_U0_UART_RX_U7_c_state_reg_0_/CK (SDFFRQX1M)
                                                          0.00     271.09 r
  library setup time                                     -0.34     270.75
  data required time                                               270.75
  --------------------------------------------------------------------------
  data required time                                               270.75
  data arrival time                                                -54.83
  --------------------------------------------------------------------------
  slack (MET)                                                      215.92


  Startpoint: UART_TX_RX_U0_UART_RX_U4_par_err_reg
              (rising edge-triggered flip-flop clocked by Rx_clk)
  Endpoint: parity_error
            (output port clocked by Rx_clk)
  Path Group: Rx_clk
  Path Type: max

  Point                                                   Incr       Path
  --------------------------------------------------------------------------
  clock Rx_clk (rise edge)                                0.00       0.00
  clock network delay (ideal)                             0.00       0.00
  UART_TX_RX_U0_UART_RX_U4_par_err_reg/CK (SDFFRQX2M)     0.00       0.00 r
  UART_TX_RX_U0_UART_RX_U4_par_err_reg/Q (SDFFRQX2M)      0.88       0.88 r
  parity_error (out)                                      0.00       0.88 r
  data arrival time                                                  0.88

  clock Rx_clk (rise edge)                              271.29     271.29
  clock network delay (ideal)                             0.00     271.29
  clock uncertainty                                      -0.20     271.09
  output external delay                                 -54.26     216.83
  data required time                                               216.83
  --------------------------------------------------------------------------
  data required time                                               216.83
  data arrival time                                                 -0.88
  --------------------------------------------------------------------------
  slack (MET)                                                      215.95


  Startpoint: UART_TX_RX_U0_UART_RX_U6_stp_err_reg
              (rising edge-triggered flip-flop clocked by Rx_clk)
  Endpoint: framing_error
            (output port clocked by Rx_clk)
  Path Group: Rx_clk
  Path Type: max

  Point                                                   Incr       Path
  --------------------------------------------------------------------------
  clock Rx_clk (rise edge)                                0.00       0.00
  clock network delay (ideal)                             0.00       0.00
  UART_TX_RX_U0_UART_RX_U6_stp_err_reg/CK (SDFFRQX2M)     0.00       0.00 r
  UART_TX_RX_U0_UART_RX_U6_stp_err_reg/Q (SDFFRQX2M)      0.88       0.88 r
  framing_error (out)                                     0.00       0.88 r
  data arrival time                                                  0.88

  clock Rx_clk (rise edge)                              271.29     271.29
  clock network delay (ideal)                             0.00     271.29
  clock uncertainty                                      -0.20     271.09
  output external delay                                 -54.26     216.83
  data required time                                               216.83
  --------------------------------------------------------------------------
  data required time                                               216.83
  data arrival time                                                 -0.88
  --------------------------------------------------------------------------
  slack (MET)                                                      215.96


  Startpoint: UART_RX_IN (input port clocked by Rx_clk)
  Endpoint: UART_TX_RX_U0_UART_RX_U2_s1_reg
            (rising edge-triggered flip-flop clocked by Rx_clk)
  Path Group: Rx_clk
  Path Type: max

  Point                                                   Incr       Path
  --------------------------------------------------------------------------
  clock Rx_clk (rise edge)                                0.00       0.00
  clock network delay (ideal)                             0.00       0.00
  input external delay                                   54.26      54.26 r
  UART_RX_IN (in)                                         0.03      54.29 r
  U1767/Y (INVXLM)                                        0.07      54.36 f
  U1715/Y (AOI211XLM)                                     0.29      54.65 r
  UART_TX_RX_U0_UART_RX_U2_s1_reg/D (SDFFRQX1M)           0.00      54.65 r
  data arrival time                                                 54.65

  clock Rx_clk (rise edge)                              271.29     271.29
  clock network delay (ideal)                             0.00     271.29
  clock uncertainty                                      -0.20     271.09
  UART_TX_RX_U0_UART_RX_U2_s1_reg/CK (SDFFRQX1M)          0.00     271.09 r
  library setup time                                     -0.33     270.76
  data required time                                               270.76
  --------------------------------------------------------------------------
  data required time                                               270.76
  data arrival time                                                -54.65
  --------------------------------------------------------------------------
  slack (MET)                                                      216.11


  Startpoint: UART_RX_IN (input port clocked by Rx_clk)
  Endpoint: UART_TX_RX_U0_UART_RX_U2_s0_reg
            (rising edge-triggered flip-flop clocked by Rx_clk)
  Path Group: Rx_clk
  Path Type: max

  Point                                                   Incr       Path
  --------------------------------------------------------------------------
  clock Rx_clk (rise edge)                                0.00       0.00
  clock network delay (ideal)                             0.00       0.00
  input external delay                                   54.26      54.26 r
  UART_RX_IN (in)                                         0.03      54.29 r
  U1767/Y (INVXLM)                                        0.07      54.36 f
  U1726/Y (AOI211XLM)                                     0.29      54.65 r
  UART_TX_RX_U0_UART_RX_U2_s0_reg/D (SDFFRQX1M)           0.00      54.65 r
  data arrival time                                                 54.65

  clock Rx_clk (rise edge)                              271.29     271.29
  clock network delay (ideal)                             0.00     271.29
  clock uncertainty                                      -0.20     271.09
  UART_TX_RX_U0_UART_RX_U2_s0_reg/CK (SDFFRQX1M)          0.00     271.09 r
  library setup time                                     -0.33     270.76
  data required time                                               270.76
  --------------------------------------------------------------------------
  data required time                                               270.76
  data arrival time                                                -54.65
  --------------------------------------------------------------------------
  slack (MET)                                                      216.11


  Startpoint: UART_TX_RX_U0_UART_RX_U1_Edge_cnt_reg_0_
              (rising edge-triggered flip-flop clocked by Rx_clk)
  Endpoint: UART_TX_RX_U0_UART_RX_U1_Bit_cnt_reg_2_
            (rising edge-triggered flip-flop clocked by Rx_clk)
  Path Group: Rx_clk
  Path Type: max

  Point                                                   Incr       Path
  --------------------------------------------------------------------------
  clock Rx_clk (rise edge)                                0.00       0.00
  clock network delay (ideal)                             0.00       0.00
  UART_TX_RX_U0_UART_RX_U1_Edge_cnt_reg_0_/CK (SDFFRQX1M)
                                                          0.00       0.00 r
  UART_TX_RX_U0_UART_RX_U1_Edge_cnt_reg_0_/Q (SDFFRQX1M)
                                                          0.49       0.49 f
  U1757/Y (INVXLM)                                        0.13       0.61 r
  U1696/Y (NAND2XLM)                                      0.11       0.72 f
  U1697/Y (AOI22XLM)                                      0.24       0.96 r
  U1698/Y (OAI21XLM)                                      0.15       1.11 f
  U1345/Y (AOI222XLM)                                     0.54       1.65 r
  U1700/Y (AOI222XLM)                                     0.27       1.92 f
  U1702/Y (AOI222XLM)                                     0.55       2.47 r
  U1703/Y (OAI211XLM)                                     0.21       2.68 f
  U1705/Y (OAI211XLM)                                     0.17       2.85 r
  U1400/Y (NAND2XLM)                                      0.29       3.15 f
  U1838/Y (NAND2XLM)                                      0.22       3.37 r
  U1842/Y (OAI32XLM)                                      0.16       3.53 f
  UART_TX_RX_U0_UART_RX_U1_Bit_cnt_reg_2_/D (SDFFRQX1M)
                                                          0.00       3.53 f
  data arrival time                                                  3.53

  clock Rx_clk (rise edge)                              271.29     271.29
  clock network delay (ideal)                             0.00     271.29
  clock uncertainty                                      -0.20     271.09
  UART_TX_RX_U0_UART_RX_U1_Bit_cnt_reg_2_/CK (SDFFRQX1M)
                                                          0.00     271.09 r
  library setup time                                     -0.42     270.67
  data required time                                               270.67
  --------------------------------------------------------------------------
  data required time                                               270.67
  data arrival time                                                 -3.53
  --------------------------------------------------------------------------
  slack (MET)                                                      267.14


  Startpoint: UART_TX_RX_U0_UART_RX_U1_Edge_cnt_reg_0_
              (rising edge-triggered flip-flop clocked by Rx_clk)
  Endpoint: UART_TX_RX_U0_UART_RX_U1_Bit_cnt_reg_0_
            (rising edge-triggered flip-flop clocked by Rx_clk)
  Path Group: Rx_clk
  Path Type: max

  Point                                                   Incr       Path
  --------------------------------------------------------------------------
  clock Rx_clk (rise edge)                                0.00       0.00
  clock network delay (ideal)                             0.00       0.00
  UART_TX_RX_U0_UART_RX_U1_Edge_cnt_reg_0_/CK (SDFFRQX1M)
                                                          0.00       0.00 r
  UART_TX_RX_U0_UART_RX_U1_Edge_cnt_reg_0_/Q (SDFFRQX1M)
                                                          0.49       0.49 f
  U1757/Y (INVXLM)                                        0.13       0.61 r
  U1696/Y (NAND2XLM)                                      0.11       0.72 f
  U1697/Y (AOI22XLM)                                      0.24       0.96 r
  U1698/Y (OAI21XLM)                                      0.15       1.11 f
  U1345/Y (AOI222XLM)                                     0.54       1.65 r
  U1700/Y (AOI222XLM)                                     0.27       1.92 f
  U1702/Y (AOI222XLM)                                     0.55       2.47 r
  U1703/Y (OAI211XLM)                                     0.21       2.68 f
  U1705/Y (OAI211XLM)                                     0.17       2.85 r
  U1400/Y (NAND2XLM)                                      0.29       3.15 f
  U1838/Y (NAND2XLM)                                      0.22       3.37 r
  U1844/Y (AOI22XLM)                                      0.14       3.51 f
  UART_TX_RX_U0_UART_RX_U1_Bit_cnt_reg_0_/D (SDFFRQX1M)
                                                          0.00       3.51 f
  data arrival time                                                  3.51

  clock Rx_clk (rise edge)                              271.29     271.29
  clock network delay (ideal)                             0.00     271.29
  clock uncertainty                                      -0.20     271.09
  UART_TX_RX_U0_UART_RX_U1_Bit_cnt_reg_0_/CK (SDFFRQX1M)
                                                          0.00     271.09 r
  library setup time                                     -0.42     270.67
  data required time                                               270.67
  --------------------------------------------------------------------------
  data required time                                               270.67
  data arrival time                                                 -3.51
  --------------------------------------------------------------------------
  slack (MET)                                                      267.15


  Startpoint: UART_TX_RX_U0_UART_RX_U1_Edge_cnt_reg_0_
              (rising edge-triggered flip-flop clocked by Rx_clk)
  Endpoint: UART_TX_RX_U0_UART_RX_U1_Bit_cnt_reg_3_
            (rising edge-triggered flip-flop clocked by Rx_clk)
  Path Group: Rx_clk
  Path Type: max

  Point                                                   Incr       Path
  --------------------------------------------------------------------------
  clock Rx_clk (rise edge)                                0.00       0.00
  clock network delay (ideal)                             0.00       0.00
  UART_TX_RX_U0_UART_RX_U1_Edge_cnt_reg_0_/CK (SDFFRQX1M)
                                                          0.00       0.00 r
  UART_TX_RX_U0_UART_RX_U1_Edge_cnt_reg_0_/Q (SDFFRQX1M)
                                                          0.49       0.49 f
  U1757/Y (INVXLM)                                        0.13       0.61 r
  U1696/Y (NAND2XLM)                                      0.11       0.72 f
  U1697/Y (AOI22XLM)                                      0.24       0.96 r
  U1698/Y (OAI21XLM)                                      0.15       1.11 f
  U1345/Y (AOI222XLM)                                     0.54       1.65 r
  U1700/Y (AOI222XLM)                                     0.27       1.92 f
  U1702/Y (AOI222XLM)                                     0.55       2.47 r
  U1703/Y (OAI211XLM)                                     0.21       2.68 f
  U1705/Y (OAI211XLM)                                     0.17       2.85 r
  U1400/Y (NAND2XLM)                                      0.29       3.15 f
  U1838/Y (NAND2XLM)                                      0.22       3.37 r
  U2315/Y (OAI2B2XLM)                                     0.14       3.51 f
  UART_TX_RX_U0_UART_RX_U1_Bit_cnt_reg_3_/D (SDFFRQX1M)
                                                          0.00       3.51 f
  data arrival time                                                  3.51

  clock Rx_clk (rise edge)                              271.29     271.29
  clock network delay (ideal)                             0.00     271.29
  clock uncertainty                                      -0.20     271.09
  UART_TX_RX_U0_UART_RX_U1_Bit_cnt_reg_3_/CK (SDFFRQX1M)
                                                          0.00     271.09 r
  library setup time                                     -0.42     270.67
  data required time                                               270.67
  --------------------------------------------------------------------------
  data required time                                               270.67
  data arrival time                                                 -3.51
  --------------------------------------------------------------------------
  slack (MET)                                                      267.16


  Startpoint: UART_TX_RX_U0_UART_RX_U1_Edge_cnt_reg_0_
              (rising edge-triggered flip-flop clocked by Rx_clk)
  Endpoint: UART_TX_RX_U0_UART_RX_U1_Edge_cnt_reg_1_
            (rising edge-triggered flip-flop clocked by Rx_clk)
  Path Group: Rx_clk
  Path Type: max

  Point                                                   Incr       Path
  --------------------------------------------------------------------------
  clock Rx_clk (rise edge)                                0.00       0.00
  clock network delay (ideal)                             0.00       0.00
  UART_TX_RX_U0_UART_RX_U1_Edge_cnt_reg_0_/CK (SDFFRQX1M)
                                                          0.00       0.00 r
  UART_TX_RX_U0_UART_RX_U1_Edge_cnt_reg_0_/Q (SDFFRQX1M)
                                                          0.49       0.49 f
  U1757/Y (INVXLM)                                        0.13       0.61 r
  U1696/Y (NAND2XLM)                                      0.11       0.72 f
  U1697/Y (AOI22XLM)                                      0.24       0.96 r
  U1698/Y (OAI21XLM)                                      0.15       1.11 f
  U1345/Y (AOI222XLM)                                     0.54       1.65 r
  U1700/Y (AOI222XLM)                                     0.27       1.92 f
  U1702/Y (AOI222XLM)                                     0.55       2.47 r
  U1703/Y (OAI211XLM)                                     0.21       2.68 f
  U1705/Y (OAI211XLM)                                     0.17       2.85 r
  U1400/Y (NAND2XLM)                                      0.29       3.15 f
  U2076/Y (AOI221XLM)                                     0.32       3.47 r
  UART_TX_RX_U0_UART_RX_U1_Edge_cnt_reg_1_/D (SDFFRQX1M)
                                                          0.00       3.47 r
  data arrival time                                                  3.47

  clock Rx_clk (rise edge)                              271.29     271.29
  clock network delay (ideal)                             0.00     271.29
  clock uncertainty                                      -0.20     271.09
  UART_TX_RX_U0_UART_RX_U1_Edge_cnt_reg_1_/CK (SDFFRQX1M)
                                                          0.00     271.09 r
  library setup time                                     -0.34     270.75
  data required time                                               270.75
  --------------------------------------------------------------------------
  data required time                                               270.75
  data arrival time                                                 -3.47
  --------------------------------------------------------------------------
  slack (MET)                                                      267.28


  Startpoint: UART_TX_RX_U0_UART_RX_U1_Edge_cnt_reg_0_
              (rising edge-triggered flip-flop clocked by Rx_clk)
  Endpoint: UART_TX_RX_U0_UART_RX_U1_Edge_cnt_reg_3_
            (rising edge-triggered flip-flop clocked by Rx_clk)
  Path Group: Rx_clk
  Path Type: max

  Point                                                   Incr       Path
  --------------------------------------------------------------------------
  clock Rx_clk (rise edge)                                0.00       0.00
  clock network delay (ideal)                             0.00       0.00
  UART_TX_RX_U0_UART_RX_U1_Edge_cnt_reg_0_/CK (SDFFRQX1M)
                                                          0.00       0.00 r
  UART_TX_RX_U0_UART_RX_U1_Edge_cnt_reg_0_/Q (SDFFRQX1M)
                                                          0.49       0.49 f
  U1757/Y (INVXLM)                                        0.13       0.61 r
  U1696/Y (NAND2XLM)                                      0.11       0.72 f
  U1697/Y (AOI22XLM)                                      0.24       0.96 r
  U1698/Y (OAI21XLM)                                      0.15       1.11 f
  U1345/Y (AOI222XLM)                                     0.54       1.65 r
  U1700/Y (AOI222XLM)                                     0.27       1.92 f
  U1702/Y (AOI222XLM)                                     0.55       2.47 r
  U1703/Y (OAI211XLM)                                     0.21       2.68 f
  U1705/Y (OAI211XLM)                                     0.17       2.85 r
  U1400/Y (NAND2XLM)                                      0.29       3.15 f
  U2077/Y (AOI221XLM)                                     0.32       3.47 r
  UART_TX_RX_U0_UART_RX_U1_Edge_cnt_reg_3_/D (SDFFRQX1M)
                                                          0.00       3.47 r
  data arrival time                                                  3.47

  clock Rx_clk (rise edge)                              271.29     271.29
  clock network delay (ideal)                             0.00     271.29
  clock uncertainty                                      -0.20     271.09
  UART_TX_RX_U0_UART_RX_U1_Edge_cnt_reg_3_/CK (SDFFRQX1M)
                                                          0.00     271.09 r
  library setup time                                     -0.34     270.75
  data required time                                               270.75
  --------------------------------------------------------------------------
  data required time                                               270.75
  data arrival time                                                 -3.47
  --------------------------------------------------------------------------
  slack (MET)                                                      267.28


  Startpoint: UART_TX_RX_U0_UART_RX_U1_Edge_cnt_reg_0_
              (rising edge-triggered flip-flop clocked by Rx_clk)
  Endpoint: UART_TX_RX_U0_UART_RX_U1_Edge_cnt_reg_5_
            (rising edge-triggered flip-flop clocked by Rx_clk)
  Path Group: Rx_clk
  Path Type: max

  Point                                                   Incr       Path
  --------------------------------------------------------------------------
  clock Rx_clk (rise edge)                                0.00       0.00
  clock network delay (ideal)                             0.00       0.00
  UART_TX_RX_U0_UART_RX_U1_Edge_cnt_reg_0_/CK (SDFFRQX1M)
                                                          0.00       0.00 r
  UART_TX_RX_U0_UART_RX_U1_Edge_cnt_reg_0_/Q (SDFFRQX1M)
                                                          0.49       0.49 f
  U1757/Y (INVXLM)                                        0.13       0.61 r
  U1696/Y (NAND2XLM)                                      0.11       0.72 f
  U1697/Y (AOI22XLM)                                      0.24       0.96 r
  U1698/Y (OAI21XLM)                                      0.15       1.11 f
  U1345/Y (AOI222XLM)                                     0.54       1.65 r
  U1700/Y (AOI222XLM)                                     0.27       1.92 f
  U1702/Y (AOI222XLM)                                     0.55       2.47 r
  U1703/Y (OAI211XLM)                                     0.21       2.68 f
  U1705/Y (OAI211XLM)                                     0.17       2.85 r
  U1400/Y (NAND2XLM)                                      0.29       3.15 f
  U2078/Y (AOI221XLM)                                     0.32       3.47 r
  UART_TX_RX_U0_UART_RX_U1_Edge_cnt_reg_5_/D (SDFFRQX1M)
                                                          0.00       3.47 r
  data arrival time                                                  3.47

  clock Rx_clk (rise edge)                              271.29     271.29
  clock network delay (ideal)                             0.00     271.29
  clock uncertainty                                      -0.20     271.09
  UART_TX_RX_U0_UART_RX_U1_Edge_cnt_reg_5_/CK (SDFFRQX1M)
                                                          0.00     271.09 r
  library setup time                                     -0.34     270.75
  data required time                                               270.75
  --------------------------------------------------------------------------
  data required time                                               270.75
  data arrival time                                                 -3.47
  --------------------------------------------------------------------------
  slack (MET)                                                      267.28


  Startpoint: UART_TX_RX_U0_UART_RX_U1_Edge_cnt_reg_0_
              (rising edge-triggered flip-flop clocked by Rx_clk)
  Endpoint: UART_TX_RX_U0_UART_RX_U1_Edge_cnt_reg_2_
            (rising edge-triggered flip-flop clocked by Rx_clk)
  Path Group: Rx_clk
  Path Type: max

  Point                                                   Incr       Path
  --------------------------------------------------------------------------
  clock Rx_clk (rise edge)                                0.00       0.00
  clock network delay (ideal)                             0.00       0.00
  UART_TX_RX_U0_UART_RX_U1_Edge_cnt_reg_0_/CK (SDFFRQX1M)
                                                          0.00       0.00 r
  UART_TX_RX_U0_UART_RX_U1_Edge_cnt_reg_0_/Q (SDFFRQX1M)
                                                          0.49       0.49 f
  U1757/Y (INVXLM)                                        0.13       0.61 r
  U1696/Y (NAND2XLM)                                      0.11       0.72 f
  U1697/Y (AOI22XLM)                                      0.24       0.96 r
  U1698/Y (OAI21XLM)                                      0.15       1.11 f
  U1345/Y (AOI222XLM)                                     0.54       1.65 r
  U1700/Y (AOI222XLM)                                     0.27       1.92 f
  U1702/Y (AOI222XLM)                                     0.55       2.47 r
  U1703/Y (OAI211XLM)                                     0.21       2.68 f
  U1705/Y (OAI211XLM)                                     0.17       2.85 r
  U1400/Y (NAND2XLM)                                      0.29       3.15 f
  U1706/Y (AOI211XLM)                                     0.31       3.46 r
  UART_TX_RX_U0_UART_RX_U1_Edge_cnt_reg_2_/D (SDFFRQX1M)
                                                          0.00       3.46 r
  data arrival time                                                  3.46

  clock Rx_clk (rise edge)                              271.29     271.29
  clock network delay (ideal)                             0.00     271.29
  clock uncertainty                                      -0.20     271.09
  UART_TX_RX_U0_UART_RX_U1_Edge_cnt_reg_2_/CK (SDFFRQX1M)
                                                          0.00     271.09 r
  library setup time                                     -0.33     270.76
  data required time                                               270.76
  --------------------------------------------------------------------------
  data required time                                               270.76
  data arrival time                                                 -3.46
  --------------------------------------------------------------------------
  slack (MET)                                                      267.30


  Startpoint: UART_TX_RX_U0_UART_RX_U1_Edge_cnt_reg_0_
              (rising edge-triggered flip-flop clocked by Rx_clk)
  Endpoint: UART_TX_RX_U0_UART_RX_U1_Edge_cnt_reg_4_
            (rising edge-triggered flip-flop clocked by Rx_clk)
  Path Group: Rx_clk
  Path Type: max

  Point                                                   Incr       Path
  --------------------------------------------------------------------------
  clock Rx_clk (rise edge)                                0.00       0.00
  clock network delay (ideal)                             0.00       0.00
  UART_TX_RX_U0_UART_RX_U1_Edge_cnt_reg_0_/CK (SDFFRQX1M)
                                                          0.00       0.00 r
  UART_TX_RX_U0_UART_RX_U1_Edge_cnt_reg_0_/Q (SDFFRQX1M)
                                                          0.49       0.49 f
  U1757/Y (INVXLM)                                        0.13       0.61 r
  U1696/Y (NAND2XLM)                                      0.11       0.72 f
  U1697/Y (AOI22XLM)                                      0.24       0.96 r
  U1698/Y (OAI21XLM)                                      0.15       1.11 f
  U1345/Y (AOI222XLM)                                     0.54       1.65 r
  U1700/Y (AOI222XLM)                                     0.27       1.92 f
  U1702/Y (AOI222XLM)                                     0.55       2.47 r
  U1703/Y (OAI211XLM)                                     0.21       2.68 f
  U1705/Y (OAI211XLM)                                     0.17       2.85 r
  U1400/Y (NAND2XLM)                                      0.29       3.15 f
  U1710/Y (AOI211XLM)                                     0.31       3.46 r
  UART_TX_RX_U0_UART_RX_U1_Edge_cnt_reg_4_/D (SDFFRQX1M)
                                                          0.00       3.46 r
  data arrival time                                                  3.46

  clock Rx_clk (rise edge)                              271.29     271.29
  clock network delay (ideal)                             0.00     271.29
  clock uncertainty                                      -0.20     271.09
  UART_TX_RX_U0_UART_RX_U1_Edge_cnt_reg_4_/CK (SDFFRQX1M)
                                                          0.00     271.09 r
  library setup time                                     -0.33     270.76
  data required time                                               270.76
  --------------------------------------------------------------------------
  data required time                                               270.76
  data arrival time                                                 -3.46
  --------------------------------------------------------------------------
  slack (MET)                                                      267.30


  Startpoint: UART_TX_RX_U0_UART_RX_U1_Edge_cnt_reg_0_
              (rising edge-triggered flip-flop clocked by Rx_clk)
  Endpoint: UART_TX_RX_U0_UART_RX_U1_Bit_cnt_reg_1_
            (rising edge-triggered flip-flop clocked by Rx_clk)
  Path Group: Rx_clk
  Path Type: max

  Point                                                   Incr       Path
  --------------------------------------------------------------------------
  clock Rx_clk (rise edge)                                0.00       0.00
  clock network delay (ideal)                             0.00       0.00
  UART_TX_RX_U0_UART_RX_U1_Edge_cnt_reg_0_/CK (SDFFRQX1M)
                                                          0.00       0.00 r
  UART_TX_RX_U0_UART_RX_U1_Edge_cnt_reg_0_/Q (SDFFRQX1M)
                                                          0.49       0.49 f
  U1757/Y (INVXLM)                                        0.13       0.61 r
  U1696/Y (NAND2XLM)                                      0.11       0.72 f
  U1697/Y (AOI22XLM)                                      0.24       0.96 r
  U1698/Y (OAI21XLM)                                      0.15       1.11 f
  U1345/Y (AOI222XLM)                                     0.54       1.65 r
  U1700/Y (AOI222XLM)                                     0.27       1.92 f
  U1702/Y (AOI222XLM)                                     0.55       2.47 r
  U1703/Y (OAI211XLM)                                     0.21       2.68 f
  U1705/Y (OAI211XLM)                                     0.17       2.85 r
  U2312/Y (NOR2XLM)                                       0.13       2.98 f
  U2313/Y (OAI21XLM)                                      0.21       3.19 r
  U2314/Y (AOI21XLM)                                      0.07       3.26 f
  UART_TX_RX_U0_UART_RX_U1_Bit_cnt_reg_1_/D (SDFFRQX1M)
                                                          0.00       3.26 f
  data arrival time                                                  3.26

  clock Rx_clk (rise edge)                              271.29     271.29
  clock network delay (ideal)                             0.00     271.29
  clock uncertainty                                      -0.20     271.09
  UART_TX_RX_U0_UART_RX_U1_Bit_cnt_reg_1_/CK (SDFFRQX1M)
                                                          0.00     271.09 r
  library setup time                                     -0.42     270.67
  data required time                                               270.67
  --------------------------------------------------------------------------
  data required time                                               270.67
  data arrival time                                                 -3.26
  --------------------------------------------------------------------------
  slack (MET)                                                      267.41


  Startpoint: UART_TX_RX_U0_UART_RX_U1_Edge_cnt_reg_0_
              (rising edge-triggered flip-flop clocked by Rx_clk)
  Endpoint: UART_TX_RX_U0_UART_RX_U1_Edge_cnt_reg_0_
            (rising edge-triggered flip-flop clocked by Rx_clk)
  Path Group: Rx_clk
  Path Type: max

  Point                                                   Incr       Path
  --------------------------------------------------------------------------
  clock Rx_clk (rise edge)                                0.00       0.00
  clock network delay (ideal)                             0.00       0.00
  UART_TX_RX_U0_UART_RX_U1_Edge_cnt_reg_0_/CK (SDFFRQX1M)
                                                          0.00       0.00 r
  UART_TX_RX_U0_UART_RX_U1_Edge_cnt_reg_0_/Q (SDFFRQX1M)
                                                          0.49       0.49 f
  U1757/Y (INVXLM)                                        0.13       0.61 r
  U1696/Y (NAND2XLM)                                      0.11       0.72 f
  U1697/Y (AOI22XLM)                                      0.24       0.96 r
  U1698/Y (OAI21XLM)                                      0.15       1.11 f
  U1345/Y (AOI222XLM)                                     0.54       1.65 r
  U1700/Y (AOI222XLM)                                     0.27       1.92 f
  U1702/Y (AOI222XLM)                                     0.55       2.47 r
  U1703/Y (OAI211XLM)                                     0.21       2.68 f
  U1705/Y (OAI211XLM)                                     0.17       2.85 r
  U1400/Y (NAND2XLM)                                      0.29       3.15 f
  U2075/Y (NOR2XLM)                                       0.19       3.33 r
  UART_TX_RX_U0_UART_RX_U1_Edge_cnt_reg_0_/D (SDFFRQX1M)
                                                          0.00       3.33 r
  data arrival time                                                  3.33

  clock Rx_clk (rise edge)                              271.29     271.29
  clock network delay (ideal)                             0.00     271.29
  clock uncertainty                                      -0.20     271.09
  UART_TX_RX_U0_UART_RX_U1_Edge_cnt_reg_0_/CK (SDFFRQX1M)
                                                          0.00     271.09 r
  library setup time                                     -0.30     270.79
  data required time                                               270.79
  --------------------------------------------------------------------------
  data required time                                               270.79
  data arrival time                                                 -3.33
  --------------------------------------------------------------------------
  slack (MET)                                                      267.46


  Startpoint: UART_TX_RX_U0_UART_RX_U7_c_state_reg_2_
              (rising edge-triggered flip-flop clocked by Rx_clk)
  Endpoint: UART_TX_RX_U0_UART_RX_U4_count_reg_3_
            (rising edge-triggered flip-flop clocked by Rx_clk)
  Path Group: Rx_clk
  Path Type: max

  Point                                                   Incr       Path
  --------------------------------------------------------------------------
  clock Rx_clk (rise edge)                                0.00       0.00
  clock network delay (ideal)                             0.00       0.00
  UART_TX_RX_U0_UART_RX_U7_c_state_reg_2_/CK (SDFFRQX1M)
                                                          0.00       0.00 r
  UART_TX_RX_U0_UART_RX_U7_c_state_reg_2_/Q (SDFFRQX1M)
                                                          0.44       0.44 f
  U1418/Y (INVXLM)                                        0.13       0.57 r
  U1640/Y (NAND2XLM)                                      0.14       0.71 f
  U1737/Y (INVXLM)                                        0.13       0.84 r
  U1642/Y (OAI211XLM)                                     0.27       1.11 f
  U1651/Y (NOR2XLM)                                       0.28       1.38 r
  U1654/Y (NAND2XLM)                                      0.15       1.53 f
  U1837/Y (OAI32XLM)                                      0.39       1.92 r
  UART_TX_RX_U0_UART_RX_U4_count_reg_3_/D (SDFFRQX1M)     0.00       1.92 r
  data arrival time                                                  1.92

  clock Rx_clk (rise edge)                              271.29     271.29
  clock network delay (ideal)                             0.00     271.29
  clock uncertainty                                      -0.20     271.09
  UART_TX_RX_U0_UART_RX_U4_count_reg_3_/CK (SDFFRQX1M)
                                                          0.00     271.09 r
  library setup time                                     -0.36     270.73
  data required time                                               270.73
  --------------------------------------------------------------------------
  data required time                                               270.73
  data arrival time                                                 -1.92
  --------------------------------------------------------------------------
  slack (MET)                                                      268.81


  Startpoint: UART_TX_RX_U0_UART_RX_U7_c_state_reg_2_
              (rising edge-triggered flip-flop clocked by Rx_clk)
  Endpoint: UART_TX_RX_U0_UART_RX_U4_count_reg_1_
            (rising edge-triggered flip-flop clocked by Rx_clk)
  Path Group: Rx_clk
  Path Type: max

  Point                                                   Incr       Path
  --------------------------------------------------------------------------
  clock Rx_clk (rise edge)                                0.00       0.00
  clock network delay (ideal)                             0.00       0.00
  UART_TX_RX_U0_UART_RX_U7_c_state_reg_2_/CK (SDFFRQX1M)
                                                          0.00       0.00 r
  UART_TX_RX_U0_UART_RX_U7_c_state_reg_2_/Q (SDFFRQX1M)
                                                          0.44       0.44 f
  U1418/Y (INVXLM)                                        0.13       0.57 r
  U1640/Y (NAND2XLM)                                      0.14       0.71 f
  U1737/Y (INVXLM)                                        0.13       0.84 r
  U1642/Y (OAI211XLM)                                     0.27       1.11 f
  U1651/Y (NOR2XLM)                                       0.28       1.38 r
  U1654/Y (NAND2XLM)                                      0.15       1.53 f
  U2007/Y (OA21XLM)                                       0.19       1.72 f
  UART_TX_RX_U0_UART_RX_U4_count_reg_1_/D (SDFFRQX1M)     0.00       1.72 f
  data arrival time                                                  1.72

  clock Rx_clk (rise edge)                              271.29     271.29
  clock network delay (ideal)                             0.00     271.29
  clock uncertainty                                      -0.20     271.09
  UART_TX_RX_U0_UART_RX_U4_count_reg_1_/CK (SDFFRQX1M)
                                                          0.00     271.09 r
  library setup time                                     -0.41     270.68
  data required time                                               270.68
  --------------------------------------------------------------------------
  data required time                                               270.68
  data arrival time                                                 -1.72
  --------------------------------------------------------------------------
  slack (MET)                                                      268.96


  Startpoint: UART_TX_RX_U0_UART_RX_U7_c_state_reg_2_
              (rising edge-triggered flip-flop clocked by Rx_clk)
  Endpoint: UART_TX_RX_U0_UART_RX_U3_P_DATA_reg_7_
            (rising edge-triggered flip-flop clocked by Rx_clk)
  Path Group: Rx_clk
  Path Type: max

  Point                                                   Incr       Path
  --------------------------------------------------------------------------
  clock Rx_clk (rise edge)                                0.00       0.00
  clock network delay (ideal)                             0.00       0.00
  UART_TX_RX_U0_UART_RX_U7_c_state_reg_2_/CK (SDFFRQX1M)
                                                          0.00       0.00 r
  UART_TX_RX_U0_UART_RX_U7_c_state_reg_2_/Q (SDFFRQX1M)
                                                          0.44       0.44 f
  U1418/Y (INVXLM)                                        0.13       0.57 r
  U1640/Y (NAND2XLM)                                      0.14       0.71 f
  U1737/Y (INVXLM)                                        0.13       0.84 r
  U1811/Y (NAND2XLM)                                      0.11       0.94 f
  U1774/Y (INVXLM)                                        0.10       1.05 r
  U1819/Y (NAND2XLM)                                      0.24       1.29 f
  U1612/Y (INVXLM)                                        0.29       1.58 r
  U1822/Y (AOI22XLM)                                      0.11       1.69 f
  UART_TX_RX_U0_UART_RX_U3_P_DATA_reg_7_/D (SDFFRQX1M)
                                                          0.00       1.69 f
  data arrival time                                                  1.69

  clock Rx_clk (rise edge)                              271.29     271.29
  clock network delay (ideal)                             0.00     271.29
  clock uncertainty                                      -0.20     271.09
  UART_TX_RX_U0_UART_RX_U3_P_DATA_reg_7_/CK (SDFFRQX1M)
                                                          0.00     271.09 r
  library setup time                                     -0.43     270.66
  data required time                                               270.66
  --------------------------------------------------------------------------
  data required time                                               270.66
  data arrival time                                                 -1.69
  --------------------------------------------------------------------------
  slack (MET)                                                      268.97


  Startpoint: UART_TX_RX_U0_UART_RX_U7_c_state_reg_2_
              (rising edge-triggered flip-flop clocked by Rx_clk)
  Endpoint: UART_TX_RX_U0_UART_RX_U3_P_DATA_reg_6_
            (rising edge-triggered flip-flop clocked by Rx_clk)
  Path Group: Rx_clk
  Path Type: max

  Point                                                   Incr       Path
  --------------------------------------------------------------------------
  clock Rx_clk (rise edge)                                0.00       0.00
  clock network delay (ideal)                             0.00       0.00
  UART_TX_RX_U0_UART_RX_U7_c_state_reg_2_/CK (SDFFRQX1M)
                                                          0.00       0.00 r
  UART_TX_RX_U0_UART_RX_U7_c_state_reg_2_/Q (SDFFRQX1M)
                                                          0.44       0.44 f
  U1418/Y (INVXLM)                                        0.13       0.57 r
  U1640/Y (NAND2XLM)                                      0.14       0.71 f
  U1737/Y (INVXLM)                                        0.13       0.84 r
  U1811/Y (NAND2XLM)                                      0.11       0.94 f
  U1774/Y (INVXLM)                                        0.10       1.05 r
  U1819/Y (NAND2XLM)                                      0.24       1.29 f
  U1612/Y (INVXLM)                                        0.29       1.58 r
  U1829/Y (AOI22XLM)                                      0.11       1.69 f
  UART_TX_RX_U0_UART_RX_U3_P_DATA_reg_6_/D (SDFFRQX1M)
                                                          0.00       1.69 f
  data arrival time                                                  1.69

  clock Rx_clk (rise edge)                              271.29     271.29
  clock network delay (ideal)                             0.00     271.29
  clock uncertainty                                      -0.20     271.09
  UART_TX_RX_U0_UART_RX_U3_P_DATA_reg_6_/CK (SDFFRQX1M)
                                                          0.00     271.09 r
  library setup time                                     -0.43     270.66
  data required time                                               270.66
  --------------------------------------------------------------------------
  data required time                                               270.66
  data arrival time                                                 -1.69
  --------------------------------------------------------------------------
  slack (MET)                                                      268.97


  Startpoint: UART_TX_RX_U0_UART_RX_U7_c_state_reg_2_
              (rising edge-triggered flip-flop clocked by Rx_clk)
  Endpoint: UART_TX_RX_U0_UART_RX_U3_P_DATA_reg_5_
            (rising edge-triggered flip-flop clocked by Rx_clk)
  Path Group: Rx_clk
  Path Type: max

  Point                                                   Incr       Path
  --------------------------------------------------------------------------
  clock Rx_clk (rise edge)                                0.00       0.00
  clock network delay (ideal)                             0.00       0.00
  UART_TX_RX_U0_UART_RX_U7_c_state_reg_2_/CK (SDFFRQX1M)
                                                          0.00       0.00 r
  UART_TX_RX_U0_UART_RX_U7_c_state_reg_2_/Q (SDFFRQX1M)
                                                          0.44       0.44 f
  U1418/Y (INVXLM)                                        0.13       0.57 r
  U1640/Y (NAND2XLM)                                      0.14       0.71 f
  U1737/Y (INVXLM)                                        0.13       0.84 r
  U1811/Y (NAND2XLM)                                      0.11       0.94 f
  U1774/Y (INVXLM)                                        0.10       1.05 r
  U1819/Y (NAND2XLM)                                      0.24       1.29 f
  U1612/Y (INVXLM)                                        0.29       1.58 r
  U1828/Y (AOI22XLM)                                      0.11       1.69 f
  UART_TX_RX_U0_UART_RX_U3_P_DATA_reg_5_/D (SDFFRQX1M)
                                                          0.00       1.69 f
  data arrival time                                                  1.69

  clock Rx_clk (rise edge)                              271.29     271.29
  clock network delay (ideal)                             0.00     271.29
  clock uncertainty                                      -0.20     271.09
  UART_TX_RX_U0_UART_RX_U3_P_DATA_reg_5_/CK (SDFFRQX1M)
                                                          0.00     271.09 r
  library setup time                                     -0.43     270.66
  data required time                                               270.66
  --------------------------------------------------------------------------
  data required time                                               270.66
  data arrival time                                                 -1.69
  --------------------------------------------------------------------------
  slack (MET)                                                      268.97


  Startpoint: UART_TX_RX_U0_UART_RX_U7_c_state_reg_2_
              (rising edge-triggered flip-flop clocked by Rx_clk)
  Endpoint: UART_TX_RX_U0_UART_RX_U3_P_DATA_reg_4_
            (rising edge-triggered flip-flop clocked by Rx_clk)
  Path Group: Rx_clk
  Path Type: max

  Point                                                   Incr       Path
  --------------------------------------------------------------------------
  clock Rx_clk (rise edge)                                0.00       0.00
  clock network delay (ideal)                             0.00       0.00
  UART_TX_RX_U0_UART_RX_U7_c_state_reg_2_/CK (SDFFRQX1M)
                                                          0.00       0.00 r
  UART_TX_RX_U0_UART_RX_U7_c_state_reg_2_/Q (SDFFRQX1M)
                                                          0.44       0.44 f
  U1418/Y (INVXLM)                                        0.13       0.57 r
  U1640/Y (NAND2XLM)                                      0.14       0.71 f
  U1737/Y (INVXLM)                                        0.13       0.84 r
  U1811/Y (NAND2XLM)                                      0.11       0.94 f
  U1774/Y (INVXLM)                                        0.10       1.05 r
  U1819/Y (NAND2XLM)                                      0.24       1.29 f
  U1612/Y (INVXLM)                                        0.29       1.58 r
  U1833/Y (AOI22XLM)                                      0.11       1.69 f
  UART_TX_RX_U0_UART_RX_U3_P_DATA_reg_4_/D (SDFFRQX1M)
                                                          0.00       1.69 f
  data arrival time                                                  1.69

  clock Rx_clk (rise edge)                              271.29     271.29
  clock network delay (ideal)                             0.00     271.29
  clock uncertainty                                      -0.20     271.09
  UART_TX_RX_U0_UART_RX_U3_P_DATA_reg_4_/CK (SDFFRQX1M)
                                                          0.00     271.09 r
  library setup time                                     -0.43     270.66
  data required time                                               270.66
  --------------------------------------------------------------------------
  data required time                                               270.66
  data arrival time                                                 -1.69
  --------------------------------------------------------------------------
  slack (MET)                                                      268.97


  Startpoint: UART_TX_RX_U0_UART_RX_U7_c_state_reg_2_
              (rising edge-triggered flip-flop clocked by Rx_clk)
  Endpoint: UART_TX_RX_U0_UART_RX_U3_P_DATA_reg_3_
            (rising edge-triggered flip-flop clocked by Rx_clk)
  Path Group: Rx_clk
  Path Type: max

  Point                                                   Incr       Path
  --------------------------------------------------------------------------
  clock Rx_clk (rise edge)                                0.00       0.00
  clock network delay (ideal)                             0.00       0.00
  UART_TX_RX_U0_UART_RX_U7_c_state_reg_2_/CK (SDFFRQX1M)
                                                          0.00       0.00 r
  UART_TX_RX_U0_UART_RX_U7_c_state_reg_2_/Q (SDFFRQX1M)
                                                          0.44       0.44 f
  U1418/Y (INVXLM)                                        0.13       0.57 r
  U1640/Y (NAND2XLM)                                      0.14       0.71 f
  U1737/Y (INVXLM)                                        0.13       0.84 r
  U1811/Y (NAND2XLM)                                      0.11       0.94 f
  U1774/Y (INVXLM)                                        0.10       1.05 r
  U1819/Y (NAND2XLM)                                      0.24       1.29 f
  U1612/Y (INVXLM)                                        0.29       1.58 r
  U1825/Y (AOI22XLM)                                      0.11       1.69 f
  UART_TX_RX_U0_UART_RX_U3_P_DATA_reg_3_/D (SDFFRQX1M)
                                                          0.00       1.69 f
  data arrival time                                                  1.69

  clock Rx_clk (rise edge)                              271.29     271.29
  clock network delay (ideal)                             0.00     271.29
  clock uncertainty                                      -0.20     271.09
  UART_TX_RX_U0_UART_RX_U3_P_DATA_reg_3_/CK (SDFFRQX1M)
                                                          0.00     271.09 r
  library setup time                                     -0.43     270.66
  data required time                                               270.66
  --------------------------------------------------------------------------
  data required time                                               270.66
  data arrival time                                                 -1.69
  --------------------------------------------------------------------------
  slack (MET)                                                      268.97


  Startpoint: UART_TX_RX_U0_UART_RX_U7_c_state_reg_2_
              (rising edge-triggered flip-flop clocked by Rx_clk)
  Endpoint: UART_TX_RX_U0_UART_RX_U3_P_DATA_reg_2_
            (rising edge-triggered flip-flop clocked by Rx_clk)
  Path Group: Rx_clk
  Path Type: max

  Point                                                   Incr       Path
  --------------------------------------------------------------------------
  clock Rx_clk (rise edge)                                0.00       0.00
  clock network delay (ideal)                             0.00       0.00
  UART_TX_RX_U0_UART_RX_U7_c_state_reg_2_/CK (SDFFRQX1M)
                                                          0.00       0.00 r
  UART_TX_RX_U0_UART_RX_U7_c_state_reg_2_/Q (SDFFRQX1M)
                                                          0.44       0.44 f
  U1418/Y (INVXLM)                                        0.13       0.57 r
  U1640/Y (NAND2XLM)                                      0.14       0.71 f
  U1737/Y (INVXLM)                                        0.13       0.84 r
  U1811/Y (NAND2XLM)                                      0.11       0.94 f
  U1774/Y (INVXLM)                                        0.10       1.05 r
  U1819/Y (NAND2XLM)                                      0.24       1.29 f
  U1612/Y (INVXLM)                                        0.29       1.58 r
  U1411/Y (AOI22XLM)                                      0.11       1.69 f
  UART_TX_RX_U0_UART_RX_U3_P_DATA_reg_2_/D (SDFFRQX1M)
                                                          0.00       1.69 f
  data arrival time                                                  1.69

  clock Rx_clk (rise edge)                              271.29     271.29
  clock network delay (ideal)                             0.00     271.29
  clock uncertainty                                      -0.20     271.09
  UART_TX_RX_U0_UART_RX_U3_P_DATA_reg_2_/CK (SDFFRQX1M)
                                                          0.00     271.09 r
  library setup time                                     -0.43     270.66
  data required time                                               270.66
  --------------------------------------------------------------------------
  data required time                                               270.66
  data arrival time                                                 -1.69
  --------------------------------------------------------------------------
  slack (MET)                                                      268.97


  Startpoint: UART_TX_RX_U0_UART_RX_U7_c_state_reg_2_
              (rising edge-triggered flip-flop clocked by Rx_clk)
  Endpoint: UART_TX_RX_U0_UART_RX_U3_P_DATA_reg_1_
            (rising edge-triggered flip-flop clocked by Rx_clk)
  Path Group: Rx_clk
  Path Type: max

  Point                                                   Incr       Path
  --------------------------------------------------------------------------
  clock Rx_clk (rise edge)                                0.00       0.00
  clock network delay (ideal)                             0.00       0.00
  UART_TX_RX_U0_UART_RX_U7_c_state_reg_2_/CK (SDFFRQX1M)
                                                          0.00       0.00 r
  UART_TX_RX_U0_UART_RX_U7_c_state_reg_2_/Q (SDFFRQX1M)
                                                          0.44       0.44 f
  U1418/Y (INVXLM)                                        0.13       0.57 r
  U1640/Y (NAND2XLM)                                      0.14       0.71 f
  U1737/Y (INVXLM)                                        0.13       0.84 r
  U1811/Y (NAND2XLM)                                      0.11       0.94 f
  U1774/Y (INVXLM)                                        0.10       1.05 r
  U1819/Y (NAND2XLM)                                      0.24       1.29 f
  U1612/Y (INVXLM)                                        0.29       1.58 r
  U1832/Y (AOI22XLM)                                      0.11       1.69 f
  UART_TX_RX_U0_UART_RX_U3_P_DATA_reg_1_/D (SDFFRQX1M)
                                                          0.00       1.69 f
  data arrival time                                                  1.69

  clock Rx_clk (rise edge)                              271.29     271.29
  clock network delay (ideal)                             0.00     271.29
  clock uncertainty                                      -0.20     271.09
  UART_TX_RX_U0_UART_RX_U3_P_DATA_reg_1_/CK (SDFFRQX1M)
                                                          0.00     271.09 r
  library setup time                                     -0.43     270.66
  data required time                                               270.66
  --------------------------------------------------------------------------
  data required time                                               270.66
  data arrival time                                                 -1.69
  --------------------------------------------------------------------------
  slack (MET)                                                      268.97


  Startpoint: UART_TX_RX_U0_UART_RX_U7_c_state_reg_2_
              (rising edge-triggered flip-flop clocked by Rx_clk)
  Endpoint: UART_TX_RX_U0_UART_RX_U3_P_DATA_reg_0_
            (rising edge-triggered flip-flop clocked by Rx_clk)
  Path Group: Rx_clk
  Path Type: max

  Point                                                   Incr       Path
  --------------------------------------------------------------------------
  clock Rx_clk (rise edge)                                0.00       0.00
  clock network delay (ideal)                             0.00       0.00
  UART_TX_RX_U0_UART_RX_U7_c_state_reg_2_/CK (SDFFRQX1M)
                                                          0.00       0.00 r
  UART_TX_RX_U0_UART_RX_U7_c_state_reg_2_/Q (SDFFRQX1M)
                                                          0.44       0.44 f
  U1418/Y (INVXLM)                                        0.13       0.57 r
  U1640/Y (NAND2XLM)                                      0.14       0.71 f
  U1737/Y (INVXLM)                                        0.13       0.84 r
  U1811/Y (NAND2XLM)                                      0.11       0.94 f
  U1774/Y (INVXLM)                                        0.10       1.05 r
  U1819/Y (NAND2XLM)                                      0.24       1.29 f
  U1612/Y (INVXLM)                                        0.29       1.58 r
  U1834/Y (AOI22XLM)                                      0.11       1.69 f
  UART_TX_RX_U0_UART_RX_U3_P_DATA_reg_0_/D (SDFFRQX1M)
                                                          0.00       1.69 f
  data arrival time                                                  1.69

  clock Rx_clk (rise edge)                              271.29     271.29
  clock network delay (ideal)                             0.00     271.29
  clock uncertainty                                      -0.20     271.09
  UART_TX_RX_U0_UART_RX_U3_P_DATA_reg_0_/CK (SDFFRQX1M)
                                                          0.00     271.09 r
  library setup time                                     -0.43     270.66
  data required time                                               270.66
  --------------------------------------------------------------------------
  data required time                                               270.66
  data arrival time                                                 -1.69
  --------------------------------------------------------------------------
  slack (MET)                                                      268.97


  Startpoint: UART_TX_RX_U0_UART_RX_U7_c_state_reg_2_
              (rising edge-triggered flip-flop clocked by Rx_clk)
  Endpoint: UART_TX_RX_U0_UART_RX_U4_count_reg_2_
            (rising edge-triggered flip-flop clocked by Rx_clk)
  Path Group: Rx_clk
  Path Type: max

  Point                                                   Incr       Path
  --------------------------------------------------------------------------
  clock Rx_clk (rise edge)                                0.00       0.00
  clock network delay (ideal)                             0.00       0.00
  UART_TX_RX_U0_UART_RX_U7_c_state_reg_2_/CK (SDFFRQX1M)
                                                          0.00       0.00 r
  UART_TX_RX_U0_UART_RX_U7_c_state_reg_2_/Q (SDFFRQX1M)
                                                          0.44       0.44 f
  U1418/Y (INVXLM)                                        0.13       0.57 r
  U1640/Y (NAND2XLM)                                      0.14       0.71 f
  U1737/Y (INVXLM)                                        0.13       0.84 r
  U1642/Y (OAI211XLM)                                     0.27       1.11 f
  U1651/Y (NOR2XLM)                                       0.28       1.38 r
  U1654/Y (NAND2XLM)                                      0.15       1.53 f
  U1655/Y (AOI22XLM)                                      0.23       1.76 r
  UART_TX_RX_U0_UART_RX_U4_count_reg_2_/D (SDFFRQX1M)     0.00       1.76 r
  data arrival time                                                  1.76

  clock Rx_clk (rise edge)                              271.29     271.29
  clock network delay (ideal)                             0.00     271.29
  clock uncertainty                                      -0.20     271.09
  UART_TX_RX_U0_UART_RX_U4_count_reg_2_/CK (SDFFRQX1M)
                                                          0.00     271.09 r
  library setup time                                     -0.31     270.78
  data required time                                               270.78
  --------------------------------------------------------------------------
  data required time                                               270.78
  data arrival time                                                 -1.76
  --------------------------------------------------------------------------
  slack (MET)                                                      269.02


  Startpoint: UART_TX_RX_U0_UART_RX_U1_Edge_cnt_reg_3_
              (rising edge-triggered flip-flop clocked by Rx_clk)
  Endpoint: UART_TX_RX_U0_UART_RX_U2_Sample_Valid_reg
            (rising edge-triggered flip-flop clocked by Rx_clk)
  Path Group: Rx_clk
  Path Type: max

  Point                                                   Incr       Path
  --------------------------------------------------------------------------
  clock Rx_clk (rise edge)                                0.00       0.00
  clock network delay (ideal)                             0.00       0.00
  UART_TX_RX_U0_UART_RX_U1_Edge_cnt_reg_3_/CK (SDFFRQX1M)
                                                          0.00       0.00 r
  UART_TX_RX_U0_UART_RX_U1_Edge_cnt_reg_3_/Q (SDFFRQX1M)
                                                          0.47       0.47 f
  U1747/Y (INVXLM)                                        0.16       0.63 r
  U1677/Y (AOI22XLM)                                      0.19       0.82 f
  U1678/Y (OR2X1M)                                        0.27       1.09 f
  U1679/Y (AOI32XLM)                                      0.17       1.26 r
  U1681/Y (NAND4XLM)                                      0.26       1.52 f
  U1682/Y (NOR2XLM)                                       0.17       1.69 r
  UART_TX_RX_U0_UART_RX_U2_Sample_Valid_reg/D (SDFFRQX1M)
                                                          0.00       1.69 r
  data arrival time                                                  1.69

  clock Rx_clk (rise edge)                              271.29     271.29
  clock network delay (ideal)                             0.00     271.29
  clock uncertainty                                      -0.20     271.09
  UART_TX_RX_U0_UART_RX_U2_Sample_Valid_reg/CK (SDFFRQX1M)
                                                          0.00     271.09 r
  library setup time                                     -0.30     270.79
  data required time                                               270.79
  --------------------------------------------------------------------------
  data required time                                               270.79
  data arrival time                                                 -1.69
  --------------------------------------------------------------------------
  slack (MET)                                                      269.09


  Startpoint: UART_TX_RX_U0_UART_RX_U7_c_state_reg_2_
              (rising edge-triggered flip-flop clocked by Rx_clk)
  Endpoint: UART_TX_RX_U0_UART_RX_U4_par_err_reg
            (rising edge-triggered flip-flop clocked by Rx_clk)
  Path Group: Rx_clk
  Path Type: max

  Point                                                   Incr       Path
  --------------------------------------------------------------------------
  clock Rx_clk (rise edge)                                0.00       0.00
  clock network delay (ideal)                             0.00       0.00
  UART_TX_RX_U0_UART_RX_U7_c_state_reg_2_/CK (SDFFRQX1M)
                                                          0.00       0.00 r
  UART_TX_RX_U0_UART_RX_U7_c_state_reg_2_/Q (SDFFRQX1M)
                                                          0.44       0.44 f
  U1418/Y (INVXLM)                                        0.13       0.57 r
  U1640/Y (NAND2XLM)                                      0.14       0.71 f
  U1737/Y (INVXLM)                                        0.13       0.84 r
  U1642/Y (OAI211XLM)                                     0.27       1.11 f
  U1818/Y (NOR2XLM)                                       0.27       1.38 r
  U2317/Y (AOI2BB2XLM)                                    0.13       1.50 f
  UART_TX_RX_U0_UART_RX_U4_par_err_reg/D (SDFFRQX2M)      0.00       1.50 f
  data arrival time                                                  1.50

  clock Rx_clk (rise edge)                              271.29     271.29
  clock network delay (ideal)                             0.00     271.29
  clock uncertainty                                      -0.20     271.09
  UART_TX_RX_U0_UART_RX_U4_par_err_reg/CK (SDFFRQX2M)     0.00     271.09 r
  library setup time                                     -0.42     270.67
  data required time                                               270.67
  --------------------------------------------------------------------------
  data required time                                               270.67
  data arrival time                                                 -1.50
  --------------------------------------------------------------------------
  slack (MET)                                                      269.17


  Startpoint: UART_TX_RX_U0_UART_RX_U7_c_state_reg_2_
              (rising edge-triggered flip-flop clocked by Rx_clk)
  Endpoint: UART_TX_RX_U0_UART_RX_U4_parity_reg_reg
            (rising edge-triggered flip-flop clocked by Rx_clk)
  Path Group: Rx_clk
  Path Type: max

  Point                                                   Incr       Path
  --------------------------------------------------------------------------
  clock Rx_clk (rise edge)                                0.00       0.00
  clock network delay (ideal)                             0.00       0.00
  UART_TX_RX_U0_UART_RX_U7_c_state_reg_2_/CK (SDFFRQX1M)
                                                          0.00       0.00 r
  UART_TX_RX_U0_UART_RX_U7_c_state_reg_2_/Q (SDFFRQX1M)
                                                          0.44       0.44 f
  U1418/Y (INVXLM)                                        0.13       0.57 r
  U1640/Y (NAND2XLM)                                      0.14       0.71 f
  U1737/Y (INVXLM)                                        0.13       0.84 r
  U1642/Y (OAI211XLM)                                     0.27       1.11 f
  U1647/Y (NAND2BXLM)                                     0.30       1.40 f
  U1650/Y (OAI2BB2XLM)                                    0.19       1.59 r
  UART_TX_RX_U0_UART_RX_U4_parity_reg_reg/D (SDFFRQX1M)
                                                          0.00       1.59 r
  data arrival time                                                  1.59

  clock Rx_clk (rise edge)                              271.29     271.29
  clock network delay (ideal)                             0.00     271.29
  clock uncertainty                                      -0.20     271.09
  UART_TX_RX_U0_UART_RX_U4_parity_reg_reg/CK (SDFFRQX1M)
                                                          0.00     271.09 r
  library setup time                                     -0.31     270.78
  data required time                                               270.78
  --------------------------------------------------------------------------
  data required time                                               270.78
  data arrival time                                                 -1.59
  --------------------------------------------------------------------------
  slack (MET)                                                      269.19


  Startpoint: UART_TX_RX_U0_UART_RX_U7_c_state_reg_2_
              (rising edge-triggered flip-flop clocked by Rx_clk)
  Endpoint: UART_TX_RX_U0_UART_RX_U4_count_reg_0_
            (rising edge-triggered flip-flop clocked by Rx_clk)
  Path Group: Rx_clk
  Path Type: max

  Point                                                   Incr       Path
  --------------------------------------------------------------------------
  clock Rx_clk (rise edge)                                0.00       0.00
  clock network delay (ideal)                             0.00       0.00
  UART_TX_RX_U0_UART_RX_U7_c_state_reg_2_/CK (SDFFRQX1M)
                                                          0.00       0.00 r
  UART_TX_RX_U0_UART_RX_U7_c_state_reg_2_/Q (SDFFRQX1M)
                                                          0.44       0.44 f
  U1418/Y (INVXLM)                                        0.13       0.57 r
  U1640/Y (NAND2XLM)                                      0.14       0.71 f
  U1737/Y (INVXLM)                                        0.13       0.84 r
  U1642/Y (OAI211XLM)                                     0.27       1.11 f
  U1647/Y (NAND2BXLM)                                     0.30       1.40 f
  U1652/Y (AOI21XLM)                                      0.17       1.58 r
  UART_TX_RX_U0_UART_RX_U4_count_reg_0_/D (SDFFRQX1M)     0.00       1.58 r
  data arrival time                                                  1.58

  clock Rx_clk (rise edge)                              271.29     271.29
  clock network delay (ideal)                             0.00     271.29
  clock uncertainty                                      -0.20     271.09
  UART_TX_RX_U0_UART_RX_U4_count_reg_0_/CK (SDFFRQX1M)
                                                          0.00     271.09 r
  library setup time                                     -0.30     270.79
  data required time                                               270.79
  --------------------------------------------------------------------------
  data required time                                               270.79
  data arrival time                                                 -1.58
  --------------------------------------------------------------------------
  slack (MET)                                                      269.21


  Startpoint: UART_TX_RX_U0_UART_RX_U1_Bit_cnt_reg_1_
              (rising edge-triggered flip-flop clocked by Rx_clk)
  Endpoint: UART_TX_RX_U0_UART_RX_U7_c_state_reg_1_
            (rising edge-triggered flip-flop clocked by Rx_clk)
  Path Group: Rx_clk
  Path Type: max

  Point                                                   Incr       Path
  --------------------------------------------------------------------------
  clock Rx_clk (rise edge)                                0.00       0.00
  clock network delay (ideal)                             0.00       0.00
  UART_TX_RX_U0_UART_RX_U1_Bit_cnt_reg_1_/CK (SDFFRQX1M)
                                                          0.00       0.00 r
  UART_TX_RX_U0_UART_RX_U1_Bit_cnt_reg_1_/Q (SDFFRQX1M)
                                                          0.47       0.47 f
  U1813/Y (NOR3XLM)                                       0.25       0.72 r
  U1814/Y (NAND3XLM)                                      0.17       0.89 f
  U1815/Y (NOR2XLM)                                       0.20       1.09 r
  U2098/Y (AOI221XLM)                                     0.15       1.23 f
  U2099/Y (OAI21BXLM)                                     0.22       1.45 f
  UART_TX_RX_U0_UART_RX_U7_c_state_reg_1_/D (SDFFRQX1M)
                                                          0.00       1.45 f
  data arrival time                                                  1.45

  clock Rx_clk (rise edge)                              271.29     271.29
  clock network delay (ideal)                             0.00     271.29
  clock uncertainty                                      -0.20     271.09
  UART_TX_RX_U0_UART_RX_U7_c_state_reg_1_/CK (SDFFRQX1M)
                                                          0.00     271.09 r
  library setup time                                     -0.41     270.68
  data required time                                               270.68
  --------------------------------------------------------------------------
  data required time                                               270.68
  data arrival time                                                 -1.45
  --------------------------------------------------------------------------
  slack (MET)                                                      269.23


  Startpoint: UART_TX_RX_U0_UART_RX_U7_c_state_reg_2_
              (rising edge-triggered flip-flop clocked by Rx_clk)
  Endpoint: UART_TX_RX_U0_UART_RX_U4_par_done_reg
            (rising edge-triggered flip-flop clocked by Rx_clk)
  Path Group: Rx_clk
  Path Type: max

  Point                                                   Incr       Path
  --------------------------------------------------------------------------
  clock Rx_clk (rise edge)                                0.00       0.00
  clock network delay (ideal)                             0.00       0.00
  UART_TX_RX_U0_UART_RX_U7_c_state_reg_2_/CK (SDFFRQX1M)
                                                          0.00       0.00 r
  UART_TX_RX_U0_UART_RX_U7_c_state_reg_2_/Q (SDFFRQX1M)
                                                          0.44       0.44 f
  U1418/Y (INVXLM)                                        0.13       0.57 r
  U1640/Y (NAND2XLM)                                      0.14       0.71 f
  U1737/Y (INVXLM)                                        0.13       0.84 r
  U1642/Y (OAI211XLM)                                     0.27       1.11 f
  U1818/Y (NOR2XLM)                                       0.27       1.38 r
  UART_TX_RX_U0_UART_RX_U4_par_done_reg/D (SDFFRQX1M)     0.00       1.38 r
  data arrival time                                                  1.38

  clock Rx_clk (rise edge)                              271.29     271.29
  clock network delay (ideal)                             0.00     271.29
  clock uncertainty                                      -0.20     271.09
  UART_TX_RX_U0_UART_RX_U4_par_done_reg/CK (SDFFRQX1M)
                                                          0.00     271.09 r
  library setup time                                     -0.32     270.77
  data required time                                               270.77
  --------------------------------------------------------------------------
  data required time                                               270.77
  data arrival time                                                 -1.38
  --------------------------------------------------------------------------
  slack (MET)                                                      269.39


  Startpoint: UART_TX_RX_U0_UART_RX_U1_Bit_cnt_reg_1_
              (rising edge-triggered flip-flop clocked by Rx_clk)
  Endpoint: UART_TX_RX_U0_UART_RX_U7_c_state_reg_2_
            (rising edge-triggered flip-flop clocked by Rx_clk)
  Path Group: Rx_clk
  Path Type: max

  Point                                                   Incr       Path
  --------------------------------------------------------------------------
  clock Rx_clk (rise edge)                                0.00       0.00
  clock network delay (ideal)                             0.00       0.00
  UART_TX_RX_U0_UART_RX_U1_Bit_cnt_reg_1_/CK (SDFFRQX1M)
                                                          0.00       0.00 r
  UART_TX_RX_U0_UART_RX_U1_Bit_cnt_reg_1_/Q (SDFFRQX1M)
                                                          0.47       0.47 f
  U1813/Y (NOR3XLM)                                       0.25       0.72 r
  U1814/Y (NAND3XLM)                                      0.17       0.89 f
  U1815/Y (NOR2XLM)                                       0.20       1.09 r
  U1816/Y (AOI22XLM)                                      0.15       1.23 f
  U1817/Y (OAI31XLM)                                      0.11       1.35 r
  UART_TX_RX_U0_UART_RX_U7_c_state_reg_2_/D (SDFFRQX1M)
                                                          0.00       1.35 r
  data arrival time                                                  1.35

  clock Rx_clk (rise edge)                              271.29     271.29
  clock network delay (ideal)                             0.00     271.29
  clock uncertainty                                      -0.20     271.09
  UART_TX_RX_U0_UART_RX_U7_c_state_reg_2_/CK (SDFFRQX1M)
                                                          0.00     271.09 r
  library setup time                                     -0.34     270.75
  data required time                                               270.75
  --------------------------------------------------------------------------
  data required time                                               270.75
  data arrival time                                                 -1.35
  --------------------------------------------------------------------------
  slack (MET)                                                      269.40


  Startpoint: UART_TX_RX_U0_UART_RX_U4_par_err_reg
              (rising edge-triggered flip-flop clocked by Rx_clk)
  Endpoint: UART_TX_RX_U0_UART_RX_U7_data_valid_reg
            (rising edge-triggered flip-flop clocked by Rx_clk)
  Path Group: Rx_clk
  Path Type: max

  Point                                                   Incr       Path
  --------------------------------------------------------------------------
  clock Rx_clk (rise edge)                                0.00       0.00
  clock network delay (ideal)                             0.00       0.00
  UART_TX_RX_U0_UART_RX_U4_par_err_reg/CK (SDFFRQX2M)     0.00       0.00 r
  UART_TX_RX_U0_UART_RX_U4_par_err_reg/Q (SDFFRQX2M)      0.88       0.88 r
  U1808/Y (OAI2BB1XLM)                                    0.22       1.10 r
  U1809/Y (NOR3XLM)                                       0.06       1.16 f
  UART_TX_RX_U0_UART_RX_U7_data_valid_reg/D (SDFFRQX1M)
                                                          0.00       1.16 f
  data arrival time                                                  1.16

  clock Rx_clk (rise edge)                              271.29     271.29
  clock network delay (ideal)                             0.00     271.29
  clock uncertainty                                      -0.20     271.09
  UART_TX_RX_U0_UART_RX_U7_data_valid_reg/CK (SDFFRQX1M)
                                                          0.00     271.09 r
  library setup time                                     -0.44     270.65
  data required time                                               270.65
  --------------------------------------------------------------------------
  data required time                                               270.65
  data arrival time                                                 -1.16
  --------------------------------------------------------------------------
  slack (MET)                                                      269.49


  Startpoint: UART_TX_RX_U0_UART_RX_U7_c_state_reg_2_
              (rising edge-triggered flip-flop clocked by Rx_clk)
  Endpoint: UART_TX_RX_U0_UART_RX_U6_stp_err_reg
            (rising edge-triggered flip-flop clocked by Rx_clk)
  Path Group: Rx_clk
  Path Type: max

  Point                                                   Incr       Path
  --------------------------------------------------------------------------
  clock Rx_clk (rise edge)                                0.00       0.00
  clock network delay (ideal)                             0.00       0.00
  UART_TX_RX_U0_UART_RX_U7_c_state_reg_2_/CK (SDFFRQX1M)
                                                          0.00       0.00 r
  UART_TX_RX_U0_UART_RX_U7_c_state_reg_2_/Q (SDFFRQX1M)
                                                          0.40       0.40 r
  U1418/Y (INVXLM)                                        0.10       0.50 f
  U1656/Y (NOR3XLM)                                       0.43       0.93 r
  U2005/Y (AND2X1M)                                       0.20       1.13 r
  U2006/Y (NOR2BXLM)                                      0.15       1.29 r
  UART_TX_RX_U0_UART_RX_U6_stp_err_reg/D (SDFFRQX2M)      0.00       1.29 r
  data arrival time                                                  1.29

  clock Rx_clk (rise edge)                              271.29     271.29
  clock network delay (ideal)                             0.00     271.29
  clock uncertainty                                      -0.20     271.09
  UART_TX_RX_U0_UART_RX_U6_stp_err_reg/CK (SDFFRQX2M)     0.00     271.09 r
  library setup time                                     -0.29     270.80
  data required time                                               270.80
  --------------------------------------------------------------------------
  data required time                                               270.80
  data arrival time                                                 -1.29
  --------------------------------------------------------------------------
  slack (MET)                                                      269.51


  Startpoint: UART_TX_RX_U0_UART_RX_U7_c_state_reg_0_
              (rising edge-triggered flip-flop clocked by Rx_clk)
  Endpoint: UART_TX_RX_U0_UART_RX_U5_strt_glitch_reg
            (rising edge-triggered flip-flop clocked by Rx_clk)
  Path Group: Rx_clk
  Path Type: max

  Point                                                   Incr       Path
  --------------------------------------------------------------------------
  clock Rx_clk (rise edge)                                0.00       0.00
  clock network delay (ideal)                             0.00       0.00
  UART_TX_RX_U0_UART_RX_U7_c_state_reg_0_/CK (SDFFRQX1M)
                                                          0.00       0.00 r
  UART_TX_RX_U0_UART_RX_U7_c_state_reg_0_/Q (SDFFRQX1M)
                                                          0.44       0.44 r
  U1772/Y (INVXLM)                                        0.14       0.58 f
  U1806/Y (OR4X1M)                                        0.42       1.01 f
  U1807/Y (NOR2XLM)                                       0.13       1.14 r
  UART_TX_RX_U0_UART_RX_U5_strt_glitch_reg/D (SDFFRQX1M)
                                                          0.00       1.14 r
  data arrival time                                                  1.14

  clock Rx_clk (rise edge)                              271.29     271.29
  clock network delay (ideal)                             0.00     271.29
  clock uncertainty                                      -0.20     271.09
  UART_TX_RX_U0_UART_RX_U5_strt_glitch_reg/CK (SDFFRQX1M)
                                                          0.00     271.09 r
  library setup time                                     -0.30     270.79
  data required time                                               270.79
  --------------------------------------------------------------------------
  data required time                                               270.79
  data arrival time                                                 -1.14
  --------------------------------------------------------------------------
  slack (MET)                                                      269.65


  Startpoint: UART_TX_RX_U0_UART_RX_U7_c_state_reg_2_
              (rising edge-triggered flip-flop clocked by Rx_clk)
  Endpoint: UART_TX_RX_U0_UART_RX_U6_stp_done_reg
            (rising edge-triggered flip-flop clocked by Rx_clk)
  Path Group: Rx_clk
  Path Type: max

  Point                                                   Incr       Path
  --------------------------------------------------------------------------
  clock Rx_clk (rise edge)                                0.00       0.00
  clock network delay (ideal)                             0.00       0.00
  UART_TX_RX_U0_UART_RX_U7_c_state_reg_2_/CK (SDFFRQX1M)
                                                          0.00       0.00 r
  UART_TX_RX_U0_UART_RX_U7_c_state_reg_2_/Q (SDFFRQX1M)
                                                          0.40       0.40 r
  U1418/Y (INVXLM)                                        0.10       0.50 f
  U1656/Y (NOR3XLM)                                       0.43       0.93 r
  U2005/Y (AND2X1M)                                       0.20       1.13 r
  UART_TX_RX_U0_UART_RX_U6_stp_done_reg/D (SDFFRQX1M)     0.00       1.13 r
  data arrival time                                                  1.13

  clock Rx_clk (rise edge)                              271.29     271.29
  clock network delay (ideal)                             0.00     271.29
  clock uncertainty                                      -0.20     271.09
  UART_TX_RX_U0_UART_RX_U6_stp_done_reg/CK (SDFFRQX1M)
                                                          0.00     271.09 r
  library setup time                                     -0.29     270.80
  data required time                                               270.80
  --------------------------------------------------------------------------
  data required time                                               270.80
  data arrival time                                                 -1.13
  --------------------------------------------------------------------------
  slack (MET)                                                      269.67


  Startpoint: rx_rst_sync_n_synch_reg_0_/CK
              (internal path startpoint clocked by Rx_clk)
  Endpoint: rx_rst_sync_n_synch_reg_1_
            (rising edge-triggered flip-flop clocked by Rx_clk)
  Path Group: Rx_clk
  Path Type: max

  Point                                                   Incr       Path
  --------------------------------------------------------------------------
  clock Rx_clk (rise edge)                                0.00       0.00
  clock network delay (ideal)                             0.00       0.00
  input external delay                                    0.00       0.00 r
  rx_rst_sync_n_synch_reg_0_/CK (SDFFRQX1M)               0.00       0.00 r
  rx_rst_sync_n_synch_reg_0_/Q (SDFFRQX1M)                0.41       0.41 f
  rx_rst_sync_n_synch_reg_1_/D (SDFFRQX1M)                0.00       0.41 f
  data arrival time                                                  0.41

  clock Rx_clk (rise edge)                              271.29     271.29
  clock network delay (ideal)                             0.00     271.29
  clock uncertainty                                      -0.20     271.09
  rx_rst_sync_n_synch_reg_1_/CK (SDFFRQX1M)               0.00     271.09 r
  library setup time                                     -0.41     270.68
  data required time                                               270.68
  --------------------------------------------------------------------------
  data required time                                               270.68
  data arrival time                                                 -0.41
  --------------------------------------------------------------------------
  slack (MET)                                                      270.27


  Startpoint: UART_TX_RX_U0_UART_RX_U2_Sample_Valid_reg
              (rising edge-triggered flip-flop clocked by Rx_clk)
  Endpoint: UART_TX_RX_U0_UART_RX_U7_sample_valid_d_reg
            (rising edge-triggered flip-flop clocked by Rx_clk)
  Path Group: Rx_clk
  Path Type: max

  Point                                                   Incr       Path
  --------------------------------------------------------------------------
  clock Rx_clk (rise edge)                                0.00       0.00
  clock network delay (ideal)                             0.00       0.00
  UART_TX_RX_U0_UART_RX_U2_Sample_Valid_reg/CK (SDFFRQX1M)
                                                          0.00       0.00 r
  UART_TX_RX_U0_UART_RX_U2_Sample_Valid_reg/Q (SDFFRQX1M)
                                                          0.43       0.43 r
  UART_TX_RX_U0_UART_RX_U7_sample_valid_d_reg/D (DFFRQX1M)
                                                          0.00       0.43 r
  data arrival time                                                  0.43

  clock Rx_clk (rise edge)                              271.29     271.29
  clock network delay (ideal)                             0.00     271.29
  clock uncertainty                                      -0.20     271.09
  UART_TX_RX_U0_UART_RX_U7_sample_valid_d_reg/CK (DFFRQX1M)
                                                          0.00     271.09 r
  library setup time                                     -0.34     270.75
  data required time                                               270.75
  --------------------------------------------------------------------------
  data required time                                               270.75
  data arrival time                                                 -0.43
  --------------------------------------------------------------------------
  slack (MET)                                                      270.32


  Startpoint: rx_rst_sync_n_synch_reg_1_
              (rising edge-triggered flip-flop clocked by Rx_clk)
  Endpoint: rx_rst_sync_n_synch_reg_2_
            (rising edge-triggered flip-flop clocked by Rx_clk)
  Path Group: Rx_clk
  Path Type: max

  Point                                                   Incr       Path
  --------------------------------------------------------------------------
  clock Rx_clk (rise edge)                                0.00       0.00
  clock network delay (ideal)                             0.00       0.00
  rx_rst_sync_n_synch_reg_1_/CK (SDFFRQX1M)               0.00       0.00 r
  rx_rst_sync_n_synch_reg_1_/Q (SDFFRQX1M)                0.35       0.35 r
  rx_rst_sync_n_synch_reg_2_/D (DFFRQX1M)                 0.00       0.35 r
  data arrival time                                                  0.35

  clock Rx_clk (rise edge)                              271.29     271.29
  clock network delay (ideal)                             0.00     271.29
  clock uncertainty                                      -0.20     271.09
  rx_rst_sync_n_synch_reg_2_/CK (DFFRQX1M)                0.00     271.09 r
  library setup time                                     -0.32     270.77
  data required time                                               270.77
  --------------------------------------------------------------------------
  data required time                                               270.77
  data arrival time                                                 -0.35
  --------------------------------------------------------------------------
  slack (MET)                                                      270.42


  Startpoint: UART_TX_RX_U0_UART_TX_U2_current_state_reg_2_
              (rising edge-triggered flip-flop clocked by Tx_clk)
  Endpoint: UART_TX_O (output port clocked by Tx_clk)
  Path Group: Tx_clk
  Path Type: max

  Point                                                   Incr       Path
  --------------------------------------------------------------------------
  clock Tx_clk (rise edge)                                0.00       0.00
  clock network delay (ideal)                             0.00       0.00
  UART_TX_RX_U0_UART_TX_U2_current_state_reg_2_/CK (SDFFRX1M)
                                                          0.00       0.00 r
  UART_TX_RX_U0_UART_TX_U2_current_state_reg_2_/Q (SDFFRX1M)
                                                          0.43       0.43 r
  U1606/Y (NOR2XLM)                                       0.08       0.51 f
  U1798/Y (INVXLM)                                        0.11       0.62 r
  U1621/Y (NOR2XLM)                                       0.12       0.74 f
  U1334/Y (OAI2BB2X4M)                                    0.70       1.44 r
  UART_TX_O (out)                                         0.00       1.44 r
  data arrival time                                                  1.44

  clock Tx_clk (rise edge)                             8681.28    8681.28
  clock network delay (ideal)                             0.00    8681.28
  clock uncertainty                                      -0.20    8681.08
  output external delay                               -1736.30    6944.78
  data required time                                              6944.78
  --------------------------------------------------------------------------
  data required time                                              6944.78
  data arrival time                                                 -1.44
  --------------------------------------------------------------------------
  slack (MET)                                                     6943.34


  Startpoint: FIFO_u_U5_RD_PTR_BIN_reg_1_
              (rising edge-triggered flip-flop clocked by Tx_clk)
  Endpoint: UART_TX_RX_U0_UART_TX_U3_par_bit_reg
            (rising edge-triggered flip-flop clocked by Tx_clk)
  Path Group: Tx_clk
  Path Type: max

  Point                                                   Incr       Path
  --------------------------------------------------------------------------
  clock Tx_clk (rise edge)                                0.00       0.00
  clock network delay (ideal)                             0.00       0.00
  FIFO_u_U5_RD_PTR_BIN_reg_1_/CK (SDFFRQX1M)              0.00       0.00 r
  FIFO_u_U5_RD_PTR_BIN_reg_1_/Q (SDFFRQX1M)               0.39       0.39 r
  U1793/Y (INVXLM)                                        0.11       0.51 f
  U2085/Y (NOR2XLM)                                       0.74       1.25 r
  U2188/Y (AOI22XLM)                                      0.26       1.51 f
  U1380/Y (OAI211XLM)                                     0.20       1.71 r
  U2191/Y (AOI32XLM)                                      0.28       1.99 f
  U2224/Y (XOR3XLM)                                       0.59       2.58 f
  U2225/Y (XOR3XLM)                                       0.51       3.09 f
  U2226/Y (XOR3XLM)                                       0.52       3.61 f
  U2227/Y (NOR2XLM)                                       0.15       3.76 r
  U2228/Y (AOI211XLM)                                     0.09       3.85 f
  U2229/Y (AO21XLM)                                       0.28       4.13 f
  UART_TX_RX_U0_UART_TX_U3_par_bit_reg/D (SDFFRQX1M)      0.00       4.13 f
  data arrival time                                                  4.13

  clock Tx_clk (rise edge)                             8681.28    8681.28
  clock network delay (ideal)                             0.00    8681.28
  clock uncertainty                                      -0.20    8681.08
  UART_TX_RX_U0_UART_TX_U3_par_bit_reg/CK (SDFFRQX1M)     0.00    8681.08 r
  library setup time                                     -0.41    8680.67
  data required time                                              8680.67
  --------------------------------------------------------------------------
  data required time                                              8680.67
  data arrival time                                                 -4.13
  --------------------------------------------------------------------------
  slack (MET)                                                     8676.54


  Startpoint: Pulse_U_pls_flop_reg
              (rising edge-triggered flip-flop clocked by Tx_clk)
  Endpoint: FIFO_u_U5_empty_reg
            (rising edge-triggered flip-flop clocked by Tx_clk)
  Path Group: Tx_clk
  Path Type: max

  Point                                    Incr       Path
  -----------------------------------------------------------
  clock Tx_clk (rise edge)                 0.00       0.00
  clock network delay (ideal)              0.00       0.00
  Pulse_U_pls_flop_reg/CK (DFFRQX1M)       0.00       0.00 r
  Pulse_U_pls_flop_reg/Q (DFFRQX1M)        0.48       0.48 f
  U1613/Y (NOR3BXLM)                       0.31       0.79 r
  U1614/Y (NAND2XLM)                       0.16       0.96 f
  U1615/Y (NOR2XLM)                        0.23       1.19 r
  U1631/Y (NAND2XLM)                       0.13       1.32 f
  U1634/Y (XOR2XLM)                        0.33       1.65 f
  U1635/Y (AOI22XLM)                       0.28       1.93 r
  U1547/Y (INVXLM)                         0.10       2.03 f
  U2002/Y (OAI22XLM)                       0.24       2.26 r
  U2003/Y (AOI221XLM)                      0.11       2.38 f
  U2004/Y (AND2X1M)                        0.23       2.61 f
  FIFO_u_U5_empty_reg/D (SDFFSQX1M)        0.00       2.61 f
  data arrival time                                   2.61

  clock Tx_clk (rise edge)              8681.28    8681.28
  clock network delay (ideal)              0.00    8681.28
  clock uncertainty                       -0.20    8681.08
  FIFO_u_U5_empty_reg/CK (SDFFSQX1M)       0.00    8681.08 r
  library setup time                      -0.44    8680.64
  data required time                               8680.64
  -----------------------------------------------------------
  data required time                               8680.64
  data arrival time                                  -2.61
  -----------------------------------------------------------
  slack (MET)                                      8678.04


  Startpoint: UART_TX_RX_U0_UART_TX_U2_current_state_reg_2_
              (rising edge-triggered flip-flop clocked by Tx_clk)
  Endpoint: UART_TX_RX_U0_UART_TX_U1_ser_done_reg
            (rising edge-triggered flip-flop clocked by Tx_clk)
  Path Group: Tx_clk
  Path Type: max

  Point                                                   Incr       Path
  --------------------------------------------------------------------------
  clock Tx_clk (rise edge)                                0.00       0.00
  clock network delay (ideal)                             0.00       0.00
  UART_TX_RX_U0_UART_TX_U2_current_state_reg_2_/CK (SDFFRX1M)
                                                          0.00       0.00 r
  UART_TX_RX_U0_UART_TX_U2_current_state_reg_2_/Q (SDFFRX1M)
                                                          0.45       0.45 f
  U1606/Y (NOR2XLM)                                       0.17       0.62 r
  U1798/Y (INVXLM)                                        0.11       0.73 f
  U1621/Y (NOR2XLM)                                       0.30       1.02 r
  U1620/Y (INVXLM)                                        0.14       1.16 f
  U1623/Y (NOR2XLM)                                       0.78       1.94 r
  U1805/Y (INVXLM)                                        0.22       2.15 f
  U1803/Y (AOI32XLM)                                      0.32       2.47 r
  U1997/Y (AO2B2XLM)                                      0.22       2.69 r
  UART_TX_RX_U0_UART_TX_U1_ser_done_reg/D (SDFFRQX1M)     0.00       2.69 r
  data arrival time                                                  2.69

  clock Tx_clk (rise edge)                             8681.28    8681.28
  clock network delay (ideal)                             0.00    8681.28
  clock uncertainty                                      -0.20    8681.08
  UART_TX_RX_U0_UART_TX_U1_ser_done_reg/CK (SDFFRQX1M)
                                                          0.00    8681.08 r
  library setup time                                     -0.29    8680.79
  data required time                                              8680.79
  --------------------------------------------------------------------------
  data required time                                              8680.79
  data arrival time                                                 -2.69
  --------------------------------------------------------------------------
  slack (MET)                                                     8678.10


  Startpoint: UART_TX_RX_U0_UART_TX_U2_current_state_reg_2_
              (rising edge-triggered flip-flop clocked by Tx_clk)
  Endpoint: UART_TX_RX_U0_UART_TX_U1_loading_reg
            (rising edge-triggered flip-flop clocked by Tx_clk)
  Path Group: Tx_clk
  Path Type: max

  Point                                                   Incr       Path
  --------------------------------------------------------------------------
  clock Tx_clk (rise edge)                                0.00       0.00
  clock network delay (ideal)                             0.00       0.00
  UART_TX_RX_U0_UART_TX_U2_current_state_reg_2_/CK (SDFFRX1M)
                                                          0.00       0.00 r
  UART_TX_RX_U0_UART_TX_U2_current_state_reg_2_/Q (SDFFRX1M)
                                                          0.45       0.45 f
  U1606/Y (NOR2XLM)                                       0.17       0.62 r
  U1798/Y (INVXLM)                                        0.11       0.73 f
  U1621/Y (NOR2XLM)                                       0.30       1.02 r
  U1620/Y (INVXLM)                                        0.14       1.16 f
  U1623/Y (NOR2XLM)                                       0.78       1.94 r
  U1805/Y (INVXLM)                                        0.22       2.15 f
  U1803/Y (AOI32XLM)                                      0.32       2.47 r
  UART_TX_RX_U0_UART_TX_U1_loading_reg/D (SDFFRQX1M)      0.00       2.47 r
  data arrival time                                                  2.47

  clock Tx_clk (rise edge)                             8681.28    8681.28
  clock network delay (ideal)                             0.00    8681.28
  clock uncertainty                                      -0.20    8681.08
  UART_TX_RX_U0_UART_TX_U1_loading_reg/CK (SDFFRQX1M)     0.00    8681.08 r
  library setup time                                     -0.32    8680.75
  data required time                                              8680.75
  --------------------------------------------------------------------------
  data required time                                              8680.75
  data arrival time                                                 -2.47
  --------------------------------------------------------------------------
  slack (MET)                                                     8678.28


  Startpoint: UART_TX_RX_U0_UART_TX_U2_current_state_reg_2_
              (rising edge-triggered flip-flop clocked by Tx_clk)
  Endpoint: UART_TX_RX_U0_UART_TX_U1_ser_data_reg
            (rising edge-triggered flip-flop clocked by Tx_clk)
  Path Group: Tx_clk
  Path Type: max

  Point                                                   Incr       Path
  --------------------------------------------------------------------------
  clock Tx_clk (rise edge)                                0.00       0.00
  clock network delay (ideal)                             0.00       0.00
  UART_TX_RX_U0_UART_TX_U2_current_state_reg_2_/CK (SDFFRX1M)
                                                          0.00       0.00 r
  UART_TX_RX_U0_UART_TX_U2_current_state_reg_2_/Q (SDFFRX1M)
                                                          0.45       0.45 f
  U1606/Y (NOR2XLM)                                       0.17       0.62 r
  U1798/Y (INVXLM)                                        0.11       0.73 f
  U1621/Y (NOR2XLM)                                       0.30       1.02 r
  U1620/Y (INVXLM)                                        0.14       1.16 f
  U1623/Y (NOR2XLM)                                       0.78       1.94 r
  U1805/Y (INVXLM)                                        0.22       2.15 f
  U2097/Y (OAI2BB2XLM)                                    0.23       2.38 r
  UART_TX_RX_U0_UART_TX_U1_ser_data_reg/D (SDFFRQX1M)     0.00       2.38 r
  data arrival time                                                  2.38

  clock Tx_clk (rise edge)                             8681.28    8681.28
  clock network delay (ideal)                             0.00    8681.28
  clock uncertainty                                      -0.20    8681.08
  UART_TX_RX_U0_UART_TX_U1_ser_data_reg/CK (SDFFRQX1M)
                                                          0.00    8681.08 r
  library setup time                                     -0.32    8680.76
  data required time                                              8680.76
  --------------------------------------------------------------------------
  data required time                                              8680.76
  data arrival time                                                 -2.38
  --------------------------------------------------------------------------
  slack (MET)                                                     8678.38


  Startpoint: UART_TX_RX_U0_UART_TX_U2_current_state_reg_2_
              (rising edge-triggered flip-flop clocked by Tx_clk)
  Endpoint: UART_TX_RX_U0_UART_TX_U1_counter_reg_0_
            (rising edge-triggered flip-flop clocked by Tx_clk)
  Path Group: Tx_clk
  Path Type: max

  Point                                                   Incr       Path
  --------------------------------------------------------------------------
  clock Tx_clk (rise edge)                                0.00       0.00
  clock network delay (ideal)                             0.00       0.00
  UART_TX_RX_U0_UART_TX_U2_current_state_reg_2_/CK (SDFFRX1M)
                                                          0.00       0.00 r
  UART_TX_RX_U0_UART_TX_U2_current_state_reg_2_/Q (SDFFRX1M)
                                                          0.45       0.45 f
  U1606/Y (NOR2XLM)                                       0.17       0.62 r
  U1798/Y (INVXLM)                                        0.11       0.73 f
  U1621/Y (NOR2XLM)                                       0.30       1.02 r
  U1620/Y (INVXLM)                                        0.14       1.16 f
  U1623/Y (NOR2XLM)                                       0.78       1.94 r
  U1805/Y (INVXLM)                                        0.22       2.15 f
  U1630/Y (NAND2XLM)                                      0.13       2.28 r
  UART_TX_RX_U0_UART_TX_U1_counter_reg_0_/D (SDFFRQX1M)
                                                          0.00       2.28 r
  data arrival time                                                  2.28

  clock Tx_clk (rise edge)                             8681.28    8681.28
  clock network delay (ideal)                             0.00    8681.28
  clock uncertainty                                      -0.20    8681.08
  UART_TX_RX_U0_UART_TX_U1_counter_reg_0_/CK (SDFFRQX1M)
                                                          0.00    8681.08 r
  library setup time                                     -0.29    8680.79
  data required time                                              8680.79
  --------------------------------------------------------------------------
  data required time                                              8680.79
  data arrival time                                                 -2.28
  --------------------------------------------------------------------------
  slack (MET)                                                     8678.51


  Startpoint: UART_TX_RX_U0_UART_TX_U2_current_state_reg_2_
              (rising edge-triggered flip-flop clocked by Tx_clk)
  Endpoint: UART_TX_RX_U0_UART_TX_U1_mem_reg_1_
            (rising edge-triggered flip-flop clocked by Tx_clk)
  Path Group: Tx_clk
  Path Type: max

  Point                                                   Incr       Path
  --------------------------------------------------------------------------
  clock Tx_clk (rise edge)                                0.00       0.00
  clock network delay (ideal)                             0.00       0.00
  UART_TX_RX_U0_UART_TX_U2_current_state_reg_2_/CK (SDFFRX1M)
                                                          0.00       0.00 r
  UART_TX_RX_U0_UART_TX_U2_current_state_reg_2_/Q (SDFFRX1M)
                                                          0.45       0.45 f
  U1606/Y (NOR2XLM)                                       0.17       0.62 r
  U1798/Y (INVXLM)                                        0.11       0.73 f
  U1621/Y (NOR2XLM)                                       0.30       1.02 r
  U1620/Y (INVXLM)                                        0.14       1.16 f
  U1623/Y (NOR2XLM)                                       0.78       1.94 r
  U2208/Y (AOI2BB2XLM)                                    0.18       2.12 f
  UART_TX_RX_U0_UART_TX_U1_mem_reg_1_/D (SDFFRQX1M)       0.00       2.12 f
  data arrival time                                                  2.12

  clock Tx_clk (rise edge)                             8681.28    8681.28
  clock network delay (ideal)                             0.00    8681.28
  clock uncertainty                                      -0.20    8681.08
  UART_TX_RX_U0_UART_TX_U1_mem_reg_1_/CK (SDFFRQX1M)      0.00    8681.08 r
  library setup time                                     -0.45    8680.63
  data required time                                              8680.63
  --------------------------------------------------------------------------
  data required time                                              8680.63
  data arrival time                                                 -2.12
  --------------------------------------------------------------------------
  slack (MET)                                                     8678.52


  Startpoint: UART_TX_RX_U0_UART_TX_U2_current_state_reg_2_
              (rising edge-triggered flip-flop clocked by Tx_clk)
  Endpoint: UART_TX_RX_U0_UART_TX_U1_mem_reg_2_
            (rising edge-triggered flip-flop clocked by Tx_clk)
  Path Group: Tx_clk
  Path Type: max

  Point                                                   Incr       Path
  --------------------------------------------------------------------------
  clock Tx_clk (rise edge)                                0.00       0.00
  clock network delay (ideal)                             0.00       0.00
  UART_TX_RX_U0_UART_TX_U2_current_state_reg_2_/CK (SDFFRX1M)
                                                          0.00       0.00 r
  UART_TX_RX_U0_UART_TX_U2_current_state_reg_2_/Q (SDFFRX1M)
                                                          0.45       0.45 f
  U1606/Y (NOR2XLM)                                       0.17       0.62 r
  U1798/Y (INVXLM)                                        0.11       0.73 f
  U1621/Y (NOR2XLM)                                       0.30       1.02 r
  U1620/Y (INVXLM)                                        0.14       1.16 f
  U1623/Y (NOR2XLM)                                       0.78       1.94 r
  U2200/Y (AOI2BB2XLM)                                    0.18       2.12 f
  UART_TX_RX_U0_UART_TX_U1_mem_reg_2_/D (SDFFRQX1M)       0.00       2.12 f
  data arrival time                                                  2.12

  clock Tx_clk (rise edge)                             8681.28    8681.28
  clock network delay (ideal)                             0.00    8681.28
  clock uncertainty                                      -0.20    8681.08
  UART_TX_RX_U0_UART_TX_U1_mem_reg_2_/CK (SDFFRQX1M)      0.00    8681.08 r
  library setup time                                     -0.45    8680.63
  data required time                                              8680.63
  --------------------------------------------------------------------------
  data required time                                              8680.63
  data arrival time                                                 -2.12
  --------------------------------------------------------------------------
  slack (MET)                                                     8678.52


  Startpoint: UART_TX_RX_U0_UART_TX_U2_current_state_reg_2_
              (rising edge-triggered flip-flop clocked by Tx_clk)
  Endpoint: UART_TX_RX_U0_UART_TX_U1_mem_reg_3_
            (rising edge-triggered flip-flop clocked by Tx_clk)
  Path Group: Tx_clk
  Path Type: max

  Point                                                   Incr       Path
  --------------------------------------------------------------------------
  clock Tx_clk (rise edge)                                0.00       0.00
  clock network delay (ideal)                             0.00       0.00
  UART_TX_RX_U0_UART_TX_U2_current_state_reg_2_/CK (SDFFRX1M)
                                                          0.00       0.00 r
  UART_TX_RX_U0_UART_TX_U2_current_state_reg_2_/Q (SDFFRX1M)
                                                          0.45       0.45 f
  U1606/Y (NOR2XLM)                                       0.17       0.62 r
  U1798/Y (INVXLM)                                        0.11       0.73 f
  U1621/Y (NOR2XLM)                                       0.30       1.02 r
  U1620/Y (INVXLM)                                        0.14       1.16 f
  U1623/Y (NOR2XLM)                                       0.78       1.94 r
  U2192/Y (AOI2BB2XLM)                                    0.18       2.12 f
  UART_TX_RX_U0_UART_TX_U1_mem_reg_3_/D (SDFFRQX1M)       0.00       2.12 f
  data arrival time                                                  2.12

  clock Tx_clk (rise edge)                             8681.28    8681.28
  clock network delay (ideal)                             0.00    8681.28
  clock uncertainty                                      -0.20    8681.08
  UART_TX_RX_U0_UART_TX_U1_mem_reg_3_/CK (SDFFRQX1M)      0.00    8681.08 r
  library setup time                                     -0.45    8680.63
  data required time                                              8680.63
  --------------------------------------------------------------------------
  data required time                                              8680.63
  data arrival time                                                 -2.12
  --------------------------------------------------------------------------
  slack (MET)                                                     8678.52


  Startpoint: UART_TX_RX_U0_UART_TX_U2_current_state_reg_2_
              (rising edge-triggered flip-flop clocked by Tx_clk)
  Endpoint: UART_TX_RX_U0_UART_TX_U1_mem_reg_4_
            (rising edge-triggered flip-flop clocked by Tx_clk)
  Path Group: Tx_clk
  Path Type: max

  Point                                                   Incr       Path
  --------------------------------------------------------------------------
  clock Tx_clk (rise edge)                                0.00       0.00
  clock network delay (ideal)                             0.00       0.00
  UART_TX_RX_U0_UART_TX_U2_current_state_reg_2_/CK (SDFFRX1M)
                                                          0.00       0.00 r
  UART_TX_RX_U0_UART_TX_U2_current_state_reg_2_/Q (SDFFRX1M)
                                                          0.45       0.45 f
  U1606/Y (NOR2XLM)                                       0.17       0.62 r
  U1798/Y (INVXLM)                                        0.11       0.73 f
  U1621/Y (NOR2XLM)                                       0.30       1.02 r
  U1620/Y (INVXLM)                                        0.14       1.16 f
  U1623/Y (NOR2XLM)                                       0.78       1.94 r
  U2185/Y (AOI2BB2XLM)                                    0.18       2.12 f
  UART_TX_RX_U0_UART_TX_U1_mem_reg_4_/D (SDFFRQX1M)       0.00       2.12 f
  data arrival time                                                  2.12

  clock Tx_clk (rise edge)                             8681.28    8681.28
  clock network delay (ideal)                             0.00    8681.28
  clock uncertainty                                      -0.20    8681.08
  UART_TX_RX_U0_UART_TX_U1_mem_reg_4_/CK (SDFFRQX1M)      0.00    8681.08 r
  library setup time                                     -0.45    8680.63
  data required time                                              8680.63
  --------------------------------------------------------------------------
  data required time                                              8680.63
  data arrival time                                                 -2.12
  --------------------------------------------------------------------------
  slack (MET)                                                     8678.52


  Startpoint: UART_TX_RX_U0_UART_TX_U2_current_state_reg_2_
              (rising edge-triggered flip-flop clocked by Tx_clk)
  Endpoint: UART_TX_RX_U0_UART_TX_U1_mem_reg_5_
            (rising edge-triggered flip-flop clocked by Tx_clk)
  Path Group: Tx_clk
  Path Type: max

  Point                                                   Incr       Path
  --------------------------------------------------------------------------
  clock Tx_clk (rise edge)                                0.00       0.00
  clock network delay (ideal)                             0.00       0.00
  UART_TX_RX_U0_UART_TX_U2_current_state_reg_2_/CK (SDFFRX1M)
                                                          0.00       0.00 r
  UART_TX_RX_U0_UART_TX_U2_current_state_reg_2_/Q (SDFFRX1M)
                                                          0.45       0.45 f
  U1606/Y (NOR2XLM)                                       0.17       0.62 r
  U1798/Y (INVXLM)                                        0.11       0.73 f
  U1621/Y (NOR2XLM)                                       0.30       1.02 r
  U1620/Y (INVXLM)                                        0.14       1.16 f
  U1623/Y (NOR2XLM)                                       0.78       1.94 r
  U2177/Y (AOI2BB2XLM)                                    0.18       2.12 f
  UART_TX_RX_U0_UART_TX_U1_mem_reg_5_/D (SDFFRQX1M)       0.00       2.12 f
  data arrival time                                                  2.12

  clock Tx_clk (rise edge)                             8681.28    8681.28
  clock network delay (ideal)                             0.00    8681.28
  clock uncertainty                                      -0.20    8681.08
  UART_TX_RX_U0_UART_TX_U1_mem_reg_5_/CK (SDFFRQX1M)      0.00    8681.08 r
  library setup time                                     -0.45    8680.63
  data required time                                              8680.63
  --------------------------------------------------------------------------
  data required time                                              8680.63
  data arrival time                                                 -2.12
  --------------------------------------------------------------------------
  slack (MET)                                                     8678.52


  Startpoint: UART_TX_RX_U0_UART_TX_U2_current_state_reg_2_
              (rising edge-triggered flip-flop clocked by Tx_clk)
  Endpoint: UART_TX_RX_U0_UART_TX_U1_mem_reg_6_
            (rising edge-triggered flip-flop clocked by Tx_clk)
  Path Group: Tx_clk
  Path Type: max

  Point                                                   Incr       Path
  --------------------------------------------------------------------------
  clock Tx_clk (rise edge)                                0.00       0.00
  clock network delay (ideal)                             0.00       0.00
  UART_TX_RX_U0_UART_TX_U2_current_state_reg_2_/CK (SDFFRX1M)
                                                          0.00       0.00 r
  UART_TX_RX_U0_UART_TX_U2_current_state_reg_2_/Q (SDFFRX1M)
                                                          0.45       0.45 f
  U1606/Y (NOR2XLM)                                       0.17       0.62 r
  U1798/Y (INVXLM)                                        0.11       0.73 f
  U1621/Y (NOR2XLM)                                       0.30       1.02 r
  U1620/Y (INVXLM)                                        0.14       1.16 f
  U1623/Y (NOR2XLM)                                       0.78       1.94 r
  U2169/Y (AOI2BB2XLM)                                    0.18       2.12 f
  UART_TX_RX_U0_UART_TX_U1_mem_reg_6_/D (SDFFRQX1M)       0.00       2.12 f
  data arrival time                                                  2.12

  clock Tx_clk (rise edge)                             8681.28    8681.28
  clock network delay (ideal)                             0.00    8681.28
  clock uncertainty                                      -0.20    8681.08
  UART_TX_RX_U0_UART_TX_U1_mem_reg_6_/CK (SDFFRQX1M)      0.00    8681.08 r
  library setup time                                     -0.45    8680.63
  data required time                                              8680.63
  --------------------------------------------------------------------------
  data required time                                              8680.63
  data arrival time                                                 -2.12
  --------------------------------------------------------------------------
  slack (MET)                                                     8678.52


  Startpoint: UART_TX_RX_U0_UART_TX_U2_current_state_reg_2_
              (rising edge-triggered flip-flop clocked by Tx_clk)
  Endpoint: UART_TX_RX_U0_UART_TX_U1_mem_reg_0_
            (rising edge-triggered flip-flop clocked by Tx_clk)
  Path Group: Tx_clk
  Path Type: max

  Point                                                   Incr       Path
  --------------------------------------------------------------------------
  clock Tx_clk (rise edge)                                0.00       0.00
  clock network delay (ideal)                             0.00       0.00
  UART_TX_RX_U0_UART_TX_U2_current_state_reg_2_/CK (SDFFRX1M)
                                                          0.00       0.00 r
  UART_TX_RX_U0_UART_TX_U2_current_state_reg_2_/Q (SDFFRX1M)
                                                          0.45       0.45 f
  U1606/Y (NOR2XLM)                                       0.17       0.62 r
  U1798/Y (INVXLM)                                        0.11       0.73 f
  U1621/Y (NOR2XLM)                                       0.30       1.02 r
  U1620/Y (INVXLM)                                        0.14       1.16 f
  U1623/Y (NOR2XLM)                                       0.78       1.94 r
  U2155/Y (AOI2BB2XLM)                                    0.18       2.12 f
  UART_TX_RX_U0_UART_TX_U1_mem_reg_0_/D (SDFFRQX1M)       0.00       2.12 f
  data arrival time                                                  2.12

  clock Tx_clk (rise edge)                             8681.28    8681.28
  clock network delay (ideal)                             0.00    8681.28
  clock uncertainty                                      -0.20    8681.08
  UART_TX_RX_U0_UART_TX_U1_mem_reg_0_/CK (SDFFRQX1M)      0.00    8681.08 r
  library setup time                                     -0.45    8680.63
  data required time                                              8680.63
  --------------------------------------------------------------------------
  data required time                                              8680.63
  data arrival time                                                 -2.12
  --------------------------------------------------------------------------
  slack (MET)                                                     8678.52


  Startpoint: UART_TX_RX_U0_UART_TX_U2_current_state_reg_2_
              (rising edge-triggered flip-flop clocked by Tx_clk)
  Endpoint: UART_TX_RX_U0_UART_TX_U1_mem_reg_7_
            (rising edge-triggered flip-flop clocked by Tx_clk)
  Path Group: Tx_clk
  Path Type: max

  Point                                                   Incr       Path
  --------------------------------------------------------------------------
  clock Tx_clk (rise edge)                                0.00       0.00
  clock network delay (ideal)                             0.00       0.00
  UART_TX_RX_U0_UART_TX_U2_current_state_reg_2_/CK (SDFFRX1M)
                                                          0.00       0.00 r
  UART_TX_RX_U0_UART_TX_U2_current_state_reg_2_/Q (SDFFRX1M)
                                                          0.45       0.45 f
  U1606/Y (NOR2XLM)                                       0.17       0.62 r
  U1798/Y (INVXLM)                                        0.11       0.73 f
  U1621/Y (NOR2XLM)                                       0.30       1.02 r
  U1620/Y (INVXLM)                                        0.14       1.16 f
  U1623/Y (NOR2XLM)                                       0.78       1.94 r
  U2162/Y (AOI2BB2XLM)                                    0.18       2.12 f
  UART_TX_RX_U0_UART_TX_U1_mem_reg_7_/D (SDFFRQX1M)       0.00       2.12 f
  data arrival time                                                  2.12

  clock Tx_clk (rise edge)                             8681.28    8681.28
  clock network delay (ideal)                             0.00    8681.28
  clock uncertainty                                      -0.20    8681.08
  UART_TX_RX_U0_UART_TX_U1_mem_reg_7_/CK (SDFFRQX1M)      0.00    8681.08 r
  library setup time                                     -0.45    8680.63
  data required time                                              8680.63
  --------------------------------------------------------------------------
  data required time                                              8680.63
  data arrival time                                                 -2.12
  --------------------------------------------------------------------------
  slack (MET)                                                     8678.52


  Startpoint: Pulse_U_pls_flop_reg
              (rising edge-triggered flip-flop clocked by Tx_clk)
  Endpoint: FIFO_u_U5_RD_PTR_GRAY_reg_2_
            (rising edge-triggered flip-flop clocked by Tx_clk)
  Path Group: Tx_clk
  Path Type: max

  Point                                                   Incr       Path
  --------------------------------------------------------------------------
  clock Tx_clk (rise edge)                                0.00       0.00
  clock network delay (ideal)                             0.00       0.00
  Pulse_U_pls_flop_reg/CK (DFFRQX1M)                      0.00       0.00 r
  Pulse_U_pls_flop_reg/Q (DFFRQX1M)                       0.48       0.48 f
  U1613/Y (NOR3BXLM)                                      0.31       0.79 r
  U1614/Y (NAND2XLM)                                      0.16       0.96 f
  U1615/Y (NOR2XLM)                                       0.23       1.19 r
  U1631/Y (NAND2XLM)                                      0.13       1.32 f
  U1634/Y (XOR2XLM)                                       0.30       1.62 r
  U1635/Y (AOI22XLM)                                      0.22       1.84 f
  FIFO_u_U5_RD_PTR_GRAY_reg_2_/D (SDFFRQX1M)              0.00       1.84 f
  data arrival time                                                  1.84

  clock Tx_clk (rise edge)                             8681.28    8681.28
  clock network delay (ideal)                             0.00    8681.28
  clock uncertainty                                      -0.20    8681.08
  FIFO_u_U5_RD_PTR_GRAY_reg_2_/CK (SDFFRQX1M)             0.00    8681.08 r
  library setup time                                     -0.44    8680.64
  data required time                                              8680.64
  --------------------------------------------------------------------------
  data required time                                              8680.64
  data arrival time                                                 -1.84
  --------------------------------------------------------------------------
  slack (MET)                                                     8678.79


  Startpoint: Pulse_U_pls_flop_reg
              (rising edge-triggered flip-flop clocked by Tx_clk)
  Endpoint: FIFO_u_U5_RD_PTR_GRAY_reg_0_
            (rising edge-triggered flip-flop clocked by Tx_clk)
  Path Group: Tx_clk
  Path Type: max

  Point                                                   Incr       Path
  --------------------------------------------------------------------------
  clock Tx_clk (rise edge)                                0.00       0.00
  clock network delay (ideal)                             0.00       0.00
  Pulse_U_pls_flop_reg/CK (DFFRQX1M)                      0.00       0.00 r
  Pulse_U_pls_flop_reg/Q (DFFRQX1M)                       0.48       0.48 f
  U1613/Y (NOR3BXLM)                                      0.31       0.79 r
  U1614/Y (NAND2XLM)                                      0.16       0.96 f
  U1615/Y (NOR2XLM)                                       0.23       1.19 r
  U1616/Y (AOI21XLM)                                      0.14       1.33 f
  U1619/Y (OAI22XLM)                                      0.35       1.68 r
  U1947/Y (INVXLM)                                        0.08       1.76 f
  FIFO_u_U5_RD_PTR_GRAY_reg_0_/D (SDFFRQX1M)              0.00       1.76 f
  data arrival time                                                  1.76

  clock Tx_clk (rise edge)                             8681.28    8681.28
  clock network delay (ideal)                             0.00    8681.28
  clock uncertainty                                      -0.20    8681.08
  FIFO_u_U5_RD_PTR_GRAY_reg_0_/CK (SDFFRQX1M)             0.00    8681.08 r
  library setup time                                     -0.42    8680.66
  data required time                                              8680.66
  --------------------------------------------------------------------------
  data required time                                              8680.66
  data arrival time                                                 -1.76
  --------------------------------------------------------------------------
  slack (MET)                                                     8678.91


  Startpoint: Pulse_U_pls_flop_reg
              (rising edge-triggered flip-flop clocked by Tx_clk)
  Endpoint: FIFO_u_U5_RD_PTR_BIN_reg_3_
            (rising edge-triggered flip-flop clocked by Tx_clk)
  Path Group: Tx_clk
  Path Type: max

  Point                                                   Incr       Path
  --------------------------------------------------------------------------
  clock Tx_clk (rise edge)                                0.00       0.00
  clock network delay (ideal)                             0.00       0.00
  Pulse_U_pls_flop_reg/CK (DFFRQX1M)                      0.00       0.00 r
  Pulse_U_pls_flop_reg/Q (DFFRQX1M)                       0.48       0.48 f
  U1613/Y (NOR3BXLM)                                      0.31       0.79 r
  U1614/Y (NAND2XLM)                                      0.16       0.96 f
  U1615/Y (NOR2XLM)                                       0.23       1.19 r
  U1631/Y (NAND2XLM)                                      0.13       1.32 f
  U1634/Y (XOR2XLM)                                       0.30       1.62 r
  U1929/Y (INVXLM)                                        0.08       1.70 f
  FIFO_u_U5_RD_PTR_BIN_reg_3_/D (SDFFRQX1M)               0.00       1.70 f
  data arrival time                                                  1.70

  clock Tx_clk (rise edge)                             8681.28    8681.28
  clock network delay (ideal)                             0.00    8681.28
  clock uncertainty                                      -0.20    8681.08
  FIFO_u_U5_RD_PTR_BIN_reg_3_/CK (SDFFRQX1M)              0.00    8681.08 r
  library setup time                                     -0.42    8680.66
  data required time                                              8680.66
  --------------------------------------------------------------------------
  data required time                                              8680.66
  data arrival time                                                 -1.70
  --------------------------------------------------------------------------
  slack (MET)                                                     8678.96


  Startpoint: Pulse_U_pls_flop_reg
              (rising edge-triggered flip-flop clocked by Tx_clk)
  Endpoint: FIFO_u_U5_RD_PTR_GRAY_reg_1_
            (rising edge-triggered flip-flop clocked by Tx_clk)
  Path Group: Tx_clk
  Path Type: max

  Point                                                   Incr       Path
  --------------------------------------------------------------------------
  clock Tx_clk (rise edge)                                0.00       0.00
  clock network delay (ideal)                             0.00       0.00
  Pulse_U_pls_flop_reg/CK (DFFRQX1M)                      0.00       0.00 r
  Pulse_U_pls_flop_reg/Q (DFFRQX1M)                       0.48       0.48 f
  U1613/Y (NOR3BXLM)                                      0.31       0.79 r
  U1614/Y (NAND2XLM)                                      0.16       0.96 f
  U1615/Y (NOR2XLM)                                       0.23       1.19 r
  U1631/Y (NAND2XLM)                                      0.13       1.32 f
  U1632/Y (OAI21XLM)                                      0.15       1.47 r
  U1932/Y (OAI2B2XLM)                                     0.19       1.67 f
  FIFO_u_U5_RD_PTR_GRAY_reg_1_/D (SDFFRQX1M)              0.00       1.67 f
  data arrival time                                                  1.67

  clock Tx_clk (rise edge)                             8681.28    8681.28
  clock network delay (ideal)                             0.00    8681.28
  clock uncertainty                                      -0.20    8681.08
  FIFO_u_U5_RD_PTR_GRAY_reg_1_/CK (SDFFRQX1M)             0.00    8681.08 r
  library setup time                                     -0.43    8680.65
  data required time                                              8680.65
  --------------------------------------------------------------------------
  data required time                                              8680.65
  data arrival time                                                 -1.67
  --------------------------------------------------------------------------
  slack (MET)                                                     8678.98


  Startpoint: Pulse_U_pls_flop_reg
              (rising edge-triggered flip-flop clocked by Tx_clk)
  Endpoint: FIFO_u_U5_RD_PTR_BIN_reg_2_
            (rising edge-triggered flip-flop clocked by Tx_clk)
  Path Group: Tx_clk
  Path Type: max

  Point                                                   Incr       Path
  --------------------------------------------------------------------------
  clock Tx_clk (rise edge)                                0.00       0.00
  clock network delay (ideal)                             0.00       0.00
  Pulse_U_pls_flop_reg/CK (DFFRQX1M)                      0.00       0.00 r
  Pulse_U_pls_flop_reg/Q (DFFRQX1M)                       0.48       0.48 f
  U1613/Y (NOR3BXLM)                                      0.31       0.79 r
  U1614/Y (NAND2XLM)                                      0.16       0.96 f
  U1615/Y (NOR2XLM)                                       0.23       1.19 r
  U1631/Y (NAND2XLM)                                      0.13       1.32 f
  U1632/Y (OAI21XLM)                                      0.15       1.47 r
  U1934/Y (INVXLM)                                        0.11       1.58 f
  FIFO_u_U5_RD_PTR_BIN_reg_2_/D (SDFFRQX1M)               0.00       1.58 f
  data arrival time                                                  1.58

  clock Tx_clk (rise edge)                             8681.28    8681.28
  clock network delay (ideal)                             0.00    8681.28
  clock uncertainty                                      -0.20    8681.08
  FIFO_u_U5_RD_PTR_BIN_reg_2_/CK (SDFFRQX1M)              0.00    8681.08 r
  library setup time                                     -0.42    8680.66
  data required time                                              8680.66
  --------------------------------------------------------------------------
  data required time                                              8680.66
  data arrival time                                                 -1.58
  --------------------------------------------------------------------------
  slack (MET)                                                     8679.08


  Startpoint: Pulse_U_pls_flop_reg
              (rising edge-triggered flip-flop clocked by Tx_clk)
  Endpoint: FIFO_u_U5_RD_PTR_BIN_reg_1_
            (rising edge-triggered flip-flop clocked by Tx_clk)
  Path Group: Tx_clk
  Path Type: max

  Point                                                   Incr       Path
  --------------------------------------------------------------------------
  clock Tx_clk (rise edge)                                0.00       0.00
  clock network delay (ideal)                             0.00       0.00
  Pulse_U_pls_flop_reg/CK (DFFRQX1M)                      0.00       0.00 r
  Pulse_U_pls_flop_reg/Q (DFFRQX1M)                       0.48       0.48 f
  U1613/Y (NOR3BXLM)                                      0.31       0.79 r
  U1614/Y (NAND2XLM)                                      0.16       0.96 f
  U1615/Y (NOR2XLM)                                       0.23       1.19 r
  U1616/Y (AOI21XLM)                                      0.14       1.33 f
  FIFO_u_U5_RD_PTR_BIN_reg_1_/D (SDFFRQX1M)               0.00       1.33 f
  data arrival time                                                  1.33

  clock Tx_clk (rise edge)                             8681.28    8681.28
  clock network delay (ideal)                             0.00    8681.28
  clock uncertainty                                      -0.20    8681.08
  FIFO_u_U5_RD_PTR_BIN_reg_1_/CK (SDFFRQX1M)              0.00    8681.08 r
  library setup time                                     -0.44    8680.64
  data required time                                              8680.64
  --------------------------------------------------------------------------
  data required time                                              8680.64
  data arrival time                                                 -1.33
  --------------------------------------------------------------------------
  slack (MET)                                                     8679.31


  Startpoint: Pulse_U_pls_flop_reg
              (rising edge-triggered flip-flop clocked by Tx_clk)
  Endpoint: FIFO_u_U5_RD_PTR_BIN_reg_0_
            (rising edge-triggered flip-flop clocked by Tx_clk)
  Path Group: Tx_clk
  Path Type: max

  Point                                                   Incr       Path
  --------------------------------------------------------------------------
  clock Tx_clk (rise edge)                                0.00       0.00
  clock network delay (ideal)                             0.00       0.00
  Pulse_U_pls_flop_reg/CK (DFFRQX1M)                      0.00       0.00 r
  Pulse_U_pls_flop_reg/Q (DFFRQX1M)                       0.48       0.48 f
  U1613/Y (NOR3BXLM)                                      0.31       0.79 r
  U1614/Y (NAND2XLM)                                      0.16       0.96 f
  U1617/Y (OAI21XLM)                                      0.14       1.09 r
  U1948/Y (INVXLM)                                        0.10       1.19 f
  FIFO_u_U5_RD_PTR_BIN_reg_0_/D (SDFFRQX1M)               0.00       1.19 f
  data arrival time                                                  1.19

  clock Tx_clk (rise edge)                             8681.28    8681.28
  clock network delay (ideal)                             0.00    8681.28
  clock uncertainty                                      -0.20    8681.08
  FIFO_u_U5_RD_PTR_BIN_reg_0_/CK (SDFFRQX1M)              0.00    8681.08 r
  library setup time                                     -0.42    8680.66
  data required time                                              8680.66
  --------------------------------------------------------------------------
  data required time                                              8680.66
  data arrival time                                                 -1.19
  --------------------------------------------------------------------------
  slack (MET)                                                     8679.47


  Startpoint: UART_TX_RX_U0_UART_TX_U1_counter_reg_2_
              (rising edge-triggered flip-flop clocked by Tx_clk)
  Endpoint: UART_TX_RX_U0_UART_TX_U1_counter_reg_1_
            (rising edge-triggered flip-flop clocked by Tx_clk)
  Path Group: Tx_clk
  Path Type: max

  Point                                                   Incr       Path
  --------------------------------------------------------------------------
  clock Tx_clk (rise edge)                                0.00       0.00
  clock network delay (ideal)                             0.00       0.00
  UART_TX_RX_U0_UART_TX_U1_counter_reg_2_/CK (SDFFRQX1M)
                                                          0.00       0.00 r
  UART_TX_RX_U0_UART_TX_U1_counter_reg_2_/Q (SDFFRQX1M)
                                                          0.46       0.46 f
  U1799/Y (INVXLM)                                        0.17       0.63 r
  U1627/Y (NOR2XLM)                                       0.11       0.75 f
  U1629/Y (OAI21XLM)                                      0.23       0.98 r
  U1802/Y (AOI22XLM)                                      0.11       1.09 f
  UART_TX_RX_U0_UART_TX_U1_counter_reg_1_/D (SDFFRQX1M)
                                                          0.00       1.09 f
  data arrival time                                                  1.09

  clock Tx_clk (rise edge)                             8681.28    8681.28
  clock network delay (ideal)                             0.00    8681.28
  clock uncertainty                                      -0.20    8681.08
  UART_TX_RX_U0_UART_TX_U1_counter_reg_1_/CK (SDFFRQX1M)
                                                          0.00    8681.08 r
  library setup time                                     -0.43    8680.65
  data required time                                              8680.65
  --------------------------------------------------------------------------
  data required time                                              8680.65
  data arrival time                                                 -1.09
  --------------------------------------------------------------------------
  slack (MET)                                                     8679.57


  Startpoint: UART_TX_RX_U0_UART_TX_U2_current_state_reg_2_
              (rising edge-triggered flip-flop clocked by Tx_clk)
  Endpoint: UART_TX_RX_U0_UART_TX_U2_current_state_reg_2_
            (rising edge-triggered flip-flop clocked by Tx_clk)
  Path Group: Tx_clk
  Path Type: max

  Point                                                   Incr       Path
  --------------------------------------------------------------------------
  clock Tx_clk (rise edge)                                0.00       0.00
  clock network delay (ideal)                             0.00       0.00
  UART_TX_RX_U0_UART_TX_U2_current_state_reg_2_/CK (SDFFRX1M)
                                                          0.00       0.00 r
  UART_TX_RX_U0_UART_TX_U2_current_state_reg_2_/Q (SDFFRX1M)
                                                          0.45       0.45 f
  U1607/Y (OR2X1M)                                        0.23       0.69 f
  U2079/Y (AOI221XLM)                                     0.24       0.92 r
  UART_TX_RX_U0_UART_TX_U2_current_state_reg_2_/D (SDFFRX1M)
                                                          0.00       0.92 r
  data arrival time                                                  0.92

  clock Tx_clk (rise edge)                             8681.28    8681.28
  clock network delay (ideal)                             0.00    8681.28
  clock uncertainty                                      -0.20    8681.08
  UART_TX_RX_U0_UART_TX_U2_current_state_reg_2_/CK (SDFFRX1M)
                                                          0.00    8681.08 r
  library setup time                                     -0.34    8680.74
  data required time                                              8680.74
  --------------------------------------------------------------------------
  data required time                                              8680.74
  data arrival time                                                 -0.92
  --------------------------------------------------------------------------
  slack (MET)                                                     8679.82


  Startpoint: UART_TX_RX_U0_UART_TX_U1_ser_done_reg
              (rising edge-triggered flip-flop clocked by Tx_clk)
  Endpoint: UART_TX_RX_U0_UART_TX_U2_current_state_reg_0_
            (rising edge-triggered flip-flop clocked by Tx_clk)
  Path Group: Tx_clk
  Path Type: max

  Point                                                   Incr       Path
  --------------------------------------------------------------------------
  clock Tx_clk (rise edge)                                0.00       0.00
  clock network delay (ideal)                             0.00       0.00
  UART_TX_RX_U0_UART_TX_U1_ser_done_reg/CK (SDFFRQX1M)
                                                          0.00       0.00 r
  UART_TX_RX_U0_UART_TX_U1_ser_done_reg/Q (SDFFRQX1M)     0.38       0.38 r
  U1427/Y (INVXLM)                                        0.07       0.45 f
  U1610/Y (OAI21XLM)                                      0.19       0.64 r
  U1611/Y (OAI31XLM)                                      0.13       0.77 f
  UART_TX_RX_U0_UART_TX_U2_current_state_reg_0_/D (SDFFRX1M)
                                                          0.00       0.77 f
  data arrival time                                                  0.77

  clock Tx_clk (rise edge)                             8681.28    8681.28
  clock network delay (ideal)                             0.00    8681.28
  clock uncertainty                                      -0.20    8681.08
  UART_TX_RX_U0_UART_TX_U2_current_state_reg_0_/CK (SDFFRX1M)
                                                          0.00    8681.08 r
  library setup time                                     -0.45    8680.63
  data required time                                              8680.63
  --------------------------------------------------------------------------
  data required time                                              8680.63
  data arrival time                                                 -0.77
  --------------------------------------------------------------------------
  slack (MET)                                                     8679.86


  Startpoint: UART_TX_RX_U0_UART_TX_U1_counter_reg_2_
              (rising edge-triggered flip-flop clocked by Tx_clk)
  Endpoint: UART_TX_RX_U0_UART_TX_U1_counter_reg_2_
            (rising edge-triggered flip-flop clocked by Tx_clk)
  Path Group: Tx_clk
  Path Type: max

  Point                                                   Incr       Path
  --------------------------------------------------------------------------
  clock Tx_clk (rise edge)                                0.00       0.00
  clock network delay (ideal)                             0.00       0.00
  UART_TX_RX_U0_UART_TX_U1_counter_reg_2_/CK (SDFFRQX1M)
                                                          0.00       0.00 r
  UART_TX_RX_U0_UART_TX_U1_counter_reg_2_/Q (SDFFRQX1M)
                                                          0.46       0.46 f
  U1799/Y (INVXLM)                                        0.17       0.63 r
  U1801/Y (OAI22XLM)                                      0.13       0.76 f
  UART_TX_RX_U0_UART_TX_U1_counter_reg_2_/D (SDFFRQX1M)
                                                          0.00       0.76 f
  data arrival time                                                  0.76

  clock Tx_clk (rise edge)                             8681.28    8681.28
  clock network delay (ideal)                             0.00    8681.28
  clock uncertainty                                      -0.20    8681.08
  UART_TX_RX_U0_UART_TX_U1_counter_reg_2_/CK (SDFFRQX1M)
                                                          0.00    8681.08 r
  library setup time                                     -0.42    8680.66
  data required time                                              8680.66
  --------------------------------------------------------------------------
  data required time                                              8680.66
  data arrival time                                                 -0.76
  --------------------------------------------------------------------------
  slack (MET)                                                     8679.90


  Startpoint: UART_TX_RX_U0_UART_TX_U2_current_state_reg_2_
              (rising edge-triggered flip-flop clocked by Tx_clk)
  Endpoint: UART_TX_RX_U0_UART_TX_U2_current_state_reg_1_
            (rising edge-triggered flip-flop clocked by Tx_clk)
  Path Group: Tx_clk
  Path Type: max

  Point                                                   Incr       Path
  --------------------------------------------------------------------------
  clock Tx_clk (rise edge)                                0.00       0.00
  clock network delay (ideal)                             0.00       0.00
  UART_TX_RX_U0_UART_TX_U2_current_state_reg_2_/CK (SDFFRX1M)
                                                          0.00       0.00 r
  UART_TX_RX_U0_UART_TX_U2_current_state_reg_2_/Q (SDFFRX1M)
                                                          0.43       0.43 r
  U1606/Y (NOR2XLM)                                       0.08       0.51 f
  U1798/Y (INVXLM)                                        0.11       0.62 r
  U1608/Y (NAND2XLM)                                      0.08       0.70 f
  UART_TX_RX_U0_UART_TX_U2_current_state_reg_1_/D (SDFFRX1M)
                                                          0.00       0.70 f
  data arrival time                                                  0.70

  clock Tx_clk (rise edge)                             8681.28    8681.28
  clock network delay (ideal)                             0.00    8681.28
  clock uncertainty                                      -0.20    8681.08
  UART_TX_RX_U0_UART_TX_U2_current_state_reg_1_/CK (SDFFRX1M)
                                                          0.00    8681.08 r
  library setup time                                     -0.44    8680.64
  data required time                                              8680.64
  --------------------------------------------------------------------------
  data required time                                              8680.64
  data arrival time                                                 -0.70
  --------------------------------------------------------------------------
  slack (MET)                                                     8679.94


  Startpoint: UART_TX_RX_U0_UART_TX_U2_current_state_reg_2_
              (rising edge-triggered flip-flop clocked by Tx_clk)
  Endpoint: Pulse_U_rcv_flop_reg
            (rising edge-triggered flip-flop clocked by Tx_clk)
  Path Group: Tx_clk
  Path Type: max

  Point                                                   Incr       Path
  --------------------------------------------------------------------------
  clock Tx_clk (rise edge)                                0.00       0.00
  clock network delay (ideal)                             0.00       0.00
  UART_TX_RX_U0_UART_TX_U2_current_state_reg_2_/CK (SDFFRX1M)
                                                          0.00       0.00 r
  UART_TX_RX_U0_UART_TX_U2_current_state_reg_2_/Q (SDFFRX1M)
                                                          0.43       0.43 r
  U1606/Y (NOR2XLM)                                       0.08       0.51 f
  U1798/Y (INVXLM)                                        0.11       0.62 r
  U1996/Y (OAI21XLM)                                      0.10       0.72 f
  Pulse_U_rcv_flop_reg/D (SDFFRQX1M)                      0.00       0.72 f
  data arrival time                                                  0.72

  clock Tx_clk (rise edge)                             8681.28    8681.28
  clock network delay (ideal)                             0.00    8681.28
  clock uncertainty                                      -0.20    8681.08
  Pulse_U_rcv_flop_reg/CK (SDFFRQX1M)                     0.00    8681.08 r
  library setup time                                     -0.41    8680.67
  data required time                                              8680.67
  --------------------------------------------------------------------------
  data required time                                              8680.67
  data arrival time                                                 -0.72
  --------------------------------------------------------------------------
  slack (MET)                                                     8679.94


  Startpoint: tx_rst_sync_n_synch_reg_0_/CK
              (internal path startpoint clocked by Tx_clk)
  Endpoint: tx_rst_sync_n_synch_reg_1_
            (rising edge-triggered flip-flop clocked by Tx_clk)
  Path Group: Tx_clk
  Path Type: max

  Point                                                   Incr       Path
  --------------------------------------------------------------------------
  clock Tx_clk (rise edge)                                0.00       0.00
  clock network delay (ideal)                             0.00       0.00
  input external delay                                    0.00       0.00 r
  tx_rst_sync_n_synch_reg_0_/CK (SDFFRQX1M)               0.00       0.00 r
  tx_rst_sync_n_synch_reg_0_/Q (SDFFRQX1M)                0.41       0.41 f
  tx_rst_sync_n_synch_reg_1_/D (SDFFRQX1M)                0.00       0.41 f
  data arrival time                                                  0.41

  clock Tx_clk (rise edge)                             8681.28    8681.28
  clock network delay (ideal)                             0.00    8681.28
  clock uncertainty                                      -0.20    8681.08
  tx_rst_sync_n_synch_reg_1_/CK (SDFFRQX1M)               0.00    8681.08 r
  library setup time                                     -0.41    8680.67
  data required time                                              8680.67
  --------------------------------------------------------------------------
  data required time                                              8680.67
  data arrival time                                                 -0.41
  --------------------------------------------------------------------------
  slack (MET)                                                     8680.26


  Startpoint: Pulse_U_rcv_flop_reg
              (rising edge-triggered flip-flop clocked by Tx_clk)
  Endpoint: Pulse_U_pls_flop_reg
            (rising edge-triggered flip-flop clocked by Tx_clk)
  Path Group: Tx_clk
  Path Type: max

  Point                                    Incr       Path
  -----------------------------------------------------------
  clock Tx_clk (rise edge)                 0.00       0.00
  clock network delay (ideal)              0.00       0.00
  Pulse_U_rcv_flop_reg/CK (SDFFRQX1M)      0.00       0.00 r
  Pulse_U_rcv_flop_reg/Q (SDFFRQX1M)       0.37       0.37 r
  Pulse_U_pls_flop_reg/D (DFFRQX1M)        0.00       0.37 r
  data arrival time                                   0.37

  clock Tx_clk (rise edge)              8681.28    8681.28
  clock network delay (ideal)              0.00    8681.28
  clock uncertainty                       -0.20    8681.08
  Pulse_U_pls_flop_reg/CK (DFFRQX1M)       0.00    8681.08 r
  library setup time                      -0.32    8680.76
  data required time                               8680.76
  -----------------------------------------------------------
  data required time                               8680.76
  data arrival time                                  -0.37
  -----------------------------------------------------------
  slack (MET)                                      8680.39


  Startpoint: FIFO_u_U2_WRptr_sync_s0_reg_0_
              (rising edge-triggered flip-flop clocked by Tx_clk)
  Endpoint: FIFO_u_U2_WRptr_sync_s1_reg_0_
            (rising edge-triggered flip-flop clocked by Tx_clk)
  Path Group: Tx_clk
  Path Type: max

  Point                                                   Incr       Path
  --------------------------------------------------------------------------
  clock Tx_clk (rise edge)                                0.00       0.00
  clock network delay (ideal)                             0.00       0.00
  FIFO_u_U2_WRptr_sync_s0_reg_0_/CK (SDFFRQX1M)           0.00       0.00 r
  FIFO_u_U2_WRptr_sync_s0_reg_0_/Q (SDFFRQX1M)            0.35       0.35 r
  FIFO_u_U2_WRptr_sync_s1_reg_0_/D (DFFRQX1M)             0.00       0.35 r
  data arrival time                                                  0.35

  clock Tx_clk (rise edge)                             8681.28    8681.28
  clock network delay (ideal)                             0.00    8681.28
  clock uncertainty                                      -0.20    8681.08
  FIFO_u_U2_WRptr_sync_s1_reg_0_/CK (DFFRQX1M)            0.00    8681.08 r
  library setup time                                     -0.32    8680.76
  data required time                                              8680.76
  --------------------------------------------------------------------------
  data required time                                              8680.76
  data arrival time                                                 -0.35
  --------------------------------------------------------------------------
  slack (MET)                                                     8680.41


  Startpoint: FIFO_u_U2_WRptr_sync_s0_reg_2_
              (rising edge-triggered flip-flop clocked by Tx_clk)
  Endpoint: FIFO_u_U2_WRptr_sync_s1_reg_2_
            (rising edge-triggered flip-flop clocked by Tx_clk)
  Path Group: Tx_clk
  Path Type: max

  Point                                                   Incr       Path
  --------------------------------------------------------------------------
  clock Tx_clk (rise edge)                                0.00       0.00
  clock network delay (ideal)                             0.00       0.00
  FIFO_u_U2_WRptr_sync_s0_reg_2_/CK (SDFFRQX1M)           0.00       0.00 r
  FIFO_u_U2_WRptr_sync_s0_reg_2_/Q (SDFFRQX1M)            0.35       0.35 r
  FIFO_u_U2_WRptr_sync_s1_reg_2_/D (DFFRQX1M)             0.00       0.35 r
  data arrival time                                                  0.35

  clock Tx_clk (rise edge)                             8681.28    8681.28
  clock network delay (ideal)                             0.00    8681.28
  clock uncertainty                                      -0.20    8681.08
  FIFO_u_U2_WRptr_sync_s1_reg_2_/CK (DFFRQX1M)            0.00    8681.08 r
  library setup time                                     -0.32    8680.76
  data required time                                              8680.76
  --------------------------------------------------------------------------
  data required time                                              8680.76
  data arrival time                                                 -0.35
  --------------------------------------------------------------------------
  slack (MET)                                                     8680.41


  Startpoint: FIFO_u_U2_WRptr_sync_s0_reg_1_
              (rising edge-triggered flip-flop clocked by Tx_clk)
  Endpoint: FIFO_u_U2_WRptr_sync_s1_reg_1_
            (rising edge-triggered flip-flop clocked by Tx_clk)
  Path Group: Tx_clk
  Path Type: max

  Point                                                   Incr       Path
  --------------------------------------------------------------------------
  clock Tx_clk (rise edge)                                0.00       0.00
  clock network delay (ideal)                             0.00       0.00
  FIFO_u_U2_WRptr_sync_s0_reg_1_/CK (SDFFRQX1M)           0.00       0.00 r
  FIFO_u_U2_WRptr_sync_s0_reg_1_/Q (SDFFRQX1M)            0.35       0.35 r
  FIFO_u_U2_WRptr_sync_s1_reg_1_/D (DFFRQX1M)             0.00       0.35 r
  data arrival time                                                  0.35

  clock Tx_clk (rise edge)                             8681.28    8681.28
  clock network delay (ideal)                             0.00    8681.28
  clock uncertainty                                      -0.20    8681.08
  FIFO_u_U2_WRptr_sync_s1_reg_1_/CK (DFFRQX1M)            0.00    8681.08 r
  library setup time                                     -0.32    8680.76
  data required time                                              8680.76
  --------------------------------------------------------------------------
  data required time                                              8680.76
  data arrival time                                                 -0.35
  --------------------------------------------------------------------------
  slack (MET)                                                     8680.41


  Startpoint: FIFO_u_U2_WRptr_sync_s0_reg_3_
              (rising edge-triggered flip-flop clocked by Tx_clk)
  Endpoint: FIFO_u_U2_WRptr_sync_s1_reg_3_
            (rising edge-triggered flip-flop clocked by Tx_clk)
  Path Group: Tx_clk
  Path Type: max

  Point                                                   Incr       Path
  --------------------------------------------------------------------------
  clock Tx_clk (rise edge)                                0.00       0.00
  clock network delay (ideal)                             0.00       0.00
  FIFO_u_U2_WRptr_sync_s0_reg_3_/CK (SDFFRQX1M)           0.00       0.00 r
  FIFO_u_U2_WRptr_sync_s0_reg_3_/Q (SDFFRQX1M)            0.35       0.35 r
  FIFO_u_U2_WRptr_sync_s1_reg_3_/D (DFFRQX1M)             0.00       0.35 r
  data arrival time                                                  0.35

  clock Tx_clk (rise edge)                             8681.28    8681.28
  clock network delay (ideal)                             0.00    8681.28
  clock uncertainty                                      -0.20    8681.08
  FIFO_u_U2_WRptr_sync_s1_reg_3_/CK (DFFRQX1M)            0.00    8681.08 r
  library setup time                                     -0.32    8680.76
  data required time                                              8680.76
  --------------------------------------------------------------------------
  data required time                                              8680.76
  data arrival time                                                 -0.35
  --------------------------------------------------------------------------
  slack (MET)                                                     8680.41


  Startpoint: tx_rst_sync_n_synch_reg_1_
              (rising edge-triggered flip-flop clocked by Tx_clk)
  Endpoint: tx_rst_sync_n_synch_reg_2_
            (rising edge-triggered flip-flop clocked by Tx_clk)
  Path Group: Tx_clk
  Path Type: max

  Point                                                   Incr       Path
  --------------------------------------------------------------------------
  clock Tx_clk (rise edge)                                0.00       0.00
  clock network delay (ideal)                             0.00       0.00
  tx_rst_sync_n_synch_reg_1_/CK (SDFFRQX1M)               0.00       0.00 r
  tx_rst_sync_n_synch_reg_1_/Q (SDFFRQX1M)                0.35       0.35 r
  tx_rst_sync_n_synch_reg_2_/D (DFFRQX1M)                 0.00       0.35 r
  data arrival time                                                  0.35

  clock Tx_clk (rise edge)                             8681.28    8681.28
  clock network delay (ideal)                             0.00    8681.28
  clock uncertainty                                      -0.20    8681.08
  tx_rst_sync_n_synch_reg_2_/CK (DFFRQX1M)                0.00    8681.08 r
  library setup time                                     -0.32    8680.76
  data required time                                              8680.76
  --------------------------------------------------------------------------
  data required time                                              8680.76
  data arrival time                                                 -0.35
  --------------------------------------------------------------------------
  slack (MET)                                                     8680.41


  Startpoint: TX_CLK/div_clk_reg_reg
              (rising edge-triggered flip-flop clocked by UART_clk)
  Endpoint: TX_CLK/count_reg_4_
            (rising edge-triggered flip-flop clocked by UART_clk)
  Path Group: UART_clk
  Path Type: max

  Point                                                   Incr       Path
  --------------------------------------------------------------------------
  clock UART_clk (rise edge)                              0.00       0.00
  clock network delay (ideal)                             0.00       0.00
  TX_CLK/div_clk_reg_reg/CK (SDFFRQX1M)                   0.00       0.00 r
  TX_CLK/div_clk_reg_reg/Q (SDFFRQX1M)                    0.47       0.47 f
  TX_CLK/U4/Y (AND3XLM)                                   0.25       0.71 f
  TX_CLK/U12/Y (NAND2XLM)                                 0.13       0.85 r
  TX_CLK/U13/Y (OAI21XLM)                                 0.14       0.98 f
  TX_CLK/U5/Y (AOI222XLM)                                 0.54       1.52 r
  TX_CLK/U15/Y (AOI22XLM)                                 0.15       1.67 f
  TX_CLK/U16/Y (OAI21XLM)                                 0.12       1.79 r
  TX_CLK/U6/Y (OAI21XLM)                                  0.15       1.95 f
  TX_CLK/U21/Y (AOI222XLM)                                0.53       2.47 r
  TX_CLK/U24/Y (AOI211XLM)                                0.20       2.68 f
  TX_CLK/U26/Y (OR2X1M)                                   0.25       2.93 f
  TX_CLK/U27/Y (NOR2XLM)                                  0.29       3.21 r
  TX_CLK/U32/Y (NAND3XLM)                                 0.18       3.40 f
  TX_CLK/U36/Y (NOR2XLM)                                  0.24       3.64 r
  TX_CLK/U39/Y (NAND2XLM)                                 0.13       3.77 f
  TX_CLK/U41/Y (NOR2XLM)                                  0.17       3.94 r
  TX_CLK/U42/Y (AOI211XLM)                                0.09       4.03 f
  TX_CLK/count_reg_4_/D (SDFFRQX1M)                       0.00       4.03 f
  data arrival time                                                  4.03

  clock UART_clk (rise edge)                            271.29     271.29
  clock network delay (ideal)                             0.00     271.29
  clock uncertainty                                      -0.20     271.09
  TX_CLK/count_reg_4_/CK (SDFFRQX1M)                      0.00     271.09 r
  library setup time                                     -0.41     270.68
  data required time                                               270.68
  --------------------------------------------------------------------------
  data required time                                               270.68
  data arrival time                                                 -4.03
  --------------------------------------------------------------------------
  slack (MET)                                                      266.64


  Startpoint: TX_CLK/div_clk_reg_reg
              (rising edge-triggered flip-flop clocked by UART_clk)
  Endpoint: TX_CLK/count_reg_5_
            (rising edge-triggered flip-flop clocked by UART_clk)
  Path Group: UART_clk
  Path Type: max

  Point                                                   Incr       Path
  --------------------------------------------------------------------------
  clock UART_clk (rise edge)                              0.00       0.00
  clock network delay (ideal)                             0.00       0.00
  TX_CLK/div_clk_reg_reg/CK (SDFFRQX1M)                   0.00       0.00 r
  TX_CLK/div_clk_reg_reg/Q (SDFFRQX1M)                    0.47       0.47 f
  TX_CLK/U4/Y (AND3XLM)                                   0.25       0.71 f
  TX_CLK/U12/Y (NAND2XLM)                                 0.13       0.85 r
  TX_CLK/U13/Y (OAI21XLM)                                 0.14       0.98 f
  TX_CLK/U5/Y (AOI222XLM)                                 0.54       1.52 r
  TX_CLK/U15/Y (AOI22XLM)                                 0.15       1.67 f
  TX_CLK/U16/Y (OAI21XLM)                                 0.12       1.79 r
  TX_CLK/U6/Y (OAI21XLM)                                  0.15       1.95 f
  TX_CLK/U21/Y (AOI222XLM)                                0.53       2.47 r
  TX_CLK/U24/Y (AOI211XLM)                                0.20       2.68 f
  TX_CLK/U26/Y (OR2X1M)                                   0.25       2.93 f
  TX_CLK/U27/Y (NOR2XLM)                                  0.29       3.21 r
  TX_CLK/U32/Y (NAND3XLM)                                 0.18       3.40 f
  TX_CLK/U36/Y (NOR2XLM)                                  0.24       3.64 r
  TX_CLK/U39/Y (NAND2XLM)                                 0.13       3.77 f
  TX_CLK/U41/Y (NOR2XLM)                                  0.17       3.94 r
  TX_CLK/count_reg_5_/D (SDFFRQX1M)                       0.00       3.94 r
  data arrival time                                                  3.94

  clock UART_clk (rise edge)                            271.29     271.29
  clock network delay (ideal)                             0.00     271.29
  clock uncertainty                                      -0.20     271.09
  TX_CLK/count_reg_5_/CK (SDFFRQX1M)                      0.00     271.09 r
  library setup time                                     -0.30     270.79
  data required time                                               270.79
  --------------------------------------------------------------------------
  data required time                                               270.79
  data arrival time                                                 -3.94
  --------------------------------------------------------------------------
  slack (MET)                                                      266.85


  Startpoint: TX_CLK/div_clk_reg_reg
              (rising edge-triggered flip-flop clocked by UART_clk)
  Endpoint: TX_CLK/count_reg_3_
            (rising edge-triggered flip-flop clocked by UART_clk)
  Path Group: UART_clk
  Path Type: max

  Point                                                   Incr       Path
  --------------------------------------------------------------------------
  clock UART_clk (rise edge)                              0.00       0.00
  clock network delay (ideal)                             0.00       0.00
  TX_CLK/div_clk_reg_reg/CK (SDFFRQX1M)                   0.00       0.00 r
  TX_CLK/div_clk_reg_reg/Q (SDFFRQX1M)                    0.47       0.47 f
  TX_CLK/U4/Y (AND3XLM)                                   0.25       0.71 f
  TX_CLK/U12/Y (NAND2XLM)                                 0.13       0.85 r
  TX_CLK/U13/Y (OAI21XLM)                                 0.14       0.98 f
  TX_CLK/U5/Y (AOI222XLM)                                 0.54       1.52 r
  TX_CLK/U15/Y (AOI22XLM)                                 0.15       1.67 f
  TX_CLK/U16/Y (OAI21XLM)                                 0.12       1.79 r
  TX_CLK/U6/Y (OAI21XLM)                                  0.15       1.95 f
  TX_CLK/U21/Y (AOI222XLM)                                0.53       2.47 r
  TX_CLK/U24/Y (AOI211XLM)                                0.20       2.68 f
  TX_CLK/U26/Y (OR2X1M)                                   0.25       2.93 f
  TX_CLK/U27/Y (NOR2XLM)                                  0.29       3.21 r
  TX_CLK/U32/Y (NAND3XLM)                                 0.18       3.40 f
  TX_CLK/U36/Y (NOR2XLM)                                  0.24       3.64 r
  TX_CLK/U38/Y (OAI31XLM)                                 0.14       3.78 f
  TX_CLK/count_reg_3_/D (SDFFRQX1M)                       0.00       3.78 f
  data arrival time                                                  3.78

  clock UART_clk (rise edge)                            271.29     271.29
  clock network delay (ideal)                             0.00     271.29
  clock uncertainty                                      -0.20     271.09
  TX_CLK/count_reg_3_/CK (SDFFRQX1M)                      0.00     271.09 r
  library setup time                                     -0.41     270.68
  data required time                                               270.68
  --------------------------------------------------------------------------
  data required time                                               270.68
  data arrival time                                                 -3.78
  --------------------------------------------------------------------------
  slack (MET)                                                      266.90


  Startpoint: TX_CLK/div_clk_reg_reg
              (rising edge-triggered flip-flop clocked by UART_clk)
  Endpoint: TX_CLK/count_reg_2_
            (rising edge-triggered flip-flop clocked by UART_clk)
  Path Group: UART_clk
  Path Type: max

  Point                                                   Incr       Path
  --------------------------------------------------------------------------
  clock UART_clk (rise edge)                              0.00       0.00
  clock network delay (ideal)                             0.00       0.00
  TX_CLK/div_clk_reg_reg/CK (SDFFRQX1M)                   0.00       0.00 r
  TX_CLK/div_clk_reg_reg/Q (SDFFRQX1M)                    0.47       0.47 f
  TX_CLK/U4/Y (AND3XLM)                                   0.25       0.71 f
  TX_CLK/U12/Y (NAND2XLM)                                 0.13       0.85 r
  TX_CLK/U13/Y (OAI21XLM)                                 0.14       0.98 f
  TX_CLK/U5/Y (AOI222XLM)                                 0.54       1.52 r
  TX_CLK/U15/Y (AOI22XLM)                                 0.15       1.67 f
  TX_CLK/U16/Y (OAI21XLM)                                 0.12       1.79 r
  TX_CLK/U6/Y (OAI21XLM)                                  0.15       1.95 f
  TX_CLK/U21/Y (AOI222XLM)                                0.53       2.47 r
  TX_CLK/U24/Y (AOI211XLM)                                0.20       2.68 f
  TX_CLK/U26/Y (OR2X1M)                                   0.25       2.93 f
  TX_CLK/U27/Y (NOR2XLM)                                  0.29       3.21 r
  TX_CLK/U32/Y (NAND3XLM)                                 0.18       3.40 f
  TX_CLK/U22/Y (INVXLM)                                   0.15       3.54 r
  TX_CLK/U34/Y (OAI31XLM)                                 0.12       3.66 f
  TX_CLK/count_reg_2_/D (SDFFRQX1M)                       0.00       3.66 f
  data arrival time                                                  3.66

  clock UART_clk (rise edge)                            271.29     271.29
  clock network delay (ideal)                             0.00     271.29
  clock uncertainty                                      -0.20     271.09
  TX_CLK/count_reg_2_/CK (SDFFRQX1M)                      0.00     271.09 r
  library setup time                                     -0.41     270.68
  data required time                                               270.68
  --------------------------------------------------------------------------
  data required time                                               270.68
  data arrival time                                                 -3.66
  --------------------------------------------------------------------------
  slack (MET)                                                      267.02


  Startpoint: TX_CLK/div_clk_reg_reg
              (rising edge-triggered flip-flop clocked by UART_clk)
  Endpoint: TX_CLK/div_clk_reg_reg
            (rising edge-triggered flip-flop clocked by UART_clk)
  Path Group: UART_clk
  Path Type: max

  Point                                                   Incr       Path
  --------------------------------------------------------------------------
  clock UART_clk (rise edge)                              0.00       0.00
  clock network delay (ideal)                             0.00       0.00
  TX_CLK/div_clk_reg_reg/CK (SDFFRQX1M)                   0.00       0.00 r
  TX_CLK/div_clk_reg_reg/Q (SDFFRQX1M)                    0.47       0.47 f
  TX_CLK/U4/Y (AND3XLM)                                   0.25       0.71 f
  TX_CLK/U12/Y (NAND2XLM)                                 0.13       0.85 r
  TX_CLK/U13/Y (OAI21XLM)                                 0.14       0.98 f
  TX_CLK/U5/Y (AOI222XLM)                                 0.54       1.52 r
  TX_CLK/U15/Y (AOI22XLM)                                 0.15       1.67 f
  TX_CLK/U16/Y (OAI21XLM)                                 0.12       1.79 r
  TX_CLK/U6/Y (OAI21XLM)                                  0.15       1.95 f
  TX_CLK/U21/Y (AOI222XLM)                                0.53       2.47 r
  TX_CLK/U24/Y (AOI211XLM)                                0.20       2.68 f
  TX_CLK/U26/Y (OR2X1M)                                   0.25       2.93 f
  TX_CLK/U27/Y (NOR2XLM)                                  0.29       3.21 r
  TX_CLK/U23/Y (INVXLM)                                   0.16       3.37 f
  TX_CLK/U44/Y (AOI221XLM)                                0.34       3.71 r
  TX_CLK/div_clk_reg_reg/D (SDFFRQX1M)                    0.00       3.71 r
  data arrival time                                                  3.71

  clock UART_clk (rise edge)                            271.29     271.29
  clock network delay (ideal)                             0.00     271.29
  clock uncertainty                                      -0.20     271.09
  TX_CLK/div_clk_reg_reg/CK (SDFFRQX1M)                   0.00     271.09 r
  library setup time                                     -0.33     270.76
  data required time                                               270.76
  --------------------------------------------------------------------------
  data required time                                               270.76
  data arrival time                                                 -3.71
  --------------------------------------------------------------------------
  slack (MET)                                                      267.05


  Startpoint: TX_CLK/div_clk_reg_reg
              (rising edge-triggered flip-flop clocked by UART_clk)
  Endpoint: TX_CLK/count_reg_1_
            (rising edge-triggered flip-flop clocked by UART_clk)
  Path Group: UART_clk
  Path Type: max

  Point                                                   Incr       Path
  --------------------------------------------------------------------------
  clock UART_clk (rise edge)                              0.00       0.00
  clock network delay (ideal)                             0.00       0.00
  TX_CLK/div_clk_reg_reg/CK (SDFFRQX1M)                   0.00       0.00 r
  TX_CLK/div_clk_reg_reg/Q (SDFFRQX1M)                    0.47       0.47 f
  TX_CLK/U4/Y (AND3XLM)                                   0.25       0.71 f
  TX_CLK/U12/Y (NAND2XLM)                                 0.13       0.85 r
  TX_CLK/U13/Y (OAI21XLM)                                 0.14       0.98 f
  TX_CLK/U5/Y (AOI222XLM)                                 0.54       1.52 r
  TX_CLK/U15/Y (AOI22XLM)                                 0.15       1.67 f
  TX_CLK/U16/Y (OAI21XLM)                                 0.12       1.79 r
  TX_CLK/U6/Y (OAI21XLM)                                  0.15       1.95 f
  TX_CLK/U21/Y (AOI222XLM)                                0.53       2.47 r
  TX_CLK/U24/Y (AOI211XLM)                                0.20       2.68 f
  TX_CLK/U26/Y (OR2X1M)                                   0.25       2.93 f
  TX_CLK/U27/Y (NOR2XLM)                                  0.29       3.21 r
  TX_CLK/U32/Y (NAND3XLM)                                 0.18       3.40 f
  TX_CLK/U22/Y (INVXLM)                                   0.15       3.54 r
  TX_CLK/U8/Y (AOI21XLM)                                  0.06       3.61 f
  TX_CLK/count_reg_1_/D (SDFFRQX1M)                       0.00       3.61 f
  data arrival time                                                  3.61

  clock UART_clk (rise edge)                            271.29     271.29
  clock network delay (ideal)                             0.00     271.29
  clock uncertainty                                      -0.20     271.09
  TX_CLK/count_reg_1_/CK (SDFFRQX1M)                      0.00     271.09 r
  library setup time                                     -0.41     270.68
  data required time                                               270.68
  --------------------------------------------------------------------------
  data required time                                               270.68
  data arrival time                                                 -3.61
  --------------------------------------------------------------------------
  slack (MET)                                                      267.08


  Startpoint: TX_CLK/div_clk_reg_reg
              (rising edge-triggered flip-flop clocked by UART_clk)
  Endpoint: TX_CLK/count_reg_0_
            (rising edge-triggered flip-flop clocked by UART_clk)
  Path Group: UART_clk
  Path Type: max

  Point                                                   Incr       Path
  --------------------------------------------------------------------------
  clock UART_clk (rise edge)                              0.00       0.00
  clock network delay (ideal)                             0.00       0.00
  TX_CLK/div_clk_reg_reg/CK (SDFFRQX1M)                   0.00       0.00 r
  TX_CLK/div_clk_reg_reg/Q (SDFFRQX1M)                    0.47       0.47 f
  TX_CLK/U4/Y (AND3XLM)                                   0.25       0.71 f
  TX_CLK/U12/Y (NAND2XLM)                                 0.13       0.85 r
  TX_CLK/U13/Y (OAI21XLM)                                 0.14       0.98 f
  TX_CLK/U5/Y (AOI222XLM)                                 0.54       1.52 r
  TX_CLK/U15/Y (AOI22XLM)                                 0.15       1.67 f
  TX_CLK/U16/Y (OAI21XLM)                                 0.12       1.79 r
  TX_CLK/U6/Y (OAI21XLM)                                  0.15       1.95 f
  TX_CLK/U21/Y (AOI222XLM)                                0.53       2.47 r
  TX_CLK/U24/Y (AOI211XLM)                                0.20       2.68 f
  TX_CLK/U26/Y (OR2X1M)                                   0.25       2.93 f
  TX_CLK/U27/Y (NOR2XLM)                                  0.29       3.21 r
  TX_CLK/U28/Y (NAND2XLM)                                 0.15       3.36 f
  TX_CLK/count_reg_0_/D (SDFFSQX1M)                       0.00       3.36 f
  data arrival time                                                  3.36

  clock UART_clk (rise edge)                            271.29     271.29
  clock network delay (ideal)                             0.00     271.29
  clock uncertainty                                      -0.20     271.09
  TX_CLK/count_reg_0_/CK (SDFFSQX1M)                      0.00     271.09 r
  library setup time                                     -0.45     270.64
  data required time                                               270.64
  --------------------------------------------------------------------------
  data required time                                               270.64
  data arrival time                                                 -3.36
  --------------------------------------------------------------------------
  slack (MET)                                                      267.28


  Startpoint: RX_CLK/div_clk_reg_reg
              (rising edge-triggered flip-flop clocked by UART_clk)
  Endpoint: RX_CLK/count_reg_1_
            (rising edge-triggered flip-flop clocked by UART_clk)
  Path Group: UART_clk
  Path Type: max

  Point                                                   Incr       Path
  --------------------------------------------------------------------------
  clock UART_clk (rise edge)                              0.00       0.00
  clock network delay (ideal)                             0.00       0.00
  RX_CLK/div_clk_reg_reg/CK (SDFFRQX1M)                   0.00       0.00 r
  RX_CLK/div_clk_reg_reg/Q (SDFFRQX1M)                    0.42       0.42 r
  RX_CLK/U4/Y (NAND2XLM)                                  0.11       0.53 f
  RX_CLK/U6/Y (AOI222XLM)                                 0.52       1.05 r
  RX_CLK/U8/Y (OAI2BB1XLM)                                0.19       1.24 r
  RX_CLK/U3/Y (OAI211XLM)                                 0.17       1.41 f
  RX_CLK/U9/Y (INVXLM)                                    0.15       1.57 r
  RX_CLK/U10/Y (NAND2XLM)                                 0.14       1.70 f
  RX_CLK/U12/Y (NOR2XLM)                                  0.17       1.87 r
  RX_CLK/U13/Y (AOI21XLM)                                 0.07       1.94 f
  RX_CLK/count_reg_1_/D (SDFFRQX1M)                       0.00       1.94 f
  data arrival time                                                  1.94

  clock UART_clk (rise edge)                            271.29     271.29
  clock network delay (ideal)                             0.00     271.29
  clock uncertainty                                      -0.20     271.09
  RX_CLK/count_reg_1_/CK (SDFFRQX1M)                      0.00     271.09 r
  library setup time                                     -0.41     270.68
  data required time                                               270.68
  --------------------------------------------------------------------------
  data required time                                               270.68
  data arrival time                                                 -1.94
  --------------------------------------------------------------------------
  slack (MET)                                                      268.74


  Startpoint: RX_CLK/div_clk_reg_reg
              (rising edge-triggered flip-flop clocked by UART_clk)
  Endpoint: RX_CLK/count_reg_2_
            (rising edge-triggered flip-flop clocked by UART_clk)
  Path Group: UART_clk
  Path Type: max

  Point                                                   Incr       Path
  --------------------------------------------------------------------------
  clock UART_clk (rise edge)                              0.00       0.00
  clock network delay (ideal)                             0.00       0.00
  RX_CLK/div_clk_reg_reg/CK (SDFFRQX1M)                   0.00       0.00 r
  RX_CLK/div_clk_reg_reg/Q (SDFFRQX1M)                    0.42       0.42 r
  RX_CLK/U4/Y (NAND2XLM)                                  0.11       0.53 f
  RX_CLK/U6/Y (AOI222XLM)                                 0.52       1.05 r
  RX_CLK/U8/Y (OAI2BB1XLM)                                0.19       1.24 r
  RX_CLK/U3/Y (OAI211XLM)                                 0.17       1.41 f
  RX_CLK/U9/Y (INVXLM)                                    0.15       1.57 r
  RX_CLK/U10/Y (NAND2XLM)                                 0.14       1.70 f
  RX_CLK/U12/Y (NOR2XLM)                                  0.17       1.87 r
  RX_CLK/count_reg_2_/D (SDFFRQX1M)                       0.00       1.87 r
  data arrival time                                                  1.87

  clock UART_clk (rise edge)                            271.29     271.29
  clock network delay (ideal)                             0.00     271.29
  clock uncertainty                                      -0.20     271.09
  RX_CLK/count_reg_2_/CK (SDFFRQX1M)                      0.00     271.09 r
  library setup time                                     -0.30     270.79
  data required time                                               270.79
  --------------------------------------------------------------------------
  data required time                                               270.79
  data arrival time                                                 -1.87
  --------------------------------------------------------------------------
  slack (MET)                                                      268.92


  Startpoint: RX_CLK/div_clk_reg_reg
              (rising edge-triggered flip-flop clocked by UART_clk)
  Endpoint: RX_CLK/count_reg_0_
            (rising edge-triggered flip-flop clocked by UART_clk)
  Path Group: UART_clk
  Path Type: max

  Point                                                   Incr       Path
  --------------------------------------------------------------------------
  clock UART_clk (rise edge)                              0.00       0.00
  clock network delay (ideal)                             0.00       0.00
  RX_CLK/div_clk_reg_reg/CK (SDFFRQX1M)                   0.00       0.00 r
  RX_CLK/div_clk_reg_reg/Q (SDFFRQX1M)                    0.42       0.42 r
  RX_CLK/U4/Y (NAND2XLM)                                  0.11       0.53 f
  RX_CLK/U6/Y (AOI222XLM)                                 0.52       1.05 r
  RX_CLK/U8/Y (OAI2BB1XLM)                                0.19       1.24 r
  RX_CLK/U3/Y (OAI211XLM)                                 0.17       1.41 f
  RX_CLK/U9/Y (INVXLM)                                    0.15       1.57 r
  RX_CLK/U10/Y (NAND2XLM)                                 0.14       1.70 f
  RX_CLK/count_reg_0_/D (SDFFSQX1M)                       0.00       1.70 f
  data arrival time                                                  1.70

  clock UART_clk (rise edge)                            271.29     271.29
  clock network delay (ideal)                             0.00     271.29
  clock uncertainty                                      -0.20     271.09
  RX_CLK/count_reg_0_/CK (SDFFSQX1M)                      0.00     271.09 r
  library setup time                                     -0.45     270.64
  data required time                                               270.64
  --------------------------------------------------------------------------
  data required time                                               270.64
  data arrival time                                                 -1.70
  --------------------------------------------------------------------------
  slack (MET)                                                      268.94


  Startpoint: RX_CLK/div_clk_reg_reg
              (rising edge-triggered flip-flop clocked by UART_clk)
  Endpoint: RX_CLK/div_clk_reg_reg
            (rising edge-triggered flip-flop clocked by UART_clk)
  Path Group: UART_clk
  Path Type: max

  Point                                                   Incr       Path
  --------------------------------------------------------------------------
  clock UART_clk (rise edge)                              0.00       0.00
  clock network delay (ideal)                             0.00       0.00
  RX_CLK/div_clk_reg_reg/CK (SDFFRQX1M)                   0.00       0.00 r
  RX_CLK/div_clk_reg_reg/Q (SDFFRQX1M)                    0.42       0.42 r
  RX_CLK/U4/Y (NAND2XLM)                                  0.11       0.53 f
  RX_CLK/U6/Y (AOI222XLM)                                 0.52       1.05 r
  RX_CLK/U8/Y (OAI2BB1XLM)                                0.19       1.24 r
  RX_CLK/U3/Y (OAI211XLM)                                 0.17       1.41 f
  RX_CLK/U9/Y (INVXLM)                                    0.15       1.57 r
  RX_CLK/U17/Y (AOI221XLM)                                0.13       1.70 f
  RX_CLK/div_clk_reg_reg/D (SDFFRQX1M)                    0.00       1.70 f
  data arrival time                                                  1.70

  clock UART_clk (rise edge)                            271.29     271.29
  clock network delay (ideal)                             0.00     271.29
  clock uncertainty                                      -0.20     271.09
  RX_CLK/div_clk_reg_reg/CK (SDFFRQX1M)                   0.00     271.09 r
  library setup time                                     -0.42     270.67
  data required time                                               270.67
  --------------------------------------------------------------------------
  data required time                                               270.67
  data arrival time                                                 -1.70
  --------------------------------------------------------------------------
  slack (MET)                                                      268.97


  Startpoint: uart_rst_sync_n_synch_reg_0_/CK
              (internal path startpoint clocked by UART_clk)
  Endpoint: uart_rst_sync_n_synch_reg_1_
            (rising edge-triggered flip-flop clocked by UART_clk)
  Path Group: UART_clk
  Path Type: max

  Point                                                   Incr       Path
  --------------------------------------------------------------------------
  clock UART_clk (rise edge)                              0.00       0.00
  clock network delay (ideal)                             0.00       0.00
  input external delay                                    0.00       0.00 r
  uart_rst_sync_n_synch_reg_0_/CK (SDFFRQX1M)             0.00       0.00 r
  uart_rst_sync_n_synch_reg_0_/Q (SDFFRQX1M)              0.42       0.42 f
  uart_rst_sync_n_synch_reg_1_/D (SDFFRQX1M)              0.00       0.42 f
  data arrival time                                                  0.42

  clock UART_clk (rise edge)                            271.29     271.29
  clock network delay (ideal)                             0.00     271.29
  clock uncertainty                                      -0.20     271.09
  uart_rst_sync_n_synch_reg_1_/CK (SDFFRQX1M)             0.00     271.09 r
  library setup time                                     -0.40     270.69
  data required time                                               270.69
  --------------------------------------------------------------------------
  data required time                                               270.69
  data arrival time                                                 -0.42
  --------------------------------------------------------------------------
  slack (MET)                                                      270.27


  Startpoint: uart_rst_sync_n_synch_reg_1_
              (rising edge-triggered flip-flop clocked by UART_clk)
  Endpoint: uart_rst_sync_n_synch_reg_2_
            (rising edge-triggered flip-flop clocked by UART_clk)
  Path Group: UART_clk
  Path Type: max

  Point                                                   Incr       Path
  --------------------------------------------------------------------------
  clock UART_clk (rise edge)                              0.00       0.00
  clock network delay (ideal)                             0.00       0.00
  uart_rst_sync_n_synch_reg_1_/CK (SDFFRQX1M)             0.00       0.00 r
  uart_rst_sync_n_synch_reg_1_/Q (SDFFRQX1M)              0.36       0.36 r
  uart_rst_sync_n_synch_reg_2_/D (DFFRQX2M)               0.00       0.36 r
  data arrival time                                                  0.36

  clock UART_clk (rise edge)                            271.29     271.29
  clock network delay (ideal)                             0.00     271.29
  clock uncertainty                                      -0.20     271.09
  uart_rst_sync_n_synch_reg_2_/CK (DFFRQX2M)              0.00     271.09 r
  library setup time                                     -0.29     270.80
  data required time                                               270.80
  --------------------------------------------------------------------------
  data required time                                               270.80
  data arrival time                                                 -0.36
  --------------------------------------------------------------------------
  slack (MET)                                                      270.43


1
