 
****************************************
Report : timing
        -path full
        -delay min
        -max_paths 100
Design : sys_top
Version: O-2018.06-SP1
Date   : Wed Sep 23 06:54:46 2026
****************************************

Operating Conditions: scmetro_tsmc_cl013g_rvt_ff_1p32v_m40c   Library: scmetro_tsmc_cl013g_rvt_ff_1p32v_m40c
Wire Load Model Mode: top

  Startpoint: Regfile_u/reg_file_reg[0][7]
              (rising edge-triggered flip-flop clocked by Ref_clk)
  Endpoint: ALU_u/ALU_OUT_reg[6]
            (rising edge-triggered flip-flop clocked by Gated_clk)
  Path Group: Gated_clk
  Path Type: min

  Point                                                   Incr       Path
  --------------------------------------------------------------------------
  clock Ref_clk (rise edge)                               0.00       0.00
  clock network delay (ideal)                             0.00       0.00
  Regfile_u/reg_file_reg[0][7]/CK (DFFRHQX8M)             0.00       0.00 r
  Regfile_u/reg_file_reg[0][7]/Q (DFFRHQX8M)              0.33       0.33 f
  Regfile_u/REG0[7] (Register_WIDTH8_DEPTH16_ADDRESS4)
                                                          0.00       0.33 f
  ALU_u/A[7] (ALU_WIDTH8_OUT_WIDTH16_FUN_WIDTH4)          0.00       0.33 f
  ALU_u/U156/Y (AOI22XLM)                                 0.16       0.49 r
  ALU_u/U154/Y (AOI31X2M)                                 0.10       0.59 f
  ALU_u/ALU_OUT_reg[6]/D (DFFRQX2M)                       0.00       0.59 f
  data arrival time                                                  0.59

  clock Gated_clk (rise edge)                             0.00       0.00
  clock network delay (ideal)                             0.00       0.00
  clock uncertainty                                       0.10       0.10
  ALU_u/ALU_OUT_reg[6]/CK (DFFRQX2M)                      0.00       0.10 r
  library hold time                                      -0.03       0.07
  data required time                                                 0.07
  --------------------------------------------------------------------------
  data required time                                                 0.07
  data arrival time                                                 -0.59
  --------------------------------------------------------------------------
  slack (MET)                                                        0.52


  Startpoint: Regfile_u/reg_file_reg[0][7]
              (rising edge-triggered flip-flop clocked by Ref_clk)
  Endpoint: ALU_u/ALU_OUT_reg[7]
            (rising edge-triggered flip-flop clocked by Gated_clk)
  Path Group: Gated_clk
  Path Type: min

  Point                                                   Incr       Path
  --------------------------------------------------------------------------
  clock Ref_clk (rise edge)                               0.00       0.00
  clock network delay (ideal)                             0.00       0.00
  Regfile_u/reg_file_reg[0][7]/CK (DFFRHQX8M)             0.00       0.00 r
  Regfile_u/reg_file_reg[0][7]/Q (DFFRHQX8M)              0.37       0.37 r
  Regfile_u/REG0[7] (Register_WIDTH8_DEPTH16_ADDRESS4)
                                                          0.00       0.37 r
  ALU_u/A[7] (ALU_WIDTH8_OUT_WIDTH16_FUN_WIDTH4)          0.00       0.37 r
  ALU_u/U3/Y (OA22XLM)                                    0.23       0.60 r
  ALU_u/U153/Y (AOI31X2M)                                 0.09       0.70 f
  ALU_u/ALU_OUT_reg[7]/D (DFFRQX2M)                       0.00       0.70 f
  data arrival time                                                  0.70

  clock Gated_clk (rise edge)                             0.00       0.00
  clock network delay (ideal)                             0.00       0.00
  clock uncertainty                                       0.10       0.10
  ALU_u/ALU_OUT_reg[7]/CK (DFFRQX2M)                      0.00       0.10 r
  library hold time                                      -0.03       0.07
  data required time                                                 0.07
  --------------------------------------------------------------------------
  data required time                                                 0.07
  data arrival time                                                 -0.70
  --------------------------------------------------------------------------
  slack (MET)                                                        0.63


  Startpoint: sys_ctrl_u/current_state_reg[2]
              (rising edge-triggered flip-flop clocked by Ref_clk)
  Endpoint: ALU_u/OUT_VALID_reg
            (rising edge-triggered flip-flop clocked by Gated_clk)
  Path Group: Gated_clk
  Path Type: min

  Point                                                   Incr       Path
  --------------------------------------------------------------------------
  clock Ref_clk (rise edge)                               0.00       0.00
  clock network delay (ideal)                             0.00       0.00
  sys_ctrl_u/current_state_reg[2]/CK (DFFRQX2M)           0.00       0.00 r
  sys_ctrl_u/current_state_reg[2]/Q (DFFRQX2M)            0.43       0.43 r
  sys_ctrl_u/U51/Y (NOR3X2M)                              0.08       0.52 f
  sys_ctrl_u/U52/Y (NAND2X2M)                             0.13       0.65 r
  sys_ctrl_u/U15/Y (INVX2M)                               0.09       0.74 f
  sys_ctrl_u/EN (SYS_CTRL_WIDTH8_ALU_OUT_WIDTH16_ADDR4)
                                                          0.00       0.74 f
  ALU_u/en (ALU_WIDTH8_OUT_WIDTH16_FUN_WIDTH4)            0.00       0.74 f
  ALU_u/OUT_VALID_reg/D (DFFRQX2M)                        0.00       0.74 f
  data arrival time                                                  0.74

  clock Gated_clk (rise edge)                             0.00       0.00
  clock network delay (ideal)                             0.00       0.00
  clock uncertainty                                       0.10       0.10
  ALU_u/OUT_VALID_reg/CK (DFFRQX2M)                       0.00       0.10 r
  library hold time                                      -0.03       0.07
  data required time                                                 0.07
  --------------------------------------------------------------------------
  data required time                                                 0.07
  data arrival time                                                 -0.74
  --------------------------------------------------------------------------
  slack (MET)                                                        0.68


  Startpoint: Regfile_u/reg_file_reg[0][7]
              (rising edge-triggered flip-flop clocked by Ref_clk)
  Endpoint: ALU_u/ALU_OUT_reg[8]
            (rising edge-triggered flip-flop clocked by Gated_clk)
  Path Group: Gated_clk
  Path Type: min

  Point                                                   Incr       Path
  --------------------------------------------------------------------------
  clock Ref_clk (rise edge)                               0.00       0.00
  clock network delay (ideal)                             0.00       0.00
  Regfile_u/reg_file_reg[0][7]/CK (DFFRHQX8M)             0.00       0.00 r
  Regfile_u/reg_file_reg[0][7]/Q (DFFRHQX8M)              0.33       0.33 f
  Regfile_u/REG0[7] (Register_WIDTH8_DEPTH16_ADDRESS4)
                                                          0.00       0.33 f
  ALU_u/A[7] (ALU_WIDTH8_OUT_WIDTH16_FUN_WIDTH4)          0.00       0.33 f
  ALU_u/U141/Y (INVXLM)                                   0.17       0.50 r
  ALU_u/U78/Y (AOI2BB2XLM)                                0.20       0.71 r
  ALU_u/U76/Y (AOI21X2M)                                  0.08       0.79 f
  ALU_u/ALU_OUT_reg[8]/D (DFFRQX2M)                       0.00       0.79 f
  data arrival time                                                  0.79

  clock Gated_clk (rise edge)                             0.00       0.00
  clock network delay (ideal)                             0.00       0.00
  clock uncertainty                                       0.10       0.10
  ALU_u/ALU_OUT_reg[8]/CK (DFFRQX2M)                      0.00       0.10 r
  library hold time                                      -0.03       0.07
  data required time                                                 0.07
  --------------------------------------------------------------------------
  data required time                                                 0.07
  data arrival time                                                 -0.79
  --------------------------------------------------------------------------
  slack (MET)                                                        0.71


  Startpoint: Regfile_u/reg_file_reg[1][7]
              (rising edge-triggered flip-flop clocked by Ref_clk)
  Endpoint: ALU_u/ALU_OUT_reg[0]
            (rising edge-triggered flip-flop clocked by Gated_clk)
  Path Group: Gated_clk
  Path Type: min

  Point                                                   Incr       Path
  --------------------------------------------------------------------------
  clock Ref_clk (rise edge)                               0.00       0.00
  clock network delay (ideal)                             0.00       0.00
  Regfile_u/reg_file_reg[1][7]/CK (DFFRHQX4M)             0.00       0.00 r
  Regfile_u/reg_file_reg[1][7]/Q (DFFRHQX4M)              0.34       0.34 r
  Regfile_u/REG1[7] (Register_WIDTH8_DEPTH16_ADDRESS4)
                                                          0.00       0.34 r
  ALU_u/B[7] (ALU_WIDTH8_OUT_WIDTH16_FUN_WIDTH4)          0.00       0.34 r
  ALU_u/div_45/b[7] (ALU_WIDTH8_OUT_WIDTH16_FUN_WIDTH4_DW_div_uns_1)
                                                          0.00       0.34 r
  ALU_u/div_45/U17/Y (INVX8M)                             0.08       0.41 f
  ALU_u/div_45/u_div/u_fa_PartRem_0_0_7/CO (ADDFHX4M)     0.27       0.68 f
  ALU_u/div_45/quotient[0] (ALU_WIDTH8_OUT_WIDTH16_FUN_WIDTH4_DW_div_uns_1)
                                                          0.00       0.68 f
  ALU_u/U4/Y (NOR2X4M)                                    0.08       0.76 r
  ALU_u/U163/Y (AOI211X2M)                                0.07       0.83 f
  ALU_u/ALU_OUT_reg[0]/D (DFFRQX2M)                       0.00       0.83 f
  data arrival time                                                  0.83

  clock Gated_clk (rise edge)                             0.00       0.00
  clock network delay (ideal)                             0.00       0.00
  clock uncertainty                                       0.10       0.10
  ALU_u/ALU_OUT_reg[0]/CK (DFFRQX2M)                      0.00       0.10 r
  library hold time                                      -0.02       0.08
  data required time                                                 0.08
  --------------------------------------------------------------------------
  data required time                                                 0.08
  data arrival time                                                 -0.83
  --------------------------------------------------------------------------
  slack (MET)                                                        0.75


  Startpoint: Regfile_u/reg_file_reg[0][6]
              (rising edge-triggered flip-flop clocked by Ref_clk)
  Endpoint: ALU_u/ALU_OUT_reg[5]
            (rising edge-triggered flip-flop clocked by Gated_clk)
  Path Group: Gated_clk
  Path Type: min

  Point                                                   Incr       Path
  --------------------------------------------------------------------------
  clock Ref_clk (rise edge)                               0.00       0.00
  clock network delay (ideal)                             0.00       0.00
  Regfile_u/reg_file_reg[0][6]/CK (DFFRQX2M)              0.00       0.00 r
  Regfile_u/reg_file_reg[0][6]/Q (DFFRQX2M)               0.58       0.58 f
  Regfile_u/REG0[6] (Register_WIDTH8_DEPTH16_ADDRESS4)
                                                          0.00       0.58 f
  ALU_u/A[6] (ALU_WIDTH8_OUT_WIDTH16_FUN_WIDTH4)          0.00       0.58 f
  ALU_u/U157/Y (AOI22XLM)                                 0.18       0.76 r
  ALU_u/U88/Y (AOI31X2M)                                  0.10       0.87 f
  ALU_u/ALU_OUT_reg[5]/D (DFFRQX2M)                       0.00       0.87 f
  data arrival time                                                  0.87

  clock Gated_clk (rise edge)                             0.00       0.00
  clock network delay (ideal)                             0.00       0.00
  clock uncertainty                                       0.10       0.10
  ALU_u/ALU_OUT_reg[5]/CK (DFFRQX2M)                      0.00       0.10 r
  library hold time                                      -0.03       0.07
  data required time                                                 0.07
  --------------------------------------------------------------------------
  data required time                                                 0.07
  data arrival time                                                 -0.87
  --------------------------------------------------------------------------
  slack (MET)                                                        0.80


  Startpoint: Regfile_u/reg_file_reg[1][3]
              (rising edge-triggered flip-flop clocked by Ref_clk)
  Endpoint: ALU_u/ALU_OUT_reg[3]
            (rising edge-triggered flip-flop clocked by Gated_clk)
  Path Group: Gated_clk
  Path Type: min

  Point                                                   Incr       Path
  --------------------------------------------------------------------------
  clock Ref_clk (rise edge)                               0.00       0.00
  clock network delay (ideal)                             0.00       0.00
  Regfile_u/reg_file_reg[1][3]/CK (DFFRHQX2M)             0.00       0.00 r
  Regfile_u/reg_file_reg[1][3]/Q (DFFRHQX2M)              0.36       0.36 r
  Regfile_u/REG1[3] (Register_WIDTH8_DEPTH16_ADDRESS4)
                                                          0.00       0.36 r
  ALU_u/B[3] (ALU_WIDTH8_OUT_WIDTH16_FUN_WIDTH4)          0.00       0.36 r
  ALU_u/U119/Y (OAI222XLM)                                0.22       0.58 f
  ALU_u/U71/Y (AOI211X2M)                                 0.18       0.76 r
  ALU_u/U69/Y (AOI31X2M)                                  0.11       0.87 f
  ALU_u/ALU_OUT_reg[3]/D (DFFRQX2M)                       0.00       0.87 f
  data arrival time                                                  0.87

  clock Gated_clk (rise edge)                             0.00       0.00
  clock network delay (ideal)                             0.00       0.00
  clock uncertainty                                       0.10       0.10
  ALU_u/ALU_OUT_reg[3]/CK (DFFRQX2M)                      0.00       0.10 r
  library hold time                                      -0.03       0.07
  data required time                                                 0.07
  --------------------------------------------------------------------------
  data required time                                                 0.07
  data arrival time                                                 -0.87
  --------------------------------------------------------------------------
  slack (MET)                                                        0.80


  Startpoint: Regfile_u/reg_file_reg[1][4]
              (rising edge-triggered flip-flop clocked by Ref_clk)
  Endpoint: ALU_u/ALU_OUT_reg[4]
            (rising edge-triggered flip-flop clocked by Gated_clk)
  Path Group: Gated_clk
  Path Type: min

  Point                                                   Incr       Path
  --------------------------------------------------------------------------
  clock Ref_clk (rise edge)                               0.00       0.00
  clock network delay (ideal)                             0.00       0.00
  Regfile_u/reg_file_reg[1][4]/CK (DFFRHQX2M)             0.00       0.00 r
  Regfile_u/reg_file_reg[1][4]/Q (DFFRHQX2M)              0.32       0.32 f
  Regfile_u/REG1[4] (Register_WIDTH8_DEPTH16_ADDRESS4)
                                                          0.00       0.32 f
  ALU_u/B[4] (ALU_WIDTH8_OUT_WIDTH16_FUN_WIDTH4)          0.00       0.32 f
  ALU_u/U123/Y (INVXLM)                                   0.09       0.40 r
  ALU_u/U122/Y (OAI222XLM)                                0.18       0.58 f
  ALU_u/U74/Y (AOI211X2M)                                 0.18       0.76 r
  ALU_u/U72/Y (AOI31X2M)                                  0.11       0.87 f
  ALU_u/ALU_OUT_reg[4]/D (DFFRQX2M)                       0.00       0.87 f
  data arrival time                                                  0.87

  clock Gated_clk (rise edge)                             0.00       0.00
  clock network delay (ideal)                             0.00       0.00
  clock uncertainty                                       0.10       0.10
  ALU_u/ALU_OUT_reg[4]/CK (DFFRQX2M)                      0.00       0.10 r
  library hold time                                      -0.03       0.07
  data required time                                                 0.07
  --------------------------------------------------------------------------
  data required time                                                 0.07
  data arrival time                                                 -0.87
  --------------------------------------------------------------------------
  slack (MET)                                                        0.80


  Startpoint: Regfile_u/reg_file_reg[0][1]
              (rising edge-triggered flip-flop clocked by Ref_clk)
  Endpoint: ALU_u/ALU_OUT_reg[1]
            (rising edge-triggered flip-flop clocked by Gated_clk)
  Path Group: Gated_clk
  Path Type: min

  Point                                                   Incr       Path
  --------------------------------------------------------------------------
  clock Ref_clk (rise edge)                               0.00       0.00
  clock network delay (ideal)                             0.00       0.00
  Regfile_u/reg_file_reg[0][1]/CK (DFFRQX2M)              0.00       0.00 r
  Regfile_u/reg_file_reg[0][1]/Q (DFFRQX2M)               0.39       0.39 r
  Regfile_u/REG0[1] (Register_WIDTH8_DEPTH16_ADDRESS4)
                                                          0.00       0.39 r
  ALU_u/A[1] (ALU_WIDTH8_OUT_WIDTH16_FUN_WIDTH4)          0.00       0.39 r
  ALU_u/U114/Y (BUFX2M)                                   0.25       0.64 r
  ALU_u/U64/Y (MX2X2M)                                    0.17       0.81 r
  ALU_u/U62/Y (AOI31X2M)                                  0.08       0.89 f
  ALU_u/ALU_OUT_reg[1]/D (DFFRQX2M)                       0.00       0.89 f
  data arrival time                                                  0.89

  clock Gated_clk (rise edge)                             0.00       0.00
  clock network delay (ideal)                             0.00       0.00
  clock uncertainty                                       0.10       0.10
  ALU_u/ALU_OUT_reg[1]/CK (DFFRQX2M)                      0.00       0.10 r
  library hold time                                      -0.03       0.07
  data required time                                                 0.07
  --------------------------------------------------------------------------
  data required time                                                 0.07
  data arrival time                                                 -0.89
  --------------------------------------------------------------------------
  slack (MET)                                                        0.82


  Startpoint: Regfile_u/reg_file_reg[1][2]
              (rising edge-triggered flip-flop clocked by Ref_clk)
  Endpoint: ALU_u/ALU_OUT_reg[2]
            (rising edge-triggered flip-flop clocked by Gated_clk)
  Path Group: Gated_clk
  Path Type: min

  Point                                                   Incr       Path
  --------------------------------------------------------------------------
  clock Ref_clk (rise edge)                               0.00       0.00
  clock network delay (ideal)                             0.00       0.00
  Regfile_u/reg_file_reg[1][2]/CK (DFFRHQX1M)             0.00       0.00 r
  Regfile_u/reg_file_reg[1][2]/Q (DFFRHQX1M)              0.43       0.43 r
  Regfile_u/REG1[2] (Register_WIDTH8_DEPTH16_ADDRESS4)
                                                          0.00       0.43 r
  ALU_u/B[2] (ALU_WIDTH8_OUT_WIDTH16_FUN_WIDTH4)          0.00       0.43 r
  ALU_u/U116/Y (OAI222XLM)                                0.23       0.67 f
  ALU_u/U67/Y (AOI211X2M)                                 0.18       0.85 r
  ALU_u/U65/Y (AOI31X2M)                                  0.11       0.96 f
  ALU_u/ALU_OUT_reg[2]/D (DFFRQX2M)                       0.00       0.96 f
  data arrival time                                                  0.96

  clock Gated_clk (rise edge)                             0.00       0.00
  clock network delay (ideal)                             0.00       0.00
  clock uncertainty                                       0.10       0.10
  ALU_u/ALU_OUT_reg[2]/CK (DFFRQX2M)                      0.00       0.10 r
  library hold time                                      -0.03       0.07
  data required time                                                 0.07
  --------------------------------------------------------------------------
  data required time                                                 0.07
  data arrival time                                                 -0.96
  --------------------------------------------------------------------------
  slack (MET)                                                        0.89


  Startpoint: sys_ctrl_u/current_state_reg[2]
              (rising edge-triggered flip-flop clocked by Ref_clk)
  Endpoint: ALU_u/ALU_OUT_reg[15]
            (rising edge-triggered flip-flop clocked by Gated_clk)
  Path Group: Gated_clk
  Path Type: min

  Point                                                   Incr       Path
  --------------------------------------------------------------------------
  clock Ref_clk (rise edge)                               0.00       0.00
  clock network delay (ideal)                             0.00       0.00
  sys_ctrl_u/current_state_reg[2]/CK (DFFRQX2M)           0.00       0.00 r
  sys_ctrl_u/current_state_reg[2]/Q (DFFRQX2M)            0.43       0.43 r
  sys_ctrl_u/U51/Y (NOR3X2M)                              0.08       0.52 f
  sys_ctrl_u/U52/Y (NAND2X2M)                             0.13       0.65 r
  sys_ctrl_u/U15/Y (INVX2M)                               0.09       0.74 f
  sys_ctrl_u/EN (SYS_CTRL_WIDTH8_ALU_OUT_WIDTH16_ADDR4)
                                                          0.00       0.74 f
  ALU_u/en (ALU_WIDTH8_OUT_WIDTH16_FUN_WIDTH4)            0.00       0.74 f
  ALU_u/U50/Y (NAND2X2M)                                  0.15       0.90 r
  ALU_u/U15/Y (OAI2BB1X2M)                                0.07       0.97 f
  ALU_u/ALU_OUT_reg[15]/D (DFFRQX2M)                      0.00       0.97 f
  data arrival time                                                  0.97

  clock Gated_clk (rise edge)                             0.00       0.00
  clock network delay (ideal)                             0.00       0.00
  clock uncertainty                                       0.10       0.10
  ALU_u/ALU_OUT_reg[15]/CK (DFFRQX2M)                     0.00       0.10 r
  library hold time                                      -0.03       0.07
  data required time                                                 0.07
  --------------------------------------------------------------------------
  data required time                                                 0.07
  data arrival time                                                 -0.97
  --------------------------------------------------------------------------
  slack (MET)                                                        0.89


  Startpoint: sys_ctrl_u/current_state_reg[2]
              (rising edge-triggered flip-flop clocked by Ref_clk)
  Endpoint: ALU_u/ALU_OUT_reg[14]
            (rising edge-triggered flip-flop clocked by Gated_clk)
  Path Group: Gated_clk
  Path Type: min

  Point                                                   Incr       Path
  --------------------------------------------------------------------------
  clock Ref_clk (rise edge)                               0.00       0.00
  clock network delay (ideal)                             0.00       0.00
  sys_ctrl_u/current_state_reg[2]/CK (DFFRQX2M)           0.00       0.00 r
  sys_ctrl_u/current_state_reg[2]/Q (DFFRQX2M)            0.43       0.43 r
  sys_ctrl_u/U51/Y (NOR3X2M)                              0.08       0.52 f
  sys_ctrl_u/U52/Y (NAND2X2M)                             0.13       0.65 r
  sys_ctrl_u/U15/Y (INVX2M)                               0.09       0.74 f
  sys_ctrl_u/EN (SYS_CTRL_WIDTH8_ALU_OUT_WIDTH16_ADDR4)
                                                          0.00       0.74 f
  ALU_u/en (ALU_WIDTH8_OUT_WIDTH16_FUN_WIDTH4)            0.00       0.74 f
  ALU_u/U50/Y (NAND2X2M)                                  0.15       0.90 r
  ALU_u/U16/Y (OAI2BB1X2M)                                0.07       0.97 f
  ALU_u/ALU_OUT_reg[14]/D (DFFRQX2M)                      0.00       0.97 f
  data arrival time                                                  0.97

  clock Gated_clk (rise edge)                             0.00       0.00
  clock network delay (ideal)                             0.00       0.00
  clock uncertainty                                       0.10       0.10
  ALU_u/ALU_OUT_reg[14]/CK (DFFRQX2M)                     0.00       0.10 r
  library hold time                                      -0.03       0.07
  data required time                                                 0.07
  --------------------------------------------------------------------------
  data required time                                                 0.07
  data arrival time                                                 -0.97
  --------------------------------------------------------------------------
  slack (MET)                                                        0.89


  Startpoint: sys_ctrl_u/current_state_reg[2]
              (rising edge-triggered flip-flop clocked by Ref_clk)
  Endpoint: ALU_u/ALU_OUT_reg[13]
            (rising edge-triggered flip-flop clocked by Gated_clk)
  Path Group: Gated_clk
  Path Type: min

  Point                                                   Incr       Path
  --------------------------------------------------------------------------
  clock Ref_clk (rise edge)                               0.00       0.00
  clock network delay (ideal)                             0.00       0.00
  sys_ctrl_u/current_state_reg[2]/CK (DFFRQX2M)           0.00       0.00 r
  sys_ctrl_u/current_state_reg[2]/Q (DFFRQX2M)            0.43       0.43 r
  sys_ctrl_u/U51/Y (NOR3X2M)                              0.08       0.52 f
  sys_ctrl_u/U52/Y (NAND2X2M)                             0.13       0.65 r
  sys_ctrl_u/U15/Y (INVX2M)                               0.09       0.74 f
  sys_ctrl_u/EN (SYS_CTRL_WIDTH8_ALU_OUT_WIDTH16_ADDR4)
                                                          0.00       0.74 f
  ALU_u/en (ALU_WIDTH8_OUT_WIDTH16_FUN_WIDTH4)            0.00       0.74 f
  ALU_u/U50/Y (NAND2X2M)                                  0.15       0.90 r
  ALU_u/U17/Y (OAI2BB1X2M)                                0.07       0.97 f
  ALU_u/ALU_OUT_reg[13]/D (DFFRQX2M)                      0.00       0.97 f
  data arrival time                                                  0.97

  clock Gated_clk (rise edge)                             0.00       0.00
  clock network delay (ideal)                             0.00       0.00
  clock uncertainty                                       0.10       0.10
  ALU_u/ALU_OUT_reg[13]/CK (DFFRQX2M)                     0.00       0.10 r
  library hold time                                      -0.03       0.07
  data required time                                                 0.07
  --------------------------------------------------------------------------
  data required time                                                 0.07
  data arrival time                                                 -0.97
  --------------------------------------------------------------------------
  slack (MET)                                                        0.89


  Startpoint: sys_ctrl_u/current_state_reg[2]
              (rising edge-triggered flip-flop clocked by Ref_clk)
  Endpoint: ALU_u/ALU_OUT_reg[12]
            (rising edge-triggered flip-flop clocked by Gated_clk)
  Path Group: Gated_clk
  Path Type: min

  Point                                                   Incr       Path
  --------------------------------------------------------------------------
  clock Ref_clk (rise edge)                               0.00       0.00
  clock network delay (ideal)                             0.00       0.00
  sys_ctrl_u/current_state_reg[2]/CK (DFFRQX2M)           0.00       0.00 r
  sys_ctrl_u/current_state_reg[2]/Q (DFFRQX2M)            0.43       0.43 r
  sys_ctrl_u/U51/Y (NOR3X2M)                              0.08       0.52 f
  sys_ctrl_u/U52/Y (NAND2X2M)                             0.13       0.65 r
  sys_ctrl_u/U15/Y (INVX2M)                               0.09       0.74 f
  sys_ctrl_u/EN (SYS_CTRL_WIDTH8_ALU_OUT_WIDTH16_ADDR4)
                                                          0.00       0.74 f
  ALU_u/en (ALU_WIDTH8_OUT_WIDTH16_FUN_WIDTH4)            0.00       0.74 f
  ALU_u/U50/Y (NAND2X2M)                                  0.15       0.90 r
  ALU_u/U19/Y (OAI2BB1X2M)                                0.07       0.97 f
  ALU_u/ALU_OUT_reg[12]/D (DFFRQX2M)                      0.00       0.97 f
  data arrival time                                                  0.97

  clock Gated_clk (rise edge)                             0.00       0.00
  clock network delay (ideal)                             0.00       0.00
  clock uncertainty                                       0.10       0.10
  ALU_u/ALU_OUT_reg[12]/CK (DFFRQX2M)                     0.00       0.10 r
  library hold time                                      -0.03       0.07
  data required time                                                 0.07
  --------------------------------------------------------------------------
  data required time                                                 0.07
  data arrival time                                                 -0.97
  --------------------------------------------------------------------------
  slack (MET)                                                        0.89


  Startpoint: sys_ctrl_u/current_state_reg[2]
              (rising edge-triggered flip-flop clocked by Ref_clk)
  Endpoint: ALU_u/ALU_OUT_reg[11]
            (rising edge-triggered flip-flop clocked by Gated_clk)
  Path Group: Gated_clk
  Path Type: min

  Point                                                   Incr       Path
  --------------------------------------------------------------------------
  clock Ref_clk (rise edge)                               0.00       0.00
  clock network delay (ideal)                             0.00       0.00
  sys_ctrl_u/current_state_reg[2]/CK (DFFRQX2M)           0.00       0.00 r
  sys_ctrl_u/current_state_reg[2]/Q (DFFRQX2M)            0.43       0.43 r
  sys_ctrl_u/U51/Y (NOR3X2M)                              0.08       0.52 f
  sys_ctrl_u/U52/Y (NAND2X2M)                             0.13       0.65 r
  sys_ctrl_u/U15/Y (INVX2M)                               0.09       0.74 f
  sys_ctrl_u/EN (SYS_CTRL_WIDTH8_ALU_OUT_WIDTH16_ADDR4)
                                                          0.00       0.74 f
  ALU_u/en (ALU_WIDTH8_OUT_WIDTH16_FUN_WIDTH4)            0.00       0.74 f
  ALU_u/U50/Y (NAND2X2M)                                  0.15       0.90 r
  ALU_u/U18/Y (OAI2BB1X2M)                                0.07       0.97 f
  ALU_u/ALU_OUT_reg[11]/D (DFFRQX2M)                      0.00       0.97 f
  data arrival time                                                  0.97

  clock Gated_clk (rise edge)                             0.00       0.00
  clock network delay (ideal)                             0.00       0.00
  clock uncertainty                                       0.10       0.10
  ALU_u/ALU_OUT_reg[11]/CK (DFFRQX2M)                     0.00       0.10 r
  library hold time                                      -0.03       0.07
  data required time                                                 0.07
  --------------------------------------------------------------------------
  data required time                                                 0.07
  data arrival time                                                 -0.97
  --------------------------------------------------------------------------
  slack (MET)                                                        0.89


  Startpoint: sys_ctrl_u/current_state_reg[2]
              (rising edge-triggered flip-flop clocked by Ref_clk)
  Endpoint: ALU_u/ALU_OUT_reg[10]
            (rising edge-triggered flip-flop clocked by Gated_clk)
  Path Group: Gated_clk
  Path Type: min

  Point                                                   Incr       Path
  --------------------------------------------------------------------------
  clock Ref_clk (rise edge)                               0.00       0.00
  clock network delay (ideal)                             0.00       0.00
  sys_ctrl_u/current_state_reg[2]/CK (DFFRQX2M)           0.00       0.00 r
  sys_ctrl_u/current_state_reg[2]/Q (DFFRQX2M)            0.43       0.43 r
  sys_ctrl_u/U51/Y (NOR3X2M)                              0.08       0.52 f
  sys_ctrl_u/U52/Y (NAND2X2M)                             0.13       0.65 r
  sys_ctrl_u/U15/Y (INVX2M)                               0.09       0.74 f
  sys_ctrl_u/EN (SYS_CTRL_WIDTH8_ALU_OUT_WIDTH16_ADDR4)
                                                          0.00       0.74 f
  ALU_u/en (ALU_WIDTH8_OUT_WIDTH16_FUN_WIDTH4)            0.00       0.74 f
  ALU_u/U50/Y (NAND2X2M)                                  0.15       0.90 r
  ALU_u/U21/Y (OAI2BB1X2M)                                0.07       0.97 f
  ALU_u/ALU_OUT_reg[10]/D (DFFRQX2M)                      0.00       0.97 f
  data arrival time                                                  0.97

  clock Gated_clk (rise edge)                             0.00       0.00
  clock network delay (ideal)                             0.00       0.00
  clock uncertainty                                       0.10       0.10
  ALU_u/ALU_OUT_reg[10]/CK (DFFRQX2M)                     0.00       0.10 r
  library hold time                                      -0.03       0.07
  data required time                                                 0.07
  --------------------------------------------------------------------------
  data required time                                                 0.07
  data arrival time                                                 -0.97
  --------------------------------------------------------------------------
  slack (MET)                                                        0.89


  Startpoint: sys_ctrl_u/current_state_reg[2]
              (rising edge-triggered flip-flop clocked by Ref_clk)
  Endpoint: ALU_u/ALU_OUT_reg[9]
            (rising edge-triggered flip-flop clocked by Gated_clk)
  Path Group: Gated_clk
  Path Type: min

  Point                                                   Incr       Path
  --------------------------------------------------------------------------
  clock Ref_clk (rise edge)                               0.00       0.00
  clock network delay (ideal)                             0.00       0.00
  sys_ctrl_u/current_state_reg[2]/CK (DFFRQX2M)           0.00       0.00 r
  sys_ctrl_u/current_state_reg[2]/Q (DFFRQX2M)            0.43       0.43 r
  sys_ctrl_u/U51/Y (NOR3X2M)                              0.08       0.52 f
  sys_ctrl_u/U52/Y (NAND2X2M)                             0.13       0.65 r
  sys_ctrl_u/U15/Y (INVX2M)                               0.09       0.74 f
  sys_ctrl_u/EN (SYS_CTRL_WIDTH8_ALU_OUT_WIDTH16_ADDR4)
                                                          0.00       0.74 f
  ALU_u/en (ALU_WIDTH8_OUT_WIDTH16_FUN_WIDTH4)            0.00       0.74 f
  ALU_u/U50/Y (NAND2X2M)                                  0.15       0.90 r
  ALU_u/U20/Y (OAI2BB1X2M)                                0.07       0.97 f
  ALU_u/ALU_OUT_reg[9]/D (DFFRQX2M)                       0.00       0.97 f
  data arrival time                                                  0.97

  clock Gated_clk (rise edge)                             0.00       0.00
  clock network delay (ideal)                             0.00       0.00
  clock uncertainty                                       0.10       0.10
  ALU_u/ALU_OUT_reg[9]/CK (DFFRQX2M)                      0.00       0.10 r
  library hold time                                      -0.03       0.07
  data required time                                                 0.07
  --------------------------------------------------------------------------
  data required time                                                 0.07
  data arrival time                                                 -0.97
  --------------------------------------------------------------------------
  slack (MET)                                                        0.89


  Startpoint: RF1/n_synch_reg[1]
              (rising edge-triggered flip-flop clocked by Ref_clk)
  Endpoint: RF1/n_synch_reg[2]
            (rising edge-triggered flip-flop clocked by Ref_clk)
  Path Group: Ref_clk
  Path Type: min

  Point                                    Incr       Path
  -----------------------------------------------------------
  clock Ref_clk (rise edge)                0.00       0.00
  clock network delay (ideal)              0.00       0.00
  RF1/n_synch_reg[1]/CK (DFFRQX2M)         0.00       0.00 r
  RF1/n_synch_reg[1]/Q (DFFRQX2M)          0.46       0.46 f
  RF1/n_synch_reg[2]/D (DFFRQX2M)          0.00       0.46 f
  data arrival time                                   0.46

  clock Ref_clk (rise edge)                0.00       0.00
  clock network delay (ideal)              0.00       0.00
  clock uncertainty                        0.10       0.10
  RF1/n_synch_reg[2]/CK (DFFRQX2M)         0.00       0.10 r
  library hold time                       -0.02       0.08
  data required time                                  0.08
  -----------------------------------------------------------
  data required time                                  0.08
  data arrival time                                  -0.46
  -----------------------------------------------------------
  slack (MET)                                         0.38


  Startpoint: RF1/n_synch_reg[0]/CK
              (internal path startpoint clocked by Ref_clk)
  Endpoint: RF1/n_synch_reg[1]
            (rising edge-triggered flip-flop clocked by Ref_clk)
  Path Group: Ref_clk
  Path Type: min

  Point                                    Incr       Path
  -----------------------------------------------------------
  clock Ref_clk (rise edge)                0.00       0.00
  clock network delay (ideal)              0.00       0.00
  input external delay                     0.00       0.00 r
  RF1/n_synch_reg[0]/CK (DFFRQX2M)         0.00       0.00 r
  RF1/n_synch_reg[0]/Q (DFFRQX2M)          0.46       0.46 f
  RF1/n_synch_reg[1]/D (DFFRQX2M)          0.00       0.46 f
  data arrival time                                   0.46

  clock Ref_clk (rise edge)                0.00       0.00
  clock network delay (ideal)              0.00       0.00
  clock uncertainty                        0.10       0.10
  RF1/n_synch_reg[1]/CK (DFFRQX2M)         0.00       0.10 r
  library hold time                       -0.02       0.08
  data required time                                  0.08
  -----------------------------------------------------------
  data required time                                  0.08
  data arrival time                                  -0.46
  -----------------------------------------------------------
  slack (MET)                                         0.38


  Startpoint: FIFO_u/U3_RDptr_sync/s0_reg[2]
              (rising edge-triggered flip-flop clocked by Ref_clk)
  Endpoint: FIFO_u/U3_RDptr_sync/s1_reg[2]
            (rising edge-triggered flip-flop clocked by Ref_clk)
  Path Group: Ref_clk
  Path Type: min

  Point                                                   Incr       Path
  --------------------------------------------------------------------------
  clock Ref_clk (rise edge)                               0.00       0.00
  clock network delay (ideal)                             0.00       0.00
  FIFO_u/U3_RDptr_sync/s0_reg[2]/CK (DFFRQX2M)            0.00       0.00 r
  FIFO_u/U3_RDptr_sync/s0_reg[2]/Q (DFFRQX2M)             0.46       0.46 f
  FIFO_u/U3_RDptr_sync/s1_reg[2]/D (DFFRQX2M)             0.00       0.46 f
  data arrival time                                                  0.46

  clock Ref_clk (rise edge)                               0.00       0.00
  clock network delay (ideal)                             0.00       0.00
  clock uncertainty                                       0.10       0.10
  FIFO_u/U3_RDptr_sync/s1_reg[2]/CK (DFFRQX2M)            0.00       0.10 r
  library hold time                                      -0.02       0.08
  data required time                                                 0.08
  --------------------------------------------------------------------------
  data required time                                                 0.08
  data arrival time                                                 -0.46
  --------------------------------------------------------------------------
  slack (MET)                                                        0.38


  Startpoint: FIFO_u/U3_RDptr_sync/s0_reg[3]
              (rising edge-triggered flip-flop clocked by Ref_clk)
  Endpoint: FIFO_u/U3_RDptr_sync/s1_reg[3]
            (rising edge-triggered flip-flop clocked by Ref_clk)
  Path Group: Ref_clk
  Path Type: min

  Point                                                   Incr       Path
  --------------------------------------------------------------------------
  clock Ref_clk (rise edge)                               0.00       0.00
  clock network delay (ideal)                             0.00       0.00
  FIFO_u/U3_RDptr_sync/s0_reg[3]/CK (DFFRQX2M)            0.00       0.00 r
  FIFO_u/U3_RDptr_sync/s0_reg[3]/Q (DFFRQX2M)             0.46       0.46 f
  FIFO_u/U3_RDptr_sync/s1_reg[3]/D (DFFRQX2M)             0.00       0.46 f
  data arrival time                                                  0.46

  clock Ref_clk (rise edge)                               0.00       0.00
  clock network delay (ideal)                             0.00       0.00
  clock uncertainty                                       0.10       0.10
  FIFO_u/U3_RDptr_sync/s1_reg[3]/CK (DFFRQX2M)            0.00       0.10 r
  library hold time                                      -0.02       0.08
  data required time                                                 0.08
  --------------------------------------------------------------------------
  data required time                                                 0.08
  data arrival time                                                 -0.46
  --------------------------------------------------------------------------
  slack (MET)                                                        0.38


  Startpoint: FIFO_u/U3_RDptr_sync/s0_reg[1]
              (rising edge-triggered flip-flop clocked by Ref_clk)
  Endpoint: FIFO_u/U3_RDptr_sync/s1_reg[1]
            (rising edge-triggered flip-flop clocked by Ref_clk)
  Path Group: Ref_clk
  Path Type: min

  Point                                                   Incr       Path
  --------------------------------------------------------------------------
  clock Ref_clk (rise edge)                               0.00       0.00
  clock network delay (ideal)                             0.00       0.00
  FIFO_u/U3_RDptr_sync/s0_reg[1]/CK (DFFRQX2M)            0.00       0.00 r
  FIFO_u/U3_RDptr_sync/s0_reg[1]/Q (DFFRQX2M)             0.46       0.46 f
  FIFO_u/U3_RDptr_sync/s1_reg[1]/D (DFFRQX2M)             0.00       0.46 f
  data arrival time                                                  0.46

  clock Ref_clk (rise edge)                               0.00       0.00
  clock network delay (ideal)                             0.00       0.00
  clock uncertainty                                       0.10       0.10
  FIFO_u/U3_RDptr_sync/s1_reg[1]/CK (DFFRQX2M)            0.00       0.10 r
  library hold time                                      -0.02       0.08
  data required time                                                 0.08
  --------------------------------------------------------------------------
  data required time                                                 0.08
  data arrival time                                                 -0.46
  --------------------------------------------------------------------------
  slack (MET)                                                        0.38


  Startpoint: FIFO_u/U3_RDptr_sync/s0_reg[0]
              (rising edge-triggered flip-flop clocked by Ref_clk)
  Endpoint: FIFO_u/U3_RDptr_sync/s1_reg[0]
            (rising edge-triggered flip-flop clocked by Ref_clk)
  Path Group: Ref_clk
  Path Type: min

  Point                                                   Incr       Path
  --------------------------------------------------------------------------
  clock Ref_clk (rise edge)                               0.00       0.00
  clock network delay (ideal)                             0.00       0.00
  FIFO_u/U3_RDptr_sync/s0_reg[0]/CK (DFFRQX2M)            0.00       0.00 r
  FIFO_u/U3_RDptr_sync/s0_reg[0]/Q (DFFRQX2M)             0.46       0.46 f
  FIFO_u/U3_RDptr_sync/s1_reg[0]/D (DFFRQX2M)             0.00       0.46 f
  data arrival time                                                  0.46

  clock Ref_clk (rise edge)                               0.00       0.00
  clock network delay (ideal)                             0.00       0.00
  clock uncertainty                                       0.10       0.10
  FIFO_u/U3_RDptr_sync/s1_reg[0]/CK (DFFRQX2M)            0.00       0.10 r
  library hold time                                      -0.02       0.08
  data required time                                                 0.08
  --------------------------------------------------------------------------
  data required time                                                 0.08
  data arrival time                                                 -0.46
  --------------------------------------------------------------------------
  slack (MET)                                                        0.38


  Startpoint: Rx2SysCtrl/SYNC_reg[2]
              (rising edge-triggered flip-flop clocked by Ref_clk)
  Endpoint: Rx2SysCtrl/SYNC_reg[3]
            (rising edge-triggered flip-flop clocked by Ref_clk)
  Path Group: Ref_clk
  Path Type: min

  Point                                                   Incr       Path
  --------------------------------------------------------------------------
  clock Ref_clk (rise edge)                               0.00       0.00
  clock network delay (ideal)                             0.00       0.00
  Rx2SysCtrl/SYNC_reg[2]/CK (DFFRQX2M)                    0.00       0.00 r
  Rx2SysCtrl/SYNC_reg[2]/Q (DFFRQX2M)                     0.46       0.46 f
  Rx2SysCtrl/SYNC_reg[3]/D (DFFRQX2M)                     0.00       0.46 f
  data arrival time                                                  0.46

  clock Ref_clk (rise edge)                               0.00       0.00
  clock network delay (ideal)                             0.00       0.00
  clock uncertainty                                       0.10       0.10
  Rx2SysCtrl/SYNC_reg[3]/CK (DFFRQX2M)                    0.00       0.10 r
  library hold time                                      -0.02       0.08
  data required time                                                 0.08
  --------------------------------------------------------------------------
  data required time                                                 0.08
  data arrival time                                                 -0.46
  --------------------------------------------------------------------------
  slack (MET)                                                        0.38


  Startpoint: Rx2SysCtrl/SYNC_reg[0]
              (rising edge-triggered flip-flop clocked by Ref_clk)
  Endpoint: Rx2SysCtrl/SYNC_reg[1]
            (rising edge-triggered flip-flop clocked by Ref_clk)
  Path Group: Ref_clk
  Path Type: min

  Point                                                   Incr       Path
  --------------------------------------------------------------------------
  clock Ref_clk (rise edge)                               0.00       0.00
  clock network delay (ideal)                             0.00       0.00
  Rx2SysCtrl/SYNC_reg[0]/CK (DFFRQX2M)                    0.00       0.00 r
  Rx2SysCtrl/SYNC_reg[0]/Q (DFFRQX2M)                     0.46       0.46 f
  Rx2SysCtrl/SYNC_reg[1]/D (DFFRQX2M)                     0.00       0.46 f
  data arrival time                                                  0.46

  clock Ref_clk (rise edge)                               0.00       0.00
  clock network delay (ideal)                             0.00       0.00
  clock uncertainty                                       0.10       0.10
  Rx2SysCtrl/SYNC_reg[1]/CK (DFFRQX2M)                    0.00       0.10 r
  library hold time                                      -0.02       0.08
  data required time                                                 0.08
  --------------------------------------------------------------------------
  data required time                                                 0.08
  data arrival time                                                 -0.46
  --------------------------------------------------------------------------
  slack (MET)                                                        0.38


  Startpoint: Rx2SysCtrl/SYNC_reg[1]
              (rising edge-triggered flip-flop clocked by Ref_clk)
  Endpoint: Rx2SysCtrl/SYNC_reg[2]
            (rising edge-triggered flip-flop clocked by Ref_clk)
  Path Group: Ref_clk
  Path Type: min

  Point                                                   Incr       Path
  --------------------------------------------------------------------------
  clock Ref_clk (rise edge)                               0.00       0.00
  clock network delay (ideal)                             0.00       0.00
  Rx2SysCtrl/SYNC_reg[1]/CK (DFFRQX2M)                    0.00       0.00 r
  Rx2SysCtrl/SYNC_reg[1]/Q (DFFRQX2M)                     0.46       0.46 f
  Rx2SysCtrl/SYNC_reg[2]/D (DFFRQX2M)                     0.00       0.46 f
  data arrival time                                                  0.46

  clock Ref_clk (rise edge)                               0.00       0.00
  clock network delay (ideal)                             0.00       0.00
  clock uncertainty                                       0.10       0.10
  Rx2SysCtrl/SYNC_reg[2]/CK (DFFRQX2M)                    0.00       0.10 r
  library hold time                                      -0.02       0.08
  data required time                                                 0.08
  --------------------------------------------------------------------------
  data required time                                                 0.08
  data arrival time                                                 -0.46
  --------------------------------------------------------------------------
  slack (MET)                                                        0.38


  Startpoint: Rx2SysCtrl/SYNC_reg[3]
              (rising edge-triggered flip-flop clocked by Ref_clk)
  Endpoint: Rx2SysCtrl/pulse_out_reg
            (rising edge-triggered flip-flop clocked by Ref_clk)
  Path Group: Ref_clk
  Path Type: min

  Point                                                   Incr       Path
  --------------------------------------------------------------------------
  clock Ref_clk (rise edge)                               0.00       0.00
  clock network delay (ideal)                             0.00       0.00
  Rx2SysCtrl/SYNC_reg[3]/CK (DFFRQX2M)                    0.00       0.00 r
  Rx2SysCtrl/SYNC_reg[3]/Q (DFFRQX2M)                     0.48       0.48 f
  Rx2SysCtrl/pulse_out_reg/D (DFFRQX2M)                   0.00       0.48 f
  data arrival time                                                  0.48

  clock Ref_clk (rise edge)                               0.00       0.00
  clock network delay (ideal)                             0.00       0.00
  clock uncertainty                                       0.10       0.10
  Rx2SysCtrl/pulse_out_reg/CK (DFFRQX2M)                  0.00       0.10 r
  library hold time                                      -0.02       0.08
  data required time                                                 0.08
  --------------------------------------------------------------------------
  data required time                                                 0.08
  data arrival time                                                 -0.48
  --------------------------------------------------------------------------
  slack (MET)                                                        0.40


  Startpoint: FIFO_u/U4/WR_PTR_BIN_reg[3]
              (rising edge-triggered flip-flop clocked by Ref_clk)
  Endpoint: FIFO_u/U4/WR_PTR_BIN_reg[3]
            (rising edge-triggered flip-flop clocked by Ref_clk)
  Path Group: Ref_clk
  Path Type: min

  Point                                                   Incr       Path
  --------------------------------------------------------------------------
  clock Ref_clk (rise edge)                               0.00       0.00
  clock network delay (ideal)                             0.00       0.00
  FIFO_u/U4/WR_PTR_BIN_reg[3]/CK (DFFRQX2M)               0.00       0.00 r
  FIFO_u/U4/WR_PTR_BIN_reg[3]/Q (DFFRQX2M)                0.38       0.38 r
  FIFO_u/U4/U16/Y (XNOR2X2M)                              0.12       0.50 f
  FIFO_u/U4/WR_PTR_BIN_reg[3]/D (DFFRQX2M)                0.00       0.50 f
  data arrival time                                                  0.50

  clock Ref_clk (rise edge)                               0.00       0.00
  clock network delay (ideal)                             0.00       0.00
  clock uncertainty                                       0.10       0.10
  FIFO_u/U4/WR_PTR_BIN_reg[3]/CK (DFFRQX2M)               0.00       0.10 r
  library hold time                                      -0.03       0.07
  data required time                                                 0.07
  --------------------------------------------------------------------------
  data required time                                                 0.07
  data arrival time                                                 -0.50
  --------------------------------------------------------------------------
  slack (MET)                                                        0.43


  Startpoint: FIFO_u/U4/WR_PTR_BIN_reg[3]
              (rising edge-triggered flip-flop clocked by Ref_clk)
  Endpoint: FIFO_u/U4/WR_PTR_GRAY_reg[3]
            (rising edge-triggered flip-flop clocked by Ref_clk)
  Path Group: Ref_clk
  Path Type: min

  Point                                                   Incr       Path
  --------------------------------------------------------------------------
  clock Ref_clk (rise edge)                               0.00       0.00
  clock network delay (ideal)                             0.00       0.00
  FIFO_u/U4/WR_PTR_BIN_reg[3]/CK (DFFRQX2M)               0.00       0.00 r
  FIFO_u/U4/WR_PTR_BIN_reg[3]/Q (DFFRQX2M)                0.38       0.38 r
  FIFO_u/U4/U16/Y (XNOR2X2M)                              0.12       0.50 f
  FIFO_u/U4/WR_PTR_GRAY_reg[3]/D (DFFRQX2M)               0.00       0.50 f
  data arrival time                                                  0.50

  clock Ref_clk (rise edge)                               0.00       0.00
  clock network delay (ideal)                             0.00       0.00
  clock uncertainty                                       0.10       0.10
  FIFO_u/U4/WR_PTR_GRAY_reg[3]/CK (DFFRQX2M)              0.00       0.10 r
  library hold time                                      -0.03       0.07
  data required time                                                 0.07
  --------------------------------------------------------------------------
  data required time                                                 0.07
  data arrival time                                                 -0.50
  --------------------------------------------------------------------------
  slack (MET)                                                        0.43


  Startpoint: FIFO_u/U1/mem_reg[0][7]
              (rising edge-triggered flip-flop clocked by Ref_clk)
  Endpoint: FIFO_u/U1/mem_reg[0][7]
            (rising edge-triggered flip-flop clocked by Ref_clk)
  Path Group: Ref_clk
  Path Type: min

  Point                                                   Incr       Path
  --------------------------------------------------------------------------
  clock Ref_clk (rise edge)                               0.00       0.00
  clock network delay (ideal)                             0.00       0.00
  FIFO_u/U1/mem_reg[0][7]/CK (DFFQX2M)                    0.00       0.00 r
  FIFO_u/U1/mem_reg[0][7]/Q (DFFQX2M)                     0.32       0.32 r
  FIFO_u/U1/U43/Y (OAI2BB2X1M)                            0.14       0.47 r
  FIFO_u/U1/mem_reg[0][7]/D (DFFQX2M)                     0.00       0.47 r
  data arrival time                                                  0.47

  clock Ref_clk (rise edge)                               0.00       0.00
  clock network delay (ideal)                             0.00       0.00
  clock uncertainty                                       0.10       0.10
  FIFO_u/U1/mem_reg[0][7]/CK (DFFQX2M)                    0.00       0.10 r
  library hold time                                      -0.06       0.04
  data required time                                                 0.04
  --------------------------------------------------------------------------
  data required time                                                 0.04
  data arrival time                                                 -0.47
  --------------------------------------------------------------------------
  slack (MET)                                                        0.43


  Startpoint: FIFO_u/U1/mem_reg[0][6]
              (rising edge-triggered flip-flop clocked by Ref_clk)
  Endpoint: FIFO_u/U1/mem_reg[0][6]
            (rising edge-triggered flip-flop clocked by Ref_clk)
  Path Group: Ref_clk
  Path Type: min

  Point                                                   Incr       Path
  --------------------------------------------------------------------------
  clock Ref_clk (rise edge)                               0.00       0.00
  clock network delay (ideal)                             0.00       0.00
  FIFO_u/U1/mem_reg[0][6]/CK (DFFQX2M)                    0.00       0.00 r
  FIFO_u/U1/mem_reg[0][6]/Q (DFFQX2M)                     0.32       0.32 r
  FIFO_u/U1/U42/Y (OAI2BB2X1M)                            0.14       0.47 r
  FIFO_u/U1/mem_reg[0][6]/D (DFFQX2M)                     0.00       0.47 r
  data arrival time                                                  0.47

  clock Ref_clk (rise edge)                               0.00       0.00
  clock network delay (ideal)                             0.00       0.00
  clock uncertainty                                       0.10       0.10
  FIFO_u/U1/mem_reg[0][6]/CK (DFFQX2M)                    0.00       0.10 r
  library hold time                                      -0.06       0.04
  data required time                                                 0.04
  --------------------------------------------------------------------------
  data required time                                                 0.04
  data arrival time                                                 -0.47
  --------------------------------------------------------------------------
  slack (MET)                                                        0.43


  Startpoint: FIFO_u/U1/mem_reg[0][5]
              (rising edge-triggered flip-flop clocked by Ref_clk)
  Endpoint: FIFO_u/U1/mem_reg[0][5]
            (rising edge-triggered flip-flop clocked by Ref_clk)
  Path Group: Ref_clk
  Path Type: min

  Point                                                   Incr       Path
  --------------------------------------------------------------------------
  clock Ref_clk (rise edge)                               0.00       0.00
  clock network delay (ideal)                             0.00       0.00
  FIFO_u/U1/mem_reg[0][5]/CK (DFFQX2M)                    0.00       0.00 r
  FIFO_u/U1/mem_reg[0][5]/Q (DFFQX2M)                     0.32       0.32 r
  FIFO_u/U1/U41/Y (OAI2BB2X1M)                            0.14       0.47 r
  FIFO_u/U1/mem_reg[0][5]/D (DFFQX2M)                     0.00       0.47 r
  data arrival time                                                  0.47

  clock Ref_clk (rise edge)                               0.00       0.00
  clock network delay (ideal)                             0.00       0.00
  clock uncertainty                                       0.10       0.10
  FIFO_u/U1/mem_reg[0][5]/CK (DFFQX2M)                    0.00       0.10 r
  library hold time                                      -0.06       0.04
  data required time                                                 0.04
  --------------------------------------------------------------------------
  data required time                                                 0.04
  data arrival time                                                 -0.47
  --------------------------------------------------------------------------
  slack (MET)                                                        0.43


  Startpoint: FIFO_u/U1/mem_reg[0][4]
              (rising edge-triggered flip-flop clocked by Ref_clk)
  Endpoint: FIFO_u/U1/mem_reg[0][4]
            (rising edge-triggered flip-flop clocked by Ref_clk)
  Path Group: Ref_clk
  Path Type: min

  Point                                                   Incr       Path
  --------------------------------------------------------------------------
  clock Ref_clk (rise edge)                               0.00       0.00
  clock network delay (ideal)                             0.00       0.00
  FIFO_u/U1/mem_reg[0][4]/CK (DFFQX2M)                    0.00       0.00 r
  FIFO_u/U1/mem_reg[0][4]/Q (DFFQX2M)                     0.32       0.32 r
  FIFO_u/U1/U40/Y (OAI2BB2X1M)                            0.14       0.47 r
  FIFO_u/U1/mem_reg[0][4]/D (DFFQX2M)                     0.00       0.47 r
  data arrival time                                                  0.47

  clock Ref_clk (rise edge)                               0.00       0.00
  clock network delay (ideal)                             0.00       0.00
  clock uncertainty                                       0.10       0.10
  FIFO_u/U1/mem_reg[0][4]/CK (DFFQX2M)                    0.00       0.10 r
  library hold time                                      -0.06       0.04
  data required time                                                 0.04
  --------------------------------------------------------------------------
  data required time                                                 0.04
  data arrival time                                                 -0.47
  --------------------------------------------------------------------------
  slack (MET)                                                        0.43


  Startpoint: FIFO_u/U1/mem_reg[0][3]
              (rising edge-triggered flip-flop clocked by Ref_clk)
  Endpoint: FIFO_u/U1/mem_reg[0][3]
            (rising edge-triggered flip-flop clocked by Ref_clk)
  Path Group: Ref_clk
  Path Type: min

  Point                                                   Incr       Path
  --------------------------------------------------------------------------
  clock Ref_clk (rise edge)                               0.00       0.00
  clock network delay (ideal)                             0.00       0.00
  FIFO_u/U1/mem_reg[0][3]/CK (DFFQX2M)                    0.00       0.00 r
  FIFO_u/U1/mem_reg[0][3]/Q (DFFQX2M)                     0.32       0.32 r
  FIFO_u/U1/U39/Y (OAI2BB2X1M)                            0.14       0.47 r
  FIFO_u/U1/mem_reg[0][3]/D (DFFQX2M)                     0.00       0.47 r
  data arrival time                                                  0.47

  clock Ref_clk (rise edge)                               0.00       0.00
  clock network delay (ideal)                             0.00       0.00
  clock uncertainty                                       0.10       0.10
  FIFO_u/U1/mem_reg[0][3]/CK (DFFQX2M)                    0.00       0.10 r
  library hold time                                      -0.06       0.04
  data required time                                                 0.04
  --------------------------------------------------------------------------
  data required time                                                 0.04
  data arrival time                                                 -0.47
  --------------------------------------------------------------------------
  slack (MET)                                                        0.43


  Startpoint: FIFO_u/U1/mem_reg[0][2]
              (rising edge-triggered flip-flop clocked by Ref_clk)
  Endpoint: FIFO_u/U1/mem_reg[0][2]
            (rising edge-triggered flip-flop clocked by Ref_clk)
  Path Group: Ref_clk
  Path Type: min

  Point                                                   Incr       Path
  --------------------------------------------------------------------------
  clock Ref_clk (rise edge)                               0.00       0.00
  clock network delay (ideal)                             0.00       0.00
  FIFO_u/U1/mem_reg[0][2]/CK (DFFQX2M)                    0.00       0.00 r
  FIFO_u/U1/mem_reg[0][2]/Q (DFFQX2M)                     0.32       0.32 r
  FIFO_u/U1/U38/Y (OAI2BB2X1M)                            0.14       0.47 r
  FIFO_u/U1/mem_reg[0][2]/D (DFFQX2M)                     0.00       0.47 r
  data arrival time                                                  0.47

  clock Ref_clk (rise edge)                               0.00       0.00
  clock network delay (ideal)                             0.00       0.00
  clock uncertainty                                       0.10       0.10
  FIFO_u/U1/mem_reg[0][2]/CK (DFFQX2M)                    0.00       0.10 r
  library hold time                                      -0.06       0.04
  data required time                                                 0.04
  --------------------------------------------------------------------------
  data required time                                                 0.04
  data arrival time                                                 -0.47
  --------------------------------------------------------------------------
  slack (MET)                                                        0.43


  Startpoint: FIFO_u/U1/mem_reg[0][1]
              (rising edge-triggered flip-flop clocked by Ref_clk)
  Endpoint: FIFO_u/U1/mem_reg[0][1]
            (rising edge-triggered flip-flop clocked by Ref_clk)
  Path Group: Ref_clk
  Path Type: min

  Point                                                   Incr       Path
  --------------------------------------------------------------------------
  clock Ref_clk (rise edge)                               0.00       0.00
  clock network delay (ideal)                             0.00       0.00
  FIFO_u/U1/mem_reg[0][1]/CK (DFFQX2M)                    0.00       0.00 r
  FIFO_u/U1/mem_reg[0][1]/Q (DFFQX2M)                     0.32       0.32 r
  FIFO_u/U1/U37/Y (OAI2BB2X1M)                            0.14       0.47 r
  FIFO_u/U1/mem_reg[0][1]/D (DFFQX2M)                     0.00       0.47 r
  data arrival time                                                  0.47

  clock Ref_clk (rise edge)                               0.00       0.00
  clock network delay (ideal)                             0.00       0.00
  clock uncertainty                                       0.10       0.10
  FIFO_u/U1/mem_reg[0][1]/CK (DFFQX2M)                    0.00       0.10 r
  library hold time                                      -0.06       0.04
  data required time                                                 0.04
  --------------------------------------------------------------------------
  data required time                                                 0.04
  data arrival time                                                 -0.47
  --------------------------------------------------------------------------
  slack (MET)                                                        0.43


  Startpoint: FIFO_u/U1/mem_reg[0][0]
              (rising edge-triggered flip-flop clocked by Ref_clk)
  Endpoint: FIFO_u/U1/mem_reg[0][0]
            (rising edge-triggered flip-flop clocked by Ref_clk)
  Path Group: Ref_clk
  Path Type: min

  Point                                                   Incr       Path
  --------------------------------------------------------------------------
  clock Ref_clk (rise edge)                               0.00       0.00
  clock network delay (ideal)                             0.00       0.00
  FIFO_u/U1/mem_reg[0][0]/CK (DFFQX2M)                    0.00       0.00 r
  FIFO_u/U1/mem_reg[0][0]/Q (DFFQX2M)                     0.32       0.32 r
  FIFO_u/U1/U36/Y (OAI2BB2X1M)                            0.14       0.47 r
  FIFO_u/U1/mem_reg[0][0]/D (DFFQX2M)                     0.00       0.47 r
  data arrival time                                                  0.47

  clock Ref_clk (rise edge)                               0.00       0.00
  clock network delay (ideal)                             0.00       0.00
  clock uncertainty                                       0.10       0.10
  FIFO_u/U1/mem_reg[0][0]/CK (DFFQX2M)                    0.00       0.10 r
  library hold time                                      -0.06       0.04
  data required time                                                 0.04
  --------------------------------------------------------------------------
  data required time                                                 0.04
  data arrival time                                                 -0.47
  --------------------------------------------------------------------------
  slack (MET)                                                        0.43


  Startpoint: FIFO_u/U1/mem_reg[1][7]
              (rising edge-triggered flip-flop clocked by Ref_clk)
  Endpoint: FIFO_u/U1/mem_reg[1][7]
            (rising edge-triggered flip-flop clocked by Ref_clk)
  Path Group: Ref_clk
  Path Type: min

  Point                                                   Incr       Path
  --------------------------------------------------------------------------
  clock Ref_clk (rise edge)                               0.00       0.00
  clock network delay (ideal)                             0.00       0.00
  FIFO_u/U1/mem_reg[1][7]/CK (DFFQX2M)                    0.00       0.00 r
  FIFO_u/U1/mem_reg[1][7]/Q (DFFQX2M)                     0.32       0.32 r
  FIFO_u/U1/U75/Y (OAI2BB2X1M)                            0.14       0.47 r
  FIFO_u/U1/mem_reg[1][7]/D (DFFQX2M)                     0.00       0.47 r
  data arrival time                                                  0.47

  clock Ref_clk (rise edge)                               0.00       0.00
  clock network delay (ideal)                             0.00       0.00
  clock uncertainty                                       0.10       0.10
  FIFO_u/U1/mem_reg[1][7]/CK (DFFQX2M)                    0.00       0.10 r
  library hold time                                      -0.06       0.04
  data required time                                                 0.04
  --------------------------------------------------------------------------
  data required time                                                 0.04
  data arrival time                                                 -0.47
  --------------------------------------------------------------------------
  slack (MET)                                                        0.43


  Startpoint: FIFO_u/U1/mem_reg[1][6]
              (rising edge-triggered flip-flop clocked by Ref_clk)
  Endpoint: FIFO_u/U1/mem_reg[1][6]
            (rising edge-triggered flip-flop clocked by Ref_clk)
  Path Group: Ref_clk
  Path Type: min

  Point                                                   Incr       Path
  --------------------------------------------------------------------------
  clock Ref_clk (rise edge)                               0.00       0.00
  clock network delay (ideal)                             0.00       0.00
  FIFO_u/U1/mem_reg[1][6]/CK (DFFQX2M)                    0.00       0.00 r
  FIFO_u/U1/mem_reg[1][6]/Q (DFFQX2M)                     0.32       0.32 r
  FIFO_u/U1/U74/Y (OAI2BB2X1M)                            0.14       0.47 r
  FIFO_u/U1/mem_reg[1][6]/D (DFFQX2M)                     0.00       0.47 r
  data arrival time                                                  0.47

  clock Ref_clk (rise edge)                               0.00       0.00
  clock network delay (ideal)                             0.00       0.00
  clock uncertainty                                       0.10       0.10
  FIFO_u/U1/mem_reg[1][6]/CK (DFFQX2M)                    0.00       0.10 r
  library hold time                                      -0.06       0.04
  data required time                                                 0.04
  --------------------------------------------------------------------------
  data required time                                                 0.04
  data arrival time                                                 -0.47
  --------------------------------------------------------------------------
  slack (MET)                                                        0.43


  Startpoint: FIFO_u/U1/mem_reg[1][5]
              (rising edge-triggered flip-flop clocked by Ref_clk)
  Endpoint: FIFO_u/U1/mem_reg[1][5]
            (rising edge-triggered flip-flop clocked by Ref_clk)
  Path Group: Ref_clk
  Path Type: min

  Point                                                   Incr       Path
  --------------------------------------------------------------------------
  clock Ref_clk (rise edge)                               0.00       0.00
  clock network delay (ideal)                             0.00       0.00
  FIFO_u/U1/mem_reg[1][5]/CK (DFFQX2M)                    0.00       0.00 r
  FIFO_u/U1/mem_reg[1][5]/Q (DFFQX2M)                     0.32       0.32 r
  FIFO_u/U1/U73/Y (OAI2BB2X1M)                            0.14       0.47 r
  FIFO_u/U1/mem_reg[1][5]/D (DFFQX2M)                     0.00       0.47 r
  data arrival time                                                  0.47

  clock Ref_clk (rise edge)                               0.00       0.00
  clock network delay (ideal)                             0.00       0.00
  clock uncertainty                                       0.10       0.10
  FIFO_u/U1/mem_reg[1][5]/CK (DFFQX2M)                    0.00       0.10 r
  library hold time                                      -0.06       0.04
  data required time                                                 0.04
  --------------------------------------------------------------------------
  data required time                                                 0.04
  data arrival time                                                 -0.47
  --------------------------------------------------------------------------
  slack (MET)                                                        0.43


  Startpoint: FIFO_u/U1/mem_reg[1][4]
              (rising edge-triggered flip-flop clocked by Ref_clk)
  Endpoint: FIFO_u/U1/mem_reg[1][4]
            (rising edge-triggered flip-flop clocked by Ref_clk)
  Path Group: Ref_clk
  Path Type: min

  Point                                                   Incr       Path
  --------------------------------------------------------------------------
  clock Ref_clk (rise edge)                               0.00       0.00
  clock network delay (ideal)                             0.00       0.00
  FIFO_u/U1/mem_reg[1][4]/CK (DFFQX2M)                    0.00       0.00 r
  FIFO_u/U1/mem_reg[1][4]/Q (DFFQX2M)                     0.32       0.32 r
  FIFO_u/U1/U72/Y (OAI2BB2X1M)                            0.14       0.47 r
  FIFO_u/U1/mem_reg[1][4]/D (DFFQX2M)                     0.00       0.47 r
  data arrival time                                                  0.47

  clock Ref_clk (rise edge)                               0.00       0.00
  clock network delay (ideal)                             0.00       0.00
  clock uncertainty                                       0.10       0.10
  FIFO_u/U1/mem_reg[1][4]/CK (DFFQX2M)                    0.00       0.10 r
  library hold time                                      -0.06       0.04
  data required time                                                 0.04
  --------------------------------------------------------------------------
  data required time                                                 0.04
  data arrival time                                                 -0.47
  --------------------------------------------------------------------------
  slack (MET)                                                        0.43


  Startpoint: FIFO_u/U1/mem_reg[1][3]
              (rising edge-triggered flip-flop clocked by Ref_clk)
  Endpoint: FIFO_u/U1/mem_reg[1][3]
            (rising edge-triggered flip-flop clocked by Ref_clk)
  Path Group: Ref_clk
  Path Type: min

  Point                                                   Incr       Path
  --------------------------------------------------------------------------
  clock Ref_clk (rise edge)                               0.00       0.00
  clock network delay (ideal)                             0.00       0.00
  FIFO_u/U1/mem_reg[1][3]/CK (DFFQX2M)                    0.00       0.00 r
  FIFO_u/U1/mem_reg[1][3]/Q (DFFQX2M)                     0.32       0.32 r
  FIFO_u/U1/U71/Y (OAI2BB2X1M)                            0.14       0.47 r
  FIFO_u/U1/mem_reg[1][3]/D (DFFQX2M)                     0.00       0.47 r
  data arrival time                                                  0.47

  clock Ref_clk (rise edge)                               0.00       0.00
  clock network delay (ideal)                             0.00       0.00
  clock uncertainty                                       0.10       0.10
  FIFO_u/U1/mem_reg[1][3]/CK (DFFQX2M)                    0.00       0.10 r
  library hold time                                      -0.06       0.04
  data required time                                                 0.04
  --------------------------------------------------------------------------
  data required time                                                 0.04
  data arrival time                                                 -0.47
  --------------------------------------------------------------------------
  slack (MET)                                                        0.43


  Startpoint: FIFO_u/U1/mem_reg[1][2]
              (rising edge-triggered flip-flop clocked by Ref_clk)
  Endpoint: FIFO_u/U1/mem_reg[1][2]
            (rising edge-triggered flip-flop clocked by Ref_clk)
  Path Group: Ref_clk
  Path Type: min

  Point                                                   Incr       Path
  --------------------------------------------------------------------------
  clock Ref_clk (rise edge)                               0.00       0.00
  clock network delay (ideal)                             0.00       0.00
  FIFO_u/U1/mem_reg[1][2]/CK (DFFQX2M)                    0.00       0.00 r
  FIFO_u/U1/mem_reg[1][2]/Q (DFFQX2M)                     0.32       0.32 r
  FIFO_u/U1/U70/Y (OAI2BB2X1M)                            0.14       0.47 r
  FIFO_u/U1/mem_reg[1][2]/D (DFFQX2M)                     0.00       0.47 r
  data arrival time                                                  0.47

  clock Ref_clk (rise edge)                               0.00       0.00
  clock network delay (ideal)                             0.00       0.00
  clock uncertainty                                       0.10       0.10
  FIFO_u/U1/mem_reg[1][2]/CK (DFFQX2M)                    0.00       0.10 r
  library hold time                                      -0.06       0.04
  data required time                                                 0.04
  --------------------------------------------------------------------------
  data required time                                                 0.04
  data arrival time                                                 -0.47
  --------------------------------------------------------------------------
  slack (MET)                                                        0.43


  Startpoint: FIFO_u/U1/mem_reg[1][1]
              (rising edge-triggered flip-flop clocked by Ref_clk)
  Endpoint: FIFO_u/U1/mem_reg[1][1]
            (rising edge-triggered flip-flop clocked by Ref_clk)
  Path Group: Ref_clk
  Path Type: min

  Point                                                   Incr       Path
  --------------------------------------------------------------------------
  clock Ref_clk (rise edge)                               0.00       0.00
  clock network delay (ideal)                             0.00       0.00
  FIFO_u/U1/mem_reg[1][1]/CK (DFFQX2M)                    0.00       0.00 r
  FIFO_u/U1/mem_reg[1][1]/Q (DFFQX2M)                     0.32       0.32 r
  FIFO_u/U1/U69/Y (OAI2BB2X1M)                            0.14       0.47 r
  FIFO_u/U1/mem_reg[1][1]/D (DFFQX2M)                     0.00       0.47 r
  data arrival time                                                  0.47

  clock Ref_clk (rise edge)                               0.00       0.00
  clock network delay (ideal)                             0.00       0.00
  clock uncertainty                                       0.10       0.10
  FIFO_u/U1/mem_reg[1][1]/CK (DFFQX2M)                    0.00       0.10 r
  library hold time                                      -0.06       0.04
  data required time                                                 0.04
  --------------------------------------------------------------------------
  data required time                                                 0.04
  data arrival time                                                 -0.47
  --------------------------------------------------------------------------
  slack (MET)                                                        0.43


  Startpoint: FIFO_u/U1/mem_reg[1][0]
              (rising edge-triggered flip-flop clocked by Ref_clk)
  Endpoint: FIFO_u/U1/mem_reg[1][0]
            (rising edge-triggered flip-flop clocked by Ref_clk)
  Path Group: Ref_clk
  Path Type: min

  Point                                                   Incr       Path
  --------------------------------------------------------------------------
  clock Ref_clk (rise edge)                               0.00       0.00
  clock network delay (ideal)                             0.00       0.00
  FIFO_u/U1/mem_reg[1][0]/CK (DFFQX2M)                    0.00       0.00 r
  FIFO_u/U1/mem_reg[1][0]/Q (DFFQX2M)                     0.32       0.32 r
  FIFO_u/U1/U68/Y (OAI2BB2X1M)                            0.14       0.47 r
  FIFO_u/U1/mem_reg[1][0]/D (DFFQX2M)                     0.00       0.47 r
  data arrival time                                                  0.47

  clock Ref_clk (rise edge)                               0.00       0.00
  clock network delay (ideal)                             0.00       0.00
  clock uncertainty                                       0.10       0.10
  FIFO_u/U1/mem_reg[1][0]/CK (DFFQX2M)                    0.00       0.10 r
  library hold time                                      -0.06       0.04
  data required time                                                 0.04
  --------------------------------------------------------------------------
  data required time                                                 0.04
  data arrival time                                                 -0.47
  --------------------------------------------------------------------------
  slack (MET)                                                        0.43


  Startpoint: FIFO_u/U1/mem_reg[4][7]
              (rising edge-triggered flip-flop clocked by Ref_clk)
  Endpoint: FIFO_u/U1/mem_reg[4][7]
            (rising edge-triggered flip-flop clocked by Ref_clk)
  Path Group: Ref_clk
  Path Type: min

  Point                                                   Incr       Path
  --------------------------------------------------------------------------
  clock Ref_clk (rise edge)                               0.00       0.00
  clock network delay (ideal)                             0.00       0.00
  FIFO_u/U1/mem_reg[4][7]/CK (DFFQX2M)                    0.00       0.00 r
  FIFO_u/U1/mem_reg[4][7]/Q (DFFQX2M)                     0.32       0.32 r
  FIFO_u/U1/U51/Y (OAI2BB2X1M)                            0.14       0.47 r
  FIFO_u/U1/mem_reg[4][7]/D (DFFQX2M)                     0.00       0.47 r
  data arrival time                                                  0.47

  clock Ref_clk (rise edge)                               0.00       0.00
  clock network delay (ideal)                             0.00       0.00
  clock uncertainty                                       0.10       0.10
  FIFO_u/U1/mem_reg[4][7]/CK (DFFQX2M)                    0.00       0.10 r
  library hold time                                      -0.06       0.04
  data required time                                                 0.04
  --------------------------------------------------------------------------
  data required time                                                 0.04
  data arrival time                                                 -0.47
  --------------------------------------------------------------------------
  slack (MET)                                                        0.43


  Startpoint: FIFO_u/U1/mem_reg[4][6]
              (rising edge-triggered flip-flop clocked by Ref_clk)
  Endpoint: FIFO_u/U1/mem_reg[4][6]
            (rising edge-triggered flip-flop clocked by Ref_clk)
  Path Group: Ref_clk
  Path Type: min

  Point                                                   Incr       Path
  --------------------------------------------------------------------------
  clock Ref_clk (rise edge)                               0.00       0.00
  clock network delay (ideal)                             0.00       0.00
  FIFO_u/U1/mem_reg[4][6]/CK (DFFQX2M)                    0.00       0.00 r
  FIFO_u/U1/mem_reg[4][6]/Q (DFFQX2M)                     0.32       0.32 r
  FIFO_u/U1/U50/Y (OAI2BB2X1M)                            0.14       0.47 r
  FIFO_u/U1/mem_reg[4][6]/D (DFFQX2M)                     0.00       0.47 r
  data arrival time                                                  0.47

  clock Ref_clk (rise edge)                               0.00       0.00
  clock network delay (ideal)                             0.00       0.00
  clock uncertainty                                       0.10       0.10
  FIFO_u/U1/mem_reg[4][6]/CK (DFFQX2M)                    0.00       0.10 r
  library hold time                                      -0.06       0.04
  data required time                                                 0.04
  --------------------------------------------------------------------------
  data required time                                                 0.04
  data arrival time                                                 -0.47
  --------------------------------------------------------------------------
  slack (MET)                                                        0.43


  Startpoint: FIFO_u/U1/mem_reg[4][5]
              (rising edge-triggered flip-flop clocked by Ref_clk)
  Endpoint: FIFO_u/U1/mem_reg[4][5]
            (rising edge-triggered flip-flop clocked by Ref_clk)
  Path Group: Ref_clk
  Path Type: min

  Point                                                   Incr       Path
  --------------------------------------------------------------------------
  clock Ref_clk (rise edge)                               0.00       0.00
  clock network delay (ideal)                             0.00       0.00
  FIFO_u/U1/mem_reg[4][5]/CK (DFFQX2M)                    0.00       0.00 r
  FIFO_u/U1/mem_reg[4][5]/Q (DFFQX2M)                     0.32       0.32 r
  FIFO_u/U1/U49/Y (OAI2BB2X1M)                            0.14       0.47 r
  FIFO_u/U1/mem_reg[4][5]/D (DFFQX2M)                     0.00       0.47 r
  data arrival time                                                  0.47

  clock Ref_clk (rise edge)                               0.00       0.00
  clock network delay (ideal)                             0.00       0.00
  clock uncertainty                                       0.10       0.10
  FIFO_u/U1/mem_reg[4][5]/CK (DFFQX2M)                    0.00       0.10 r
  library hold time                                      -0.06       0.04
  data required time                                                 0.04
  --------------------------------------------------------------------------
  data required time                                                 0.04
  data arrival time                                                 -0.47
  --------------------------------------------------------------------------
  slack (MET)                                                        0.43


  Startpoint: FIFO_u/U1/mem_reg[4][4]
              (rising edge-triggered flip-flop clocked by Ref_clk)
  Endpoint: FIFO_u/U1/mem_reg[4][4]
            (rising edge-triggered flip-flop clocked by Ref_clk)
  Path Group: Ref_clk
  Path Type: min

  Point                                                   Incr       Path
  --------------------------------------------------------------------------
  clock Ref_clk (rise edge)                               0.00       0.00
  clock network delay (ideal)                             0.00       0.00
  FIFO_u/U1/mem_reg[4][4]/CK (DFFQX2M)                    0.00       0.00 r
  FIFO_u/U1/mem_reg[4][4]/Q (DFFQX2M)                     0.32       0.32 r
  FIFO_u/U1/U48/Y (OAI2BB2X1M)                            0.14       0.47 r
  FIFO_u/U1/mem_reg[4][4]/D (DFFQX2M)                     0.00       0.47 r
  data arrival time                                                  0.47

  clock Ref_clk (rise edge)                               0.00       0.00
  clock network delay (ideal)                             0.00       0.00
  clock uncertainty                                       0.10       0.10
  FIFO_u/U1/mem_reg[4][4]/CK (DFFQX2M)                    0.00       0.10 r
  library hold time                                      -0.06       0.04
  data required time                                                 0.04
  --------------------------------------------------------------------------
  data required time                                                 0.04
  data arrival time                                                 -0.47
  --------------------------------------------------------------------------
  slack (MET)                                                        0.43


  Startpoint: FIFO_u/U1/mem_reg[4][3]
              (rising edge-triggered flip-flop clocked by Ref_clk)
  Endpoint: FIFO_u/U1/mem_reg[4][3]
            (rising edge-triggered flip-flop clocked by Ref_clk)
  Path Group: Ref_clk
  Path Type: min

  Point                                                   Incr       Path
  --------------------------------------------------------------------------
  clock Ref_clk (rise edge)                               0.00       0.00
  clock network delay (ideal)                             0.00       0.00
  FIFO_u/U1/mem_reg[4][3]/CK (DFFQX2M)                    0.00       0.00 r
  FIFO_u/U1/mem_reg[4][3]/Q (DFFQX2M)                     0.32       0.32 r
  FIFO_u/U1/U47/Y (OAI2BB2X1M)                            0.14       0.47 r
  FIFO_u/U1/mem_reg[4][3]/D (DFFQX2M)                     0.00       0.47 r
  data arrival time                                                  0.47

  clock Ref_clk (rise edge)                               0.00       0.00
  clock network delay (ideal)                             0.00       0.00
  clock uncertainty                                       0.10       0.10
  FIFO_u/U1/mem_reg[4][3]/CK (DFFQX2M)                    0.00       0.10 r
  library hold time                                      -0.06       0.04
  data required time                                                 0.04
  --------------------------------------------------------------------------
  data required time                                                 0.04
  data arrival time                                                 -0.47
  --------------------------------------------------------------------------
  slack (MET)                                                        0.43


  Startpoint: FIFO_u/U1/mem_reg[4][2]
              (rising edge-triggered flip-flop clocked by Ref_clk)
  Endpoint: FIFO_u/U1/mem_reg[4][2]
            (rising edge-triggered flip-flop clocked by Ref_clk)
  Path Group: Ref_clk
  Path Type: min

  Point                                                   Incr       Path
  --------------------------------------------------------------------------
  clock Ref_clk (rise edge)                               0.00       0.00
  clock network delay (ideal)                             0.00       0.00
  FIFO_u/U1/mem_reg[4][2]/CK (DFFQX2M)                    0.00       0.00 r
  FIFO_u/U1/mem_reg[4][2]/Q (DFFQX2M)                     0.32       0.32 r
  FIFO_u/U1/U46/Y (OAI2BB2X1M)                            0.14       0.47 r
  FIFO_u/U1/mem_reg[4][2]/D (DFFQX2M)                     0.00       0.47 r
  data arrival time                                                  0.47

  clock Ref_clk (rise edge)                               0.00       0.00
  clock network delay (ideal)                             0.00       0.00
  clock uncertainty                                       0.10       0.10
  FIFO_u/U1/mem_reg[4][2]/CK (DFFQX2M)                    0.00       0.10 r
  library hold time                                      -0.06       0.04
  data required time                                                 0.04
  --------------------------------------------------------------------------
  data required time                                                 0.04
  data arrival time                                                 -0.47
  --------------------------------------------------------------------------
  slack (MET)                                                        0.43


  Startpoint: FIFO_u/U1/mem_reg[4][1]
              (rising edge-triggered flip-flop clocked by Ref_clk)
  Endpoint: FIFO_u/U1/mem_reg[4][1]
            (rising edge-triggered flip-flop clocked by Ref_clk)
  Path Group: Ref_clk
  Path Type: min

  Point                                                   Incr       Path
  --------------------------------------------------------------------------
  clock Ref_clk (rise edge)                               0.00       0.00
  clock network delay (ideal)                             0.00       0.00
  FIFO_u/U1/mem_reg[4][1]/CK (DFFQX2M)                    0.00       0.00 r
  FIFO_u/U1/mem_reg[4][1]/Q (DFFQX2M)                     0.32       0.32 r
  FIFO_u/U1/U45/Y (OAI2BB2X1M)                            0.14       0.47 r
  FIFO_u/U1/mem_reg[4][1]/D (DFFQX2M)                     0.00       0.47 r
  data arrival time                                                  0.47

  clock Ref_clk (rise edge)                               0.00       0.00
  clock network delay (ideal)                             0.00       0.00
  clock uncertainty                                       0.10       0.10
  FIFO_u/U1/mem_reg[4][1]/CK (DFFQX2M)                    0.00       0.10 r
  library hold time                                      -0.06       0.04
  data required time                                                 0.04
  --------------------------------------------------------------------------
  data required time                                                 0.04
  data arrival time                                                 -0.47
  --------------------------------------------------------------------------
  slack (MET)                                                        0.43


  Startpoint: FIFO_u/U1/mem_reg[4][0]
              (rising edge-triggered flip-flop clocked by Ref_clk)
  Endpoint: FIFO_u/U1/mem_reg[4][0]
            (rising edge-triggered flip-flop clocked by Ref_clk)
  Path Group: Ref_clk
  Path Type: min

  Point                                                   Incr       Path
  --------------------------------------------------------------------------
  clock Ref_clk (rise edge)                               0.00       0.00
  clock network delay (ideal)                             0.00       0.00
  FIFO_u/U1/mem_reg[4][0]/CK (DFFQX2M)                    0.00       0.00 r
  FIFO_u/U1/mem_reg[4][0]/Q (DFFQX2M)                     0.32       0.32 r
  FIFO_u/U1/U44/Y (OAI2BB2X1M)                            0.14       0.47 r
  FIFO_u/U1/mem_reg[4][0]/D (DFFQX2M)                     0.00       0.47 r
  data arrival time                                                  0.47

  clock Ref_clk (rise edge)                               0.00       0.00
  clock network delay (ideal)                             0.00       0.00
  clock uncertainty                                       0.10       0.10
  FIFO_u/U1/mem_reg[4][0]/CK (DFFQX2M)                    0.00       0.10 r
  library hold time                                      -0.06       0.04
  data required time                                                 0.04
  --------------------------------------------------------------------------
  data required time                                                 0.04
  data arrival time                                                 -0.47
  --------------------------------------------------------------------------
  slack (MET)                                                        0.43


  Startpoint: FIFO_u/U1/mem_reg[5][7]
              (rising edge-triggered flip-flop clocked by Ref_clk)
  Endpoint: FIFO_u/U1/mem_reg[5][7]
            (rising edge-triggered flip-flop clocked by Ref_clk)
  Path Group: Ref_clk
  Path Type: min

  Point                                                   Incr       Path
  --------------------------------------------------------------------------
  clock Ref_clk (rise edge)                               0.00       0.00
  clock network delay (ideal)                             0.00       0.00
  FIFO_u/U1/mem_reg[5][7]/CK (DFFQX2M)                    0.00       0.00 r
  FIFO_u/U1/mem_reg[5][7]/Q (DFFQX2M)                     0.32       0.32 r
  FIFO_u/U1/U19/Y (OAI2BB2X1M)                            0.14       0.47 r
  FIFO_u/U1/mem_reg[5][7]/D (DFFQX2M)                     0.00       0.47 r
  data arrival time                                                  0.47

  clock Ref_clk (rise edge)                               0.00       0.00
  clock network delay (ideal)                             0.00       0.00
  clock uncertainty                                       0.10       0.10
  FIFO_u/U1/mem_reg[5][7]/CK (DFFQX2M)                    0.00       0.10 r
  library hold time                                      -0.06       0.04
  data required time                                                 0.04
  --------------------------------------------------------------------------
  data required time                                                 0.04
  data arrival time                                                 -0.47
  --------------------------------------------------------------------------
  slack (MET)                                                        0.43


  Startpoint: FIFO_u/U1/mem_reg[5][6]
              (rising edge-triggered flip-flop clocked by Ref_clk)
  Endpoint: FIFO_u/U1/mem_reg[5][6]
            (rising edge-triggered flip-flop clocked by Ref_clk)
  Path Group: Ref_clk
  Path Type: min

  Point                                                   Incr       Path
  --------------------------------------------------------------------------
  clock Ref_clk (rise edge)                               0.00       0.00
  clock network delay (ideal)                             0.00       0.00
  FIFO_u/U1/mem_reg[5][6]/CK (DFFQX2M)                    0.00       0.00 r
  FIFO_u/U1/mem_reg[5][6]/Q (DFFQX2M)                     0.32       0.32 r
  FIFO_u/U1/U18/Y (OAI2BB2X1M)                            0.14       0.47 r
  FIFO_u/U1/mem_reg[5][6]/D (DFFQX2M)                     0.00       0.47 r
  data arrival time                                                  0.47

  clock Ref_clk (rise edge)                               0.00       0.00
  clock network delay (ideal)                             0.00       0.00
  clock uncertainty                                       0.10       0.10
  FIFO_u/U1/mem_reg[5][6]/CK (DFFQX2M)                    0.00       0.10 r
  library hold time                                      -0.06       0.04
  data required time                                                 0.04
  --------------------------------------------------------------------------
  data required time                                                 0.04
  data arrival time                                                 -0.47
  --------------------------------------------------------------------------
  slack (MET)                                                        0.43


  Startpoint: FIFO_u/U1/mem_reg[5][5]
              (rising edge-triggered flip-flop clocked by Ref_clk)
  Endpoint: FIFO_u/U1/mem_reg[5][5]
            (rising edge-triggered flip-flop clocked by Ref_clk)
  Path Group: Ref_clk
  Path Type: min

  Point                                                   Incr       Path
  --------------------------------------------------------------------------
  clock Ref_clk (rise edge)                               0.00       0.00
  clock network delay (ideal)                             0.00       0.00
  FIFO_u/U1/mem_reg[5][5]/CK (DFFQX2M)                    0.00       0.00 r
  FIFO_u/U1/mem_reg[5][5]/Q (DFFQX2M)                     0.32       0.32 r
  FIFO_u/U1/U17/Y (OAI2BB2X1M)                            0.14       0.47 r
  FIFO_u/U1/mem_reg[5][5]/D (DFFQX2M)                     0.00       0.47 r
  data arrival time                                                  0.47

  clock Ref_clk (rise edge)                               0.00       0.00
  clock network delay (ideal)                             0.00       0.00
  clock uncertainty                                       0.10       0.10
  FIFO_u/U1/mem_reg[5][5]/CK (DFFQX2M)                    0.00       0.10 r
  library hold time                                      -0.06       0.04
  data required time                                                 0.04
  --------------------------------------------------------------------------
  data required time                                                 0.04
  data arrival time                                                 -0.47
  --------------------------------------------------------------------------
  slack (MET)                                                        0.43


  Startpoint: FIFO_u/U1/mem_reg[5][4]
              (rising edge-triggered flip-flop clocked by Ref_clk)
  Endpoint: FIFO_u/U1/mem_reg[5][4]
            (rising edge-triggered flip-flop clocked by Ref_clk)
  Path Group: Ref_clk
  Path Type: min

  Point                                                   Incr       Path
  --------------------------------------------------------------------------
  clock Ref_clk (rise edge)                               0.00       0.00
  clock network delay (ideal)                             0.00       0.00
  FIFO_u/U1/mem_reg[5][4]/CK (DFFQX2M)                    0.00       0.00 r
  FIFO_u/U1/mem_reg[5][4]/Q (DFFQX2M)                     0.32       0.32 r
  FIFO_u/U1/U16/Y (OAI2BB2X1M)                            0.14       0.47 r
  FIFO_u/U1/mem_reg[5][4]/D (DFFQX2M)                     0.00       0.47 r
  data arrival time                                                  0.47

  clock Ref_clk (rise edge)                               0.00       0.00
  clock network delay (ideal)                             0.00       0.00
  clock uncertainty                                       0.10       0.10
  FIFO_u/U1/mem_reg[5][4]/CK (DFFQX2M)                    0.00       0.10 r
  library hold time                                      -0.06       0.04
  data required time                                                 0.04
  --------------------------------------------------------------------------
  data required time                                                 0.04
  data arrival time                                                 -0.47
  --------------------------------------------------------------------------
  slack (MET)                                                        0.43


  Startpoint: FIFO_u/U1/mem_reg[5][3]
              (rising edge-triggered flip-flop clocked by Ref_clk)
  Endpoint: FIFO_u/U1/mem_reg[5][3]
            (rising edge-triggered flip-flop clocked by Ref_clk)
  Path Group: Ref_clk
  Path Type: min

  Point                                                   Incr       Path
  --------------------------------------------------------------------------
  clock Ref_clk (rise edge)                               0.00       0.00
  clock network delay (ideal)                             0.00       0.00
  FIFO_u/U1/mem_reg[5][3]/CK (DFFQX2M)                    0.00       0.00 r
  FIFO_u/U1/mem_reg[5][3]/Q (DFFQX2M)                     0.32       0.32 r
  FIFO_u/U1/U15/Y (OAI2BB2X1M)                            0.14       0.47 r
  FIFO_u/U1/mem_reg[5][3]/D (DFFQX2M)                     0.00       0.47 r
  data arrival time                                                  0.47

  clock Ref_clk (rise edge)                               0.00       0.00
  clock network delay (ideal)                             0.00       0.00
  clock uncertainty                                       0.10       0.10
  FIFO_u/U1/mem_reg[5][3]/CK (DFFQX2M)                    0.00       0.10 r
  library hold time                                      -0.06       0.04
  data required time                                                 0.04
  --------------------------------------------------------------------------
  data required time                                                 0.04
  data arrival time                                                 -0.47
  --------------------------------------------------------------------------
  slack (MET)                                                        0.43


  Startpoint: FIFO_u/U1/mem_reg[5][2]
              (rising edge-triggered flip-flop clocked by Ref_clk)
  Endpoint: FIFO_u/U1/mem_reg[5][2]
            (rising edge-triggered flip-flop clocked by Ref_clk)
  Path Group: Ref_clk
  Path Type: min

  Point                                                   Incr       Path
  --------------------------------------------------------------------------
  clock Ref_clk (rise edge)                               0.00       0.00
  clock network delay (ideal)                             0.00       0.00
  FIFO_u/U1/mem_reg[5][2]/CK (DFFQX2M)                    0.00       0.00 r
  FIFO_u/U1/mem_reg[5][2]/Q (DFFQX2M)                     0.32       0.32 r
  FIFO_u/U1/U14/Y (OAI2BB2X1M)                            0.14       0.47 r
  FIFO_u/U1/mem_reg[5][2]/D (DFFQX2M)                     0.00       0.47 r
  data arrival time                                                  0.47

  clock Ref_clk (rise edge)                               0.00       0.00
  clock network delay (ideal)                             0.00       0.00
  clock uncertainty                                       0.10       0.10
  FIFO_u/U1/mem_reg[5][2]/CK (DFFQX2M)                    0.00       0.10 r
  library hold time                                      -0.06       0.04
  data required time                                                 0.04
  --------------------------------------------------------------------------
  data required time                                                 0.04
  data arrival time                                                 -0.47
  --------------------------------------------------------------------------
  slack (MET)                                                        0.43


  Startpoint: FIFO_u/U1/mem_reg[5][1]
              (rising edge-triggered flip-flop clocked by Ref_clk)
  Endpoint: FIFO_u/U1/mem_reg[5][1]
            (rising edge-triggered flip-flop clocked by Ref_clk)
  Path Group: Ref_clk
  Path Type: min

  Point                                                   Incr       Path
  --------------------------------------------------------------------------
  clock Ref_clk (rise edge)                               0.00       0.00
  clock network delay (ideal)                             0.00       0.00
  FIFO_u/U1/mem_reg[5][1]/CK (DFFQX2M)                    0.00       0.00 r
  FIFO_u/U1/mem_reg[5][1]/Q (DFFQX2M)                     0.32       0.32 r
  FIFO_u/U1/U13/Y (OAI2BB2X1M)                            0.14       0.47 r
  FIFO_u/U1/mem_reg[5][1]/D (DFFQX2M)                     0.00       0.47 r
  data arrival time                                                  0.47

  clock Ref_clk (rise edge)                               0.00       0.00
  clock network delay (ideal)                             0.00       0.00
  clock uncertainty                                       0.10       0.10
  FIFO_u/U1/mem_reg[5][1]/CK (DFFQX2M)                    0.00       0.10 r
  library hold time                                      -0.06       0.04
  data required time                                                 0.04
  --------------------------------------------------------------------------
  data required time                                                 0.04
  data arrival time                                                 -0.47
  --------------------------------------------------------------------------
  slack (MET)                                                        0.43


  Startpoint: FIFO_u/U1/mem_reg[5][0]
              (rising edge-triggered flip-flop clocked by Ref_clk)
  Endpoint: FIFO_u/U1/mem_reg[5][0]
            (rising edge-triggered flip-flop clocked by Ref_clk)
  Path Group: Ref_clk
  Path Type: min

  Point                                                   Incr       Path
  --------------------------------------------------------------------------
  clock Ref_clk (rise edge)                               0.00       0.00
  clock network delay (ideal)                             0.00       0.00
  FIFO_u/U1/mem_reg[5][0]/CK (DFFQX2M)                    0.00       0.00 r
  FIFO_u/U1/mem_reg[5][0]/Q (DFFQX2M)                     0.32       0.32 r
  FIFO_u/U1/U12/Y (OAI2BB2X1M)                            0.14       0.47 r
  FIFO_u/U1/mem_reg[5][0]/D (DFFQX2M)                     0.00       0.47 r
  data arrival time                                                  0.47

  clock Ref_clk (rise edge)                               0.00       0.00
  clock network delay (ideal)                             0.00       0.00
  clock uncertainty                                       0.10       0.10
  FIFO_u/U1/mem_reg[5][0]/CK (DFFQX2M)                    0.00       0.10 r
  library hold time                                      -0.06       0.04
  data required time                                                 0.04
  --------------------------------------------------------------------------
  data required time                                                 0.04
  data arrival time                                                 -0.47
  --------------------------------------------------------------------------
  slack (MET)                                                        0.43


  Startpoint: FIFO_u/U1/mem_reg[6][7]
              (rising edge-triggered flip-flop clocked by Ref_clk)
  Endpoint: FIFO_u/U1/mem_reg[6][7]
            (rising edge-triggered flip-flop clocked by Ref_clk)
  Path Group: Ref_clk
  Path Type: min

  Point                                                   Incr       Path
  --------------------------------------------------------------------------
  clock Ref_clk (rise edge)                               0.00       0.00
  clock network delay (ideal)                             0.00       0.00
  FIFO_u/U1/mem_reg[6][7]/CK (DFFQX2M)                    0.00       0.00 r
  FIFO_u/U1/mem_reg[6][7]/Q (DFFQX2M)                     0.32       0.32 r
  FIFO_u/U1/U35/Y (OAI2BB2X1M)                            0.14       0.47 r
  FIFO_u/U1/mem_reg[6][7]/D (DFFQX2M)                     0.00       0.47 r
  data arrival time                                                  0.47

  clock Ref_clk (rise edge)                               0.00       0.00
  clock network delay (ideal)                             0.00       0.00
  clock uncertainty                                       0.10       0.10
  FIFO_u/U1/mem_reg[6][7]/CK (DFFQX2M)                    0.00       0.10 r
  library hold time                                      -0.06       0.04
  data required time                                                 0.04
  --------------------------------------------------------------------------
  data required time                                                 0.04
  data arrival time                                                 -0.47
  --------------------------------------------------------------------------
  slack (MET)                                                        0.43


  Startpoint: FIFO_u/U1/mem_reg[6][6]
              (rising edge-triggered flip-flop clocked by Ref_clk)
  Endpoint: FIFO_u/U1/mem_reg[6][6]
            (rising edge-triggered flip-flop clocked by Ref_clk)
  Path Group: Ref_clk
  Path Type: min

  Point                                                   Incr       Path
  --------------------------------------------------------------------------
  clock Ref_clk (rise edge)                               0.00       0.00
  clock network delay (ideal)                             0.00       0.00
  FIFO_u/U1/mem_reg[6][6]/CK (DFFQX2M)                    0.00       0.00 r
  FIFO_u/U1/mem_reg[6][6]/Q (DFFQX2M)                     0.32       0.32 r
  FIFO_u/U1/U34/Y (OAI2BB2X1M)                            0.14       0.47 r
  FIFO_u/U1/mem_reg[6][6]/D (DFFQX2M)                     0.00       0.47 r
  data arrival time                                                  0.47

  clock Ref_clk (rise edge)                               0.00       0.00
  clock network delay (ideal)                             0.00       0.00
  clock uncertainty                                       0.10       0.10
  FIFO_u/U1/mem_reg[6][6]/CK (DFFQX2M)                    0.00       0.10 r
  library hold time                                      -0.06       0.04
  data required time                                                 0.04
  --------------------------------------------------------------------------
  data required time                                                 0.04
  data arrival time                                                 -0.47
  --------------------------------------------------------------------------
  slack (MET)                                                        0.43


  Startpoint: FIFO_u/U1/mem_reg[6][5]
              (rising edge-triggered flip-flop clocked by Ref_clk)
  Endpoint: FIFO_u/U1/mem_reg[6][5]
            (rising edge-triggered flip-flop clocked by Ref_clk)
  Path Group: Ref_clk
  Path Type: min

  Point                                                   Incr       Path
  --------------------------------------------------------------------------
  clock Ref_clk (rise edge)                               0.00       0.00
  clock network delay (ideal)                             0.00       0.00
  FIFO_u/U1/mem_reg[6][5]/CK (DFFQX2M)                    0.00       0.00 r
  FIFO_u/U1/mem_reg[6][5]/Q (DFFQX2M)                     0.32       0.32 r
  FIFO_u/U1/U33/Y (OAI2BB2X1M)                            0.14       0.47 r
  FIFO_u/U1/mem_reg[6][5]/D (DFFQX2M)                     0.00       0.47 r
  data arrival time                                                  0.47

  clock Ref_clk (rise edge)                               0.00       0.00
  clock network delay (ideal)                             0.00       0.00
  clock uncertainty                                       0.10       0.10
  FIFO_u/U1/mem_reg[6][5]/CK (DFFQX2M)                    0.00       0.10 r
  library hold time                                      -0.06       0.04
  data required time                                                 0.04
  --------------------------------------------------------------------------
  data required time                                                 0.04
  data arrival time                                                 -0.47
  --------------------------------------------------------------------------
  slack (MET)                                                        0.43


  Startpoint: FIFO_u/U1/mem_reg[6][4]
              (rising edge-triggered flip-flop clocked by Ref_clk)
  Endpoint: FIFO_u/U1/mem_reg[6][4]
            (rising edge-triggered flip-flop clocked by Ref_clk)
  Path Group: Ref_clk
  Path Type: min

  Point                                                   Incr       Path
  --------------------------------------------------------------------------
  clock Ref_clk (rise edge)                               0.00       0.00
  clock network delay (ideal)                             0.00       0.00
  FIFO_u/U1/mem_reg[6][4]/CK (DFFQX2M)                    0.00       0.00 r
  FIFO_u/U1/mem_reg[6][4]/Q (DFFQX2M)                     0.32       0.32 r
  FIFO_u/U1/U32/Y (OAI2BB2X1M)                            0.14       0.47 r
  FIFO_u/U1/mem_reg[6][4]/D (DFFQX2M)                     0.00       0.47 r
  data arrival time                                                  0.47

  clock Ref_clk (rise edge)                               0.00       0.00
  clock network delay (ideal)                             0.00       0.00
  clock uncertainty                                       0.10       0.10
  FIFO_u/U1/mem_reg[6][4]/CK (DFFQX2M)                    0.00       0.10 r
  library hold time                                      -0.06       0.04
  data required time                                                 0.04
  --------------------------------------------------------------------------
  data required time                                                 0.04
  data arrival time                                                 -0.47
  --------------------------------------------------------------------------
  slack (MET)                                                        0.43


  Startpoint: FIFO_u/U1/mem_reg[6][3]
              (rising edge-triggered flip-flop clocked by Ref_clk)
  Endpoint: FIFO_u/U1/mem_reg[6][3]
            (rising edge-triggered flip-flop clocked by Ref_clk)
  Path Group: Ref_clk
  Path Type: min

  Point                                                   Incr       Path
  --------------------------------------------------------------------------
  clock Ref_clk (rise edge)                               0.00       0.00
  clock network delay (ideal)                             0.00       0.00
  FIFO_u/U1/mem_reg[6][3]/CK (DFFQX2M)                    0.00       0.00 r
  FIFO_u/U1/mem_reg[6][3]/Q (DFFQX2M)                     0.32       0.32 r
  FIFO_u/U1/U31/Y (OAI2BB2X1M)                            0.14       0.47 r
  FIFO_u/U1/mem_reg[6][3]/D (DFFQX2M)                     0.00       0.47 r
  data arrival time                                                  0.47

  clock Ref_clk (rise edge)                               0.00       0.00
  clock network delay (ideal)                             0.00       0.00
  clock uncertainty                                       0.10       0.10
  FIFO_u/U1/mem_reg[6][3]/CK (DFFQX2M)                    0.00       0.10 r
  library hold time                                      -0.06       0.04
  data required time                                                 0.04
  --------------------------------------------------------------------------
  data required time                                                 0.04
  data arrival time                                                 -0.47
  --------------------------------------------------------------------------
  slack (MET)                                                        0.43


  Startpoint: FIFO_u/U1/mem_reg[6][2]
              (rising edge-triggered flip-flop clocked by Ref_clk)
  Endpoint: FIFO_u/U1/mem_reg[6][2]
            (rising edge-triggered flip-flop clocked by Ref_clk)
  Path Group: Ref_clk
  Path Type: min

  Point                                                   Incr       Path
  --------------------------------------------------------------------------
  clock Ref_clk (rise edge)                               0.00       0.00
  clock network delay (ideal)                             0.00       0.00
  FIFO_u/U1/mem_reg[6][2]/CK (DFFQX2M)                    0.00       0.00 r
  FIFO_u/U1/mem_reg[6][2]/Q (DFFQX2M)                     0.32       0.32 r
  FIFO_u/U1/U30/Y (OAI2BB2X1M)                            0.14       0.47 r
  FIFO_u/U1/mem_reg[6][2]/D (DFFQX2M)                     0.00       0.47 r
  data arrival time                                                  0.47

  clock Ref_clk (rise edge)                               0.00       0.00
  clock network delay (ideal)                             0.00       0.00
  clock uncertainty                                       0.10       0.10
  FIFO_u/U1/mem_reg[6][2]/CK (DFFQX2M)                    0.00       0.10 r
  library hold time                                      -0.06       0.04
  data required time                                                 0.04
  --------------------------------------------------------------------------
  data required time                                                 0.04
  data arrival time                                                 -0.47
  --------------------------------------------------------------------------
  slack (MET)                                                        0.43


  Startpoint: FIFO_u/U1/mem_reg[6][1]
              (rising edge-triggered flip-flop clocked by Ref_clk)
  Endpoint: FIFO_u/U1/mem_reg[6][1]
            (rising edge-triggered flip-flop clocked by Ref_clk)
  Path Group: Ref_clk
  Path Type: min

  Point                                                   Incr       Path
  --------------------------------------------------------------------------
  clock Ref_clk (rise edge)                               0.00       0.00
  clock network delay (ideal)                             0.00       0.00
  FIFO_u/U1/mem_reg[6][1]/CK (DFFQX2M)                    0.00       0.00 r
  FIFO_u/U1/mem_reg[6][1]/Q (DFFQX2M)                     0.32       0.32 r
  FIFO_u/U1/U29/Y (OAI2BB2X1M)                            0.14       0.47 r
  FIFO_u/U1/mem_reg[6][1]/D (DFFQX2M)                     0.00       0.47 r
  data arrival time                                                  0.47

  clock Ref_clk (rise edge)                               0.00       0.00
  clock network delay (ideal)                             0.00       0.00
  clock uncertainty                                       0.10       0.10
  FIFO_u/U1/mem_reg[6][1]/CK (DFFQX2M)                    0.00       0.10 r
  library hold time                                      -0.06       0.04
  data required time                                                 0.04
  --------------------------------------------------------------------------
  data required time                                                 0.04
  data arrival time                                                 -0.47
  --------------------------------------------------------------------------
  slack (MET)                                                        0.43


  Startpoint: FIFO_u/U1/mem_reg[6][0]
              (rising edge-triggered flip-flop clocked by Ref_clk)
  Endpoint: FIFO_u/U1/mem_reg[6][0]
            (rising edge-triggered flip-flop clocked by Ref_clk)
  Path Group: Ref_clk
  Path Type: min

  Point                                                   Incr       Path
  --------------------------------------------------------------------------
  clock Ref_clk (rise edge)                               0.00       0.00
  clock network delay (ideal)                             0.00       0.00
  FIFO_u/U1/mem_reg[6][0]/CK (DFFQX2M)                    0.00       0.00 r
  FIFO_u/U1/mem_reg[6][0]/Q (DFFQX2M)                     0.32       0.32 r
  FIFO_u/U1/U28/Y (OAI2BB2X1M)                            0.14       0.47 r
  FIFO_u/U1/mem_reg[6][0]/D (DFFQX2M)                     0.00       0.47 r
  data arrival time                                                  0.47

  clock Ref_clk (rise edge)                               0.00       0.00
  clock network delay (ideal)                             0.00       0.00
  clock uncertainty                                       0.10       0.10
  FIFO_u/U1/mem_reg[6][0]/CK (DFFQX2M)                    0.00       0.10 r
  library hold time                                      -0.06       0.04
  data required time                                                 0.04
  --------------------------------------------------------------------------
  data required time                                                 0.04
  data arrival time                                                 -0.47
  --------------------------------------------------------------------------
  slack (MET)                                                        0.43


  Startpoint: FIFO_u/U1/mem_reg[7][7]
              (rising edge-triggered flip-flop clocked by Ref_clk)
  Endpoint: FIFO_u/U1/mem_reg[7][7]
            (rising edge-triggered flip-flop clocked by Ref_clk)
  Path Group: Ref_clk
  Path Type: min

  Point                                                   Incr       Path
  --------------------------------------------------------------------------
  clock Ref_clk (rise edge)                               0.00       0.00
  clock network delay (ideal)                             0.00       0.00
  FIFO_u/U1/mem_reg[7][7]/CK (DFFQX2M)                    0.00       0.00 r
  FIFO_u/U1/mem_reg[7][7]/Q (DFFQX2M)                     0.32       0.32 r
  FIFO_u/U1/U83/Y (OAI2BB2X1M)                            0.14       0.47 r
  FIFO_u/U1/mem_reg[7][7]/D (DFFQX2M)                     0.00       0.47 r
  data arrival time                                                  0.47

  clock Ref_clk (rise edge)                               0.00       0.00
  clock network delay (ideal)                             0.00       0.00
  clock uncertainty                                       0.10       0.10
  FIFO_u/U1/mem_reg[7][7]/CK (DFFQX2M)                    0.00       0.10 r
  library hold time                                      -0.06       0.04
  data required time                                                 0.04
  --------------------------------------------------------------------------
  data required time                                                 0.04
  data arrival time                                                 -0.47
  --------------------------------------------------------------------------
  slack (MET)                                                        0.43


  Startpoint: FIFO_u/U1/mem_reg[7][6]
              (rising edge-triggered flip-flop clocked by Ref_clk)
  Endpoint: FIFO_u/U1/mem_reg[7][6]
            (rising edge-triggered flip-flop clocked by Ref_clk)
  Path Group: Ref_clk
  Path Type: min

  Point                                                   Incr       Path
  --------------------------------------------------------------------------
  clock Ref_clk (rise edge)                               0.00       0.00
  clock network delay (ideal)                             0.00       0.00
  FIFO_u/U1/mem_reg[7][6]/CK (DFFQX2M)                    0.00       0.00 r
  FIFO_u/U1/mem_reg[7][6]/Q (DFFQX2M)                     0.32       0.32 r
  FIFO_u/U1/U82/Y (OAI2BB2X1M)                            0.14       0.47 r
  FIFO_u/U1/mem_reg[7][6]/D (DFFQX2M)                     0.00       0.47 r
  data arrival time                                                  0.47

  clock Ref_clk (rise edge)                               0.00       0.00
  clock network delay (ideal)                             0.00       0.00
  clock uncertainty                                       0.10       0.10
  FIFO_u/U1/mem_reg[7][6]/CK (DFFQX2M)                    0.00       0.10 r
  library hold time                                      -0.06       0.04
  data required time                                                 0.04
  --------------------------------------------------------------------------
  data required time                                                 0.04
  data arrival time                                                 -0.47
  --------------------------------------------------------------------------
  slack (MET)                                                        0.43


  Startpoint: FIFO_u/U1/mem_reg[7][5]
              (rising edge-triggered flip-flop clocked by Ref_clk)
  Endpoint: FIFO_u/U1/mem_reg[7][5]
            (rising edge-triggered flip-flop clocked by Ref_clk)
  Path Group: Ref_clk
  Path Type: min

  Point                                                   Incr       Path
  --------------------------------------------------------------------------
  clock Ref_clk (rise edge)                               0.00       0.00
  clock network delay (ideal)                             0.00       0.00
  FIFO_u/U1/mem_reg[7][5]/CK (DFFQX2M)                    0.00       0.00 r
  FIFO_u/U1/mem_reg[7][5]/Q (DFFQX2M)                     0.32       0.32 r
  FIFO_u/U1/U81/Y (OAI2BB2X1M)                            0.14       0.47 r
  FIFO_u/U1/mem_reg[7][5]/D (DFFQX2M)                     0.00       0.47 r
  data arrival time                                                  0.47

  clock Ref_clk (rise edge)                               0.00       0.00
  clock network delay (ideal)                             0.00       0.00
  clock uncertainty                                       0.10       0.10
  FIFO_u/U1/mem_reg[7][5]/CK (DFFQX2M)                    0.00       0.10 r
  library hold time                                      -0.06       0.04
  data required time                                                 0.04
  --------------------------------------------------------------------------
  data required time                                                 0.04
  data arrival time                                                 -0.47
  --------------------------------------------------------------------------
  slack (MET)                                                        0.43


  Startpoint: FIFO_u/U1/mem_reg[7][4]
              (rising edge-triggered flip-flop clocked by Ref_clk)
  Endpoint: FIFO_u/U1/mem_reg[7][4]
            (rising edge-triggered flip-flop clocked by Ref_clk)
  Path Group: Ref_clk
  Path Type: min

  Point                                                   Incr       Path
  --------------------------------------------------------------------------
  clock Ref_clk (rise edge)                               0.00       0.00
  clock network delay (ideal)                             0.00       0.00
  FIFO_u/U1/mem_reg[7][4]/CK (DFFQX2M)                    0.00       0.00 r
  FIFO_u/U1/mem_reg[7][4]/Q (DFFQX2M)                     0.32       0.32 r
  FIFO_u/U1/U80/Y (OAI2BB2X1M)                            0.14       0.47 r
  FIFO_u/U1/mem_reg[7][4]/D (DFFQX2M)                     0.00       0.47 r
  data arrival time                                                  0.47

  clock Ref_clk (rise edge)                               0.00       0.00
  clock network delay (ideal)                             0.00       0.00
  clock uncertainty                                       0.10       0.10
  FIFO_u/U1/mem_reg[7][4]/CK (DFFQX2M)                    0.00       0.10 r
  library hold time                                      -0.06       0.04
  data required time                                                 0.04
  --------------------------------------------------------------------------
  data required time                                                 0.04
  data arrival time                                                 -0.47
  --------------------------------------------------------------------------
  slack (MET)                                                        0.43


  Startpoint: FIFO_u/U1/mem_reg[7][3]
              (rising edge-triggered flip-flop clocked by Ref_clk)
  Endpoint: FIFO_u/U1/mem_reg[7][3]
            (rising edge-triggered flip-flop clocked by Ref_clk)
  Path Group: Ref_clk
  Path Type: min

  Point                                                   Incr       Path
  --------------------------------------------------------------------------
  clock Ref_clk (rise edge)                               0.00       0.00
  clock network delay (ideal)                             0.00       0.00
  FIFO_u/U1/mem_reg[7][3]/CK (DFFQX2M)                    0.00       0.00 r
  FIFO_u/U1/mem_reg[7][3]/Q (DFFQX2M)                     0.32       0.32 r
  FIFO_u/U1/U79/Y (OAI2BB2X1M)                            0.14       0.47 r
  FIFO_u/U1/mem_reg[7][3]/D (DFFQX2M)                     0.00       0.47 r
  data arrival time                                                  0.47

  clock Ref_clk (rise edge)                               0.00       0.00
  clock network delay (ideal)                             0.00       0.00
  clock uncertainty                                       0.10       0.10
  FIFO_u/U1/mem_reg[7][3]/CK (DFFQX2M)                    0.00       0.10 r
  library hold time                                      -0.06       0.04
  data required time                                                 0.04
  --------------------------------------------------------------------------
  data required time                                                 0.04
  data arrival time                                                 -0.47
  --------------------------------------------------------------------------
  slack (MET)                                                        0.43


  Startpoint: FIFO_u/U1/mem_reg[7][2]
              (rising edge-triggered flip-flop clocked by Ref_clk)
  Endpoint: FIFO_u/U1/mem_reg[7][2]
            (rising edge-triggered flip-flop clocked by Ref_clk)
  Path Group: Ref_clk
  Path Type: min

  Point                                                   Incr       Path
  --------------------------------------------------------------------------
  clock Ref_clk (rise edge)                               0.00       0.00
  clock network delay (ideal)                             0.00       0.00
  FIFO_u/U1/mem_reg[7][2]/CK (DFFQX2M)                    0.00       0.00 r
  FIFO_u/U1/mem_reg[7][2]/Q (DFFQX2M)                     0.32       0.32 r
  FIFO_u/U1/U78/Y (OAI2BB2X1M)                            0.14       0.47 r
  FIFO_u/U1/mem_reg[7][2]/D (DFFQX2M)                     0.00       0.47 r
  data arrival time                                                  0.47

  clock Ref_clk (rise edge)                               0.00       0.00
  clock network delay (ideal)                             0.00       0.00
  clock uncertainty                                       0.10       0.10
  FIFO_u/U1/mem_reg[7][2]/CK (DFFQX2M)                    0.00       0.10 r
  library hold time                                      -0.06       0.04
  data required time                                                 0.04
  --------------------------------------------------------------------------
  data required time                                                 0.04
  data arrival time                                                 -0.47
  --------------------------------------------------------------------------
  slack (MET)                                                        0.43


  Startpoint: FIFO_u/U1/mem_reg[7][1]
              (rising edge-triggered flip-flop clocked by Ref_clk)
  Endpoint: FIFO_u/U1/mem_reg[7][1]
            (rising edge-triggered flip-flop clocked by Ref_clk)
  Path Group: Ref_clk
  Path Type: min

  Point                                                   Incr       Path
  --------------------------------------------------------------------------
  clock Ref_clk (rise edge)                               0.00       0.00
  clock network delay (ideal)                             0.00       0.00
  FIFO_u/U1/mem_reg[7][1]/CK (DFFQX2M)                    0.00       0.00 r
  FIFO_u/U1/mem_reg[7][1]/Q (DFFQX2M)                     0.32       0.32 r
  FIFO_u/U1/U77/Y (OAI2BB2X1M)                            0.14       0.47 r
  FIFO_u/U1/mem_reg[7][1]/D (DFFQX2M)                     0.00       0.47 r
  data arrival time                                                  0.47

  clock Ref_clk (rise edge)                               0.00       0.00
  clock network delay (ideal)                             0.00       0.00
  clock uncertainty                                       0.10       0.10
  FIFO_u/U1/mem_reg[7][1]/CK (DFFQX2M)                    0.00       0.10 r
  library hold time                                      -0.06       0.04
  data required time                                                 0.04
  --------------------------------------------------------------------------
  data required time                                                 0.04
  data arrival time                                                 -0.47
  --------------------------------------------------------------------------
  slack (MET)                                                        0.43


  Startpoint: FIFO_u/U1/mem_reg[7][0]
              (rising edge-triggered flip-flop clocked by Ref_clk)
  Endpoint: FIFO_u/U1/mem_reg[7][0]
            (rising edge-triggered flip-flop clocked by Ref_clk)
  Path Group: Ref_clk
  Path Type: min

  Point                                                   Incr       Path
  --------------------------------------------------------------------------
  clock Ref_clk (rise edge)                               0.00       0.00
  clock network delay (ideal)                             0.00       0.00
  FIFO_u/U1/mem_reg[7][0]/CK (DFFQX2M)                    0.00       0.00 r
  FIFO_u/U1/mem_reg[7][0]/Q (DFFQX2M)                     0.32       0.32 r
  FIFO_u/U1/U76/Y (OAI2BB2X1M)                            0.14       0.47 r
  FIFO_u/U1/mem_reg[7][0]/D (DFFQX2M)                     0.00       0.47 r
  data arrival time                                                  0.47

  clock Ref_clk (rise edge)                               0.00       0.00
  clock network delay (ideal)                             0.00       0.00
  clock uncertainty                                       0.10       0.10
  FIFO_u/U1/mem_reg[7][0]/CK (DFFQX2M)                    0.00       0.10 r
  library hold time                                      -0.06       0.04
  data required time                                                 0.04
  --------------------------------------------------------------------------
  data required time                                                 0.04
  data arrival time                                                 -0.47
  --------------------------------------------------------------------------
  slack (MET)                                                        0.43


  Startpoint: FIFO_u/U1/mem_reg[2][7]
              (rising edge-triggered flip-flop clocked by Ref_clk)
  Endpoint: FIFO_u/U1/mem_reg[2][7]
            (rising edge-triggered flip-flop clocked by Ref_clk)
  Path Group: Ref_clk
  Path Type: min

  Point                                                   Incr       Path
  --------------------------------------------------------------------------
  clock Ref_clk (rise edge)                               0.00       0.00
  clock network delay (ideal)                             0.00       0.00
  FIFO_u/U1/mem_reg[2][7]/CK (DFFQX2M)                    0.00       0.00 r
  FIFO_u/U1/mem_reg[2][7]/Q (DFFQX2M)                     0.32       0.32 r
  FIFO_u/U1/U27/Y (OAI2BB2X1M)                            0.14       0.47 r
  FIFO_u/U1/mem_reg[2][7]/D (DFFQX2M)                     0.00       0.47 r
  data arrival time                                                  0.47

  clock Ref_clk (rise edge)                               0.00       0.00
  clock network delay (ideal)                             0.00       0.00
  clock uncertainty                                       0.10       0.10
  FIFO_u/U1/mem_reg[2][7]/CK (DFFQX2M)                    0.00       0.10 r
  library hold time                                      -0.06       0.04
  data required time                                                 0.04
  --------------------------------------------------------------------------
  data required time                                                 0.04
  data arrival time                                                 -0.47
  --------------------------------------------------------------------------
  slack (MET)                                                        0.43


  Startpoint: FIFO_u/U1/mem_reg[2][6]
              (rising edge-triggered flip-flop clocked by Ref_clk)
  Endpoint: FIFO_u/U1/mem_reg[2][6]
            (rising edge-triggered flip-flop clocked by Ref_clk)
  Path Group: Ref_clk
  Path Type: min

  Point                                                   Incr       Path
  --------------------------------------------------------------------------
  clock Ref_clk (rise edge)                               0.00       0.00
  clock network delay (ideal)                             0.00       0.00
  FIFO_u/U1/mem_reg[2][6]/CK (DFFQX2M)                    0.00       0.00 r
  FIFO_u/U1/mem_reg[2][6]/Q (DFFQX2M)                     0.32       0.32 r
  FIFO_u/U1/U26/Y (OAI2BB2X1M)                            0.14       0.47 r
  FIFO_u/U1/mem_reg[2][6]/D (DFFQX2M)                     0.00       0.47 r
  data arrival time                                                  0.47

  clock Ref_clk (rise edge)                               0.00       0.00
  clock network delay (ideal)                             0.00       0.00
  clock uncertainty                                       0.10       0.10
  FIFO_u/U1/mem_reg[2][6]/CK (DFFQX2M)                    0.00       0.10 r
  library hold time                                      -0.06       0.04
  data required time                                                 0.04
  --------------------------------------------------------------------------
  data required time                                                 0.04
  data arrival time                                                 -0.47
  --------------------------------------------------------------------------
  slack (MET)                                                        0.43


  Startpoint: FIFO_u/U1/mem_reg[2][5]
              (rising edge-triggered flip-flop clocked by Ref_clk)
  Endpoint: FIFO_u/U1/mem_reg[2][5]
            (rising edge-triggered flip-flop clocked by Ref_clk)
  Path Group: Ref_clk
  Path Type: min

  Point                                                   Incr       Path
  --------------------------------------------------------------------------
  clock Ref_clk (rise edge)                               0.00       0.00
  clock network delay (ideal)                             0.00       0.00
  FIFO_u/U1/mem_reg[2][5]/CK (DFFQX2M)                    0.00       0.00 r
  FIFO_u/U1/mem_reg[2][5]/Q (DFFQX2M)                     0.32       0.32 r
  FIFO_u/U1/U25/Y (OAI2BB2X1M)                            0.14       0.47 r
  FIFO_u/U1/mem_reg[2][5]/D (DFFQX2M)                     0.00       0.47 r
  data arrival time                                                  0.47

  clock Ref_clk (rise edge)                               0.00       0.00
  clock network delay (ideal)                             0.00       0.00
  clock uncertainty                                       0.10       0.10
  FIFO_u/U1/mem_reg[2][5]/CK (DFFQX2M)                    0.00       0.10 r
  library hold time                                      -0.06       0.04
  data required time                                                 0.04
  --------------------------------------------------------------------------
  data required time                                                 0.04
  data arrival time                                                 -0.47
  --------------------------------------------------------------------------
  slack (MET)                                                        0.43


  Startpoint: FIFO_u/U1/mem_reg[2][4]
              (rising edge-triggered flip-flop clocked by Ref_clk)
  Endpoint: FIFO_u/U1/mem_reg[2][4]
            (rising edge-triggered flip-flop clocked by Ref_clk)
  Path Group: Ref_clk
  Path Type: min

  Point                                                   Incr       Path
  --------------------------------------------------------------------------
  clock Ref_clk (rise edge)                               0.00       0.00
  clock network delay (ideal)                             0.00       0.00
  FIFO_u/U1/mem_reg[2][4]/CK (DFFQX2M)                    0.00       0.00 r
  FIFO_u/U1/mem_reg[2][4]/Q (DFFQX2M)                     0.32       0.32 r
  FIFO_u/U1/U24/Y (OAI2BB2X1M)                            0.14       0.47 r
  FIFO_u/U1/mem_reg[2][4]/D (DFFQX2M)                     0.00       0.47 r
  data arrival time                                                  0.47

  clock Ref_clk (rise edge)                               0.00       0.00
  clock network delay (ideal)                             0.00       0.00
  clock uncertainty                                       0.10       0.10
  FIFO_u/U1/mem_reg[2][4]/CK (DFFQX2M)                    0.00       0.10 r
  library hold time                                      -0.06       0.04
  data required time                                                 0.04
  --------------------------------------------------------------------------
  data required time                                                 0.04
  data arrival time                                                 -0.47
  --------------------------------------------------------------------------
  slack (MET)                                                        0.43


  Startpoint: FIFO_u/U1/mem_reg[2][3]
              (rising edge-triggered flip-flop clocked by Ref_clk)
  Endpoint: FIFO_u/U1/mem_reg[2][3]
            (rising edge-triggered flip-flop clocked by Ref_clk)
  Path Group: Ref_clk
  Path Type: min

  Point                                                   Incr       Path
  --------------------------------------------------------------------------
  clock Ref_clk (rise edge)                               0.00       0.00
  clock network delay (ideal)                             0.00       0.00
  FIFO_u/U1/mem_reg[2][3]/CK (DFFQX2M)                    0.00       0.00 r
  FIFO_u/U1/mem_reg[2][3]/Q (DFFQX2M)                     0.32       0.32 r
  FIFO_u/U1/U23/Y (OAI2BB2X1M)                            0.14       0.47 r
  FIFO_u/U1/mem_reg[2][3]/D (DFFQX2M)                     0.00       0.47 r
  data arrival time                                                  0.47

  clock Ref_clk (rise edge)                               0.00       0.00
  clock network delay (ideal)                             0.00       0.00
  clock uncertainty                                       0.10       0.10
  FIFO_u/U1/mem_reg[2][3]/CK (DFFQX2M)                    0.00       0.10 r
  library hold time                                      -0.06       0.04
  data required time                                                 0.04
  --------------------------------------------------------------------------
  data required time                                                 0.04
  data arrival time                                                 -0.47
  --------------------------------------------------------------------------
  slack (MET)                                                        0.43


  Startpoint: FIFO_u/U1/mem_reg[2][2]
              (rising edge-triggered flip-flop clocked by Ref_clk)
  Endpoint: FIFO_u/U1/mem_reg[2][2]
            (rising edge-triggered flip-flop clocked by Ref_clk)
  Path Group: Ref_clk
  Path Type: min

  Point                                                   Incr       Path
  --------------------------------------------------------------------------
  clock Ref_clk (rise edge)                               0.00       0.00
  clock network delay (ideal)                             0.00       0.00
  FIFO_u/U1/mem_reg[2][2]/CK (DFFQX2M)                    0.00       0.00 r
  FIFO_u/U1/mem_reg[2][2]/Q (DFFQX2M)                     0.32       0.32 r
  FIFO_u/U1/U22/Y (OAI2BB2X1M)                            0.14       0.47 r
  FIFO_u/U1/mem_reg[2][2]/D (DFFQX2M)                     0.00       0.47 r
  data arrival time                                                  0.47

  clock Ref_clk (rise edge)                               0.00       0.00
  clock network delay (ideal)                             0.00       0.00
  clock uncertainty                                       0.10       0.10
  FIFO_u/U1/mem_reg[2][2]/CK (DFFQX2M)                    0.00       0.10 r
  library hold time                                      -0.06       0.04
  data required time                                                 0.04
  --------------------------------------------------------------------------
  data required time                                                 0.04
  data arrival time                                                 -0.47
  --------------------------------------------------------------------------
  slack (MET)                                                        0.43


  Startpoint: FIFO_u/U1/mem_reg[2][1]
              (rising edge-triggered flip-flop clocked by Ref_clk)
  Endpoint: FIFO_u/U1/mem_reg[2][1]
            (rising edge-triggered flip-flop clocked by Ref_clk)
  Path Group: Ref_clk
  Path Type: min

  Point                                                   Incr       Path
  --------------------------------------------------------------------------
  clock Ref_clk (rise edge)                               0.00       0.00
  clock network delay (ideal)                             0.00       0.00
  FIFO_u/U1/mem_reg[2][1]/CK (DFFQX2M)                    0.00       0.00 r
  FIFO_u/U1/mem_reg[2][1]/Q (DFFQX2M)                     0.32       0.32 r
  FIFO_u/U1/U21/Y (OAI2BB2X1M)                            0.14       0.47 r
  FIFO_u/U1/mem_reg[2][1]/D (DFFQX2M)                     0.00       0.47 r
  data arrival time                                                  0.47

  clock Ref_clk (rise edge)                               0.00       0.00
  clock network delay (ideal)                             0.00       0.00
  clock uncertainty                                       0.10       0.10
  FIFO_u/U1/mem_reg[2][1]/CK (DFFQX2M)                    0.00       0.10 r
  library hold time                                      -0.06       0.04
  data required time                                                 0.04
  --------------------------------------------------------------------------
  data required time                                                 0.04
  data arrival time                                                 -0.47
  --------------------------------------------------------------------------
  slack (MET)                                                        0.43


  Startpoint: FIFO_u/U1/mem_reg[2][0]
              (rising edge-triggered flip-flop clocked by Ref_clk)
  Endpoint: FIFO_u/U1/mem_reg[2][0]
            (rising edge-triggered flip-flop clocked by Ref_clk)
  Path Group: Ref_clk
  Path Type: min

  Point                                                   Incr       Path
  --------------------------------------------------------------------------
  clock Ref_clk (rise edge)                               0.00       0.00
  clock network delay (ideal)                             0.00       0.00
  FIFO_u/U1/mem_reg[2][0]/CK (DFFQX2M)                    0.00       0.00 r
  FIFO_u/U1/mem_reg[2][0]/Q (DFFQX2M)                     0.32       0.32 r
  FIFO_u/U1/U20/Y (OAI2BB2X1M)                            0.14       0.47 r
  FIFO_u/U1/mem_reg[2][0]/D (DFFQX2M)                     0.00       0.47 r
  data arrival time                                                  0.47

  clock Ref_clk (rise edge)                               0.00       0.00
  clock network delay (ideal)                             0.00       0.00
  clock uncertainty                                       0.10       0.10
  FIFO_u/U1/mem_reg[2][0]/CK (DFFQX2M)                    0.00       0.10 r
  library hold time                                      -0.06       0.04
  data required time                                                 0.04
  --------------------------------------------------------------------------
  data required time                                                 0.04
  data arrival time                                                 -0.47
  --------------------------------------------------------------------------
  slack (MET)                                                        0.43


  Startpoint: FIFO_u/U1/mem_reg[3][7]
              (rising edge-triggered flip-flop clocked by Ref_clk)
  Endpoint: FIFO_u/U1/mem_reg[3][7]
            (rising edge-triggered flip-flop clocked by Ref_clk)
  Path Group: Ref_clk
  Path Type: min

  Point                                                   Incr       Path
  --------------------------------------------------------------------------
  clock Ref_clk (rise edge)                               0.00       0.00
  clock network delay (ideal)                             0.00       0.00
  FIFO_u/U1/mem_reg[3][7]/CK (DFFQX2M)                    0.00       0.00 r
  FIFO_u/U1/mem_reg[3][7]/Q (DFFQX2M)                     0.32       0.32 r
  FIFO_u/U1/U67/Y (OAI2BB2X1M)                            0.14       0.47 r
  FIFO_u/U1/mem_reg[3][7]/D (DFFQX2M)                     0.00       0.47 r
  data arrival time                                                  0.47

  clock Ref_clk (rise edge)                               0.00       0.00
  clock network delay (ideal)                             0.00       0.00
  clock uncertainty                                       0.10       0.10
  FIFO_u/U1/mem_reg[3][7]/CK (DFFQX2M)                    0.00       0.10 r
  library hold time                                      -0.06       0.04
  data required time                                                 0.04
  --------------------------------------------------------------------------
  data required time                                                 0.04
  data arrival time                                                 -0.47
  --------------------------------------------------------------------------
  slack (MET)                                                        0.43


  Startpoint: FIFO_u/U1/mem_reg[3][6]
              (rising edge-triggered flip-flop clocked by Ref_clk)
  Endpoint: FIFO_u/U1/mem_reg[3][6]
            (rising edge-triggered flip-flop clocked by Ref_clk)
  Path Group: Ref_clk
  Path Type: min

  Point                                                   Incr       Path
  --------------------------------------------------------------------------
  clock Ref_clk (rise edge)                               0.00       0.00
  clock network delay (ideal)                             0.00       0.00
  FIFO_u/U1/mem_reg[3][6]/CK (DFFQX2M)                    0.00       0.00 r
  FIFO_u/U1/mem_reg[3][6]/Q (DFFQX2M)                     0.32       0.32 r
  FIFO_u/U1/U66/Y (OAI2BB2X1M)                            0.14       0.47 r
  FIFO_u/U1/mem_reg[3][6]/D (DFFQX2M)                     0.00       0.47 r
  data arrival time                                                  0.47

  clock Ref_clk (rise edge)                               0.00       0.00
  clock network delay (ideal)                             0.00       0.00
  clock uncertainty                                       0.10       0.10
  FIFO_u/U1/mem_reg[3][6]/CK (DFFQX2M)                    0.00       0.10 r
  library hold time                                      -0.06       0.04
  data required time                                                 0.04
  --------------------------------------------------------------------------
  data required time                                                 0.04
  data arrival time                                                 -0.47
  --------------------------------------------------------------------------
  slack (MET)                                                        0.43


  Startpoint: FIFO_u/U1/mem_reg[3][5]
              (rising edge-triggered flip-flop clocked by Ref_clk)
  Endpoint: FIFO_u/U1/mem_reg[3][5]
            (rising edge-triggered flip-flop clocked by Ref_clk)
  Path Group: Ref_clk
  Path Type: min

  Point                                                   Incr       Path
  --------------------------------------------------------------------------
  clock Ref_clk (rise edge)                               0.00       0.00
  clock network delay (ideal)                             0.00       0.00
  FIFO_u/U1/mem_reg[3][5]/CK (DFFQX2M)                    0.00       0.00 r
  FIFO_u/U1/mem_reg[3][5]/Q (DFFQX2M)                     0.32       0.32 r
  FIFO_u/U1/U65/Y (OAI2BB2X1M)                            0.14       0.47 r
  FIFO_u/U1/mem_reg[3][5]/D (DFFQX2M)                     0.00       0.47 r
  data arrival time                                                  0.47

  clock Ref_clk (rise edge)                               0.00       0.00
  clock network delay (ideal)                             0.00       0.00
  clock uncertainty                                       0.10       0.10
  FIFO_u/U1/mem_reg[3][5]/CK (DFFQX2M)                    0.00       0.10 r
  library hold time                                      -0.06       0.04
  data required time                                                 0.04
  --------------------------------------------------------------------------
  data required time                                                 0.04
  data arrival time                                                 -0.47
  --------------------------------------------------------------------------
  slack (MET)                                                        0.43


  Startpoint: FIFO_u/U1/mem_reg[3][4]
              (rising edge-triggered flip-flop clocked by Ref_clk)
  Endpoint: FIFO_u/U1/mem_reg[3][4]
            (rising edge-triggered flip-flop clocked by Ref_clk)
  Path Group: Ref_clk
  Path Type: min

  Point                                                   Incr       Path
  --------------------------------------------------------------------------
  clock Ref_clk (rise edge)                               0.00       0.00
  clock network delay (ideal)                             0.00       0.00
  FIFO_u/U1/mem_reg[3][4]/CK (DFFQX2M)                    0.00       0.00 r
  FIFO_u/U1/mem_reg[3][4]/Q (DFFQX2M)                     0.32       0.32 r
  FIFO_u/U1/U64/Y (OAI2BB2X1M)                            0.14       0.47 r
  FIFO_u/U1/mem_reg[3][4]/D (DFFQX2M)                     0.00       0.47 r
  data arrival time                                                  0.47

  clock Ref_clk (rise edge)                               0.00       0.00
  clock network delay (ideal)                             0.00       0.00
  clock uncertainty                                       0.10       0.10
  FIFO_u/U1/mem_reg[3][4]/CK (DFFQX2M)                    0.00       0.10 r
  library hold time                                      -0.06       0.04
  data required time                                                 0.04
  --------------------------------------------------------------------------
  data required time                                                 0.04
  data arrival time                                                 -0.47
  --------------------------------------------------------------------------
  slack (MET)                                                        0.43


  Startpoint: FIFO_u/U1/mem_reg[3][3]
              (rising edge-triggered flip-flop clocked by Ref_clk)
  Endpoint: FIFO_u/U1/mem_reg[3][3]
            (rising edge-triggered flip-flop clocked by Ref_clk)
  Path Group: Ref_clk
  Path Type: min

  Point                                                   Incr       Path
  --------------------------------------------------------------------------
  clock Ref_clk (rise edge)                               0.00       0.00
  clock network delay (ideal)                             0.00       0.00
  FIFO_u/U1/mem_reg[3][3]/CK (DFFQX2M)                    0.00       0.00 r
  FIFO_u/U1/mem_reg[3][3]/Q (DFFQX2M)                     0.32       0.32 r
  FIFO_u/U1/U63/Y (OAI2BB2X1M)                            0.14       0.47 r
  FIFO_u/U1/mem_reg[3][3]/D (DFFQX2M)                     0.00       0.47 r
  data arrival time                                                  0.47

  clock Ref_clk (rise edge)                               0.00       0.00
  clock network delay (ideal)                             0.00       0.00
  clock uncertainty                                       0.10       0.10
  FIFO_u/U1/mem_reg[3][3]/CK (DFFQX2M)                    0.00       0.10 r
  library hold time                                      -0.06       0.04
  data required time                                                 0.04
  --------------------------------------------------------------------------
  data required time                                                 0.04
  data arrival time                                                 -0.47
  --------------------------------------------------------------------------
  slack (MET)                                                        0.43


  Startpoint: FIFO_u/U1/mem_reg[3][2]
              (rising edge-triggered flip-flop clocked by Ref_clk)
  Endpoint: FIFO_u/U1/mem_reg[3][2]
            (rising edge-triggered flip-flop clocked by Ref_clk)
  Path Group: Ref_clk
  Path Type: min

  Point                                                   Incr       Path
  --------------------------------------------------------------------------
  clock Ref_clk (rise edge)                               0.00       0.00
  clock network delay (ideal)                             0.00       0.00
  FIFO_u/U1/mem_reg[3][2]/CK (DFFQX2M)                    0.00       0.00 r
  FIFO_u/U1/mem_reg[3][2]/Q (DFFQX2M)                     0.32       0.32 r
  FIFO_u/U1/U62/Y (OAI2BB2X1M)                            0.14       0.47 r
  FIFO_u/U1/mem_reg[3][2]/D (DFFQX2M)                     0.00       0.47 r
  data arrival time                                                  0.47

  clock Ref_clk (rise edge)                               0.00       0.00
  clock network delay (ideal)                             0.00       0.00
  clock uncertainty                                       0.10       0.10
  FIFO_u/U1/mem_reg[3][2]/CK (DFFQX2M)                    0.00       0.10 r
  library hold time                                      -0.06       0.04
  data required time                                                 0.04
  --------------------------------------------------------------------------
  data required time                                                 0.04
  data arrival time                                                 -0.47
  --------------------------------------------------------------------------
  slack (MET)                                                        0.43


  Startpoint: FIFO_u/U1/mem_reg[3][1]
              (rising edge-triggered flip-flop clocked by Ref_clk)
  Endpoint: FIFO_u/U1/mem_reg[3][1]
            (rising edge-triggered flip-flop clocked by Ref_clk)
  Path Group: Ref_clk
  Path Type: min

  Point                                                   Incr       Path
  --------------------------------------------------------------------------
  clock Ref_clk (rise edge)                               0.00       0.00
  clock network delay (ideal)                             0.00       0.00
  FIFO_u/U1/mem_reg[3][1]/CK (DFFQX2M)                    0.00       0.00 r
  FIFO_u/U1/mem_reg[3][1]/Q (DFFQX2M)                     0.32       0.32 r
  FIFO_u/U1/U61/Y (OAI2BB2X1M)                            0.14       0.47 r
  FIFO_u/U1/mem_reg[3][1]/D (DFFQX2M)                     0.00       0.47 r
  data arrival time                                                  0.47

  clock Ref_clk (rise edge)                               0.00       0.00
  clock network delay (ideal)                             0.00       0.00
  clock uncertainty                                       0.10       0.10
  FIFO_u/U1/mem_reg[3][1]/CK (DFFQX2M)                    0.00       0.10 r
  library hold time                                      -0.06       0.04
  data required time                                                 0.04
  --------------------------------------------------------------------------
  data required time                                                 0.04
  data arrival time                                                 -0.47
  --------------------------------------------------------------------------
  slack (MET)                                                        0.43


  Startpoint: FIFO_u/U1/mem_reg[3][0]
              (rising edge-triggered flip-flop clocked by Ref_clk)
  Endpoint: FIFO_u/U1/mem_reg[3][0]
            (rising edge-triggered flip-flop clocked by Ref_clk)
  Path Group: Ref_clk
  Path Type: min

  Point                                                   Incr       Path
  --------------------------------------------------------------------------
  clock Ref_clk (rise edge)                               0.00       0.00
  clock network delay (ideal)                             0.00       0.00
  FIFO_u/U1/mem_reg[3][0]/CK (DFFQX2M)                    0.00       0.00 r
  FIFO_u/U1/mem_reg[3][0]/Q (DFFQX2M)                     0.32       0.32 r
  FIFO_u/U1/U60/Y (OAI2BB2X1M)                            0.14       0.47 r
  FIFO_u/U1/mem_reg[3][0]/D (DFFQX2M)                     0.00       0.47 r
  data arrival time                                                  0.47

  clock Ref_clk (rise edge)                               0.00       0.00
  clock network delay (ideal)                             0.00       0.00
  clock uncertainty                                       0.10       0.10
  FIFO_u/U1/mem_reg[3][0]/CK (DFFQX2M)                    0.00       0.10 r
  library hold time                                      -0.06       0.04
  data required time                                                 0.04
  --------------------------------------------------------------------------
  data required time                                                 0.04
  data arrival time                                                 -0.47
  --------------------------------------------------------------------------
  slack (MET)                                                        0.43


  Startpoint: Regfile_u/reg_file_reg[1][6]
              (rising edge-triggered flip-flop clocked by Ref_clk)
  Endpoint: Regfile_u/reg_file_reg[1][6]
            (rising edge-triggered flip-flop clocked by Ref_clk)
  Path Group: Ref_clk
  Path Type: min

  Point                                                   Incr       Path
  --------------------------------------------------------------------------
  clock Ref_clk (rise edge)                               0.00       0.00
  clock network delay (ideal)                             0.00       0.00
  Regfile_u/reg_file_reg[1][6]/CK (DFFRHQX4M)             0.00       0.00 r
  Regfile_u/reg_file_reg[1][6]/Q (DFFRHQX4M)              0.33       0.33 r
  Regfile_u/U209/Y (MX2XLM)                               0.23       0.56 r
  Regfile_u/reg_file_reg[1][6]/D (DFFRHQX4M)              0.00       0.56 r
  data arrival time                                                  0.56

  clock Ref_clk (rise edge)                               0.00       0.00
  clock network delay (ideal)                             0.00       0.00
  clock uncertainty                                       0.10       0.10
  Regfile_u/reg_file_reg[1][6]/CK (DFFRHQX4M)             0.00       0.10 r
  library hold time                                      -0.03       0.07
  data required time                                                 0.07
  --------------------------------------------------------------------------
  data required time                                                 0.07
  data arrival time                                                 -0.56
  --------------------------------------------------------------------------
  slack (MET)                                                        0.49


  Startpoint: Regfile_u/reg_file_reg[1][7]
              (rising edge-triggered flip-flop clocked by Ref_clk)
  Endpoint: Regfile_u/reg_file_reg[1][7]
            (rising edge-triggered flip-flop clocked by Ref_clk)
  Path Group: Ref_clk
  Path Type: min

  Point                                                   Incr       Path
  --------------------------------------------------------------------------
  clock Ref_clk (rise edge)                               0.00       0.00
  clock network delay (ideal)                             0.00       0.00
  Regfile_u/reg_file_reg[1][7]/CK (DFFRHQX4M)             0.00       0.00 r
  Regfile_u/reg_file_reg[1][7]/Q (DFFRHQX4M)              0.34       0.34 r
  Regfile_u/U317/Y (MX2XLM)                               0.23       0.57 r
  Regfile_u/reg_file_reg[1][7]/D (DFFRHQX4M)              0.00       0.57 r
  data arrival time                                                  0.57

  clock Ref_clk (rise edge)                               0.00       0.00
  clock network delay (ideal)                             0.00       0.00
  clock uncertainty                                       0.10       0.10
  Regfile_u/reg_file_reg[1][7]/CK (DFFRHQX4M)             0.00       0.10 r
  library hold time                                      -0.03       0.07
  data required time                                                 0.07
  --------------------------------------------------------------------------
  data required time                                                 0.07
  data arrival time                                                 -0.57
  --------------------------------------------------------------------------
  slack (MET)                                                        0.50


  Startpoint: sys_ctrl_u/reg3_cfg_reg
              (rising edge-triggered flip-flop clocked by Ref_clk)
  Endpoint: sys_ctrl_u/reg3_cfg_reg
            (rising edge-triggered flip-flop clocked by Ref_clk)
  Path Group: Ref_clk
  Path Type: min

  Point                                                   Incr       Path
  --------------------------------------------------------------------------
  clock Ref_clk (rise edge)                               0.00       0.00
  clock network delay (ideal)                             0.00       0.00
  sys_ctrl_u/reg3_cfg_reg/CK (DFFRQX2M)                   0.00       0.00 r
  sys_ctrl_u/reg3_cfg_reg/Q (DFFRQX2M)                    0.47       0.47 f
  sys_ctrl_u/U125/Y (INVX2M)                              0.08       0.55 r
  sys_ctrl_u/U50/Y (OAI21X2M)                             0.04       0.59 f
  sys_ctrl_u/reg3_cfg_reg/D (DFFRQX2M)                    0.00       0.59 f
  data arrival time                                                  0.59

  clock Ref_clk (rise edge)                               0.00       0.00
  clock network delay (ideal)                             0.00       0.00
  clock uncertainty                                       0.10       0.10
  sys_ctrl_u/reg3_cfg_reg/CK (DFFRQX2M)                   0.00       0.10 r
  library hold time                                      -0.01       0.09
  data required time                                                 0.09
  --------------------------------------------------------------------------
  data required time                                                 0.09
  data arrival time                                                 -0.59
  --------------------------------------------------------------------------
  slack (MET)                                                        0.50


  Startpoint: FIFO_u/U3_RDptr_sync/s1_reg[1]
              (rising edge-triggered flip-flop clocked by Ref_clk)
  Endpoint: FIFO_u/U4/full_reg
            (rising edge-triggered flip-flop clocked by Ref_clk)
  Path Group: Ref_clk
  Path Type: min

  Point                                                   Incr       Path
  --------------------------------------------------------------------------
  clock Ref_clk (rise edge)                               0.00       0.00
  clock network delay (ideal)                             0.00       0.00
  FIFO_u/U3_RDptr_sync/s1_reg[1]/CK (DFFRQX2M)            0.00       0.00 r
  FIFO_u/U3_RDptr_sync/s1_reg[1]/Q (DFFRQX2M)             0.38       0.38 r
  FIFO_u/U3_RDptr_sync/synch_o_ptr[1] (DF_SYNC_WIDTH4_1)
                                                          0.00       0.38 r
  FIFO_u/U4/RD_PTR_GRAY_SYNCH[1] (FIFO_WR_DEPTH8_ADDR_SIZE3_PTR_SIZE4)
                                                          0.00       0.38 r
  FIFO_u/U4/U15/Y (CLKXOR2X2M)                            0.15       0.53 r
  FIFO_u/U4/U9/Y (NOR4X1M)                                0.06       0.60 f
  FIFO_u/U4/full_reg/D (DFFRQX2M)                         0.00       0.60 f
  data arrival time                                                  0.60

  clock Ref_clk (rise edge)                               0.00       0.00
  clock network delay (ideal)                             0.00       0.00
  clock uncertainty                                       0.10       0.10
  FIFO_u/U4/full_reg/CK (DFFRQX2M)                        0.00       0.10 r
  library hold time                                      -0.02       0.08
  data required time                                                 0.08
  --------------------------------------------------------------------------
  data required time                                                 0.08
  data arrival time                                                 -0.60
  --------------------------------------------------------------------------
  slack (MET)                                                        0.51


  Startpoint: Regfile_u/reg_file_reg[1][0]
              (rising edge-triggered flip-flop clocked by Ref_clk)
  Endpoint: Regfile_u/reg_file_reg[1][0]
            (rising edge-triggered flip-flop clocked by Ref_clk)
  Path Group: Ref_clk
  Path Type: min

  Point                                                   Incr       Path
  --------------------------------------------------------------------------
  clock Ref_clk (rise edge)                               0.00       0.00
  clock network delay (ideal)                             0.00       0.00
  Regfile_u/reg_file_reg[1][0]/CK (DFFRHQX4M)             0.00       0.00 r
  Regfile_u/reg_file_reg[1][0]/Q (DFFRHQX4M)              0.36       0.36 r
  Regfile_u/U318/Y (MX2XLM)                               0.23       0.59 r
  Regfile_u/reg_file_reg[1][0]/D (DFFRHQX4M)              0.00       0.59 r
  data arrival time                                                  0.59

  clock Ref_clk (rise edge)                               0.00       0.00
  clock network delay (ideal)                             0.00       0.00
  clock uncertainty                                       0.10       0.10
  Regfile_u/reg_file_reg[1][0]/CK (DFFRHQX4M)             0.00       0.10 r
  library hold time                                      -0.03       0.07
  data required time                                                 0.07
  --------------------------------------------------------------------------
  data required time                                                 0.07
  data arrival time                                                 -0.59
  --------------------------------------------------------------------------
  slack (MET)                                                        0.53


  Startpoint: sys_ctrl_u/cfg_locked_reg
              (rising edge-triggered flip-flop clocked by Ref_clk)
  Endpoint: sys_ctrl_u/cfg_locked_reg
            (rising edge-triggered flip-flop clocked by Ref_clk)
  Path Group: Ref_clk
  Path Type: min

  Point                                                   Incr       Path
  --------------------------------------------------------------------------
  clock Ref_clk (rise edge)                               0.00       0.00
  clock network delay (ideal)                             0.00       0.00
  sys_ctrl_u/cfg_locked_reg/CK (DFFRQX2M)                 0.00       0.00 r
  sys_ctrl_u/cfg_locked_reg/Q (DFFRQX2M)                  0.49       0.49 f
  sys_ctrl_u/U99/Y (AOI31X2M)                             0.08       0.57 r
  sys_ctrl_u/U98/Y (OAI21X2M)                             0.05       0.62 f
  sys_ctrl_u/cfg_locked_reg/D (DFFRQX2M)                  0.00       0.62 f
  data arrival time                                                  0.62

  clock Ref_clk (rise edge)                               0.00       0.00
  clock network delay (ideal)                             0.00       0.00
  clock uncertainty                                       0.10       0.10
  sys_ctrl_u/cfg_locked_reg/CK (DFFRQX2M)                 0.00       0.10 r
  library hold time                                      -0.01       0.09
  data required time                                                 0.09
  --------------------------------------------------------------------------
  data required time                                                 0.09
  data arrival time                                                 -0.62
  --------------------------------------------------------------------------
  slack (MET)                                                        0.53


  Startpoint: Regfile_u/reg_file_reg[0][7]
              (rising edge-triggered flip-flop clocked by Ref_clk)
  Endpoint: Regfile_u/reg_file_reg[0][7]
            (rising edge-triggered flip-flop clocked by Ref_clk)
  Path Group: Ref_clk
  Path Type: min

  Point                                                   Incr       Path
  --------------------------------------------------------------------------
  clock Ref_clk (rise edge)                               0.00       0.00
  clock network delay (ideal)                             0.00       0.00
  Regfile_u/reg_file_reg[0][7]/CK (DFFRHQX8M)             0.00       0.00 r
  Regfile_u/reg_file_reg[0][7]/Q (DFFRHQX8M)              0.37       0.37 r
  Regfile_u/U319/Y (MX2XLM)                               0.23       0.60 r
  Regfile_u/reg_file_reg[0][7]/D (DFFRHQX8M)              0.00       0.60 r
  data arrival time                                                  0.60

  clock Ref_clk (rise edge)                               0.00       0.00
  clock network delay (ideal)                             0.00       0.00
  clock uncertainty                                       0.10       0.10
  Regfile_u/reg_file_reg[0][7]/CK (DFFRHQX8M)             0.00       0.10 r
  library hold time                                      -0.03       0.07
  data required time                                                 0.07
  --------------------------------------------------------------------------
  data required time                                                 0.07
  data arrival time                                                 -0.60
  --------------------------------------------------------------------------
  slack (MET)                                                        0.53


  Startpoint: sys_ctrl_u/wr_addr_reg[1]
              (rising edge-triggered flip-flop clocked by Ref_clk)
  Endpoint: sys_ctrl_u/wr_addr_reg[1]
            (rising edge-triggered flip-flop clocked by Ref_clk)
  Path Group: Ref_clk
  Path Type: min

  Point                                                   Incr       Path
  --------------------------------------------------------------------------
  clock Ref_clk (rise edge)                               0.00       0.00
  clock network delay (ideal)                             0.00       0.00
  sys_ctrl_u/wr_addr_reg[1]/CK (DFFRQX2M)                 0.00       0.00 r
  sys_ctrl_u/wr_addr_reg[1]/Q (DFFRQX2M)                  0.47       0.47 f
  sys_ctrl_u/U110/Y (INVX2M)                              0.08       0.55 r
  sys_ctrl_u/U48/Y (OAI22X1M)                             0.07       0.62 f
  sys_ctrl_u/wr_addr_reg[1]/D (DFFRQX2M)                  0.00       0.62 f
  data arrival time                                                  0.62

  clock Ref_clk (rise edge)                               0.00       0.00
  clock network delay (ideal)                             0.00       0.00
  clock uncertainty                                       0.10       0.10
  sys_ctrl_u/wr_addr_reg[1]/CK (DFFRQX2M)                 0.00       0.10 r
  library hold time                                      -0.02       0.08
  data required time                                                 0.08
  --------------------------------------------------------------------------
  data required time                                                 0.08
  data arrival time                                                 -0.62
  --------------------------------------------------------------------------
  slack (MET)                                                        0.53


  Startpoint: Regfile_u/reg_file_reg[1][3]
              (rising edge-triggered flip-flop clocked by Ref_clk)
  Endpoint: Regfile_u/reg_file_reg[1][3]
            (rising edge-triggered flip-flop clocked by Ref_clk)
  Path Group: Ref_clk
  Path Type: min

  Point                                                   Incr       Path
  --------------------------------------------------------------------------
  clock Ref_clk (rise edge)                               0.00       0.00
  clock network delay (ideal)                             0.00       0.00
  Regfile_u/reg_file_reg[1][3]/CK (DFFRHQX2M)             0.00       0.00 r
  Regfile_u/reg_file_reg[1][3]/Q (DFFRHQX2M)              0.36       0.36 r
  Regfile_u/U207/Y (MX2XLM)                               0.22       0.58 r
  Regfile_u/reg_file_reg[1][3]/D (DFFRHQX2M)              0.00       0.58 r
  data arrival time                                                  0.58

  clock Ref_clk (rise edge)                               0.00       0.00
  clock network delay (ideal)                             0.00       0.00
  clock uncertainty                                       0.10       0.10
  Regfile_u/reg_file_reg[1][3]/CK (DFFRHQX2M)             0.00       0.10 r
  library hold time                                      -0.05       0.05
  data required time                                                 0.05
  --------------------------------------------------------------------------
  data required time                                                 0.05
  data arrival time                                                 -0.58
  --------------------------------------------------------------------------
  slack (MET)                                                        0.53


  Startpoint: Regfile_u/reg_file_reg[3][5]
              (rising edge-triggered flip-flop clocked by Ref_clk)
  Endpoint: Regfile_u/reg_file_reg[3][5]
            (rising edge-triggered flip-flop clocked by Ref_clk)
  Path Group: Ref_clk
  Path Type: min

  Point                                                   Incr       Path
  --------------------------------------------------------------------------
  clock Ref_clk (rise edge)                               0.00       0.00
  clock network delay (ideal)                             0.00       0.00
  Regfile_u/reg_file_reg[3][5]/CK (DFFSQX2M)              0.00       0.00 r
  Regfile_u/reg_file_reg[3][5]/Q (DFFSQX2M)               0.45       0.45 r
  Regfile_u/U201/Y (OAI2BB2X1M)                           0.15       0.60 r
  Regfile_u/reg_file_reg[3][5]/D (DFFSQX2M)               0.00       0.60 r
  data arrival time                                                  0.60

  clock Ref_clk (rise edge)                               0.00       0.00
  clock network delay (ideal)                             0.00       0.00
  clock uncertainty                                       0.10       0.10
  Regfile_u/reg_file_reg[3][5]/CK (DFFSQX2M)              0.00       0.10 r
  library hold time                                      -0.05       0.05
  data required time                                                 0.05
  --------------------------------------------------------------------------
  data required time                                                 0.05
  data arrival time                                                 -0.60
  --------------------------------------------------------------------------
  slack (MET)                                                        0.55


  Startpoint: Rx2SysCtrl/pulse_out_reg
              (rising edge-triggered flip-flop clocked by Ref_clk)
  Endpoint: Rx2SysCtrl/en_pulse_reg
            (rising edge-triggered flip-flop clocked by Ref_clk)
  Path Group: Ref_clk
  Path Type: min

  Point                                                   Incr       Path
  --------------------------------------------------------------------------
  clock Ref_clk (rise edge)                               0.00       0.00
  clock network delay (ideal)                             0.00       0.00
  Rx2SysCtrl/pulse_out_reg/CK (DFFRQX2M)                  0.00       0.00 r
  Rx2SysCtrl/pulse_out_reg/Q (DFFRQX2M)                   0.36       0.36 r
  Rx2SysCtrl/U4/Y (NAND2BX2M)                             0.17       0.53 r
  Rx2SysCtrl/U3/Y (INVX2M)                                0.10       0.63 f
  Rx2SysCtrl/en_pulse_reg/D (DFFRQX2M)                    0.00       0.63 f
  data arrival time                                                  0.63

  clock Ref_clk (rise edge)                               0.00       0.00
  clock network delay (ideal)                             0.00       0.00
  clock uncertainty                                       0.10       0.10
  Rx2SysCtrl/en_pulse_reg/CK (DFFRQX2M)                   0.00       0.10 r
  library hold time                                      -0.02       0.08
  data required time                                                 0.08
  --------------------------------------------------------------------------
  data required time                                                 0.08
  data arrival time                                                 -0.63
  --------------------------------------------------------------------------
  slack (MET)                                                        0.55


  Startpoint: Regfile_u/reg_file_reg[1][4]
              (rising edge-triggered flip-flop clocked by Ref_clk)
  Endpoint: Regfile_u/reg_file_reg[1][4]
            (rising edge-triggered flip-flop clocked by Ref_clk)
  Path Group: Ref_clk
  Path Type: min

  Point                                                   Incr       Path
  --------------------------------------------------------------------------
  clock Ref_clk (rise edge)                               0.00       0.00
  clock network delay (ideal)                             0.00       0.00
  Regfile_u/reg_file_reg[1][4]/CK (DFFRHQX2M)             0.00       0.00 r
  Regfile_u/reg_file_reg[1][4]/Q (DFFRHQX2M)              0.38       0.38 r
  Regfile_u/U208/Y (MX2XLM)                               0.22       0.60 r
  Regfile_u/reg_file_reg[1][4]/D (DFFRHQX2M)              0.00       0.60 r
  data arrival time                                                  0.60

  clock Ref_clk (rise edge)                               0.00       0.00
  clock network delay (ideal)                             0.00       0.00
  clock uncertainty                                       0.10       0.10
  Regfile_u/reg_file_reg[1][4]/CK (DFFRHQX2M)             0.00       0.10 r
  library hold time                                      -0.05       0.05
  data required time                                                 0.05
  --------------------------------------------------------------------------
  data required time                                                 0.05
  data arrival time                                                 -0.60
  --------------------------------------------------------------------------
  slack (MET)                                                        0.56


  Startpoint: sys_ctrl_u/wr_addr_reg[3]
              (rising edge-triggered flip-flop clocked by Ref_clk)
  Endpoint: sys_ctrl_u/wr_addr_reg[3]
            (rising edge-triggered flip-flop clocked by Ref_clk)
  Path Group: Ref_clk
  Path Type: min

  Point                                                   Incr       Path
  --------------------------------------------------------------------------
  clock Ref_clk (rise edge)                               0.00       0.00
  clock network delay (ideal)                             0.00       0.00
  sys_ctrl_u/wr_addr_reg[3]/CK (DFFRQX2M)                 0.00       0.00 r
  sys_ctrl_u/wr_addr_reg[3]/Q (DFFRQX2M)                  0.47       0.47 f
  sys_ctrl_u/U109/Y (INVX2M)                              0.10       0.57 r
  sys_ctrl_u/U47/Y (OAI22X1M)                             0.07       0.64 f
  sys_ctrl_u/wr_addr_reg[3]/D (DFFRQX2M)                  0.00       0.64 f
  data arrival time                                                  0.64

  clock Ref_clk (rise edge)                               0.00       0.00
  clock network delay (ideal)                             0.00       0.00
  clock uncertainty                                       0.10       0.10
  sys_ctrl_u/wr_addr_reg[3]/CK (DFFRQX2M)                 0.00       0.10 r
  library hold time                                      -0.02       0.08
  data required time                                                 0.08
  --------------------------------------------------------------------------
  data required time                                                 0.08
  data arrival time                                                 -0.64
  --------------------------------------------------------------------------
  slack (MET)                                                        0.56


  Startpoint: sys_ctrl_u/wr_addr_reg[2]
              (rising edge-triggered flip-flop clocked by Ref_clk)
  Endpoint: sys_ctrl_u/wr_addr_reg[2]
            (rising edge-triggered flip-flop clocked by Ref_clk)
  Path Group: Ref_clk
  Path Type: min

  Point                                                   Incr       Path
  --------------------------------------------------------------------------
  clock Ref_clk (rise edge)                               0.00       0.00
  clock network delay (ideal)                             0.00       0.00
  sys_ctrl_u/wr_addr_reg[2]/CK (DFFRQX2M)                 0.00       0.00 r
  sys_ctrl_u/wr_addr_reg[2]/Q (DFFRQX2M)                  0.47       0.47 f
  sys_ctrl_u/U108/Y (INVX2M)                              0.10       0.57 r
  sys_ctrl_u/U46/Y (OAI22X1M)                             0.07       0.64 f
  sys_ctrl_u/wr_addr_reg[2]/D (DFFRQX2M)                  0.00       0.64 f
  data arrival time                                                  0.64

  clock Ref_clk (rise edge)                               0.00       0.00
  clock network delay (ideal)                             0.00       0.00
  clock uncertainty                                       0.10       0.10
  sys_ctrl_u/wr_addr_reg[2]/CK (DFFRQX2M)                 0.00       0.10 r
  library hold time                                      -0.02       0.08
  data required time                                                 0.08
  --------------------------------------------------------------------------
  data required time                                                 0.08
  data arrival time                                                 -0.64
  --------------------------------------------------------------------------
  slack (MET)                                                        0.56


  Startpoint: FIFO_u/U4/WR_PTR_BIN_reg[1]
              (rising edge-triggered flip-flop clocked by Ref_clk)
  Endpoint: FIFO_u/U4/WR_PTR_BIN_reg[1]
            (rising edge-triggered flip-flop clocked by Ref_clk)
  Path Group: Ref_clk
  Path Type: min

  Point                                                   Incr       Path
  --------------------------------------------------------------------------
  clock Ref_clk (rise edge)                               0.00       0.00
  clock network delay (ideal)                             0.00       0.00
  FIFO_u/U4/WR_PTR_BIN_reg[1]/CK (DFFRQX2M)               0.00       0.00 r
  FIFO_u/U4/WR_PTR_BIN_reg[1]/Q (DFFRQX2M)                0.48       0.48 r
  FIFO_u/U4/U6/Y (XNOR2X2M)                               0.16       0.64 f
  FIFO_u/U4/WR_PTR_BIN_reg[1]/D (DFFRQX2M)                0.00       0.64 f
  data arrival time                                                  0.64

  clock Ref_clk (rise edge)                               0.00       0.00
  clock network delay (ideal)                             0.00       0.00
  clock uncertainty                                       0.10       0.10
  FIFO_u/U4/WR_PTR_BIN_reg[1]/CK (DFFRQX2M)               0.00       0.10 r
  library hold time                                      -0.02       0.08
  data required time                                                 0.08
  --------------------------------------------------------------------------
  data required time                                                 0.08
  data arrival time                                                 -0.64
  --------------------------------------------------------------------------
  slack (MET)                                                        0.56


  Startpoint: ALU_u/ALU_OUT_reg[8]
              (rising edge-triggered flip-flop clocked by Gated_clk)
  Endpoint: sys_ctrl_u/frame2_reg[0]
            (rising edge-triggered flip-flop clocked by Ref_clk)
  Path Group: Ref_clk
  Path Type: min

  Point                                                   Incr       Path
  --------------------------------------------------------------------------
  clock Gated_clk (rise edge)                             0.00       0.00
  clock network delay (ideal)                             0.00       0.00
  ALU_u/ALU_OUT_reg[8]/CK (DFFRQX2M)                      0.00       0.00 r
  ALU_u/ALU_OUT_reg[8]/Q (DFFRQX2M)                       0.35       0.35 r
  ALU_u/ALU_OUT[8] (ALU_WIDTH8_OUT_WIDTH16_FUN_WIDTH4)
                                                          0.00       0.35 r
  sys_ctrl_u/ALU_OUT[8] (SYS_CTRL_WIDTH8_ALU_OUT_WIDTH16_ADDR4)
                                                          0.00       0.35 r
  sys_ctrl_u/U117/Y (AO2B2X2M)                            0.14       0.50 r
  sys_ctrl_u/frame2_reg[0]/D (DFFRQX2M)                   0.00       0.50 r
  data arrival time                                                  0.50

  clock Ref_clk (rise edge)                               0.00       0.00
  clock network delay (ideal)                             0.00       0.00
  clock uncertainty                                       0.10       0.10
  sys_ctrl_u/frame2_reg[0]/CK (DFFRQX2M)                  0.00       0.10 r
  library hold time                                      -0.17      -0.07
  data required time                                                -0.07
  --------------------------------------------------------------------------
  data required time                                                -0.07
  data arrival time                                                 -0.50
  --------------------------------------------------------------------------
  slack (MET)                                                        0.56


  Startpoint: ALU_u/ALU_OUT_reg[15]
              (rising edge-triggered flip-flop clocked by Gated_clk)
  Endpoint: sys_ctrl_u/frame2_reg[7]
            (rising edge-triggered flip-flop clocked by Ref_clk)
  Path Group: Ref_clk
  Path Type: min

  Point                                                   Incr       Path
  --------------------------------------------------------------------------
  clock Gated_clk (rise edge)                             0.00       0.00
  clock network delay (ideal)                             0.00       0.00
  ALU_u/ALU_OUT_reg[15]/CK (DFFRQX2M)                     0.00       0.00 r
  ALU_u/ALU_OUT_reg[15]/Q (DFFRQX2M)                      0.35       0.35 r
  ALU_u/ALU_OUT[15] (ALU_WIDTH8_OUT_WIDTH16_FUN_WIDTH4)
                                                          0.00       0.35 r
  sys_ctrl_u/ALU_OUT[15] (SYS_CTRL_WIDTH8_ALU_OUT_WIDTH16_ADDR4)
                                                          0.00       0.35 r
  sys_ctrl_u/U124/Y (AO2B2X2M)                            0.14       0.50 r
  sys_ctrl_u/frame2_reg[7]/D (DFFRQX2M)                   0.00       0.50 r
  data arrival time                                                  0.50

  clock Ref_clk (rise edge)                               0.00       0.00
  clock network delay (ideal)                             0.00       0.00
  clock uncertainty                                       0.10       0.10
  sys_ctrl_u/frame2_reg[7]/CK (DFFRQX2M)                  0.00       0.10 r
  library hold time                                      -0.17      -0.07
  data required time                                                -0.07
  --------------------------------------------------------------------------
  data required time                                                -0.07
  data arrival time                                                 -0.50
  --------------------------------------------------------------------------
  slack (MET)                                                        0.56


  Startpoint: ALU_u/ALU_OUT_reg[14]
              (rising edge-triggered flip-flop clocked by Gated_clk)
  Endpoint: sys_ctrl_u/frame2_reg[6]
            (rising edge-triggered flip-flop clocked by Ref_clk)
  Path Group: Ref_clk
  Path Type: min

  Point                                                   Incr       Path
  --------------------------------------------------------------------------
  clock Gated_clk (rise edge)                             0.00       0.00
  clock network delay (ideal)                             0.00       0.00
  ALU_u/ALU_OUT_reg[14]/CK (DFFRQX2M)                     0.00       0.00 r
  ALU_u/ALU_OUT_reg[14]/Q (DFFRQX2M)                      0.35       0.35 r
  ALU_u/ALU_OUT[14] (ALU_WIDTH8_OUT_WIDTH16_FUN_WIDTH4)
                                                          0.00       0.35 r
  sys_ctrl_u/ALU_OUT[14] (SYS_CTRL_WIDTH8_ALU_OUT_WIDTH16_ADDR4)
                                                          0.00       0.35 r
  sys_ctrl_u/U123/Y (AO2B2X2M)                            0.14       0.50 r
  sys_ctrl_u/frame2_reg[6]/D (DFFRQX2M)                   0.00       0.50 r
  data arrival time                                                  0.50

  clock Ref_clk (rise edge)                               0.00       0.00
  clock network delay (ideal)                             0.00       0.00
  clock uncertainty                                       0.10       0.10
  sys_ctrl_u/frame2_reg[6]/CK (DFFRQX2M)                  0.00       0.10 r
  library hold time                                      -0.17      -0.07
  data required time                                                -0.07
  --------------------------------------------------------------------------
  data required time                                                -0.07
  data arrival time                                                 -0.50
  --------------------------------------------------------------------------
  slack (MET)                                                        0.56


  Startpoint: ALU_u/ALU_OUT_reg[13]
              (rising edge-triggered flip-flop clocked by Gated_clk)
  Endpoint: sys_ctrl_u/frame2_reg[5]
            (rising edge-triggered flip-flop clocked by Ref_clk)
  Path Group: Ref_clk
  Path Type: min

  Point                                                   Incr       Path
  --------------------------------------------------------------------------
  clock Gated_clk (rise edge)                             0.00       0.00
  clock network delay (ideal)                             0.00       0.00
  ALU_u/ALU_OUT_reg[13]/CK (DFFRQX2M)                     0.00       0.00 r
  ALU_u/ALU_OUT_reg[13]/Q (DFFRQX2M)                      0.35       0.35 r
  ALU_u/ALU_OUT[13] (ALU_WIDTH8_OUT_WIDTH16_FUN_WIDTH4)
                                                          0.00       0.35 r
  sys_ctrl_u/ALU_OUT[13] (SYS_CTRL_WIDTH8_ALU_OUT_WIDTH16_ADDR4)
                                                          0.00       0.35 r
  sys_ctrl_u/U122/Y (AO2B2X2M)                            0.14       0.50 r
  sys_ctrl_u/frame2_reg[5]/D (DFFRQX2M)                   0.00       0.50 r
  data arrival time                                                  0.50

  clock Ref_clk (rise edge)                               0.00       0.00
  clock network delay (ideal)                             0.00       0.00
  clock uncertainty                                       0.10       0.10
  sys_ctrl_u/frame2_reg[5]/CK (DFFRQX2M)                  0.00       0.10 r
  library hold time                                      -0.17      -0.07
  data required time                                                -0.07
  --------------------------------------------------------------------------
  data required time                                                -0.07
  data arrival time                                                 -0.50
  --------------------------------------------------------------------------
  slack (MET)                                                        0.56


  Startpoint: ALU_u/ALU_OUT_reg[12]
              (rising edge-triggered flip-flop clocked by Gated_clk)
  Endpoint: sys_ctrl_u/frame2_reg[4]
            (rising edge-triggered flip-flop clocked by Ref_clk)
  Path Group: Ref_clk
  Path Type: min

  Point                                                   Incr       Path
  --------------------------------------------------------------------------
  clock Gated_clk (rise edge)                             0.00       0.00
  clock network delay (ideal)                             0.00       0.00
  ALU_u/ALU_OUT_reg[12]/CK (DFFRQX2M)                     0.00       0.00 r
  ALU_u/ALU_OUT_reg[12]/Q (DFFRQX2M)                      0.35       0.35 r
  ALU_u/ALU_OUT[12] (ALU_WIDTH8_OUT_WIDTH16_FUN_WIDTH4)
                                                          0.00       0.35 r
  sys_ctrl_u/ALU_OUT[12] (SYS_CTRL_WIDTH8_ALU_OUT_WIDTH16_ADDR4)
                                                          0.00       0.35 r
  sys_ctrl_u/U121/Y (AO2B2X2M)                            0.14       0.50 r
  sys_ctrl_u/frame2_reg[4]/D (DFFRQX2M)                   0.00       0.50 r
  data arrival time                                                  0.50

  clock Ref_clk (rise edge)                               0.00       0.00
  clock network delay (ideal)                             0.00       0.00
  clock uncertainty                                       0.10       0.10
  sys_ctrl_u/frame2_reg[4]/CK (DFFRQX2M)                  0.00       0.10 r
  library hold time                                      -0.17      -0.07
  data required time                                                -0.07
  --------------------------------------------------------------------------
  data required time                                                -0.07
  data arrival time                                                 -0.50
  --------------------------------------------------------------------------
  slack (MET)                                                        0.56


  Startpoint: ALU_u/ALU_OUT_reg[11]
              (rising edge-triggered flip-flop clocked by Gated_clk)
  Endpoint: sys_ctrl_u/frame2_reg[3]
            (rising edge-triggered flip-flop clocked by Ref_clk)
  Path Group: Ref_clk
  Path Type: min

  Point                                                   Incr       Path
  --------------------------------------------------------------------------
  clock Gated_clk (rise edge)                             0.00       0.00
  clock network delay (ideal)                             0.00       0.00
  ALU_u/ALU_OUT_reg[11]/CK (DFFRQX2M)                     0.00       0.00 r
  ALU_u/ALU_OUT_reg[11]/Q (DFFRQX2M)                      0.35       0.35 r
  ALU_u/ALU_OUT[11] (ALU_WIDTH8_OUT_WIDTH16_FUN_WIDTH4)
                                                          0.00       0.35 r
  sys_ctrl_u/ALU_OUT[11] (SYS_CTRL_WIDTH8_ALU_OUT_WIDTH16_ADDR4)
                                                          0.00       0.35 r
  sys_ctrl_u/U120/Y (AO2B2X2M)                            0.14       0.50 r
  sys_ctrl_u/frame2_reg[3]/D (DFFRQX2M)                   0.00       0.50 r
  data arrival time                                                  0.50

  clock Ref_clk (rise edge)                               0.00       0.00
  clock network delay (ideal)                             0.00       0.00
  clock uncertainty                                       0.10       0.10
  sys_ctrl_u/frame2_reg[3]/CK (DFFRQX2M)                  0.00       0.10 r
  library hold time                                      -0.17      -0.07
  data required time                                                -0.07
  --------------------------------------------------------------------------
  data required time                                                -0.07
  data arrival time                                                 -0.50
  --------------------------------------------------------------------------
  slack (MET)                                                        0.56


  Startpoint: ALU_u/ALU_OUT_reg[10]
              (rising edge-triggered flip-flop clocked by Gated_clk)
  Endpoint: sys_ctrl_u/frame2_reg[2]
            (rising edge-triggered flip-flop clocked by Ref_clk)
  Path Group: Ref_clk
  Path Type: min

  Point                                                   Incr       Path
  --------------------------------------------------------------------------
  clock Gated_clk (rise edge)                             0.00       0.00
  clock network delay (ideal)                             0.00       0.00
  ALU_u/ALU_OUT_reg[10]/CK (DFFRQX2M)                     0.00       0.00 r
  ALU_u/ALU_OUT_reg[10]/Q (DFFRQX2M)                      0.35       0.35 r
  ALU_u/ALU_OUT[10] (ALU_WIDTH8_OUT_WIDTH16_FUN_WIDTH4)
                                                          0.00       0.35 r
  sys_ctrl_u/ALU_OUT[10] (SYS_CTRL_WIDTH8_ALU_OUT_WIDTH16_ADDR4)
                                                          0.00       0.35 r
  sys_ctrl_u/U119/Y (AO2B2X2M)                            0.14       0.50 r
  sys_ctrl_u/frame2_reg[2]/D (DFFRQX2M)                   0.00       0.50 r
  data arrival time                                                  0.50

  clock Ref_clk (rise edge)                               0.00       0.00
  clock network delay (ideal)                             0.00       0.00
  clock uncertainty                                       0.10       0.10
  sys_ctrl_u/frame2_reg[2]/CK (DFFRQX2M)                  0.00       0.10 r
  library hold time                                      -0.17      -0.07
  data required time                                                -0.07
  --------------------------------------------------------------------------
  data required time                                                -0.07
  data arrival time                                                 -0.50
  --------------------------------------------------------------------------
  slack (MET)                                                        0.56


  Startpoint: ALU_u/ALU_OUT_reg[9]
              (rising edge-triggered flip-flop clocked by Gated_clk)
  Endpoint: sys_ctrl_u/frame2_reg[1]
            (rising edge-triggered flip-flop clocked by Ref_clk)
  Path Group: Ref_clk
  Path Type: min

  Point                                                   Incr       Path
  --------------------------------------------------------------------------
  clock Gated_clk (rise edge)                             0.00       0.00
  clock network delay (ideal)                             0.00       0.00
  ALU_u/ALU_OUT_reg[9]/CK (DFFRQX2M)                      0.00       0.00 r
  ALU_u/ALU_OUT_reg[9]/Q (DFFRQX2M)                       0.35       0.35 r
  ALU_u/ALU_OUT[9] (ALU_WIDTH8_OUT_WIDTH16_FUN_WIDTH4)
                                                          0.00       0.35 r
  sys_ctrl_u/ALU_OUT[9] (SYS_CTRL_WIDTH8_ALU_OUT_WIDTH16_ADDR4)
                                                          0.00       0.35 r
  sys_ctrl_u/U118/Y (AO2B2X2M)                            0.14       0.50 r
  sys_ctrl_u/frame2_reg[1]/D (DFFRQX2M)                   0.00       0.50 r
  data arrival time                                                  0.50

  clock Ref_clk (rise edge)                               0.00       0.00
  clock network delay (ideal)                             0.00       0.00
  clock uncertainty                                       0.10       0.10
  sys_ctrl_u/frame2_reg[1]/CK (DFFRQX2M)                  0.00       0.10 r
  library hold time                                      -0.17      -0.07
  data required time                                                -0.07
  --------------------------------------------------------------------------
  data required time                                                -0.07
  data arrival time                                                 -0.50
  --------------------------------------------------------------------------
  slack (MET)                                                        0.56


  Startpoint: Regfile_u/reg_file_reg[1][5]
              (rising edge-triggered flip-flop clocked by Ref_clk)
  Endpoint: Regfile_u/reg_file_reg[1][5]
            (rising edge-triggered flip-flop clocked by Ref_clk)
  Path Group: Ref_clk
  Path Type: min

  Point                                                   Incr       Path
  --------------------------------------------------------------------------
  clock Ref_clk (rise edge)                               0.00       0.00
  clock network delay (ideal)                             0.00       0.00
  Regfile_u/reg_file_reg[1][5]/CK (DFFRHQX2M)             0.00       0.00 r
  Regfile_u/reg_file_reg[1][5]/Q (DFFRHQX2M)              0.38       0.38 r
  Regfile_u/U204/Y (MX2XLM)                               0.23       0.61 r
  Regfile_u/reg_file_reg[1][5]/D (DFFRHQX2M)              0.00       0.61 r
  data arrival time                                                  0.61

  clock Ref_clk (rise edge)                               0.00       0.00
  clock network delay (ideal)                             0.00       0.00
  clock uncertainty                                       0.10       0.10
  Regfile_u/reg_file_reg[1][5]/CK (DFFRHQX2M)             0.00       0.10 r
  library hold time                                      -0.05       0.05
  data required time                                                 0.05
  --------------------------------------------------------------------------
  data required time                                                 0.05
  data arrival time                                                 -0.61
  --------------------------------------------------------------------------
  slack (MET)                                                        0.57


  Startpoint: rx_rst_sync/n_synch_reg[1]
              (rising edge-triggered flip-flop clocked by Rx_clk)
  Endpoint: rx_rst_sync/n_synch_reg[2]
            (rising edge-triggered flip-flop clocked by Rx_clk)
  Path Group: Rx_clk
  Path Type: min

  Point                                                   Incr       Path
  --------------------------------------------------------------------------
  clock Rx_clk (rise edge)                                0.00       0.00
  clock network delay (ideal)                             0.00       0.00
  rx_rst_sync/n_synch_reg[1]/CK (DFFRQX2M)                0.00       0.00 r
  rx_rst_sync/n_synch_reg[1]/Q (DFFRQX2M)                 0.45       0.45 f
  rx_rst_sync/n_synch_reg[2]/D (DFFRQX2M)                 0.00       0.45 f
  data arrival time                                                  0.45

  clock Rx_clk (rise edge)                                0.00       0.00
  clock network delay (ideal)                             0.00       0.00
  clock uncertainty                                       0.10       0.10
  rx_rst_sync/n_synch_reg[2]/CK (DFFRQX2M)                0.00       0.10 r
  library hold time                                      -0.03       0.07
  data required time                                                 0.07
  --------------------------------------------------------------------------
  data required time                                                 0.07
  data arrival time                                                 -0.45
  --------------------------------------------------------------------------
  slack (MET)                                                        0.37


  Startpoint: rx_rst_sync/n_synch_reg[0]/CK
              (internal path startpoint clocked by Rx_clk)
  Endpoint: rx_rst_sync/n_synch_reg[1]
            (rising edge-triggered flip-flop clocked by Rx_clk)
  Path Group: Rx_clk
  Path Type: min

  Point                                                   Incr       Path
  --------------------------------------------------------------------------
  clock Rx_clk (rise edge)                                0.00       0.00
  clock network delay (ideal)                             0.00       0.00
  input external delay                                    0.00       0.00 r
  rx_rst_sync/n_synch_reg[0]/CK (DFFRQX2M)                0.00       0.00 r
  rx_rst_sync/n_synch_reg[0]/Q (DFFRQX2M)                 0.45       0.45 f
  rx_rst_sync/n_synch_reg[1]/D (DFFRQX2M)                 0.00       0.45 f
  data arrival time                                                  0.45

  clock Rx_clk (rise edge)                                0.00       0.00
  clock network delay (ideal)                             0.00       0.00
  clock uncertainty                                       0.10       0.10
  rx_rst_sync/n_synch_reg[1]/CK (DFFRQX2M)                0.00       0.10 r
  library hold time                                      -0.03       0.07
  data required time                                                 0.07
  --------------------------------------------------------------------------
  data required time                                                 0.07
  data arrival time                                                 -0.45
  --------------------------------------------------------------------------
  slack (MET)                                                        0.37


  Startpoint: UART_TX_RX/U0_UART_RX/U5/strt_glitch_reg
              (rising edge-triggered flip-flop clocked by Rx_clk)
  Endpoint: UART_TX_RX/U0_UART_RX/U7/c_state_reg[1]
            (rising edge-triggered flip-flop clocked by Rx_clk)
  Path Group: Rx_clk
  Path Type: min

  Point                                                   Incr       Path
  --------------------------------------------------------------------------
  clock Rx_clk (rise edge)                                0.00       0.00
  clock network delay (ideal)                             0.00       0.00
  UART_TX_RX/U0_UART_RX/U5/strt_glitch_reg/CK (DFFRQX2M)
                                                          0.00       0.00 r
  UART_TX_RX/U0_UART_RX/U5/strt_glitch_reg/Q (DFFRQX2M)
                                                          0.36       0.36 r
  UART_TX_RX/U0_UART_RX/U5/strt_glitch (Strt_chk)         0.00       0.36 r
  UART_TX_RX/U0_UART_RX/U7/strt_glitch (RX_FSM)           0.00       0.36 r
  UART_TX_RX/U0_UART_RX/U7/U14/Y (OAI2B11X2M)             0.09       0.46 f
  UART_TX_RX/U0_UART_RX/U7/c_state_reg[1]/D (DFFRQX2M)
                                                          0.00       0.46 f
  data arrival time                                                  0.46

  clock Rx_clk (rise edge)                                0.00       0.00
  clock network delay (ideal)                             0.00       0.00
  clock uncertainty                                       0.10       0.10
  UART_TX_RX/U0_UART_RX/U7/c_state_reg[1]/CK (DFFRQX2M)
                                                          0.00       0.10 r
  library hold time                                      -0.03       0.07
  data required time                                                 0.07
  --------------------------------------------------------------------------
  data required time                                                 0.07
  data arrival time                                                 -0.46
  --------------------------------------------------------------------------
  slack (MET)                                                        0.38


  Startpoint: UART_TX_RX/U0_UART_RX/U1/Bit_cnt_reg[3]
              (rising edge-triggered flip-flop clocked by Rx_clk)
  Endpoint: UART_TX_RX/U0_UART_RX/U1/Bit_cnt_reg[2]
            (rising edge-triggered flip-flop clocked by Rx_clk)
  Path Group: Rx_clk
  Path Type: min

  Point                                                   Incr       Path
  --------------------------------------------------------------------------
  clock Rx_clk (rise edge)                                0.00       0.00
  clock network delay (ideal)                             0.00       0.00
  UART_TX_RX/U0_UART_RX/U1/Bit_cnt_reg[3]/CK (DFFRQX2M)
                                                          0.00       0.00 r
  UART_TX_RX/U0_UART_RX/U1/Bit_cnt_reg[3]/Q (DFFRQX2M)
                                                          0.42       0.42 r
  UART_TX_RX/U0_UART_RX/U1/U18/Y (NOR3BX2M)               0.06       0.48 f
  UART_TX_RX/U0_UART_RX/U1/Bit_cnt_reg[2]/D (DFFRQX2M)
                                                          0.00       0.48 f
  data arrival time                                                  0.48

  clock Rx_clk (rise edge)                                0.00       0.00
  clock network delay (ideal)                             0.00       0.00
  clock uncertainty                                       0.10       0.10
  UART_TX_RX/U0_UART_RX/U1/Bit_cnt_reg[2]/CK (DFFRQX2M)
                                                          0.00       0.10 r
  library hold time                                      -0.02       0.08
  data required time                                                 0.08
  --------------------------------------------------------------------------
  data required time                                                 0.08
  data arrival time                                                 -0.48
  --------------------------------------------------------------------------
  slack (MET)                                                        0.41


  Startpoint: UART_TX_RX/U0_UART_RX/U2/Sampled_bit_reg
              (rising edge-triggered flip-flop clocked by Rx_clk)
  Endpoint: UART_TX_RX/U0_UART_RX/U6/stp_err_reg
            (rising edge-triggered flip-flop clocked by Rx_clk)
  Path Group: Rx_clk
  Path Type: min

  Point                                                   Incr       Path
  --------------------------------------------------------------------------
  clock Rx_clk (rise edge)                                0.00       0.00
  clock network delay (ideal)                             0.00       0.00
  UART_TX_RX/U0_UART_RX/U2/Sampled_bit_reg/CK (DFFRQX2M)
                                                          0.00       0.00 r
  UART_TX_RX/U0_UART_RX/U2/Sampled_bit_reg/Q (DFFRQX2M)
                                                          0.43       0.43 r
  UART_TX_RX/U0_UART_RX/U2/Sampled_bit (Data_sampling)
                                                          0.00       0.43 r
  UART_TX_RX/U0_UART_RX/U6/Sampled_bit (stp_chk)          0.00       0.43 r
  UART_TX_RX/U0_UART_RX/U6/U3/Y (NOR2BX2M)                0.06       0.49 f
  UART_TX_RX/U0_UART_RX/U6/stp_err_reg/D (DFFRQX2M)       0.00       0.49 f
  data arrival time                                                  0.49

  clock Rx_clk (rise edge)                                0.00       0.00
  clock network delay (ideal)                             0.00       0.00
  clock uncertainty                                       0.10       0.10
  UART_TX_RX/U0_UART_RX/U6/stp_err_reg/CK (DFFRQX2M)      0.00       0.10 r
  library hold time                                      -0.02       0.08
  data required time                                                 0.08
  --------------------------------------------------------------------------
  data required time                                                 0.08
  data arrival time                                                 -0.49
  --------------------------------------------------------------------------
  slack (MET)                                                        0.42


  Startpoint: UART_TX_RX/U0_UART_RX/U1/Edge_cnt_reg[0]
              (rising edge-triggered flip-flop clocked by Rx_clk)
  Endpoint: UART_TX_RX/U0_UART_RX/U1/Edge_cnt_reg[0]
            (rising edge-triggered flip-flop clocked by Rx_clk)
  Path Group: Rx_clk
  Path Type: min

  Point                                                   Incr       Path
  --------------------------------------------------------------------------
  clock Rx_clk (rise edge)                                0.00       0.00
  clock network delay (ideal)                             0.00       0.00
  UART_TX_RX/U0_UART_RX/U1/Edge_cnt_reg[0]/CK (DFFRQX2M)
                                                          0.00       0.00 r
  UART_TX_RX/U0_UART_RX/U1/Edge_cnt_reg[0]/Q (DFFRQX2M)
                                                          0.45       0.45 r
  UART_TX_RX/U0_UART_RX/U1/U26/Y (NOR2X2M)                0.05       0.50 f
  UART_TX_RX/U0_UART_RX/U1/Edge_cnt_reg[0]/D (DFFRQX2M)
                                                          0.00       0.50 f
  data arrival time                                                  0.50

  clock Rx_clk (rise edge)                                0.00       0.00
  clock network delay (ideal)                             0.00       0.00
  clock uncertainty                                       0.10       0.10
  UART_TX_RX/U0_UART_RX/U1/Edge_cnt_reg[0]/CK (DFFRQX2M)
                                                          0.00       0.10 r
  library hold time                                      -0.03       0.07
  data required time                                                 0.07
  --------------------------------------------------------------------------
  data required time                                                 0.07
  data arrival time                                                 -0.50
  --------------------------------------------------------------------------
  slack (MET)                                                        0.42


  Startpoint: UART_TX_RX/U0_UART_RX/U4/count_reg[1]
              (rising edge-triggered flip-flop clocked by Rx_clk)
  Endpoint: UART_TX_RX/U0_UART_RX/U4/count_reg[1]
            (rising edge-triggered flip-flop clocked by Rx_clk)
  Path Group: Rx_clk
  Path Type: min

  Point                                                   Incr       Path
  --------------------------------------------------------------------------
  clock Rx_clk (rise edge)                                0.00       0.00
  clock network delay (ideal)                             0.00       0.00
  UART_TX_RX/U0_UART_RX/U4/count_reg[1]/CK (DFFRQX2M)     0.00       0.00 r
  UART_TX_RX/U0_UART_RX/U4/count_reg[1]/Q (DFFRQX2M)      0.44       0.44 r
  UART_TX_RX/U0_UART_RX/U4/U8/Y (XNOR2X2M)                0.06       0.50 f
  UART_TX_RX/U0_UART_RX/U4/count_reg[1]/D (DFFRQX2M)      0.00       0.50 f
  data arrival time                                                  0.50

  clock Rx_clk (rise edge)                                0.00       0.00
  clock network delay (ideal)                             0.00       0.00
  clock uncertainty                                       0.10       0.10
  UART_TX_RX/U0_UART_RX/U4/count_reg[1]/CK (DFFRQX2M)     0.00       0.10 r
  library hold time                                      -0.03       0.07
  data required time                                                 0.07
  --------------------------------------------------------------------------
  data required time                                                 0.07
  data arrival time                                                 -0.50
  --------------------------------------------------------------------------
  slack (MET)                                                        0.43


  Startpoint: UART_TX_RX/U0_UART_RX/U2/Sample_Valid_reg
              (rising edge-triggered flip-flop clocked by Rx_clk)
  Endpoint: UART_TX_RX/U0_UART_RX/U7/sample_valid_d_reg
            (rising edge-triggered flip-flop clocked by Rx_clk)
  Path Group: Rx_clk
  Path Type: min

  Point                                                   Incr       Path
  --------------------------------------------------------------------------
  clock Rx_clk (rise edge)                                0.00       0.00
  clock network delay (ideal)                             0.00       0.00
  UART_TX_RX/U0_UART_RX/U2/Sample_Valid_reg/CK (DFFRQX2M)
                                                          0.00       0.00 r
  UART_TX_RX/U0_UART_RX/U2/Sample_Valid_reg/Q (DFFRQX2M)
                                                          0.49       0.49 f
  UART_TX_RX/U0_UART_RX/U2/Sample_Valid (Data_sampling)
                                                          0.00       0.49 f
  UART_TX_RX/U0_UART_RX/U7/Sample_valid (RX_FSM)          0.00       0.49 f
  UART_TX_RX/U0_UART_RX/U7/sample_valid_d_reg/D (DFFRQX2M)
                                                          0.00       0.49 f
  data arrival time                                                  0.49

  clock Rx_clk (rise edge)                                0.00       0.00
  clock network delay (ideal)                             0.00       0.00
  clock uncertainty                                       0.10       0.10
  UART_TX_RX/U0_UART_RX/U7/sample_valid_d_reg/CK (DFFRQX2M)
                                                          0.00       0.10 r
  library hold time                                      -0.04       0.06
  data required time                                                 0.06
  --------------------------------------------------------------------------
  data required time                                                 0.06
  data arrival time                                                 -0.49
  --------------------------------------------------------------------------
  slack (MET)                                                        0.43


  Startpoint: UART_TX_RX/U0_UART_RX/U1/Bit_cnt_reg[0]
              (rising edge-triggered flip-flop clocked by Rx_clk)
  Endpoint: UART_TX_RX/U0_UART_RX/U1/Bit_cnt_reg[0]
            (rising edge-triggered flip-flop clocked by Rx_clk)
  Path Group: Rx_clk
  Path Type: min

  Point                                                   Incr       Path
  --------------------------------------------------------------------------
  clock Rx_clk (rise edge)                                0.00       0.00
  clock network delay (ideal)                             0.00       0.00
  UART_TX_RX/U0_UART_RX/U1/Bit_cnt_reg[0]/CK (DFFRQX2M)
                                                          0.00       0.00 r
  UART_TX_RX/U0_UART_RX/U1/Bit_cnt_reg[0]/Q (DFFRQX2M)
                                                          0.42       0.42 r
  UART_TX_RX/U0_UART_RX/U1/U17/Y (OAI22X1M)               0.09       0.51 f
  UART_TX_RX/U0_UART_RX/U1/Bit_cnt_reg[0]/D (DFFRQX2M)
                                                          0.00       0.51 f
  data arrival time                                                  0.51

  clock Rx_clk (rise edge)                                0.00       0.00
  clock network delay (ideal)                             0.00       0.00
  clock uncertainty                                       0.10       0.10
  UART_TX_RX/U0_UART_RX/U1/Bit_cnt_reg[0]/CK (DFFRQX2M)
                                                          0.00       0.10 r
  library hold time                                      -0.03       0.07
  data required time                                                 0.07
  --------------------------------------------------------------------------
  data required time                                                 0.07
  data arrival time                                                 -0.51
  --------------------------------------------------------------------------
  slack (MET)                                                        0.43


  Startpoint: UART_TX_RX/U0_UART_RX/U4/count_reg[0]
              (rising edge-triggered flip-flop clocked by Rx_clk)
  Endpoint: UART_TX_RX/U0_UART_RX/U4/count_reg[0]
            (rising edge-triggered flip-flop clocked by Rx_clk)
  Path Group: Rx_clk
  Path Type: min

  Point                                                   Incr       Path
  --------------------------------------------------------------------------
  clock Rx_clk (rise edge)                                0.00       0.00
  clock network delay (ideal)                             0.00       0.00
  UART_TX_RX/U0_UART_RX/U4/count_reg[0]/CK (DFFRQX2M)     0.00       0.00 r
  UART_TX_RX/U0_UART_RX/U4/count_reg[0]/Q (DFFRQX2M)      0.41       0.41 r
  UART_TX_RX/U0_UART_RX/U4/U6/Y (OAI32X1M)                0.10       0.51 f
  UART_TX_RX/U0_UART_RX/U4/count_reg[0]/D (DFFRQX2M)      0.00       0.51 f
  data arrival time                                                  0.51

  clock Rx_clk (rise edge)                                0.00       0.00
  clock network delay (ideal)                             0.00       0.00
  clock uncertainty                                       0.10       0.10
  UART_TX_RX/U0_UART_RX/U4/count_reg[0]/CK (DFFRQX2M)     0.00       0.10 r
  library hold time                                      -0.03       0.07
  data required time                                                 0.07
  --------------------------------------------------------------------------
  data required time                                                 0.07
  data arrival time                                                 -0.51
  --------------------------------------------------------------------------
  slack (MET)                                                        0.44


  Startpoint: UART_TX_RX/U0_UART_RX/U4/par_done_reg
              (rising edge-triggered flip-flop clocked by Rx_clk)
  Endpoint: UART_TX_RX/U0_UART_RX/U7/c_state_reg[0]
            (rising edge-triggered flip-flop clocked by Rx_clk)
  Path Group: Rx_clk
  Path Type: min

  Point                                                   Incr       Path
  --------------------------------------------------------------------------
  clock Rx_clk (rise edge)                                0.00       0.00
  clock network delay (ideal)                             0.00       0.00
  UART_TX_RX/U0_UART_RX/U4/par_done_reg/CK (DFFRQX2M)     0.00       0.00 r
  UART_TX_RX/U0_UART_RX/U4/par_done_reg/Q (DFFRQX2M)      0.37       0.37 r
  UART_TX_RX/U0_UART_RX/U4/par_done (Parity_chk)          0.00       0.37 r
  UART_TX_RX/U0_UART_RX/U7/par_done (RX_FSM)              0.00       0.37 r
  UART_TX_RX/U0_UART_RX/U7/U18/Y (NOR2X2M)                0.06       0.44 f
  UART_TX_RX/U0_UART_RX/U7/U10/Y (AOI31X2M)               0.06       0.50 r
  UART_TX_RX/U0_UART_RX/U7/U9/Y (OAI31X1M)                0.05       0.55 f
  UART_TX_RX/U0_UART_RX/U7/c_state_reg[0]/D (DFFRQX2M)
                                                          0.00       0.55 f
  data arrival time                                                  0.55

  clock Rx_clk (rise edge)                                0.00       0.00
  clock network delay (ideal)                             0.00       0.00
  clock uncertainty                                       0.10       0.10
  UART_TX_RX/U0_UART_RX/U7/c_state_reg[0]/CK (DFFRQX2M)
                                                          0.00       0.10 r
  library hold time                                      -0.02       0.08
  data required time                                                 0.08
  --------------------------------------------------------------------------
  data required time                                                 0.08
  data arrival time                                                 -0.55
  --------------------------------------------------------------------------
  slack (MET)                                                        0.47


  Startpoint: UART_TX_RX/U0_UART_RX/U6/stp_done_reg
              (rising edge-triggered flip-flop clocked by Rx_clk)
  Endpoint: UART_TX_RX/U0_UART_RX/U7/c_state_reg[2]
            (rising edge-triggered flip-flop clocked by Rx_clk)
  Path Group: Rx_clk
  Path Type: min

  Point                                                   Incr       Path
  --------------------------------------------------------------------------
  clock Rx_clk (rise edge)                                0.00       0.00
  clock network delay (ideal)                             0.00       0.00
  UART_TX_RX/U0_UART_RX/U6/stp_done_reg/CK (DFFRQX2M)     0.00       0.00 r
  UART_TX_RX/U0_UART_RX/U6/stp_done_reg/Q (DFFRQX2M)      0.37       0.37 r
  UART_TX_RX/U0_UART_RX/U6/stp_done (stp_chk)             0.00       0.37 r
  UART_TX_RX/U0_UART_RX/U7/stp_done (RX_FSM)              0.00       0.37 r
  UART_TX_RX/U0_UART_RX/U7/U24/Y (AOI21X2M)               0.07       0.45 f
  UART_TX_RX/U0_UART_RX/U7/U23/Y (AOI31X2M)               0.07       0.52 r
  UART_TX_RX/U0_UART_RX/U7/U22/Y (OAI2B1X2M)              0.05       0.57 f
  UART_TX_RX/U0_UART_RX/U7/c_state_reg[2]/D (DFFRQX2M)
                                                          0.00       0.57 f
  data arrival time                                                  0.57

  clock Rx_clk (rise edge)                                0.00       0.00
  clock network delay (ideal)                             0.00       0.00
  clock uncertainty                                       0.10       0.10
  UART_TX_RX/U0_UART_RX/U7/c_state_reg[2]/CK (DFFRQX2M)
                                                          0.00       0.10 r
  library hold time                                      -0.02       0.08
  data required time                                                 0.08
  --------------------------------------------------------------------------
  data required time                                                 0.08
  data arrival time                                                 -0.57
  --------------------------------------------------------------------------
  slack (MET)                                                        0.49


  Startpoint: UART_TX_RX/U0_UART_RX/U4/count_reg[3]
              (rising edge-triggered flip-flop clocked by Rx_clk)
  Endpoint: UART_TX_RX/U0_UART_RX/U4/count_reg[3]
            (rising edge-triggered flip-flop clocked by Rx_clk)
  Path Group: Rx_clk
  Path Type: min

  Point                                                   Incr       Path
  --------------------------------------------------------------------------
  clock Rx_clk (rise edge)                                0.00       0.00
  clock network delay (ideal)                             0.00       0.00
  UART_TX_RX/U0_UART_RX/U4/count_reg[3]/CK (DFFRQX2M)     0.00       0.00 r
  UART_TX_RX/U0_UART_RX/U4/count_reg[3]/Q (DFFRQX2M)      0.36       0.36 r
  UART_TX_RX/U0_UART_RX/U4/U19/Y (INVX2M)                 0.06       0.42 f
  UART_TX_RX/U0_UART_RX/U4/U16/Y (NAND4BX1M)              0.10       0.52 r
  UART_TX_RX/U0_UART_RX/U4/U15/Y (OAI21X2M)               0.05       0.57 f
  UART_TX_RX/U0_UART_RX/U4/count_reg[3]/D (DFFRQX2M)      0.00       0.57 f
  data arrival time                                                  0.57

  clock Rx_clk (rise edge)                                0.00       0.00
  clock network delay (ideal)                             0.00       0.00
  clock uncertainty                                       0.10       0.10
  UART_TX_RX/U0_UART_RX/U4/count_reg[3]/CK (DFFRQX2M)     0.00       0.10 r
  library hold time                                      -0.02       0.08
  data required time                                                 0.08
  --------------------------------------------------------------------------
  data required time                                                 0.08
  data arrival time                                                 -0.57
  --------------------------------------------------------------------------
  slack (MET)                                                        0.49


  Startpoint: UART_TX_RX/U0_UART_RX/U7/c_state_reg[1]
              (rising edge-triggered flip-flop clocked by Rx_clk)
  Endpoint: UART_TX_RX/U0_UART_RX/U5/strt_glitch_reg
            (rising edge-triggered flip-flop clocked by Rx_clk)
  Path Group: Rx_clk
  Path Type: min

  Point                                                   Incr       Path
  --------------------------------------------------------------------------
  clock Rx_clk (rise edge)                                0.00       0.00
  clock network delay (ideal)                             0.00       0.00
  UART_TX_RX/U0_UART_RX/U7/c_state_reg[1]/CK (DFFRQX2M)
                                                          0.00       0.00 r
  UART_TX_RX/U0_UART_RX/U7/c_state_reg[1]/Q (DFFRQX2M)
                                                          0.38       0.38 r
  UART_TX_RX/U0_UART_RX/U7/U13/Y (NOR3X2M)                0.06       0.45 f
  UART_TX_RX/U0_UART_RX/U7/strt_chk_en (RX_FSM)           0.00       0.45 f
  UART_TX_RX/U0_UART_RX/U5/Strt_chk_en (Strt_chk)         0.00       0.45 f
  UART_TX_RX/U0_UART_RX/U5/U3/Y (AND2X2M)                 0.13       0.58 f
  UART_TX_RX/U0_UART_RX/U5/strt_glitch_reg/D (DFFRQX2M)
                                                          0.00       0.58 f
  data arrival time                                                  0.58

  clock Rx_clk (rise edge)                                0.00       0.00
  clock network delay (ideal)                             0.00       0.00
  clock uncertainty                                       0.10       0.10
  UART_TX_RX/U0_UART_RX/U5/strt_glitch_reg/CK (DFFRQX2M)
                                                          0.00       0.10 r
  library hold time                                      -0.02       0.08
  data required time                                                 0.08
  --------------------------------------------------------------------------
  data required time                                                 0.08
  data arrival time                                                 -0.58
  --------------------------------------------------------------------------
  slack (MET)                                                        0.50


  Startpoint: UART_TX_RX/U0_UART_RX/U3/P_DATA_reg[7]
              (rising edge-triggered flip-flop clocked by Rx_clk)
  Endpoint: UART_TX_RX/U0_UART_RX/U3/P_DATA_reg[6]
            (rising edge-triggered flip-flop clocked by Rx_clk)
  Path Group: Rx_clk
  Path Type: min

  Point                                                   Incr       Path
  --------------------------------------------------------------------------
  clock Rx_clk (rise edge)                                0.00       0.00
  clock network delay (ideal)                             0.00       0.00
  UART_TX_RX/U0_UART_RX/U3/P_DATA_reg[7]/CK (DFFRQX2M)
                                                          0.00       0.00 r
  UART_TX_RX/U0_UART_RX/U3/P_DATA_reg[7]/Q (DFFRQX2M)     0.47       0.47 f
  UART_TX_RX/U0_UART_RX/U3/U12/Y (INVX2M)                 0.07       0.53 r
  UART_TX_RX/U0_UART_RX/U3/U9/Y (OAI22X1M)                0.06       0.59 f
  UART_TX_RX/U0_UART_RX/U3/P_DATA_reg[6]/D (DFFRQX2M)     0.00       0.59 f
  data arrival time                                                  0.59

  clock Rx_clk (rise edge)                                0.00       0.00
  clock network delay (ideal)                             0.00       0.00
  clock uncertainty                                       0.10       0.10
  UART_TX_RX/U0_UART_RX/U3/P_DATA_reg[6]/CK (DFFRQX2M)
                                                          0.00       0.10 r
  library hold time                                      -0.03       0.07
  data required time                                                 0.07
  --------------------------------------------------------------------------
  data required time                                                 0.07
  data arrival time                                                 -0.59
  --------------------------------------------------------------------------
  slack (MET)                                                        0.52


  Startpoint: UART_TX_RX/U0_UART_RX/U3/P_DATA_reg[6]
              (rising edge-triggered flip-flop clocked by Rx_clk)
  Endpoint: UART_TX_RX/U0_UART_RX/U3/P_DATA_reg[5]
            (rising edge-triggered flip-flop clocked by Rx_clk)
  Path Group: Rx_clk
  Path Type: min

  Point                                                   Incr       Path
  --------------------------------------------------------------------------
  clock Rx_clk (rise edge)                                0.00       0.00
  clock network delay (ideal)                             0.00       0.00
  UART_TX_RX/U0_UART_RX/U3/P_DATA_reg[6]/CK (DFFRQX2M)
                                                          0.00       0.00 r
  UART_TX_RX/U0_UART_RX/U3/P_DATA_reg[6]/Q (DFFRQX2M)     0.47       0.47 f
  UART_TX_RX/U0_UART_RX/U3/U18/Y (INVX2M)                 0.07       0.53 r
  UART_TX_RX/U0_UART_RX/U3/U8/Y (OAI22X1M)                0.06       0.59 f
  UART_TX_RX/U0_UART_RX/U3/P_DATA_reg[5]/D (DFFRQX2M)     0.00       0.59 f
  data arrival time                                                  0.59

  clock Rx_clk (rise edge)                                0.00       0.00
  clock network delay (ideal)                             0.00       0.00
  clock uncertainty                                       0.10       0.10
  UART_TX_RX/U0_UART_RX/U3/P_DATA_reg[5]/CK (DFFRQX2M)
                                                          0.00       0.10 r
  library hold time                                      -0.03       0.07
  data required time                                                 0.07
  --------------------------------------------------------------------------
  data required time                                                 0.07
  data arrival time                                                 -0.59
  --------------------------------------------------------------------------
  slack (MET)                                                        0.52


  Startpoint: UART_TX_RX/U0_UART_RX/U3/P_DATA_reg[5]
              (rising edge-triggered flip-flop clocked by Rx_clk)
  Endpoint: UART_TX_RX/U0_UART_RX/U3/P_DATA_reg[4]
            (rising edge-triggered flip-flop clocked by Rx_clk)
  Path Group: Rx_clk
  Path Type: min

  Point                                                   Incr       Path
  --------------------------------------------------------------------------
  clock Rx_clk (rise edge)                                0.00       0.00
  clock network delay (ideal)                             0.00       0.00
  UART_TX_RX/U0_UART_RX/U3/P_DATA_reg[5]/CK (DFFRQX2M)
                                                          0.00       0.00 r
  UART_TX_RX/U0_UART_RX/U3/P_DATA_reg[5]/Q (DFFRQX2M)     0.47       0.47 f
  UART_TX_RX/U0_UART_RX/U3/U17/Y (INVX2M)                 0.07       0.53 r
  UART_TX_RX/U0_UART_RX/U3/U7/Y (OAI22X1M)                0.06       0.59 f
  UART_TX_RX/U0_UART_RX/U3/P_DATA_reg[4]/D (DFFRQX2M)     0.00       0.59 f
  data arrival time                                                  0.59

  clock Rx_clk (rise edge)                                0.00       0.00
  clock network delay (ideal)                             0.00       0.00
  clock uncertainty                                       0.10       0.10
  UART_TX_RX/U0_UART_RX/U3/P_DATA_reg[4]/CK (DFFRQX2M)
                                                          0.00       0.10 r
  library hold time                                      -0.03       0.07
  data required time                                                 0.07
  --------------------------------------------------------------------------
  data required time                                                 0.07
  data arrival time                                                 -0.59
  --------------------------------------------------------------------------
  slack (MET)                                                        0.52


  Startpoint: UART_TX_RX/U0_UART_RX/U3/P_DATA_reg[4]
              (rising edge-triggered flip-flop clocked by Rx_clk)
  Endpoint: UART_TX_RX/U0_UART_RX/U3/P_DATA_reg[3]
            (rising edge-triggered flip-flop clocked by Rx_clk)
  Path Group: Rx_clk
  Path Type: min

  Point                                                   Incr       Path
  --------------------------------------------------------------------------
  clock Rx_clk (rise edge)                                0.00       0.00
  clock network delay (ideal)                             0.00       0.00
  UART_TX_RX/U0_UART_RX/U3/P_DATA_reg[4]/CK (DFFRQX2M)
                                                          0.00       0.00 r
  UART_TX_RX/U0_UART_RX/U3/P_DATA_reg[4]/Q (DFFRQX2M)     0.47       0.47 f
  UART_TX_RX/U0_UART_RX/U3/U16/Y (INVX2M)                 0.07       0.53 r
  UART_TX_RX/U0_UART_RX/U3/U6/Y (OAI22X1M)                0.06       0.59 f
  UART_TX_RX/U0_UART_RX/U3/P_DATA_reg[3]/D (DFFRQX2M)     0.00       0.59 f
  data arrival time                                                  0.59

  clock Rx_clk (rise edge)                                0.00       0.00
  clock network delay (ideal)                             0.00       0.00
  clock uncertainty                                       0.10       0.10
  UART_TX_RX/U0_UART_RX/U3/P_DATA_reg[3]/CK (DFFRQX2M)
                                                          0.00       0.10 r
  library hold time                                      -0.03       0.07
  data required time                                                 0.07
  --------------------------------------------------------------------------
  data required time                                                 0.07
  data arrival time                                                 -0.59
  --------------------------------------------------------------------------
  slack (MET)                                                        0.52


  Startpoint: UART_TX_RX/U0_UART_RX/U3/P_DATA_reg[3]
              (rising edge-triggered flip-flop clocked by Rx_clk)
  Endpoint: UART_TX_RX/U0_UART_RX/U3/P_DATA_reg[2]
            (rising edge-triggered flip-flop clocked by Rx_clk)
  Path Group: Rx_clk
  Path Type: min

  Point                                                   Incr       Path
  --------------------------------------------------------------------------
  clock Rx_clk (rise edge)                                0.00       0.00
  clock network delay (ideal)                             0.00       0.00
  UART_TX_RX/U0_UART_RX/U3/P_DATA_reg[3]/CK (DFFRQX2M)
                                                          0.00       0.00 r
  UART_TX_RX/U0_UART_RX/U3/P_DATA_reg[3]/Q (DFFRQX2M)     0.47       0.47 f
  UART_TX_RX/U0_UART_RX/U3/U15/Y (INVX2M)                 0.07       0.53 r
  UART_TX_RX/U0_UART_RX/U3/U5/Y (OAI22X1M)                0.06       0.59 f
  UART_TX_RX/U0_UART_RX/U3/P_DATA_reg[2]/D (DFFRQX2M)     0.00       0.59 f
  data arrival time                                                  0.59

  clock Rx_clk (rise edge)                                0.00       0.00
  clock network delay (ideal)                             0.00       0.00
  clock uncertainty                                       0.10       0.10
  UART_TX_RX/U0_UART_RX/U3/P_DATA_reg[2]/CK (DFFRQX2M)
                                                          0.00       0.10 r
  library hold time                                      -0.03       0.07
  data required time                                                 0.07
  --------------------------------------------------------------------------
  data required time                                                 0.07
  data arrival time                                                 -0.59
  --------------------------------------------------------------------------
  slack (MET)                                                        0.52


  Startpoint: UART_TX_RX/U0_UART_RX/U3/P_DATA_reg[2]
              (rising edge-triggered flip-flop clocked by Rx_clk)
  Endpoint: UART_TX_RX/U0_UART_RX/U3/P_DATA_reg[1]
            (rising edge-triggered flip-flop clocked by Rx_clk)
  Path Group: Rx_clk
  Path Type: min

  Point                                                   Incr       Path
  --------------------------------------------------------------------------
  clock Rx_clk (rise edge)                                0.00       0.00
  clock network delay (ideal)                             0.00       0.00
  UART_TX_RX/U0_UART_RX/U3/P_DATA_reg[2]/CK (DFFRQX2M)
                                                          0.00       0.00 r
  UART_TX_RX/U0_UART_RX/U3/P_DATA_reg[2]/Q (DFFRQX2M)     0.47       0.47 f
  UART_TX_RX/U0_UART_RX/U3/U14/Y (INVX2M)                 0.07       0.53 r
  UART_TX_RX/U0_UART_RX/U3/U4/Y (OAI22X1M)                0.06       0.59 f
  UART_TX_RX/U0_UART_RX/U3/P_DATA_reg[1]/D (DFFRQX2M)     0.00       0.59 f
  data arrival time                                                  0.59

  clock Rx_clk (rise edge)                                0.00       0.00
  clock network delay (ideal)                             0.00       0.00
  clock uncertainty                                       0.10       0.10
  UART_TX_RX/U0_UART_RX/U3/P_DATA_reg[1]/CK (DFFRQX2M)
                                                          0.00       0.10 r
  library hold time                                      -0.03       0.07
  data required time                                                 0.07
  --------------------------------------------------------------------------
  data required time                                                 0.07
  data arrival time                                                 -0.59
  --------------------------------------------------------------------------
  slack (MET)                                                        0.52


  Startpoint: UART_TX_RX/U0_UART_RX/U3/P_DATA_reg[1]
              (rising edge-triggered flip-flop clocked by Rx_clk)
  Endpoint: UART_TX_RX/U0_UART_RX/U3/P_DATA_reg[0]
            (rising edge-triggered flip-flop clocked by Rx_clk)
  Path Group: Rx_clk
  Path Type: min

  Point                                                   Incr       Path
  --------------------------------------------------------------------------
  clock Rx_clk (rise edge)                                0.00       0.00
  clock network delay (ideal)                             0.00       0.00
  UART_TX_RX/U0_UART_RX/U3/P_DATA_reg[1]/CK (DFFRQX2M)
                                                          0.00       0.00 r
  UART_TX_RX/U0_UART_RX/U3/P_DATA_reg[1]/Q (DFFRQX2M)     0.47       0.47 f
  UART_TX_RX/U0_UART_RX/U3/U13/Y (INVX2M)                 0.07       0.53 r
  UART_TX_RX/U0_UART_RX/U3/U11/Y (OAI2BB2X1M)             0.07       0.61 f
  UART_TX_RX/U0_UART_RX/U3/P_DATA_reg[0]/D (DFFRQX2M)     0.00       0.61 f
  data arrival time                                                  0.61

  clock Rx_clk (rise edge)                                0.00       0.00
  clock network delay (ideal)                             0.00       0.00
  clock uncertainty                                       0.10       0.10
  UART_TX_RX/U0_UART_RX/U3/P_DATA_reg[0]/CK (DFFRQX2M)
                                                          0.00       0.10 r
  library hold time                                      -0.03       0.07
  data required time                                                 0.07
  --------------------------------------------------------------------------
  data required time                                                 0.07
  data arrival time                                                 -0.61
  --------------------------------------------------------------------------
  slack (MET)                                                        0.53


  Startpoint: UART_TX_RX/U0_UART_RX/U7/sample_valid_d_reg
              (rising edge-triggered flip-flop clocked by Rx_clk)
  Endpoint: UART_TX_RX/U0_UART_RX/U7/data_valid_reg
            (rising edge-triggered flip-flop clocked by Rx_clk)
  Path Group: Rx_clk
  Path Type: min

  Point                                                   Incr       Path
  --------------------------------------------------------------------------
  clock Rx_clk (rise edge)                                0.00       0.00
  clock network delay (ideal)                             0.00       0.00
  UART_TX_RX/U0_UART_RX/U7/sample_valid_d_reg/CK (DFFRQX2M)
                                                          0.00       0.00 r
  UART_TX_RX/U0_UART_RX/U7/sample_valid_d_reg/Q (DFFRQX2M)
                                                          0.47       0.47 f
  UART_TX_RX/U0_UART_RX/U7/U30/Y (NOR4BBX1M)              0.16       0.62 f
  UART_TX_RX/U0_UART_RX/U7/data_valid_reg/D (DFFRQX2M)
                                                          0.00       0.62 f
  data arrival time                                                  0.62

  clock Rx_clk (rise edge)                                0.00       0.00
  clock network delay (ideal)                             0.00       0.00
  clock uncertainty                                       0.10       0.10
  UART_TX_RX/U0_UART_RX/U7/data_valid_reg/CK (DFFRQX2M)
                                                          0.00       0.10 r
  library hold time                                      -0.03       0.07
  data required time                                                 0.07
  --------------------------------------------------------------------------
  data required time                                                 0.07
  data arrival time                                                 -0.62
  --------------------------------------------------------------------------
  slack (MET)                                                        0.55


  Startpoint: UART_TX_RX/U0_UART_RX/U1/Bit_cnt_reg[3]
              (rising edge-triggered flip-flop clocked by Rx_clk)
  Endpoint: UART_TX_RX/U0_UART_RX/U1/Bit_cnt_reg[3]
            (rising edge-triggered flip-flop clocked by Rx_clk)
  Path Group: Rx_clk
  Path Type: min

  Point                                                   Incr       Path
  --------------------------------------------------------------------------
  clock Rx_clk (rise edge)                                0.00       0.00
  clock network delay (ideal)                             0.00       0.00
  UART_TX_RX/U0_UART_RX/U1/Bit_cnt_reg[3]/CK (DFFRQX2M)
                                                          0.00       0.00 r
  UART_TX_RX/U0_UART_RX/U1/Bit_cnt_reg[3]/Q (DFFRQX2M)
                                                          0.50       0.50 f
  UART_TX_RX/U0_UART_RX/U1/U23/Y (OAI2BB1X2M)             0.08       0.58 r
  UART_TX_RX/U0_UART_RX/U1/U22/Y (OAI31X1M)               0.05       0.63 f
  UART_TX_RX/U0_UART_RX/U1/Bit_cnt_reg[3]/D (DFFRQX2M)
                                                          0.00       0.63 f
  data arrival time                                                  0.63

  clock Rx_clk (rise edge)                                0.00       0.00
  clock network delay (ideal)                             0.00       0.00
  clock uncertainty                                       0.10       0.10
  UART_TX_RX/U0_UART_RX/U1/Bit_cnt_reg[3]/CK (DFFRQX2M)
                                                          0.00       0.10 r
  library hold time                                      -0.02       0.08
  data required time                                                 0.08
  --------------------------------------------------------------------------
  data required time                                                 0.08
  data arrival time                                                 -0.63
  --------------------------------------------------------------------------
  slack (MET)                                                        0.55


  Startpoint: UART_TX_RX/U0_UART_RX/U3/P_DATA_reg[7]
              (rising edge-triggered flip-flop clocked by Rx_clk)
  Endpoint: UART_TX_RX/U0_UART_RX/U3/P_DATA_reg[7]
            (rising edge-triggered flip-flop clocked by Rx_clk)
  Path Group: Rx_clk
  Path Type: min

  Point                                                   Incr       Path
  --------------------------------------------------------------------------
  clock Rx_clk (rise edge)                                0.00       0.00
  clock network delay (ideal)                             0.00       0.00
  UART_TX_RX/U0_UART_RX/U3/P_DATA_reg[7]/CK (DFFRQX2M)
                                                          0.00       0.00 r
  UART_TX_RX/U0_UART_RX/U3/P_DATA_reg[7]/Q (DFFRQX2M)     0.47       0.47 f
  UART_TX_RX/U0_UART_RX/U3/U12/Y (INVX2M)                 0.07       0.53 r
  UART_TX_RX/U0_UART_RX/U3/U10/Y (OAI2BB2X1M)             0.09       0.62 f
  UART_TX_RX/U0_UART_RX/U3/P_DATA_reg[7]/D (DFFRQX2M)     0.00       0.62 f
  data arrival time                                                  0.62

  clock Rx_clk (rise edge)                                0.00       0.00
  clock network delay (ideal)                             0.00       0.00
  clock uncertainty                                       0.10       0.10
  UART_TX_RX/U0_UART_RX/U3/P_DATA_reg[7]/CK (DFFRQX2M)
                                                          0.00       0.10 r
  library hold time                                      -0.03       0.07
  data required time                                                 0.07
  --------------------------------------------------------------------------
  data required time                                                 0.07
  data arrival time                                                 -0.62
  --------------------------------------------------------------------------
  slack (MET)                                                        0.55


  Startpoint: UART_TX_RX/U0_UART_RX/U4/count_reg[2]
              (rising edge-triggered flip-flop clocked by Rx_clk)
  Endpoint: UART_TX_RX/U0_UART_RX/U4/count_reg[2]
            (rising edge-triggered flip-flop clocked by Rx_clk)
  Path Group: Rx_clk
  Path Type: min

  Point                                                   Incr       Path
  --------------------------------------------------------------------------
  clock Rx_clk (rise edge)                                0.00       0.00
  clock network delay (ideal)                             0.00       0.00
  UART_TX_RX/U0_UART_RX/U4/count_reg[2]/CK (DFFRQX2M)     0.00       0.00 r
  UART_TX_RX/U0_UART_RX/U4/count_reg[2]/Q (DFFRQX2M)      0.42       0.42 r
  UART_TX_RX/U0_UART_RX/U4/U20/Y (CLKXOR2X2M)             0.21       0.63 f
  UART_TX_RX/U0_UART_RX/U4/count_reg[2]/D (DFFRQX2M)      0.00       0.63 f
  data arrival time                                                  0.63

  clock Rx_clk (rise edge)                                0.00       0.00
  clock network delay (ideal)                             0.00       0.00
  clock uncertainty                                       0.10       0.10
  UART_TX_RX/U0_UART_RX/U4/count_reg[2]/CK (DFFRQX2M)     0.00       0.10 r
  library hold time                                      -0.03       0.07
  data required time                                                 0.07
  --------------------------------------------------------------------------
  data required time                                                 0.07
  data arrival time                                                 -0.63
  --------------------------------------------------------------------------
  slack (MET)                                                        0.56


  Startpoint: UART_TX_RX/U0_UART_RX/U4/parity_reg_reg
              (rising edge-triggered flip-flop clocked by Rx_clk)
  Endpoint: UART_TX_RX/U0_UART_RX/U4/parity_reg_reg
            (rising edge-triggered flip-flop clocked by Rx_clk)
  Path Group: Rx_clk
  Path Type: min

  Point                                                   Incr       Path
  --------------------------------------------------------------------------
  clock Rx_clk (rise edge)                                0.00       0.00
  clock network delay (ideal)                             0.00       0.00
  UART_TX_RX/U0_UART_RX/U4/parity_reg_reg/CK (DFFRQX2M)
                                                          0.00       0.00 r
  UART_TX_RX/U0_UART_RX/U4/parity_reg_reg/Q (DFFRQX2M)
                                                          0.38       0.38 r
  UART_TX_RX/U0_UART_RX/U4/U13/Y (CLKXOR2X2M)             0.22       0.60 r
  UART_TX_RX/U0_UART_RX/U4/U12/Y (NOR2X2M)                0.04       0.64 f
  UART_TX_RX/U0_UART_RX/U4/parity_reg_reg/D (DFFRQX2M)
                                                          0.00       0.64 f
  data arrival time                                                  0.64

  clock Rx_clk (rise edge)                                0.00       0.00
  clock network delay (ideal)                             0.00       0.00
  clock uncertainty                                       0.10       0.10
  UART_TX_RX/U0_UART_RX/U4/parity_reg_reg/CK (DFFRQX2M)
                                                          0.00       0.10 r
  library hold time                                      -0.02       0.08
  data required time                                                 0.08
  --------------------------------------------------------------------------
  data required time                                                 0.08
  data arrival time                                                 -0.64
  --------------------------------------------------------------------------
  slack (MET)                                                        0.56


  Startpoint: UART_TX_RX/U0_UART_RX/U2/s1_reg
              (rising edge-triggered flip-flop clocked by Rx_clk)
  Endpoint: UART_TX_RX/U0_UART_RX/U2/s1_reg
            (rising edge-triggered flip-flop clocked by Rx_clk)
  Path Group: Rx_clk
  Path Type: min

  Point                                                   Incr       Path
  --------------------------------------------------------------------------
  clock Rx_clk (rise edge)                                0.00       0.00
  clock network delay (ideal)                             0.00       0.00
  UART_TX_RX/U0_UART_RX/U2/s1_reg/CK (DFFRQX2M)           0.00       0.00 r
  UART_TX_RX/U0_UART_RX/U2/s1_reg/Q (DFFRQX2M)            0.47       0.47 f
  UART_TX_RX/U0_UART_RX/U2/U29/Y (MXI2X1M)                0.11       0.58 r
  UART_TX_RX/U0_UART_RX/U2/U28/Y (NOR2X1M)                0.06       0.64 f
  UART_TX_RX/U0_UART_RX/U2/s1_reg/D (DFFRQX2M)            0.00       0.64 f
  data arrival time                                                  0.64

  clock Rx_clk (rise edge)                                0.00       0.00
  clock network delay (ideal)                             0.00       0.00
  clock uncertainty                                       0.10       0.10
  UART_TX_RX/U0_UART_RX/U2/s1_reg/CK (DFFRQX2M)           0.00       0.10 r
  library hold time                                      -0.02       0.08
  data required time                                                 0.08
  --------------------------------------------------------------------------
  data required time                                                 0.08
  data arrival time                                                 -0.64
  --------------------------------------------------------------------------
  slack (MET)                                                        0.57


  Startpoint: UART_TX_RX/U0_UART_RX/U4/count_reg[0]
              (rising edge-triggered flip-flop clocked by Rx_clk)
  Endpoint: UART_TX_RX/U0_UART_RX/U4/par_done_reg
            (rising edge-triggered flip-flop clocked by Rx_clk)
  Path Group: Rx_clk
  Path Type: min

  Point                                                   Incr       Path
  --------------------------------------------------------------------------
  clock Rx_clk (rise edge)                                0.00       0.00
  clock network delay (ideal)                             0.00       0.00
  UART_TX_RX/U0_UART_RX/U4/count_reg[0]/CK (DFFRQX2M)     0.00       0.00 r
  UART_TX_RX/U0_UART_RX/U4/count_reg[0]/Q (DFFRQX2M)      0.41       0.41 r
  UART_TX_RX/U0_UART_RX/U4/U22/Y (INVX2M)                 0.07       0.48 f
  UART_TX_RX/U0_UART_RX/U4/U4/Y (NAND3X2M)                0.10       0.59 r
  UART_TX_RX/U0_UART_RX/U4/U3/Y (INVX2M)                  0.06       0.64 f
  UART_TX_RX/U0_UART_RX/U4/par_done_reg/D (DFFRQX2M)      0.00       0.64 f
  data arrival time                                                  0.64

  clock Rx_clk (rise edge)                                0.00       0.00
  clock network delay (ideal)                             0.00       0.00
  clock uncertainty                                       0.10       0.10
  UART_TX_RX/U0_UART_RX/U4/par_done_reg/CK (DFFRQX2M)     0.00       0.10 r
  library hold time                                      -0.02       0.08
  data required time                                                 0.08
  --------------------------------------------------------------------------
  data required time                                                 0.08
  data arrival time                                                 -0.64
  --------------------------------------------------------------------------
  slack (MET)                                                        0.57


  Startpoint: UART_TX_RX/U0_UART_RX/U2/Sampled_bit_reg
              (rising edge-triggered flip-flop clocked by Rx_clk)
  Endpoint: UART_TX_RX/U0_UART_RX/U4/par_err_reg
            (rising edge-triggered flip-flop clocked by Rx_clk)
  Path Group: Rx_clk
  Path Type: min

  Point                                                   Incr       Path
  --------------------------------------------------------------------------
  clock Rx_clk (rise edge)                                0.00       0.00
  clock network delay (ideal)                             0.00       0.00
  UART_TX_RX/U0_UART_RX/U2/Sampled_bit_reg/CK (DFFRQX2M)
                                                          0.00       0.00 r
  UART_TX_RX/U0_UART_RX/U2/Sampled_bit_reg/Q (DFFRQX2M)
                                                          0.43       0.43 r
  UART_TX_RX/U0_UART_RX/U2/Sampled_bit (Data_sampling)
                                                          0.00       0.43 r
  UART_TX_RX/U0_UART_RX/U4/Sampled_bit (Parity_chk)       0.00       0.43 r
  UART_TX_RX/U0_UART_RX/U4/U11/Y (XNOR3X2M)               0.13       0.57 r
  UART_TX_RX/U0_UART_RX/U4/U10/Y (OAI2BB2X1M)             0.07       0.64 f
  UART_TX_RX/U0_UART_RX/U4/par_err_reg/D (DFFRQX2M)       0.00       0.64 f
  data arrival time                                                  0.64

  clock Rx_clk (rise edge)                                0.00       0.00
  clock network delay (ideal)                             0.00       0.00
  clock uncertainty                                       0.10       0.10
  UART_TX_RX/U0_UART_RX/U4/par_err_reg/CK (DFFRQX2M)      0.00       0.10 r
  library hold time                                      -0.03       0.07
  data required time                                                 0.07
  --------------------------------------------------------------------------
  data required time                                                 0.07
  data arrival time                                                 -0.64
  --------------------------------------------------------------------------
  slack (MET)                                                        0.57


  Startpoint: UART_TX_RX/U0_UART_RX/U1/Edge_cnt_reg[0]
              (rising edge-triggered flip-flop clocked by Rx_clk)
  Endpoint: UART_TX_RX/U0_UART_RX/U1/Edge_cnt_reg[1]
            (rising edge-triggered flip-flop clocked by Rx_clk)
  Path Group: Rx_clk
  Path Type: min

  Point                                                   Incr       Path
  --------------------------------------------------------------------------
  clock Rx_clk (rise edge)                                0.00       0.00
  clock network delay (ideal)                             0.00       0.00
  UART_TX_RX/U0_UART_RX/U1/Edge_cnt_reg[0]/CK (DFFRQX2M)
                                                          0.00       0.00 r
  UART_TX_RX/U0_UART_RX/U1/Edge_cnt_reg[0]/Q (DFFRQX2M)
                                                          0.45       0.45 r
  UART_TX_RX/U0_UART_RX/U1/U36/S (ADDHX1M)                0.07       0.52 f
  UART_TX_RX/U0_UART_RX/U1/U10/Y (NOR2BX2M)               0.13       0.65 f
  UART_TX_RX/U0_UART_RX/U1/Edge_cnt_reg[1]/D (DFFRQX2M)
                                                          0.00       0.65 f
  data arrival time                                                  0.65

  clock Rx_clk (rise edge)                                0.00       0.00
  clock network delay (ideal)                             0.00       0.00
  clock uncertainty                                       0.10       0.10
  UART_TX_RX/U0_UART_RX/U1/Edge_cnt_reg[1]/CK (DFFRQX2M)
                                                          0.00       0.10 r
  library hold time                                      -0.02       0.08
  data required time                                                 0.08
  --------------------------------------------------------------------------
  data required time                                                 0.08
  data arrival time                                                 -0.65
  --------------------------------------------------------------------------
  slack (MET)                                                        0.57


  Startpoint: UART_TX_RX/U0_UART_RX/U2/s0_reg
              (rising edge-triggered flip-flop clocked by Rx_clk)
  Endpoint: UART_TX_RX/U0_UART_RX/U2/s0_reg
            (rising edge-triggered flip-flop clocked by Rx_clk)
  Path Group: Rx_clk
  Path Type: min

  Point                                                   Incr       Path
  --------------------------------------------------------------------------
  clock Rx_clk (rise edge)                                0.00       0.00
  clock network delay (ideal)                             0.00       0.00
  UART_TX_RX/U0_UART_RX/U2/s0_reg/CK (DFFRQX2M)           0.00       0.00 r
  UART_TX_RX/U0_UART_RX/U2/s0_reg/Q (DFFRQX2M)            0.47       0.47 f
  UART_TX_RX/U0_UART_RX/U2/U27/Y (MXI2X1M)                0.12       0.59 r
  UART_TX_RX/U0_UART_RX/U2/U26/Y (NOR2X1M)                0.06       0.65 f
  UART_TX_RX/U0_UART_RX/U2/s0_reg/D (DFFRQX2M)            0.00       0.65 f
  data arrival time                                                  0.65

  clock Rx_clk (rise edge)                                0.00       0.00
  clock network delay (ideal)                             0.00       0.00
  clock uncertainty                                       0.10       0.10
  UART_TX_RX/U0_UART_RX/U2/s0_reg/CK (DFFRQX2M)           0.00       0.10 r
  library hold time                                      -0.02       0.08
  data required time                                                 0.08
  --------------------------------------------------------------------------
  data required time                                                 0.08
  data arrival time                                                 -0.65
  --------------------------------------------------------------------------
  slack (MET)                                                        0.57


  Startpoint: UART_TX_RX/U0_UART_RX/U2/Sample_Valid_reg
              (rising edge-triggered flip-flop clocked by Rx_clk)
  Endpoint: UART_TX_RX/U0_UART_RX/U6/stp_done_reg
            (rising edge-triggered flip-flop clocked by Rx_clk)
  Path Group: Rx_clk
  Path Type: min

  Point                                                   Incr       Path
  --------------------------------------------------------------------------
  clock Rx_clk (rise edge)                                0.00       0.00
  clock network delay (ideal)                             0.00       0.00
  UART_TX_RX/U0_UART_RX/U2/Sample_Valid_reg/CK (DFFRQX2M)
                                                          0.00       0.00 r
  UART_TX_RX/U0_UART_RX/U2/Sample_Valid_reg/Q (DFFRQX2M)
                                                          0.49       0.49 f
  UART_TX_RX/U0_UART_RX/U2/Sample_Valid (Data_sampling)
                                                          0.00       0.49 f
  UART_TX_RX/U0_UART_RX/U7/Sample_valid (RX_FSM)          0.00       0.49 f
  UART_TX_RX/U0_UART_RX/U7/U26/Y (INVX2M)                 0.11       0.60 r
  UART_TX_RX/U0_UART_RX/U7/U8/Y (NOR2X2M)                 0.05       0.66 f
  UART_TX_RX/U0_UART_RX/U7/stp_chk_en (RX_FSM)            0.00       0.66 f
  UART_TX_RX/U0_UART_RX/U6/stp_chk_en (stp_chk)           0.00       0.66 f
  UART_TX_RX/U0_UART_RX/U6/stp_done_reg/D (DFFRQX2M)      0.00       0.66 f
  data arrival time                                                  0.66

  clock Rx_clk (rise edge)                                0.00       0.00
  clock network delay (ideal)                             0.00       0.00
  clock uncertainty                                       0.10       0.10
  UART_TX_RX/U0_UART_RX/U6/stp_done_reg/CK (DFFRQX2M)     0.00       0.10 r
  library hold time                                      -0.02       0.08
  data required time                                                 0.08
  --------------------------------------------------------------------------
  data required time                                                 0.08
  data arrival time                                                 -0.66
  --------------------------------------------------------------------------
  slack (MET)                                                        0.58


  Startpoint: UART_TX_RX/U0_UART_RX/U1/Edge_cnt_reg[5]
              (rising edge-triggered flip-flop clocked by Rx_clk)
  Endpoint: UART_TX_RX/U0_UART_RX/U1/Edge_cnt_reg[5]
            (rising edge-triggered flip-flop clocked by Rx_clk)
  Path Group: Rx_clk
  Path Type: min

  Point                                                   Incr       Path
  --------------------------------------------------------------------------
  clock Rx_clk (rise edge)                                0.00       0.00
  clock network delay (ideal)                             0.00       0.00
  UART_TX_RX/U0_UART_RX/U1/Edge_cnt_reg[5]/CK (DFFRQX2M)
                                                          0.00       0.00 r
  UART_TX_RX/U0_UART_RX/U1/Edge_cnt_reg[5]/Q (DFFRQX2M)
                                                          0.42       0.42 r
  UART_TX_RX/U0_UART_RX/U1/U25/Y (XNOR2X2M)               0.19       0.62 r
  UART_TX_RX/U0_UART_RX/U1/U24/Y (NOR2X2M)                0.05       0.66 f
  UART_TX_RX/U0_UART_RX/U1/Edge_cnt_reg[5]/D (DFFRQX2M)
                                                          0.00       0.66 f
  data arrival time                                                  0.66

  clock Rx_clk (rise edge)                                0.00       0.00
  clock network delay (ideal)                             0.00       0.00
  clock uncertainty                                       0.10       0.10
  UART_TX_RX/U0_UART_RX/U1/Edge_cnt_reg[5]/CK (DFFRQX2M)
                                                          0.00       0.10 r
  library hold time                                      -0.02       0.08
  data required time                                                 0.08
  --------------------------------------------------------------------------
  data required time                                                 0.08
  data arrival time                                                 -0.66
  --------------------------------------------------------------------------
  slack (MET)                                                        0.58


  Startpoint: UART_TX_RX/U0_UART_RX/U1/Edge_cnt_reg[4]
              (rising edge-triggered flip-flop clocked by Rx_clk)
  Endpoint: UART_TX_RX/U0_UART_RX/U1/Edge_cnt_reg[4]
            (rising edge-triggered flip-flop clocked by Rx_clk)
  Path Group: Rx_clk
  Path Type: min

  Point                                                   Incr       Path
  --------------------------------------------------------------------------
  clock Rx_clk (rise edge)                                0.00       0.00
  clock network delay (ideal)                             0.00       0.00
  UART_TX_RX/U0_UART_RX/U1/Edge_cnt_reg[4]/CK (DFFRQX2M)
                                                          0.00       0.00 r
  UART_TX_RX/U0_UART_RX/U1/Edge_cnt_reg[4]/Q (DFFRQX2M)
                                                          0.43       0.43 r
  UART_TX_RX/U0_UART_RX/U1/U37/S (ADDHX1M)                0.11       0.54 f
  UART_TX_RX/U0_UART_RX/U1/U7/Y (NOR2BX2M)                0.12       0.66 f
  UART_TX_RX/U0_UART_RX/U1/Edge_cnt_reg[4]/D (DFFRQX2M)
                                                          0.00       0.66 f
  data arrival time                                                  0.66

  clock Rx_clk (rise edge)                                0.00       0.00
  clock network delay (ideal)                             0.00       0.00
  clock uncertainty                                       0.10       0.10
  UART_TX_RX/U0_UART_RX/U1/Edge_cnt_reg[4]/CK (DFFRQX2M)
                                                          0.00       0.10 r
  library hold time                                      -0.02       0.08
  data required time                                                 0.08
  --------------------------------------------------------------------------
  data required time                                                 0.08
  data arrival time                                                 -0.66
  --------------------------------------------------------------------------
  slack (MET)                                                        0.58


  Startpoint: UART_TX_RX/U0_UART_RX/U1/Edge_cnt_reg[2]
              (rising edge-triggered flip-flop clocked by Rx_clk)
  Endpoint: UART_TX_RX/U0_UART_RX/U1/Edge_cnt_reg[2]
            (rising edge-triggered flip-flop clocked by Rx_clk)
  Path Group: Rx_clk
  Path Type: min

  Point                                                   Incr       Path
  --------------------------------------------------------------------------
  clock Rx_clk (rise edge)                                0.00       0.00
  clock network delay (ideal)                             0.00       0.00
  UART_TX_RX/U0_UART_RX/U1/Edge_cnt_reg[2]/CK (DFFRQX2M)
                                                          0.00       0.00 r
  UART_TX_RX/U0_UART_RX/U1/Edge_cnt_reg[2]/Q (DFFRQX2M)
                                                          0.43       0.43 r
  UART_TX_RX/U0_UART_RX/U1/U34/S (ADDHX1M)                0.11       0.54 f
  UART_TX_RX/U0_UART_RX/U1/U9/Y (NOR2BX2M)                0.12       0.67 f
  UART_TX_RX/U0_UART_RX/U1/Edge_cnt_reg[2]/D (DFFRQX2M)
                                                          0.00       0.67 f
  data arrival time                                                  0.67

  clock Rx_clk (rise edge)                                0.00       0.00
  clock network delay (ideal)                             0.00       0.00
  clock uncertainty                                       0.10       0.10
  UART_TX_RX/U0_UART_RX/U1/Edge_cnt_reg[2]/CK (DFFRQX2M)
                                                          0.00       0.10 r
  library hold time                                      -0.02       0.08
  data required time                                                 0.08
  --------------------------------------------------------------------------
  data required time                                                 0.08
  data arrival time                                                 -0.67
  --------------------------------------------------------------------------
  slack (MET)                                                        0.59


  Startpoint: UART_TX_RX/U0_UART_RX/U1/Edge_cnt_reg[3]
              (rising edge-triggered flip-flop clocked by Rx_clk)
  Endpoint: UART_TX_RX/U0_UART_RX/U1/Edge_cnt_reg[3]
            (rising edge-triggered flip-flop clocked by Rx_clk)
  Path Group: Rx_clk
  Path Type: min

  Point                                                   Incr       Path
  --------------------------------------------------------------------------
  clock Rx_clk (rise edge)                                0.00       0.00
  clock network delay (ideal)                             0.00       0.00
  UART_TX_RX/U0_UART_RX/U1/Edge_cnt_reg[3]/CK (DFFRQX2M)
                                                          0.00       0.00 r
  UART_TX_RX/U0_UART_RX/U1/Edge_cnt_reg[3]/Q (DFFRQX2M)
                                                          0.43       0.43 r
  UART_TX_RX/U0_UART_RX/U1/U35/S (ADDHX1M)                0.11       0.54 f
  UART_TX_RX/U0_UART_RX/U1/U8/Y (NOR2BX2M)                0.12       0.67 f
  UART_TX_RX/U0_UART_RX/U1/Edge_cnt_reg[3]/D (DFFRQX2M)
                                                          0.00       0.67 f
  data arrival time                                                  0.67

  clock Rx_clk (rise edge)                                0.00       0.00
  clock network delay (ideal)                             0.00       0.00
  clock uncertainty                                       0.10       0.10
  UART_TX_RX/U0_UART_RX/U1/Edge_cnt_reg[3]/CK (DFFRQX2M)
                                                          0.00       0.10 r
  library hold time                                      -0.02       0.08
  data required time                                                 0.08
  --------------------------------------------------------------------------
  data required time                                                 0.08
  data arrival time                                                 -0.67
  --------------------------------------------------------------------------
  slack (MET)                                                        0.59


  Startpoint: UART_TX_RX/U0_UART_RX/U2/Sampled_bit_reg
              (rising edge-triggered flip-flop clocked by Rx_clk)
  Endpoint: UART_TX_RX/U0_UART_RX/U2/Sampled_bit_reg
            (rising edge-triggered flip-flop clocked by Rx_clk)
  Path Group: Rx_clk
  Path Type: min

  Point                                                   Incr       Path
  --------------------------------------------------------------------------
  clock Rx_clk (rise edge)                                0.00       0.00
  clock network delay (ideal)                             0.00       0.00
  UART_TX_RX/U0_UART_RX/U2/Sampled_bit_reg/CK (DFFRQX2M)
                                                          0.00       0.00 r
  UART_TX_RX/U0_UART_RX/U2/Sampled_bit_reg/Q (DFFRQX2M)
                                                          0.51       0.51 f
  UART_TX_RX/U0_UART_RX/U2/U31/Y (NAND3X1M)               0.10       0.61 r
  UART_TX_RX/U0_UART_RX/U2/U30/Y (OAI2B1X1M)              0.06       0.67 f
  UART_TX_RX/U0_UART_RX/U2/Sampled_bit_reg/D (DFFRQX2M)
                                                          0.00       0.67 f
  data arrival time                                                  0.67

  clock Rx_clk (rise edge)                                0.00       0.00
  clock network delay (ideal)                             0.00       0.00
  clock uncertainty                                       0.10       0.10
  UART_TX_RX/U0_UART_RX/U2/Sampled_bit_reg/CK (DFFRQX2M)
                                                          0.00       0.10 r
  library hold time                                      -0.02       0.08
  data required time                                                 0.08
  --------------------------------------------------------------------------
  data required time                                                 0.08
  data arrival time                                                 -0.67
  --------------------------------------------------------------------------
  slack (MET)                                                        0.59


  Startpoint: UART_TX_RX/U0_UART_RX/U1/Bit_cnt_reg[1]
              (rising edge-triggered flip-flop clocked by Rx_clk)
  Endpoint: UART_TX_RX/U0_UART_RX/U1/Bit_cnt_reg[1]
            (rising edge-triggered flip-flop clocked by Rx_clk)
  Path Group: Rx_clk
  Path Type: min

  Point                                                   Incr       Path
  --------------------------------------------------------------------------
  clock Rx_clk (rise edge)                                0.00       0.00
  clock network delay (ideal)                             0.00       0.00
  UART_TX_RX/U0_UART_RX/U1/Bit_cnt_reg[1]/CK (DFFRQX2M)
                                                          0.00       0.00 r
  UART_TX_RX/U0_UART_RX/U1/Bit_cnt_reg[1]/Q (DFFRQX2M)
                                                          0.50       0.50 f
  UART_TX_RX/U0_UART_RX/U1/U15/Y (OAI2B2X1M)              0.20       0.70 f
  UART_TX_RX/U0_UART_RX/U1/Bit_cnt_reg[1]/D (DFFRQX2M)
                                                          0.00       0.70 f
  data arrival time                                                  0.70

  clock Rx_clk (rise edge)                                0.00       0.00
  clock network delay (ideal)                             0.00       0.00
  clock uncertainty                                       0.10       0.10
  UART_TX_RX/U0_UART_RX/U1/Bit_cnt_reg[1]/CK (DFFRQX2M)
                                                          0.00       0.10 r
  library hold time                                      -0.03       0.07
  data required time                                                 0.07
  --------------------------------------------------------------------------
  data required time                                                 0.07
  data arrival time                                                 -0.70
  --------------------------------------------------------------------------
  slack (MET)                                                        0.63


  Startpoint: UART_TX_RX/U0_UART_RX/U1/Edge_cnt_reg[5]
              (rising edge-triggered flip-flop clocked by Rx_clk)
  Endpoint: UART_TX_RX/U0_UART_RX/U2/Sample_Valid_reg
            (rising edge-triggered flip-flop clocked by Rx_clk)
  Path Group: Rx_clk
  Path Type: min

  Point                                                   Incr       Path
  --------------------------------------------------------------------------
  clock Rx_clk (rise edge)                                0.00       0.00
  clock network delay (ideal)                             0.00       0.00
  UART_TX_RX/U0_UART_RX/U1/Edge_cnt_reg[5]/CK (DFFRQX2M)
                                                          0.00       0.00 r
  UART_TX_RX/U0_UART_RX/U1/Edge_cnt_reg[5]/Q (DFFRQX2M)
                                                          0.42       0.42 r
  UART_TX_RX/U0_UART_RX/U1/Edge_cnt[5] (Edge_Bit_Counter)
                                                          0.00       0.42 r
  UART_TX_RX/U0_UART_RX/U2/Edge_cnt[5] (Data_sampling)
                                                          0.00       0.42 r
  UART_TX_RX/U0_UART_RX/U2/U47/Y (CLKXOR2X2M)             0.24       0.66 r
  UART_TX_RX/U0_UART_RX/U2/U46/Y (NOR4X1M)                0.07       0.73 f
  UART_TX_RX/U0_UART_RX/U2/U36/Y (CLKNAND2X2M)            0.06       0.79 r
  UART_TX_RX/U0_UART_RX/U2/U34/Y (NOR2X1M)                0.05       0.84 f
  UART_TX_RX/U0_UART_RX/U2/Sample_Valid_reg/D (DFFRQX2M)
                                                          0.00       0.84 f
  data arrival time                                                  0.84

  clock Rx_clk (rise edge)                                0.00       0.00
  clock network delay (ideal)                             0.00       0.00
  clock uncertainty                                       0.10       0.10
  UART_TX_RX/U0_UART_RX/U2/Sample_Valid_reg/CK (DFFRQX2M)
                                                          0.00       0.10 r
  library hold time                                      -0.02       0.08
  data required time                                                 0.08
  --------------------------------------------------------------------------
  data required time                                                 0.08
  data arrival time                                                 -0.84
  --------------------------------------------------------------------------
  slack (MET)                                                        0.77


  Startpoint: UART_TX_RX/U0_UART_RX/U6/stp_err_reg
              (rising edge-triggered flip-flop clocked by Rx_clk)
  Endpoint: stp_err (output port clocked by Rx_clk)
  Path Group: Rx_clk
  Path Type: min

  Point                                                   Incr       Path
  --------------------------------------------------------------------------
  clock Rx_clk (rise edge)                                0.00       0.00
  clock network delay (ideal)                             0.00       0.00
  UART_TX_RX/U0_UART_RX/U6/stp_err_reg/CK (DFFRQX2M)      0.00       0.00 r
  UART_TX_RX/U0_UART_RX/U6/stp_err_reg/Q (DFFRQX2M)       0.75       0.75 f
  UART_TX_RX/U0_UART_RX/U6/stp_err (stp_chk)              0.00       0.75 f
  UART_TX_RX/U0_UART_RX/Stop_Err (RX_TOP)                 0.00       0.75 f
  UART_TX_RX/framing_error (UART_DATA_WIDTH8)             0.00       0.75 f
  stp_err (out)                                           0.00       0.75 f
  data arrival time                                                  0.75

  clock Rx_clk (rise edge)                                0.00       0.00
  clock network delay (ideal)                             0.00       0.00
  clock uncertainty                                       0.10       0.10
  output external delay                                 -54.26     -54.16
  data required time                                               -54.16
  --------------------------------------------------------------------------
  data required time                                               -54.16
  data arrival time                                                 -0.75
  --------------------------------------------------------------------------
  slack (MET)                                                       54.91


  Startpoint: UART_TX_RX/U0_UART_RX/U4/par_err_reg
              (rising edge-triggered flip-flop clocked by Rx_clk)
  Endpoint: parity_err (output port clocked by Rx_clk)
  Path Group: Rx_clk
  Path Type: min

  Point                                                   Incr       Path
  --------------------------------------------------------------------------
  clock Rx_clk (rise edge)                                0.00       0.00
  clock network delay (ideal)                             0.00       0.00
  UART_TX_RX/U0_UART_RX/U4/par_err_reg/CK (DFFRQX2M)      0.00       0.00 r
  UART_TX_RX/U0_UART_RX/U4/par_err_reg/Q (DFFRQX2M)       0.76       0.76 f
  UART_TX_RX/U0_UART_RX/U4/par_err (Parity_chk)           0.00       0.76 f
  UART_TX_RX/U0_UART_RX/Parity_Err (RX_TOP)               0.00       0.76 f
  UART_TX_RX/parity_error (UART_DATA_WIDTH8)              0.00       0.76 f
  parity_err (out)                                        0.00       0.76 f
  data arrival time                                                  0.76

  clock Rx_clk (rise edge)                                0.00       0.00
  clock network delay (ideal)                             0.00       0.00
  clock uncertainty                                       0.10       0.10
  output external delay                                 -54.26     -54.16
  data required time                                               -54.16
  --------------------------------------------------------------------------
  data required time                                               -54.16
  data arrival time                                                 -0.76
  --------------------------------------------------------------------------
  slack (MET)                                                       54.91


  Startpoint: tx_rst_sync/n_synch_reg[1]
              (rising edge-triggered flip-flop clocked by Tx_clk)
  Endpoint: tx_rst_sync/n_synch_reg[2]
            (rising edge-triggered flip-flop clocked by Tx_clk)
  Path Group: Tx_clk
  Path Type: min

  Point                                                   Incr       Path
  --------------------------------------------------------------------------
  clock Tx_clk (rise edge)                                0.00       0.00
  clock network delay (ideal)                             0.00       0.00
  tx_rst_sync/n_synch_reg[1]/CK (DFFRQX2M)                0.00       0.00 r
  tx_rst_sync/n_synch_reg[1]/Q (DFFRQX2M)                 0.45       0.45 f
  tx_rst_sync/n_synch_reg[2]/D (DFFRQX2M)                 0.00       0.45 f
  data arrival time                                                  0.45

  clock Tx_clk (rise edge)                                0.00       0.00
  clock network delay (ideal)                             0.00       0.00
  clock uncertainty                                       0.10       0.10
  tx_rst_sync/n_synch_reg[2]/CK (DFFRQX2M)                0.00       0.10 r
  library hold time                                      -0.03       0.07
  data required time                                                 0.07
  --------------------------------------------------------------------------
  data required time                                                 0.07
  data arrival time                                                 -0.45
  --------------------------------------------------------------------------
  slack (MET)                                                        0.37


  Startpoint: tx_rst_sync/n_synch_reg[0]/CK
              (internal path startpoint clocked by Tx_clk)
  Endpoint: tx_rst_sync/n_synch_reg[1]
            (rising edge-triggered flip-flop clocked by Tx_clk)
  Path Group: Tx_clk
  Path Type: min

  Point                                                   Incr       Path
  --------------------------------------------------------------------------
  clock Tx_clk (rise edge)                                0.00       0.00
  clock network delay (ideal)                             0.00       0.00
  input external delay                                    0.00       0.00 r
  tx_rst_sync/n_synch_reg[0]/CK (DFFRQX2M)                0.00       0.00 r
  tx_rst_sync/n_synch_reg[0]/Q (DFFRQX2M)                 0.45       0.45 f
  tx_rst_sync/n_synch_reg[1]/D (DFFRQX2M)                 0.00       0.45 f
  data arrival time                                                  0.45

  clock Tx_clk (rise edge)                                0.00       0.00
  clock network delay (ideal)                             0.00       0.00
  clock uncertainty                                       0.10       0.10
  tx_rst_sync/n_synch_reg[1]/CK (DFFRQX2M)                0.00       0.10 r
  library hold time                                      -0.03       0.07
  data required time                                                 0.07
  --------------------------------------------------------------------------
  data required time                                                 0.07
  data arrival time                                                 -0.45
  --------------------------------------------------------------------------
  slack (MET)                                                        0.37


  Startpoint: FIFO_u/U2_WRptr_sync/s0_reg[3]
              (rising edge-triggered flip-flop clocked by Tx_clk)
  Endpoint: FIFO_u/U2_WRptr_sync/s1_reg[3]
            (rising edge-triggered flip-flop clocked by Tx_clk)
  Path Group: Tx_clk
  Path Type: min

  Point                                                   Incr       Path
  --------------------------------------------------------------------------
  clock Tx_clk (rise edge)                                0.00       0.00
  clock network delay (ideal)                             0.00       0.00
  FIFO_u/U2_WRptr_sync/s0_reg[3]/CK (DFFRQX2M)            0.00       0.00 r
  FIFO_u/U2_WRptr_sync/s0_reg[3]/Q (DFFRQX2M)             0.45       0.45 f
  FIFO_u/U2_WRptr_sync/s1_reg[3]/D (DFFRQX2M)             0.00       0.45 f
  data arrival time                                                  0.45

  clock Tx_clk (rise edge)                                0.00       0.00
  clock network delay (ideal)                             0.00       0.00
  clock uncertainty                                       0.10       0.10
  FIFO_u/U2_WRptr_sync/s1_reg[3]/CK (DFFRQX2M)            0.00       0.10 r
  library hold time                                      -0.03       0.07
  data required time                                                 0.07
  --------------------------------------------------------------------------
  data required time                                                 0.07
  data arrival time                                                 -0.45
  --------------------------------------------------------------------------
  slack (MET)                                                        0.37


  Startpoint: FIFO_u/U2_WRptr_sync/s0_reg[2]
              (rising edge-triggered flip-flop clocked by Tx_clk)
  Endpoint: FIFO_u/U2_WRptr_sync/s1_reg[2]
            (rising edge-triggered flip-flop clocked by Tx_clk)
  Path Group: Tx_clk
  Path Type: min

  Point                                                   Incr       Path
  --------------------------------------------------------------------------
  clock Tx_clk (rise edge)                                0.00       0.00
  clock network delay (ideal)                             0.00       0.00
  FIFO_u/U2_WRptr_sync/s0_reg[2]/CK (DFFRQX2M)            0.00       0.00 r
  FIFO_u/U2_WRptr_sync/s0_reg[2]/Q (DFFRQX2M)             0.45       0.45 f
  FIFO_u/U2_WRptr_sync/s1_reg[2]/D (DFFRQX2M)             0.00       0.45 f
  data arrival time                                                  0.45

  clock Tx_clk (rise edge)                                0.00       0.00
  clock network delay (ideal)                             0.00       0.00
  clock uncertainty                                       0.10       0.10
  FIFO_u/U2_WRptr_sync/s1_reg[2]/CK (DFFRQX2M)            0.00       0.10 r
  library hold time                                      -0.03       0.07
  data required time                                                 0.07
  --------------------------------------------------------------------------
  data required time                                                 0.07
  data arrival time                                                 -0.45
  --------------------------------------------------------------------------
  slack (MET)                                                        0.37


  Startpoint: FIFO_u/U2_WRptr_sync/s0_reg[1]
              (rising edge-triggered flip-flop clocked by Tx_clk)
  Endpoint: FIFO_u/U2_WRptr_sync/s1_reg[1]
            (rising edge-triggered flip-flop clocked by Tx_clk)
  Path Group: Tx_clk
  Path Type: min

  Point                                                   Incr       Path
  --------------------------------------------------------------------------
  clock Tx_clk (rise edge)                                0.00       0.00
  clock network delay (ideal)                             0.00       0.00
  FIFO_u/U2_WRptr_sync/s0_reg[1]/CK (DFFRQX2M)            0.00       0.00 r
  FIFO_u/U2_WRptr_sync/s0_reg[1]/Q (DFFRQX2M)             0.45       0.45 f
  FIFO_u/U2_WRptr_sync/s1_reg[1]/D (DFFRQX2M)             0.00       0.45 f
  data arrival time                                                  0.45

  clock Tx_clk (rise edge)                                0.00       0.00
  clock network delay (ideal)                             0.00       0.00
  clock uncertainty                                       0.10       0.10
  FIFO_u/U2_WRptr_sync/s1_reg[1]/CK (DFFRQX2M)            0.00       0.10 r
  library hold time                                      -0.03       0.07
  data required time                                                 0.07
  --------------------------------------------------------------------------
  data required time                                                 0.07
  data arrival time                                                 -0.45
  --------------------------------------------------------------------------
  slack (MET)                                                        0.37


  Startpoint: FIFO_u/U2_WRptr_sync/s0_reg[0]
              (rising edge-triggered flip-flop clocked by Tx_clk)
  Endpoint: FIFO_u/U2_WRptr_sync/s1_reg[0]
            (rising edge-triggered flip-flop clocked by Tx_clk)
  Path Group: Tx_clk
  Path Type: min

  Point                                                   Incr       Path
  --------------------------------------------------------------------------
  clock Tx_clk (rise edge)                                0.00       0.00
  clock network delay (ideal)                             0.00       0.00
  FIFO_u/U2_WRptr_sync/s0_reg[0]/CK (DFFRQX2M)            0.00       0.00 r
  FIFO_u/U2_WRptr_sync/s0_reg[0]/Q (DFFRQX2M)             0.45       0.45 f
  FIFO_u/U2_WRptr_sync/s1_reg[0]/D (DFFRQX2M)             0.00       0.45 f
  data arrival time                                                  0.45

  clock Tx_clk (rise edge)                                0.00       0.00
  clock network delay (ideal)                             0.00       0.00
  clock uncertainty                                       0.10       0.10
  FIFO_u/U2_WRptr_sync/s1_reg[0]/CK (DFFRQX2M)            0.00       0.10 r
  library hold time                                      -0.03       0.07
  data required time                                                 0.07
  --------------------------------------------------------------------------
  data required time                                                 0.07
  data arrival time                                                 -0.45
  --------------------------------------------------------------------------
  slack (MET)                                                        0.37


  Startpoint: Pulse_U/rcv_flop_reg
              (rising edge-triggered flip-flop clocked by Tx_clk)
  Endpoint: Pulse_U/pls_flop_reg
            (rising edge-triggered flip-flop clocked by Tx_clk)
  Path Group: Tx_clk
  Path Type: min

  Point                                    Incr       Path
  -----------------------------------------------------------
  clock Tx_clk (rise edge)                 0.00       0.00
  clock network delay (ideal)              0.00       0.00
  Pulse_U/rcv_flop_reg/CK (DFFRQX2M)       0.00       0.00 r
  Pulse_U/rcv_flop_reg/Q (DFFRQX2M)        0.46       0.46 f
  Pulse_U/pls_flop_reg/D (DFFRQX2M)        0.00       0.46 f
  data arrival time                                   0.46

  clock Tx_clk (rise edge)                 0.00       0.00
  clock network delay (ideal)              0.00       0.00
  clock uncertainty                        0.10       0.10
  Pulse_U/pls_flop_reg/CK (DFFRQX2M)       0.00       0.10 r
  library hold time                       -0.03       0.07
  data required time                                  0.07
  -----------------------------------------------------------
  data required time                                  0.07
  data arrival time                                  -0.46
  -----------------------------------------------------------
  slack (MET)                                         0.38


  Startpoint: UART_TX_RX/U0_UART_TX/U2/current_state_reg[2]
              (rising edge-triggered flip-flop clocked by Tx_clk)
  Endpoint: UART_TX_RX/U0_UART_TX/U2/current_state_reg[0]
            (rising edge-triggered flip-flop clocked by Tx_clk)
  Path Group: Tx_clk
  Path Type: min

  Point                                                   Incr       Path
  --------------------------------------------------------------------------
  clock Tx_clk (rise edge)                                0.00       0.00
  clock network delay (ideal)                             0.00       0.00
  UART_TX_RX/U0_UART_TX/U2/current_state_reg[2]/CK (DFFRQX2M)
                                                          0.00       0.00 r
  UART_TX_RX/U0_UART_TX/U2/current_state_reg[2]/Q (DFFRQX2M)
                                                          0.42       0.42 r
  UART_TX_RX/U0_UART_TX/U2/U14/Y (AOI21X2M)               0.05       0.47 f
  UART_TX_RX/U0_UART_TX/U2/current_state_reg[0]/D (DFFRQX2M)
                                                          0.00       0.47 f
  data arrival time                                                  0.47

  clock Tx_clk (rise edge)                                0.00       0.00
  clock network delay (ideal)                             0.00       0.00
  clock uncertainty                                       0.10       0.10
  UART_TX_RX/U0_UART_TX/U2/current_state_reg[0]/CK (DFFRQX2M)
                                                          0.00       0.10 r
  library hold time                                      -0.02       0.08
  data required time                                                 0.08
  --------------------------------------------------------------------------
  data required time                                                 0.08
  data arrival time                                                 -0.47
  --------------------------------------------------------------------------
  slack (MET)                                                        0.40


  Startpoint: FIFO_u/U5/RD_PTR_BIN_reg[3]
              (rising edge-triggered flip-flop clocked by Tx_clk)
  Endpoint: FIFO_u/U5/RD_PTR_BIN_reg[3]
            (rising edge-triggered flip-flop clocked by Tx_clk)
  Path Group: Tx_clk
  Path Type: min

  Point                                                   Incr       Path
  --------------------------------------------------------------------------
  clock Tx_clk (rise edge)                                0.00       0.00
  clock network delay (ideal)                             0.00       0.00
  FIFO_u/U5/RD_PTR_BIN_reg[3]/CK (DFFRQX2M)               0.00       0.00 r
  FIFO_u/U5/RD_PTR_BIN_reg[3]/Q (DFFRQX2M)                0.36       0.36 r
  FIFO_u/U5/U15/Y (XNOR2X2M)                              0.12       0.49 f
  FIFO_u/U5/RD_PTR_BIN_reg[3]/D (DFFRQX2M)                0.00       0.49 f
  data arrival time                                                  0.49

  clock Tx_clk (rise edge)                                0.00       0.00
  clock network delay (ideal)                             0.00       0.00
  clock uncertainty                                       0.10       0.10
  FIFO_u/U5/RD_PTR_BIN_reg[3]/CK (DFFRQX2M)               0.00       0.10 r
  library hold time                                      -0.03       0.07
  data required time                                                 0.07
  --------------------------------------------------------------------------
  data required time                                                 0.07
  data arrival time                                                 -0.49
  --------------------------------------------------------------------------
  slack (MET)                                                        0.42


  Startpoint: FIFO_u/U5/RD_PTR_BIN_reg[3]
              (rising edge-triggered flip-flop clocked by Tx_clk)
  Endpoint: FIFO_u/U5/RD_PTR_GRAY_reg[3]
            (rising edge-triggered flip-flop clocked by Tx_clk)
  Path Group: Tx_clk
  Path Type: min

  Point                                                   Incr       Path
  --------------------------------------------------------------------------
  clock Tx_clk (rise edge)                                0.00       0.00
  clock network delay (ideal)                             0.00       0.00
  FIFO_u/U5/RD_PTR_BIN_reg[3]/CK (DFFRQX2M)               0.00       0.00 r
  FIFO_u/U5/RD_PTR_BIN_reg[3]/Q (DFFRQX2M)                0.36       0.36 r
  FIFO_u/U5/U15/Y (XNOR2X2M)                              0.12       0.49 f
  FIFO_u/U5/RD_PTR_GRAY_reg[3]/D (DFFRQX2M)               0.00       0.49 f
  data arrival time                                                  0.49

  clock Tx_clk (rise edge)                                0.00       0.00
  clock network delay (ideal)                             0.00       0.00
  clock uncertainty                                       0.10       0.10
  FIFO_u/U5/RD_PTR_GRAY_reg[3]/CK (DFFRQX2M)              0.00       0.10 r
  library hold time                                      -0.03       0.07
  data required time                                                 0.07
  --------------------------------------------------------------------------
  data required time                                                 0.07
  data arrival time                                                 -0.49
  --------------------------------------------------------------------------
  slack (MET)                                                        0.42


  Startpoint: UART_TX_RX/U0_UART_TX/U2/current_state_reg[0]
              (rising edge-triggered flip-flop clocked by Tx_clk)
  Endpoint: Pulse_U/rcv_flop_reg
            (rising edge-triggered flip-flop clocked by Tx_clk)
  Path Group: Tx_clk
  Path Type: min

  Point                                                   Incr       Path
  --------------------------------------------------------------------------
  clock Tx_clk (rise edge)                                0.00       0.00
  clock network delay (ideal)                             0.00       0.00
  UART_TX_RX/U0_UART_TX/U2/current_state_reg[0]/CK (DFFRQX2M)
                                                          0.00       0.00 r
  UART_TX_RX/U0_UART_TX/U2/current_state_reg[0]/Q (DFFRQX2M)
                                                          0.45       0.45 r
  UART_TX_RX/U0_UART_TX/U2/U13/Y (OAI21X2M)               0.08       0.54 f
  UART_TX_RX/U0_UART_TX/U2/busy (TX_FSM)                  0.00       0.54 f
  UART_TX_RX/U0_UART_TX/busy (TX_TOP_WIDTH8)              0.00       0.54 f
  UART_TX_RX/TX_OUT_V (UART_DATA_WIDTH8)                  0.00       0.54 f
  Pulse_U/lvl_sig (PULSE_GEN)                             0.00       0.54 f
  Pulse_U/rcv_flop_reg/D (DFFRQX2M)                       0.00       0.54 f
  data arrival time                                                  0.54

  clock Tx_clk (rise edge)                                0.00       0.00
  clock network delay (ideal)                             0.00       0.00
  clock uncertainty                                       0.10       0.10
  Pulse_U/rcv_flop_reg/CK (DFFRQX2M)                      0.00       0.10 r
  library hold time                                      -0.02       0.08
  data required time                                                 0.08
  --------------------------------------------------------------------------
  data required time                                                 0.08
  data arrival time                                                 -0.54
  --------------------------------------------------------------------------
  slack (MET)                                                        0.46


  Startpoint: UART_TX_RX/U0_UART_TX/U1/counter_reg[1]
              (rising edge-triggered flip-flop clocked by Tx_clk)
  Endpoint: UART_TX_RX/U0_UART_TX/U1/counter_reg[1]
            (rising edge-triggered flip-flop clocked by Tx_clk)
  Path Group: Tx_clk
  Path Type: min

  Point                                                   Incr       Path
  --------------------------------------------------------------------------
  clock Tx_clk (rise edge)                                0.00       0.00
  clock network delay (ideal)                             0.00       0.00
  UART_TX_RX/U0_UART_TX/U1/counter_reg[1]/CK (DFFRQX2M)
                                                          0.00       0.00 r
  UART_TX_RX/U0_UART_TX/U1/counter_reg[1]/Q (DFFRQX2M)
                                                          0.44       0.44 r
  UART_TX_RX/U0_UART_TX/U1/U17/Y (OAI22X1M)               0.10       0.54 f
  UART_TX_RX/U0_UART_TX/U1/counter_reg[1]/D (DFFRQX2M)
                                                          0.00       0.54 f
  data arrival time                                                  0.54

  clock Tx_clk (rise edge)                                0.00       0.00
  clock network delay (ideal)                             0.00       0.00
  clock uncertainty                                       0.10       0.10
  UART_TX_RX/U0_UART_TX/U1/counter_reg[1]/CK (DFFRQX2M)
                                                          0.00       0.10 r
  library hold time                                      -0.02       0.08
  data required time                                                 0.08
  --------------------------------------------------------------------------
  data required time                                                 0.08
  data arrival time                                                 -0.54
  --------------------------------------------------------------------------
  slack (MET)                                                        0.46


  Startpoint: FIFO_u/U5/RD_PTR_BIN_reg[1]
              (rising edge-triggered flip-flop clocked by Tx_clk)
  Endpoint: FIFO_u/U5/RD_PTR_BIN_reg[1]
            (rising edge-triggered flip-flop clocked by Tx_clk)
  Path Group: Tx_clk
  Path Type: min

  Point                                                   Incr       Path
  --------------------------------------------------------------------------
  clock Tx_clk (rise edge)                                0.00       0.00
  clock network delay (ideal)                             0.00       0.00
  FIFO_u/U5/RD_PTR_BIN_reg[1]/CK (DFFRQX2M)               0.00       0.00 r
  FIFO_u/U5/RD_PTR_BIN_reg[1]/Q (DFFRQX2M)                0.43       0.43 r
  FIFO_u/U5/U17/Y (XNOR2X2M)                              0.14       0.57 f
  FIFO_u/U5/RD_PTR_BIN_reg[1]/D (DFFRQX2M)                0.00       0.57 f
  data arrival time                                                  0.57

  clock Tx_clk (rise edge)                                0.00       0.00
  clock network delay (ideal)                             0.00       0.00
  clock uncertainty                                       0.10       0.10
  FIFO_u/U5/RD_PTR_BIN_reg[1]/CK (DFFRQX2M)               0.00       0.10 r
  library hold time                                      -0.03       0.07
  data required time                                                 0.07
  --------------------------------------------------------------------------
  data required time                                                 0.07
  data arrival time                                                 -0.57
  --------------------------------------------------------------------------
  slack (MET)                                                        0.51


  Startpoint: UART_TX_RX/U0_UART_TX/U1/ser_done_reg
              (rising edge-triggered flip-flop clocked by Tx_clk)
  Endpoint: UART_TX_RX/U0_UART_TX/U1/ser_done_reg
            (rising edge-triggered flip-flop clocked by Tx_clk)
  Path Group: Tx_clk
  Path Type: min

  Point                                                   Incr       Path
  --------------------------------------------------------------------------
  clock Tx_clk (rise edge)                                0.00       0.00
  clock network delay (ideal)                             0.00       0.00
  UART_TX_RX/U0_UART_TX/U1/ser_done_reg/CK (DFFRQX2M)     0.00       0.00 r
  UART_TX_RX/U0_UART_TX/U1/ser_done_reg/Q (DFFRQX2M)      0.48       0.48 f
  UART_TX_RX/U0_UART_TX/U1/U10/Y (OAI21X2M)               0.07       0.55 r
  UART_TX_RX/U0_UART_TX/U1/U9/Y (OAI31X1M)                0.04       0.59 f
  UART_TX_RX/U0_UART_TX/U1/ser_done_reg/D (DFFRQX2M)      0.00       0.59 f
  data arrival time                                                  0.59

  clock Tx_clk (rise edge)                                0.00       0.00
  clock network delay (ideal)                             0.00       0.00
  clock uncertainty                                       0.10       0.10
  UART_TX_RX/U0_UART_TX/U1/ser_done_reg/CK (DFFRQX2M)     0.00       0.10 r
  library hold time                                      -0.02       0.08
  data required time                                                 0.08
  --------------------------------------------------------------------------
  data required time                                                 0.08
  data arrival time                                                 -0.59
  --------------------------------------------------------------------------
  slack (MET)                                                        0.51


  Startpoint: UART_TX_RX/U0_UART_TX/U1/counter_reg[0]
              (rising edge-triggered flip-flop clocked by Tx_clk)
  Endpoint: UART_TX_RX/U0_UART_TX/U1/counter_reg[0]
            (rising edge-triggered flip-flop clocked by Tx_clk)
  Path Group: Tx_clk
  Path Type: min

  Point                                                   Incr       Path
  --------------------------------------------------------------------------
  clock Tx_clk (rise edge)                                0.00       0.00
  clock network delay (ideal)                             0.00       0.00
  UART_TX_RX/U0_UART_TX/U1/counter_reg[0]/CK (DFFRQX2M)
                                                          0.00       0.00 r
  UART_TX_RX/U0_UART_TX/U1/counter_reg[0]/Q (DFFRQX2M)
                                                          0.48       0.48 r
  UART_TX_RX/U0_UART_TX/U1/U11/Y (OAI211X2M)              0.12       0.60 f
  UART_TX_RX/U0_UART_TX/U1/counter_reg[0]/D (DFFRQX2M)
                                                          0.00       0.60 f
  data arrival time                                                  0.60

  clock Tx_clk (rise edge)                                0.00       0.00
  clock network delay (ideal)                             0.00       0.00
  clock uncertainty                                       0.10       0.10
  UART_TX_RX/U0_UART_TX/U1/counter_reg[0]/CK (DFFRQX2M)
                                                          0.00       0.10 r
  library hold time                                      -0.03       0.07
  data required time                                                 0.07
  --------------------------------------------------------------------------
  data required time                                                 0.07
  data arrival time                                                 -0.60
  --------------------------------------------------------------------------
  slack (MET)                                                        0.52


  Startpoint: UART_TX_RX/U0_UART_TX/U1/counter_reg[2]
              (rising edge-triggered flip-flop clocked by Tx_clk)
  Endpoint: UART_TX_RX/U0_UART_TX/U1/counter_reg[2]
            (rising edge-triggered flip-flop clocked by Tx_clk)
  Path Group: Tx_clk
  Path Type: min

  Point                                                   Incr       Path
  --------------------------------------------------------------------------
  clock Tx_clk (rise edge)                                0.00       0.00
  clock network delay (ideal)                             0.00       0.00
  UART_TX_RX/U0_UART_TX/U1/counter_reg[2]/CK (DFFRQX2M)
                                                          0.00       0.00 r
  UART_TX_RX/U0_UART_TX/U1/counter_reg[2]/Q (DFFRQX2M)
                                                          0.49       0.49 f
  UART_TX_RX/U0_UART_TX/U1/U29/Y (INVX2M)                 0.09       0.58 r
  UART_TX_RX/U0_UART_TX/U1/U6/Y (OAI22X1M)                0.06       0.64 f
  UART_TX_RX/U0_UART_TX/U1/counter_reg[2]/D (DFFRQX2M)
                                                          0.00       0.64 f
  data arrival time                                                  0.64

  clock Tx_clk (rise edge)                                0.00       0.00
  clock network delay (ideal)                             0.00       0.00
  clock uncertainty                                       0.10       0.10
  UART_TX_RX/U0_UART_TX/U1/counter_reg[2]/CK (DFFRQX2M)
                                                          0.00       0.10 r
  library hold time                                      -0.02       0.08
  data required time                                                 0.08
  --------------------------------------------------------------------------
  data required time                                                 0.08
  data arrival time                                                 -0.64
  --------------------------------------------------------------------------
  slack (MET)                                                        0.56


  Startpoint: FIFO_u/U2_WRptr_sync/s1_reg[2]
              (rising edge-triggered flip-flop clocked by Tx_clk)
  Endpoint: FIFO_u/U5/empty_reg
            (rising edge-triggered flip-flop clocked by Tx_clk)
  Path Group: Tx_clk
  Path Type: min

  Point                                                   Incr       Path
  --------------------------------------------------------------------------
  clock Tx_clk (rise edge)                                0.00       0.00
  clock network delay (ideal)                             0.00       0.00
  FIFO_u/U2_WRptr_sync/s1_reg[2]/CK (DFFRQX2M)            0.00       0.00 r
  FIFO_u/U2_WRptr_sync/s1_reg[2]/Q (DFFRQX2M)             0.37       0.37 r
  FIFO_u/U2_WRptr_sync/synch_o_ptr[2] (DF_SYNC_WIDTH4_0)
                                                          0.00       0.37 r
  FIFO_u/U5/WR_PTR_GRAY_SYNCH[2] (FIFO_RD_DEPTH8_ADDR_SIZE3_PTR_SIZE4)
                                                          0.00       0.37 r
  FIFO_u/U5/U11/Y (CLKXOR2X2M)                            0.15       0.52 r
  FIFO_u/U5/U8/Y (NOR4X1M)                                0.05       0.58 f
  FIFO_u/U5/empty_reg/D (DFFSQX2M)                        0.00       0.58 f
  data arrival time                                                  0.58

  clock Tx_clk (rise edge)                                0.00       0.00
  clock network delay (ideal)                             0.00       0.00
  clock uncertainty                                       0.10       0.10
  FIFO_u/U5/empty_reg/CK (DFFSQX2M)                       0.00       0.10 r
  library hold time                                      -0.10       0.00
  data required time                                                 0.00
  --------------------------------------------------------------------------
  data required time                                                 0.00
  data arrival time                                                 -0.58
  --------------------------------------------------------------------------
  slack (MET)                                                        0.57


  Startpoint: UART_TX_RX/U0_UART_TX/U2/current_state_reg[2]
              (rising edge-triggered flip-flop clocked by Tx_clk)
  Endpoint: UART_TX_RX/U0_UART_TX/U2/current_state_reg[2]
            (rising edge-triggered flip-flop clocked by Tx_clk)
  Path Group: Tx_clk
  Path Type: min

  Point                                                   Incr       Path
  --------------------------------------------------------------------------
  clock Tx_clk (rise edge)                                0.00       0.00
  clock network delay (ideal)                             0.00       0.00
  UART_TX_RX/U0_UART_TX/U2/current_state_reg[2]/CK (DFFRQX2M)
                                                          0.00       0.00 r
  UART_TX_RX/U0_UART_TX/U2/current_state_reg[2]/Q (DFFRQX2M)
                                                          0.42       0.42 r
  UART_TX_RX/U0_UART_TX/U2/U6/Y (NOR2X2M)                 0.09       0.52 f
  UART_TX_RX/U0_UART_TX/U2/U3/Y (INVX2M)                  0.09       0.60 r
  UART_TX_RX/U0_UART_TX/U2/U17/Y (NOR2X2M)                0.05       0.65 f
  UART_TX_RX/U0_UART_TX/U2/current_state_reg[2]/D (DFFRQX2M)
                                                          0.00       0.65 f
  data arrival time                                                  0.65

  clock Tx_clk (rise edge)                                0.00       0.00
  clock network delay (ideal)                             0.00       0.00
  clock uncertainty                                       0.10       0.10
  UART_TX_RX/U0_UART_TX/U2/current_state_reg[2]/CK (DFFRQX2M)
                                                          0.00       0.10 r
  library hold time                                      -0.02       0.08
  data required time                                                 0.08
  --------------------------------------------------------------------------
  data required time                                                 0.08
  data arrival time                                                 -0.65
  --------------------------------------------------------------------------
  slack (MET)                                                        0.58


  Startpoint: UART_TX_RX/U0_UART_TX/U2/current_state_reg[2]
              (rising edge-triggered flip-flop clocked by Tx_clk)
  Endpoint: UART_TX_RX/U0_UART_TX/U2/current_state_reg[1]
            (rising edge-triggered flip-flop clocked by Tx_clk)
  Path Group: Tx_clk
  Path Type: min

  Point                                                   Incr       Path
  --------------------------------------------------------------------------
  clock Tx_clk (rise edge)                                0.00       0.00
  clock network delay (ideal)                             0.00       0.00
  UART_TX_RX/U0_UART_TX/U2/current_state_reg[2]/CK (DFFRQX2M)
                                                          0.00       0.00 r
  UART_TX_RX/U0_UART_TX/U2/current_state_reg[2]/Q (DFFRQX2M)
                                                          0.42       0.42 r
  UART_TX_RX/U0_UART_TX/U2/U10/Y (INVX2M)                 0.07       0.49 f
  UART_TX_RX/U0_UART_TX/U2/U8/Y (NAND2X2M)                0.10       0.59 r
  UART_TX_RX/U0_UART_TX/U2/U4/Y (NAND2X2M)                0.06       0.65 f
  UART_TX_RX/U0_UART_TX/U2/current_state_reg[1]/D (DFFRQX2M)
                                                          0.00       0.65 f
  data arrival time                                                  0.65

  clock Tx_clk (rise edge)                                0.00       0.00
  clock network delay (ideal)                             0.00       0.00
  clock uncertainty                                       0.10       0.10
  UART_TX_RX/U0_UART_TX/U2/current_state_reg[1]/CK (DFFRQX2M)
                                                          0.00       0.10 r
  library hold time                                      -0.02       0.08
  data required time                                                 0.08
  --------------------------------------------------------------------------
  data required time                                                 0.08
  data arrival time                                                 -0.65
  --------------------------------------------------------------------------
  slack (MET)                                                        0.58


  Startpoint: UART_TX_RX/U0_UART_TX/U1/loading_reg
              (rising edge-triggered flip-flop clocked by Tx_clk)
  Endpoint: UART_TX_RX/U0_UART_TX/U1/loading_reg
            (rising edge-triggered flip-flop clocked by Tx_clk)
  Path Group: Tx_clk
  Path Type: min

  Point                                                   Incr       Path
  --------------------------------------------------------------------------
  clock Tx_clk (rise edge)                                0.00       0.00
  clock network delay (ideal)                             0.00       0.00
  UART_TX_RX/U0_UART_TX/U1/loading_reg/CK (DFFRQX2M)      0.00       0.00 r
  UART_TX_RX/U0_UART_TX/U1/loading_reg/Q (DFFRQX2M)       0.52       0.52 f
  UART_TX_RX/U0_UART_TX/U1/U16/Y (OAI21X2M)               0.08       0.60 r
  UART_TX_RX/U0_UART_TX/U1/U15/Y (NAND2X2M)               0.05       0.65 f
  UART_TX_RX/U0_UART_TX/U1/loading_reg/D (DFFRQX2M)       0.00       0.65 f
  data arrival time                                                  0.65

  clock Tx_clk (rise edge)                                0.00       0.00
  clock network delay (ideal)                             0.00       0.00
  clock uncertainty                                       0.10       0.10
  UART_TX_RX/U0_UART_TX/U1/loading_reg/CK (DFFRQX2M)      0.00       0.10 r
  library hold time                                      -0.02       0.08
  data required time                                                 0.08
  --------------------------------------------------------------------------
  data required time                                                 0.08
  data arrival time                                                 -0.65
  --------------------------------------------------------------------------
  slack (MET)                                                        0.58


  Startpoint: UART_TX_RX/U0_UART_TX/U1/mem_reg[0]
              (rising edge-triggered flip-flop clocked by Tx_clk)
  Endpoint: UART_TX_RX/U0_UART_TX/U1/mem_reg[0]
            (rising edge-triggered flip-flop clocked by Tx_clk)
  Path Group: Tx_clk
  Path Type: min

  Point                                                   Incr       Path
  --------------------------------------------------------------------------
  clock Tx_clk (rise edge)                                0.00       0.00
  clock network delay (ideal)                             0.00       0.00
  UART_TX_RX/U0_UART_TX/U1/mem_reg[0]/CK (DFFRQX2M)       0.00       0.00 r
  UART_TX_RX/U0_UART_TX/U1/mem_reg[0]/Q (DFFRQX2M)        0.37       0.37 r
  UART_TX_RX/U0_UART_TX/U1/U13/Y (OAI2BB2X1M)             0.15       0.51 r
  UART_TX_RX/U0_UART_TX/U1/mem_reg[0]/D (DFFRQX2M)        0.00       0.51 r
  data arrival time                                                  0.51

  clock Tx_clk (rise edge)                                0.00       0.00
  clock network delay (ideal)                             0.00       0.00
  clock uncertainty                                       0.10       0.10
  UART_TX_RX/U0_UART_TX/U1/mem_reg[0]/CK (DFFRQX2M)       0.00       0.10 r
  library hold time                                      -0.17      -0.07
  data required time                                                -0.07
  --------------------------------------------------------------------------
  data required time                                                -0.07
  data arrival time                                                 -0.51
  --------------------------------------------------------------------------
  slack (MET)                                                        0.58


  Startpoint: FIFO_u/U5/empty_reg
              (rising edge-triggered flip-flop clocked by Tx_clk)
  Endpoint: FIFO_u/U5/RD_PTR_BIN_reg[0]
            (rising edge-triggered flip-flop clocked by Tx_clk)
  Path Group: Tx_clk
  Path Type: min

  Point                                                   Incr       Path
  --------------------------------------------------------------------------
  clock Tx_clk (rise edge)                                0.00       0.00
  clock network delay (ideal)                             0.00       0.00
  FIFO_u/U5/empty_reg/CK (DFFSQX2M)                       0.00       0.00 r
  FIFO_u/U5/empty_reg/Q (DFFSQX2M)                        0.42       0.42 r
  FIFO_u/U5/U6/Y (NOR2BX2M)                               0.07       0.49 f
  FIFO_u/U5/U18/Y (CLKXOR2X2M)                            0.17       0.66 f
  FIFO_u/U5/RD_PTR_BIN_reg[0]/D (DFFRQX2M)                0.00       0.66 f
  data arrival time                                                  0.66

  clock Tx_clk (rise edge)                                0.00       0.00
  clock network delay (ideal)                             0.00       0.00
  clock uncertainty                                       0.10       0.10
  FIFO_u/U5/RD_PTR_BIN_reg[0]/CK (DFFRQX2M)               0.00       0.10 r
  library hold time                                      -0.03       0.07
  data required time                                                 0.07
  --------------------------------------------------------------------------
  data required time                                                 0.07
  data arrival time                                                 -0.66
  --------------------------------------------------------------------------
  slack (MET)                                                        0.59


  Startpoint: UART_TX_RX/U0_UART_TX/U1/mem_reg[1]
              (rising edge-triggered flip-flop clocked by Tx_clk)
  Endpoint: UART_TX_RX/U0_UART_TX/U1/mem_reg[1]
            (rising edge-triggered flip-flop clocked by Tx_clk)
  Path Group: Tx_clk
  Path Type: min

  Point                                                   Incr       Path
  --------------------------------------------------------------------------
  clock Tx_clk (rise edge)                                0.00       0.00
  clock network delay (ideal)                             0.00       0.00
  UART_TX_RX/U0_UART_TX/U1/mem_reg[1]/CK (DFFRQX2M)       0.00       0.00 r
  UART_TX_RX/U0_UART_TX/U1/mem_reg[1]/Q (DFFRQX2M)        0.37       0.37 r
  UART_TX_RX/U0_UART_TX/U1/U25/Y (AO22X1M)                0.15       0.52 r
  UART_TX_RX/U0_UART_TX/U1/mem_reg[1]/D (DFFRQX2M)        0.00       0.52 r
  data arrival time                                                  0.52

  clock Tx_clk (rise edge)                                0.00       0.00
  clock network delay (ideal)                             0.00       0.00
  clock uncertainty                                       0.10       0.10
  UART_TX_RX/U0_UART_TX/U1/mem_reg[1]/CK (DFFRQX2M)       0.00       0.10 r
  library hold time                                      -0.17      -0.07
  data required time                                                -0.07
  --------------------------------------------------------------------------
  data required time                                                -0.07
  data arrival time                                                 -0.52
  --------------------------------------------------------------------------
  slack (MET)                                                        0.59


  Startpoint: UART_TX_RX/U0_UART_TX/U1/mem_reg[3]
              (rising edge-triggered flip-flop clocked by Tx_clk)
  Endpoint: UART_TX_RX/U0_UART_TX/U1/mem_reg[3]
            (rising edge-triggered flip-flop clocked by Tx_clk)
  Path Group: Tx_clk
  Path Type: min

  Point                                                   Incr       Path
  --------------------------------------------------------------------------
  clock Tx_clk (rise edge)                                0.00       0.00
  clock network delay (ideal)                             0.00       0.00
  UART_TX_RX/U0_UART_TX/U1/mem_reg[3]/CK (DFFRQX2M)       0.00       0.00 r
  UART_TX_RX/U0_UART_TX/U1/mem_reg[3]/Q (DFFRQX2M)        0.37       0.37 r
  UART_TX_RX/U0_UART_TX/U1/U22/Y (AO22X1M)                0.15       0.52 r
  UART_TX_RX/U0_UART_TX/U1/mem_reg[3]/D (DFFRQX2M)        0.00       0.52 r
  data arrival time                                                  0.52

  clock Tx_clk (rise edge)                                0.00       0.00
  clock network delay (ideal)                             0.00       0.00
  clock uncertainty                                       0.10       0.10
  UART_TX_RX/U0_UART_TX/U1/mem_reg[3]/CK (DFFRQX2M)       0.00       0.10 r
  library hold time                                      -0.17      -0.07
  data required time                                                -0.07
  --------------------------------------------------------------------------
  data required time                                                -0.07
  data arrival time                                                 -0.52
  --------------------------------------------------------------------------
  slack (MET)                                                        0.59


  Startpoint: UART_TX_RX/U0_UART_TX/U1/mem_reg[5]
              (rising edge-triggered flip-flop clocked by Tx_clk)
  Endpoint: UART_TX_RX/U0_UART_TX/U1/mem_reg[5]
            (rising edge-triggered flip-flop clocked by Tx_clk)
  Path Group: Tx_clk
  Path Type: min

  Point                                                   Incr       Path
  --------------------------------------------------------------------------
  clock Tx_clk (rise edge)                                0.00       0.00
  clock network delay (ideal)                             0.00       0.00
  UART_TX_RX/U0_UART_TX/U1/mem_reg[5]/CK (DFFRQX2M)       0.00       0.00 r
  UART_TX_RX/U0_UART_TX/U1/mem_reg[5]/Q (DFFRQX2M)        0.37       0.37 r
  UART_TX_RX/U0_UART_TX/U1/U23/Y (AO22X1M)                0.15       0.52 r
  UART_TX_RX/U0_UART_TX/U1/mem_reg[5]/D (DFFRQX2M)        0.00       0.52 r
  data arrival time                                                  0.52

  clock Tx_clk (rise edge)                                0.00       0.00
  clock network delay (ideal)                             0.00       0.00
  clock uncertainty                                       0.10       0.10
  UART_TX_RX/U0_UART_TX/U1/mem_reg[5]/CK (DFFRQX2M)       0.00       0.10 r
  library hold time                                      -0.17      -0.07
  data required time                                                -0.07
  --------------------------------------------------------------------------
  data required time                                                -0.07
  data arrival time                                                 -0.52
  --------------------------------------------------------------------------
  slack (MET)                                                        0.59


  Startpoint: UART_TX_RX/U0_UART_TX/U1/mem_reg[7]
              (rising edge-triggered flip-flop clocked by Tx_clk)
  Endpoint: UART_TX_RX/U0_UART_TX/U1/mem_reg[7]
            (rising edge-triggered flip-flop clocked by Tx_clk)
  Path Group: Tx_clk
  Path Type: min

  Point                                                   Incr       Path
  --------------------------------------------------------------------------
  clock Tx_clk (rise edge)                                0.00       0.00
  clock network delay (ideal)                             0.00       0.00
  UART_TX_RX/U0_UART_TX/U1/mem_reg[7]/CK (DFFRQX2M)       0.00       0.00 r
  UART_TX_RX/U0_UART_TX/U1/mem_reg[7]/Q (DFFRQX2M)        0.37       0.37 r
  UART_TX_RX/U0_UART_TX/U1/U7/Y (AO22X1M)                 0.15       0.52 r
  UART_TX_RX/U0_UART_TX/U1/mem_reg[7]/D (DFFRQX2M)        0.00       0.52 r
  data arrival time                                                  0.52

  clock Tx_clk (rise edge)                                0.00       0.00
  clock network delay (ideal)                             0.00       0.00
  clock uncertainty                                       0.10       0.10
  UART_TX_RX/U0_UART_TX/U1/mem_reg[7]/CK (DFFRQX2M)       0.00       0.10 r
  library hold time                                      -0.17      -0.07
  data required time                                                -0.07
  --------------------------------------------------------------------------
  data required time                                                -0.07
  data arrival time                                                 -0.52
  --------------------------------------------------------------------------
  slack (MET)                                                        0.59


  Startpoint: UART_TX_RX/U0_UART_TX/U1/mem_reg[2]
              (rising edge-triggered flip-flop clocked by Tx_clk)
  Endpoint: UART_TX_RX/U0_UART_TX/U1/mem_reg[2]
            (rising edge-triggered flip-flop clocked by Tx_clk)
  Path Group: Tx_clk
  Path Type: min

  Point                                                   Incr       Path
  --------------------------------------------------------------------------
  clock Tx_clk (rise edge)                                0.00       0.00
  clock network delay (ideal)                             0.00       0.00
  UART_TX_RX/U0_UART_TX/U1/mem_reg[2]/CK (DFFRQX2M)       0.00       0.00 r
  UART_TX_RX/U0_UART_TX/U1/mem_reg[2]/Q (DFFRQX2M)        0.37       0.37 r
  UART_TX_RX/U0_UART_TX/U1/U20/Y (AO22X1M)                0.15       0.52 r
  UART_TX_RX/U0_UART_TX/U1/mem_reg[2]/D (DFFRQX2M)        0.00       0.52 r
  data arrival time                                                  0.52

  clock Tx_clk (rise edge)                                0.00       0.00
  clock network delay (ideal)                             0.00       0.00
  clock uncertainty                                       0.10       0.10
  UART_TX_RX/U0_UART_TX/U1/mem_reg[2]/CK (DFFRQX2M)       0.00       0.10 r
  library hold time                                      -0.17      -0.07
  data required time                                                -0.07
  --------------------------------------------------------------------------
  data required time                                                -0.07
  data arrival time                                                 -0.52
  --------------------------------------------------------------------------
  slack (MET)                                                        0.59


  Startpoint: UART_TX_RX/U0_UART_TX/U1/mem_reg[4]
              (rising edge-triggered flip-flop clocked by Tx_clk)
  Endpoint: UART_TX_RX/U0_UART_TX/U1/mem_reg[4]
            (rising edge-triggered flip-flop clocked by Tx_clk)
  Path Group: Tx_clk
  Path Type: min

  Point                                                   Incr       Path
  --------------------------------------------------------------------------
  clock Tx_clk (rise edge)                                0.00       0.00
  clock network delay (ideal)                             0.00       0.00
  UART_TX_RX/U0_UART_TX/U1/mem_reg[4]/CK (DFFRQX2M)       0.00       0.00 r
  UART_TX_RX/U0_UART_TX/U1/mem_reg[4]/Q (DFFRQX2M)        0.37       0.37 r
  UART_TX_RX/U0_UART_TX/U1/U24/Y (AO22X1M)                0.15       0.52 r
  UART_TX_RX/U0_UART_TX/U1/mem_reg[4]/D (DFFRQX2M)        0.00       0.52 r
  data arrival time                                                  0.52

  clock Tx_clk (rise edge)                                0.00       0.00
  clock network delay (ideal)                             0.00       0.00
  clock uncertainty                                       0.10       0.10
  UART_TX_RX/U0_UART_TX/U1/mem_reg[4]/CK (DFFRQX2M)       0.00       0.10 r
  library hold time                                      -0.17      -0.07
  data required time                                                -0.07
  --------------------------------------------------------------------------
  data required time                                                -0.07
  data arrival time                                                 -0.52
  --------------------------------------------------------------------------
  slack (MET)                                                        0.59


  Startpoint: UART_TX_RX/U0_UART_TX/U1/mem_reg[6]
              (rising edge-triggered flip-flop clocked by Tx_clk)
  Endpoint: UART_TX_RX/U0_UART_TX/U1/mem_reg[6]
            (rising edge-triggered flip-flop clocked by Tx_clk)
  Path Group: Tx_clk
  Path Type: min

  Point                                                   Incr       Path
  --------------------------------------------------------------------------
  clock Tx_clk (rise edge)                                0.00       0.00
  clock network delay (ideal)                             0.00       0.00
  UART_TX_RX/U0_UART_TX/U1/mem_reg[6]/CK (DFFRQX2M)       0.00       0.00 r
  UART_TX_RX/U0_UART_TX/U1/mem_reg[6]/Q (DFFRQX2M)        0.37       0.37 r
  UART_TX_RX/U0_UART_TX/U1/U8/Y (AO22X1M)                 0.15       0.52 r
  UART_TX_RX/U0_UART_TX/U1/mem_reg[6]/D (DFFRQX2M)        0.00       0.52 r
  data arrival time                                                  0.52

  clock Tx_clk (rise edge)                                0.00       0.00
  clock network delay (ideal)                             0.00       0.00
  clock uncertainty                                       0.10       0.10
  UART_TX_RX/U0_UART_TX/U1/mem_reg[6]/CK (DFFRQX2M)       0.00       0.10 r
  library hold time                                      -0.17      -0.07
  data required time                                                -0.07
  --------------------------------------------------------------------------
  data required time                                                -0.07
  data arrival time                                                 -0.52
  --------------------------------------------------------------------------
  slack (MET)                                                        0.59


  Startpoint: UART_TX_RX/U0_UART_TX/U3/par_bit_reg
              (rising edge-triggered flip-flop clocked by Tx_clk)
  Endpoint: UART_TX_RX/U0_UART_TX/U3/par_bit_reg
            (rising edge-triggered flip-flop clocked by Tx_clk)
  Path Group: Tx_clk
  Path Type: min

  Point                                                   Incr       Path
  --------------------------------------------------------------------------
  clock Tx_clk (rise edge)                                0.00       0.00
  clock network delay (ideal)                             0.00       0.00
  UART_TX_RX/U0_UART_TX/U3/par_bit_reg/CK (DFFRQX2M)      0.00       0.00 r
  UART_TX_RX/U0_UART_TX/U3/par_bit_reg/Q (DFFRQX2M)       0.37       0.37 r
  UART_TX_RX/U0_UART_TX/U3/U5/Y (OAI2BB2X1M)              0.15       0.52 r
  UART_TX_RX/U0_UART_TX/U3/par_bit_reg/D (DFFRQX2M)       0.00       0.52 r
  data arrival time                                                  0.52

  clock Tx_clk (rise edge)                                0.00       0.00
  clock network delay (ideal)                             0.00       0.00
  clock uncertainty                                       0.10       0.10
  UART_TX_RX/U0_UART_TX/U3/par_bit_reg/CK (DFFRQX2M)      0.00       0.10 r
  library hold time                                      -0.17      -0.07
  data required time                                                -0.07
  --------------------------------------------------------------------------
  data required time                                                -0.07
  data arrival time                                                 -0.52
  --------------------------------------------------------------------------
  slack (MET)                                                        0.59


  Startpoint: FIFO_u/U5/RD_PTR_BIN_reg[3]
              (rising edge-triggered flip-flop clocked by Tx_clk)
  Endpoint: FIFO_u/U5/RD_PTR_GRAY_reg[2]
            (rising edge-triggered flip-flop clocked by Tx_clk)
  Path Group: Tx_clk
  Path Type: min

  Point                                                   Incr       Path
  --------------------------------------------------------------------------
  clock Tx_clk (rise edge)                                0.00       0.00
  clock network delay (ideal)                             0.00       0.00
  FIFO_u/U5/RD_PTR_BIN_reg[3]/CK (DFFRQX2M)               0.00       0.00 r
  FIFO_u/U5/RD_PTR_BIN_reg[3]/Q (DFFRQX2M)                0.36       0.36 r
  FIFO_u/U5/U15/Y (XNOR2X2M)                              0.12       0.49 f
  FIFO_u/U5/U4/Y (CLKXOR2X2M)                             0.18       0.67 f
  FIFO_u/U5/RD_PTR_GRAY_reg[2]/D (DFFRQX2M)               0.00       0.67 f
  data arrival time                                                  0.67

  clock Tx_clk (rise edge)                                0.00       0.00
  clock network delay (ideal)                             0.00       0.00
  clock uncertainty                                       0.10       0.10
  FIFO_u/U5/RD_PTR_GRAY_reg[2]/CK (DFFRQX2M)              0.00       0.10 r
  library hold time                                      -0.03       0.07
  data required time                                                 0.07
  --------------------------------------------------------------------------
  data required time                                                 0.07
  data arrival time                                                 -0.67
  --------------------------------------------------------------------------
  slack (MET)                                                        0.60


  Startpoint: UART_TX_RX/U0_UART_TX/U1/counter_reg[2]
              (rising edge-triggered flip-flop clocked by Tx_clk)
  Endpoint: UART_TX_RX/U0_UART_TX/U1/ser_data_reg
            (rising edge-triggered flip-flop clocked by Tx_clk)
  Path Group: Tx_clk
  Path Type: min

  Point                                                   Incr       Path
  --------------------------------------------------------------------------
  clock Tx_clk (rise edge)                                0.00       0.00
  clock network delay (ideal)                             0.00       0.00
  UART_TX_RX/U0_UART_TX/U1/counter_reg[2]/CK (DFFRQX2M)
                                                          0.00       0.00 r
  UART_TX_RX/U0_UART_TX/U1/counter_reg[2]/Q (DFFRQX2M)
                                                          0.41       0.41 r
  UART_TX_RX/U0_UART_TX/U1/U36/Y (OAI2BB2X1M)             0.11       0.51 f
  UART_TX_RX/U0_UART_TX/U1/U12/Y (OAI2BB2X1M)             0.20       0.71 f
  UART_TX_RX/U0_UART_TX/U1/ser_data_reg/D (DFFRQX2M)      0.00       0.71 f
  data arrival time                                                  0.71

  clock Tx_clk (rise edge)                                0.00       0.00
  clock network delay (ideal)                             0.00       0.00
  clock uncertainty                                       0.10       0.10
  UART_TX_RX/U0_UART_TX/U1/ser_data_reg/CK (DFFRQX2M)     0.00       0.10 r
  library hold time                                      -0.03       0.07
  data required time                                                 0.07
  --------------------------------------------------------------------------
  data required time                                                 0.07
  data arrival time                                                 -0.71
  --------------------------------------------------------------------------
  slack (MET)                                                        0.64


  Startpoint: FIFO_u/U5/RD_PTR_BIN_reg[1]
              (rising edge-triggered flip-flop clocked by Tx_clk)
  Endpoint: FIFO_u/U5/RD_PTR_GRAY_reg[0]
            (rising edge-triggered flip-flop clocked by Tx_clk)
  Path Group: Tx_clk
  Path Type: min

  Point                                                   Incr       Path
  --------------------------------------------------------------------------
  clock Tx_clk (rise edge)                                0.00       0.00
  clock network delay (ideal)                             0.00       0.00
  FIFO_u/U5/RD_PTR_BIN_reg[1]/CK (DFFRQX2M)               0.00       0.00 r
  FIFO_u/U5/RD_PTR_BIN_reg[1]/Q (DFFRQX2M)                0.43       0.43 r
  FIFO_u/U5/U17/Y (XNOR2X2M)                              0.14       0.57 f
  FIFO_u/U5/U5/Y (CLKXOR2X2M)                             0.18       0.75 f
  FIFO_u/U5/RD_PTR_GRAY_reg[0]/D (DFFRQX2M)               0.00       0.75 f
  data arrival time                                                  0.75

  clock Tx_clk (rise edge)                                0.00       0.00
  clock network delay (ideal)                             0.00       0.00
  clock uncertainty                                       0.10       0.10
  FIFO_u/U5/RD_PTR_GRAY_reg[0]/CK (DFFRQX2M)              0.00       0.10 r
  library hold time                                      -0.03       0.07
  data required time                                                 0.07
  --------------------------------------------------------------------------
  data required time                                                 0.07
  data arrival time                                                 -0.75
  --------------------------------------------------------------------------
  slack (MET)                                                        0.68


  Startpoint: FIFO_u/U5/RD_PTR_BIN_reg[2]
              (rising edge-triggered flip-flop clocked by Tx_clk)
  Endpoint: FIFO_u/U5/RD_PTR_BIN_reg[2]
            (rising edge-triggered flip-flop clocked by Tx_clk)
  Path Group: Tx_clk
  Path Type: min

  Point                                                   Incr       Path
  --------------------------------------------------------------------------
  clock Tx_clk (rise edge)                                0.00       0.00
  clock network delay (ideal)                             0.00       0.00
  FIFO_u/U5/RD_PTR_BIN_reg[2]/CK (DFFRQX2M)               0.00       0.00 r
  FIFO_u/U5/RD_PTR_BIN_reg[2]/Q (DFFRQX2M)                0.51       0.51 f
  FIFO_u/U5/U13/Y (CLKXOR2X2M)                            0.28       0.79 f
  FIFO_u/U5/RD_PTR_BIN_reg[2]/D (DFFRQX2M)                0.00       0.79 f
  data arrival time                                                  0.79

  clock Tx_clk (rise edge)                                0.00       0.00
  clock network delay (ideal)                             0.00       0.00
  clock uncertainty                                       0.10       0.10
  FIFO_u/U5/RD_PTR_BIN_reg[2]/CK (DFFRQX2M)               0.00       0.10 r
  library hold time                                      -0.04       0.06
  data required time                                                 0.06
  --------------------------------------------------------------------------
  data required time                                                 0.06
  data arrival time                                                 -0.79
  --------------------------------------------------------------------------
  slack (MET)                                                        0.72


  Startpoint: FIFO_u/U5/RD_PTR_BIN_reg[1]
              (rising edge-triggered flip-flop clocked by Tx_clk)
  Endpoint: FIFO_u/U5/RD_PTR_GRAY_reg[1]
            (rising edge-triggered flip-flop clocked by Tx_clk)
  Path Group: Tx_clk
  Path Type: min

  Point                                                   Incr       Path
  --------------------------------------------------------------------------
  clock Tx_clk (rise edge)                                0.00       0.00
  clock network delay (ideal)                             0.00       0.00
  FIFO_u/U5/RD_PTR_BIN_reg[1]/CK (DFFRQX2M)               0.00       0.00 r
  FIFO_u/U5/RD_PTR_BIN_reg[1]/Q (DFFRQX2M)                0.43       0.43 r
  FIFO_u/U5/U17/Y (XNOR2X2M)                              0.14       0.57 f
  FIFO_u/U5/U3/Y (CLKXOR2X2M)                             0.23       0.81 f
  FIFO_u/U5/RD_PTR_GRAY_reg[1]/D (DFFRQX2M)               0.00       0.81 f
  data arrival time                                                  0.81

  clock Tx_clk (rise edge)                                0.00       0.00
  clock network delay (ideal)                             0.00       0.00
  clock uncertainty                                       0.10       0.10
  FIFO_u/U5/RD_PTR_GRAY_reg[1]/CK (DFFRQX2M)              0.00       0.10 r
  library hold time                                      -0.03       0.07
  data required time                                                 0.07
  --------------------------------------------------------------------------
  data required time                                                 0.07
  data arrival time                                                 -0.81
  --------------------------------------------------------------------------
  slack (MET)                                                        0.74


  Startpoint: UART_TX_RX/U0_UART_TX/U3/par_bit_reg
              (rising edge-triggered flip-flop clocked by Tx_clk)
  Endpoint: TX_OUT (output port clocked by Tx_clk)
  Path Group: Tx_clk
  Path Type: min

  Point                                                   Incr       Path
  --------------------------------------------------------------------------
  clock Tx_clk (rise edge)                                0.00       0.00
  clock network delay (ideal)                             0.00       0.00
  UART_TX_RX/U0_UART_TX/U3/par_bit_reg/CK (DFFRQX2M)      0.00       0.00 r
  UART_TX_RX/U0_UART_TX/U3/par_bit_reg/Q (DFFRQX2M)       0.37       0.37 r
  UART_TX_RX/U0_UART_TX/U3/par_bit (parity_WIDTH8)        0.00       0.37 r
  UART_TX_RX/U0_UART_TX/U4/par_bit (MUX)                  0.00       0.37 r
  UART_TX_RX/U0_UART_TX/U4/U5/Y (AOI31X2M)                0.13       0.50 f
  UART_TX_RX/U0_UART_TX/U4/U3/Y (OAI21X4M)                0.32       0.82 r
  UART_TX_RX/U0_UART_TX/U4/TX_OUT (MUX)                   0.00       0.82 r
  UART_TX_RX/U0_UART_TX/TX_OUT (TX_TOP_WIDTH8)            0.00       0.82 r
  UART_TX_RX/TX_OUT_S (UART_DATA_WIDTH8)                  0.00       0.82 r
  TX_OUT (out)                                            0.00       0.82 r
  data arrival time                                                  0.82

  clock Tx_clk (rise edge)                                0.00       0.00
  clock network delay (ideal)                             0.00       0.00
  clock uncertainty                                       0.10       0.10
  output external delay                               -1736.30   -1736.20
  data required time                                             -1736.20
  --------------------------------------------------------------------------
  data required time                                             -1736.20
  data arrival time                                                 -0.82
  --------------------------------------------------------------------------
  slack (MET)                                                     1737.02


  Startpoint: uart_rst_sync/n_synch_reg[1]
              (rising edge-triggered flip-flop clocked by UART_clk)
  Endpoint: uart_rst_sync/n_synch_reg[2]
            (rising edge-triggered flip-flop clocked by UART_clk)
  Path Group: UART_clk
  Path Type: min

  Point                                                   Incr       Path
  --------------------------------------------------------------------------
  clock UART_clk (rise edge)                              0.00       0.00
  clock network delay (ideal)                             0.00       0.00
  uart_rst_sync/n_synch_reg[1]/CK (DFFRQX2M)              0.00       0.00 r
  uart_rst_sync/n_synch_reg[1]/Q (DFFRQX2M)               0.46       0.46 f
  uart_rst_sync/n_synch_reg[2]/D (DFFRQX2M)               0.00       0.46 f
  data arrival time                                                  0.46

  clock UART_clk (rise edge)                              0.00       0.00
  clock network delay (ideal)                             0.00       0.00
  clock uncertainty                                       0.10       0.10
  uart_rst_sync/n_synch_reg[2]/CK (DFFRQX2M)              0.00       0.10 r
  library hold time                                      -0.02       0.08
  data required time                                                 0.08
  --------------------------------------------------------------------------
  data required time                                                 0.08
  data arrival time                                                 -0.46
  --------------------------------------------------------------------------
  slack (MET)                                                        0.38


  Startpoint: uart_rst_sync/n_synch_reg[0]/CK
              (internal path startpoint clocked by UART_clk)
  Endpoint: uart_rst_sync/n_synch_reg[1]
            (rising edge-triggered flip-flop clocked by UART_clk)
  Path Group: UART_clk
  Path Type: min

  Point                                                   Incr       Path
  --------------------------------------------------------------------------
  clock UART_clk (rise edge)                              0.00       0.00
  clock network delay (ideal)                             0.00       0.00
  input external delay                                    0.00       0.00 r
  uart_rst_sync/n_synch_reg[0]/CK (DFFRQX2M)              0.00       0.00 r
  uart_rst_sync/n_synch_reg[0]/Q (DFFRQX2M)               0.46       0.46 f
  uart_rst_sync/n_synch_reg[1]/D (DFFRQX2M)               0.00       0.46 f
  data arrival time                                                  0.46

  clock UART_clk (rise edge)                              0.00       0.00
  clock network delay (ideal)                             0.00       0.00
  clock uncertainty                                       0.10       0.10
  uart_rst_sync/n_synch_reg[1]/CK (DFFRQX2M)              0.00       0.10 r
  library hold time                                      -0.02       0.08
  data required time                                                 0.08
  --------------------------------------------------------------------------
  data required time                                                 0.08
  data arrival time                                                 -0.46
  --------------------------------------------------------------------------
  slack (MET)                                                        0.38


  Startpoint: TX_CLK/count_reg[4]
              (rising edge-triggered flip-flop clocked by UART_clk)
  Endpoint: TX_CLK/count_reg[4]
            (rising edge-triggered flip-flop clocked by UART_clk)
  Path Group: UART_clk
  Path Type: min

  Point                                    Incr       Path
  -----------------------------------------------------------
  clock UART_clk (rise edge)               0.00       0.00
  clock network delay (ideal)              0.00       0.00
  TX_CLK/count_reg[4]/CK (DFFRQX2M)        0.00       0.00 r
  TX_CLK/count_reg[4]/Q (DFFRQX2M)         0.39       0.39 r
  TX_CLK/U7/Y (AND2X2M)                    0.14       0.52 r
  TX_CLK/U32/S (ADDHX1M)                   0.08       0.60 f
  TX_CLK/count_reg[4]/D (DFFRQX2M)         0.00       0.60 f
  data arrival time                                   0.60

  clock UART_clk (rise edge)               0.00       0.00
  clock network delay (ideal)              0.00       0.00
  clock uncertainty                        0.10       0.10
  TX_CLK/count_reg[4]/CK (DFFRQX2M)        0.00       0.10 r
  library hold time                       -0.01       0.09
  data required time                                  0.09
  -----------------------------------------------------------
  data required time                                  0.09
  data arrival time                                  -0.60
  -----------------------------------------------------------
  slack (MET)                                         0.52


  Startpoint: RX_CLK/count_reg[4]
              (rising edge-triggered flip-flop clocked by UART_clk)
  Endpoint: RX_CLK/count_reg[4]
            (rising edge-triggered flip-flop clocked by UART_clk)
  Path Group: UART_clk
  Path Type: min

  Point                                    Incr       Path
  -----------------------------------------------------------
  clock UART_clk (rise edge)               0.00       0.00
  clock network delay (ideal)              0.00       0.00
  RX_CLK/count_reg[4]/CK (DFFRQX2M)        0.00       0.00 r
  RX_CLK/count_reg[4]/Q (DFFRQX2M)         0.39       0.39 r
  RX_CLK/U7/Y (AND2X2M)                    0.14       0.52 r
  RX_CLK/U34/S (ADDHX1M)                   0.08       0.60 f
  RX_CLK/count_reg[4]/D (DFFRQX2M)         0.00       0.60 f
  data arrival time                                   0.60

  clock UART_clk (rise edge)               0.00       0.00
  clock network delay (ideal)              0.00       0.00
  clock uncertainty                        0.10       0.10
  RX_CLK/count_reg[4]/CK (DFFRQX2M)        0.00       0.10 r
  library hold time                       -0.01       0.09
  data required time                                  0.09
  -----------------------------------------------------------
  data required time                                  0.09
  data arrival time                                  -0.60
  -----------------------------------------------------------
  slack (MET)                                         0.52


  Startpoint: TX_CLK/count_reg[1]
              (rising edge-triggered flip-flop clocked by UART_clk)
  Endpoint: TX_CLK/count_reg[1]
            (rising edge-triggered flip-flop clocked by UART_clk)
  Path Group: UART_clk
  Path Type: min

  Point                                    Incr       Path
  -----------------------------------------------------------
  clock UART_clk (rise edge)               0.00       0.00
  clock network delay (ideal)              0.00       0.00
  TX_CLK/count_reg[1]/CK (DFFRQX2M)        0.00       0.00 r
  TX_CLK/count_reg[1]/Q (DFFRQX2M)         0.39       0.39 r
  TX_CLK/U4/Y (AND2X2M)                    0.14       0.52 r
  TX_CLK/U26/S (ADDHX1M)                   0.08       0.60 f
  TX_CLK/count_reg[1]/D (DFFRQX2M)         0.00       0.60 f
  data arrival time                                   0.60

  clock UART_clk (rise edge)               0.00       0.00
  clock network delay (ideal)              0.00       0.00
  clock uncertainty                        0.10       0.10
  TX_CLK/count_reg[1]/CK (DFFRQX2M)        0.00       0.10 r
  library hold time                       -0.02       0.08
  data required time                                  0.08
  -----------------------------------------------------------
  data required time                                  0.08
  data arrival time                                  -0.60
  -----------------------------------------------------------
  slack (MET)                                         0.52


  Startpoint: RX_CLK/count_reg[1]
              (rising edge-triggered flip-flop clocked by UART_clk)
  Endpoint: RX_CLK/count_reg[1]
            (rising edge-triggered flip-flop clocked by UART_clk)
  Path Group: UART_clk
  Path Type: min

  Point                                    Incr       Path
  -----------------------------------------------------------
  clock UART_clk (rise edge)               0.00       0.00
  clock network delay (ideal)              0.00       0.00
  RX_CLK/count_reg[1]/CK (DFFRQX2M)        0.00       0.00 r
  RX_CLK/count_reg[1]/Q (DFFRQX2M)         0.39       0.39 r
  RX_CLK/U4/Y (AND2X2M)                    0.14       0.52 r
  RX_CLK/U29/S (ADDHX1M)                   0.08       0.60 f
  RX_CLK/count_reg[1]/D (DFFRQX2M)         0.00       0.60 f
  data arrival time                                   0.60

  clock UART_clk (rise edge)               0.00       0.00
  clock network delay (ideal)              0.00       0.00
  clock uncertainty                        0.10       0.10
  RX_CLK/count_reg[1]/CK (DFFRQX2M)        0.00       0.10 r
  library hold time                       -0.02       0.08
  data required time                                  0.08
  -----------------------------------------------------------
  data required time                                  0.08
  data arrival time                                  -0.60
  -----------------------------------------------------------
  slack (MET)                                         0.52


  Startpoint: TX_CLK/count_reg[3]
              (rising edge-triggered flip-flop clocked by UART_clk)
  Endpoint: TX_CLK/count_reg[3]
            (rising edge-triggered flip-flop clocked by UART_clk)
  Path Group: UART_clk
  Path Type: min

  Point                                    Incr       Path
  -----------------------------------------------------------
  clock UART_clk (rise edge)               0.00       0.00
  clock network delay (ideal)              0.00       0.00
  TX_CLK/count_reg[3]/CK (DFFRQX2M)        0.00       0.00 r
  TX_CLK/count_reg[3]/Q (DFFRQX2M)         0.40       0.40 r
  TX_CLK/U6/Y (AND2X2M)                    0.14       0.54 r
  TX_CLK/U30/S (ADDHX1M)                   0.08       0.61 f
  TX_CLK/count_reg[3]/D (DFFRQX2M)         0.00       0.61 f
  data arrival time                                   0.61

  clock UART_clk (rise edge)               0.00       0.00
  clock network delay (ideal)              0.00       0.00
  clock uncertainty                        0.10       0.10
  TX_CLK/count_reg[3]/CK (DFFRQX2M)        0.00       0.10 r
  library hold time                       -0.01       0.09
  data required time                                  0.09
  -----------------------------------------------------------
  data required time                                  0.09
  data arrival time                                  -0.61
  -----------------------------------------------------------
  slack (MET)                                         0.53


  Startpoint: RX_CLK/count_reg[3]
              (rising edge-triggered flip-flop clocked by UART_clk)
  Endpoint: RX_CLK/count_reg[3]
            (rising edge-triggered flip-flop clocked by UART_clk)
  Path Group: UART_clk
  Path Type: min

  Point                                    Incr       Path
  -----------------------------------------------------------
  clock UART_clk (rise edge)               0.00       0.00
  clock network delay (ideal)              0.00       0.00
  RX_CLK/count_reg[3]/CK (DFFRQX2M)        0.00       0.00 r
  RX_CLK/count_reg[3]/Q (DFFRQX2M)         0.40       0.40 r
  RX_CLK/U6/Y (AND2X2M)                    0.14       0.54 r
  RX_CLK/U33/S (ADDHX1M)                   0.08       0.61 f
  RX_CLK/count_reg[3]/D (DFFRQX2M)         0.00       0.61 f
  data arrival time                                   0.61

  clock UART_clk (rise edge)               0.00       0.00
  clock network delay (ideal)              0.00       0.00
  clock uncertainty                        0.10       0.10
  RX_CLK/count_reg[3]/CK (DFFRQX2M)        0.00       0.10 r
  library hold time                       -0.01       0.09
  data required time                                  0.09
  -----------------------------------------------------------
  data required time                                  0.09
  data arrival time                                  -0.61
  -----------------------------------------------------------
  slack (MET)                                         0.53


  Startpoint: TX_CLK/count_reg[2]
              (rising edge-triggered flip-flop clocked by UART_clk)
  Endpoint: TX_CLK/count_reg[2]
            (rising edge-triggered flip-flop clocked by UART_clk)
  Path Group: UART_clk
  Path Type: min

  Point                                    Incr       Path
  -----------------------------------------------------------
  clock UART_clk (rise edge)               0.00       0.00
  clock network delay (ideal)              0.00       0.00
  TX_CLK/count_reg[2]/CK (DFFRQX2M)        0.00       0.00 r
  TX_CLK/count_reg[2]/Q (DFFRQX2M)         0.40       0.40 r
  TX_CLK/U5/Y (AND2X2M)                    0.14       0.54 r
  TX_CLK/U29/S (ADDHX1M)                   0.08       0.61 f
  TX_CLK/count_reg[2]/D (DFFRQX2M)         0.00       0.61 f
  data arrival time                                   0.61

  clock UART_clk (rise edge)               0.00       0.00
  clock network delay (ideal)              0.00       0.00
  clock uncertainty                        0.10       0.10
  TX_CLK/count_reg[2]/CK (DFFRQX2M)        0.00       0.10 r
  library hold time                       -0.01       0.09
  data required time                                  0.09
  -----------------------------------------------------------
  data required time                                  0.09
  data arrival time                                  -0.61
  -----------------------------------------------------------
  slack (MET)                                         0.53


  Startpoint: RX_CLK/count_reg[2]
              (rising edge-triggered flip-flop clocked by UART_clk)
  Endpoint: RX_CLK/count_reg[2]
            (rising edge-triggered flip-flop clocked by UART_clk)
  Path Group: UART_clk
  Path Type: min

  Point                                    Incr       Path
  -----------------------------------------------------------
  clock UART_clk (rise edge)               0.00       0.00
  clock network delay (ideal)              0.00       0.00
  RX_CLK/count_reg[2]/CK (DFFRQX2M)        0.00       0.00 r
  RX_CLK/count_reg[2]/Q (DFFRQX2M)         0.40       0.40 r
  RX_CLK/U5/Y (AND2X2M)                    0.14       0.54 r
  RX_CLK/U32/S (ADDHX1M)                   0.08       0.61 f
  RX_CLK/count_reg[2]/D (DFFRQX2M)         0.00       0.61 f
  data arrival time                                   0.61

  clock UART_clk (rise edge)               0.00       0.00
  clock network delay (ideal)              0.00       0.00
  clock uncertainty                        0.10       0.10
  RX_CLK/count_reg[2]/CK (DFFRQX2M)        0.00       0.10 r
  library hold time                       -0.01       0.09
  data required time                                  0.09
  -----------------------------------------------------------
  data required time                                  0.09
  data arrival time                                  -0.61
  -----------------------------------------------------------
  slack (MET)                                         0.53


  Startpoint: TX_CLK/count_reg[5]
              (rising edge-triggered flip-flop clocked by UART_clk)
  Endpoint: TX_CLK/count_reg[5]
            (rising edge-triggered flip-flop clocked by UART_clk)
  Path Group: UART_clk
  Path Type: min

  Point                                    Incr       Path
  -----------------------------------------------------------
  clock UART_clk (rise edge)               0.00       0.00
  clock network delay (ideal)              0.00       0.00
  TX_CLK/count_reg[5]/CK (DFFRQX2M)        0.00       0.00 r
  TX_CLK/count_reg[5]/Q (DFFRQX2M)         0.48       0.48 f
  TX_CLK/U48/Y (CLKNAND2X2M)               0.07       0.56 r
  TX_CLK/U28/Y (XNOR2X2M)                  0.08       0.64 f
  TX_CLK/count_reg[5]/D (DFFRQX2M)         0.00       0.64 f
  data arrival time                                   0.64

  clock UART_clk (rise edge)               0.00       0.00
  clock network delay (ideal)              0.00       0.00
  clock uncertainty                        0.10       0.10
  TX_CLK/count_reg[5]/CK (DFFRQX2M)        0.00       0.10 r
  library hold time                       -0.01       0.09
  data required time                                  0.09
  -----------------------------------------------------------
  data required time                                  0.09
  data arrival time                                  -0.64
  -----------------------------------------------------------
  slack (MET)                                         0.55


  Startpoint: RX_CLK/count_reg[5]
              (rising edge-triggered flip-flop clocked by UART_clk)
  Endpoint: RX_CLK/count_reg[5]
            (rising edge-triggered flip-flop clocked by UART_clk)
  Path Group: UART_clk
  Path Type: min

  Point                                    Incr       Path
  -----------------------------------------------------------
  clock UART_clk (rise edge)               0.00       0.00
  clock network delay (ideal)              0.00       0.00
  RX_CLK/count_reg[5]/CK (DFFRQX2M)        0.00       0.00 r
  RX_CLK/count_reg[5]/Q (DFFRQX2M)         0.48       0.48 f
  RX_CLK/U48/Y (CLKNAND2X2M)               0.07       0.56 r
  RX_CLK/U31/Y (XNOR2X2M)                  0.08       0.64 f
  RX_CLK/count_reg[5]/D (DFFRQX2M)         0.00       0.64 f
  data arrival time                                   0.64

  clock UART_clk (rise edge)               0.00       0.00
  clock network delay (ideal)              0.00       0.00
  clock uncertainty                        0.10       0.10
  RX_CLK/count_reg[5]/CK (DFFRQX2M)        0.00       0.10 r
  library hold time                       -0.01       0.09
  data required time                                  0.09
  -----------------------------------------------------------
  data required time                                  0.09
  data arrival time                                  -0.64
  -----------------------------------------------------------
  slack (MET)                                         0.55


  Startpoint: TX_CLK/count_reg[0]
              (rising edge-triggered flip-flop clocked by UART_clk)
  Endpoint: TX_CLK/count_reg[0]
            (rising edge-triggered flip-flop clocked by UART_clk)
  Path Group: UART_clk
  Path Type: min

  Point                                    Incr       Path
  -----------------------------------------------------------
  clock UART_clk (rise edge)               0.00       0.00
  clock network delay (ideal)              0.00       0.00
  TX_CLK/count_reg[0]/CK (DFFSQX2M)        0.00       0.00 r
  TX_CLK/count_reg[0]/Q (DFFSQX2M)         0.42       0.42 r
  TX_CLK/U25/Y (AND2X2M)                   0.15       0.57 r
  TX_CLK/U17/Y (INVX2M)                    0.04       0.61 f
  TX_CLK/count_reg[0]/D (DFFSQX2M)         0.00       0.61 f
  data arrival time                                   0.61

  clock UART_clk (rise edge)               0.00       0.00
  clock network delay (ideal)              0.00       0.00
  clock uncertainty                        0.10       0.10
  TX_CLK/count_reg[0]/CK (DFFSQX2M)        0.00       0.10 r
  library hold time                       -0.08       0.02
  data required time                                  0.02
  -----------------------------------------------------------
  data required time                                  0.02
  data arrival time                                  -0.61
  -----------------------------------------------------------
  slack (MET)                                         0.59


  Startpoint: RX_CLK/count_reg[0]
              (rising edge-triggered flip-flop clocked by UART_clk)
  Endpoint: RX_CLK/count_reg[0]
            (rising edge-triggered flip-flop clocked by UART_clk)
  Path Group: UART_clk
  Path Type: min

  Point                                    Incr       Path
  -----------------------------------------------------------
  clock UART_clk (rise edge)               0.00       0.00
  clock network delay (ideal)              0.00       0.00
  RX_CLK/count_reg[0]/CK (DFFSQX2M)        0.00       0.00 r
  RX_CLK/count_reg[0]/Q (DFFSQX2M)         0.42       0.42 r
  RX_CLK/U28/Y (AND2X2M)                   0.15       0.57 r
  RX_CLK/U21/Y (INVX2M)                    0.04       0.61 f
  RX_CLK/count_reg[0]/D (DFFSQX2M)         0.00       0.61 f
  data arrival time                                   0.61

  clock UART_clk (rise edge)               0.00       0.00
  clock network delay (ideal)              0.00       0.00
  clock uncertainty                        0.10       0.10
  RX_CLK/count_reg[0]/CK (DFFSQX2M)        0.00       0.10 r
  library hold time                       -0.08       0.02
  data required time                                  0.02
  -----------------------------------------------------------
  data required time                                  0.02
  data arrival time                                  -0.61
  -----------------------------------------------------------
  slack (MET)                                         0.59


  Startpoint: TX_CLK/div_clk_reg_reg
              (rising edge-triggered flip-flop clocked by UART_clk)
  Endpoint: TX_CLK/div_clk_reg_reg
            (rising edge-triggered flip-flop clocked by UART_clk)
  Path Group: UART_clk
  Path Type: min

  Point                                                   Incr       Path
  --------------------------------------------------------------------------
  clock UART_clk (rise edge)                              0.00       0.00
  clock network delay (ideal)                             0.00       0.00
  TX_CLK/div_clk_reg_reg/CK (DFFRQX2M)                    0.00       0.00 r
  TX_CLK/div_clk_reg_reg/Q (DFFRQX2M)                     0.46       0.46 f
  TX_CLK/U27/Y (BUFX2M)                                   0.20       0.66 f
  TX_CLK/U15/Y (AOI32X1M)                                 0.12       0.78 r
  TX_CLK/U14/Y (INVX2M)                                   0.04       0.83 f
  TX_CLK/div_clk_reg_reg/D (DFFRQX2M)                     0.00       0.83 f
  data arrival time                                                  0.83

  clock UART_clk (rise edge)                              0.00       0.00
  clock network delay (ideal)                             0.00       0.00
  clock uncertainty                                       0.10       0.10
  TX_CLK/div_clk_reg_reg/CK (DFFRQX2M)                    0.00       0.10 r
  library hold time                                      -0.01       0.09
  data required time                                                 0.09
  --------------------------------------------------------------------------
  data required time                                                 0.09
  data arrival time                                                 -0.83
  --------------------------------------------------------------------------
  slack (MET)                                                        0.74


  Startpoint: RX_CLK/div_clk_reg_reg
              (rising edge-triggered flip-flop clocked by UART_clk)
  Endpoint: RX_CLK/div_clk_reg_reg
            (rising edge-triggered flip-flop clocked by UART_clk)
  Path Group: UART_clk
  Path Type: min

  Point                                                   Incr       Path
  --------------------------------------------------------------------------
  clock UART_clk (rise edge)                              0.00       0.00
  clock network delay (ideal)                             0.00       0.00
  RX_CLK/div_clk_reg_reg/CK (DFFRQX2M)                    0.00       0.00 r
  RX_CLK/div_clk_reg_reg/Q (DFFRQX2M)                     0.46       0.46 f
  RX_CLK/U30/Y (BUFX2M)                                   0.20       0.66 f
  RX_CLK/U18/Y (AOI32X1M)                                 0.12       0.78 r
  RX_CLK/U17/Y (INVX2M)                                   0.04       0.83 f
  RX_CLK/div_clk_reg_reg/D (DFFRQX2M)                     0.00       0.83 f
  data arrival time                                                  0.83

  clock UART_clk (rise edge)                              0.00       0.00
  clock network delay (ideal)                             0.00       0.00
  clock uncertainty                                       0.10       0.10
  RX_CLK/div_clk_reg_reg/CK (DFFRQX2M)                    0.00       0.10 r
  library hold time                                      -0.01       0.09
  data required time                                                 0.09
  --------------------------------------------------------------------------
  data required time                                                 0.09
  data arrival time                                                 -0.83
  --------------------------------------------------------------------------
  slack (MET)                                                        0.74


1
