 
****************************************
Report : timing
        -path full
        -delay max
        -max_paths 100
Design : sys_top
Version: O-2018.06-SP1
Date   : Wed Sep 23 06:54:46 2026
****************************************

Operating Conditions: scmetro_tsmc_cl013g_rvt_ss_1p08v_125c   Library: scmetro_tsmc_cl013g_rvt_ss_1p08v_125c
Wire Load Model Mode: top

  Startpoint: Regfile_u/reg_file_reg[1][0]
              (rising edge-triggered flip-flop clocked by Ref_clk)
  Endpoint: ALU_u/ALU_OUT_reg[0]
            (rising edge-triggered flip-flop clocked by Gated_clk)
  Path Group: Gated_clk
  Path Type: max

  Point                                                   Incr       Path
  --------------------------------------------------------------------------
  clock Ref_clk (rise edge)                               0.00       0.00
  clock network delay (ideal)                             0.00       0.00
  Regfile_u/reg_file_reg[1][0]/CK (DFFRHQX4M)             0.00       0.00 r
  Regfile_u/reg_file_reg[1][0]/Q (DFFRHQX4M)              0.31       0.31 f
  Regfile_u/REG1[0] (Register_WIDTH8_DEPTH16_ADDRESS4)
                                                          0.00       0.31 f
  ALU_u/B[0] (ALU_WIDTH8_OUT_WIDTH16_FUN_WIDTH4)          0.00       0.31 f
  ALU_u/div_45/b[0] (ALU_WIDTH8_OUT_WIDTH16_FUN_WIDTH4_DW_div_uns_1)
                                                          0.00       0.31 f
  ALU_u/div_45/U19/Y (INVX8M)                             0.09       0.40 r
  ALU_u/div_45/U92/Y (OR2X6M)                             0.10       0.50 r
  ALU_u/div_45/U26/Y (INVX3M)                             0.03       0.53 f
  ALU_u/div_45/U71/Y (OR3X4M)                             0.19       0.72 f
  ALU_u/div_45/U42/Y (NOR2X6M)                            0.12       0.85 r
  ALU_u/div_45/U52/Y (MXI2X6M)                            0.14       0.98 r
  ALU_u/div_45/U115/Y (INVX8M)                            0.05       1.04 f
  ALU_u/div_45/u_div/u_fa_PartRem_0_6_1/CO (ADDFHX4M)     0.33       1.37 f
  ALU_u/div_45/U70/Y (NAND2X4M)                           0.07       1.45 r
  ALU_u/div_45/U56/Y (MXI2X2M)                            0.15       1.60 r
  ALU_u/div_45/U3/Y (NAND2X2M)                            0.10       1.69 f
  ALU_u/div_45/U5/Y (NAND3X2M)                            0.12       1.81 r
  ALU_u/div_45/U10/Y (NAND2X2M)                           0.07       1.89 f
  ALU_u/div_45/U11/Y (NAND3X2M)                           0.12       2.01 r
  ALU_u/div_45/U44/Y (INVX2M)                             0.05       2.06 f
  ALU_u/div_45/U64/Y (NOR2X2M)                            0.14       2.20 r
  ALU_u/div_45/U54/Y (MXI2X3M)                            0.18       2.39 r
  ALU_u/div_45/u_div/u_fa_PartRem_0_4_1/CO (ADDFHX4M)     0.41       2.80 r
  ALU_u/div_45/U41/Y (NAND2X1M)                           0.09       2.90 f
  ALU_u/div_45/U40/Y (NAND3X3M)                           0.12       3.02 r
  ALU_u/div_45/u_div/u_fa_PartRem_0_4_3/CO (ADDFHX4M)     0.17       3.18 r
  ALU_u/div_45/U36/Y (INVX3M)                             0.04       3.23 f
  ALU_u/div_45/U29/Y (OR2X6M)                             0.15       3.37 f
  ALU_u/div_45/U23/Y (CLKINVX8M)                          0.05       3.42 r
  ALU_u/div_45/U50/Y (MXI2X6M)                            0.05       3.47 f
  ALU_u/div_45/u_div/u_fa_PartRem_0_3_1/CO (ADDFHX4M)     0.23       3.70 f
  ALU_u/div_45/U63/Y (NAND2X2M)                           0.09       3.79 r
  ALU_u/div_45/U33/Y (NAND3BX4M)                          0.11       3.89 f
  ALU_u/div_45/u_div/u_fa_PartRem_0_3_3/CO (ADDFHX4M)     0.22       4.12 f
  ALU_u/div_45/u_div/u_fa_PartRem_0_3_4/CO (ADDFHX4M)     0.22       4.34 f
  ALU_u/div_45/U46/Y (INVX4M)                             0.07       4.41 r
  ALU_u/div_45/U45/Y (NOR2X4M)                            0.06       4.47 f
  ALU_u/div_45/U34/Y (MX2X4M)                             0.24       4.70 r
  ALU_u/div_45/u_div/u_fa_PartRem_0_2_2/CO (ADDFHX4M)     0.37       5.08 r
  ALU_u/div_45/u_div/u_fa_PartRem_0_2_3/CO (ADDFHX4M)     0.16       5.24 r
  ALU_u/div_45/u_div/u_fa_PartRem_0_2_4/CO (ADDFHX4M)     0.17       5.41 r
  ALU_u/div_45/U68/Y (NAND2X2M)                           0.06       5.47 f
  ALU_u/div_45/U58/Y (NAND3X2M)                           0.10       5.57 r
  ALU_u/div_45/U43/Y (INVX2M)                             0.05       5.62 f
  ALU_u/div_45/U62/Y (NOR2X2M)                            0.14       5.76 r
  ALU_u/div_45/U25/Y (MXI2X2M)                            0.16       5.91 r
  ALU_u/div_45/U24/Y (INVX3M)                             0.09       6.00 f
  ALU_u/div_45/u_div/u_fa_PartRem_0_1_1/CO (ADDFHX4M)     0.35       6.35 f
  ALU_u/div_45/u_div/u_fa_PartRem_0_1_2/CO (ADDFHX4M)     0.22       6.57 f
  ALU_u/div_45/u_div/u_fa_PartRem_0_1_3/CO (ADDFHX4M)     0.22       6.79 f
  ALU_u/div_45/u_div/u_fa_PartRem_0_1_4/CO (ADDFHX4M)     0.22       7.01 f
  ALU_u/div_45/u_div/u_fa_PartRem_0_1_5/CO (ADDFHX4M)     0.22       7.23 f
  ALU_u/div_45/u_div/u_fa_PartRem_0_1_6/CO (ADDFHX4M)     0.21       7.44 f
  ALU_u/div_45/U86/Y (NOR2BX4M)                           0.15       7.59 f
  ALU_u/div_45/U53/Y (MXI2X6M)                            0.13       7.72 f
  ALU_u/div_45/u_div/u_fa_PartRem_0_0_1/CO (ADDFHX4M)     0.37       8.08 f
  ALU_u/div_45/u_div/u_fa_PartRem_0_0_2/CO (ADDFHX4M)     0.22       8.30 f
  ALU_u/div_45/u_div/u_fa_PartRem_0_0_3/CO (ADDFHX4M)     0.22       8.52 f
  ALU_u/div_45/u_div/u_fa_PartRem_0_0_4/CO (ADDFHX4M)     0.22       8.74 f
  ALU_u/div_45/u_div/u_fa_PartRem_0_0_5/CO (ADDFHX4M)     0.22       8.96 f
  ALU_u/div_45/U87/Y (NAND2X2M)                           0.09       9.05 r
  ALU_u/div_45/U90/Y (NAND3X4M)                           0.10       9.15 f
  ALU_u/div_45/u_div/u_fa_PartRem_0_0_7/CO (ADDFHX4M)     0.22       9.38 f
  ALU_u/div_45/quotient[0] (ALU_WIDTH8_OUT_WIDTH16_FUN_WIDTH4_DW_div_uns_1)
                                                          0.00       9.38 f
  ALU_u/U4/Y (NOR2X4M)                                    0.08       9.46 r
  ALU_u/U163/Y (AOI211X2M)                                0.07       9.53 f
  ALU_u/ALU_OUT_reg[0]/D (DFFRQX2M)                       0.00       9.53 f
  data arrival time                                                  9.53

  clock Gated_clk (rise edge)                            10.00      10.00
  clock network delay (ideal)                             0.00      10.00
  clock uncertainty                                      -0.20       9.80
  ALU_u/ALU_OUT_reg[0]/CK (DFFRQX2M)                      0.00       9.80 r
  library setup time                                     -0.17       9.63
  data required time                                                 9.63
  --------------------------------------------------------------------------
  data required time                                                 9.63
  data arrival time                                                 -9.53
  --------------------------------------------------------------------------
  slack (MET)                                                        0.10


  Startpoint: Regfile_u/reg_file_reg[1][0]
              (rising edge-triggered flip-flop clocked by Ref_clk)
  Endpoint: ALU_u/ALU_OUT_reg[1]
            (rising edge-triggered flip-flop clocked by Gated_clk)
  Path Group: Gated_clk
  Path Type: max

  Point                                                   Incr       Path
  --------------------------------------------------------------------------
  clock Ref_clk (rise edge)                               0.00       0.00
  clock network delay (ideal)                             0.00       0.00
  Regfile_u/reg_file_reg[1][0]/CK (DFFRHQX4M)             0.00       0.00 r
  Regfile_u/reg_file_reg[1][0]/Q (DFFRHQX4M)              0.31       0.31 f
  Regfile_u/REG1[0] (Register_WIDTH8_DEPTH16_ADDRESS4)
                                                          0.00       0.31 f
  ALU_u/B[0] (ALU_WIDTH8_OUT_WIDTH16_FUN_WIDTH4)          0.00       0.31 f
  ALU_u/div_45/b[0] (ALU_WIDTH8_OUT_WIDTH16_FUN_WIDTH4_DW_div_uns_1)
                                                          0.00       0.31 f
  ALU_u/div_45/U19/Y (INVX8M)                             0.09       0.40 r
  ALU_u/div_45/U92/Y (OR2X6M)                             0.10       0.50 r
  ALU_u/div_45/U26/Y (INVX3M)                             0.03       0.53 f
  ALU_u/div_45/U71/Y (OR3X4M)                             0.19       0.72 f
  ALU_u/div_45/U42/Y (NOR2X6M)                            0.12       0.85 r
  ALU_u/div_45/U52/Y (MXI2X6M)                            0.14       0.98 r
  ALU_u/div_45/U115/Y (INVX8M)                            0.05       1.04 f
  ALU_u/div_45/u_div/u_fa_PartRem_0_6_1/CO (ADDFHX4M)     0.33       1.37 f
  ALU_u/div_45/U70/Y (NAND2X4M)                           0.07       1.45 r
  ALU_u/div_45/U56/Y (MXI2X2M)                            0.15       1.60 r
  ALU_u/div_45/U3/Y (NAND2X2M)                            0.10       1.69 f
  ALU_u/div_45/U5/Y (NAND3X2M)                            0.12       1.81 r
  ALU_u/div_45/U10/Y (NAND2X2M)                           0.07       1.89 f
  ALU_u/div_45/U11/Y (NAND3X2M)                           0.12       2.01 r
  ALU_u/div_45/U44/Y (INVX2M)                             0.05       2.06 f
  ALU_u/div_45/U64/Y (NOR2X2M)                            0.14       2.20 r
  ALU_u/div_45/U54/Y (MXI2X3M)                            0.18       2.39 r
  ALU_u/div_45/u_div/u_fa_PartRem_0_4_1/CO (ADDFHX4M)     0.41       2.80 r
  ALU_u/div_45/U41/Y (NAND2X1M)                           0.09       2.90 f
  ALU_u/div_45/U40/Y (NAND3X3M)                           0.12       3.02 r
  ALU_u/div_45/u_div/u_fa_PartRem_0_4_3/CO (ADDFHX4M)     0.17       3.18 r
  ALU_u/div_45/U36/Y (INVX3M)                             0.04       3.23 f
  ALU_u/div_45/U29/Y (OR2X6M)                             0.15       3.37 f
  ALU_u/div_45/U23/Y (CLKINVX8M)                          0.05       3.42 r
  ALU_u/div_45/U50/Y (MXI2X6M)                            0.05       3.47 f
  ALU_u/div_45/u_div/u_fa_PartRem_0_3_1/CO (ADDFHX4M)     0.23       3.70 f
  ALU_u/div_45/U63/Y (NAND2X2M)                           0.09       3.79 r
  ALU_u/div_45/U33/Y (NAND3BX4M)                          0.11       3.89 f
  ALU_u/div_45/u_div/u_fa_PartRem_0_3_3/CO (ADDFHX4M)     0.22       4.12 f
  ALU_u/div_45/u_div/u_fa_PartRem_0_3_4/CO (ADDFHX4M)     0.22       4.34 f
  ALU_u/div_45/U46/Y (INVX4M)                             0.07       4.41 r
  ALU_u/div_45/U45/Y (NOR2X4M)                            0.06       4.47 f
  ALU_u/div_45/U34/Y (MX2X4M)                             0.24       4.70 r
  ALU_u/div_45/u_div/u_fa_PartRem_0_2_2/CO (ADDFHX4M)     0.37       5.08 r
  ALU_u/div_45/u_div/u_fa_PartRem_0_2_3/CO (ADDFHX4M)     0.16       5.24 r
  ALU_u/div_45/u_div/u_fa_PartRem_0_2_4/CO (ADDFHX4M)     0.17       5.41 r
  ALU_u/div_45/U68/Y (NAND2X2M)                           0.06       5.47 f
  ALU_u/div_45/U58/Y (NAND3X2M)                           0.10       5.57 r
  ALU_u/div_45/U43/Y (INVX2M)                             0.05       5.62 f
  ALU_u/div_45/U62/Y (NOR2X2M)                            0.14       5.76 r
  ALU_u/div_45/U25/Y (MXI2X2M)                            0.16       5.91 r
  ALU_u/div_45/U24/Y (INVX3M)                             0.09       6.00 f
  ALU_u/div_45/u_div/u_fa_PartRem_0_1_1/CO (ADDFHX4M)     0.35       6.35 f
  ALU_u/div_45/u_div/u_fa_PartRem_0_1_2/CO (ADDFHX4M)     0.22       6.57 f
  ALU_u/div_45/u_div/u_fa_PartRem_0_1_3/CO (ADDFHX4M)     0.22       6.79 f
  ALU_u/div_45/u_div/u_fa_PartRem_0_1_4/CO (ADDFHX4M)     0.22       7.01 f
  ALU_u/div_45/u_div/u_fa_PartRem_0_1_5/CO (ADDFHX4M)     0.22       7.23 f
  ALU_u/div_45/u_div/u_fa_PartRem_0_1_6/CO (ADDFHX4M)     0.21       7.44 f
  ALU_u/div_45/U139/Y (NAND2BX1M)                         0.08       7.52 r
  ALU_u/div_45/U72/Y (INVX2M)                             0.10       7.62 f
  ALU_u/div_45/quotient[1] (ALU_WIDTH8_OUT_WIDTH16_FUN_WIDTH4_DW_div_uns_1)
                                                          0.00       7.62 f
  ALU_u/U109/Y (OAI2BB1XLM)                               0.22       7.84 f
  ALU_u/U10/Y (AOI21X1M)                                  0.14       7.98 r
  ALU_u/U62/Y (AOI31X2M)                                  0.11       8.09 f
  ALU_u/ALU_OUT_reg[1]/D (DFFRQX2M)                       0.00       8.09 f
  data arrival time                                                  8.09

  clock Gated_clk (rise edge)                            10.00      10.00
  clock network delay (ideal)                             0.00      10.00
  clock uncertainty                                      -0.20       9.80
  ALU_u/ALU_OUT_reg[1]/CK (DFFRQX2M)                      0.00       9.80 r
  library setup time                                     -0.16       9.64
  data required time                                                 9.64
  --------------------------------------------------------------------------
  data required time                                                 9.64
  data arrival time                                                 -8.09
  --------------------------------------------------------------------------
  slack (MET)                                                        1.54


  Startpoint: Regfile_u/reg_file_reg[0][1]
              (rising edge-triggered flip-flop clocked by Ref_clk)
  Endpoint: ALU_u/ALU_OUT_reg[15]
            (rising edge-triggered flip-flop clocked by Gated_clk)
  Path Group: Gated_clk
  Path Type: max

  Point                                                   Incr       Path
  --------------------------------------------------------------------------
  clock Ref_clk (rise edge)                               0.00       0.00
  clock network delay (ideal)                             0.00       0.00
  Regfile_u/reg_file_reg[0][1]/CK (DFFRQX2M)              0.00       0.00 r
  Regfile_u/reg_file_reg[0][1]/Q (DFFRQX2M)               0.39       0.39 r
  Regfile_u/REG0[1] (Register_WIDTH8_DEPTH16_ADDRESS4)
                                                          0.00       0.39 r
  ALU_u/A[1] (ALU_WIDTH8_OUT_WIDTH16_FUN_WIDTH4)          0.00       0.39 r
  ALU_u/U114/Y (BUFX2M)                                   0.25       0.64 r
  ALU_u/mult_42/A[1] (ALU_WIDTH8_OUT_WIDTH16_FUN_WIDTH4_DW02_mult_0)
                                                          0.00       0.64 r
  ALU_u/mult_42/U35/Y (INVX2M)                            0.14       0.77 f
  ALU_u/mult_42/U107/Y (NOR2X1M)                          0.17       0.94 r
  ALU_u/mult_42/U4/Y (AND2X2M)                            0.16       1.11 r
  ALU_u/mult_42/S2_2_2/CO (ADDFX2M)                       0.54       1.65 r
  ALU_u/mult_42/S2_3_2/CO (ADDFX2M)                       0.55       2.20 r
  ALU_u/mult_42/S2_4_2/CO (ADDFX2M)                       0.55       2.75 r
  ALU_u/mult_42/S2_5_2/CO (ADDFX2M)                       0.55       3.30 r
  ALU_u/mult_42/S2_6_2/CO (ADDFX2M)                       0.55       3.85 r
  ALU_u/mult_42/S4_2/S (ADDFX2M)                          0.58       4.43 f
  ALU_u/mult_42/U18/Y (CLKXOR2X2M)                        0.31       4.74 r
  ALU_u/mult_42/FS_1/A[7] (ALU_WIDTH8_OUT_WIDTH16_FUN_WIDTH4_DW01_add_1)
                                                          0.00       4.74 r
  ALU_u/mult_42/FS_1/U4/Y (NAND2X2M)                      0.07       4.81 f
  ALU_u/mult_42/FS_1/U23/Y (OA21X1M)                      0.37       5.18 f
  ALU_u/mult_42/FS_1/U20/Y (AOI2BB1X1M)                   0.26       5.44 f
  ALU_u/mult_42/FS_1/U18/Y (OA21X1M)                      0.40       5.84 f
  ALU_u/mult_42/FS_1/U13/Y (OAI21BX1M)                    0.25       6.08 r
  ALU_u/mult_42/FS_1/U11/Y (OAI21X1M)                     0.13       6.21 f
  ALU_u/mult_42/FS_1/U2/Y (AOI21BX2M)                     0.17       6.39 f
  ALU_u/mult_42/FS_1/U3/Y (XNOR2X2M)                      0.12       6.51 r
  ALU_u/mult_42/FS_1/SUM[13] (ALU_WIDTH8_OUT_WIDTH16_FUN_WIDTH4_DW01_add_1)
                                                          0.00       6.51 r
  ALU_u/mult_42/PRODUCT[15] (ALU_WIDTH8_OUT_WIDTH16_FUN_WIDTH4_DW02_mult_0)
                                                          0.00       6.51 r
  ALU_u/U15/Y (OAI2BB1X2M)                                0.15       6.65 r
  ALU_u/ALU_OUT_reg[15]/D (DFFRQX2M)                      0.00       6.65 r
  data arrival time                                                  6.65

  clock Gated_clk (rise edge)                            10.00      10.00
  clock network delay (ideal)                             0.00      10.00
  clock uncertainty                                      -0.20       9.80
  ALU_u/ALU_OUT_reg[15]/CK (DFFRQX2M)                     0.00       9.80 r
  library setup time                                     -0.30       9.50
  data required time                                                 9.50
  --------------------------------------------------------------------------
  data required time                                                 9.50
  data arrival time                                                 -6.65
  --------------------------------------------------------------------------
  slack (MET)                                                        2.84


  Startpoint: Regfile_u/reg_file_reg[0][1]
              (rising edge-triggered flip-flop clocked by Ref_clk)
  Endpoint: ALU_u/ALU_OUT_reg[14]
            (rising edge-triggered flip-flop clocked by Gated_clk)
  Path Group: Gated_clk
  Path Type: max

  Point                                                   Incr       Path
  --------------------------------------------------------------------------
  clock Ref_clk (rise edge)                               0.00       0.00
  clock network delay (ideal)                             0.00       0.00
  Regfile_u/reg_file_reg[0][1]/CK (DFFRQX2M)              0.00       0.00 r
  Regfile_u/reg_file_reg[0][1]/Q (DFFRQX2M)               0.39       0.39 r
  Regfile_u/REG0[1] (Register_WIDTH8_DEPTH16_ADDRESS4)
                                                          0.00       0.39 r
  ALU_u/A[1] (ALU_WIDTH8_OUT_WIDTH16_FUN_WIDTH4)          0.00       0.39 r
  ALU_u/U114/Y (BUFX2M)                                   0.25       0.64 r
  ALU_u/mult_42/A[1] (ALU_WIDTH8_OUT_WIDTH16_FUN_WIDTH4_DW02_mult_0)
                                                          0.00       0.64 r
  ALU_u/mult_42/U35/Y (INVX2M)                            0.14       0.77 f
  ALU_u/mult_42/U107/Y (NOR2X1M)                          0.17       0.94 r
  ALU_u/mult_42/U4/Y (AND2X2M)                            0.16       1.11 r
  ALU_u/mult_42/S2_2_2/CO (ADDFX2M)                       0.54       1.65 r
  ALU_u/mult_42/S2_3_2/CO (ADDFX2M)                       0.55       2.20 r
  ALU_u/mult_42/S2_4_2/CO (ADDFX2M)                       0.55       2.75 r
  ALU_u/mult_42/S2_5_2/CO (ADDFX2M)                       0.55       3.30 r
  ALU_u/mult_42/S2_6_2/CO (ADDFX2M)                       0.55       3.85 r
  ALU_u/mult_42/S4_2/S (ADDFX2M)                          0.58       4.43 f
  ALU_u/mult_42/U18/Y (CLKXOR2X2M)                        0.31       4.74 r
  ALU_u/mult_42/FS_1/A[7] (ALU_WIDTH8_OUT_WIDTH16_FUN_WIDTH4_DW01_add_1)
                                                          0.00       4.74 r
  ALU_u/mult_42/FS_1/U4/Y (NAND2X2M)                      0.07       4.81 f
  ALU_u/mult_42/FS_1/U23/Y (OA21X1M)                      0.37       5.18 f
  ALU_u/mult_42/FS_1/U20/Y (AOI2BB1X1M)                   0.26       5.44 f
  ALU_u/mult_42/FS_1/U18/Y (OA21X1M)                      0.40       5.84 f
  ALU_u/mult_42/FS_1/U13/Y (OAI21BX1M)                    0.25       6.08 r
  ALU_u/mult_42/FS_1/U12/Y (XOR3XLM)                      0.16       6.25 r
  ALU_u/mult_42/FS_1/SUM[12] (ALU_WIDTH8_OUT_WIDTH16_FUN_WIDTH4_DW01_add_1)
                                                          0.00       6.25 r
  ALU_u/mult_42/PRODUCT[14] (ALU_WIDTH8_OUT_WIDTH16_FUN_WIDTH4_DW02_mult_0)
                                                          0.00       6.25 r
  ALU_u/U16/Y (OAI2BB1X2M)                                0.13       6.38 r
  ALU_u/ALU_OUT_reg[14]/D (DFFRQX2M)                      0.00       6.38 r
  data arrival time                                                  6.38

  clock Gated_clk (rise edge)                            10.00      10.00
  clock network delay (ideal)                             0.00      10.00
  clock uncertainty                                      -0.20       9.80
  ALU_u/ALU_OUT_reg[14]/CK (DFFRQX2M)                     0.00       9.80 r
  library setup time                                     -0.30       9.50
  data required time                                                 9.50
  --------------------------------------------------------------------------
  data required time                                                 9.50
  data arrival time                                                 -6.38
  --------------------------------------------------------------------------
  slack (MET)                                                        3.12


  Startpoint: Regfile_u/reg_file_reg[1][0]
              (rising edge-triggered flip-flop clocked by Ref_clk)
  Endpoint: ALU_u/ALU_OUT_reg[2]
            (rising edge-triggered flip-flop clocked by Gated_clk)
  Path Group: Gated_clk
  Path Type: max

  Point                                                   Incr       Path
  --------------------------------------------------------------------------
  clock Ref_clk (rise edge)                               0.00       0.00
  clock network delay (ideal)                             0.00       0.00
  Regfile_u/reg_file_reg[1][0]/CK (DFFRHQX4M)             0.00       0.00 r
  Regfile_u/reg_file_reg[1][0]/Q (DFFRHQX4M)              0.31       0.31 f
  Regfile_u/REG1[0] (Register_WIDTH8_DEPTH16_ADDRESS4)
                                                          0.00       0.31 f
  ALU_u/B[0] (ALU_WIDTH8_OUT_WIDTH16_FUN_WIDTH4)          0.00       0.31 f
  ALU_u/div_45/b[0] (ALU_WIDTH8_OUT_WIDTH16_FUN_WIDTH4_DW_div_uns_1)
                                                          0.00       0.31 f
  ALU_u/div_45/U19/Y (INVX8M)                             0.09       0.40 r
  ALU_u/div_45/U92/Y (OR2X6M)                             0.10       0.50 r
  ALU_u/div_45/U26/Y (INVX3M)                             0.03       0.53 f
  ALU_u/div_45/U71/Y (OR3X4M)                             0.19       0.72 f
  ALU_u/div_45/U42/Y (NOR2X6M)                            0.12       0.85 r
  ALU_u/div_45/U52/Y (MXI2X6M)                            0.14       0.98 r
  ALU_u/div_45/U115/Y (INVX8M)                            0.05       1.04 f
  ALU_u/div_45/u_div/u_fa_PartRem_0_6_1/CO (ADDFHX4M)     0.33       1.37 f
  ALU_u/div_45/U70/Y (NAND2X4M)                           0.07       1.45 r
  ALU_u/div_45/U56/Y (MXI2X2M)                            0.15       1.60 r
  ALU_u/div_45/U3/Y (NAND2X2M)                            0.10       1.69 f
  ALU_u/div_45/U5/Y (NAND3X2M)                            0.12       1.81 r
  ALU_u/div_45/U10/Y (NAND2X2M)                           0.07       1.89 f
  ALU_u/div_45/U11/Y (NAND3X2M)                           0.12       2.01 r
  ALU_u/div_45/U44/Y (INVX2M)                             0.05       2.06 f
  ALU_u/div_45/U64/Y (NOR2X2M)                            0.14       2.20 r
  ALU_u/div_45/U54/Y (MXI2X3M)                            0.18       2.39 r
  ALU_u/div_45/u_div/u_fa_PartRem_0_4_1/CO (ADDFHX4M)     0.41       2.80 r
  ALU_u/div_45/U41/Y (NAND2X1M)                           0.09       2.90 f
  ALU_u/div_45/U40/Y (NAND3X3M)                           0.12       3.02 r
  ALU_u/div_45/u_div/u_fa_PartRem_0_4_3/CO (ADDFHX4M)     0.17       3.18 r
  ALU_u/div_45/U36/Y (INVX3M)                             0.04       3.23 f
  ALU_u/div_45/U29/Y (OR2X6M)                             0.15       3.37 f
  ALU_u/div_45/U23/Y (CLKINVX8M)                          0.05       3.42 r
  ALU_u/div_45/U50/Y (MXI2X6M)                            0.05       3.47 f
  ALU_u/div_45/u_div/u_fa_PartRem_0_3_1/CO (ADDFHX4M)     0.23       3.70 f
  ALU_u/div_45/U63/Y (NAND2X2M)                           0.09       3.79 r
  ALU_u/div_45/U33/Y (NAND3BX4M)                          0.11       3.89 f
  ALU_u/div_45/u_div/u_fa_PartRem_0_3_3/CO (ADDFHX4M)     0.22       4.12 f
  ALU_u/div_45/u_div/u_fa_PartRem_0_3_4/CO (ADDFHX4M)     0.22       4.34 f
  ALU_u/div_45/U46/Y (INVX4M)                             0.07       4.41 r
  ALU_u/div_45/U45/Y (NOR2X4M)                            0.06       4.47 f
  ALU_u/div_45/U34/Y (MX2X4M)                             0.24       4.70 r
  ALU_u/div_45/u_div/u_fa_PartRem_0_2_2/CO (ADDFHX4M)     0.37       5.08 r
  ALU_u/div_45/u_div/u_fa_PartRem_0_2_3/CO (ADDFHX4M)     0.16       5.24 r
  ALU_u/div_45/u_div/u_fa_PartRem_0_2_4/CO (ADDFHX4M)     0.17       5.41 r
  ALU_u/div_45/U68/Y (NAND2X2M)                           0.06       5.47 f
  ALU_u/div_45/U58/Y (NAND3X2M)                           0.10       5.57 r
  ALU_u/div_45/U43/Y (INVX2M)                             0.05       5.62 f
  ALU_u/div_45/U95/Y (NAND2BX2M)                          0.15       5.77 f
  ALU_u/div_45/U73/Y (INVX2M)                             0.14       5.91 r
  ALU_u/div_45/quotient[2] (ALU_WIDTH8_OUT_WIDTH16_FUN_WIDTH4_DW_div_uns_1)
                                                          0.00       5.91 r
  ALU_u/U68/Y (AOI22XLM)                                  0.18       6.08 f
  ALU_u/U65/Y (AOI31X2M)                                  0.15       6.23 r
  ALU_u/ALU_OUT_reg[2]/D (DFFRQX2M)                       0.00       6.23 r
  data arrival time                                                  6.23

  clock Gated_clk (rise edge)                            10.00      10.00
  clock network delay (ideal)                             0.00      10.00
  clock uncertainty                                      -0.20       9.80
  ALU_u/ALU_OUT_reg[2]/CK (DFFRQX2M)                      0.00       9.80 r
  library setup time                                     -0.31       9.49
  data required time                                                 9.49
  --------------------------------------------------------------------------
  data required time                                                 9.49
  data arrival time                                                 -6.23
  --------------------------------------------------------------------------
  slack (MET)                                                        3.26


  Startpoint: Regfile_u/reg_file_reg[0][1]
              (rising edge-triggered flip-flop clocked by Ref_clk)
  Endpoint: ALU_u/ALU_OUT_reg[13]
            (rising edge-triggered flip-flop clocked by Gated_clk)
  Path Group: Gated_clk
  Path Type: max

  Point                                                   Incr       Path
  --------------------------------------------------------------------------
  clock Ref_clk (rise edge)                               0.00       0.00
  clock network delay (ideal)                             0.00       0.00
  Regfile_u/reg_file_reg[0][1]/CK (DFFRQX2M)              0.00       0.00 r
  Regfile_u/reg_file_reg[0][1]/Q (DFFRQX2M)               0.39       0.39 r
  Regfile_u/REG0[1] (Register_WIDTH8_DEPTH16_ADDRESS4)
                                                          0.00       0.39 r
  ALU_u/A[1] (ALU_WIDTH8_OUT_WIDTH16_FUN_WIDTH4)          0.00       0.39 r
  ALU_u/U114/Y (BUFX2M)                                   0.25       0.64 r
  ALU_u/mult_42/A[1] (ALU_WIDTH8_OUT_WIDTH16_FUN_WIDTH4_DW02_mult_0)
                                                          0.00       0.64 r
  ALU_u/mult_42/U35/Y (INVX2M)                            0.14       0.77 f
  ALU_u/mult_42/U107/Y (NOR2X1M)                          0.17       0.94 r
  ALU_u/mult_42/U4/Y (AND2X2M)                            0.16       1.11 r
  ALU_u/mult_42/S2_2_2/CO (ADDFX2M)                       0.54       1.65 r
  ALU_u/mult_42/S2_3_2/CO (ADDFX2M)                       0.55       2.20 r
  ALU_u/mult_42/S2_4_2/CO (ADDFX2M)                       0.55       2.75 r
  ALU_u/mult_42/S2_5_2/CO (ADDFX2M)                       0.55       3.30 r
  ALU_u/mult_42/S2_6_2/CO (ADDFX2M)                       0.55       3.85 r
  ALU_u/mult_42/S4_2/S (ADDFX2M)                          0.58       4.43 f
  ALU_u/mult_42/U18/Y (CLKXOR2X2M)                        0.31       4.74 r
  ALU_u/mult_42/FS_1/A[7] (ALU_WIDTH8_OUT_WIDTH16_FUN_WIDTH4_DW01_add_1)
                                                          0.00       4.74 r
  ALU_u/mult_42/FS_1/U4/Y (NAND2X2M)                      0.07       4.81 f
  ALU_u/mult_42/FS_1/U23/Y (OA21X1M)                      0.37       5.18 f
  ALU_u/mult_42/FS_1/U20/Y (AOI2BB1X1M)                   0.26       5.44 f
  ALU_u/mult_42/FS_1/U18/Y (OA21X1M)                      0.40       5.84 f
  ALU_u/mult_42/FS_1/U14/Y (XNOR2X1M)                     0.10       5.94 r
  ALU_u/mult_42/FS_1/SUM[11] (ALU_WIDTH8_OUT_WIDTH16_FUN_WIDTH4_DW01_add_1)
                                                          0.00       5.94 r
  ALU_u/mult_42/PRODUCT[13] (ALU_WIDTH8_OUT_WIDTH16_FUN_WIDTH4_DW02_mult_0)
                                                          0.00       5.94 r
  ALU_u/U17/Y (OAI2BB1X2M)                                0.15       6.09 r
  ALU_u/ALU_OUT_reg[13]/D (DFFRQX2M)                      0.00       6.09 r
  data arrival time                                                  6.09

  clock Gated_clk (rise edge)                            10.00      10.00
  clock network delay (ideal)                             0.00      10.00
  clock uncertainty                                      -0.20       9.80
  ALU_u/ALU_OUT_reg[13]/CK (DFFRQX2M)                     0.00       9.80 r
  library setup time                                     -0.30       9.50
  data required time                                                 9.50
  --------------------------------------------------------------------------
  data required time                                                 9.50
  data arrival time                                                 -6.09
  --------------------------------------------------------------------------
  slack (MET)                                                        3.41


  Startpoint: Regfile_u/reg_file_reg[0][1]
              (rising edge-triggered flip-flop clocked by Ref_clk)
  Endpoint: ALU_u/ALU_OUT_reg[12]
            (rising edge-triggered flip-flop clocked by Gated_clk)
  Path Group: Gated_clk
  Path Type: max

  Point                                                   Incr       Path
  --------------------------------------------------------------------------
  clock Ref_clk (rise edge)                               0.00       0.00
  clock network delay (ideal)                             0.00       0.00
  Regfile_u/reg_file_reg[0][1]/CK (DFFRQX2M)              0.00       0.00 r
  Regfile_u/reg_file_reg[0][1]/Q (DFFRQX2M)               0.39       0.39 r
  Regfile_u/REG0[1] (Register_WIDTH8_DEPTH16_ADDRESS4)
                                                          0.00       0.39 r
  ALU_u/A[1] (ALU_WIDTH8_OUT_WIDTH16_FUN_WIDTH4)          0.00       0.39 r
  ALU_u/U114/Y (BUFX2M)                                   0.25       0.64 r
  ALU_u/mult_42/A[1] (ALU_WIDTH8_OUT_WIDTH16_FUN_WIDTH4_DW02_mult_0)
                                                          0.00       0.64 r
  ALU_u/mult_42/U35/Y (INVX2M)                            0.14       0.77 f
  ALU_u/mult_42/U107/Y (NOR2X1M)                          0.17       0.94 r
  ALU_u/mult_42/U4/Y (AND2X2M)                            0.16       1.11 r
  ALU_u/mult_42/S2_2_2/CO (ADDFX2M)                       0.54       1.65 r
  ALU_u/mult_42/S2_3_2/CO (ADDFX2M)                       0.55       2.20 r
  ALU_u/mult_42/S2_4_2/CO (ADDFX2M)                       0.55       2.75 r
  ALU_u/mult_42/S2_5_2/CO (ADDFX2M)                       0.55       3.30 r
  ALU_u/mult_42/S2_6_2/CO (ADDFX2M)                       0.55       3.85 r
  ALU_u/mult_42/S4_2/S (ADDFX2M)                          0.58       4.43 f
  ALU_u/mult_42/U18/Y (CLKXOR2X2M)                        0.31       4.74 r
  ALU_u/mult_42/FS_1/A[7] (ALU_WIDTH8_OUT_WIDTH16_FUN_WIDTH4_DW01_add_1)
                                                          0.00       4.74 r
  ALU_u/mult_42/FS_1/U4/Y (NAND2X2M)                      0.07       4.81 f
  ALU_u/mult_42/FS_1/U23/Y (OA21X1M)                      0.37       5.18 f
  ALU_u/mult_42/FS_1/U20/Y (AOI2BB1X1M)                   0.26       5.44 f
  ALU_u/mult_42/FS_1/U19/Y (CLKXOR2X2M)                   0.26       5.70 r
  ALU_u/mult_42/FS_1/SUM[10] (ALU_WIDTH8_OUT_WIDTH16_FUN_WIDTH4_DW01_add_1)
                                                          0.00       5.70 r
  ALU_u/mult_42/PRODUCT[12] (ALU_WIDTH8_OUT_WIDTH16_FUN_WIDTH4_DW02_mult_0)
                                                          0.00       5.70 r
  ALU_u/U19/Y (OAI2BB1X2M)                                0.12       5.82 r
  ALU_u/ALU_OUT_reg[12]/D (DFFRQX2M)                      0.00       5.82 r
  data arrival time                                                  5.82

  clock Gated_clk (rise edge)                            10.00      10.00
  clock network delay (ideal)                             0.00      10.00
  clock uncertainty                                      -0.20       9.80
  ALU_u/ALU_OUT_reg[12]/CK (DFFRQX2M)                     0.00       9.80 r
  library setup time                                     -0.30       9.50
  data required time                                                 9.50
  --------------------------------------------------------------------------
  data required time                                                 9.50
  data arrival time                                                 -5.82
  --------------------------------------------------------------------------
  slack (MET)                                                        3.67


  Startpoint: Regfile_u/reg_file_reg[0][1]
              (rising edge-triggered flip-flop clocked by Ref_clk)
  Endpoint: ALU_u/ALU_OUT_reg[11]
            (rising edge-triggered flip-flop clocked by Gated_clk)
  Path Group: Gated_clk
  Path Type: max

  Point                                                   Incr       Path
  --------------------------------------------------------------------------
  clock Ref_clk (rise edge)                               0.00       0.00
  clock network delay (ideal)                             0.00       0.00
  Regfile_u/reg_file_reg[0][1]/CK (DFFRQX2M)              0.00       0.00 r
  Regfile_u/reg_file_reg[0][1]/Q (DFFRQX2M)               0.39       0.39 r
  Regfile_u/REG0[1] (Register_WIDTH8_DEPTH16_ADDRESS4)
                                                          0.00       0.39 r
  ALU_u/A[1] (ALU_WIDTH8_OUT_WIDTH16_FUN_WIDTH4)          0.00       0.39 r
  ALU_u/U114/Y (BUFX2M)                                   0.25       0.64 r
  ALU_u/mult_42/A[1] (ALU_WIDTH8_OUT_WIDTH16_FUN_WIDTH4_DW02_mult_0)
                                                          0.00       0.64 r
  ALU_u/mult_42/U35/Y (INVX2M)                            0.14       0.77 f
  ALU_u/mult_42/U107/Y (NOR2X1M)                          0.17       0.94 r
  ALU_u/mult_42/U4/Y (AND2X2M)                            0.16       1.11 r
  ALU_u/mult_42/S2_2_2/CO (ADDFX2M)                       0.54       1.65 r
  ALU_u/mult_42/S2_3_2/CO (ADDFX2M)                       0.55       2.20 r
  ALU_u/mult_42/S2_4_2/CO (ADDFX2M)                       0.55       2.75 r
  ALU_u/mult_42/S2_5_2/CO (ADDFX2M)                       0.55       3.30 r
  ALU_u/mult_42/S2_6_2/CO (ADDFX2M)                       0.55       3.85 r
  ALU_u/mult_42/S4_2/S (ADDFX2M)                          0.58       4.43 f
  ALU_u/mult_42/U18/Y (CLKXOR2X2M)                        0.31       4.74 r
  ALU_u/mult_42/FS_1/A[7] (ALU_WIDTH8_OUT_WIDTH16_FUN_WIDTH4_DW01_add_1)
                                                          0.00       4.74 r
  ALU_u/mult_42/FS_1/U4/Y (NAND2X2M)                      0.07       4.81 f
  ALU_u/mult_42/FS_1/U23/Y (OA21X1M)                      0.37       5.18 f
  ALU_u/mult_42/FS_1/U7/Y (XNOR2X1M)                      0.10       5.28 r
  ALU_u/mult_42/FS_1/SUM[9] (ALU_WIDTH8_OUT_WIDTH16_FUN_WIDTH4_DW01_add_1)
                                                          0.00       5.28 r
  ALU_u/mult_42/PRODUCT[11] (ALU_WIDTH8_OUT_WIDTH16_FUN_WIDTH4_DW02_mult_0)
                                                          0.00       5.28 r
  ALU_u/U18/Y (OAI2BB1X2M)                                0.15       5.43 r
  ALU_u/ALU_OUT_reg[11]/D (DFFRQX2M)                      0.00       5.43 r
  data arrival time                                                  5.43

  clock Gated_clk (rise edge)                            10.00      10.00
  clock network delay (ideal)                             0.00      10.00
  clock uncertainty                                      -0.20       9.80
  ALU_u/ALU_OUT_reg[11]/CK (DFFRQX2M)                     0.00       9.80 r
  library setup time                                     -0.30       9.50
  data required time                                                 9.50
  --------------------------------------------------------------------------
  data required time                                                 9.50
  data arrival time                                                 -5.43
  --------------------------------------------------------------------------
  slack (MET)                                                        4.07


  Startpoint: Regfile_u/reg_file_reg[0][1]
              (rising edge-triggered flip-flop clocked by Ref_clk)
  Endpoint: ALU_u/ALU_OUT_reg[10]
            (rising edge-triggered flip-flop clocked by Gated_clk)
  Path Group: Gated_clk
  Path Type: max

  Point                                                   Incr       Path
  --------------------------------------------------------------------------
  clock Ref_clk (rise edge)                               0.00       0.00
  clock network delay (ideal)                             0.00       0.00
  Regfile_u/reg_file_reg[0][1]/CK (DFFRQX2M)              0.00       0.00 r
  Regfile_u/reg_file_reg[0][1]/Q (DFFRQX2M)               0.39       0.39 r
  Regfile_u/REG0[1] (Register_WIDTH8_DEPTH16_ADDRESS4)
                                                          0.00       0.39 r
  ALU_u/A[1] (ALU_WIDTH8_OUT_WIDTH16_FUN_WIDTH4)          0.00       0.39 r
  ALU_u/U114/Y (BUFX2M)                                   0.25       0.64 r
  ALU_u/mult_42/A[1] (ALU_WIDTH8_OUT_WIDTH16_FUN_WIDTH4_DW02_mult_0)
                                                          0.00       0.64 r
  ALU_u/mult_42/U35/Y (INVX2M)                            0.14       0.77 f
  ALU_u/mult_42/U106/Y (NOR2X1M)                          0.17       0.94 r
  ALU_u/mult_42/U2/Y (AND2X2M)                            0.16       1.11 r
  ALU_u/mult_42/S2_2_3/CO (ADDFX2M)                       0.54       1.65 r
  ALU_u/mult_42/S2_3_3/CO (ADDFX2M)                       0.55       2.20 r
  ALU_u/mult_42/S2_4_3/CO (ADDFX2M)                       0.55       2.75 r
  ALU_u/mult_42/S2_5_3/CO (ADDFX2M)                       0.55       3.30 r
  ALU_u/mult_42/S2_6_3/CO (ADDFX2M)                       0.55       3.85 r
  ALU_u/mult_42/S4_3/S (ADDFX2M)                          0.58       4.43 f
  ALU_u/mult_42/U10/Y (CLKXOR2X2M)                        0.30       4.73 r
  ALU_u/mult_42/FS_1/A[8] (ALU_WIDTH8_OUT_WIDTH16_FUN_WIDTH4_DW01_add_1)
                                                          0.00       4.73 r
  ALU_u/mult_42/FS_1/U25/Y (NOR2X1M)                      0.06       4.79 f
  ALU_u/mult_42/FS_1/U10/Y (NAND2BX1M)                    0.20       4.99 f
  ALU_u/mult_42/FS_1/U9/Y (CLKXOR2X2M)                    0.19       5.18 r
  ALU_u/mult_42/FS_1/SUM[8] (ALU_WIDTH8_OUT_WIDTH16_FUN_WIDTH4_DW01_add_1)
                                                          0.00       5.18 r
  ALU_u/mult_42/PRODUCT[10] (ALU_WIDTH8_OUT_WIDTH16_FUN_WIDTH4_DW02_mult_0)
                                                          0.00       5.18 r
  ALU_u/U21/Y (OAI2BB1X2M)                                0.12       5.31 r
  ALU_u/ALU_OUT_reg[10]/D (DFFRQX2M)                      0.00       5.31 r
  data arrival time                                                  5.31

  clock Gated_clk (rise edge)                            10.00      10.00
  clock network delay (ideal)                             0.00      10.00
  clock uncertainty                                      -0.20       9.80
  ALU_u/ALU_OUT_reg[10]/CK (DFFRQX2M)                     0.00       9.80 r
  library setup time                                     -0.30       9.50
  data required time                                                 9.50
  --------------------------------------------------------------------------
  data required time                                                 9.50
  data arrival time                                                 -5.31
  --------------------------------------------------------------------------
  slack (MET)                                                        4.19


  Startpoint: Regfile_u/reg_file_reg[0][1]
              (rising edge-triggered flip-flop clocked by Ref_clk)
  Endpoint: ALU_u/ALU_OUT_reg[9]
            (rising edge-triggered flip-flop clocked by Gated_clk)
  Path Group: Gated_clk
  Path Type: max

  Point                                                   Incr       Path
  --------------------------------------------------------------------------
  clock Ref_clk (rise edge)                               0.00       0.00
  clock network delay (ideal)                             0.00       0.00
  Regfile_u/reg_file_reg[0][1]/CK (DFFRQX2M)              0.00       0.00 r
  Regfile_u/reg_file_reg[0][1]/Q (DFFRQX2M)               0.39       0.39 r
  Regfile_u/REG0[1] (Register_WIDTH8_DEPTH16_ADDRESS4)
                                                          0.00       0.39 r
  ALU_u/A[1] (ALU_WIDTH8_OUT_WIDTH16_FUN_WIDTH4)          0.00       0.39 r
  ALU_u/U114/Y (BUFX2M)                                   0.25       0.64 r
  ALU_u/mult_42/A[1] (ALU_WIDTH8_OUT_WIDTH16_FUN_WIDTH4_DW02_mult_0)
                                                          0.00       0.64 r
  ALU_u/mult_42/U35/Y (INVX2M)                            0.14       0.77 f
  ALU_u/mult_42/U108/Y (NOR2X1M)                          0.17       0.94 r
  ALU_u/mult_42/U3/Y (AND2X2M)                            0.16       1.11 r
  ALU_u/mult_42/S2_2_1/CO (ADDFX2M)                       0.54       1.65 r
  ALU_u/mult_42/S2_3_1/CO (ADDFX2M)                       0.55       2.20 r
  ALU_u/mult_42/S2_4_1/CO (ADDFX2M)                       0.55       2.75 r
  ALU_u/mult_42/S2_5_1/CO (ADDFX2M)                       0.55       3.30 r
  ALU_u/mult_42/S2_6_1/CO (ADDFX2M)                       0.55       3.85 r
  ALU_u/mult_42/S4_1/S (ADDFX2M)                          0.59       4.44 f
  ALU_u/mult_42/U17/Y (AND2X2M)                           0.20       4.64 f
  ALU_u/mult_42/FS_1/B[7] (ALU_WIDTH8_OUT_WIDTH16_FUN_WIDTH4_DW01_add_1)
                                                          0.00       4.64 f
  ALU_u/mult_42/FS_1/U6/Y (INVX2M)                        0.06       4.70 r
  ALU_u/mult_42/FS_1/U5/Y (XNOR2X2M)                      0.15       4.85 r
  ALU_u/mult_42/FS_1/SUM[7] (ALU_WIDTH8_OUT_WIDTH16_FUN_WIDTH4_DW01_add_1)
                                                          0.00       4.85 r
  ALU_u/mult_42/PRODUCT[9] (ALU_WIDTH8_OUT_WIDTH16_FUN_WIDTH4_DW02_mult_0)
                                                          0.00       4.85 r
  ALU_u/U20/Y (OAI2BB1X2M)                                0.15       5.00 r
  ALU_u/ALU_OUT_reg[9]/D (DFFRQX2M)                       0.00       5.00 r
  data arrival time                                                  5.00

  clock Gated_clk (rise edge)                            10.00      10.00
  clock network delay (ideal)                             0.00      10.00
  clock uncertainty                                      -0.20       9.80
  ALU_u/ALU_OUT_reg[9]/CK (DFFRQX2M)                      0.00       9.80 r
  library setup time                                     -0.30       9.50
  data required time                                                 9.50
  --------------------------------------------------------------------------
  data required time                                                 9.50
  data arrival time                                                 -5.00
  --------------------------------------------------------------------------
  slack (MET)                                                        4.50


  Startpoint: Regfile_u/reg_file_reg[0][1]
              (rising edge-triggered flip-flop clocked by Ref_clk)
  Endpoint: ALU_u/ALU_OUT_reg[8]
            (rising edge-triggered flip-flop clocked by Gated_clk)
  Path Group: Gated_clk
  Path Type: max

  Point                                                   Incr       Path
  --------------------------------------------------------------------------
  clock Ref_clk (rise edge)                               0.00       0.00
  clock network delay (ideal)                             0.00       0.00
  Regfile_u/reg_file_reg[0][1]/CK (DFFRQX2M)              0.00       0.00 r
  Regfile_u/reg_file_reg[0][1]/Q (DFFRQX2M)               0.39       0.39 r
  Regfile_u/REG0[1] (Register_WIDTH8_DEPTH16_ADDRESS4)
                                                          0.00       0.39 r
  ALU_u/A[1] (ALU_WIDTH8_OUT_WIDTH16_FUN_WIDTH4)          0.00       0.39 r
  ALU_u/U114/Y (BUFX2M)                                   0.25       0.64 r
  ALU_u/mult_42/A[1] (ALU_WIDTH8_OUT_WIDTH16_FUN_WIDTH4_DW02_mult_0)
                                                          0.00       0.64 r
  ALU_u/mult_42/U35/Y (INVX2M)                            0.14       0.77 f
  ALU_u/mult_42/U108/Y (NOR2X1M)                          0.17       0.94 r
  ALU_u/mult_42/U3/Y (AND2X2M)                            0.16       1.11 r
  ALU_u/mult_42/S2_2_1/CO (ADDFX2M)                       0.54       1.65 r
  ALU_u/mult_42/S2_3_1/CO (ADDFX2M)                       0.55       2.20 r
  ALU_u/mult_42/S2_4_1/CO (ADDFX2M)                       0.55       2.75 r
  ALU_u/mult_42/S2_5_1/CO (ADDFX2M)                       0.55       3.30 r
  ALU_u/mult_42/S2_6_1/CO (ADDFX2M)                       0.55       3.85 r
  ALU_u/mult_42/S4_1/S (ADDFX2M)                          0.59       4.44 f
  ALU_u/mult_42/U27/Y (INVX2M)                            0.08       4.52 r
  ALU_u/mult_42/U40/Y (XNOR2X2M)                          0.16       4.67 r
  ALU_u/mult_42/FS_1/A[6] (ALU_WIDTH8_OUT_WIDTH16_FUN_WIDTH4_DW01_add_1)
                                                          0.00       4.67 r
  ALU_u/mult_42/FS_1/SUM[6] (ALU_WIDTH8_OUT_WIDTH16_FUN_WIDTH4_DW01_add_1)
                                                          0.00       4.67 r
  ALU_u/mult_42/PRODUCT[8] (ALU_WIDTH8_OUT_WIDTH16_FUN_WIDTH4_DW02_mult_0)
                                                          0.00       4.67 r
  ALU_u/U78/Y (AOI2BB2XLM)                                0.14       4.82 f
  ALU_u/U76/Y (AOI21X2M)                                  0.15       4.97 r
  ALU_u/ALU_OUT_reg[8]/D (DFFRQX2M)                       0.00       4.97 r
  data arrival time                                                  4.97

  clock Gated_clk (rise edge)                            10.00      10.00
  clock network delay (ideal)                             0.00      10.00
  clock uncertainty                                      -0.20       9.80
  ALU_u/ALU_OUT_reg[8]/CK (DFFRQX2M)                      0.00       9.80 r
  library setup time                                     -0.31       9.49
  data required time                                                 9.49
  --------------------------------------------------------------------------
  data required time                                                 9.49
  data arrival time                                                 -4.97
  --------------------------------------------------------------------------
  slack (MET)                                                        4.52


  Startpoint: Regfile_u/reg_file_reg[0][1]
              (rising edge-triggered flip-flop clocked by Ref_clk)
  Endpoint: ALU_u/ALU_OUT_reg[7]
            (rising edge-triggered flip-flop clocked by Gated_clk)
  Path Group: Gated_clk
  Path Type: max

  Point                                                   Incr       Path
  --------------------------------------------------------------------------
  clock Ref_clk (rise edge)                               0.00       0.00
  clock network delay (ideal)                             0.00       0.00
  Regfile_u/reg_file_reg[0][1]/CK (DFFRQX2M)              0.00       0.00 r
  Regfile_u/reg_file_reg[0][1]/Q (DFFRQX2M)               0.39       0.39 r
  Regfile_u/REG0[1] (Register_WIDTH8_DEPTH16_ADDRESS4)
                                                          0.00       0.39 r
  ALU_u/A[1] (ALU_WIDTH8_OUT_WIDTH16_FUN_WIDTH4)          0.00       0.39 r
  ALU_u/U114/Y (BUFX2M)                                   0.25       0.64 r
  ALU_u/mult_42/A[1] (ALU_WIDTH8_OUT_WIDTH16_FUN_WIDTH4_DW02_mult_0)
                                                          0.00       0.64 r
  ALU_u/mult_42/U35/Y (INVX2M)                            0.14       0.77 f
  ALU_u/mult_42/U109/Y (NOR2X1M)                          0.19       0.96 r
  ALU_u/mult_42/U8/Y (AND2X2M)                            0.16       1.12 r
  ALU_u/mult_42/S1_2_0/CO (ADDFX2M)                       0.54       1.66 r
  ALU_u/mult_42/S1_3_0/CO (ADDFX2M)                       0.55       2.22 r
  ALU_u/mult_42/S1_4_0/CO (ADDFX2M)                       0.55       2.77 r
  ALU_u/mult_42/S1_5_0/CO (ADDFX2M)                       0.55       3.32 r
  ALU_u/mult_42/S1_6_0/CO (ADDFX2M)                       0.55       3.87 r
  ALU_u/mult_42/S4_0/S (ADDFX2M)                          0.55       4.42 f
  ALU_u/mult_42/FS_1/A[5] (ALU_WIDTH8_OUT_WIDTH16_FUN_WIDTH4_DW01_add_1)
                                                          0.00       4.42 f
  ALU_u/mult_42/FS_1/SUM[5] (ALU_WIDTH8_OUT_WIDTH16_FUN_WIDTH4_DW01_add_1)
                                                          0.00       4.42 f
  ALU_u/mult_42/PRODUCT[7] (ALU_WIDTH8_OUT_WIDTH16_FUN_WIDTH4_DW02_mult_0)
                                                          0.00       4.42 f
  ALU_u/U75/Y (AOI221XLM)                                 0.44       4.86 r
  ALU_u/U153/Y (AOI31X2M)                                 0.14       5.00 f
  ALU_u/ALU_OUT_reg[7]/D (DFFRQX2M)                       0.00       5.00 f
  data arrival time                                                  5.00

  clock Gated_clk (rise edge)                            10.00      10.00
  clock network delay (ideal)                             0.00      10.00
  clock uncertainty                                      -0.20       9.80
  ALU_u/ALU_OUT_reg[7]/CK (DFFRQX2M)                      0.00       9.80 r
  library setup time                                     -0.17       9.63
  data required time                                                 9.63
  --------------------------------------------------------------------------
  data required time                                                 9.63
  data arrival time                                                 -5.00
  --------------------------------------------------------------------------
  slack (MET)                                                        4.63


  Startpoint: Regfile_u/reg_file_reg[1][0]
              (rising edge-triggered flip-flop clocked by Ref_clk)
  Endpoint: ALU_u/ALU_OUT_reg[3]
            (rising edge-triggered flip-flop clocked by Gated_clk)
  Path Group: Gated_clk
  Path Type: max

  Point                                                   Incr       Path
  --------------------------------------------------------------------------
  clock Ref_clk (rise edge)                               0.00       0.00
  clock network delay (ideal)                             0.00       0.00
  Regfile_u/reg_file_reg[1][0]/CK (DFFRHQX4M)             0.00       0.00 r
  Regfile_u/reg_file_reg[1][0]/Q (DFFRHQX4M)              0.31       0.31 f
  Regfile_u/REG1[0] (Register_WIDTH8_DEPTH16_ADDRESS4)
                                                          0.00       0.31 f
  ALU_u/B[0] (ALU_WIDTH8_OUT_WIDTH16_FUN_WIDTH4)          0.00       0.31 f
  ALU_u/div_45/b[0] (ALU_WIDTH8_OUT_WIDTH16_FUN_WIDTH4_DW_div_uns_1)
                                                          0.00       0.31 f
  ALU_u/div_45/U19/Y (INVX8M)                             0.09       0.40 r
  ALU_u/div_45/U92/Y (OR2X6M)                             0.10       0.50 r
  ALU_u/div_45/U26/Y (INVX3M)                             0.03       0.53 f
  ALU_u/div_45/U71/Y (OR3X4M)                             0.19       0.72 f
  ALU_u/div_45/U42/Y (NOR2X6M)                            0.12       0.85 r
  ALU_u/div_45/U52/Y (MXI2X6M)                            0.14       0.98 r
  ALU_u/div_45/U115/Y (INVX8M)                            0.05       1.04 f
  ALU_u/div_45/u_div/u_fa_PartRem_0_6_1/CO (ADDFHX4M)     0.33       1.37 f
  ALU_u/div_45/U70/Y (NAND2X4M)                           0.07       1.45 r
  ALU_u/div_45/U56/Y (MXI2X2M)                            0.15       1.60 r
  ALU_u/div_45/U3/Y (NAND2X2M)                            0.10       1.69 f
  ALU_u/div_45/U5/Y (NAND3X2M)                            0.12       1.81 r
  ALU_u/div_45/U10/Y (NAND2X2M)                           0.07       1.89 f
  ALU_u/div_45/U11/Y (NAND3X2M)                           0.12       2.01 r
  ALU_u/div_45/U44/Y (INVX2M)                             0.05       2.06 f
  ALU_u/div_45/U64/Y (NOR2X2M)                            0.14       2.20 r
  ALU_u/div_45/U54/Y (MXI2X3M)                            0.18       2.39 r
  ALU_u/div_45/u_div/u_fa_PartRem_0_4_1/CO (ADDFHX4M)     0.41       2.80 r
  ALU_u/div_45/U41/Y (NAND2X1M)                           0.09       2.90 f
  ALU_u/div_45/U40/Y (NAND3X3M)                           0.12       3.02 r
  ALU_u/div_45/u_div/u_fa_PartRem_0_4_3/CO (ADDFHX4M)     0.17       3.18 r
  ALU_u/div_45/U36/Y (INVX3M)                             0.04       3.23 f
  ALU_u/div_45/U29/Y (OR2X6M)                             0.15       3.37 f
  ALU_u/div_45/U23/Y (CLKINVX8M)                          0.05       3.42 r
  ALU_u/div_45/U50/Y (MXI2X6M)                            0.09       3.52 r
  ALU_u/div_45/u_div/u_fa_PartRem_0_3_1/CO (ADDFHX4M)     0.19       3.71 r
  ALU_u/div_45/U66/Y (NAND2X2M)                           0.08       3.78 f
  ALU_u/div_45/U33/Y (NAND3BX4M)                          0.12       3.90 r
  ALU_u/div_45/u_div/u_fa_PartRem_0_3_3/CO (ADDFHX4M)     0.17       4.07 r
  ALU_u/div_45/u_div/u_fa_PartRem_0_3_4/CO (ADDFHX4M)     0.16       4.23 r
  ALU_u/div_45/U46/Y (INVX4M)                             0.05       4.28 f
  ALU_u/div_45/U45/Y (NOR2X4M)                            0.15       4.42 r
  ALU_u/div_45/quotient[3] (ALU_WIDTH8_OUT_WIDTH16_FUN_WIDTH4_DW_div_uns_1)
                                                          0.00       4.42 r
  ALU_u/U155/Y (AOI22XLM)                                 0.19       4.61 f
  ALU_u/U69/Y (AOI31X2M)                                  0.15       4.76 r
  ALU_u/ALU_OUT_reg[3]/D (DFFRQX2M)                       0.00       4.76 r
  data arrival time                                                  4.76

  clock Gated_clk (rise edge)                            10.00      10.00
  clock network delay (ideal)                             0.00      10.00
  clock uncertainty                                      -0.20       9.80
  ALU_u/ALU_OUT_reg[3]/CK (DFFRQX2M)                      0.00       9.80 r
  library setup time                                     -0.31       9.49
  data required time                                                 9.49
  --------------------------------------------------------------------------
  data required time                                                 9.49
  data arrival time                                                 -4.76
  --------------------------------------------------------------------------
  slack (MET)                                                        4.73


  Startpoint: Regfile_u/reg_file_reg[0][1]
              (rising edge-triggered flip-flop clocked by Ref_clk)
  Endpoint: ALU_u/ALU_OUT_reg[6]
            (rising edge-triggered flip-flop clocked by Gated_clk)
  Path Group: Gated_clk
  Path Type: max

  Point                                                   Incr       Path
  --------------------------------------------------------------------------
  clock Ref_clk (rise edge)                               0.00       0.00
  clock network delay (ideal)                             0.00       0.00
  Regfile_u/reg_file_reg[0][1]/CK (DFFRQX2M)              0.00       0.00 r
  Regfile_u/reg_file_reg[0][1]/Q (DFFRQX2M)               0.39       0.39 r
  Regfile_u/REG0[1] (Register_WIDTH8_DEPTH16_ADDRESS4)
                                                          0.00       0.39 r
  ALU_u/A[1] (ALU_WIDTH8_OUT_WIDTH16_FUN_WIDTH4)          0.00       0.39 r
  ALU_u/U114/Y (BUFX2M)                                   0.25       0.64 r
  ALU_u/mult_42/A[1] (ALU_WIDTH8_OUT_WIDTH16_FUN_WIDTH4_DW02_mult_0)
                                                          0.00       0.64 r
  ALU_u/mult_42/U35/Y (INVX2M)                            0.14       0.77 f
  ALU_u/mult_42/U109/Y (NOR2X1M)                          0.19       0.96 r
  ALU_u/mult_42/U8/Y (AND2X2M)                            0.16       1.12 r
  ALU_u/mult_42/S1_2_0/CO (ADDFX2M)                       0.54       1.66 r
  ALU_u/mult_42/S1_3_0/CO (ADDFX2M)                       0.55       2.22 r
  ALU_u/mult_42/S1_4_0/CO (ADDFX2M)                       0.55       2.77 r
  ALU_u/mult_42/S1_5_0/CO (ADDFX2M)                       0.55       3.32 r
  ALU_u/mult_42/S1_6_0/S (ADDFX2M)                        0.57       3.89 f
  ALU_u/mult_42/FS_1/A[4] (ALU_WIDTH8_OUT_WIDTH16_FUN_WIDTH4_DW01_add_1)
                                                          0.00       3.89 f
  ALU_u/mult_42/FS_1/SUM[4] (ALU_WIDTH8_OUT_WIDTH16_FUN_WIDTH4_DW01_add_1)
                                                          0.00       3.89 f
  ALU_u/mult_42/PRODUCT[6] (ALU_WIDTH8_OUT_WIDTH16_FUN_WIDTH4_DW02_mult_0)
                                                          0.00       3.89 f
  ALU_u/U87/Y (AOI211X2M)                                 0.24       4.13 r
  ALU_u/U154/Y (AOI31X2M)                                 0.12       4.25 f
  ALU_u/ALU_OUT_reg[6]/D (DFFRQX2M)                       0.00       4.25 f
  data arrival time                                                  4.25

  clock Gated_clk (rise edge)                            10.00      10.00
  clock network delay (ideal)                             0.00      10.00
  clock uncertainty                                      -0.20       9.80
  ALU_u/ALU_OUT_reg[6]/CK (DFFRQX2M)                      0.00       9.80 r
  library setup time                                     -0.17       9.63
  data required time                                                 9.63
  --------------------------------------------------------------------------
  data required time                                                 9.63
  data arrival time                                                 -4.25
  --------------------------------------------------------------------------
  slack (MET)                                                        5.38


  Startpoint: Regfile_u/reg_file_reg[1][0]
              (rising edge-triggered flip-flop clocked by Ref_clk)
  Endpoint: ALU_u/ALU_OUT_reg[4]
            (rising edge-triggered flip-flop clocked by Gated_clk)
  Path Group: Gated_clk
  Path Type: max

  Point                                                   Incr       Path
  --------------------------------------------------------------------------
  clock Ref_clk (rise edge)                               0.00       0.00
  clock network delay (ideal)                             0.00       0.00
  Regfile_u/reg_file_reg[1][0]/CK (DFFRHQX4M)             0.00       0.00 r
  Regfile_u/reg_file_reg[1][0]/Q (DFFRHQX4M)              0.31       0.31 f
  Regfile_u/REG1[0] (Register_WIDTH8_DEPTH16_ADDRESS4)
                                                          0.00       0.31 f
  ALU_u/B[0] (ALU_WIDTH8_OUT_WIDTH16_FUN_WIDTH4)          0.00       0.31 f
  ALU_u/div_45/b[0] (ALU_WIDTH8_OUT_WIDTH16_FUN_WIDTH4_DW_div_uns_1)
                                                          0.00       0.31 f
  ALU_u/div_45/U19/Y (INVX8M)                             0.09       0.40 r
  ALU_u/div_45/U92/Y (OR2X6M)                             0.10       0.50 r
  ALU_u/div_45/U26/Y (INVX3M)                             0.03       0.53 f
  ALU_u/div_45/U71/Y (OR3X4M)                             0.19       0.72 f
  ALU_u/div_45/U42/Y (NOR2X6M)                            0.12       0.85 r
  ALU_u/div_45/U52/Y (MXI2X6M)                            0.14       0.98 r
  ALU_u/div_45/U115/Y (INVX8M)                            0.05       1.04 f
  ALU_u/div_45/u_div/u_fa_PartRem_0_6_1/CO (ADDFHX4M)     0.33       1.37 f
  ALU_u/div_45/U70/Y (NAND2X4M)                           0.07       1.45 r
  ALU_u/div_45/U56/Y (MXI2X2M)                            0.15       1.60 r
  ALU_u/div_45/U3/Y (NAND2X2M)                            0.10       1.69 f
  ALU_u/div_45/U5/Y (NAND3X2M)                            0.12       1.81 r
  ALU_u/div_45/U10/Y (NAND2X2M)                           0.07       1.89 f
  ALU_u/div_45/U11/Y (NAND3X2M)                           0.12       2.01 r
  ALU_u/div_45/U44/Y (INVX2M)                             0.05       2.06 f
  ALU_u/div_45/U64/Y (NOR2X2M)                            0.14       2.20 r
  ALU_u/div_45/U54/Y (MXI2X3M)                            0.18       2.39 r
  ALU_u/div_45/u_div/u_fa_PartRem_0_4_1/CO (ADDFHX4M)     0.41       2.80 r
  ALU_u/div_45/U41/Y (NAND2X1M)                           0.09       2.90 f
  ALU_u/div_45/U40/Y (NAND3X3M)                           0.12       3.02 r
  ALU_u/div_45/u_div/u_fa_PartRem_0_4_3/CO (ADDFHX4M)     0.17       3.18 r
  ALU_u/div_45/U36/Y (INVX3M)                             0.04       3.23 f
  ALU_u/div_45/U35/Y (NAND2BX2M)                          0.16       3.38 f
  ALU_u/div_45/U49/Y (CLKINVX4M)                          0.09       3.47 r
  ALU_u/div_45/quotient[4] (ALU_WIDTH8_OUT_WIDTH16_FUN_WIDTH4_DW_div_uns_1)
                                                          0.00       3.47 r
  ALU_u/U160/Y (AOI22XLM)                                 0.16       3.63 f
  ALU_u/U72/Y (AOI31X2M)                                  0.15       3.78 r
  ALU_u/ALU_OUT_reg[4]/D (DFFRQX2M)                       0.00       3.78 r
  data arrival time                                                  3.78

  clock Gated_clk (rise edge)                            10.00      10.00
  clock network delay (ideal)                             0.00      10.00
  clock uncertainty                                      -0.20       9.80
  ALU_u/ALU_OUT_reg[4]/CK (DFFRQX2M)                      0.00       9.80 r
  library setup time                                     -0.31       9.49
  data required time                                                 9.49
  --------------------------------------------------------------------------
  data required time                                                 9.49
  data arrival time                                                 -3.78
  --------------------------------------------------------------------------
  slack (MET)                                                        5.71


  Startpoint: Regfile_u/reg_file_reg[0][1]
              (rising edge-triggered flip-flop clocked by Ref_clk)
  Endpoint: ALU_u/ALU_OUT_reg[5]
            (rising edge-triggered flip-flop clocked by Gated_clk)
  Path Group: Gated_clk
  Path Type: max

  Point                                                   Incr       Path
  --------------------------------------------------------------------------
  clock Ref_clk (rise edge)                               0.00       0.00
  clock network delay (ideal)                             0.00       0.00
  Regfile_u/reg_file_reg[0][1]/CK (DFFRQX2M)              0.00       0.00 r
  Regfile_u/reg_file_reg[0][1]/Q (DFFRQX2M)               0.39       0.39 r
  Regfile_u/REG0[1] (Register_WIDTH8_DEPTH16_ADDRESS4)
                                                          0.00       0.39 r
  ALU_u/A[1] (ALU_WIDTH8_OUT_WIDTH16_FUN_WIDTH4)          0.00       0.39 r
  ALU_u/U114/Y (BUFX2M)                                   0.25       0.64 r
  ALU_u/mult_42/A[1] (ALU_WIDTH8_OUT_WIDTH16_FUN_WIDTH4_DW02_mult_0)
                                                          0.00       0.64 r
  ALU_u/mult_42/U35/Y (INVX2M)                            0.14       0.77 f
  ALU_u/mult_42/U109/Y (NOR2X1M)                          0.19       0.96 r
  ALU_u/mult_42/U8/Y (AND2X2M)                            0.16       1.12 r
  ALU_u/mult_42/S1_2_0/CO (ADDFX2M)                       0.54       1.66 r
  ALU_u/mult_42/S1_3_0/CO (ADDFX2M)                       0.55       2.22 r
  ALU_u/mult_42/S1_4_0/CO (ADDFX2M)                       0.55       2.77 r
  ALU_u/mult_42/S1_5_0/S (ADDFX2M)                        0.57       3.34 f
  ALU_u/mult_42/FS_1/A[3] (ALU_WIDTH8_OUT_WIDTH16_FUN_WIDTH4_DW01_add_1)
                                                          0.00       3.34 f
  ALU_u/mult_42/FS_1/SUM[3] (ALU_WIDTH8_OUT_WIDTH16_FUN_WIDTH4_DW01_add_1)
                                                          0.00       3.34 f
  ALU_u/mult_42/PRODUCT[5] (ALU_WIDTH8_OUT_WIDTH16_FUN_WIDTH4_DW02_mult_0)
                                                          0.00       3.34 f
  ALU_u/U90/Y (AOI211X2M)                                 0.24       3.58 r
  ALU_u/U88/Y (AOI31X2M)                                  0.12       3.70 f
  ALU_u/ALU_OUT_reg[5]/D (DFFRQX2M)                       0.00       3.70 f
  data arrival time                                                  3.70

  clock Gated_clk (rise edge)                            10.00      10.00
  clock network delay (ideal)                             0.00      10.00
  clock uncertainty                                      -0.20       9.80
  ALU_u/ALU_OUT_reg[5]/CK (DFFRQX2M)                      0.00       9.80 r
  library setup time                                     -0.17       9.63
  data required time                                                 9.63
  --------------------------------------------------------------------------
  data required time                                                 9.63
  data arrival time                                                 -3.70
  --------------------------------------------------------------------------
  slack (MET)                                                        5.93


  Startpoint: sys_ctrl_u/current_state_reg[3]
              (rising edge-triggered flip-flop clocked by Ref_clk)
  Endpoint: ALU_u/OUT_VALID_reg
            (rising edge-triggered flip-flop clocked by Gated_clk)
  Path Group: Gated_clk
  Path Type: max

  Point                                                   Incr       Path
  --------------------------------------------------------------------------
  clock Ref_clk (rise edge)                               0.00       0.00
  clock network delay (ideal)                             0.00       0.00
  sys_ctrl_u/current_state_reg[3]/CK (DFFRQX2M)           0.00       0.00 r
  sys_ctrl_u/current_state_reg[3]/Q (DFFRQX2M)            0.51       0.51 f
  sys_ctrl_u/U55/Y (INVX2M)                               0.09       0.60 r
  sys_ctrl_u/U53/Y (NAND2X2M)                             0.11       0.71 f
  sys_ctrl_u/U51/Y (NOR3X2M)                              0.23       0.95 r
  sys_ctrl_u/U52/Y (NAND2X2M)                             0.18       1.13 f
  sys_ctrl_u/U15/Y (INVX2M)                               0.13       1.26 r
  sys_ctrl_u/EN (SYS_CTRL_WIDTH8_ALU_OUT_WIDTH16_ADDR4)
                                                          0.00       1.26 r
  ALU_u/en (ALU_WIDTH8_OUT_WIDTH16_FUN_WIDTH4)            0.00       1.26 r
  ALU_u/OUT_VALID_reg/D (DFFRQX2M)                        0.00       1.26 r
  data arrival time                                                  1.26

  clock Gated_clk (rise edge)                            10.00      10.00
  clock network delay (ideal)                             0.00      10.00
  clock uncertainty                                      -0.20       9.80
  ALU_u/OUT_VALID_reg/CK (DFFRQX2M)                       0.00       9.80 r
  library setup time                                     -0.31       9.49
  data required time                                                 9.49
  --------------------------------------------------------------------------
  data required time                                                 9.49
  data arrival time                                                 -1.26
  --------------------------------------------------------------------------
  slack (MET)                                                        8.23


  Startpoint: sys_ctrl_u/current_state_reg[3]
              (rising edge-triggered flip-flop clocked by Ref_clk)
  Endpoint: ALU_CG/Latch_Out_reg
            (negative level-sensitive latch clocked by Ref_clk)
  Path Group: Ref_clk
  Path Type: max

  Point                                                   Incr       Path
  --------------------------------------------------------------------------
  clock Ref_clk (rise edge)                               0.00       0.00
  clock network delay (ideal)                             0.00       0.00
  sys_ctrl_u/current_state_reg[3]/CK (DFFRQX2M)           0.00       0.00 r
  sys_ctrl_u/current_state_reg[3]/Q (DFFRQX2M)            0.51       0.51 f
  sys_ctrl_u/U55/Y (INVX2M)                               0.09       0.60 r
  sys_ctrl_u/U53/Y (NAND2X2M)                             0.11       0.71 f
  sys_ctrl_u/U51/Y (NOR3X2M)                              0.23       0.95 r
  sys_ctrl_u/U52/Y (NAND2X2M)                             0.18       1.13 f
  sys_ctrl_u/U15/Y (INVX2M)                               0.13       1.26 r
  sys_ctrl_u/CLK_EN (SYS_CTRL_WIDTH8_ALU_OUT_WIDTH16_ADDR4)
                                                          0.00       1.26 r
  ALU_CG/CLK_EN (CLK_GATE)                                0.00       1.26 r
  ALU_CG/Latch_Out_reg/D (TLATNX2M)                       0.00       1.26 r
  data arrival time                                                  1.26

  clock Ref_clk (fall edge)                               5.00       5.00
  clock network delay (ideal)                             0.00       5.00
  clock uncertainty                                      -0.20       4.80
  ALU_CG/Latch_Out_reg/GN (TLATNX2M)                      0.00       4.80 f
  time borrowed from endpoint                             0.00       4.80
  data required time                                                 4.80
  --------------------------------------------------------------------------
  data required time                                                 4.80
  data arrival time                                                 -1.26
  --------------------------------------------------------------------------
  slack (MET)                                                        3.54

  Time Borrowing Information
  --------------------------------------------------------------
  Ref_clk nominal pulse width                             5.00   
  library setup time                                     -0.08   
  --------------------------------------------------------------
  max time borrow                                         4.92   
  actual time borrow                                      0.00   
  --------------------------------------------------------------


  Startpoint: sys_ctrl_u/current_state_reg[3]
              (rising edge-triggered flip-flop clocked by Ref_clk)
  Endpoint: FIFO_u/U4/full_reg
            (rising edge-triggered flip-flop clocked by Ref_clk)
  Path Group: Ref_clk
  Path Type: max

  Point                                                   Incr       Path
  --------------------------------------------------------------------------
  clock Ref_clk (rise edge)                               0.00       0.00
  clock network delay (ideal)                             0.00       0.00
  sys_ctrl_u/current_state_reg[3]/CK (DFFRQX2M)           0.00       0.00 r
  sys_ctrl_u/current_state_reg[3]/Q (DFFRQX2M)            0.51       0.51 f
  sys_ctrl_u/U56/Y (NOR2X2M)                              0.23       0.73 r
  sys_ctrl_u/U22/Y (NAND2X2M)                             0.13       0.86 f
  sys_ctrl_u/U58/Y (NOR2BX2M)                             0.40       1.26 r
  sys_ctrl_u/U57/Y (NOR2BX2M)                             0.41       1.67 r
  sys_ctrl_u/U23/Y (OR3X2M)                               0.23       1.90 r
  sys_ctrl_u/TX_D_VLD (SYS_CTRL_WIDTH8_ALU_OUT_WIDTH16_ADDR4)
                                                          0.00       1.90 r
  FIFO_u/W_INC (FIFO_TOP_BUS_WIDTH8_DEPTH8_ADDR_WIDTH3_PTR_SIZE4)
                                                          0.00       1.90 r
  FIFO_u/U4/w_inc (FIFO_WR_DEPTH8_ADDR_SIZE3_PTR_SIZE4)
                                                          0.00       1.90 r
  FIFO_u/U4/U7/Y (NOR2BX2M)                               0.19       2.09 r
  FIFO_u/U4/U13/Y (NAND2X2M)                              0.10       2.20 f
  FIFO_u/U4/U8/Y (NOR2BX2M)                               0.17       2.37 r
  FIFO_u/U4/U14/Y (CLKXOR2X2M)                            0.28       2.65 f
  FIFO_u/U4/U3/Y (CLKXOR2X2M)                             0.21       2.85 r
  FIFO_u/U4/U15/Y (CLKXOR2X2M)                            0.29       3.15 f
  FIFO_u/U4/U9/Y (NOR4X1M)                                0.24       3.39 r
  FIFO_u/U4/full_reg/D (DFFRQX2M)                         0.00       3.39 r
  data arrival time                                                  3.39

  clock Ref_clk (rise edge)                              10.00      10.00
  clock network delay (ideal)                             0.00      10.00
  clock uncertainty                                      -0.20       9.80
  FIFO_u/U4/full_reg/CK (DFFRQX2M)                        0.00       9.80 r
  library setup time                                     -0.32       9.48
  data required time                                                 9.48
  --------------------------------------------------------------------------
  data required time                                                 9.48
  data arrival time                                                 -3.39
  --------------------------------------------------------------------------
  slack (MET)                                                        6.10


  Startpoint: sys_ctrl_u/current_state_reg[3]
              (rising edge-triggered flip-flop clocked by Ref_clk)
  Endpoint: Regfile_u/RdData_reg[7]
            (rising edge-triggered flip-flop clocked by Ref_clk)
  Path Group: Ref_clk
  Path Type: max

  Point                                                   Incr       Path
  --------------------------------------------------------------------------
  clock Ref_clk (rise edge)                               0.00       0.00
  clock network delay (ideal)                             0.00       0.00
  sys_ctrl_u/current_state_reg[3]/CK (DFFRQX2M)           0.00       0.00 r
  sys_ctrl_u/current_state_reg[3]/Q (DFFRQX2M)            0.51       0.51 f
  sys_ctrl_u/U55/Y (INVX2M)                               0.09       0.60 r
  sys_ctrl_u/U53/Y (NAND2X2M)                             0.11       0.71 f
  sys_ctrl_u/U17/Y (NOR3X2M)                              0.26       0.98 r
  sys_ctrl_u/U61/Y (NAND2X2M)                             0.15       1.13 f
  sys_ctrl_u/U6/Y (OAI22X1M)                              0.43       1.57 r
  sys_ctrl_u/Address[1] (SYS_CTRL_WIDTH8_ALU_OUT_WIDTH16_ADDR4)
                                                          0.00       1.57 r
  Regfile_u/Address[1] (Register_WIDTH8_DEPTH16_ADDRESS4)
                                                          0.00       1.57 r
  Regfile_u/U42/Y (OR2X2M)                                0.21       1.77 r
  Regfile_u/U23/Y (BUFX2M)                                0.10       1.88 r
  Regfile_u/U15/Y (INVX2M)                                0.21       2.08 f
  Regfile_u/U315/Y (AOI22XLM)                             0.30       2.38 r
  Regfile_u/U310/Y (AOI21X1M)                             0.11       2.50 f
  Regfile_u/U314/Y (OR4X1M)                               0.44       2.94 f
  Regfile_u/U82/Y (AO22X1M)                               0.32       3.26 f
  Regfile_u/RdData_reg[7]/D (DFFRQX2M)                    0.00       3.26 f
  data arrival time                                                  3.26

  clock Ref_clk (rise edge)                              10.00      10.00
  clock network delay (ideal)                             0.00      10.00
  clock uncertainty                                      -0.20       9.80
  Regfile_u/RdData_reg[7]/CK (DFFRQX2M)                   0.00       9.80 r
  library setup time                                     -0.15       9.65
  data required time                                                 9.65
  --------------------------------------------------------------------------
  data required time                                                 9.65
  data arrival time                                                 -3.26
  --------------------------------------------------------------------------
  slack (MET)                                                        6.39


  Startpoint: sys_ctrl_u/current_state_reg[3]
              (rising edge-triggered flip-flop clocked by Ref_clk)
  Endpoint: Regfile_u/RdData_reg[6]
            (rising edge-triggered flip-flop clocked by Ref_clk)
  Path Group: Ref_clk
  Path Type: max

  Point                                                   Incr       Path
  --------------------------------------------------------------------------
  clock Ref_clk (rise edge)                               0.00       0.00
  clock network delay (ideal)                             0.00       0.00
  sys_ctrl_u/current_state_reg[3]/CK (DFFRQX2M)           0.00       0.00 r
  sys_ctrl_u/current_state_reg[3]/Q (DFFRQX2M)            0.51       0.51 f
  sys_ctrl_u/U55/Y (INVX2M)                               0.09       0.60 r
  sys_ctrl_u/U53/Y (NAND2X2M)                             0.11       0.71 f
  sys_ctrl_u/U17/Y (NOR3X2M)                              0.26       0.98 r
  sys_ctrl_u/U61/Y (NAND2X2M)                             0.15       1.13 f
  sys_ctrl_u/U6/Y (OAI22X1M)                              0.43       1.57 r
  sys_ctrl_u/Address[1] (SYS_CTRL_WIDTH8_ALU_OUT_WIDTH16_ADDR4)
                                                          0.00       1.57 r
  Regfile_u/Address[1] (Register_WIDTH8_DEPTH16_ADDRESS4)
                                                          0.00       1.57 r
  Regfile_u/U42/Y (OR2X2M)                                0.21       1.77 r
  Regfile_u/U23/Y (BUFX2M)                                0.10       1.88 r
  Regfile_u/U15/Y (INVX2M)                                0.21       2.08 f
  Regfile_u/U3/Y (AOI22XLM)                               0.30       2.38 r
  Regfile_u/U298/Y (AOI21X1M)                             0.11       2.50 f
  Regfile_u/U302/Y (OR4X1M)                               0.44       2.94 f
  Regfile_u/U86/Y (AO22X1M)                               0.32       3.26 f
  Regfile_u/RdData_reg[6]/D (DFFRQX2M)                    0.00       3.26 f
  data arrival time                                                  3.26

  clock Ref_clk (rise edge)                              10.00      10.00
  clock network delay (ideal)                             0.00      10.00
  clock uncertainty                                      -0.20       9.80
  Regfile_u/RdData_reg[6]/CK (DFFRQX2M)                   0.00       9.80 r
  library setup time                                     -0.15       9.65
  data required time                                                 9.65
  --------------------------------------------------------------------------
  data required time                                                 9.65
  data arrival time                                                 -3.26
  --------------------------------------------------------------------------
  slack (MET)                                                        6.39


  Startpoint: sys_ctrl_u/current_state_reg[3]
              (rising edge-triggered flip-flop clocked by Ref_clk)
  Endpoint: Regfile_u/RdData_reg[3]
            (rising edge-triggered flip-flop clocked by Ref_clk)
  Path Group: Ref_clk
  Path Type: max

  Point                                                   Incr       Path
  --------------------------------------------------------------------------
  clock Ref_clk (rise edge)                               0.00       0.00
  clock network delay (ideal)                             0.00       0.00
  sys_ctrl_u/current_state_reg[3]/CK (DFFRQX2M)           0.00       0.00 r
  sys_ctrl_u/current_state_reg[3]/Q (DFFRQX2M)            0.51       0.51 f
  sys_ctrl_u/U55/Y (INVX2M)                               0.09       0.60 r
  sys_ctrl_u/U53/Y (NAND2X2M)                             0.11       0.71 f
  sys_ctrl_u/U17/Y (NOR3X2M)                              0.26       0.98 r
  sys_ctrl_u/U61/Y (NAND2X2M)                             0.15       1.13 f
  sys_ctrl_u/U6/Y (OAI22X1M)                              0.43       1.57 r
  sys_ctrl_u/Address[1] (SYS_CTRL_WIDTH8_ALU_OUT_WIDTH16_ADDR4)
                                                          0.00       1.57 r
  Regfile_u/Address[1] (Register_WIDTH8_DEPTH16_ADDRESS4)
                                                          0.00       1.57 r
  Regfile_u/U42/Y (OR2X2M)                                0.21       1.77 r
  Regfile_u/U23/Y (BUFX2M)                                0.10       1.88 r
  Regfile_u/U15/Y (INVX2M)                                0.21       2.08 f
  Regfile_u/U4/Y (AOI22XLM)                               0.30       2.38 r
  Regfile_u/U260/Y (AOI21X1M)                             0.11       2.50 f
  Regfile_u/U264/Y (OR4X1M)                               0.44       2.94 f
  Regfile_u/U80/Y (AO22X1M)                               0.32       3.26 f
  Regfile_u/RdData_reg[3]/D (DFFRQX2M)                    0.00       3.26 f
  data arrival time                                                  3.26

  clock Ref_clk (rise edge)                              10.00      10.00
  clock network delay (ideal)                             0.00      10.00
  clock uncertainty                                      -0.20       9.80
  Regfile_u/RdData_reg[3]/CK (DFFRQX2M)                   0.00       9.80 r
  library setup time                                     -0.15       9.65
  data required time                                                 9.65
  --------------------------------------------------------------------------
  data required time                                                 9.65
  data arrival time                                                 -3.26
  --------------------------------------------------------------------------
  slack (MET)                                                        6.39


  Startpoint: sys_ctrl_u/current_state_reg[3]
              (rising edge-triggered flip-flop clocked by Ref_clk)
  Endpoint: Regfile_u/RdData_reg[0]
            (rising edge-triggered flip-flop clocked by Ref_clk)
  Path Group: Ref_clk
  Path Type: max

  Point                                                   Incr       Path
  --------------------------------------------------------------------------
  clock Ref_clk (rise edge)                               0.00       0.00
  clock network delay (ideal)                             0.00       0.00
  sys_ctrl_u/current_state_reg[3]/CK (DFFRQX2M)           0.00       0.00 r
  sys_ctrl_u/current_state_reg[3]/Q (DFFRQX2M)            0.51       0.51 f
  sys_ctrl_u/U55/Y (INVX2M)                               0.09       0.60 r
  sys_ctrl_u/U53/Y (NAND2X2M)                             0.11       0.71 f
  sys_ctrl_u/U17/Y (NOR3X2M)                              0.26       0.98 r
  sys_ctrl_u/U61/Y (NAND2X2M)                             0.15       1.13 f
  sys_ctrl_u/U6/Y (OAI22X1M)                              0.43       1.57 r
  sys_ctrl_u/Address[1] (SYS_CTRL_WIDTH8_ALU_OUT_WIDTH16_ADDR4)
                                                          0.00       1.57 r
  Regfile_u/Address[1] (Register_WIDTH8_DEPTH16_ADDRESS4)
                                                          0.00       1.57 r
  Regfile_u/U42/Y (OR2X2M)                                0.21       1.77 r
  Regfile_u/U23/Y (BUFX2M)                                0.10       1.88 r
  Regfile_u/U15/Y (INVX2M)                                0.21       2.08 f
  Regfile_u/U316/Y (AOI22XLM)                             0.30       2.38 r
  Regfile_u/U221/Y (AOI21X1M)                             0.11       2.50 f
  Regfile_u/U226/Y (OR4X1M)                               0.44       2.94 f
  Regfile_u/U79/Y (AO22X1M)                               0.32       3.26 f
  Regfile_u/RdData_reg[0]/D (DFFRQX2M)                    0.00       3.26 f
  data arrival time                                                  3.26

  clock Ref_clk (rise edge)                              10.00      10.00
  clock network delay (ideal)                             0.00      10.00
  clock uncertainty                                      -0.20       9.80
  Regfile_u/RdData_reg[0]/CK (DFFRQX2M)                   0.00       9.80 r
  library setup time                                     -0.15       9.65
  data required time                                                 9.65
  --------------------------------------------------------------------------
  data required time                                                 9.65
  data arrival time                                                 -3.26
  --------------------------------------------------------------------------
  slack (MET)                                                        6.39


  Startpoint: sys_ctrl_u/current_state_reg[3]
              (rising edge-triggered flip-flop clocked by Ref_clk)
  Endpoint: Regfile_u/RdData_reg[5]
            (rising edge-triggered flip-flop clocked by Ref_clk)
  Path Group: Ref_clk
  Path Type: max

  Point                                                   Incr       Path
  --------------------------------------------------------------------------
  clock Ref_clk (rise edge)                               0.00       0.00
  clock network delay (ideal)                             0.00       0.00
  sys_ctrl_u/current_state_reg[3]/CK (DFFRQX2M)           0.00       0.00 r
  sys_ctrl_u/current_state_reg[3]/Q (DFFRQX2M)            0.51       0.51 f
  sys_ctrl_u/U55/Y (INVX2M)                               0.09       0.60 r
  sys_ctrl_u/U53/Y (NAND2X2M)                             0.11       0.71 f
  sys_ctrl_u/U17/Y (NOR3X2M)                              0.26       0.98 r
  sys_ctrl_u/U61/Y (NAND2X2M)                             0.15       1.13 f
  sys_ctrl_u/U6/Y (OAI22X1M)                              0.43       1.57 r
  sys_ctrl_u/Address[1] (SYS_CTRL_WIDTH8_ALU_OUT_WIDTH16_ADDR4)
                                                          0.00       1.57 r
  Regfile_u/Address[1] (Register_WIDTH8_DEPTH16_ADDRESS4)
                                                          0.00       1.57 r
  Regfile_u/U45/Y (INVX2M)                                0.15       1.72 f
  Regfile_u/U19/Y (OR2X2M)                                0.19       1.91 f
  Regfile_u/U13/Y (BUFX2M)                                0.13       2.04 f
  Regfile_u/U11/Y (INVX2M)                                0.39       2.43 r
  Regfile_u/U287/Y (AOI22X1M)                             0.20       2.62 f
  Regfile_u/U289/Y (AOI21X1M)                             0.16       2.78 r
  Regfile_u/U290/Y (OR4X1M)                               0.17       2.96 r
  Regfile_u/U85/Y (AO22X1M)                               0.14       3.10 r
  Regfile_u/RdData_reg[5]/D (DFFRQX2M)                    0.00       3.10 r
  data arrival time                                                  3.10

  clock Ref_clk (rise edge)                              10.00      10.00
  clock network delay (ideal)                             0.00      10.00
  clock uncertainty                                      -0.20       9.80
  Regfile_u/RdData_reg[5]/CK (DFFRQX2M)                   0.00       9.80 r
  library setup time                                     -0.29       9.51
  data required time                                                 9.51
  --------------------------------------------------------------------------
  data required time                                                 9.51
  data arrival time                                                 -3.10
  --------------------------------------------------------------------------
  slack (MET)                                                        6.41


  Startpoint: sys_ctrl_u/current_state_reg[3]
              (rising edge-triggered flip-flop clocked by Ref_clk)
  Endpoint: Regfile_u/RdData_reg[4]
            (rising edge-triggered flip-flop clocked by Ref_clk)
  Path Group: Ref_clk
  Path Type: max

  Point                                                   Incr       Path
  --------------------------------------------------------------------------
  clock Ref_clk (rise edge)                               0.00       0.00
  clock network delay (ideal)                             0.00       0.00
  sys_ctrl_u/current_state_reg[3]/CK (DFFRQX2M)           0.00       0.00 r
  sys_ctrl_u/current_state_reg[3]/Q (DFFRQX2M)            0.51       0.51 f
  sys_ctrl_u/U55/Y (INVX2M)                               0.09       0.60 r
  sys_ctrl_u/U53/Y (NAND2X2M)                             0.11       0.71 f
  sys_ctrl_u/U17/Y (NOR3X2M)                              0.26       0.98 r
  sys_ctrl_u/U61/Y (NAND2X2M)                             0.15       1.13 f
  sys_ctrl_u/U6/Y (OAI22X1M)                              0.43       1.57 r
  sys_ctrl_u/Address[1] (SYS_CTRL_WIDTH8_ALU_OUT_WIDTH16_ADDR4)
                                                          0.00       1.57 r
  Regfile_u/Address[1] (Register_WIDTH8_DEPTH16_ADDRESS4)
                                                          0.00       1.57 r
  Regfile_u/U45/Y (INVX2M)                                0.15       1.72 f
  Regfile_u/U19/Y (OR2X2M)                                0.19       1.91 f
  Regfile_u/U13/Y (BUFX2M)                                0.13       2.04 f
  Regfile_u/U11/Y (INVX2M)                                0.39       2.43 r
  Regfile_u/U274/Y (AOI22X1M)                             0.20       2.62 f
  Regfile_u/U276/Y (AOI21X1M)                             0.16       2.78 r
  Regfile_u/U277/Y (OR4X1M)                               0.17       2.96 r
  Regfile_u/U81/Y (AO22X1M)                               0.14       3.10 r
  Regfile_u/RdData_reg[4]/D (DFFRQX2M)                    0.00       3.10 r
  data arrival time                                                  3.10

  clock Ref_clk (rise edge)                              10.00      10.00
  clock network delay (ideal)                             0.00      10.00
  clock uncertainty                                      -0.20       9.80
  Regfile_u/RdData_reg[4]/CK (DFFRQX2M)                   0.00       9.80 r
  library setup time                                     -0.29       9.51
  data required time                                                 9.51
  --------------------------------------------------------------------------
  data required time                                                 9.51
  data arrival time                                                 -3.10
  --------------------------------------------------------------------------
  slack (MET)                                                        6.41


  Startpoint: sys_ctrl_u/current_state_reg[3]
              (rising edge-triggered flip-flop clocked by Ref_clk)
  Endpoint: Regfile_u/RdData_reg[2]
            (rising edge-triggered flip-flop clocked by Ref_clk)
  Path Group: Ref_clk
  Path Type: max

  Point                                                   Incr       Path
  --------------------------------------------------------------------------
  clock Ref_clk (rise edge)                               0.00       0.00
  clock network delay (ideal)                             0.00       0.00
  sys_ctrl_u/current_state_reg[3]/CK (DFFRQX2M)           0.00       0.00 r
  sys_ctrl_u/current_state_reg[3]/Q (DFFRQX2M)            0.51       0.51 f
  sys_ctrl_u/U55/Y (INVX2M)                               0.09       0.60 r
  sys_ctrl_u/U53/Y (NAND2X2M)                             0.11       0.71 f
  sys_ctrl_u/U17/Y (NOR3X2M)                              0.26       0.98 r
  sys_ctrl_u/U61/Y (NAND2X2M)                             0.15       1.13 f
  sys_ctrl_u/U6/Y (OAI22X1M)                              0.43       1.57 r
  sys_ctrl_u/Address[1] (SYS_CTRL_WIDTH8_ALU_OUT_WIDTH16_ADDR4)
                                                          0.00       1.57 r
  Regfile_u/Address[1] (Register_WIDTH8_DEPTH16_ADDRESS4)
                                                          0.00       1.57 r
  Regfile_u/U45/Y (INVX2M)                                0.15       1.72 f
  Regfile_u/U19/Y (OR2X2M)                                0.19       1.91 f
  Regfile_u/U13/Y (BUFX2M)                                0.13       2.04 f
  Regfile_u/U11/Y (INVX2M)                                0.39       2.43 r
  Regfile_u/U249/Y (AOI22X1M)                             0.20       2.62 f
  Regfile_u/U251/Y (AOI21X1M)                             0.16       2.78 r
  Regfile_u/U252/Y (OR4X1M)                               0.17       2.96 r
  Regfile_u/U84/Y (AO22X1M)                               0.14       3.10 r
  Regfile_u/RdData_reg[2]/D (DFFRQX2M)                    0.00       3.10 r
  data arrival time                                                  3.10

  clock Ref_clk (rise edge)                              10.00      10.00
  clock network delay (ideal)                             0.00      10.00
  clock uncertainty                                      -0.20       9.80
  Regfile_u/RdData_reg[2]/CK (DFFRQX2M)                   0.00       9.80 r
  library setup time                                     -0.29       9.51
  data required time                                                 9.51
  --------------------------------------------------------------------------
  data required time                                                 9.51
  data arrival time                                                 -3.10
  --------------------------------------------------------------------------
  slack (MET)                                                        6.41


  Startpoint: sys_ctrl_u/current_state_reg[3]
              (rising edge-triggered flip-flop clocked by Ref_clk)
  Endpoint: Regfile_u/RdData_reg[1]
            (rising edge-triggered flip-flop clocked by Ref_clk)
  Path Group: Ref_clk
  Path Type: max

  Point                                                   Incr       Path
  --------------------------------------------------------------------------
  clock Ref_clk (rise edge)                               0.00       0.00
  clock network delay (ideal)                             0.00       0.00
  sys_ctrl_u/current_state_reg[3]/CK (DFFRQX2M)           0.00       0.00 r
  sys_ctrl_u/current_state_reg[3]/Q (DFFRQX2M)            0.51       0.51 f
  sys_ctrl_u/U55/Y (INVX2M)                               0.09       0.60 r
  sys_ctrl_u/U53/Y (NAND2X2M)                             0.11       0.71 f
  sys_ctrl_u/U17/Y (NOR3X2M)                              0.26       0.98 r
  sys_ctrl_u/U61/Y (NAND2X2M)                             0.15       1.13 f
  sys_ctrl_u/U6/Y (OAI22X1M)                              0.43       1.57 r
  sys_ctrl_u/Address[1] (SYS_CTRL_WIDTH8_ALU_OUT_WIDTH16_ADDR4)
                                                          0.00       1.57 r
  Regfile_u/Address[1] (Register_WIDTH8_DEPTH16_ADDRESS4)
                                                          0.00       1.57 r
  Regfile_u/U45/Y (INVX2M)                                0.15       1.72 f
  Regfile_u/U19/Y (OR2X2M)                                0.19       1.91 f
  Regfile_u/U13/Y (BUFX2M)                                0.13       2.04 f
  Regfile_u/U11/Y (INVX2M)                                0.39       2.43 r
  Regfile_u/U236/Y (AOI22X1M)                             0.20       2.62 f
  Regfile_u/U238/Y (AOI21X1M)                             0.16       2.78 r
  Regfile_u/U239/Y (OR4X1M)                               0.17       2.96 r
  Regfile_u/U83/Y (AO22X1M)                               0.14       3.10 r
  Regfile_u/RdData_reg[1]/D (DFFRQX2M)                    0.00       3.10 r
  data arrival time                                                  3.10

  clock Ref_clk (rise edge)                              10.00      10.00
  clock network delay (ideal)                             0.00      10.00
  clock uncertainty                                      -0.20       9.80
  Regfile_u/RdData_reg[1]/CK (DFFRQX2M)                   0.00       9.80 r
  library setup time                                     -0.29       9.51
  data required time                                                 9.51
  --------------------------------------------------------------------------
  data required time                                                 9.51
  data arrival time                                                 -3.10
  --------------------------------------------------------------------------
  slack (MET)                                                        6.41


  Startpoint: sys_ctrl_u/current_state_reg[3]
              (rising edge-triggered flip-flop clocked by Ref_clk)
  Endpoint: FIFO_u/U4/WR_PTR_GRAY_reg[2]
            (rising edge-triggered flip-flop clocked by Ref_clk)
  Path Group: Ref_clk
  Path Type: max

  Point                                                   Incr       Path
  --------------------------------------------------------------------------
  clock Ref_clk (rise edge)                               0.00       0.00
  clock network delay (ideal)                             0.00       0.00
  sys_ctrl_u/current_state_reg[3]/CK (DFFRQX2M)           0.00       0.00 r
  sys_ctrl_u/current_state_reg[3]/Q (DFFRQX2M)            0.51       0.51 f
  sys_ctrl_u/U56/Y (NOR2X2M)                              0.23       0.73 r
  sys_ctrl_u/U22/Y (NAND2X2M)                             0.13       0.86 f
  sys_ctrl_u/U58/Y (NOR2BX2M)                             0.40       1.26 r
  sys_ctrl_u/U57/Y (NOR2BX2M)                             0.41       1.67 r
  sys_ctrl_u/U23/Y (OR3X2M)                               0.23       1.90 r
  sys_ctrl_u/TX_D_VLD (SYS_CTRL_WIDTH8_ALU_OUT_WIDTH16_ADDR4)
                                                          0.00       1.90 r
  FIFO_u/W_INC (FIFO_TOP_BUS_WIDTH8_DEPTH8_ADDR_WIDTH3_PTR_SIZE4)
                                                          0.00       1.90 r
  FIFO_u/U4/w_inc (FIFO_WR_DEPTH8_ADDR_SIZE3_PTR_SIZE4)
                                                          0.00       1.90 r
  FIFO_u/U4/U7/Y (NOR2BX2M)                               0.19       2.09 r
  FIFO_u/U4/U13/Y (NAND2X2M)                              0.10       2.20 f
  FIFO_u/U4/U8/Y (NOR2BX2M)                               0.17       2.37 r
  FIFO_u/U4/U14/Y (CLKXOR2X2M)                            0.28       2.65 f
  FIFO_u/U4/U5/Y (CLKXOR2X2M)                             0.29       2.94 r
  FIFO_u/U4/WR_PTR_GRAY_reg[2]/D (DFFRQX2M)               0.00       2.94 r
  data arrival time                                                  2.94

  clock Ref_clk (rise edge)                              10.00      10.00
  clock network delay (ideal)                             0.00      10.00
  clock uncertainty                                      -0.20       9.80
  FIFO_u/U4/WR_PTR_GRAY_reg[2]/CK (DFFRQX2M)              0.00       9.80 r
  library setup time                                     -0.30       9.50
  data required time                                                 9.50
  --------------------------------------------------------------------------
  data required time                                                 9.50
  data arrival time                                                 -2.94
  --------------------------------------------------------------------------
  slack (MET)                                                        6.57


  Startpoint: sys_ctrl_u/current_state_reg[3]
              (rising edge-triggered flip-flop clocked by Ref_clk)
  Endpoint: FIFO_u/U4/WR_PTR_GRAY_reg[1]
            (rising edge-triggered flip-flop clocked by Ref_clk)
  Path Group: Ref_clk
  Path Type: max

  Point                                                   Incr       Path
  --------------------------------------------------------------------------
  clock Ref_clk (rise edge)                               0.00       0.00
  clock network delay (ideal)                             0.00       0.00
  sys_ctrl_u/current_state_reg[3]/CK (DFFRQX2M)           0.00       0.00 r
  sys_ctrl_u/current_state_reg[3]/Q (DFFRQX2M)            0.51       0.51 f
  sys_ctrl_u/U56/Y (NOR2X2M)                              0.23       0.73 r
  sys_ctrl_u/U22/Y (NAND2X2M)                             0.13       0.86 f
  sys_ctrl_u/U58/Y (NOR2BX2M)                             0.40       1.26 r
  sys_ctrl_u/U57/Y (NOR2BX2M)                             0.41       1.67 r
  sys_ctrl_u/U23/Y (OR3X2M)                               0.23       1.90 r
  sys_ctrl_u/TX_D_VLD (SYS_CTRL_WIDTH8_ALU_OUT_WIDTH16_ADDR4)
                                                          0.00       1.90 r
  FIFO_u/W_INC (FIFO_TOP_BUS_WIDTH8_DEPTH8_ADDR_WIDTH3_PTR_SIZE4)
                                                          0.00       1.90 r
  FIFO_u/U4/w_inc (FIFO_WR_DEPTH8_ADDR_SIZE3_PTR_SIZE4)
                                                          0.00       1.90 r
  FIFO_u/U4/U7/Y (NOR2BX2M)                               0.19       2.09 r
  FIFO_u/U4/U13/Y (NAND2X2M)                              0.10       2.20 f
  FIFO_u/U4/U8/Y (NOR2BX2M)                               0.17       2.37 r
  FIFO_u/U4/U14/Y (CLKXOR2X2M)                            0.28       2.65 f
  FIFO_u/U4/U3/Y (CLKXOR2X2M)                             0.21       2.85 r
  FIFO_u/U4/WR_PTR_GRAY_reg[1]/D (DFFRQX2M)               0.00       2.85 r
  data arrival time                                                  2.85

  clock Ref_clk (rise edge)                              10.00      10.00
  clock network delay (ideal)                             0.00      10.00
  clock uncertainty                                      -0.20       9.80
  FIFO_u/U4/WR_PTR_GRAY_reg[1]/CK (DFFRQX2M)              0.00       9.80 r
  library setup time                                     -0.29       9.51
  data required time                                                 9.51
  --------------------------------------------------------------------------
  data required time                                                 9.51
  data arrival time                                                 -2.85
  --------------------------------------------------------------------------
  slack (MET)                                                        6.65


  Startpoint: sys_ctrl_u/current_state_reg[3]
              (rising edge-triggered flip-flop clocked by Ref_clk)
  Endpoint: FIFO_u/U1/mem_reg[0][7]
            (rising edge-triggered flip-flop clocked by Ref_clk)
  Path Group: Ref_clk
  Path Type: max

  Point                                                   Incr       Path
  --------------------------------------------------------------------------
  clock Ref_clk (rise edge)                               0.00       0.00
  clock network delay (ideal)                             0.00       0.00
  sys_ctrl_u/current_state_reg[3]/CK (DFFRQX2M)           0.00       0.00 r
  sys_ctrl_u/current_state_reg[3]/Q (DFFRQX2M)            0.51       0.51 f
  sys_ctrl_u/U56/Y (NOR2X2M)                              0.23       0.73 r
  sys_ctrl_u/U22/Y (NAND2X2M)                             0.13       0.86 f
  sys_ctrl_u/U58/Y (NOR2BX2M)                             0.40       1.26 r
  sys_ctrl_u/U57/Y (NOR2BX2M)                             0.41       1.67 r
  sys_ctrl_u/U23/Y (OR3X2M)                               0.23       1.90 r
  sys_ctrl_u/TX_D_VLD (SYS_CTRL_WIDTH8_ALU_OUT_WIDTH16_ADDR4)
                                                          0.00       1.90 r
  FIFO_u/W_INC (FIFO_TOP_BUS_WIDTH8_DEPTH8_ADDR_WIDTH3_PTR_SIZE4)
                                                          0.00       1.90 r
  FIFO_u/U2/Y (NOR2BX2M)                                  0.15       2.06 r
  FIFO_u/U1/wr_en (FIFO_MEM_CNTRL_BUS_WIDTH8_DEPTH8_ADDR_SIZE3)
                                                          0.00       2.06 r
  FIFO_u/U1/U11/Y (NOR2BX2M)                              0.27       2.32 r
  FIFO_u/U1/U6/Y (NAND3X2M)                               0.30       2.63 f
  FIFO_u/U1/U43/Y (OAI2BB2X1M)                            0.31       2.94 f
  FIFO_u/U1/mem_reg[0][7]/D (DFFQX2M)                     0.00       2.94 f
  data arrival time                                                  2.94

  clock Ref_clk (rise edge)                              10.00      10.00
  clock network delay (ideal)                             0.00      10.00
  clock uncertainty                                      -0.20       9.80
  FIFO_u/U1/mem_reg[0][7]/CK (DFFQX2M)                    0.00       9.80 r
  library setup time                                     -0.19       9.61
  data required time                                                 9.61
  --------------------------------------------------------------------------
  data required time                                                 9.61
  data arrival time                                                 -2.94
  --------------------------------------------------------------------------
  slack (MET)                                                        6.67


  Startpoint: sys_ctrl_u/current_state_reg[3]
              (rising edge-triggered flip-flop clocked by Ref_clk)
  Endpoint: FIFO_u/U1/mem_reg[0][6]
            (rising edge-triggered flip-flop clocked by Ref_clk)
  Path Group: Ref_clk
  Path Type: max

  Point                                                   Incr       Path
  --------------------------------------------------------------------------
  clock Ref_clk (rise edge)                               0.00       0.00
  clock network delay (ideal)                             0.00       0.00
  sys_ctrl_u/current_state_reg[3]/CK (DFFRQX2M)           0.00       0.00 r
  sys_ctrl_u/current_state_reg[3]/Q (DFFRQX2M)            0.51       0.51 f
  sys_ctrl_u/U56/Y (NOR2X2M)                              0.23       0.73 r
  sys_ctrl_u/U22/Y (NAND2X2M)                             0.13       0.86 f
  sys_ctrl_u/U58/Y (NOR2BX2M)                             0.40       1.26 r
  sys_ctrl_u/U57/Y (NOR2BX2M)                             0.41       1.67 r
  sys_ctrl_u/U23/Y (OR3X2M)                               0.23       1.90 r
  sys_ctrl_u/TX_D_VLD (SYS_CTRL_WIDTH8_ALU_OUT_WIDTH16_ADDR4)
                                                          0.00       1.90 r
  FIFO_u/W_INC (FIFO_TOP_BUS_WIDTH8_DEPTH8_ADDR_WIDTH3_PTR_SIZE4)
                                                          0.00       1.90 r
  FIFO_u/U2/Y (NOR2BX2M)                                  0.15       2.06 r
  FIFO_u/U1/wr_en (FIFO_MEM_CNTRL_BUS_WIDTH8_DEPTH8_ADDR_SIZE3)
                                                          0.00       2.06 r
  FIFO_u/U1/U11/Y (NOR2BX2M)                              0.27       2.32 r
  FIFO_u/U1/U6/Y (NAND3X2M)                               0.30       2.63 f
  FIFO_u/U1/U42/Y (OAI2BB2X1M)                            0.31       2.94 f
  FIFO_u/U1/mem_reg[0][6]/D (DFFQX2M)                     0.00       2.94 f
  data arrival time                                                  2.94

  clock Ref_clk (rise edge)                              10.00      10.00
  clock network delay (ideal)                             0.00      10.00
  clock uncertainty                                      -0.20       9.80
  FIFO_u/U1/mem_reg[0][6]/CK (DFFQX2M)                    0.00       9.80 r
  library setup time                                     -0.19       9.61
  data required time                                                 9.61
  --------------------------------------------------------------------------
  data required time                                                 9.61
  data arrival time                                                 -2.94
  --------------------------------------------------------------------------
  slack (MET)                                                        6.67


  Startpoint: sys_ctrl_u/current_state_reg[3]
              (rising edge-triggered flip-flop clocked by Ref_clk)
  Endpoint: FIFO_u/U1/mem_reg[0][5]
            (rising edge-triggered flip-flop clocked by Ref_clk)
  Path Group: Ref_clk
  Path Type: max

  Point                                                   Incr       Path
  --------------------------------------------------------------------------
  clock Ref_clk (rise edge)                               0.00       0.00
  clock network delay (ideal)                             0.00       0.00
  sys_ctrl_u/current_state_reg[3]/CK (DFFRQX2M)           0.00       0.00 r
  sys_ctrl_u/current_state_reg[3]/Q (DFFRQX2M)            0.51       0.51 f
  sys_ctrl_u/U56/Y (NOR2X2M)                              0.23       0.73 r
  sys_ctrl_u/U22/Y (NAND2X2M)                             0.13       0.86 f
  sys_ctrl_u/U58/Y (NOR2BX2M)                             0.40       1.26 r
  sys_ctrl_u/U57/Y (NOR2BX2M)                             0.41       1.67 r
  sys_ctrl_u/U23/Y (OR3X2M)                               0.23       1.90 r
  sys_ctrl_u/TX_D_VLD (SYS_CTRL_WIDTH8_ALU_OUT_WIDTH16_ADDR4)
                                                          0.00       1.90 r
  FIFO_u/W_INC (FIFO_TOP_BUS_WIDTH8_DEPTH8_ADDR_WIDTH3_PTR_SIZE4)
                                                          0.00       1.90 r
  FIFO_u/U2/Y (NOR2BX2M)                                  0.15       2.06 r
  FIFO_u/U1/wr_en (FIFO_MEM_CNTRL_BUS_WIDTH8_DEPTH8_ADDR_SIZE3)
                                                          0.00       2.06 r
  FIFO_u/U1/U11/Y (NOR2BX2M)                              0.27       2.32 r
  FIFO_u/U1/U6/Y (NAND3X2M)                               0.30       2.63 f
  FIFO_u/U1/U41/Y (OAI2BB2X1M)                            0.31       2.94 f
  FIFO_u/U1/mem_reg[0][5]/D (DFFQX2M)                     0.00       2.94 f
  data arrival time                                                  2.94

  clock Ref_clk (rise edge)                              10.00      10.00
  clock network delay (ideal)                             0.00      10.00
  clock uncertainty                                      -0.20       9.80
  FIFO_u/U1/mem_reg[0][5]/CK (DFFQX2M)                    0.00       9.80 r
  library setup time                                     -0.19       9.61
  data required time                                                 9.61
  --------------------------------------------------------------------------
  data required time                                                 9.61
  data arrival time                                                 -2.94
  --------------------------------------------------------------------------
  slack (MET)                                                        6.67


  Startpoint: sys_ctrl_u/current_state_reg[3]
              (rising edge-triggered flip-flop clocked by Ref_clk)
  Endpoint: FIFO_u/U1/mem_reg[0][4]
            (rising edge-triggered flip-flop clocked by Ref_clk)
  Path Group: Ref_clk
  Path Type: max

  Point                                                   Incr       Path
  --------------------------------------------------------------------------
  clock Ref_clk (rise edge)                               0.00       0.00
  clock network delay (ideal)                             0.00       0.00
  sys_ctrl_u/current_state_reg[3]/CK (DFFRQX2M)           0.00       0.00 r
  sys_ctrl_u/current_state_reg[3]/Q (DFFRQX2M)            0.51       0.51 f
  sys_ctrl_u/U56/Y (NOR2X2M)                              0.23       0.73 r
  sys_ctrl_u/U22/Y (NAND2X2M)                             0.13       0.86 f
  sys_ctrl_u/U58/Y (NOR2BX2M)                             0.40       1.26 r
  sys_ctrl_u/U57/Y (NOR2BX2M)                             0.41       1.67 r
  sys_ctrl_u/U23/Y (OR3X2M)                               0.23       1.90 r
  sys_ctrl_u/TX_D_VLD (SYS_CTRL_WIDTH8_ALU_OUT_WIDTH16_ADDR4)
                                                          0.00       1.90 r
  FIFO_u/W_INC (FIFO_TOP_BUS_WIDTH8_DEPTH8_ADDR_WIDTH3_PTR_SIZE4)
                                                          0.00       1.90 r
  FIFO_u/U2/Y (NOR2BX2M)                                  0.15       2.06 r
  FIFO_u/U1/wr_en (FIFO_MEM_CNTRL_BUS_WIDTH8_DEPTH8_ADDR_SIZE3)
                                                          0.00       2.06 r
  FIFO_u/U1/U11/Y (NOR2BX2M)                              0.27       2.32 r
  FIFO_u/U1/U6/Y (NAND3X2M)                               0.30       2.63 f
  FIFO_u/U1/U40/Y (OAI2BB2X1M)                            0.31       2.94 f
  FIFO_u/U1/mem_reg[0][4]/D (DFFQX2M)                     0.00       2.94 f
  data arrival time                                                  2.94

  clock Ref_clk (rise edge)                              10.00      10.00
  clock network delay (ideal)                             0.00      10.00
  clock uncertainty                                      -0.20       9.80
  FIFO_u/U1/mem_reg[0][4]/CK (DFFQX2M)                    0.00       9.80 r
  library setup time                                     -0.19       9.61
  data required time                                                 9.61
  --------------------------------------------------------------------------
  data required time                                                 9.61
  data arrival time                                                 -2.94
  --------------------------------------------------------------------------
  slack (MET)                                                        6.67


  Startpoint: sys_ctrl_u/current_state_reg[3]
              (rising edge-triggered flip-flop clocked by Ref_clk)
  Endpoint: FIFO_u/U1/mem_reg[0][3]
            (rising edge-triggered flip-flop clocked by Ref_clk)
  Path Group: Ref_clk
  Path Type: max

  Point                                                   Incr       Path
  --------------------------------------------------------------------------
  clock Ref_clk (rise edge)                               0.00       0.00
  clock network delay (ideal)                             0.00       0.00
  sys_ctrl_u/current_state_reg[3]/CK (DFFRQX2M)           0.00       0.00 r
  sys_ctrl_u/current_state_reg[3]/Q (DFFRQX2M)            0.51       0.51 f
  sys_ctrl_u/U56/Y (NOR2X2M)                              0.23       0.73 r
  sys_ctrl_u/U22/Y (NAND2X2M)                             0.13       0.86 f
  sys_ctrl_u/U58/Y (NOR2BX2M)                             0.40       1.26 r
  sys_ctrl_u/U57/Y (NOR2BX2M)                             0.41       1.67 r
  sys_ctrl_u/U23/Y (OR3X2M)                               0.23       1.90 r
  sys_ctrl_u/TX_D_VLD (SYS_CTRL_WIDTH8_ALU_OUT_WIDTH16_ADDR4)
                                                          0.00       1.90 r
  FIFO_u/W_INC (FIFO_TOP_BUS_WIDTH8_DEPTH8_ADDR_WIDTH3_PTR_SIZE4)
                                                          0.00       1.90 r
  FIFO_u/U2/Y (NOR2BX2M)                                  0.15       2.06 r
  FIFO_u/U1/wr_en (FIFO_MEM_CNTRL_BUS_WIDTH8_DEPTH8_ADDR_SIZE3)
                                                          0.00       2.06 r
  FIFO_u/U1/U11/Y (NOR2BX2M)                              0.27       2.32 r
  FIFO_u/U1/U6/Y (NAND3X2M)                               0.30       2.63 f
  FIFO_u/U1/U39/Y (OAI2BB2X1M)                            0.31       2.94 f
  FIFO_u/U1/mem_reg[0][3]/D (DFFQX2M)                     0.00       2.94 f
  data arrival time                                                  2.94

  clock Ref_clk (rise edge)                              10.00      10.00
  clock network delay (ideal)                             0.00      10.00
  clock uncertainty                                      -0.20       9.80
  FIFO_u/U1/mem_reg[0][3]/CK (DFFQX2M)                    0.00       9.80 r
  library setup time                                     -0.19       9.61
  data required time                                                 9.61
  --------------------------------------------------------------------------
  data required time                                                 9.61
  data arrival time                                                 -2.94
  --------------------------------------------------------------------------
  slack (MET)                                                        6.67


  Startpoint: sys_ctrl_u/current_state_reg[3]
              (rising edge-triggered flip-flop clocked by Ref_clk)
  Endpoint: FIFO_u/U1/mem_reg[0][2]
            (rising edge-triggered flip-flop clocked by Ref_clk)
  Path Group: Ref_clk
  Path Type: max

  Point                                                   Incr       Path
  --------------------------------------------------------------------------
  clock Ref_clk (rise edge)                               0.00       0.00
  clock network delay (ideal)                             0.00       0.00
  sys_ctrl_u/current_state_reg[3]/CK (DFFRQX2M)           0.00       0.00 r
  sys_ctrl_u/current_state_reg[3]/Q (DFFRQX2M)            0.51       0.51 f
  sys_ctrl_u/U56/Y (NOR2X2M)                              0.23       0.73 r
  sys_ctrl_u/U22/Y (NAND2X2M)                             0.13       0.86 f
  sys_ctrl_u/U58/Y (NOR2BX2M)                             0.40       1.26 r
  sys_ctrl_u/U57/Y (NOR2BX2M)                             0.41       1.67 r
  sys_ctrl_u/U23/Y (OR3X2M)                               0.23       1.90 r
  sys_ctrl_u/TX_D_VLD (SYS_CTRL_WIDTH8_ALU_OUT_WIDTH16_ADDR4)
                                                          0.00       1.90 r
  FIFO_u/W_INC (FIFO_TOP_BUS_WIDTH8_DEPTH8_ADDR_WIDTH3_PTR_SIZE4)
                                                          0.00       1.90 r
  FIFO_u/U2/Y (NOR2BX2M)                                  0.15       2.06 r
  FIFO_u/U1/wr_en (FIFO_MEM_CNTRL_BUS_WIDTH8_DEPTH8_ADDR_SIZE3)
                                                          0.00       2.06 r
  FIFO_u/U1/U11/Y (NOR2BX2M)                              0.27       2.32 r
  FIFO_u/U1/U6/Y (NAND3X2M)                               0.30       2.63 f
  FIFO_u/U1/U38/Y (OAI2BB2X1M)                            0.31       2.94 f
  FIFO_u/U1/mem_reg[0][2]/D (DFFQX2M)                     0.00       2.94 f
  data arrival time                                                  2.94

  clock Ref_clk (rise edge)                              10.00      10.00
  clock network delay (ideal)                             0.00      10.00
  clock uncertainty                                      -0.20       9.80
  FIFO_u/U1/mem_reg[0][2]/CK (DFFQX2M)                    0.00       9.80 r
  library setup time                                     -0.19       9.61
  data required time                                                 9.61
  --------------------------------------------------------------------------
  data required time                                                 9.61
  data arrival time                                                 -2.94
  --------------------------------------------------------------------------
  slack (MET)                                                        6.67


  Startpoint: sys_ctrl_u/current_state_reg[3]
              (rising edge-triggered flip-flop clocked by Ref_clk)
  Endpoint: FIFO_u/U1/mem_reg[0][1]
            (rising edge-triggered flip-flop clocked by Ref_clk)
  Path Group: Ref_clk
  Path Type: max

  Point                                                   Incr       Path
  --------------------------------------------------------------------------
  clock Ref_clk (rise edge)                               0.00       0.00
  clock network delay (ideal)                             0.00       0.00
  sys_ctrl_u/current_state_reg[3]/CK (DFFRQX2M)           0.00       0.00 r
  sys_ctrl_u/current_state_reg[3]/Q (DFFRQX2M)            0.51       0.51 f
  sys_ctrl_u/U56/Y (NOR2X2M)                              0.23       0.73 r
  sys_ctrl_u/U22/Y (NAND2X2M)                             0.13       0.86 f
  sys_ctrl_u/U58/Y (NOR2BX2M)                             0.40       1.26 r
  sys_ctrl_u/U57/Y (NOR2BX2M)                             0.41       1.67 r
  sys_ctrl_u/U23/Y (OR3X2M)                               0.23       1.90 r
  sys_ctrl_u/TX_D_VLD (SYS_CTRL_WIDTH8_ALU_OUT_WIDTH16_ADDR4)
                                                          0.00       1.90 r
  FIFO_u/W_INC (FIFO_TOP_BUS_WIDTH8_DEPTH8_ADDR_WIDTH3_PTR_SIZE4)
                                                          0.00       1.90 r
  FIFO_u/U2/Y (NOR2BX2M)                                  0.15       2.06 r
  FIFO_u/U1/wr_en (FIFO_MEM_CNTRL_BUS_WIDTH8_DEPTH8_ADDR_SIZE3)
                                                          0.00       2.06 r
  FIFO_u/U1/U11/Y (NOR2BX2M)                              0.27       2.32 r
  FIFO_u/U1/U6/Y (NAND3X2M)                               0.30       2.63 f
  FIFO_u/U1/U37/Y (OAI2BB2X1M)                            0.31       2.94 f
  FIFO_u/U1/mem_reg[0][1]/D (DFFQX2M)                     0.00       2.94 f
  data arrival time                                                  2.94

  clock Ref_clk (rise edge)                              10.00      10.00
  clock network delay (ideal)                             0.00      10.00
  clock uncertainty                                      -0.20       9.80
  FIFO_u/U1/mem_reg[0][1]/CK (DFFQX2M)                    0.00       9.80 r
  library setup time                                     -0.19       9.61
  data required time                                                 9.61
  --------------------------------------------------------------------------
  data required time                                                 9.61
  data arrival time                                                 -2.94
  --------------------------------------------------------------------------
  slack (MET)                                                        6.67


  Startpoint: sys_ctrl_u/current_state_reg[3]
              (rising edge-triggered flip-flop clocked by Ref_clk)
  Endpoint: FIFO_u/U1/mem_reg[0][0]
            (rising edge-triggered flip-flop clocked by Ref_clk)
  Path Group: Ref_clk
  Path Type: max

  Point                                                   Incr       Path
  --------------------------------------------------------------------------
  clock Ref_clk (rise edge)                               0.00       0.00
  clock network delay (ideal)                             0.00       0.00
  sys_ctrl_u/current_state_reg[3]/CK (DFFRQX2M)           0.00       0.00 r
  sys_ctrl_u/current_state_reg[3]/Q (DFFRQX2M)            0.51       0.51 f
  sys_ctrl_u/U56/Y (NOR2X2M)                              0.23       0.73 r
  sys_ctrl_u/U22/Y (NAND2X2M)                             0.13       0.86 f
  sys_ctrl_u/U58/Y (NOR2BX2M)                             0.40       1.26 r
  sys_ctrl_u/U57/Y (NOR2BX2M)                             0.41       1.67 r
  sys_ctrl_u/U23/Y (OR3X2M)                               0.23       1.90 r
  sys_ctrl_u/TX_D_VLD (SYS_CTRL_WIDTH8_ALU_OUT_WIDTH16_ADDR4)
                                                          0.00       1.90 r
  FIFO_u/W_INC (FIFO_TOP_BUS_WIDTH8_DEPTH8_ADDR_WIDTH3_PTR_SIZE4)
                                                          0.00       1.90 r
  FIFO_u/U2/Y (NOR2BX2M)                                  0.15       2.06 r
  FIFO_u/U1/wr_en (FIFO_MEM_CNTRL_BUS_WIDTH8_DEPTH8_ADDR_SIZE3)
                                                          0.00       2.06 r
  FIFO_u/U1/U11/Y (NOR2BX2M)                              0.27       2.32 r
  FIFO_u/U1/U6/Y (NAND3X2M)                               0.30       2.63 f
  FIFO_u/U1/U36/Y (OAI2BB2X1M)                            0.31       2.94 f
  FIFO_u/U1/mem_reg[0][0]/D (DFFQX2M)                     0.00       2.94 f
  data arrival time                                                  2.94

  clock Ref_clk (rise edge)                              10.00      10.00
  clock network delay (ideal)                             0.00      10.00
  clock uncertainty                                      -0.20       9.80
  FIFO_u/U1/mem_reg[0][0]/CK (DFFQX2M)                    0.00       9.80 r
  library setup time                                     -0.19       9.61
  data required time                                                 9.61
  --------------------------------------------------------------------------
  data required time                                                 9.61
  data arrival time                                                 -2.94
  --------------------------------------------------------------------------
  slack (MET)                                                        6.67


  Startpoint: sys_ctrl_u/current_state_reg[3]
              (rising edge-triggered flip-flop clocked by Ref_clk)
  Endpoint: FIFO_u/U1/mem_reg[2][7]
            (rising edge-triggered flip-flop clocked by Ref_clk)
  Path Group: Ref_clk
  Path Type: max

  Point                                                   Incr       Path
  --------------------------------------------------------------------------
  clock Ref_clk (rise edge)                               0.00       0.00
  clock network delay (ideal)                             0.00       0.00
  sys_ctrl_u/current_state_reg[3]/CK (DFFRQX2M)           0.00       0.00 r
  sys_ctrl_u/current_state_reg[3]/Q (DFFRQX2M)            0.51       0.51 f
  sys_ctrl_u/U56/Y (NOR2X2M)                              0.23       0.73 r
  sys_ctrl_u/U22/Y (NAND2X2M)                             0.13       0.86 f
  sys_ctrl_u/U58/Y (NOR2BX2M)                             0.40       1.26 r
  sys_ctrl_u/U57/Y (NOR2BX2M)                             0.41       1.67 r
  sys_ctrl_u/U23/Y (OR3X2M)                               0.23       1.90 r
  sys_ctrl_u/TX_D_VLD (SYS_CTRL_WIDTH8_ALU_OUT_WIDTH16_ADDR4)
                                                          0.00       1.90 r
  FIFO_u/W_INC (FIFO_TOP_BUS_WIDTH8_DEPTH8_ADDR_WIDTH3_PTR_SIZE4)
                                                          0.00       1.90 r
  FIFO_u/U2/Y (NOR2BX2M)                                  0.15       2.06 r
  FIFO_u/U1/wr_en (FIFO_MEM_CNTRL_BUS_WIDTH8_DEPTH8_ADDR_SIZE3)
                                                          0.00       2.06 r
  FIFO_u/U1/U11/Y (NOR2BX2M)                              0.27       2.32 r
  FIFO_u/U1/U10/Y (NAND3X2M)                              0.30       2.63 f
  FIFO_u/U1/U27/Y (OAI2BB2X1M)                            0.31       2.94 f
  FIFO_u/U1/mem_reg[2][7]/D (DFFQX2M)                     0.00       2.94 f
  data arrival time                                                  2.94

  clock Ref_clk (rise edge)                              10.00      10.00
  clock network delay (ideal)                             0.00      10.00
  clock uncertainty                                      -0.20       9.80
  FIFO_u/U1/mem_reg[2][7]/CK (DFFQX2M)                    0.00       9.80 r
  library setup time                                     -0.19       9.61
  data required time                                                 9.61
  --------------------------------------------------------------------------
  data required time                                                 9.61
  data arrival time                                                 -2.94
  --------------------------------------------------------------------------
  slack (MET)                                                        6.67


  Startpoint: sys_ctrl_u/current_state_reg[3]
              (rising edge-triggered flip-flop clocked by Ref_clk)
  Endpoint: FIFO_u/U1/mem_reg[2][6]
            (rising edge-triggered flip-flop clocked by Ref_clk)
  Path Group: Ref_clk
  Path Type: max

  Point                                                   Incr       Path
  --------------------------------------------------------------------------
  clock Ref_clk (rise edge)                               0.00       0.00
  clock network delay (ideal)                             0.00       0.00
  sys_ctrl_u/current_state_reg[3]/CK (DFFRQX2M)           0.00       0.00 r
  sys_ctrl_u/current_state_reg[3]/Q (DFFRQX2M)            0.51       0.51 f
  sys_ctrl_u/U56/Y (NOR2X2M)                              0.23       0.73 r
  sys_ctrl_u/U22/Y (NAND2X2M)                             0.13       0.86 f
  sys_ctrl_u/U58/Y (NOR2BX2M)                             0.40       1.26 r
  sys_ctrl_u/U57/Y (NOR2BX2M)                             0.41       1.67 r
  sys_ctrl_u/U23/Y (OR3X2M)                               0.23       1.90 r
  sys_ctrl_u/TX_D_VLD (SYS_CTRL_WIDTH8_ALU_OUT_WIDTH16_ADDR4)
                                                          0.00       1.90 r
  FIFO_u/W_INC (FIFO_TOP_BUS_WIDTH8_DEPTH8_ADDR_WIDTH3_PTR_SIZE4)
                                                          0.00       1.90 r
  FIFO_u/U2/Y (NOR2BX2M)                                  0.15       2.06 r
  FIFO_u/U1/wr_en (FIFO_MEM_CNTRL_BUS_WIDTH8_DEPTH8_ADDR_SIZE3)
                                                          0.00       2.06 r
  FIFO_u/U1/U11/Y (NOR2BX2M)                              0.27       2.32 r
  FIFO_u/U1/U10/Y (NAND3X2M)                              0.30       2.63 f
  FIFO_u/U1/U26/Y (OAI2BB2X1M)                            0.31       2.94 f
  FIFO_u/U1/mem_reg[2][6]/D (DFFQX2M)                     0.00       2.94 f
  data arrival time                                                  2.94

  clock Ref_clk (rise edge)                              10.00      10.00
  clock network delay (ideal)                             0.00      10.00
  clock uncertainty                                      -0.20       9.80
  FIFO_u/U1/mem_reg[2][6]/CK (DFFQX2M)                    0.00       9.80 r
  library setup time                                     -0.19       9.61
  data required time                                                 9.61
  --------------------------------------------------------------------------
  data required time                                                 9.61
  data arrival time                                                 -2.94
  --------------------------------------------------------------------------
  slack (MET)                                                        6.67


  Startpoint: sys_ctrl_u/current_state_reg[3]
              (rising edge-triggered flip-flop clocked by Ref_clk)
  Endpoint: FIFO_u/U1/mem_reg[2][5]
            (rising edge-triggered flip-flop clocked by Ref_clk)
  Path Group: Ref_clk
  Path Type: max

  Point                                                   Incr       Path
  --------------------------------------------------------------------------
  clock Ref_clk (rise edge)                               0.00       0.00
  clock network delay (ideal)                             0.00       0.00
  sys_ctrl_u/current_state_reg[3]/CK (DFFRQX2M)           0.00       0.00 r
  sys_ctrl_u/current_state_reg[3]/Q (DFFRQX2M)            0.51       0.51 f
  sys_ctrl_u/U56/Y (NOR2X2M)                              0.23       0.73 r
  sys_ctrl_u/U22/Y (NAND2X2M)                             0.13       0.86 f
  sys_ctrl_u/U58/Y (NOR2BX2M)                             0.40       1.26 r
  sys_ctrl_u/U57/Y (NOR2BX2M)                             0.41       1.67 r
  sys_ctrl_u/U23/Y (OR3X2M)                               0.23       1.90 r
  sys_ctrl_u/TX_D_VLD (SYS_CTRL_WIDTH8_ALU_OUT_WIDTH16_ADDR4)
                                                          0.00       1.90 r
  FIFO_u/W_INC (FIFO_TOP_BUS_WIDTH8_DEPTH8_ADDR_WIDTH3_PTR_SIZE4)
                                                          0.00       1.90 r
  FIFO_u/U2/Y (NOR2BX2M)                                  0.15       2.06 r
  FIFO_u/U1/wr_en (FIFO_MEM_CNTRL_BUS_WIDTH8_DEPTH8_ADDR_SIZE3)
                                                          0.00       2.06 r
  FIFO_u/U1/U11/Y (NOR2BX2M)                              0.27       2.32 r
  FIFO_u/U1/U10/Y (NAND3X2M)                              0.30       2.63 f
  FIFO_u/U1/U25/Y (OAI2BB2X1M)                            0.31       2.94 f
  FIFO_u/U1/mem_reg[2][5]/D (DFFQX2M)                     0.00       2.94 f
  data arrival time                                                  2.94

  clock Ref_clk (rise edge)                              10.00      10.00
  clock network delay (ideal)                             0.00      10.00
  clock uncertainty                                      -0.20       9.80
  FIFO_u/U1/mem_reg[2][5]/CK (DFFQX2M)                    0.00       9.80 r
  library setup time                                     -0.19       9.61
  data required time                                                 9.61
  --------------------------------------------------------------------------
  data required time                                                 9.61
  data arrival time                                                 -2.94
  --------------------------------------------------------------------------
  slack (MET)                                                        6.67


  Startpoint: sys_ctrl_u/current_state_reg[3]
              (rising edge-triggered flip-flop clocked by Ref_clk)
  Endpoint: FIFO_u/U1/mem_reg[2][4]
            (rising edge-triggered flip-flop clocked by Ref_clk)
  Path Group: Ref_clk
  Path Type: max

  Point                                                   Incr       Path
  --------------------------------------------------------------------------
  clock Ref_clk (rise edge)                               0.00       0.00
  clock network delay (ideal)                             0.00       0.00
  sys_ctrl_u/current_state_reg[3]/CK (DFFRQX2M)           0.00       0.00 r
  sys_ctrl_u/current_state_reg[3]/Q (DFFRQX2M)            0.51       0.51 f
  sys_ctrl_u/U56/Y (NOR2X2M)                              0.23       0.73 r
  sys_ctrl_u/U22/Y (NAND2X2M)                             0.13       0.86 f
  sys_ctrl_u/U58/Y (NOR2BX2M)                             0.40       1.26 r
  sys_ctrl_u/U57/Y (NOR2BX2M)                             0.41       1.67 r
  sys_ctrl_u/U23/Y (OR3X2M)                               0.23       1.90 r
  sys_ctrl_u/TX_D_VLD (SYS_CTRL_WIDTH8_ALU_OUT_WIDTH16_ADDR4)
                                                          0.00       1.90 r
  FIFO_u/W_INC (FIFO_TOP_BUS_WIDTH8_DEPTH8_ADDR_WIDTH3_PTR_SIZE4)
                                                          0.00       1.90 r
  FIFO_u/U2/Y (NOR2BX2M)                                  0.15       2.06 r
  FIFO_u/U1/wr_en (FIFO_MEM_CNTRL_BUS_WIDTH8_DEPTH8_ADDR_SIZE3)
                                                          0.00       2.06 r
  FIFO_u/U1/U11/Y (NOR2BX2M)                              0.27       2.32 r
  FIFO_u/U1/U10/Y (NAND3X2M)                              0.30       2.63 f
  FIFO_u/U1/U24/Y (OAI2BB2X1M)                            0.31       2.94 f
  FIFO_u/U1/mem_reg[2][4]/D (DFFQX2M)                     0.00       2.94 f
  data arrival time                                                  2.94

  clock Ref_clk (rise edge)                              10.00      10.00
  clock network delay (ideal)                             0.00      10.00
  clock uncertainty                                      -0.20       9.80
  FIFO_u/U1/mem_reg[2][4]/CK (DFFQX2M)                    0.00       9.80 r
  library setup time                                     -0.19       9.61
  data required time                                                 9.61
  --------------------------------------------------------------------------
  data required time                                                 9.61
  data arrival time                                                 -2.94
  --------------------------------------------------------------------------
  slack (MET)                                                        6.67


  Startpoint: sys_ctrl_u/current_state_reg[3]
              (rising edge-triggered flip-flop clocked by Ref_clk)
  Endpoint: FIFO_u/U1/mem_reg[2][3]
            (rising edge-triggered flip-flop clocked by Ref_clk)
  Path Group: Ref_clk
  Path Type: max

  Point                                                   Incr       Path
  --------------------------------------------------------------------------
  clock Ref_clk (rise edge)                               0.00       0.00
  clock network delay (ideal)                             0.00       0.00
  sys_ctrl_u/current_state_reg[3]/CK (DFFRQX2M)           0.00       0.00 r
  sys_ctrl_u/current_state_reg[3]/Q (DFFRQX2M)            0.51       0.51 f
  sys_ctrl_u/U56/Y (NOR2X2M)                              0.23       0.73 r
  sys_ctrl_u/U22/Y (NAND2X2M)                             0.13       0.86 f
  sys_ctrl_u/U58/Y (NOR2BX2M)                             0.40       1.26 r
  sys_ctrl_u/U57/Y (NOR2BX2M)                             0.41       1.67 r
  sys_ctrl_u/U23/Y (OR3X2M)                               0.23       1.90 r
  sys_ctrl_u/TX_D_VLD (SYS_CTRL_WIDTH8_ALU_OUT_WIDTH16_ADDR4)
                                                          0.00       1.90 r
  FIFO_u/W_INC (FIFO_TOP_BUS_WIDTH8_DEPTH8_ADDR_WIDTH3_PTR_SIZE4)
                                                          0.00       1.90 r
  FIFO_u/U2/Y (NOR2BX2M)                                  0.15       2.06 r
  FIFO_u/U1/wr_en (FIFO_MEM_CNTRL_BUS_WIDTH8_DEPTH8_ADDR_SIZE3)
                                                          0.00       2.06 r
  FIFO_u/U1/U11/Y (NOR2BX2M)                              0.27       2.32 r
  FIFO_u/U1/U10/Y (NAND3X2M)                              0.30       2.63 f
  FIFO_u/U1/U23/Y (OAI2BB2X1M)                            0.31       2.94 f
  FIFO_u/U1/mem_reg[2][3]/D (DFFQX2M)                     0.00       2.94 f
  data arrival time                                                  2.94

  clock Ref_clk (rise edge)                              10.00      10.00
  clock network delay (ideal)                             0.00      10.00
  clock uncertainty                                      -0.20       9.80
  FIFO_u/U1/mem_reg[2][3]/CK (DFFQX2M)                    0.00       9.80 r
  library setup time                                     -0.19       9.61
  data required time                                                 9.61
  --------------------------------------------------------------------------
  data required time                                                 9.61
  data arrival time                                                 -2.94
  --------------------------------------------------------------------------
  slack (MET)                                                        6.67


  Startpoint: sys_ctrl_u/current_state_reg[3]
              (rising edge-triggered flip-flop clocked by Ref_clk)
  Endpoint: FIFO_u/U1/mem_reg[2][2]
            (rising edge-triggered flip-flop clocked by Ref_clk)
  Path Group: Ref_clk
  Path Type: max

  Point                                                   Incr       Path
  --------------------------------------------------------------------------
  clock Ref_clk (rise edge)                               0.00       0.00
  clock network delay (ideal)                             0.00       0.00
  sys_ctrl_u/current_state_reg[3]/CK (DFFRQX2M)           0.00       0.00 r
  sys_ctrl_u/current_state_reg[3]/Q (DFFRQX2M)            0.51       0.51 f
  sys_ctrl_u/U56/Y (NOR2X2M)                              0.23       0.73 r
  sys_ctrl_u/U22/Y (NAND2X2M)                             0.13       0.86 f
  sys_ctrl_u/U58/Y (NOR2BX2M)                             0.40       1.26 r
  sys_ctrl_u/U57/Y (NOR2BX2M)                             0.41       1.67 r
  sys_ctrl_u/U23/Y (OR3X2M)                               0.23       1.90 r
  sys_ctrl_u/TX_D_VLD (SYS_CTRL_WIDTH8_ALU_OUT_WIDTH16_ADDR4)
                                                          0.00       1.90 r
  FIFO_u/W_INC (FIFO_TOP_BUS_WIDTH8_DEPTH8_ADDR_WIDTH3_PTR_SIZE4)
                                                          0.00       1.90 r
  FIFO_u/U2/Y (NOR2BX2M)                                  0.15       2.06 r
  FIFO_u/U1/wr_en (FIFO_MEM_CNTRL_BUS_WIDTH8_DEPTH8_ADDR_SIZE3)
                                                          0.00       2.06 r
  FIFO_u/U1/U11/Y (NOR2BX2M)                              0.27       2.32 r
  FIFO_u/U1/U10/Y (NAND3X2M)                              0.30       2.63 f
  FIFO_u/U1/U22/Y (OAI2BB2X1M)                            0.31       2.94 f
  FIFO_u/U1/mem_reg[2][2]/D (DFFQX2M)                     0.00       2.94 f
  data arrival time                                                  2.94

  clock Ref_clk (rise edge)                              10.00      10.00
  clock network delay (ideal)                             0.00      10.00
  clock uncertainty                                      -0.20       9.80
  FIFO_u/U1/mem_reg[2][2]/CK (DFFQX2M)                    0.00       9.80 r
  library setup time                                     -0.19       9.61
  data required time                                                 9.61
  --------------------------------------------------------------------------
  data required time                                                 9.61
  data arrival time                                                 -2.94
  --------------------------------------------------------------------------
  slack (MET)                                                        6.67


  Startpoint: sys_ctrl_u/current_state_reg[3]
              (rising edge-triggered flip-flop clocked by Ref_clk)
  Endpoint: FIFO_u/U1/mem_reg[2][1]
            (rising edge-triggered flip-flop clocked by Ref_clk)
  Path Group: Ref_clk
  Path Type: max

  Point                                                   Incr       Path
  --------------------------------------------------------------------------
  clock Ref_clk (rise edge)                               0.00       0.00
  clock network delay (ideal)                             0.00       0.00
  sys_ctrl_u/current_state_reg[3]/CK (DFFRQX2M)           0.00       0.00 r
  sys_ctrl_u/current_state_reg[3]/Q (DFFRQX2M)            0.51       0.51 f
  sys_ctrl_u/U56/Y (NOR2X2M)                              0.23       0.73 r
  sys_ctrl_u/U22/Y (NAND2X2M)                             0.13       0.86 f
  sys_ctrl_u/U58/Y (NOR2BX2M)                             0.40       1.26 r
  sys_ctrl_u/U57/Y (NOR2BX2M)                             0.41       1.67 r
  sys_ctrl_u/U23/Y (OR3X2M)                               0.23       1.90 r
  sys_ctrl_u/TX_D_VLD (SYS_CTRL_WIDTH8_ALU_OUT_WIDTH16_ADDR4)
                                                          0.00       1.90 r
  FIFO_u/W_INC (FIFO_TOP_BUS_WIDTH8_DEPTH8_ADDR_WIDTH3_PTR_SIZE4)
                                                          0.00       1.90 r
  FIFO_u/U2/Y (NOR2BX2M)                                  0.15       2.06 r
  FIFO_u/U1/wr_en (FIFO_MEM_CNTRL_BUS_WIDTH8_DEPTH8_ADDR_SIZE3)
                                                          0.00       2.06 r
  FIFO_u/U1/U11/Y (NOR2BX2M)                              0.27       2.32 r
  FIFO_u/U1/U10/Y (NAND3X2M)                              0.30       2.63 f
  FIFO_u/U1/U21/Y (OAI2BB2X1M)                            0.31       2.94 f
  FIFO_u/U1/mem_reg[2][1]/D (DFFQX2M)                     0.00       2.94 f
  data arrival time                                                  2.94

  clock Ref_clk (rise edge)                              10.00      10.00
  clock network delay (ideal)                             0.00      10.00
  clock uncertainty                                      -0.20       9.80
  FIFO_u/U1/mem_reg[2][1]/CK (DFFQX2M)                    0.00       9.80 r
  library setup time                                     -0.19       9.61
  data required time                                                 9.61
  --------------------------------------------------------------------------
  data required time                                                 9.61
  data arrival time                                                 -2.94
  --------------------------------------------------------------------------
  slack (MET)                                                        6.67


  Startpoint: sys_ctrl_u/current_state_reg[3]
              (rising edge-triggered flip-flop clocked by Ref_clk)
  Endpoint: FIFO_u/U1/mem_reg[2][0]
            (rising edge-triggered flip-flop clocked by Ref_clk)
  Path Group: Ref_clk
  Path Type: max

  Point                                                   Incr       Path
  --------------------------------------------------------------------------
  clock Ref_clk (rise edge)                               0.00       0.00
  clock network delay (ideal)                             0.00       0.00
  sys_ctrl_u/current_state_reg[3]/CK (DFFRQX2M)           0.00       0.00 r
  sys_ctrl_u/current_state_reg[3]/Q (DFFRQX2M)            0.51       0.51 f
  sys_ctrl_u/U56/Y (NOR2X2M)                              0.23       0.73 r
  sys_ctrl_u/U22/Y (NAND2X2M)                             0.13       0.86 f
  sys_ctrl_u/U58/Y (NOR2BX2M)                             0.40       1.26 r
  sys_ctrl_u/U57/Y (NOR2BX2M)                             0.41       1.67 r
  sys_ctrl_u/U23/Y (OR3X2M)                               0.23       1.90 r
  sys_ctrl_u/TX_D_VLD (SYS_CTRL_WIDTH8_ALU_OUT_WIDTH16_ADDR4)
                                                          0.00       1.90 r
  FIFO_u/W_INC (FIFO_TOP_BUS_WIDTH8_DEPTH8_ADDR_WIDTH3_PTR_SIZE4)
                                                          0.00       1.90 r
  FIFO_u/U2/Y (NOR2BX2M)                                  0.15       2.06 r
  FIFO_u/U1/wr_en (FIFO_MEM_CNTRL_BUS_WIDTH8_DEPTH8_ADDR_SIZE3)
                                                          0.00       2.06 r
  FIFO_u/U1/U11/Y (NOR2BX2M)                              0.27       2.32 r
  FIFO_u/U1/U10/Y (NAND3X2M)                              0.30       2.63 f
  FIFO_u/U1/U20/Y (OAI2BB2X1M)                            0.31       2.94 f
  FIFO_u/U1/mem_reg[2][0]/D (DFFQX2M)                     0.00       2.94 f
  data arrival time                                                  2.94

  clock Ref_clk (rise edge)                              10.00      10.00
  clock network delay (ideal)                             0.00      10.00
  clock uncertainty                                      -0.20       9.80
  FIFO_u/U1/mem_reg[2][0]/CK (DFFQX2M)                    0.00       9.80 r
  library setup time                                     -0.19       9.61
  data required time                                                 9.61
  --------------------------------------------------------------------------
  data required time                                                 9.61
  data arrival time                                                 -2.94
  --------------------------------------------------------------------------
  slack (MET)                                                        6.67


  Startpoint: sys_ctrl_u/current_state_reg[3]
              (rising edge-triggered flip-flop clocked by Ref_clk)
  Endpoint: FIFO_u/U1/mem_reg[1][7]
            (rising edge-triggered flip-flop clocked by Ref_clk)
  Path Group: Ref_clk
  Path Type: max

  Point                                                   Incr       Path
  --------------------------------------------------------------------------
  clock Ref_clk (rise edge)                               0.00       0.00
  clock network delay (ideal)                             0.00       0.00
  sys_ctrl_u/current_state_reg[3]/CK (DFFRQX2M)           0.00       0.00 r
  sys_ctrl_u/current_state_reg[3]/Q (DFFRQX2M)            0.51       0.51 f
  sys_ctrl_u/U56/Y (NOR2X2M)                              0.23       0.73 r
  sys_ctrl_u/U22/Y (NAND2X2M)                             0.13       0.86 f
  sys_ctrl_u/U58/Y (NOR2BX2M)                             0.40       1.26 r
  sys_ctrl_u/U57/Y (NOR2BX2M)                             0.41       1.67 r
  sys_ctrl_u/U23/Y (OR3X2M)                               0.23       1.90 r
  sys_ctrl_u/TX_D_VLD (SYS_CTRL_WIDTH8_ALU_OUT_WIDTH16_ADDR4)
                                                          0.00       1.90 r
  FIFO_u/W_INC (FIFO_TOP_BUS_WIDTH8_DEPTH8_ADDR_WIDTH3_PTR_SIZE4)
                                                          0.00       1.90 r
  FIFO_u/U2/Y (NOR2BX2M)                                  0.15       2.06 r
  FIFO_u/U1/wr_en (FIFO_MEM_CNTRL_BUS_WIDTH8_DEPTH8_ADDR_SIZE3)
                                                          0.00       2.06 r
  FIFO_u/U1/U11/Y (NOR2BX2M)                              0.27       2.32 r
  FIFO_u/U1/U85/Y (NAND3X2M)                              0.12       2.44 f
  FIFO_u/U1/U4/Y (BUFX2M)                                 0.23       2.67 f
  FIFO_u/U1/U75/Y (OAI2BB2X1M)                            0.25       2.91 f
  FIFO_u/U1/mem_reg[1][7]/D (DFFQX2M)                     0.00       2.91 f
  data arrival time                                                  2.91

  clock Ref_clk (rise edge)                              10.00      10.00
  clock network delay (ideal)                             0.00      10.00
  clock uncertainty                                      -0.20       9.80
  FIFO_u/U1/mem_reg[1][7]/CK (DFFQX2M)                    0.00       9.80 r
  library setup time                                     -0.19       9.61
  data required time                                                 9.61
  --------------------------------------------------------------------------
  data required time                                                 9.61
  data arrival time                                                 -2.91
  --------------------------------------------------------------------------
  slack (MET)                                                        6.70


  Startpoint: sys_ctrl_u/current_state_reg[3]
              (rising edge-triggered flip-flop clocked by Ref_clk)
  Endpoint: FIFO_u/U1/mem_reg[1][6]
            (rising edge-triggered flip-flop clocked by Ref_clk)
  Path Group: Ref_clk
  Path Type: max

  Point                                                   Incr       Path
  --------------------------------------------------------------------------
  clock Ref_clk (rise edge)                               0.00       0.00
  clock network delay (ideal)                             0.00       0.00
  sys_ctrl_u/current_state_reg[3]/CK (DFFRQX2M)           0.00       0.00 r
  sys_ctrl_u/current_state_reg[3]/Q (DFFRQX2M)            0.51       0.51 f
  sys_ctrl_u/U56/Y (NOR2X2M)                              0.23       0.73 r
  sys_ctrl_u/U22/Y (NAND2X2M)                             0.13       0.86 f
  sys_ctrl_u/U58/Y (NOR2BX2M)                             0.40       1.26 r
  sys_ctrl_u/U57/Y (NOR2BX2M)                             0.41       1.67 r
  sys_ctrl_u/U23/Y (OR3X2M)                               0.23       1.90 r
  sys_ctrl_u/TX_D_VLD (SYS_CTRL_WIDTH8_ALU_OUT_WIDTH16_ADDR4)
                                                          0.00       1.90 r
  FIFO_u/W_INC (FIFO_TOP_BUS_WIDTH8_DEPTH8_ADDR_WIDTH3_PTR_SIZE4)
                                                          0.00       1.90 r
  FIFO_u/U2/Y (NOR2BX2M)                                  0.15       2.06 r
  FIFO_u/U1/wr_en (FIFO_MEM_CNTRL_BUS_WIDTH8_DEPTH8_ADDR_SIZE3)
                                                          0.00       2.06 r
  FIFO_u/U1/U11/Y (NOR2BX2M)                              0.27       2.32 r
  FIFO_u/U1/U85/Y (NAND3X2M)                              0.12       2.44 f
  FIFO_u/U1/U4/Y (BUFX2M)                                 0.23       2.67 f
  FIFO_u/U1/U74/Y (OAI2BB2X1M)                            0.25       2.91 f
  FIFO_u/U1/mem_reg[1][6]/D (DFFQX2M)                     0.00       2.91 f
  data arrival time                                                  2.91

  clock Ref_clk (rise edge)                              10.00      10.00
  clock network delay (ideal)                             0.00      10.00
  clock uncertainty                                      -0.20       9.80
  FIFO_u/U1/mem_reg[1][6]/CK (DFFQX2M)                    0.00       9.80 r
  library setup time                                     -0.19       9.61
  data required time                                                 9.61
  --------------------------------------------------------------------------
  data required time                                                 9.61
  data arrival time                                                 -2.91
  --------------------------------------------------------------------------
  slack (MET)                                                        6.70


  Startpoint: sys_ctrl_u/current_state_reg[3]
              (rising edge-triggered flip-flop clocked by Ref_clk)
  Endpoint: FIFO_u/U1/mem_reg[1][5]
            (rising edge-triggered flip-flop clocked by Ref_clk)
  Path Group: Ref_clk
  Path Type: max

  Point                                                   Incr       Path
  --------------------------------------------------------------------------
  clock Ref_clk (rise edge)                               0.00       0.00
  clock network delay (ideal)                             0.00       0.00
  sys_ctrl_u/current_state_reg[3]/CK (DFFRQX2M)           0.00       0.00 r
  sys_ctrl_u/current_state_reg[3]/Q (DFFRQX2M)            0.51       0.51 f
  sys_ctrl_u/U56/Y (NOR2X2M)                              0.23       0.73 r
  sys_ctrl_u/U22/Y (NAND2X2M)                             0.13       0.86 f
  sys_ctrl_u/U58/Y (NOR2BX2M)                             0.40       1.26 r
  sys_ctrl_u/U57/Y (NOR2BX2M)                             0.41       1.67 r
  sys_ctrl_u/U23/Y (OR3X2M)                               0.23       1.90 r
  sys_ctrl_u/TX_D_VLD (SYS_CTRL_WIDTH8_ALU_OUT_WIDTH16_ADDR4)
                                                          0.00       1.90 r
  FIFO_u/W_INC (FIFO_TOP_BUS_WIDTH8_DEPTH8_ADDR_WIDTH3_PTR_SIZE4)
                                                          0.00       1.90 r
  FIFO_u/U2/Y (NOR2BX2M)                                  0.15       2.06 r
  FIFO_u/U1/wr_en (FIFO_MEM_CNTRL_BUS_WIDTH8_DEPTH8_ADDR_SIZE3)
                                                          0.00       2.06 r
  FIFO_u/U1/U11/Y (NOR2BX2M)                              0.27       2.32 r
  FIFO_u/U1/U85/Y (NAND3X2M)                              0.12       2.44 f
  FIFO_u/U1/U4/Y (BUFX2M)                                 0.23       2.67 f
  FIFO_u/U1/U73/Y (OAI2BB2X1M)                            0.25       2.91 f
  FIFO_u/U1/mem_reg[1][5]/D (DFFQX2M)                     0.00       2.91 f
  data arrival time                                                  2.91

  clock Ref_clk (rise edge)                              10.00      10.00
  clock network delay (ideal)                             0.00      10.00
  clock uncertainty                                      -0.20       9.80
  FIFO_u/U1/mem_reg[1][5]/CK (DFFQX2M)                    0.00       9.80 r
  library setup time                                     -0.19       9.61
  data required time                                                 9.61
  --------------------------------------------------------------------------
  data required time                                                 9.61
  data arrival time                                                 -2.91
  --------------------------------------------------------------------------
  slack (MET)                                                        6.70


  Startpoint: sys_ctrl_u/current_state_reg[3]
              (rising edge-triggered flip-flop clocked by Ref_clk)
  Endpoint: FIFO_u/U1/mem_reg[1][4]
            (rising edge-triggered flip-flop clocked by Ref_clk)
  Path Group: Ref_clk
  Path Type: max

  Point                                                   Incr       Path
  --------------------------------------------------------------------------
  clock Ref_clk (rise edge)                               0.00       0.00
  clock network delay (ideal)                             0.00       0.00
  sys_ctrl_u/current_state_reg[3]/CK (DFFRQX2M)           0.00       0.00 r
  sys_ctrl_u/current_state_reg[3]/Q (DFFRQX2M)            0.51       0.51 f
  sys_ctrl_u/U56/Y (NOR2X2M)                              0.23       0.73 r
  sys_ctrl_u/U22/Y (NAND2X2M)                             0.13       0.86 f
  sys_ctrl_u/U58/Y (NOR2BX2M)                             0.40       1.26 r
  sys_ctrl_u/U57/Y (NOR2BX2M)                             0.41       1.67 r
  sys_ctrl_u/U23/Y (OR3X2M)                               0.23       1.90 r
  sys_ctrl_u/TX_D_VLD (SYS_CTRL_WIDTH8_ALU_OUT_WIDTH16_ADDR4)
                                                          0.00       1.90 r
  FIFO_u/W_INC (FIFO_TOP_BUS_WIDTH8_DEPTH8_ADDR_WIDTH3_PTR_SIZE4)
                                                          0.00       1.90 r
  FIFO_u/U2/Y (NOR2BX2M)                                  0.15       2.06 r
  FIFO_u/U1/wr_en (FIFO_MEM_CNTRL_BUS_WIDTH8_DEPTH8_ADDR_SIZE3)
                                                          0.00       2.06 r
  FIFO_u/U1/U11/Y (NOR2BX2M)                              0.27       2.32 r
  FIFO_u/U1/U85/Y (NAND3X2M)                              0.12       2.44 f
  FIFO_u/U1/U4/Y (BUFX2M)                                 0.23       2.67 f
  FIFO_u/U1/U72/Y (OAI2BB2X1M)                            0.25       2.91 f
  FIFO_u/U1/mem_reg[1][4]/D (DFFQX2M)                     0.00       2.91 f
  data arrival time                                                  2.91

  clock Ref_clk (rise edge)                              10.00      10.00
  clock network delay (ideal)                             0.00      10.00
  clock uncertainty                                      -0.20       9.80
  FIFO_u/U1/mem_reg[1][4]/CK (DFFQX2M)                    0.00       9.80 r
  library setup time                                     -0.19       9.61
  data required time                                                 9.61
  --------------------------------------------------------------------------
  data required time                                                 9.61
  data arrival time                                                 -2.91
  --------------------------------------------------------------------------
  slack (MET)                                                        6.70


  Startpoint: sys_ctrl_u/current_state_reg[3]
              (rising edge-triggered flip-flop clocked by Ref_clk)
  Endpoint: FIFO_u/U1/mem_reg[1][3]
            (rising edge-triggered flip-flop clocked by Ref_clk)
  Path Group: Ref_clk
  Path Type: max

  Point                                                   Incr       Path
  --------------------------------------------------------------------------
  clock Ref_clk (rise edge)                               0.00       0.00
  clock network delay (ideal)                             0.00       0.00
  sys_ctrl_u/current_state_reg[3]/CK (DFFRQX2M)           0.00       0.00 r
  sys_ctrl_u/current_state_reg[3]/Q (DFFRQX2M)            0.51       0.51 f
  sys_ctrl_u/U56/Y (NOR2X2M)                              0.23       0.73 r
  sys_ctrl_u/U22/Y (NAND2X2M)                             0.13       0.86 f
  sys_ctrl_u/U58/Y (NOR2BX2M)                             0.40       1.26 r
  sys_ctrl_u/U57/Y (NOR2BX2M)                             0.41       1.67 r
  sys_ctrl_u/U23/Y (OR3X2M)                               0.23       1.90 r
  sys_ctrl_u/TX_D_VLD (SYS_CTRL_WIDTH8_ALU_OUT_WIDTH16_ADDR4)
                                                          0.00       1.90 r
  FIFO_u/W_INC (FIFO_TOP_BUS_WIDTH8_DEPTH8_ADDR_WIDTH3_PTR_SIZE4)
                                                          0.00       1.90 r
  FIFO_u/U2/Y (NOR2BX2M)                                  0.15       2.06 r
  FIFO_u/U1/wr_en (FIFO_MEM_CNTRL_BUS_WIDTH8_DEPTH8_ADDR_SIZE3)
                                                          0.00       2.06 r
  FIFO_u/U1/U11/Y (NOR2BX2M)                              0.27       2.32 r
  FIFO_u/U1/U85/Y (NAND3X2M)                              0.12       2.44 f
  FIFO_u/U1/U4/Y (BUFX2M)                                 0.23       2.67 f
  FIFO_u/U1/U71/Y (OAI2BB2X1M)                            0.25       2.91 f
  FIFO_u/U1/mem_reg[1][3]/D (DFFQX2M)                     0.00       2.91 f
  data arrival time                                                  2.91

  clock Ref_clk (rise edge)                              10.00      10.00
  clock network delay (ideal)                             0.00      10.00
  clock uncertainty                                      -0.20       9.80
  FIFO_u/U1/mem_reg[1][3]/CK (DFFQX2M)                    0.00       9.80 r
  library setup time                                     -0.19       9.61
  data required time                                                 9.61
  --------------------------------------------------------------------------
  data required time                                                 9.61
  data arrival time                                                 -2.91
  --------------------------------------------------------------------------
  slack (MET)                                                        6.70


  Startpoint: sys_ctrl_u/current_state_reg[3]
              (rising edge-triggered flip-flop clocked by Ref_clk)
  Endpoint: FIFO_u/U1/mem_reg[1][2]
            (rising edge-triggered flip-flop clocked by Ref_clk)
  Path Group: Ref_clk
  Path Type: max

  Point                                                   Incr       Path
  --------------------------------------------------------------------------
  clock Ref_clk (rise edge)                               0.00       0.00
  clock network delay (ideal)                             0.00       0.00
  sys_ctrl_u/current_state_reg[3]/CK (DFFRQX2M)           0.00       0.00 r
  sys_ctrl_u/current_state_reg[3]/Q (DFFRQX2M)            0.51       0.51 f
  sys_ctrl_u/U56/Y (NOR2X2M)                              0.23       0.73 r
  sys_ctrl_u/U22/Y (NAND2X2M)                             0.13       0.86 f
  sys_ctrl_u/U58/Y (NOR2BX2M)                             0.40       1.26 r
  sys_ctrl_u/U57/Y (NOR2BX2M)                             0.41       1.67 r
  sys_ctrl_u/U23/Y (OR3X2M)                               0.23       1.90 r
  sys_ctrl_u/TX_D_VLD (SYS_CTRL_WIDTH8_ALU_OUT_WIDTH16_ADDR4)
                                                          0.00       1.90 r
  FIFO_u/W_INC (FIFO_TOP_BUS_WIDTH8_DEPTH8_ADDR_WIDTH3_PTR_SIZE4)
                                                          0.00       1.90 r
  FIFO_u/U2/Y (NOR2BX2M)                                  0.15       2.06 r
  FIFO_u/U1/wr_en (FIFO_MEM_CNTRL_BUS_WIDTH8_DEPTH8_ADDR_SIZE3)
                                                          0.00       2.06 r
  FIFO_u/U1/U11/Y (NOR2BX2M)                              0.27       2.32 r
  FIFO_u/U1/U85/Y (NAND3X2M)                              0.12       2.44 f
  FIFO_u/U1/U4/Y (BUFX2M)                                 0.23       2.67 f
  FIFO_u/U1/U70/Y (OAI2BB2X1M)                            0.25       2.91 f
  FIFO_u/U1/mem_reg[1][2]/D (DFFQX2M)                     0.00       2.91 f
  data arrival time                                                  2.91

  clock Ref_clk (rise edge)                              10.00      10.00
  clock network delay (ideal)                             0.00      10.00
  clock uncertainty                                      -0.20       9.80
  FIFO_u/U1/mem_reg[1][2]/CK (DFFQX2M)                    0.00       9.80 r
  library setup time                                     -0.19       9.61
  data required time                                                 9.61
  --------------------------------------------------------------------------
  data required time                                                 9.61
  data arrival time                                                 -2.91
  --------------------------------------------------------------------------
  slack (MET)                                                        6.70


  Startpoint: sys_ctrl_u/current_state_reg[3]
              (rising edge-triggered flip-flop clocked by Ref_clk)
  Endpoint: FIFO_u/U1/mem_reg[1][1]
            (rising edge-triggered flip-flop clocked by Ref_clk)
  Path Group: Ref_clk
  Path Type: max

  Point                                                   Incr       Path
  --------------------------------------------------------------------------
  clock Ref_clk (rise edge)                               0.00       0.00
  clock network delay (ideal)                             0.00       0.00
  sys_ctrl_u/current_state_reg[3]/CK (DFFRQX2M)           0.00       0.00 r
  sys_ctrl_u/current_state_reg[3]/Q (DFFRQX2M)            0.51       0.51 f
  sys_ctrl_u/U56/Y (NOR2X2M)                              0.23       0.73 r
  sys_ctrl_u/U22/Y (NAND2X2M)                             0.13       0.86 f
  sys_ctrl_u/U58/Y (NOR2BX2M)                             0.40       1.26 r
  sys_ctrl_u/U57/Y (NOR2BX2M)                             0.41       1.67 r
  sys_ctrl_u/U23/Y (OR3X2M)                               0.23       1.90 r
  sys_ctrl_u/TX_D_VLD (SYS_CTRL_WIDTH8_ALU_OUT_WIDTH16_ADDR4)
                                                          0.00       1.90 r
  FIFO_u/W_INC (FIFO_TOP_BUS_WIDTH8_DEPTH8_ADDR_WIDTH3_PTR_SIZE4)
                                                          0.00       1.90 r
  FIFO_u/U2/Y (NOR2BX2M)                                  0.15       2.06 r
  FIFO_u/U1/wr_en (FIFO_MEM_CNTRL_BUS_WIDTH8_DEPTH8_ADDR_SIZE3)
                                                          0.00       2.06 r
  FIFO_u/U1/U11/Y (NOR2BX2M)                              0.27       2.32 r
  FIFO_u/U1/U85/Y (NAND3X2M)                              0.12       2.44 f
  FIFO_u/U1/U4/Y (BUFX2M)                                 0.23       2.67 f
  FIFO_u/U1/U69/Y (OAI2BB2X1M)                            0.25       2.91 f
  FIFO_u/U1/mem_reg[1][1]/D (DFFQX2M)                     0.00       2.91 f
  data arrival time                                                  2.91

  clock Ref_clk (rise edge)                              10.00      10.00
  clock network delay (ideal)                             0.00      10.00
  clock uncertainty                                      -0.20       9.80
  FIFO_u/U1/mem_reg[1][1]/CK (DFFQX2M)                    0.00       9.80 r
  library setup time                                     -0.19       9.61
  data required time                                                 9.61
  --------------------------------------------------------------------------
  data required time                                                 9.61
  data arrival time                                                 -2.91
  --------------------------------------------------------------------------
  slack (MET)                                                        6.70


  Startpoint: sys_ctrl_u/current_state_reg[3]
              (rising edge-triggered flip-flop clocked by Ref_clk)
  Endpoint: FIFO_u/U1/mem_reg[1][0]
            (rising edge-triggered flip-flop clocked by Ref_clk)
  Path Group: Ref_clk
  Path Type: max

  Point                                                   Incr       Path
  --------------------------------------------------------------------------
  clock Ref_clk (rise edge)                               0.00       0.00
  clock network delay (ideal)                             0.00       0.00
  sys_ctrl_u/current_state_reg[3]/CK (DFFRQX2M)           0.00       0.00 r
  sys_ctrl_u/current_state_reg[3]/Q (DFFRQX2M)            0.51       0.51 f
  sys_ctrl_u/U56/Y (NOR2X2M)                              0.23       0.73 r
  sys_ctrl_u/U22/Y (NAND2X2M)                             0.13       0.86 f
  sys_ctrl_u/U58/Y (NOR2BX2M)                             0.40       1.26 r
  sys_ctrl_u/U57/Y (NOR2BX2M)                             0.41       1.67 r
  sys_ctrl_u/U23/Y (OR3X2M)                               0.23       1.90 r
  sys_ctrl_u/TX_D_VLD (SYS_CTRL_WIDTH8_ALU_OUT_WIDTH16_ADDR4)
                                                          0.00       1.90 r
  FIFO_u/W_INC (FIFO_TOP_BUS_WIDTH8_DEPTH8_ADDR_WIDTH3_PTR_SIZE4)
                                                          0.00       1.90 r
  FIFO_u/U2/Y (NOR2BX2M)                                  0.15       2.06 r
  FIFO_u/U1/wr_en (FIFO_MEM_CNTRL_BUS_WIDTH8_DEPTH8_ADDR_SIZE3)
                                                          0.00       2.06 r
  FIFO_u/U1/U11/Y (NOR2BX2M)                              0.27       2.32 r
  FIFO_u/U1/U85/Y (NAND3X2M)                              0.12       2.44 f
  FIFO_u/U1/U4/Y (BUFX2M)                                 0.23       2.67 f
  FIFO_u/U1/U68/Y (OAI2BB2X1M)                            0.25       2.91 f
  FIFO_u/U1/mem_reg[1][0]/D (DFFQX2M)                     0.00       2.91 f
  data arrival time                                                  2.91

  clock Ref_clk (rise edge)                              10.00      10.00
  clock network delay (ideal)                             0.00      10.00
  clock uncertainty                                      -0.20       9.80
  FIFO_u/U1/mem_reg[1][0]/CK (DFFQX2M)                    0.00       9.80 r
  library setup time                                     -0.19       9.61
  data required time                                                 9.61
  --------------------------------------------------------------------------
  data required time                                                 9.61
  data arrival time                                                 -2.91
  --------------------------------------------------------------------------
  slack (MET)                                                        6.70


  Startpoint: sys_ctrl_u/current_state_reg[3]
              (rising edge-triggered flip-flop clocked by Ref_clk)
  Endpoint: FIFO_u/U1/mem_reg[3][7]
            (rising edge-triggered flip-flop clocked by Ref_clk)
  Path Group: Ref_clk
  Path Type: max

  Point                                                   Incr       Path
  --------------------------------------------------------------------------
  clock Ref_clk (rise edge)                               0.00       0.00
  clock network delay (ideal)                             0.00       0.00
  sys_ctrl_u/current_state_reg[3]/CK (DFFRQX2M)           0.00       0.00 r
  sys_ctrl_u/current_state_reg[3]/Q (DFFRQX2M)            0.51       0.51 f
  sys_ctrl_u/U56/Y (NOR2X2M)                              0.23       0.73 r
  sys_ctrl_u/U22/Y (NAND2X2M)                             0.13       0.86 f
  sys_ctrl_u/U58/Y (NOR2BX2M)                             0.40       1.26 r
  sys_ctrl_u/U57/Y (NOR2BX2M)                             0.41       1.67 r
  sys_ctrl_u/U23/Y (OR3X2M)                               0.23       1.90 r
  sys_ctrl_u/TX_D_VLD (SYS_CTRL_WIDTH8_ALU_OUT_WIDTH16_ADDR4)
                                                          0.00       1.90 r
  FIFO_u/W_INC (FIFO_TOP_BUS_WIDTH8_DEPTH8_ADDR_WIDTH3_PTR_SIZE4)
                                                          0.00       1.90 r
  FIFO_u/U2/Y (NOR2BX2M)                                  0.15       2.06 r
  FIFO_u/U1/wr_en (FIFO_MEM_CNTRL_BUS_WIDTH8_DEPTH8_ADDR_SIZE3)
                                                          0.00       2.06 r
  FIFO_u/U1/U11/Y (NOR2BX2M)                              0.27       2.32 r
  FIFO_u/U1/U86/Y (NAND3X2M)                              0.12       2.44 f
  FIFO_u/U1/U3/Y (BUFX2M)                                 0.23       2.67 f
  FIFO_u/U1/U67/Y (OAI2BB2X1M)                            0.25       2.91 f
  FIFO_u/U1/mem_reg[3][7]/D (DFFQX2M)                     0.00       2.91 f
  data arrival time                                                  2.91

  clock Ref_clk (rise edge)                              10.00      10.00
  clock network delay (ideal)                             0.00      10.00
  clock uncertainty                                      -0.20       9.80
  FIFO_u/U1/mem_reg[3][7]/CK (DFFQX2M)                    0.00       9.80 r
  library setup time                                     -0.19       9.61
  data required time                                                 9.61
  --------------------------------------------------------------------------
  data required time                                                 9.61
  data arrival time                                                 -2.91
  --------------------------------------------------------------------------
  slack (MET)                                                        6.70


  Startpoint: sys_ctrl_u/current_state_reg[3]
              (rising edge-triggered flip-flop clocked by Ref_clk)
  Endpoint: FIFO_u/U1/mem_reg[3][6]
            (rising edge-triggered flip-flop clocked by Ref_clk)
  Path Group: Ref_clk
  Path Type: max

  Point                                                   Incr       Path
  --------------------------------------------------------------------------
  clock Ref_clk (rise edge)                               0.00       0.00
  clock network delay (ideal)                             0.00       0.00
  sys_ctrl_u/current_state_reg[3]/CK (DFFRQX2M)           0.00       0.00 r
  sys_ctrl_u/current_state_reg[3]/Q (DFFRQX2M)            0.51       0.51 f
  sys_ctrl_u/U56/Y (NOR2X2M)                              0.23       0.73 r
  sys_ctrl_u/U22/Y (NAND2X2M)                             0.13       0.86 f
  sys_ctrl_u/U58/Y (NOR2BX2M)                             0.40       1.26 r
  sys_ctrl_u/U57/Y (NOR2BX2M)                             0.41       1.67 r
  sys_ctrl_u/U23/Y (OR3X2M)                               0.23       1.90 r
  sys_ctrl_u/TX_D_VLD (SYS_CTRL_WIDTH8_ALU_OUT_WIDTH16_ADDR4)
                                                          0.00       1.90 r
  FIFO_u/W_INC (FIFO_TOP_BUS_WIDTH8_DEPTH8_ADDR_WIDTH3_PTR_SIZE4)
                                                          0.00       1.90 r
  FIFO_u/U2/Y (NOR2BX2M)                                  0.15       2.06 r
  FIFO_u/U1/wr_en (FIFO_MEM_CNTRL_BUS_WIDTH8_DEPTH8_ADDR_SIZE3)
                                                          0.00       2.06 r
  FIFO_u/U1/U11/Y (NOR2BX2M)                              0.27       2.32 r
  FIFO_u/U1/U86/Y (NAND3X2M)                              0.12       2.44 f
  FIFO_u/U1/U3/Y (BUFX2M)                                 0.23       2.67 f
  FIFO_u/U1/U66/Y (OAI2BB2X1M)                            0.25       2.91 f
  FIFO_u/U1/mem_reg[3][6]/D (DFFQX2M)                     0.00       2.91 f
  data arrival time                                                  2.91

  clock Ref_clk (rise edge)                              10.00      10.00
  clock network delay (ideal)                             0.00      10.00
  clock uncertainty                                      -0.20       9.80
  FIFO_u/U1/mem_reg[3][6]/CK (DFFQX2M)                    0.00       9.80 r
  library setup time                                     -0.19       9.61
  data required time                                                 9.61
  --------------------------------------------------------------------------
  data required time                                                 9.61
  data arrival time                                                 -2.91
  --------------------------------------------------------------------------
  slack (MET)                                                        6.70


  Startpoint: sys_ctrl_u/current_state_reg[3]
              (rising edge-triggered flip-flop clocked by Ref_clk)
  Endpoint: FIFO_u/U1/mem_reg[3][5]
            (rising edge-triggered flip-flop clocked by Ref_clk)
  Path Group: Ref_clk
  Path Type: max

  Point                                                   Incr       Path
  --------------------------------------------------------------------------
  clock Ref_clk (rise edge)                               0.00       0.00
  clock network delay (ideal)                             0.00       0.00
  sys_ctrl_u/current_state_reg[3]/CK (DFFRQX2M)           0.00       0.00 r
  sys_ctrl_u/current_state_reg[3]/Q (DFFRQX2M)            0.51       0.51 f
  sys_ctrl_u/U56/Y (NOR2X2M)                              0.23       0.73 r
  sys_ctrl_u/U22/Y (NAND2X2M)                             0.13       0.86 f
  sys_ctrl_u/U58/Y (NOR2BX2M)                             0.40       1.26 r
  sys_ctrl_u/U57/Y (NOR2BX2M)                             0.41       1.67 r
  sys_ctrl_u/U23/Y (OR3X2M)                               0.23       1.90 r
  sys_ctrl_u/TX_D_VLD (SYS_CTRL_WIDTH8_ALU_OUT_WIDTH16_ADDR4)
                                                          0.00       1.90 r
  FIFO_u/W_INC (FIFO_TOP_BUS_WIDTH8_DEPTH8_ADDR_WIDTH3_PTR_SIZE4)
                                                          0.00       1.90 r
  FIFO_u/U2/Y (NOR2BX2M)                                  0.15       2.06 r
  FIFO_u/U1/wr_en (FIFO_MEM_CNTRL_BUS_WIDTH8_DEPTH8_ADDR_SIZE3)
                                                          0.00       2.06 r
  FIFO_u/U1/U11/Y (NOR2BX2M)                              0.27       2.32 r
  FIFO_u/U1/U86/Y (NAND3X2M)                              0.12       2.44 f
  FIFO_u/U1/U3/Y (BUFX2M)                                 0.23       2.67 f
  FIFO_u/U1/U65/Y (OAI2BB2X1M)                            0.25       2.91 f
  FIFO_u/U1/mem_reg[3][5]/D (DFFQX2M)                     0.00       2.91 f
  data arrival time                                                  2.91

  clock Ref_clk (rise edge)                              10.00      10.00
  clock network delay (ideal)                             0.00      10.00
  clock uncertainty                                      -0.20       9.80
  FIFO_u/U1/mem_reg[3][5]/CK (DFFQX2M)                    0.00       9.80 r
  library setup time                                     -0.19       9.61
  data required time                                                 9.61
  --------------------------------------------------------------------------
  data required time                                                 9.61
  data arrival time                                                 -2.91
  --------------------------------------------------------------------------
  slack (MET)                                                        6.70


  Startpoint: sys_ctrl_u/current_state_reg[3]
              (rising edge-triggered flip-flop clocked by Ref_clk)
  Endpoint: FIFO_u/U1/mem_reg[3][4]
            (rising edge-triggered flip-flop clocked by Ref_clk)
  Path Group: Ref_clk
  Path Type: max

  Point                                                   Incr       Path
  --------------------------------------------------------------------------
  clock Ref_clk (rise edge)                               0.00       0.00
  clock network delay (ideal)                             0.00       0.00
  sys_ctrl_u/current_state_reg[3]/CK (DFFRQX2M)           0.00       0.00 r
  sys_ctrl_u/current_state_reg[3]/Q (DFFRQX2M)            0.51       0.51 f
  sys_ctrl_u/U56/Y (NOR2X2M)                              0.23       0.73 r
  sys_ctrl_u/U22/Y (NAND2X2M)                             0.13       0.86 f
  sys_ctrl_u/U58/Y (NOR2BX2M)                             0.40       1.26 r
  sys_ctrl_u/U57/Y (NOR2BX2M)                             0.41       1.67 r
  sys_ctrl_u/U23/Y (OR3X2M)                               0.23       1.90 r
  sys_ctrl_u/TX_D_VLD (SYS_CTRL_WIDTH8_ALU_OUT_WIDTH16_ADDR4)
                                                          0.00       1.90 r
  FIFO_u/W_INC (FIFO_TOP_BUS_WIDTH8_DEPTH8_ADDR_WIDTH3_PTR_SIZE4)
                                                          0.00       1.90 r
  FIFO_u/U2/Y (NOR2BX2M)                                  0.15       2.06 r
  FIFO_u/U1/wr_en (FIFO_MEM_CNTRL_BUS_WIDTH8_DEPTH8_ADDR_SIZE3)
                                                          0.00       2.06 r
  FIFO_u/U1/U11/Y (NOR2BX2M)                              0.27       2.32 r
  FIFO_u/U1/U86/Y (NAND3X2M)                              0.12       2.44 f
  FIFO_u/U1/U3/Y (BUFX2M)                                 0.23       2.67 f
  FIFO_u/U1/U64/Y (OAI2BB2X1M)                            0.25       2.91 f
  FIFO_u/U1/mem_reg[3][4]/D (DFFQX2M)                     0.00       2.91 f
  data arrival time                                                  2.91

  clock Ref_clk (rise edge)                              10.00      10.00
  clock network delay (ideal)                             0.00      10.00
  clock uncertainty                                      -0.20       9.80
  FIFO_u/U1/mem_reg[3][4]/CK (DFFQX2M)                    0.00       9.80 r
  library setup time                                     -0.19       9.61
  data required time                                                 9.61
  --------------------------------------------------------------------------
  data required time                                                 9.61
  data arrival time                                                 -2.91
  --------------------------------------------------------------------------
  slack (MET)                                                        6.70


  Startpoint: sys_ctrl_u/current_state_reg[3]
              (rising edge-triggered flip-flop clocked by Ref_clk)
  Endpoint: FIFO_u/U1/mem_reg[3][3]
            (rising edge-triggered flip-flop clocked by Ref_clk)
  Path Group: Ref_clk
  Path Type: max

  Point                                                   Incr       Path
  --------------------------------------------------------------------------
  clock Ref_clk (rise edge)                               0.00       0.00
  clock network delay (ideal)                             0.00       0.00
  sys_ctrl_u/current_state_reg[3]/CK (DFFRQX2M)           0.00       0.00 r
  sys_ctrl_u/current_state_reg[3]/Q (DFFRQX2M)            0.51       0.51 f
  sys_ctrl_u/U56/Y (NOR2X2M)                              0.23       0.73 r
  sys_ctrl_u/U22/Y (NAND2X2M)                             0.13       0.86 f
  sys_ctrl_u/U58/Y (NOR2BX2M)                             0.40       1.26 r
  sys_ctrl_u/U57/Y (NOR2BX2M)                             0.41       1.67 r
  sys_ctrl_u/U23/Y (OR3X2M)                               0.23       1.90 r
  sys_ctrl_u/TX_D_VLD (SYS_CTRL_WIDTH8_ALU_OUT_WIDTH16_ADDR4)
                                                          0.00       1.90 r
  FIFO_u/W_INC (FIFO_TOP_BUS_WIDTH8_DEPTH8_ADDR_WIDTH3_PTR_SIZE4)
                                                          0.00       1.90 r
  FIFO_u/U2/Y (NOR2BX2M)                                  0.15       2.06 r
  FIFO_u/U1/wr_en (FIFO_MEM_CNTRL_BUS_WIDTH8_DEPTH8_ADDR_SIZE3)
                                                          0.00       2.06 r
  FIFO_u/U1/U11/Y (NOR2BX2M)                              0.27       2.32 r
  FIFO_u/U1/U86/Y (NAND3X2M)                              0.12       2.44 f
  FIFO_u/U1/U3/Y (BUFX2M)                                 0.23       2.67 f
  FIFO_u/U1/U63/Y (OAI2BB2X1M)                            0.25       2.91 f
  FIFO_u/U1/mem_reg[3][3]/D (DFFQX2M)                     0.00       2.91 f
  data arrival time                                                  2.91

  clock Ref_clk (rise edge)                              10.00      10.00
  clock network delay (ideal)                             0.00      10.00
  clock uncertainty                                      -0.20       9.80
  FIFO_u/U1/mem_reg[3][3]/CK (DFFQX2M)                    0.00       9.80 r
  library setup time                                     -0.19       9.61
  data required time                                                 9.61
  --------------------------------------------------------------------------
  data required time                                                 9.61
  data arrival time                                                 -2.91
  --------------------------------------------------------------------------
  slack (MET)                                                        6.70


  Startpoint: sys_ctrl_u/current_state_reg[3]
              (rising edge-triggered flip-flop clocked by Ref_clk)
  Endpoint: FIFO_u/U1/mem_reg[3][2]
            (rising edge-triggered flip-flop clocked by Ref_clk)
  Path Group: Ref_clk
  Path Type: max

  Point                                                   Incr       Path
  --------------------------------------------------------------------------
  clock Ref_clk (rise edge)                               0.00       0.00
  clock network delay (ideal)                             0.00       0.00
  sys_ctrl_u/current_state_reg[3]/CK (DFFRQX2M)           0.00       0.00 r
  sys_ctrl_u/current_state_reg[3]/Q (DFFRQX2M)            0.51       0.51 f
  sys_ctrl_u/U56/Y (NOR2X2M)                              0.23       0.73 r
  sys_ctrl_u/U22/Y (NAND2X2M)                             0.13       0.86 f
  sys_ctrl_u/U58/Y (NOR2BX2M)                             0.40       1.26 r
  sys_ctrl_u/U57/Y (NOR2BX2M)                             0.41       1.67 r
  sys_ctrl_u/U23/Y (OR3X2M)                               0.23       1.90 r
  sys_ctrl_u/TX_D_VLD (SYS_CTRL_WIDTH8_ALU_OUT_WIDTH16_ADDR4)
                                                          0.00       1.90 r
  FIFO_u/W_INC (FIFO_TOP_BUS_WIDTH8_DEPTH8_ADDR_WIDTH3_PTR_SIZE4)
                                                          0.00       1.90 r
  FIFO_u/U2/Y (NOR2BX2M)                                  0.15       2.06 r
  FIFO_u/U1/wr_en (FIFO_MEM_CNTRL_BUS_WIDTH8_DEPTH8_ADDR_SIZE3)
                                                          0.00       2.06 r
  FIFO_u/U1/U11/Y (NOR2BX2M)                              0.27       2.32 r
  FIFO_u/U1/U86/Y (NAND3X2M)                              0.12       2.44 f
  FIFO_u/U1/U3/Y (BUFX2M)                                 0.23       2.67 f
  FIFO_u/U1/U62/Y (OAI2BB2X1M)                            0.25       2.91 f
  FIFO_u/U1/mem_reg[3][2]/D (DFFQX2M)                     0.00       2.91 f
  data arrival time                                                  2.91

  clock Ref_clk (rise edge)                              10.00      10.00
  clock network delay (ideal)                             0.00      10.00
  clock uncertainty                                      -0.20       9.80
  FIFO_u/U1/mem_reg[3][2]/CK (DFFQX2M)                    0.00       9.80 r
  library setup time                                     -0.19       9.61
  data required time                                                 9.61
  --------------------------------------------------------------------------
  data required time                                                 9.61
  data arrival time                                                 -2.91
  --------------------------------------------------------------------------
  slack (MET)                                                        6.70


  Startpoint: sys_ctrl_u/current_state_reg[3]
              (rising edge-triggered flip-flop clocked by Ref_clk)
  Endpoint: FIFO_u/U1/mem_reg[3][1]
            (rising edge-triggered flip-flop clocked by Ref_clk)
  Path Group: Ref_clk
  Path Type: max

  Point                                                   Incr       Path
  --------------------------------------------------------------------------
  clock Ref_clk (rise edge)                               0.00       0.00
  clock network delay (ideal)                             0.00       0.00
  sys_ctrl_u/current_state_reg[3]/CK (DFFRQX2M)           0.00       0.00 r
  sys_ctrl_u/current_state_reg[3]/Q (DFFRQX2M)            0.51       0.51 f
  sys_ctrl_u/U56/Y (NOR2X2M)                              0.23       0.73 r
  sys_ctrl_u/U22/Y (NAND2X2M)                             0.13       0.86 f
  sys_ctrl_u/U58/Y (NOR2BX2M)                             0.40       1.26 r
  sys_ctrl_u/U57/Y (NOR2BX2M)                             0.41       1.67 r
  sys_ctrl_u/U23/Y (OR3X2M)                               0.23       1.90 r
  sys_ctrl_u/TX_D_VLD (SYS_CTRL_WIDTH8_ALU_OUT_WIDTH16_ADDR4)
                                                          0.00       1.90 r
  FIFO_u/W_INC (FIFO_TOP_BUS_WIDTH8_DEPTH8_ADDR_WIDTH3_PTR_SIZE4)
                                                          0.00       1.90 r
  FIFO_u/U2/Y (NOR2BX2M)                                  0.15       2.06 r
  FIFO_u/U1/wr_en (FIFO_MEM_CNTRL_BUS_WIDTH8_DEPTH8_ADDR_SIZE3)
                                                          0.00       2.06 r
  FIFO_u/U1/U11/Y (NOR2BX2M)                              0.27       2.32 r
  FIFO_u/U1/U86/Y (NAND3X2M)                              0.12       2.44 f
  FIFO_u/U1/U3/Y (BUFX2M)                                 0.23       2.67 f
  FIFO_u/U1/U61/Y (OAI2BB2X1M)                            0.25       2.91 f
  FIFO_u/U1/mem_reg[3][1]/D (DFFQX2M)                     0.00       2.91 f
  data arrival time                                                  2.91

  clock Ref_clk (rise edge)                              10.00      10.00
  clock network delay (ideal)                             0.00      10.00
  clock uncertainty                                      -0.20       9.80
  FIFO_u/U1/mem_reg[3][1]/CK (DFFQX2M)                    0.00       9.80 r
  library setup time                                     -0.19       9.61
  data required time                                                 9.61
  --------------------------------------------------------------------------
  data required time                                                 9.61
  data arrival time                                                 -2.91
  --------------------------------------------------------------------------
  slack (MET)                                                        6.70


  Startpoint: sys_ctrl_u/current_state_reg[3]
              (rising edge-triggered flip-flop clocked by Ref_clk)
  Endpoint: FIFO_u/U1/mem_reg[3][0]
            (rising edge-triggered flip-flop clocked by Ref_clk)
  Path Group: Ref_clk
  Path Type: max

  Point                                                   Incr       Path
  --------------------------------------------------------------------------
  clock Ref_clk (rise edge)                               0.00       0.00
  clock network delay (ideal)                             0.00       0.00
  sys_ctrl_u/current_state_reg[3]/CK (DFFRQX2M)           0.00       0.00 r
  sys_ctrl_u/current_state_reg[3]/Q (DFFRQX2M)            0.51       0.51 f
  sys_ctrl_u/U56/Y (NOR2X2M)                              0.23       0.73 r
  sys_ctrl_u/U22/Y (NAND2X2M)                             0.13       0.86 f
  sys_ctrl_u/U58/Y (NOR2BX2M)                             0.40       1.26 r
  sys_ctrl_u/U57/Y (NOR2BX2M)                             0.41       1.67 r
  sys_ctrl_u/U23/Y (OR3X2M)                               0.23       1.90 r
  sys_ctrl_u/TX_D_VLD (SYS_CTRL_WIDTH8_ALU_OUT_WIDTH16_ADDR4)
                                                          0.00       1.90 r
  FIFO_u/W_INC (FIFO_TOP_BUS_WIDTH8_DEPTH8_ADDR_WIDTH3_PTR_SIZE4)
                                                          0.00       1.90 r
  FIFO_u/U2/Y (NOR2BX2M)                                  0.15       2.06 r
  FIFO_u/U1/wr_en (FIFO_MEM_CNTRL_BUS_WIDTH8_DEPTH8_ADDR_SIZE3)
                                                          0.00       2.06 r
  FIFO_u/U1/U11/Y (NOR2BX2M)                              0.27       2.32 r
  FIFO_u/U1/U86/Y (NAND3X2M)                              0.12       2.44 f
  FIFO_u/U1/U3/Y (BUFX2M)                                 0.23       2.67 f
  FIFO_u/U1/U60/Y (OAI2BB2X1M)                            0.25       2.91 f
  FIFO_u/U1/mem_reg[3][0]/D (DFFQX2M)                     0.00       2.91 f
  data arrival time                                                  2.91

  clock Ref_clk (rise edge)                              10.00      10.00
  clock network delay (ideal)                             0.00      10.00
  clock uncertainty                                      -0.20       9.80
  FIFO_u/U1/mem_reg[3][0]/CK (DFFQX2M)                    0.00       9.80 r
  library setup time                                     -0.19       9.61
  data required time                                                 9.61
  --------------------------------------------------------------------------
  data required time                                                 9.61
  data arrival time                                                 -2.91
  --------------------------------------------------------------------------
  slack (MET)                                                        6.70


  Startpoint: sys_ctrl_u/current_state_reg[3]
              (rising edge-triggered flip-flop clocked by Ref_clk)
  Endpoint: FIFO_u/U1/mem_reg[4][7]
            (rising edge-triggered flip-flop clocked by Ref_clk)
  Path Group: Ref_clk
  Path Type: max

  Point                                                   Incr       Path
  --------------------------------------------------------------------------
  clock Ref_clk (rise edge)                               0.00       0.00
  clock network delay (ideal)                             0.00       0.00
  sys_ctrl_u/current_state_reg[3]/CK (DFFRQX2M)           0.00       0.00 r
  sys_ctrl_u/current_state_reg[3]/Q (DFFRQX2M)            0.51       0.51 f
  sys_ctrl_u/U56/Y (NOR2X2M)                              0.23       0.73 r
  sys_ctrl_u/U22/Y (NAND2X2M)                             0.13       0.86 f
  sys_ctrl_u/U58/Y (NOR2BX2M)                             0.40       1.26 r
  sys_ctrl_u/U57/Y (NOR2BX2M)                             0.41       1.67 r
  sys_ctrl_u/U23/Y (OR3X2M)                               0.23       1.90 r
  sys_ctrl_u/TX_D_VLD (SYS_CTRL_WIDTH8_ALU_OUT_WIDTH16_ADDR4)
                                                          0.00       1.90 r
  FIFO_u/W_INC (FIFO_TOP_BUS_WIDTH8_DEPTH8_ADDR_WIDTH3_PTR_SIZE4)
                                                          0.00       1.90 r
  FIFO_u/U2/Y (NOR2BX2M)                                  0.15       2.06 r
  FIFO_u/U1/wr_en (FIFO_MEM_CNTRL_BUS_WIDTH8_DEPTH8_ADDR_SIZE3)
                                                          0.00       2.06 r
  FIFO_u/U1/U84/Y (AND2X2M)                               0.20       2.26 r
  FIFO_u/U1/U5/Y (NAND3X2M)                               0.28       2.53 f
  FIFO_u/U1/U51/Y (OAI2BB2X1M)                            0.31       2.85 f
  FIFO_u/U1/mem_reg[4][7]/D (DFFQX2M)                     0.00       2.85 f
  data arrival time                                                  2.85

  clock Ref_clk (rise edge)                              10.00      10.00
  clock network delay (ideal)                             0.00      10.00
  clock uncertainty                                      -0.20       9.80
  FIFO_u/U1/mem_reg[4][7]/CK (DFFQX2M)                    0.00       9.80 r
  library setup time                                     -0.19       9.61
  data required time                                                 9.61
  --------------------------------------------------------------------------
  data required time                                                 9.61
  data arrival time                                                 -2.85
  --------------------------------------------------------------------------
  slack (MET)                                                        6.77


  Startpoint: sys_ctrl_u/current_state_reg[3]
              (rising edge-triggered flip-flop clocked by Ref_clk)
  Endpoint: FIFO_u/U1/mem_reg[4][6]
            (rising edge-triggered flip-flop clocked by Ref_clk)
  Path Group: Ref_clk
  Path Type: max

  Point                                                   Incr       Path
  --------------------------------------------------------------------------
  clock Ref_clk (rise edge)                               0.00       0.00
  clock network delay (ideal)                             0.00       0.00
  sys_ctrl_u/current_state_reg[3]/CK (DFFRQX2M)           0.00       0.00 r
  sys_ctrl_u/current_state_reg[3]/Q (DFFRQX2M)            0.51       0.51 f
  sys_ctrl_u/U56/Y (NOR2X2M)                              0.23       0.73 r
  sys_ctrl_u/U22/Y (NAND2X2M)                             0.13       0.86 f
  sys_ctrl_u/U58/Y (NOR2BX2M)                             0.40       1.26 r
  sys_ctrl_u/U57/Y (NOR2BX2M)                             0.41       1.67 r
  sys_ctrl_u/U23/Y (OR3X2M)                               0.23       1.90 r
  sys_ctrl_u/TX_D_VLD (SYS_CTRL_WIDTH8_ALU_OUT_WIDTH16_ADDR4)
                                                          0.00       1.90 r
  FIFO_u/W_INC (FIFO_TOP_BUS_WIDTH8_DEPTH8_ADDR_WIDTH3_PTR_SIZE4)
                                                          0.00       1.90 r
  FIFO_u/U2/Y (NOR2BX2M)                                  0.15       2.06 r
  FIFO_u/U1/wr_en (FIFO_MEM_CNTRL_BUS_WIDTH8_DEPTH8_ADDR_SIZE3)
                                                          0.00       2.06 r
  FIFO_u/U1/U84/Y (AND2X2M)                               0.20       2.26 r
  FIFO_u/U1/U5/Y (NAND3X2M)                               0.28       2.53 f
  FIFO_u/U1/U50/Y (OAI2BB2X1M)                            0.31       2.85 f
  FIFO_u/U1/mem_reg[4][6]/D (DFFQX2M)                     0.00       2.85 f
  data arrival time                                                  2.85

  clock Ref_clk (rise edge)                              10.00      10.00
  clock network delay (ideal)                             0.00      10.00
  clock uncertainty                                      -0.20       9.80
  FIFO_u/U1/mem_reg[4][6]/CK (DFFQX2M)                    0.00       9.80 r
  library setup time                                     -0.19       9.61
  data required time                                                 9.61
  --------------------------------------------------------------------------
  data required time                                                 9.61
  data arrival time                                                 -2.85
  --------------------------------------------------------------------------
  slack (MET)                                                        6.77


  Startpoint: sys_ctrl_u/current_state_reg[3]
              (rising edge-triggered flip-flop clocked by Ref_clk)
  Endpoint: FIFO_u/U1/mem_reg[4][5]
            (rising edge-triggered flip-flop clocked by Ref_clk)
  Path Group: Ref_clk
  Path Type: max

  Point                                                   Incr       Path
  --------------------------------------------------------------------------
  clock Ref_clk (rise edge)                               0.00       0.00
  clock network delay (ideal)                             0.00       0.00
  sys_ctrl_u/current_state_reg[3]/CK (DFFRQX2M)           0.00       0.00 r
  sys_ctrl_u/current_state_reg[3]/Q (DFFRQX2M)            0.51       0.51 f
  sys_ctrl_u/U56/Y (NOR2X2M)                              0.23       0.73 r
  sys_ctrl_u/U22/Y (NAND2X2M)                             0.13       0.86 f
  sys_ctrl_u/U58/Y (NOR2BX2M)                             0.40       1.26 r
  sys_ctrl_u/U57/Y (NOR2BX2M)                             0.41       1.67 r
  sys_ctrl_u/U23/Y (OR3X2M)                               0.23       1.90 r
  sys_ctrl_u/TX_D_VLD (SYS_CTRL_WIDTH8_ALU_OUT_WIDTH16_ADDR4)
                                                          0.00       1.90 r
  FIFO_u/W_INC (FIFO_TOP_BUS_WIDTH8_DEPTH8_ADDR_WIDTH3_PTR_SIZE4)
                                                          0.00       1.90 r
  FIFO_u/U2/Y (NOR2BX2M)                                  0.15       2.06 r
  FIFO_u/U1/wr_en (FIFO_MEM_CNTRL_BUS_WIDTH8_DEPTH8_ADDR_SIZE3)
                                                          0.00       2.06 r
  FIFO_u/U1/U84/Y (AND2X2M)                               0.20       2.26 r
  FIFO_u/U1/U5/Y (NAND3X2M)                               0.28       2.53 f
  FIFO_u/U1/U49/Y (OAI2BB2X1M)                            0.31       2.85 f
  FIFO_u/U1/mem_reg[4][5]/D (DFFQX2M)                     0.00       2.85 f
  data arrival time                                                  2.85

  clock Ref_clk (rise edge)                              10.00      10.00
  clock network delay (ideal)                             0.00      10.00
  clock uncertainty                                      -0.20       9.80
  FIFO_u/U1/mem_reg[4][5]/CK (DFFQX2M)                    0.00       9.80 r
  library setup time                                     -0.19       9.61
  data required time                                                 9.61
  --------------------------------------------------------------------------
  data required time                                                 9.61
  data arrival time                                                 -2.85
  --------------------------------------------------------------------------
  slack (MET)                                                        6.77


  Startpoint: sys_ctrl_u/current_state_reg[3]
              (rising edge-triggered flip-flop clocked by Ref_clk)
  Endpoint: FIFO_u/U1/mem_reg[4][4]
            (rising edge-triggered flip-flop clocked by Ref_clk)
  Path Group: Ref_clk
  Path Type: max

  Point                                                   Incr       Path
  --------------------------------------------------------------------------
  clock Ref_clk (rise edge)                               0.00       0.00
  clock network delay (ideal)                             0.00       0.00
  sys_ctrl_u/current_state_reg[3]/CK (DFFRQX2M)           0.00       0.00 r
  sys_ctrl_u/current_state_reg[3]/Q (DFFRQX2M)            0.51       0.51 f
  sys_ctrl_u/U56/Y (NOR2X2M)                              0.23       0.73 r
  sys_ctrl_u/U22/Y (NAND2X2M)                             0.13       0.86 f
  sys_ctrl_u/U58/Y (NOR2BX2M)                             0.40       1.26 r
  sys_ctrl_u/U57/Y (NOR2BX2M)                             0.41       1.67 r
  sys_ctrl_u/U23/Y (OR3X2M)                               0.23       1.90 r
  sys_ctrl_u/TX_D_VLD (SYS_CTRL_WIDTH8_ALU_OUT_WIDTH16_ADDR4)
                                                          0.00       1.90 r
  FIFO_u/W_INC (FIFO_TOP_BUS_WIDTH8_DEPTH8_ADDR_WIDTH3_PTR_SIZE4)
                                                          0.00       1.90 r
  FIFO_u/U2/Y (NOR2BX2M)                                  0.15       2.06 r
  FIFO_u/U1/wr_en (FIFO_MEM_CNTRL_BUS_WIDTH8_DEPTH8_ADDR_SIZE3)
                                                          0.00       2.06 r
  FIFO_u/U1/U84/Y (AND2X2M)                               0.20       2.26 r
  FIFO_u/U1/U5/Y (NAND3X2M)                               0.28       2.53 f
  FIFO_u/U1/U48/Y (OAI2BB2X1M)                            0.31       2.85 f
  FIFO_u/U1/mem_reg[4][4]/D (DFFQX2M)                     0.00       2.85 f
  data arrival time                                                  2.85

  clock Ref_clk (rise edge)                              10.00      10.00
  clock network delay (ideal)                             0.00      10.00
  clock uncertainty                                      -0.20       9.80
  FIFO_u/U1/mem_reg[4][4]/CK (DFFQX2M)                    0.00       9.80 r
  library setup time                                     -0.19       9.61
  data required time                                                 9.61
  --------------------------------------------------------------------------
  data required time                                                 9.61
  data arrival time                                                 -2.85
  --------------------------------------------------------------------------
  slack (MET)                                                        6.77


  Startpoint: sys_ctrl_u/current_state_reg[3]
              (rising edge-triggered flip-flop clocked by Ref_clk)
  Endpoint: FIFO_u/U1/mem_reg[4][3]
            (rising edge-triggered flip-flop clocked by Ref_clk)
  Path Group: Ref_clk
  Path Type: max

  Point                                                   Incr       Path
  --------------------------------------------------------------------------
  clock Ref_clk (rise edge)                               0.00       0.00
  clock network delay (ideal)                             0.00       0.00
  sys_ctrl_u/current_state_reg[3]/CK (DFFRQX2M)           0.00       0.00 r
  sys_ctrl_u/current_state_reg[3]/Q (DFFRQX2M)            0.51       0.51 f
  sys_ctrl_u/U56/Y (NOR2X2M)                              0.23       0.73 r
  sys_ctrl_u/U22/Y (NAND2X2M)                             0.13       0.86 f
  sys_ctrl_u/U58/Y (NOR2BX2M)                             0.40       1.26 r
  sys_ctrl_u/U57/Y (NOR2BX2M)                             0.41       1.67 r
  sys_ctrl_u/U23/Y (OR3X2M)                               0.23       1.90 r
  sys_ctrl_u/TX_D_VLD (SYS_CTRL_WIDTH8_ALU_OUT_WIDTH16_ADDR4)
                                                          0.00       1.90 r
  FIFO_u/W_INC (FIFO_TOP_BUS_WIDTH8_DEPTH8_ADDR_WIDTH3_PTR_SIZE4)
                                                          0.00       1.90 r
  FIFO_u/U2/Y (NOR2BX2M)                                  0.15       2.06 r
  FIFO_u/U1/wr_en (FIFO_MEM_CNTRL_BUS_WIDTH8_DEPTH8_ADDR_SIZE3)
                                                          0.00       2.06 r
  FIFO_u/U1/U84/Y (AND2X2M)                               0.20       2.26 r
  FIFO_u/U1/U5/Y (NAND3X2M)                               0.28       2.53 f
  FIFO_u/U1/U47/Y (OAI2BB2X1M)                            0.31       2.85 f
  FIFO_u/U1/mem_reg[4][3]/D (DFFQX2M)                     0.00       2.85 f
  data arrival time                                                  2.85

  clock Ref_clk (rise edge)                              10.00      10.00
  clock network delay (ideal)                             0.00      10.00
  clock uncertainty                                      -0.20       9.80
  FIFO_u/U1/mem_reg[4][3]/CK (DFFQX2M)                    0.00       9.80 r
  library setup time                                     -0.19       9.61
  data required time                                                 9.61
  --------------------------------------------------------------------------
  data required time                                                 9.61
  data arrival time                                                 -2.85
  --------------------------------------------------------------------------
  slack (MET)                                                        6.77


  Startpoint: sys_ctrl_u/current_state_reg[3]
              (rising edge-triggered flip-flop clocked by Ref_clk)
  Endpoint: FIFO_u/U1/mem_reg[4][2]
            (rising edge-triggered flip-flop clocked by Ref_clk)
  Path Group: Ref_clk
  Path Type: max

  Point                                                   Incr       Path
  --------------------------------------------------------------------------
  clock Ref_clk (rise edge)                               0.00       0.00
  clock network delay (ideal)                             0.00       0.00
  sys_ctrl_u/current_state_reg[3]/CK (DFFRQX2M)           0.00       0.00 r
  sys_ctrl_u/current_state_reg[3]/Q (DFFRQX2M)            0.51       0.51 f
  sys_ctrl_u/U56/Y (NOR2X2M)                              0.23       0.73 r
  sys_ctrl_u/U22/Y (NAND2X2M)                             0.13       0.86 f
  sys_ctrl_u/U58/Y (NOR2BX2M)                             0.40       1.26 r
  sys_ctrl_u/U57/Y (NOR2BX2M)                             0.41       1.67 r
  sys_ctrl_u/U23/Y (OR3X2M)                               0.23       1.90 r
  sys_ctrl_u/TX_D_VLD (SYS_CTRL_WIDTH8_ALU_OUT_WIDTH16_ADDR4)
                                                          0.00       1.90 r
  FIFO_u/W_INC (FIFO_TOP_BUS_WIDTH8_DEPTH8_ADDR_WIDTH3_PTR_SIZE4)
                                                          0.00       1.90 r
  FIFO_u/U2/Y (NOR2BX2M)                                  0.15       2.06 r
  FIFO_u/U1/wr_en (FIFO_MEM_CNTRL_BUS_WIDTH8_DEPTH8_ADDR_SIZE3)
                                                          0.00       2.06 r
  FIFO_u/U1/U84/Y (AND2X2M)                               0.20       2.26 r
  FIFO_u/U1/U5/Y (NAND3X2M)                               0.28       2.53 f
  FIFO_u/U1/U46/Y (OAI2BB2X1M)                            0.31       2.85 f
  FIFO_u/U1/mem_reg[4][2]/D (DFFQX2M)                     0.00       2.85 f
  data arrival time                                                  2.85

  clock Ref_clk (rise edge)                              10.00      10.00
  clock network delay (ideal)                             0.00      10.00
  clock uncertainty                                      -0.20       9.80
  FIFO_u/U1/mem_reg[4][2]/CK (DFFQX2M)                    0.00       9.80 r
  library setup time                                     -0.19       9.61
  data required time                                                 9.61
  --------------------------------------------------------------------------
  data required time                                                 9.61
  data arrival time                                                 -2.85
  --------------------------------------------------------------------------
  slack (MET)                                                        6.77


  Startpoint: sys_ctrl_u/current_state_reg[3]
              (rising edge-triggered flip-flop clocked by Ref_clk)
  Endpoint: FIFO_u/U1/mem_reg[4][1]
            (rising edge-triggered flip-flop clocked by Ref_clk)
  Path Group: Ref_clk
  Path Type: max

  Point                                                   Incr       Path
  --------------------------------------------------------------------------
  clock Ref_clk (rise edge)                               0.00       0.00
  clock network delay (ideal)                             0.00       0.00
  sys_ctrl_u/current_state_reg[3]/CK (DFFRQX2M)           0.00       0.00 r
  sys_ctrl_u/current_state_reg[3]/Q (DFFRQX2M)            0.51       0.51 f
  sys_ctrl_u/U56/Y (NOR2X2M)                              0.23       0.73 r
  sys_ctrl_u/U22/Y (NAND2X2M)                             0.13       0.86 f
  sys_ctrl_u/U58/Y (NOR2BX2M)                             0.40       1.26 r
  sys_ctrl_u/U57/Y (NOR2BX2M)                             0.41       1.67 r
  sys_ctrl_u/U23/Y (OR3X2M)                               0.23       1.90 r
  sys_ctrl_u/TX_D_VLD (SYS_CTRL_WIDTH8_ALU_OUT_WIDTH16_ADDR4)
                                                          0.00       1.90 r
  FIFO_u/W_INC (FIFO_TOP_BUS_WIDTH8_DEPTH8_ADDR_WIDTH3_PTR_SIZE4)
                                                          0.00       1.90 r
  FIFO_u/U2/Y (NOR2BX2M)                                  0.15       2.06 r
  FIFO_u/U1/wr_en (FIFO_MEM_CNTRL_BUS_WIDTH8_DEPTH8_ADDR_SIZE3)
                                                          0.00       2.06 r
  FIFO_u/U1/U84/Y (AND2X2M)                               0.20       2.26 r
  FIFO_u/U1/U5/Y (NAND3X2M)                               0.28       2.53 f
  FIFO_u/U1/U45/Y (OAI2BB2X1M)                            0.31       2.85 f
  FIFO_u/U1/mem_reg[4][1]/D (DFFQX2M)                     0.00       2.85 f
  data arrival time                                                  2.85

  clock Ref_clk (rise edge)                              10.00      10.00
  clock network delay (ideal)                             0.00      10.00
  clock uncertainty                                      -0.20       9.80
  FIFO_u/U1/mem_reg[4][1]/CK (DFFQX2M)                    0.00       9.80 r
  library setup time                                     -0.19       9.61
  data required time                                                 9.61
  --------------------------------------------------------------------------
  data required time                                                 9.61
  data arrival time                                                 -2.85
  --------------------------------------------------------------------------
  slack (MET)                                                        6.77


  Startpoint: sys_ctrl_u/current_state_reg[3]
              (rising edge-triggered flip-flop clocked by Ref_clk)
  Endpoint: FIFO_u/U1/mem_reg[4][0]
            (rising edge-triggered flip-flop clocked by Ref_clk)
  Path Group: Ref_clk
  Path Type: max

  Point                                                   Incr       Path
  --------------------------------------------------------------------------
  clock Ref_clk (rise edge)                               0.00       0.00
  clock network delay (ideal)                             0.00       0.00
  sys_ctrl_u/current_state_reg[3]/CK (DFFRQX2M)           0.00       0.00 r
  sys_ctrl_u/current_state_reg[3]/Q (DFFRQX2M)            0.51       0.51 f
  sys_ctrl_u/U56/Y (NOR2X2M)                              0.23       0.73 r
  sys_ctrl_u/U22/Y (NAND2X2M)                             0.13       0.86 f
  sys_ctrl_u/U58/Y (NOR2BX2M)                             0.40       1.26 r
  sys_ctrl_u/U57/Y (NOR2BX2M)                             0.41       1.67 r
  sys_ctrl_u/U23/Y (OR3X2M)                               0.23       1.90 r
  sys_ctrl_u/TX_D_VLD (SYS_CTRL_WIDTH8_ALU_OUT_WIDTH16_ADDR4)
                                                          0.00       1.90 r
  FIFO_u/W_INC (FIFO_TOP_BUS_WIDTH8_DEPTH8_ADDR_WIDTH3_PTR_SIZE4)
                                                          0.00       1.90 r
  FIFO_u/U2/Y (NOR2BX2M)                                  0.15       2.06 r
  FIFO_u/U1/wr_en (FIFO_MEM_CNTRL_BUS_WIDTH8_DEPTH8_ADDR_SIZE3)
                                                          0.00       2.06 r
  FIFO_u/U1/U84/Y (AND2X2M)                               0.20       2.26 r
  FIFO_u/U1/U5/Y (NAND3X2M)                               0.28       2.53 f
  FIFO_u/U1/U44/Y (OAI2BB2X1M)                            0.31       2.85 f
  FIFO_u/U1/mem_reg[4][0]/D (DFFQX2M)                     0.00       2.85 f
  data arrival time                                                  2.85

  clock Ref_clk (rise edge)                              10.00      10.00
  clock network delay (ideal)                             0.00      10.00
  clock uncertainty                                      -0.20       9.80
  FIFO_u/U1/mem_reg[4][0]/CK (DFFQX2M)                    0.00       9.80 r
  library setup time                                     -0.19       9.61
  data required time                                                 9.61
  --------------------------------------------------------------------------
  data required time                                                 9.61
  data arrival time                                                 -2.85
  --------------------------------------------------------------------------
  slack (MET)                                                        6.77


  Startpoint: sys_ctrl_u/current_state_reg[3]
              (rising edge-triggered flip-flop clocked by Ref_clk)
  Endpoint: FIFO_u/U1/mem_reg[5][7]
            (rising edge-triggered flip-flop clocked by Ref_clk)
  Path Group: Ref_clk
  Path Type: max

  Point                                                   Incr       Path
  --------------------------------------------------------------------------
  clock Ref_clk (rise edge)                               0.00       0.00
  clock network delay (ideal)                             0.00       0.00
  sys_ctrl_u/current_state_reg[3]/CK (DFFRQX2M)           0.00       0.00 r
  sys_ctrl_u/current_state_reg[3]/Q (DFFRQX2M)            0.51       0.51 f
  sys_ctrl_u/U56/Y (NOR2X2M)                              0.23       0.73 r
  sys_ctrl_u/U22/Y (NAND2X2M)                             0.13       0.86 f
  sys_ctrl_u/U58/Y (NOR2BX2M)                             0.40       1.26 r
  sys_ctrl_u/U57/Y (NOR2BX2M)                             0.41       1.67 r
  sys_ctrl_u/U23/Y (OR3X2M)                               0.23       1.90 r
  sys_ctrl_u/TX_D_VLD (SYS_CTRL_WIDTH8_ALU_OUT_WIDTH16_ADDR4)
                                                          0.00       1.90 r
  FIFO_u/W_INC (FIFO_TOP_BUS_WIDTH8_DEPTH8_ADDR_WIDTH3_PTR_SIZE4)
                                                          0.00       1.90 r
  FIFO_u/U2/Y (NOR2BX2M)                                  0.15       2.06 r
  FIFO_u/U1/wr_en (FIFO_MEM_CNTRL_BUS_WIDTH8_DEPTH8_ADDR_SIZE3)
                                                          0.00       2.06 r
  FIFO_u/U1/U84/Y (AND2X2M)                               0.20       2.26 r
  FIFO_u/U1/U8/Y (NAND3X2M)                               0.27       2.52 f
  FIFO_u/U1/U19/Y (OAI2BB2X1M)                            0.31       2.83 f
  FIFO_u/U1/mem_reg[5][7]/D (DFFQX2M)                     0.00       2.83 f
  data arrival time                                                  2.83

  clock Ref_clk (rise edge)                              10.00      10.00
  clock network delay (ideal)                             0.00      10.00
  clock uncertainty                                      -0.20       9.80
  FIFO_u/U1/mem_reg[5][7]/CK (DFFQX2M)                    0.00       9.80 r
  library setup time                                     -0.19       9.61
  data required time                                                 9.61
  --------------------------------------------------------------------------
  data required time                                                 9.61
  data arrival time                                                 -2.83
  --------------------------------------------------------------------------
  slack (MET)                                                        6.78


  Startpoint: sys_ctrl_u/current_state_reg[3]
              (rising edge-triggered flip-flop clocked by Ref_clk)
  Endpoint: FIFO_u/U1/mem_reg[5][6]
            (rising edge-triggered flip-flop clocked by Ref_clk)
  Path Group: Ref_clk
  Path Type: max

  Point                                                   Incr       Path
  --------------------------------------------------------------------------
  clock Ref_clk (rise edge)                               0.00       0.00
  clock network delay (ideal)                             0.00       0.00
  sys_ctrl_u/current_state_reg[3]/CK (DFFRQX2M)           0.00       0.00 r
  sys_ctrl_u/current_state_reg[3]/Q (DFFRQX2M)            0.51       0.51 f
  sys_ctrl_u/U56/Y (NOR2X2M)                              0.23       0.73 r
  sys_ctrl_u/U22/Y (NAND2X2M)                             0.13       0.86 f
  sys_ctrl_u/U58/Y (NOR2BX2M)                             0.40       1.26 r
  sys_ctrl_u/U57/Y (NOR2BX2M)                             0.41       1.67 r
  sys_ctrl_u/U23/Y (OR3X2M)                               0.23       1.90 r
  sys_ctrl_u/TX_D_VLD (SYS_CTRL_WIDTH8_ALU_OUT_WIDTH16_ADDR4)
                                                          0.00       1.90 r
  FIFO_u/W_INC (FIFO_TOP_BUS_WIDTH8_DEPTH8_ADDR_WIDTH3_PTR_SIZE4)
                                                          0.00       1.90 r
  FIFO_u/U2/Y (NOR2BX2M)                                  0.15       2.06 r
  FIFO_u/U1/wr_en (FIFO_MEM_CNTRL_BUS_WIDTH8_DEPTH8_ADDR_SIZE3)
                                                          0.00       2.06 r
  FIFO_u/U1/U84/Y (AND2X2M)                               0.20       2.26 r
  FIFO_u/U1/U8/Y (NAND3X2M)                               0.27       2.52 f
  FIFO_u/U1/U18/Y (OAI2BB2X1M)                            0.31       2.83 f
  FIFO_u/U1/mem_reg[5][6]/D (DFFQX2M)                     0.00       2.83 f
  data arrival time                                                  2.83

  clock Ref_clk (rise edge)                              10.00      10.00
  clock network delay (ideal)                             0.00      10.00
  clock uncertainty                                      -0.20       9.80
  FIFO_u/U1/mem_reg[5][6]/CK (DFFQX2M)                    0.00       9.80 r
  library setup time                                     -0.19       9.61
  data required time                                                 9.61
  --------------------------------------------------------------------------
  data required time                                                 9.61
  data arrival time                                                 -2.83
  --------------------------------------------------------------------------
  slack (MET)                                                        6.78


  Startpoint: sys_ctrl_u/current_state_reg[3]
              (rising edge-triggered flip-flop clocked by Ref_clk)
  Endpoint: FIFO_u/U1/mem_reg[5][5]
            (rising edge-triggered flip-flop clocked by Ref_clk)
  Path Group: Ref_clk
  Path Type: max

  Point                                                   Incr       Path
  --------------------------------------------------------------------------
  clock Ref_clk (rise edge)                               0.00       0.00
  clock network delay (ideal)                             0.00       0.00
  sys_ctrl_u/current_state_reg[3]/CK (DFFRQX2M)           0.00       0.00 r
  sys_ctrl_u/current_state_reg[3]/Q (DFFRQX2M)            0.51       0.51 f
  sys_ctrl_u/U56/Y (NOR2X2M)                              0.23       0.73 r
  sys_ctrl_u/U22/Y (NAND2X2M)                             0.13       0.86 f
  sys_ctrl_u/U58/Y (NOR2BX2M)                             0.40       1.26 r
  sys_ctrl_u/U57/Y (NOR2BX2M)                             0.41       1.67 r
  sys_ctrl_u/U23/Y (OR3X2M)                               0.23       1.90 r
  sys_ctrl_u/TX_D_VLD (SYS_CTRL_WIDTH8_ALU_OUT_WIDTH16_ADDR4)
                                                          0.00       1.90 r
  FIFO_u/W_INC (FIFO_TOP_BUS_WIDTH8_DEPTH8_ADDR_WIDTH3_PTR_SIZE4)
                                                          0.00       1.90 r
  FIFO_u/U2/Y (NOR2BX2M)                                  0.15       2.06 r
  FIFO_u/U1/wr_en (FIFO_MEM_CNTRL_BUS_WIDTH8_DEPTH8_ADDR_SIZE3)
                                                          0.00       2.06 r
  FIFO_u/U1/U84/Y (AND2X2M)                               0.20       2.26 r
  FIFO_u/U1/U8/Y (NAND3X2M)                               0.27       2.52 f
  FIFO_u/U1/U17/Y (OAI2BB2X1M)                            0.31       2.83 f
  FIFO_u/U1/mem_reg[5][5]/D (DFFQX2M)                     0.00       2.83 f
  data arrival time                                                  2.83

  clock Ref_clk (rise edge)                              10.00      10.00
  clock network delay (ideal)                             0.00      10.00
  clock uncertainty                                      -0.20       9.80
  FIFO_u/U1/mem_reg[5][5]/CK (DFFQX2M)                    0.00       9.80 r
  library setup time                                     -0.19       9.61
  data required time                                                 9.61
  --------------------------------------------------------------------------
  data required time                                                 9.61
  data arrival time                                                 -2.83
  --------------------------------------------------------------------------
  slack (MET)                                                        6.78


  Startpoint: sys_ctrl_u/current_state_reg[3]
              (rising edge-triggered flip-flop clocked by Ref_clk)
  Endpoint: FIFO_u/U1/mem_reg[5][4]
            (rising edge-triggered flip-flop clocked by Ref_clk)
  Path Group: Ref_clk
  Path Type: max

  Point                                                   Incr       Path
  --------------------------------------------------------------------------
  clock Ref_clk (rise edge)                               0.00       0.00
  clock network delay (ideal)                             0.00       0.00
  sys_ctrl_u/current_state_reg[3]/CK (DFFRQX2M)           0.00       0.00 r
  sys_ctrl_u/current_state_reg[3]/Q (DFFRQX2M)            0.51       0.51 f
  sys_ctrl_u/U56/Y (NOR2X2M)                              0.23       0.73 r
  sys_ctrl_u/U22/Y (NAND2X2M)                             0.13       0.86 f
  sys_ctrl_u/U58/Y (NOR2BX2M)                             0.40       1.26 r
  sys_ctrl_u/U57/Y (NOR2BX2M)                             0.41       1.67 r
  sys_ctrl_u/U23/Y (OR3X2M)                               0.23       1.90 r
  sys_ctrl_u/TX_D_VLD (SYS_CTRL_WIDTH8_ALU_OUT_WIDTH16_ADDR4)
                                                          0.00       1.90 r
  FIFO_u/W_INC (FIFO_TOP_BUS_WIDTH8_DEPTH8_ADDR_WIDTH3_PTR_SIZE4)
                                                          0.00       1.90 r
  FIFO_u/U2/Y (NOR2BX2M)                                  0.15       2.06 r
  FIFO_u/U1/wr_en (FIFO_MEM_CNTRL_BUS_WIDTH8_DEPTH8_ADDR_SIZE3)
                                                          0.00       2.06 r
  FIFO_u/U1/U84/Y (AND2X2M)                               0.20       2.26 r
  FIFO_u/U1/U8/Y (NAND3X2M)                               0.27       2.52 f
  FIFO_u/U1/U16/Y (OAI2BB2X1M)                            0.31       2.83 f
  FIFO_u/U1/mem_reg[5][4]/D (DFFQX2M)                     0.00       2.83 f
  data arrival time                                                  2.83

  clock Ref_clk (rise edge)                              10.00      10.00
  clock network delay (ideal)                             0.00      10.00
  clock uncertainty                                      -0.20       9.80
  FIFO_u/U1/mem_reg[5][4]/CK (DFFQX2M)                    0.00       9.80 r
  library setup time                                     -0.19       9.61
  data required time                                                 9.61
  --------------------------------------------------------------------------
  data required time                                                 9.61
  data arrival time                                                 -2.83
  --------------------------------------------------------------------------
  slack (MET)                                                        6.78


  Startpoint: sys_ctrl_u/current_state_reg[3]
              (rising edge-triggered flip-flop clocked by Ref_clk)
  Endpoint: FIFO_u/U1/mem_reg[5][3]
            (rising edge-triggered flip-flop clocked by Ref_clk)
  Path Group: Ref_clk
  Path Type: max

  Point                                                   Incr       Path
  --------------------------------------------------------------------------
  clock Ref_clk (rise edge)                               0.00       0.00
  clock network delay (ideal)                             0.00       0.00
  sys_ctrl_u/current_state_reg[3]/CK (DFFRQX2M)           0.00       0.00 r
  sys_ctrl_u/current_state_reg[3]/Q (DFFRQX2M)            0.51       0.51 f
  sys_ctrl_u/U56/Y (NOR2X2M)                              0.23       0.73 r
  sys_ctrl_u/U22/Y (NAND2X2M)                             0.13       0.86 f
  sys_ctrl_u/U58/Y (NOR2BX2M)                             0.40       1.26 r
  sys_ctrl_u/U57/Y (NOR2BX2M)                             0.41       1.67 r
  sys_ctrl_u/U23/Y (OR3X2M)                               0.23       1.90 r
  sys_ctrl_u/TX_D_VLD (SYS_CTRL_WIDTH8_ALU_OUT_WIDTH16_ADDR4)
                                                          0.00       1.90 r
  FIFO_u/W_INC (FIFO_TOP_BUS_WIDTH8_DEPTH8_ADDR_WIDTH3_PTR_SIZE4)
                                                          0.00       1.90 r
  FIFO_u/U2/Y (NOR2BX2M)                                  0.15       2.06 r
  FIFO_u/U1/wr_en (FIFO_MEM_CNTRL_BUS_WIDTH8_DEPTH8_ADDR_SIZE3)
                                                          0.00       2.06 r
  FIFO_u/U1/U84/Y (AND2X2M)                               0.20       2.26 r
  FIFO_u/U1/U8/Y (NAND3X2M)                               0.27       2.52 f
  FIFO_u/U1/U15/Y (OAI2BB2X1M)                            0.31       2.83 f
  FIFO_u/U1/mem_reg[5][3]/D (DFFQX2M)                     0.00       2.83 f
  data arrival time                                                  2.83

  clock Ref_clk (rise edge)                              10.00      10.00
  clock network delay (ideal)                             0.00      10.00
  clock uncertainty                                      -0.20       9.80
  FIFO_u/U1/mem_reg[5][3]/CK (DFFQX2M)                    0.00       9.80 r
  library setup time                                     -0.19       9.61
  data required time                                                 9.61
  --------------------------------------------------------------------------
  data required time                                                 9.61
  data arrival time                                                 -2.83
  --------------------------------------------------------------------------
  slack (MET)                                                        6.78


  Startpoint: sys_ctrl_u/current_state_reg[3]
              (rising edge-triggered flip-flop clocked by Ref_clk)
  Endpoint: FIFO_u/U1/mem_reg[5][2]
            (rising edge-triggered flip-flop clocked by Ref_clk)
  Path Group: Ref_clk
  Path Type: max

  Point                                                   Incr       Path
  --------------------------------------------------------------------------
  clock Ref_clk (rise edge)                               0.00       0.00
  clock network delay (ideal)                             0.00       0.00
  sys_ctrl_u/current_state_reg[3]/CK (DFFRQX2M)           0.00       0.00 r
  sys_ctrl_u/current_state_reg[3]/Q (DFFRQX2M)            0.51       0.51 f
  sys_ctrl_u/U56/Y (NOR2X2M)                              0.23       0.73 r
  sys_ctrl_u/U22/Y (NAND2X2M)                             0.13       0.86 f
  sys_ctrl_u/U58/Y (NOR2BX2M)                             0.40       1.26 r
  sys_ctrl_u/U57/Y (NOR2BX2M)                             0.41       1.67 r
  sys_ctrl_u/U23/Y (OR3X2M)                               0.23       1.90 r
  sys_ctrl_u/TX_D_VLD (SYS_CTRL_WIDTH8_ALU_OUT_WIDTH16_ADDR4)
                                                          0.00       1.90 r
  FIFO_u/W_INC (FIFO_TOP_BUS_WIDTH8_DEPTH8_ADDR_WIDTH3_PTR_SIZE4)
                                                          0.00       1.90 r
  FIFO_u/U2/Y (NOR2BX2M)                                  0.15       2.06 r
  FIFO_u/U1/wr_en (FIFO_MEM_CNTRL_BUS_WIDTH8_DEPTH8_ADDR_SIZE3)
                                                          0.00       2.06 r
  FIFO_u/U1/U84/Y (AND2X2M)                               0.20       2.26 r
  FIFO_u/U1/U8/Y (NAND3X2M)                               0.27       2.52 f
  FIFO_u/U1/U14/Y (OAI2BB2X1M)                            0.31       2.83 f
  FIFO_u/U1/mem_reg[5][2]/D (DFFQX2M)                     0.00       2.83 f
  data arrival time                                                  2.83

  clock Ref_clk (rise edge)                              10.00      10.00
  clock network delay (ideal)                             0.00      10.00
  clock uncertainty                                      -0.20       9.80
  FIFO_u/U1/mem_reg[5][2]/CK (DFFQX2M)                    0.00       9.80 r
  library setup time                                     -0.19       9.61
  data required time                                                 9.61
  --------------------------------------------------------------------------
  data required time                                                 9.61
  data arrival time                                                 -2.83
  --------------------------------------------------------------------------
  slack (MET)                                                        6.78


  Startpoint: sys_ctrl_u/current_state_reg[3]
              (rising edge-triggered flip-flop clocked by Ref_clk)
  Endpoint: FIFO_u/U1/mem_reg[5][1]
            (rising edge-triggered flip-flop clocked by Ref_clk)
  Path Group: Ref_clk
  Path Type: max

  Point                                                   Incr       Path
  --------------------------------------------------------------------------
  clock Ref_clk (rise edge)                               0.00       0.00
  clock network delay (ideal)                             0.00       0.00
  sys_ctrl_u/current_state_reg[3]/CK (DFFRQX2M)           0.00       0.00 r
  sys_ctrl_u/current_state_reg[3]/Q (DFFRQX2M)            0.51       0.51 f
  sys_ctrl_u/U56/Y (NOR2X2M)                              0.23       0.73 r
  sys_ctrl_u/U22/Y (NAND2X2M)                             0.13       0.86 f
  sys_ctrl_u/U58/Y (NOR2BX2M)                             0.40       1.26 r
  sys_ctrl_u/U57/Y (NOR2BX2M)                             0.41       1.67 r
  sys_ctrl_u/U23/Y (OR3X2M)                               0.23       1.90 r
  sys_ctrl_u/TX_D_VLD (SYS_CTRL_WIDTH8_ALU_OUT_WIDTH16_ADDR4)
                                                          0.00       1.90 r
  FIFO_u/W_INC (FIFO_TOP_BUS_WIDTH8_DEPTH8_ADDR_WIDTH3_PTR_SIZE4)
                                                          0.00       1.90 r
  FIFO_u/U2/Y (NOR2BX2M)                                  0.15       2.06 r
  FIFO_u/U1/wr_en (FIFO_MEM_CNTRL_BUS_WIDTH8_DEPTH8_ADDR_SIZE3)
                                                          0.00       2.06 r
  FIFO_u/U1/U84/Y (AND2X2M)                               0.20       2.26 r
  FIFO_u/U1/U8/Y (NAND3X2M)                               0.27       2.52 f
  FIFO_u/U1/U13/Y (OAI2BB2X1M)                            0.31       2.83 f
  FIFO_u/U1/mem_reg[5][1]/D (DFFQX2M)                     0.00       2.83 f
  data arrival time                                                  2.83

  clock Ref_clk (rise edge)                              10.00      10.00
  clock network delay (ideal)                             0.00      10.00
  clock uncertainty                                      -0.20       9.80
  FIFO_u/U1/mem_reg[5][1]/CK (DFFQX2M)                    0.00       9.80 r
  library setup time                                     -0.19       9.61
  data required time                                                 9.61
  --------------------------------------------------------------------------
  data required time                                                 9.61
  data arrival time                                                 -2.83
  --------------------------------------------------------------------------
  slack (MET)                                                        6.78


  Startpoint: sys_ctrl_u/current_state_reg[3]
              (rising edge-triggered flip-flop clocked by Ref_clk)
  Endpoint: FIFO_u/U1/mem_reg[5][0]
            (rising edge-triggered flip-flop clocked by Ref_clk)
  Path Group: Ref_clk
  Path Type: max

  Point                                                   Incr       Path
  --------------------------------------------------------------------------
  clock Ref_clk (rise edge)                               0.00       0.00
  clock network delay (ideal)                             0.00       0.00
  sys_ctrl_u/current_state_reg[3]/CK (DFFRQX2M)           0.00       0.00 r
  sys_ctrl_u/current_state_reg[3]/Q (DFFRQX2M)            0.51       0.51 f
  sys_ctrl_u/U56/Y (NOR2X2M)                              0.23       0.73 r
  sys_ctrl_u/U22/Y (NAND2X2M)                             0.13       0.86 f
  sys_ctrl_u/U58/Y (NOR2BX2M)                             0.40       1.26 r
  sys_ctrl_u/U57/Y (NOR2BX2M)                             0.41       1.67 r
  sys_ctrl_u/U23/Y (OR3X2M)                               0.23       1.90 r
  sys_ctrl_u/TX_D_VLD (SYS_CTRL_WIDTH8_ALU_OUT_WIDTH16_ADDR4)
                                                          0.00       1.90 r
  FIFO_u/W_INC (FIFO_TOP_BUS_WIDTH8_DEPTH8_ADDR_WIDTH3_PTR_SIZE4)
                                                          0.00       1.90 r
  FIFO_u/U2/Y (NOR2BX2M)                                  0.15       2.06 r
  FIFO_u/U1/wr_en (FIFO_MEM_CNTRL_BUS_WIDTH8_DEPTH8_ADDR_SIZE3)
                                                          0.00       2.06 r
  FIFO_u/U1/U84/Y (AND2X2M)                               0.20       2.26 r
  FIFO_u/U1/U8/Y (NAND3X2M)                               0.27       2.52 f
  FIFO_u/U1/U12/Y (OAI2BB2X1M)                            0.31       2.83 f
  FIFO_u/U1/mem_reg[5][0]/D (DFFQX2M)                     0.00       2.83 f
  data arrival time                                                  2.83

  clock Ref_clk (rise edge)                              10.00      10.00
  clock network delay (ideal)                             0.00      10.00
  clock uncertainty                                      -0.20       9.80
  FIFO_u/U1/mem_reg[5][0]/CK (DFFQX2M)                    0.00       9.80 r
  library setup time                                     -0.19       9.61
  data required time                                                 9.61
  --------------------------------------------------------------------------
  data required time                                                 9.61
  data arrival time                                                 -2.83
  --------------------------------------------------------------------------
  slack (MET)                                                        6.78


  Startpoint: sys_ctrl_u/current_state_reg[3]
              (rising edge-triggered flip-flop clocked by Ref_clk)
  Endpoint: FIFO_u/U1/mem_reg[6][7]
            (rising edge-triggered flip-flop clocked by Ref_clk)
  Path Group: Ref_clk
  Path Type: max

  Point                                                   Incr       Path
  --------------------------------------------------------------------------
  clock Ref_clk (rise edge)                               0.00       0.00
  clock network delay (ideal)                             0.00       0.00
  sys_ctrl_u/current_state_reg[3]/CK (DFFRQX2M)           0.00       0.00 r
  sys_ctrl_u/current_state_reg[3]/Q (DFFRQX2M)            0.51       0.51 f
  sys_ctrl_u/U56/Y (NOR2X2M)                              0.23       0.73 r
  sys_ctrl_u/U22/Y (NAND2X2M)                             0.13       0.86 f
  sys_ctrl_u/U58/Y (NOR2BX2M)                             0.40       1.26 r
  sys_ctrl_u/U57/Y (NOR2BX2M)                             0.41       1.67 r
  sys_ctrl_u/U23/Y (OR3X2M)                               0.23       1.90 r
  sys_ctrl_u/TX_D_VLD (SYS_CTRL_WIDTH8_ALU_OUT_WIDTH16_ADDR4)
                                                          0.00       1.90 r
  FIFO_u/W_INC (FIFO_TOP_BUS_WIDTH8_DEPTH8_ADDR_WIDTH3_PTR_SIZE4)
                                                          0.00       1.90 r
  FIFO_u/U2/Y (NOR2BX2M)                                  0.15       2.06 r
  FIFO_u/U1/wr_en (FIFO_MEM_CNTRL_BUS_WIDTH8_DEPTH8_ADDR_SIZE3)
                                                          0.00       2.06 r
  FIFO_u/U1/U84/Y (AND2X2M)                               0.20       2.26 r
  FIFO_u/U1/U9/Y (NAND3X2M)                               0.27       2.52 f
  FIFO_u/U1/U35/Y (OAI2BB2X1M)                            0.31       2.83 f
  FIFO_u/U1/mem_reg[6][7]/D (DFFQX2M)                     0.00       2.83 f
  data arrival time                                                  2.83

  clock Ref_clk (rise edge)                              10.00      10.00
  clock network delay (ideal)                             0.00      10.00
  clock uncertainty                                      -0.20       9.80
  FIFO_u/U1/mem_reg[6][7]/CK (DFFQX2M)                    0.00       9.80 r
  library setup time                                     -0.19       9.61
  data required time                                                 9.61
  --------------------------------------------------------------------------
  data required time                                                 9.61
  data arrival time                                                 -2.83
  --------------------------------------------------------------------------
  slack (MET)                                                        6.78


  Startpoint: sys_ctrl_u/current_state_reg[3]
              (rising edge-triggered flip-flop clocked by Ref_clk)
  Endpoint: FIFO_u/U1/mem_reg[6][6]
            (rising edge-triggered flip-flop clocked by Ref_clk)
  Path Group: Ref_clk
  Path Type: max

  Point                                                   Incr       Path
  --------------------------------------------------------------------------
  clock Ref_clk (rise edge)                               0.00       0.00
  clock network delay (ideal)                             0.00       0.00
  sys_ctrl_u/current_state_reg[3]/CK (DFFRQX2M)           0.00       0.00 r
  sys_ctrl_u/current_state_reg[3]/Q (DFFRQX2M)            0.51       0.51 f
  sys_ctrl_u/U56/Y (NOR2X2M)                              0.23       0.73 r
  sys_ctrl_u/U22/Y (NAND2X2M)                             0.13       0.86 f
  sys_ctrl_u/U58/Y (NOR2BX2M)                             0.40       1.26 r
  sys_ctrl_u/U57/Y (NOR2BX2M)                             0.41       1.67 r
  sys_ctrl_u/U23/Y (OR3X2M)                               0.23       1.90 r
  sys_ctrl_u/TX_D_VLD (SYS_CTRL_WIDTH8_ALU_OUT_WIDTH16_ADDR4)
                                                          0.00       1.90 r
  FIFO_u/W_INC (FIFO_TOP_BUS_WIDTH8_DEPTH8_ADDR_WIDTH3_PTR_SIZE4)
                                                          0.00       1.90 r
  FIFO_u/U2/Y (NOR2BX2M)                                  0.15       2.06 r
  FIFO_u/U1/wr_en (FIFO_MEM_CNTRL_BUS_WIDTH8_DEPTH8_ADDR_SIZE3)
                                                          0.00       2.06 r
  FIFO_u/U1/U84/Y (AND2X2M)                               0.20       2.26 r
  FIFO_u/U1/U9/Y (NAND3X2M)                               0.27       2.52 f
  FIFO_u/U1/U34/Y (OAI2BB2X1M)                            0.31       2.83 f
  FIFO_u/U1/mem_reg[6][6]/D (DFFQX2M)                     0.00       2.83 f
  data arrival time                                                  2.83

  clock Ref_clk (rise edge)                              10.00      10.00
  clock network delay (ideal)                             0.00      10.00
  clock uncertainty                                      -0.20       9.80
  FIFO_u/U1/mem_reg[6][6]/CK (DFFQX2M)                    0.00       9.80 r
  library setup time                                     -0.19       9.61
  data required time                                                 9.61
  --------------------------------------------------------------------------
  data required time                                                 9.61
  data arrival time                                                 -2.83
  --------------------------------------------------------------------------
  slack (MET)                                                        6.78


  Startpoint: sys_ctrl_u/current_state_reg[3]
              (rising edge-triggered flip-flop clocked by Ref_clk)
  Endpoint: FIFO_u/U1/mem_reg[6][5]
            (rising edge-triggered flip-flop clocked by Ref_clk)
  Path Group: Ref_clk
  Path Type: max

  Point                                                   Incr       Path
  --------------------------------------------------------------------------
  clock Ref_clk (rise edge)                               0.00       0.00
  clock network delay (ideal)                             0.00       0.00
  sys_ctrl_u/current_state_reg[3]/CK (DFFRQX2M)           0.00       0.00 r
  sys_ctrl_u/current_state_reg[3]/Q (DFFRQX2M)            0.51       0.51 f
  sys_ctrl_u/U56/Y (NOR2X2M)                              0.23       0.73 r
  sys_ctrl_u/U22/Y (NAND2X2M)                             0.13       0.86 f
  sys_ctrl_u/U58/Y (NOR2BX2M)                             0.40       1.26 r
  sys_ctrl_u/U57/Y (NOR2BX2M)                             0.41       1.67 r
  sys_ctrl_u/U23/Y (OR3X2M)                               0.23       1.90 r
  sys_ctrl_u/TX_D_VLD (SYS_CTRL_WIDTH8_ALU_OUT_WIDTH16_ADDR4)
                                                          0.00       1.90 r
  FIFO_u/W_INC (FIFO_TOP_BUS_WIDTH8_DEPTH8_ADDR_WIDTH3_PTR_SIZE4)
                                                          0.00       1.90 r
  FIFO_u/U2/Y (NOR2BX2M)                                  0.15       2.06 r
  FIFO_u/U1/wr_en (FIFO_MEM_CNTRL_BUS_WIDTH8_DEPTH8_ADDR_SIZE3)
                                                          0.00       2.06 r
  FIFO_u/U1/U84/Y (AND2X2M)                               0.20       2.26 r
  FIFO_u/U1/U9/Y (NAND3X2M)                               0.27       2.52 f
  FIFO_u/U1/U33/Y (OAI2BB2X1M)                            0.31       2.83 f
  FIFO_u/U1/mem_reg[6][5]/D (DFFQX2M)                     0.00       2.83 f
  data arrival time                                                  2.83

  clock Ref_clk (rise edge)                              10.00      10.00
  clock network delay (ideal)                             0.00      10.00
  clock uncertainty                                      -0.20       9.80
  FIFO_u/U1/mem_reg[6][5]/CK (DFFQX2M)                    0.00       9.80 r
  library setup time                                     -0.19       9.61
  data required time                                                 9.61
  --------------------------------------------------------------------------
  data required time                                                 9.61
  data arrival time                                                 -2.83
  --------------------------------------------------------------------------
  slack (MET)                                                        6.78


  Startpoint: sys_ctrl_u/current_state_reg[3]
              (rising edge-triggered flip-flop clocked by Ref_clk)
  Endpoint: FIFO_u/U1/mem_reg[6][4]
            (rising edge-triggered flip-flop clocked by Ref_clk)
  Path Group: Ref_clk
  Path Type: max

  Point                                                   Incr       Path
  --------------------------------------------------------------------------
  clock Ref_clk (rise edge)                               0.00       0.00
  clock network delay (ideal)                             0.00       0.00
  sys_ctrl_u/current_state_reg[3]/CK (DFFRQX2M)           0.00       0.00 r
  sys_ctrl_u/current_state_reg[3]/Q (DFFRQX2M)            0.51       0.51 f
  sys_ctrl_u/U56/Y (NOR2X2M)                              0.23       0.73 r
  sys_ctrl_u/U22/Y (NAND2X2M)                             0.13       0.86 f
  sys_ctrl_u/U58/Y (NOR2BX2M)                             0.40       1.26 r
  sys_ctrl_u/U57/Y (NOR2BX2M)                             0.41       1.67 r
  sys_ctrl_u/U23/Y (OR3X2M)                               0.23       1.90 r
  sys_ctrl_u/TX_D_VLD (SYS_CTRL_WIDTH8_ALU_OUT_WIDTH16_ADDR4)
                                                          0.00       1.90 r
  FIFO_u/W_INC (FIFO_TOP_BUS_WIDTH8_DEPTH8_ADDR_WIDTH3_PTR_SIZE4)
                                                          0.00       1.90 r
  FIFO_u/U2/Y (NOR2BX2M)                                  0.15       2.06 r
  FIFO_u/U1/wr_en (FIFO_MEM_CNTRL_BUS_WIDTH8_DEPTH8_ADDR_SIZE3)
                                                          0.00       2.06 r
  FIFO_u/U1/U84/Y (AND2X2M)                               0.20       2.26 r
  FIFO_u/U1/U9/Y (NAND3X2M)                               0.27       2.52 f
  FIFO_u/U1/U32/Y (OAI2BB2X1M)                            0.31       2.83 f
  FIFO_u/U1/mem_reg[6][4]/D (DFFQX2M)                     0.00       2.83 f
  data arrival time                                                  2.83

  clock Ref_clk (rise edge)                              10.00      10.00
  clock network delay (ideal)                             0.00      10.00
  clock uncertainty                                      -0.20       9.80
  FIFO_u/U1/mem_reg[6][4]/CK (DFFQX2M)                    0.00       9.80 r
  library setup time                                     -0.19       9.61
  data required time                                                 9.61
  --------------------------------------------------------------------------
  data required time                                                 9.61
  data arrival time                                                 -2.83
  --------------------------------------------------------------------------
  slack (MET)                                                        6.78


  Startpoint: sys_ctrl_u/current_state_reg[3]
              (rising edge-triggered flip-flop clocked by Ref_clk)
  Endpoint: FIFO_u/U1/mem_reg[6][3]
            (rising edge-triggered flip-flop clocked by Ref_clk)
  Path Group: Ref_clk
  Path Type: max

  Point                                                   Incr       Path
  --------------------------------------------------------------------------
  clock Ref_clk (rise edge)                               0.00       0.00
  clock network delay (ideal)                             0.00       0.00
  sys_ctrl_u/current_state_reg[3]/CK (DFFRQX2M)           0.00       0.00 r
  sys_ctrl_u/current_state_reg[3]/Q (DFFRQX2M)            0.51       0.51 f
  sys_ctrl_u/U56/Y (NOR2X2M)                              0.23       0.73 r
  sys_ctrl_u/U22/Y (NAND2X2M)                             0.13       0.86 f
  sys_ctrl_u/U58/Y (NOR2BX2M)                             0.40       1.26 r
  sys_ctrl_u/U57/Y (NOR2BX2M)                             0.41       1.67 r
  sys_ctrl_u/U23/Y (OR3X2M)                               0.23       1.90 r
  sys_ctrl_u/TX_D_VLD (SYS_CTRL_WIDTH8_ALU_OUT_WIDTH16_ADDR4)
                                                          0.00       1.90 r
  FIFO_u/W_INC (FIFO_TOP_BUS_WIDTH8_DEPTH8_ADDR_WIDTH3_PTR_SIZE4)
                                                          0.00       1.90 r
  FIFO_u/U2/Y (NOR2BX2M)                                  0.15       2.06 r
  FIFO_u/U1/wr_en (FIFO_MEM_CNTRL_BUS_WIDTH8_DEPTH8_ADDR_SIZE3)
                                                          0.00       2.06 r
  FIFO_u/U1/U84/Y (AND2X2M)                               0.20       2.26 r
  FIFO_u/U1/U9/Y (NAND3X2M)                               0.27       2.52 f
  FIFO_u/U1/U31/Y (OAI2BB2X1M)                            0.31       2.83 f
  FIFO_u/U1/mem_reg[6][3]/D (DFFQX2M)                     0.00       2.83 f
  data arrival time                                                  2.83

  clock Ref_clk (rise edge)                              10.00      10.00
  clock network delay (ideal)                             0.00      10.00
  clock uncertainty                                      -0.20       9.80
  FIFO_u/U1/mem_reg[6][3]/CK (DFFQX2M)                    0.00       9.80 r
  library setup time                                     -0.19       9.61
  data required time                                                 9.61
  --------------------------------------------------------------------------
  data required time                                                 9.61
  data arrival time                                                 -2.83
  --------------------------------------------------------------------------
  slack (MET)                                                        6.78


  Startpoint: sys_ctrl_u/current_state_reg[3]
              (rising edge-triggered flip-flop clocked by Ref_clk)
  Endpoint: FIFO_u/U1/mem_reg[6][2]
            (rising edge-triggered flip-flop clocked by Ref_clk)
  Path Group: Ref_clk
  Path Type: max

  Point                                                   Incr       Path
  --------------------------------------------------------------------------
  clock Ref_clk (rise edge)                               0.00       0.00
  clock network delay (ideal)                             0.00       0.00
  sys_ctrl_u/current_state_reg[3]/CK (DFFRQX2M)           0.00       0.00 r
  sys_ctrl_u/current_state_reg[3]/Q (DFFRQX2M)            0.51       0.51 f
  sys_ctrl_u/U56/Y (NOR2X2M)                              0.23       0.73 r
  sys_ctrl_u/U22/Y (NAND2X2M)                             0.13       0.86 f
  sys_ctrl_u/U58/Y (NOR2BX2M)                             0.40       1.26 r
  sys_ctrl_u/U57/Y (NOR2BX2M)                             0.41       1.67 r
  sys_ctrl_u/U23/Y (OR3X2M)                               0.23       1.90 r
  sys_ctrl_u/TX_D_VLD (SYS_CTRL_WIDTH8_ALU_OUT_WIDTH16_ADDR4)
                                                          0.00       1.90 r
  FIFO_u/W_INC (FIFO_TOP_BUS_WIDTH8_DEPTH8_ADDR_WIDTH3_PTR_SIZE4)
                                                          0.00       1.90 r
  FIFO_u/U2/Y (NOR2BX2M)                                  0.15       2.06 r
  FIFO_u/U1/wr_en (FIFO_MEM_CNTRL_BUS_WIDTH8_DEPTH8_ADDR_SIZE3)
                                                          0.00       2.06 r
  FIFO_u/U1/U84/Y (AND2X2M)                               0.20       2.26 r
  FIFO_u/U1/U9/Y (NAND3X2M)                               0.27       2.52 f
  FIFO_u/U1/U30/Y (OAI2BB2X1M)                            0.31       2.83 f
  FIFO_u/U1/mem_reg[6][2]/D (DFFQX2M)                     0.00       2.83 f
  data arrival time                                                  2.83

  clock Ref_clk (rise edge)                              10.00      10.00
  clock network delay (ideal)                             0.00      10.00
  clock uncertainty                                      -0.20       9.80
  FIFO_u/U1/mem_reg[6][2]/CK (DFFQX2M)                    0.00       9.80 r
  library setup time                                     -0.19       9.61
  data required time                                                 9.61
  --------------------------------------------------------------------------
  data required time                                                 9.61
  data arrival time                                                 -2.83
  --------------------------------------------------------------------------
  slack (MET)                                                        6.78


  Startpoint: sys_ctrl_u/current_state_reg[3]
              (rising edge-triggered flip-flop clocked by Ref_clk)
  Endpoint: FIFO_u/U1/mem_reg[6][1]
            (rising edge-triggered flip-flop clocked by Ref_clk)
  Path Group: Ref_clk
  Path Type: max

  Point                                                   Incr       Path
  --------------------------------------------------------------------------
  clock Ref_clk (rise edge)                               0.00       0.00
  clock network delay (ideal)                             0.00       0.00
  sys_ctrl_u/current_state_reg[3]/CK (DFFRQX2M)           0.00       0.00 r
  sys_ctrl_u/current_state_reg[3]/Q (DFFRQX2M)            0.51       0.51 f
  sys_ctrl_u/U56/Y (NOR2X2M)                              0.23       0.73 r
  sys_ctrl_u/U22/Y (NAND2X2M)                             0.13       0.86 f
  sys_ctrl_u/U58/Y (NOR2BX2M)                             0.40       1.26 r
  sys_ctrl_u/U57/Y (NOR2BX2M)                             0.41       1.67 r
  sys_ctrl_u/U23/Y (OR3X2M)                               0.23       1.90 r
  sys_ctrl_u/TX_D_VLD (SYS_CTRL_WIDTH8_ALU_OUT_WIDTH16_ADDR4)
                                                          0.00       1.90 r
  FIFO_u/W_INC (FIFO_TOP_BUS_WIDTH8_DEPTH8_ADDR_WIDTH3_PTR_SIZE4)
                                                          0.00       1.90 r
  FIFO_u/U2/Y (NOR2BX2M)                                  0.15       2.06 r
  FIFO_u/U1/wr_en (FIFO_MEM_CNTRL_BUS_WIDTH8_DEPTH8_ADDR_SIZE3)
                                                          0.00       2.06 r
  FIFO_u/U1/U84/Y (AND2X2M)                               0.20       2.26 r
  FIFO_u/U1/U9/Y (NAND3X2M)                               0.27       2.52 f
  FIFO_u/U1/U29/Y (OAI2BB2X1M)                            0.31       2.83 f
  FIFO_u/U1/mem_reg[6][1]/D (DFFQX2M)                     0.00       2.83 f
  data arrival time                                                  2.83

  clock Ref_clk (rise edge)                              10.00      10.00
  clock network delay (ideal)                             0.00      10.00
  clock uncertainty                                      -0.20       9.80
  FIFO_u/U1/mem_reg[6][1]/CK (DFFQX2M)                    0.00       9.80 r
  library setup time                                     -0.19       9.61
  data required time                                                 9.61
  --------------------------------------------------------------------------
  data required time                                                 9.61
  data arrival time                                                 -2.83
  --------------------------------------------------------------------------
  slack (MET)                                                        6.78


  Startpoint: sys_ctrl_u/current_state_reg[3]
              (rising edge-triggered flip-flop clocked by Ref_clk)
  Endpoint: FIFO_u/U1/mem_reg[6][0]
            (rising edge-triggered flip-flop clocked by Ref_clk)
  Path Group: Ref_clk
  Path Type: max

  Point                                                   Incr       Path
  --------------------------------------------------------------------------
  clock Ref_clk (rise edge)                               0.00       0.00
  clock network delay (ideal)                             0.00       0.00
  sys_ctrl_u/current_state_reg[3]/CK (DFFRQX2M)           0.00       0.00 r
  sys_ctrl_u/current_state_reg[3]/Q (DFFRQX2M)            0.51       0.51 f
  sys_ctrl_u/U56/Y (NOR2X2M)                              0.23       0.73 r
  sys_ctrl_u/U22/Y (NAND2X2M)                             0.13       0.86 f
  sys_ctrl_u/U58/Y (NOR2BX2M)                             0.40       1.26 r
  sys_ctrl_u/U57/Y (NOR2BX2M)                             0.41       1.67 r
  sys_ctrl_u/U23/Y (OR3X2M)                               0.23       1.90 r
  sys_ctrl_u/TX_D_VLD (SYS_CTRL_WIDTH8_ALU_OUT_WIDTH16_ADDR4)
                                                          0.00       1.90 r
  FIFO_u/W_INC (FIFO_TOP_BUS_WIDTH8_DEPTH8_ADDR_WIDTH3_PTR_SIZE4)
                                                          0.00       1.90 r
  FIFO_u/U2/Y (NOR2BX2M)                                  0.15       2.06 r
  FIFO_u/U1/wr_en (FIFO_MEM_CNTRL_BUS_WIDTH8_DEPTH8_ADDR_SIZE3)
                                                          0.00       2.06 r
  FIFO_u/U1/U84/Y (AND2X2M)                               0.20       2.26 r
  FIFO_u/U1/U9/Y (NAND3X2M)                               0.27       2.52 f
  FIFO_u/U1/U28/Y (OAI2BB2X1M)                            0.31       2.83 f
  FIFO_u/U1/mem_reg[6][0]/D (DFFQX2M)                     0.00       2.83 f
  data arrival time                                                  2.83

  clock Ref_clk (rise edge)                              10.00      10.00
  clock network delay (ideal)                             0.00      10.00
  clock uncertainty                                      -0.20       9.80
  FIFO_u/U1/mem_reg[6][0]/CK (DFFQX2M)                    0.00       9.80 r
  library setup time                                     -0.19       9.61
  data required time                                                 9.61
  --------------------------------------------------------------------------
  data required time                                                 9.61
  data arrival time                                                 -2.83
  --------------------------------------------------------------------------
  slack (MET)                                                        6.78


  Startpoint: sys_ctrl_u/current_state_reg[3]
              (rising edge-triggered flip-flop clocked by Ref_clk)
  Endpoint: FIFO_u/U1/mem_reg[7][7]
            (rising edge-triggered flip-flop clocked by Ref_clk)
  Path Group: Ref_clk
  Path Type: max

  Point                                                   Incr       Path
  --------------------------------------------------------------------------
  clock Ref_clk (rise edge)                               0.00       0.00
  clock network delay (ideal)                             0.00       0.00
  sys_ctrl_u/current_state_reg[3]/CK (DFFRQX2M)           0.00       0.00 r
  sys_ctrl_u/current_state_reg[3]/Q (DFFRQX2M)            0.51       0.51 f
  sys_ctrl_u/U56/Y (NOR2X2M)                              0.23       0.73 r
  sys_ctrl_u/U22/Y (NAND2X2M)                             0.13       0.86 f
  sys_ctrl_u/U58/Y (NOR2BX2M)                             0.40       1.26 r
  sys_ctrl_u/U57/Y (NOR2BX2M)                             0.41       1.67 r
  sys_ctrl_u/U23/Y (OR3X2M)                               0.23       1.90 r
  sys_ctrl_u/TX_D_VLD (SYS_CTRL_WIDTH8_ALU_OUT_WIDTH16_ADDR4)
                                                          0.00       1.90 r
  FIFO_u/W_INC (FIFO_TOP_BUS_WIDTH8_DEPTH8_ADDR_WIDTH3_PTR_SIZE4)
                                                          0.00       1.90 r
  FIFO_u/U2/Y (NOR2BX2M)                                  0.15       2.06 r
  FIFO_u/U1/wr_en (FIFO_MEM_CNTRL_BUS_WIDTH8_DEPTH8_ADDR_SIZE3)
                                                          0.00       2.06 r
  FIFO_u/U1/U84/Y (AND2X2M)                               0.20       2.26 r
  FIFO_u/U1/U87/Y (NAND3X2M)                              0.09       2.35 f
  FIFO_u/U1/U2/Y (BUFX2M)                                 0.23       2.58 f
  FIFO_u/U1/U83/Y (OAI2BB2X1M)                            0.25       2.83 f
  FIFO_u/U1/mem_reg[7][7]/D (DFFQX2M)                     0.00       2.83 f
  data arrival time                                                  2.83

  clock Ref_clk (rise edge)                              10.00      10.00
  clock network delay (ideal)                             0.00      10.00
  clock uncertainty                                      -0.20       9.80
  FIFO_u/U1/mem_reg[7][7]/CK (DFFQX2M)                    0.00       9.80 r
  library setup time                                     -0.19       9.61
  data required time                                                 9.61
  --------------------------------------------------------------------------
  data required time                                                 9.61
  data arrival time                                                 -2.83
  --------------------------------------------------------------------------
  slack (MET)                                                        6.78


  Startpoint: sys_ctrl_u/current_state_reg[3]
              (rising edge-triggered flip-flop clocked by Ref_clk)
  Endpoint: FIFO_u/U1/mem_reg[7][6]
            (rising edge-triggered flip-flop clocked by Ref_clk)
  Path Group: Ref_clk
  Path Type: max

  Point                                                   Incr       Path
  --------------------------------------------------------------------------
  clock Ref_clk (rise edge)                               0.00       0.00
  clock network delay (ideal)                             0.00       0.00
  sys_ctrl_u/current_state_reg[3]/CK (DFFRQX2M)           0.00       0.00 r
  sys_ctrl_u/current_state_reg[3]/Q (DFFRQX2M)            0.51       0.51 f
  sys_ctrl_u/U56/Y (NOR2X2M)                              0.23       0.73 r
  sys_ctrl_u/U22/Y (NAND2X2M)                             0.13       0.86 f
  sys_ctrl_u/U58/Y (NOR2BX2M)                             0.40       1.26 r
  sys_ctrl_u/U57/Y (NOR2BX2M)                             0.41       1.67 r
  sys_ctrl_u/U23/Y (OR3X2M)                               0.23       1.90 r
  sys_ctrl_u/TX_D_VLD (SYS_CTRL_WIDTH8_ALU_OUT_WIDTH16_ADDR4)
                                                          0.00       1.90 r
  FIFO_u/W_INC (FIFO_TOP_BUS_WIDTH8_DEPTH8_ADDR_WIDTH3_PTR_SIZE4)
                                                          0.00       1.90 r
  FIFO_u/U2/Y (NOR2BX2M)                                  0.15       2.06 r
  FIFO_u/U1/wr_en (FIFO_MEM_CNTRL_BUS_WIDTH8_DEPTH8_ADDR_SIZE3)
                                                          0.00       2.06 r
  FIFO_u/U1/U84/Y (AND2X2M)                               0.20       2.26 r
  FIFO_u/U1/U87/Y (NAND3X2M)                              0.09       2.35 f
  FIFO_u/U1/U2/Y (BUFX2M)                                 0.23       2.58 f
  FIFO_u/U1/U82/Y (OAI2BB2X1M)                            0.25       2.83 f
  FIFO_u/U1/mem_reg[7][6]/D (DFFQX2M)                     0.00       2.83 f
  data arrival time                                                  2.83

  clock Ref_clk (rise edge)                              10.00      10.00
  clock network delay (ideal)                             0.00      10.00
  clock uncertainty                                      -0.20       9.80
  FIFO_u/U1/mem_reg[7][6]/CK (DFFQX2M)                    0.00       9.80 r
  library setup time                                     -0.19       9.61
  data required time                                                 9.61
  --------------------------------------------------------------------------
  data required time                                                 9.61
  data arrival time                                                 -2.83
  --------------------------------------------------------------------------
  slack (MET)                                                        6.78


  Startpoint: sys_ctrl_u/current_state_reg[3]
              (rising edge-triggered flip-flop clocked by Ref_clk)
  Endpoint: FIFO_u/U1/mem_reg[7][5]
            (rising edge-triggered flip-flop clocked by Ref_clk)
  Path Group: Ref_clk
  Path Type: max

  Point                                                   Incr       Path
  --------------------------------------------------------------------------
  clock Ref_clk (rise edge)                               0.00       0.00
  clock network delay (ideal)                             0.00       0.00
  sys_ctrl_u/current_state_reg[3]/CK (DFFRQX2M)           0.00       0.00 r
  sys_ctrl_u/current_state_reg[3]/Q (DFFRQX2M)            0.51       0.51 f
  sys_ctrl_u/U56/Y (NOR2X2M)                              0.23       0.73 r
  sys_ctrl_u/U22/Y (NAND2X2M)                             0.13       0.86 f
  sys_ctrl_u/U58/Y (NOR2BX2M)                             0.40       1.26 r
  sys_ctrl_u/U57/Y (NOR2BX2M)                             0.41       1.67 r
  sys_ctrl_u/U23/Y (OR3X2M)                               0.23       1.90 r
  sys_ctrl_u/TX_D_VLD (SYS_CTRL_WIDTH8_ALU_OUT_WIDTH16_ADDR4)
                                                          0.00       1.90 r
  FIFO_u/W_INC (FIFO_TOP_BUS_WIDTH8_DEPTH8_ADDR_WIDTH3_PTR_SIZE4)
                                                          0.00       1.90 r
  FIFO_u/U2/Y (NOR2BX2M)                                  0.15       2.06 r
  FIFO_u/U1/wr_en (FIFO_MEM_CNTRL_BUS_WIDTH8_DEPTH8_ADDR_SIZE3)
                                                          0.00       2.06 r
  FIFO_u/U1/U84/Y (AND2X2M)                               0.20       2.26 r
  FIFO_u/U1/U87/Y (NAND3X2M)                              0.09       2.35 f
  FIFO_u/U1/U2/Y (BUFX2M)                                 0.23       2.58 f
  FIFO_u/U1/U81/Y (OAI2BB2X1M)                            0.25       2.83 f
  FIFO_u/U1/mem_reg[7][5]/D (DFFQX2M)                     0.00       2.83 f
  data arrival time                                                  2.83

  clock Ref_clk (rise edge)                              10.00      10.00
  clock network delay (ideal)                             0.00      10.00
  clock uncertainty                                      -0.20       9.80
  FIFO_u/U1/mem_reg[7][5]/CK (DFFQX2M)                    0.00       9.80 r
  library setup time                                     -0.19       9.61
  data required time                                                 9.61
  --------------------------------------------------------------------------
  data required time                                                 9.61
  data arrival time                                                 -2.83
  --------------------------------------------------------------------------
  slack (MET)                                                        6.78


  Startpoint: sys_ctrl_u/current_state_reg[3]
              (rising edge-triggered flip-flop clocked by Ref_clk)
  Endpoint: FIFO_u/U1/mem_reg[7][4]
            (rising edge-triggered flip-flop clocked by Ref_clk)
  Path Group: Ref_clk
  Path Type: max

  Point                                                   Incr       Path
  --------------------------------------------------------------------------
  clock Ref_clk (rise edge)                               0.00       0.00
  clock network delay (ideal)                             0.00       0.00
  sys_ctrl_u/current_state_reg[3]/CK (DFFRQX2M)           0.00       0.00 r
  sys_ctrl_u/current_state_reg[3]/Q (DFFRQX2M)            0.51       0.51 f
  sys_ctrl_u/U56/Y (NOR2X2M)                              0.23       0.73 r
  sys_ctrl_u/U22/Y (NAND2X2M)                             0.13       0.86 f
  sys_ctrl_u/U58/Y (NOR2BX2M)                             0.40       1.26 r
  sys_ctrl_u/U57/Y (NOR2BX2M)                             0.41       1.67 r
  sys_ctrl_u/U23/Y (OR3X2M)                               0.23       1.90 r
  sys_ctrl_u/TX_D_VLD (SYS_CTRL_WIDTH8_ALU_OUT_WIDTH16_ADDR4)
                                                          0.00       1.90 r
  FIFO_u/W_INC (FIFO_TOP_BUS_WIDTH8_DEPTH8_ADDR_WIDTH3_PTR_SIZE4)
                                                          0.00       1.90 r
  FIFO_u/U2/Y (NOR2BX2M)                                  0.15       2.06 r
  FIFO_u/U1/wr_en (FIFO_MEM_CNTRL_BUS_WIDTH8_DEPTH8_ADDR_SIZE3)
                                                          0.00       2.06 r
  FIFO_u/U1/U84/Y (AND2X2M)                               0.20       2.26 r
  FIFO_u/U1/U87/Y (NAND3X2M)                              0.09       2.35 f
  FIFO_u/U1/U2/Y (BUFX2M)                                 0.23       2.58 f
  FIFO_u/U1/U80/Y (OAI2BB2X1M)                            0.25       2.83 f
  FIFO_u/U1/mem_reg[7][4]/D (DFFQX2M)                     0.00       2.83 f
  data arrival time                                                  2.83

  clock Ref_clk (rise edge)                              10.00      10.00
  clock network delay (ideal)                             0.00      10.00
  clock uncertainty                                      -0.20       9.80
  FIFO_u/U1/mem_reg[7][4]/CK (DFFQX2M)                    0.00       9.80 r
  library setup time                                     -0.19       9.61
  data required time                                                 9.61
  --------------------------------------------------------------------------
  data required time                                                 9.61
  data arrival time                                                 -2.83
  --------------------------------------------------------------------------
  slack (MET)                                                        6.78


  Startpoint: sys_ctrl_u/current_state_reg[3]
              (rising edge-triggered flip-flop clocked by Ref_clk)
  Endpoint: FIFO_u/U1/mem_reg[7][3]
            (rising edge-triggered flip-flop clocked by Ref_clk)
  Path Group: Ref_clk
  Path Type: max

  Point                                                   Incr       Path
  --------------------------------------------------------------------------
  clock Ref_clk (rise edge)                               0.00       0.00
  clock network delay (ideal)                             0.00       0.00
  sys_ctrl_u/current_state_reg[3]/CK (DFFRQX2M)           0.00       0.00 r
  sys_ctrl_u/current_state_reg[3]/Q (DFFRQX2M)            0.51       0.51 f
  sys_ctrl_u/U56/Y (NOR2X2M)                              0.23       0.73 r
  sys_ctrl_u/U22/Y (NAND2X2M)                             0.13       0.86 f
  sys_ctrl_u/U58/Y (NOR2BX2M)                             0.40       1.26 r
  sys_ctrl_u/U57/Y (NOR2BX2M)                             0.41       1.67 r
  sys_ctrl_u/U23/Y (OR3X2M)                               0.23       1.90 r
  sys_ctrl_u/TX_D_VLD (SYS_CTRL_WIDTH8_ALU_OUT_WIDTH16_ADDR4)
                                                          0.00       1.90 r
  FIFO_u/W_INC (FIFO_TOP_BUS_WIDTH8_DEPTH8_ADDR_WIDTH3_PTR_SIZE4)
                                                          0.00       1.90 r
  FIFO_u/U2/Y (NOR2BX2M)                                  0.15       2.06 r
  FIFO_u/U1/wr_en (FIFO_MEM_CNTRL_BUS_WIDTH8_DEPTH8_ADDR_SIZE3)
                                                          0.00       2.06 r
  FIFO_u/U1/U84/Y (AND2X2M)                               0.20       2.26 r
  FIFO_u/U1/U87/Y (NAND3X2M)                              0.09       2.35 f
  FIFO_u/U1/U2/Y (BUFX2M)                                 0.23       2.58 f
  FIFO_u/U1/U79/Y (OAI2BB2X1M)                            0.25       2.83 f
  FIFO_u/U1/mem_reg[7][3]/D (DFFQX2M)                     0.00       2.83 f
  data arrival time                                                  2.83

  clock Ref_clk (rise edge)                              10.00      10.00
  clock network delay (ideal)                             0.00      10.00
  clock uncertainty                                      -0.20       9.80
  FIFO_u/U1/mem_reg[7][3]/CK (DFFQX2M)                    0.00       9.80 r
  library setup time                                     -0.19       9.61
  data required time                                                 9.61
  --------------------------------------------------------------------------
  data required time                                                 9.61
  data arrival time                                                 -2.83
  --------------------------------------------------------------------------
  slack (MET)                                                        6.78


  Startpoint: sys_ctrl_u/current_state_reg[3]
              (rising edge-triggered flip-flop clocked by Ref_clk)
  Endpoint: FIFO_u/U1/mem_reg[7][2]
            (rising edge-triggered flip-flop clocked by Ref_clk)
  Path Group: Ref_clk
  Path Type: max

  Point                                                   Incr       Path
  --------------------------------------------------------------------------
  clock Ref_clk (rise edge)                               0.00       0.00
  clock network delay (ideal)                             0.00       0.00
  sys_ctrl_u/current_state_reg[3]/CK (DFFRQX2M)           0.00       0.00 r
  sys_ctrl_u/current_state_reg[3]/Q (DFFRQX2M)            0.51       0.51 f
  sys_ctrl_u/U56/Y (NOR2X2M)                              0.23       0.73 r
  sys_ctrl_u/U22/Y (NAND2X2M)                             0.13       0.86 f
  sys_ctrl_u/U58/Y (NOR2BX2M)                             0.40       1.26 r
  sys_ctrl_u/U57/Y (NOR2BX2M)                             0.41       1.67 r
  sys_ctrl_u/U23/Y (OR3X2M)                               0.23       1.90 r
  sys_ctrl_u/TX_D_VLD (SYS_CTRL_WIDTH8_ALU_OUT_WIDTH16_ADDR4)
                                                          0.00       1.90 r
  FIFO_u/W_INC (FIFO_TOP_BUS_WIDTH8_DEPTH8_ADDR_WIDTH3_PTR_SIZE4)
                                                          0.00       1.90 r
  FIFO_u/U2/Y (NOR2BX2M)                                  0.15       2.06 r
  FIFO_u/U1/wr_en (FIFO_MEM_CNTRL_BUS_WIDTH8_DEPTH8_ADDR_SIZE3)
                                                          0.00       2.06 r
  FIFO_u/U1/U84/Y (AND2X2M)                               0.20       2.26 r
  FIFO_u/U1/U87/Y (NAND3X2M)                              0.09       2.35 f
  FIFO_u/U1/U2/Y (BUFX2M)                                 0.23       2.58 f
  FIFO_u/U1/U78/Y (OAI2BB2X1M)                            0.25       2.83 f
  FIFO_u/U1/mem_reg[7][2]/D (DFFQX2M)                     0.00       2.83 f
  data arrival time                                                  2.83

  clock Ref_clk (rise edge)                              10.00      10.00
  clock network delay (ideal)                             0.00      10.00
  clock uncertainty                                      -0.20       9.80
  FIFO_u/U1/mem_reg[7][2]/CK (DFFQX2M)                    0.00       9.80 r
  library setup time                                     -0.19       9.61
  data required time                                                 9.61
  --------------------------------------------------------------------------
  data required time                                                 9.61
  data arrival time                                                 -2.83
  --------------------------------------------------------------------------
  slack (MET)                                                        6.78


  Startpoint: sys_ctrl_u/current_state_reg[3]
              (rising edge-triggered flip-flop clocked by Ref_clk)
  Endpoint: FIFO_u/U1/mem_reg[7][1]
            (rising edge-triggered flip-flop clocked by Ref_clk)
  Path Group: Ref_clk
  Path Type: max

  Point                                                   Incr       Path
  --------------------------------------------------------------------------
  clock Ref_clk (rise edge)                               0.00       0.00
  clock network delay (ideal)                             0.00       0.00
  sys_ctrl_u/current_state_reg[3]/CK (DFFRQX2M)           0.00       0.00 r
  sys_ctrl_u/current_state_reg[3]/Q (DFFRQX2M)            0.51       0.51 f
  sys_ctrl_u/U56/Y (NOR2X2M)                              0.23       0.73 r
  sys_ctrl_u/U22/Y (NAND2X2M)                             0.13       0.86 f
  sys_ctrl_u/U58/Y (NOR2BX2M)                             0.40       1.26 r
  sys_ctrl_u/U57/Y (NOR2BX2M)                             0.41       1.67 r
  sys_ctrl_u/U23/Y (OR3X2M)                               0.23       1.90 r
  sys_ctrl_u/TX_D_VLD (SYS_CTRL_WIDTH8_ALU_OUT_WIDTH16_ADDR4)
                                                          0.00       1.90 r
  FIFO_u/W_INC (FIFO_TOP_BUS_WIDTH8_DEPTH8_ADDR_WIDTH3_PTR_SIZE4)
                                                          0.00       1.90 r
  FIFO_u/U2/Y (NOR2BX2M)                                  0.15       2.06 r
  FIFO_u/U1/wr_en (FIFO_MEM_CNTRL_BUS_WIDTH8_DEPTH8_ADDR_SIZE3)
                                                          0.00       2.06 r
  FIFO_u/U1/U84/Y (AND2X2M)                               0.20       2.26 r
  FIFO_u/U1/U87/Y (NAND3X2M)                              0.09       2.35 f
  FIFO_u/U1/U2/Y (BUFX2M)                                 0.23       2.58 f
  FIFO_u/U1/U77/Y (OAI2BB2X1M)                            0.25       2.83 f
  FIFO_u/U1/mem_reg[7][1]/D (DFFQX2M)                     0.00       2.83 f
  data arrival time                                                  2.83

  clock Ref_clk (rise edge)                              10.00      10.00
  clock network delay (ideal)                             0.00      10.00
  clock uncertainty                                      -0.20       9.80
  FIFO_u/U1/mem_reg[7][1]/CK (DFFQX2M)                    0.00       9.80 r
  library setup time                                     -0.19       9.61
  data required time                                                 9.61
  --------------------------------------------------------------------------
  data required time                                                 9.61
  data arrival time                                                 -2.83
  --------------------------------------------------------------------------
  slack (MET)                                                        6.78


  Startpoint: sys_ctrl_u/current_state_reg[3]
              (rising edge-triggered flip-flop clocked by Ref_clk)
  Endpoint: FIFO_u/U1/mem_reg[7][0]
            (rising edge-triggered flip-flop clocked by Ref_clk)
  Path Group: Ref_clk
  Path Type: max

  Point                                                   Incr       Path
  --------------------------------------------------------------------------
  clock Ref_clk (rise edge)                               0.00       0.00
  clock network delay (ideal)                             0.00       0.00
  sys_ctrl_u/current_state_reg[3]/CK (DFFRQX2M)           0.00       0.00 r
  sys_ctrl_u/current_state_reg[3]/Q (DFFRQX2M)            0.51       0.51 f
  sys_ctrl_u/U56/Y (NOR2X2M)                              0.23       0.73 r
  sys_ctrl_u/U22/Y (NAND2X2M)                             0.13       0.86 f
  sys_ctrl_u/U58/Y (NOR2BX2M)                             0.40       1.26 r
  sys_ctrl_u/U57/Y (NOR2BX2M)                             0.41       1.67 r
  sys_ctrl_u/U23/Y (OR3X2M)                               0.23       1.90 r
  sys_ctrl_u/TX_D_VLD (SYS_CTRL_WIDTH8_ALU_OUT_WIDTH16_ADDR4)
                                                          0.00       1.90 r
  FIFO_u/W_INC (FIFO_TOP_BUS_WIDTH8_DEPTH8_ADDR_WIDTH3_PTR_SIZE4)
                                                          0.00       1.90 r
  FIFO_u/U2/Y (NOR2BX2M)                                  0.15       2.06 r
  FIFO_u/U1/wr_en (FIFO_MEM_CNTRL_BUS_WIDTH8_DEPTH8_ADDR_SIZE3)
                                                          0.00       2.06 r
  FIFO_u/U1/U84/Y (AND2X2M)                               0.20       2.26 r
  FIFO_u/U1/U87/Y (NAND3X2M)                              0.09       2.35 f
  FIFO_u/U1/U2/Y (BUFX2M)                                 0.23       2.58 f
  FIFO_u/U1/U76/Y (OAI2BB2X1M)                            0.25       2.83 f
  FIFO_u/U1/mem_reg[7][0]/D (DFFQX2M)                     0.00       2.83 f
  data arrival time                                                  2.83

  clock Ref_clk (rise edge)                              10.00      10.00
  clock network delay (ideal)                             0.00      10.00
  clock uncertainty                                      -0.20       9.80
  FIFO_u/U1/mem_reg[7][0]/CK (DFFQX2M)                    0.00       9.80 r
  library setup time                                     -0.19       9.61
  data required time                                                 9.61
  --------------------------------------------------------------------------
  data required time                                                 9.61
  data arrival time                                                 -2.83
  --------------------------------------------------------------------------
  slack (MET)                                                        6.78


  Startpoint: sys_ctrl_u/current_state_reg[3]
              (rising edge-triggered flip-flop clocked by Ref_clk)
  Endpoint: Regfile_u/reg_file_reg[1][5]
            (rising edge-triggered flip-flop clocked by Ref_clk)
  Path Group: Ref_clk
  Path Type: max

  Point                                                   Incr       Path
  --------------------------------------------------------------------------
  clock Ref_clk (rise edge)                               0.00       0.00
  clock network delay (ideal)                             0.00       0.00
  sys_ctrl_u/current_state_reg[3]/CK (DFFRQX2M)           0.00       0.00 r
  sys_ctrl_u/current_state_reg[3]/Q (DFFRQX2M)            0.51       0.51 f
  sys_ctrl_u/U55/Y (INVX2M)                               0.09       0.60 r
  sys_ctrl_u/U53/Y (NAND2X2M)                             0.11       0.71 f
  sys_ctrl_u/U17/Y (NOR3X2M)                              0.26       0.98 r
  sys_ctrl_u/U61/Y (NAND2X2M)                             0.15       1.13 f
  sys_ctrl_u/U43/Y (INVX2M)                               0.10       1.23 r
  sys_ctrl_u/U81/Y (AO22X1M)                              0.24       1.47 r
  sys_ctrl_u/WrEn (SYS_CTRL_WIDTH8_ALU_OUT_WIDTH16_ADDR4)
                                                          0.00       1.47 r
  Regfile_u/WrEn (Register_WIDTH8_DEPTH16_ADDRESS4)       0.00       1.47 r
  Regfile_u/U73/Y (INVX2M)                                0.07       1.54 f
  Regfile_u/U56/Y (NOR2X2M)                               0.12       1.66 r
  Regfile_u/U59/Y (NOR2BX2M)                              0.17       1.83 r
  Regfile_u/U58/Y (AND2X2M)                               0.21       2.04 r
  Regfile_u/U40/Y (INVX2M)                                0.06       2.10 f
  Regfile_u/U5/Y (NOR2X2M)                                0.32       2.42 r
  Regfile_u/U204/Y (MX2XLM)                               0.32       2.74 f
  Regfile_u/reg_file_reg[1][5]/D (DFFRHQX2M)              0.00       2.74 f
  data arrival time                                                  2.74

  clock Ref_clk (rise edge)                              10.00      10.00
  clock network delay (ideal)                             0.00      10.00
  clock uncertainty                                      -0.20       9.80
  Regfile_u/reg_file_reg[1][5]/CK (DFFRHQX2M)             0.00       9.80 r
  library setup time                                     -0.21       9.59
  data required time                                                 9.59
  --------------------------------------------------------------------------
  data required time                                                 9.59
  data arrival time                                                 -2.74
  --------------------------------------------------------------------------
  slack (MET)                                                        6.85


  Startpoint: sys_ctrl_u/current_state_reg[3]
              (rising edge-triggered flip-flop clocked by Ref_clk)
  Endpoint: Regfile_u/reg_file_reg[1][3]
            (rising edge-triggered flip-flop clocked by Ref_clk)
  Path Group: Ref_clk
  Path Type: max

  Point                                                   Incr       Path
  --------------------------------------------------------------------------
  clock Ref_clk (rise edge)                               0.00       0.00
  clock network delay (ideal)                             0.00       0.00
  sys_ctrl_u/current_state_reg[3]/CK (DFFRQX2M)           0.00       0.00 r
  sys_ctrl_u/current_state_reg[3]/Q (DFFRQX2M)            0.51       0.51 f
  sys_ctrl_u/U55/Y (INVX2M)                               0.09       0.60 r
  sys_ctrl_u/U53/Y (NAND2X2M)                             0.11       0.71 f
  sys_ctrl_u/U17/Y (NOR3X2M)                              0.26       0.98 r
  sys_ctrl_u/U61/Y (NAND2X2M)                             0.15       1.13 f
  sys_ctrl_u/U43/Y (INVX2M)                               0.10       1.23 r
  sys_ctrl_u/U81/Y (AO22X1M)                              0.24       1.47 r
  sys_ctrl_u/WrEn (SYS_CTRL_WIDTH8_ALU_OUT_WIDTH16_ADDR4)
                                                          0.00       1.47 r
  Regfile_u/WrEn (Register_WIDTH8_DEPTH16_ADDRESS4)       0.00       1.47 r
  Regfile_u/U73/Y (INVX2M)                                0.07       1.54 f
  Regfile_u/U56/Y (NOR2X2M)                               0.12       1.66 r
  Regfile_u/U59/Y (NOR2BX2M)                              0.17       1.83 r
  Regfile_u/U58/Y (AND2X2M)                               0.21       2.04 r
  Regfile_u/U40/Y (INVX2M)                                0.06       2.10 f
  Regfile_u/U5/Y (NOR2X2M)                                0.32       2.42 r
  Regfile_u/U207/Y (MX2XLM)                               0.32       2.74 f
  Regfile_u/reg_file_reg[1][3]/D (DFFRHQX2M)              0.00       2.74 f
  data arrival time                                                  2.74

  clock Ref_clk (rise edge)                              10.00      10.00
  clock network delay (ideal)                             0.00      10.00
  clock uncertainty                                      -0.20       9.80
  Regfile_u/reg_file_reg[1][3]/CK (DFFRHQX2M)             0.00       9.80 r
  library setup time                                     -0.21       9.59
  data required time                                                 9.59
  --------------------------------------------------------------------------
  data required time                                                 9.59
  data arrival time                                                 -2.74
  --------------------------------------------------------------------------
  slack (MET)                                                        6.85


  Startpoint: sys_ctrl_u/current_state_reg[3]
              (rising edge-triggered flip-flop clocked by Ref_clk)
  Endpoint: Regfile_u/reg_file_reg[1][4]
            (rising edge-triggered flip-flop clocked by Ref_clk)
  Path Group: Ref_clk
  Path Type: max

  Point                                                   Incr       Path
  --------------------------------------------------------------------------
  clock Ref_clk (rise edge)                               0.00       0.00
  clock network delay (ideal)                             0.00       0.00
  sys_ctrl_u/current_state_reg[3]/CK (DFFRQX2M)           0.00       0.00 r
  sys_ctrl_u/current_state_reg[3]/Q (DFFRQX2M)            0.51       0.51 f
  sys_ctrl_u/U55/Y (INVX2M)                               0.09       0.60 r
  sys_ctrl_u/U53/Y (NAND2X2M)                             0.11       0.71 f
  sys_ctrl_u/U17/Y (NOR3X2M)                              0.26       0.98 r
  sys_ctrl_u/U61/Y (NAND2X2M)                             0.15       1.13 f
  sys_ctrl_u/U43/Y (INVX2M)                               0.10       1.23 r
  sys_ctrl_u/U81/Y (AO22X1M)                              0.24       1.47 r
  sys_ctrl_u/WrEn (SYS_CTRL_WIDTH8_ALU_OUT_WIDTH16_ADDR4)
                                                          0.00       1.47 r
  Regfile_u/WrEn (Register_WIDTH8_DEPTH16_ADDRESS4)       0.00       1.47 r
  Regfile_u/U73/Y (INVX2M)                                0.07       1.54 f
  Regfile_u/U56/Y (NOR2X2M)                               0.12       1.66 r
  Regfile_u/U59/Y (NOR2BX2M)                              0.17       1.83 r
  Regfile_u/U58/Y (AND2X2M)                               0.21       2.04 r
  Regfile_u/U40/Y (INVX2M)                                0.06       2.10 f
  Regfile_u/U5/Y (NOR2X2M)                                0.32       2.42 r
  Regfile_u/U208/Y (MX2XLM)                               0.32       2.74 f
  Regfile_u/reg_file_reg[1][4]/D (DFFRHQX2M)              0.00       2.74 f
  data arrival time                                                  2.74

  clock Ref_clk (rise edge)                              10.00      10.00
  clock network delay (ideal)                             0.00      10.00
  clock uncertainty                                      -0.20       9.80
  Regfile_u/reg_file_reg[1][4]/CK (DFFRHQX2M)             0.00       9.80 r
  library setup time                                     -0.21       9.59
  data required time                                                 9.59
  --------------------------------------------------------------------------
  data required time                                                 9.59
  data arrival time                                                 -2.74
  --------------------------------------------------------------------------
  slack (MET)                                                        6.85


  Startpoint: sys_ctrl_u/current_state_reg[3]
              (rising edge-triggered flip-flop clocked by Ref_clk)
  Endpoint: Regfile_u/reg_file_reg[1][7]
            (rising edge-triggered flip-flop clocked by Ref_clk)
  Path Group: Ref_clk
  Path Type: max

  Point                                                   Incr       Path
  --------------------------------------------------------------------------
  clock Ref_clk (rise edge)                               0.00       0.00
  clock network delay (ideal)                             0.00       0.00
  sys_ctrl_u/current_state_reg[3]/CK (DFFRQX2M)           0.00       0.00 r
  sys_ctrl_u/current_state_reg[3]/Q (DFFRQX2M)            0.51       0.51 f
  sys_ctrl_u/U55/Y (INVX2M)                               0.09       0.60 r
  sys_ctrl_u/U53/Y (NAND2X2M)                             0.11       0.71 f
  sys_ctrl_u/U17/Y (NOR3X2M)                              0.26       0.98 r
  sys_ctrl_u/U61/Y (NAND2X2M)                             0.15       1.13 f
  sys_ctrl_u/U43/Y (INVX2M)                               0.10       1.23 r
  sys_ctrl_u/U81/Y (AO22X1M)                              0.24       1.47 r
  sys_ctrl_u/WrEn (SYS_CTRL_WIDTH8_ALU_OUT_WIDTH16_ADDR4)
                                                          0.00       1.47 r
  Regfile_u/WrEn (Register_WIDTH8_DEPTH16_ADDRESS4)       0.00       1.47 r
  Regfile_u/U73/Y (INVX2M)                                0.07       1.54 f
  Regfile_u/U56/Y (NOR2X2M)                               0.12       1.66 r
  Regfile_u/U59/Y (NOR2BX2M)                              0.17       1.83 r
  Regfile_u/U58/Y (AND2X2M)                               0.21       2.04 r
  Regfile_u/U40/Y (INVX2M)                                0.06       2.10 f
  Regfile_u/U5/Y (NOR2X2M)                                0.32       2.42 r
  Regfile_u/U317/Y (MX2XLM)                               0.34       2.76 f
  Regfile_u/reg_file_reg[1][7]/D (DFFRHQX4M)              0.00       2.76 f
  data arrival time                                                  2.76

  clock Ref_clk (rise edge)                              10.00      10.00
  clock network delay (ideal)                             0.00      10.00
  clock uncertainty                                      -0.20       9.80
  Regfile_u/reg_file_reg[1][7]/CK (DFFRHQX4M)             0.00       9.80 r
  library setup time                                     -0.18       9.62
  data required time                                                 9.62
  --------------------------------------------------------------------------
  data required time                                                 9.62
  data arrival time                                                 -2.76
  --------------------------------------------------------------------------
  slack (MET)                                                        6.85


  Startpoint: sys_ctrl_u/current_state_reg[3]
              (rising edge-triggered flip-flop clocked by Ref_clk)
  Endpoint: Regfile_u/reg_file_reg[1][6]
            (rising edge-triggered flip-flop clocked by Ref_clk)
  Path Group: Ref_clk
  Path Type: max

  Point                                                   Incr       Path
  --------------------------------------------------------------------------
  clock Ref_clk (rise edge)                               0.00       0.00
  clock network delay (ideal)                             0.00       0.00
  sys_ctrl_u/current_state_reg[3]/CK (DFFRQX2M)           0.00       0.00 r
  sys_ctrl_u/current_state_reg[3]/Q (DFFRQX2M)            0.51       0.51 f
  sys_ctrl_u/U55/Y (INVX2M)                               0.09       0.60 r
  sys_ctrl_u/U53/Y (NAND2X2M)                             0.11       0.71 f
  sys_ctrl_u/U17/Y (NOR3X2M)                              0.26       0.98 r
  sys_ctrl_u/U61/Y (NAND2X2M)                             0.15       1.13 f
  sys_ctrl_u/U43/Y (INVX2M)                               0.10       1.23 r
  sys_ctrl_u/U81/Y (AO22X1M)                              0.24       1.47 r
  sys_ctrl_u/WrEn (SYS_CTRL_WIDTH8_ALU_OUT_WIDTH16_ADDR4)
                                                          0.00       1.47 r
  Regfile_u/WrEn (Register_WIDTH8_DEPTH16_ADDRESS4)       0.00       1.47 r
  Regfile_u/U73/Y (INVX2M)                                0.07       1.54 f
  Regfile_u/U56/Y (NOR2X2M)                               0.12       1.66 r
  Regfile_u/U59/Y (NOR2BX2M)                              0.17       1.83 r
  Regfile_u/U58/Y (AND2X2M)                               0.21       2.04 r
  Regfile_u/U40/Y (INVX2M)                                0.06       2.10 f
  Regfile_u/U5/Y (NOR2X2M)                                0.32       2.42 r
  Regfile_u/U209/Y (MX2XLM)                               0.34       2.76 f
  Regfile_u/reg_file_reg[1][6]/D (DFFRHQX4M)              0.00       2.76 f
  data arrival time                                                  2.76

  clock Ref_clk (rise edge)                              10.00      10.00
  clock network delay (ideal)                             0.00      10.00
  clock uncertainty                                      -0.20       9.80
  Regfile_u/reg_file_reg[1][6]/CK (DFFRHQX4M)             0.00       9.80 r
  library setup time                                     -0.18       9.62
  data required time                                                 9.62
  --------------------------------------------------------------------------
  data required time                                                 9.62
  data arrival time                                                 -2.76
  --------------------------------------------------------------------------
  slack (MET)                                                        6.85


  Startpoint: sys_ctrl_u/current_state_reg[3]
              (rising edge-triggered flip-flop clocked by Ref_clk)
  Endpoint: Regfile_u/reg_file_reg[1][0]
            (rising edge-triggered flip-flop clocked by Ref_clk)
  Path Group: Ref_clk
  Path Type: max

  Point                                                   Incr       Path
  --------------------------------------------------------------------------
  clock Ref_clk (rise edge)                               0.00       0.00
  clock network delay (ideal)                             0.00       0.00
  sys_ctrl_u/current_state_reg[3]/CK (DFFRQX2M)           0.00       0.00 r
  sys_ctrl_u/current_state_reg[3]/Q (DFFRQX2M)            0.51       0.51 f
  sys_ctrl_u/U55/Y (INVX2M)                               0.09       0.60 r
  sys_ctrl_u/U53/Y (NAND2X2M)                             0.11       0.71 f
  sys_ctrl_u/U17/Y (NOR3X2M)                              0.26       0.98 r
  sys_ctrl_u/U61/Y (NAND2X2M)                             0.15       1.13 f
  sys_ctrl_u/U43/Y (INVX2M)                               0.10       1.23 r
  sys_ctrl_u/U81/Y (AO22X1M)                              0.24       1.47 r
  sys_ctrl_u/WrEn (SYS_CTRL_WIDTH8_ALU_OUT_WIDTH16_ADDR4)
                                                          0.00       1.47 r
  Regfile_u/WrEn (Register_WIDTH8_DEPTH16_ADDRESS4)       0.00       1.47 r
  Regfile_u/U73/Y (INVX2M)                                0.07       1.54 f
  Regfile_u/U56/Y (NOR2X2M)                               0.12       1.66 r
  Regfile_u/U59/Y (NOR2BX2M)                              0.17       1.83 r
  Regfile_u/U58/Y (AND2X2M)                               0.21       2.04 r
  Regfile_u/U40/Y (INVX2M)                                0.06       2.10 f
  Regfile_u/U5/Y (NOR2X2M)                                0.32       2.42 r
  Regfile_u/U318/Y (MX2XLM)                               0.34       2.76 f
  Regfile_u/reg_file_reg[1][0]/D (DFFRHQX4M)              0.00       2.76 f
  data arrival time                                                  2.76

  clock Ref_clk (rise edge)                              10.00      10.00
  clock network delay (ideal)                             0.00      10.00
  clock uncertainty                                      -0.20       9.80
  Regfile_u/reg_file_reg[1][0]/CK (DFFRHQX4M)             0.00       9.80 r
  library setup time                                     -0.18       9.62
  data required time                                                 9.62
  --------------------------------------------------------------------------
  data required time                                                 9.62
  data arrival time                                                 -2.76
  --------------------------------------------------------------------------
  slack (MET)                                                        6.85


  Startpoint: sys_ctrl_u/current_state_reg[3]
              (rising edge-triggered flip-flop clocked by Ref_clk)
  Endpoint: FIFO_u/U4/WR_PTR_BIN_reg[3]
            (rising edge-triggered flip-flop clocked by Ref_clk)
  Path Group: Ref_clk
  Path Type: max

  Point                                                   Incr       Path
  --------------------------------------------------------------------------
  clock Ref_clk (rise edge)                               0.00       0.00
  clock network delay (ideal)                             0.00       0.00
  sys_ctrl_u/current_state_reg[3]/CK (DFFRQX2M)           0.00       0.00 r
  sys_ctrl_u/current_state_reg[3]/Q (DFFRQX2M)            0.51       0.51 f
  sys_ctrl_u/U56/Y (NOR2X2M)                              0.23       0.73 r
  sys_ctrl_u/U22/Y (NAND2X2M)                             0.13       0.86 f
  sys_ctrl_u/U58/Y (NOR2BX2M)                             0.40       1.26 r
  sys_ctrl_u/U57/Y (NOR2BX2M)                             0.41       1.67 r
  sys_ctrl_u/U23/Y (OR3X2M)                               0.23       1.90 r
  sys_ctrl_u/TX_D_VLD (SYS_CTRL_WIDTH8_ALU_OUT_WIDTH16_ADDR4)
                                                          0.00       1.90 r
  FIFO_u/W_INC (FIFO_TOP_BUS_WIDTH8_DEPTH8_ADDR_WIDTH3_PTR_SIZE4)
                                                          0.00       1.90 r
  FIFO_u/U4/w_inc (FIFO_WR_DEPTH8_ADDR_SIZE3_PTR_SIZE4)
                                                          0.00       1.90 r
  FIFO_u/U4/U7/Y (NOR2BX2M)                               0.19       2.09 r
  FIFO_u/U4/U13/Y (NAND2X2M)                              0.10       2.20 f
  FIFO_u/U4/U8/Y (NOR2BX2M)                               0.17       2.37 r
  FIFO_u/U4/U17/Y (NAND2X2M)                              0.08       2.45 f
  FIFO_u/U4/U16/Y (XNOR2X2M)                              0.15       2.60 r
  FIFO_u/U4/WR_PTR_BIN_reg[3]/D (DFFRQX2M)                0.00       2.60 r
  data arrival time                                                  2.60

  clock Ref_clk (rise edge)                              10.00      10.00
  clock network delay (ideal)                             0.00      10.00
  clock uncertainty                                      -0.20       9.80
  FIFO_u/U4/WR_PTR_BIN_reg[3]/CK (DFFRQX2M)               0.00       9.80 r
  library setup time                                     -0.33       9.47
  data required time                                                 9.47
  --------------------------------------------------------------------------
  data required time                                                 9.47
  data arrival time                                                 -2.60
  --------------------------------------------------------------------------
  slack (MET)                                                        6.86


  Startpoint: sys_ctrl_u/current_state_reg[3]
              (rising edge-triggered flip-flop clocked by Ref_clk)
  Endpoint: FIFO_u/U4/WR_PTR_GRAY_reg[3]
            (rising edge-triggered flip-flop clocked by Ref_clk)
  Path Group: Ref_clk
  Path Type: max

  Point                                                   Incr       Path
  --------------------------------------------------------------------------
  clock Ref_clk (rise edge)                               0.00       0.00
  clock network delay (ideal)                             0.00       0.00
  sys_ctrl_u/current_state_reg[3]/CK (DFFRQX2M)           0.00       0.00 r
  sys_ctrl_u/current_state_reg[3]/Q (DFFRQX2M)            0.51       0.51 f
  sys_ctrl_u/U56/Y (NOR2X2M)                              0.23       0.73 r
  sys_ctrl_u/U22/Y (NAND2X2M)                             0.13       0.86 f
  sys_ctrl_u/U58/Y (NOR2BX2M)                             0.40       1.26 r
  sys_ctrl_u/U57/Y (NOR2BX2M)                             0.41       1.67 r
  sys_ctrl_u/U23/Y (OR3X2M)                               0.23       1.90 r
  sys_ctrl_u/TX_D_VLD (SYS_CTRL_WIDTH8_ALU_OUT_WIDTH16_ADDR4)
                                                          0.00       1.90 r
  FIFO_u/W_INC (FIFO_TOP_BUS_WIDTH8_DEPTH8_ADDR_WIDTH3_PTR_SIZE4)
                                                          0.00       1.90 r
  FIFO_u/U4/w_inc (FIFO_WR_DEPTH8_ADDR_SIZE3_PTR_SIZE4)
                                                          0.00       1.90 r
  FIFO_u/U4/U7/Y (NOR2BX2M)                               0.19       2.09 r
  FIFO_u/U4/U13/Y (NAND2X2M)                              0.10       2.20 f
  FIFO_u/U4/U8/Y (NOR2BX2M)                               0.17       2.37 r
  FIFO_u/U4/U17/Y (NAND2X2M)                              0.08       2.45 f
  FIFO_u/U4/U16/Y (XNOR2X2M)                              0.15       2.60 r
  FIFO_u/U4/WR_PTR_GRAY_reg[3]/D (DFFRQX2M)               0.00       2.60 r
  data arrival time                                                  2.60

  clock Ref_clk (rise edge)                              10.00      10.00
  clock network delay (ideal)                             0.00      10.00
  clock uncertainty                                      -0.20       9.80
  FIFO_u/U4/WR_PTR_GRAY_reg[3]/CK (DFFRQX2M)              0.00       9.80 r
  library setup time                                     -0.33       9.47
  data required time                                                 9.47
  --------------------------------------------------------------------------
  data required time                                                 9.47
  data arrival time                                                 -2.60
  --------------------------------------------------------------------------
  slack (MET)                                                        6.86


  Startpoint: sys_ctrl_u/current_state_reg[3]
              (rising edge-triggered flip-flop clocked by Ref_clk)
  Endpoint: FIFO_u/U4/WR_PTR_GRAY_reg[0]
            (rising edge-triggered flip-flop clocked by Ref_clk)
  Path Group: Ref_clk
  Path Type: max

  Point                                                   Incr       Path
  --------------------------------------------------------------------------
  clock Ref_clk (rise edge)                               0.00       0.00
  clock network delay (ideal)                             0.00       0.00
  sys_ctrl_u/current_state_reg[3]/CK (DFFRQX2M)           0.00       0.00 r
  sys_ctrl_u/current_state_reg[3]/Q (DFFRQX2M)            0.51       0.51 f
  sys_ctrl_u/U56/Y (NOR2X2M)                              0.23       0.73 r
  sys_ctrl_u/U22/Y (NAND2X2M)                             0.13       0.86 f
  sys_ctrl_u/U58/Y (NOR2BX2M)                             0.40       1.26 r
  sys_ctrl_u/U57/Y (NOR2BX2M)                             0.41       1.67 r
  sys_ctrl_u/U23/Y (OR3X2M)                               0.23       1.90 r
  sys_ctrl_u/TX_D_VLD (SYS_CTRL_WIDTH8_ALU_OUT_WIDTH16_ADDR4)
                                                          0.00       1.90 r
  FIFO_u/W_INC (FIFO_TOP_BUS_WIDTH8_DEPTH8_ADDR_WIDTH3_PTR_SIZE4)
                                                          0.00       1.90 r
  FIFO_u/U4/w_inc (FIFO_WR_DEPTH8_ADDR_SIZE3_PTR_SIZE4)
                                                          0.00       1.90 r
  FIFO_u/U4/U7/Y (NOR2BX2M)                               0.19       2.09 r
  FIFO_u/U4/U18/Y (CLKXOR2X2M)                            0.25       2.34 f
  FIFO_u/U4/U4/Y (CLKXOR2X2M)                             0.28       2.62 r
  FIFO_u/U4/WR_PTR_GRAY_reg[0]/D (DFFRQX2M)               0.00       2.62 r
  data arrival time                                                  2.62

  clock Ref_clk (rise edge)                              10.00      10.00
  clock network delay (ideal)                             0.00      10.00
  clock uncertainty                                      -0.20       9.80
  FIFO_u/U4/WR_PTR_GRAY_reg[0]/CK (DFFRQX2M)              0.00       9.80 r
  library setup time                                     -0.29       9.51
  data required time                                                 9.51
  --------------------------------------------------------------------------
  data required time                                                 9.51
  data arrival time                                                 -2.62
  --------------------------------------------------------------------------
  slack (MET)                                                        6.89


  Startpoint: sys_ctrl_u/current_state_reg[3]
              (rising edge-triggered flip-flop clocked by Ref_clk)
  Endpoint: Regfile_u/reg_file_reg[1][1]
            (rising edge-triggered flip-flop clocked by Ref_clk)
  Path Group: Ref_clk
  Path Type: max

  Point                                                   Incr       Path
  --------------------------------------------------------------------------
  clock Ref_clk (rise edge)                               0.00       0.00
  clock network delay (ideal)                             0.00       0.00
  sys_ctrl_u/current_state_reg[3]/CK (DFFRQX2M)           0.00       0.00 r
  sys_ctrl_u/current_state_reg[3]/Q (DFFRQX2M)            0.51       0.51 f
  sys_ctrl_u/U55/Y (INVX2M)                               0.09       0.60 r
  sys_ctrl_u/U53/Y (NAND2X2M)                             0.11       0.71 f
  sys_ctrl_u/U17/Y (NOR3X2M)                              0.26       0.98 r
  sys_ctrl_u/U61/Y (NAND2X2M)                             0.15       1.13 f
  sys_ctrl_u/U43/Y (INVX2M)                               0.10       1.23 r
  sys_ctrl_u/U81/Y (AO22X1M)                              0.24       1.47 r
  sys_ctrl_u/WrEn (SYS_CTRL_WIDTH8_ALU_OUT_WIDTH16_ADDR4)
                                                          0.00       1.47 r
  Regfile_u/WrEn (Register_WIDTH8_DEPTH16_ADDRESS4)       0.00       1.47 r
  Regfile_u/U73/Y (INVX2M)                                0.07       1.54 f
  Regfile_u/U56/Y (NOR2X2M)                               0.12       1.66 r
  Regfile_u/U59/Y (NOR2BX2M)                              0.17       1.83 r
  Regfile_u/U58/Y (AND2X2M)                               0.21       2.04 r
  Regfile_u/U40/Y (INVX2M)                                0.06       2.10 f
  Regfile_u/U5/Y (NOR2X2M)                                0.32       2.42 r
  Regfile_u/U205/Y (MX2XLM)                               0.32       2.74 f
  Regfile_u/reg_file_reg[1][1]/D (DFFRHQX1M)              0.00       2.74 f
  data arrival time                                                  2.74

  clock Ref_clk (rise edge)                              10.00      10.00
  clock network delay (ideal)                             0.00      10.00
  clock uncertainty                                      -0.20       9.80
  Regfile_u/reg_file_reg[1][1]/CK (DFFRHQX1M)             0.00       9.80 r
  library setup time                                     -0.15       9.65
  data required time                                                 9.65
  --------------------------------------------------------------------------
  data required time                                                 9.65
  data arrival time                                                 -2.74
  --------------------------------------------------------------------------
  slack (MET)                                                        6.91


  Startpoint: sys_ctrl_u/current_state_reg[3]
              (rising edge-triggered flip-flop clocked by Ref_clk)
  Endpoint: Regfile_u/reg_file_reg[1][2]
            (rising edge-triggered flip-flop clocked by Ref_clk)
  Path Group: Ref_clk
  Path Type: max

  Point                                                   Incr       Path
  --------------------------------------------------------------------------
  clock Ref_clk (rise edge)                               0.00       0.00
  clock network delay (ideal)                             0.00       0.00
  sys_ctrl_u/current_state_reg[3]/CK (DFFRQX2M)           0.00       0.00 r
  sys_ctrl_u/current_state_reg[3]/Q (DFFRQX2M)            0.51       0.51 f
  sys_ctrl_u/U55/Y (INVX2M)                               0.09       0.60 r
  sys_ctrl_u/U53/Y (NAND2X2M)                             0.11       0.71 f
  sys_ctrl_u/U17/Y (NOR3X2M)                              0.26       0.98 r
  sys_ctrl_u/U61/Y (NAND2X2M)                             0.15       1.13 f
  sys_ctrl_u/U43/Y (INVX2M)                               0.10       1.23 r
  sys_ctrl_u/U81/Y (AO22X1M)                              0.24       1.47 r
  sys_ctrl_u/WrEn (SYS_CTRL_WIDTH8_ALU_OUT_WIDTH16_ADDR4)
                                                          0.00       1.47 r
  Regfile_u/WrEn (Register_WIDTH8_DEPTH16_ADDRESS4)       0.00       1.47 r
  Regfile_u/U73/Y (INVX2M)                                0.07       1.54 f
  Regfile_u/U56/Y (NOR2X2M)                               0.12       1.66 r
  Regfile_u/U59/Y (NOR2BX2M)                              0.17       1.83 r
  Regfile_u/U58/Y (AND2X2M)                               0.21       2.04 r
  Regfile_u/U40/Y (INVX2M)                                0.06       2.10 f
  Regfile_u/U5/Y (NOR2X2M)                                0.32       2.42 r
  Regfile_u/U206/Y (MX2XLM)                               0.32       2.74 f
  Regfile_u/reg_file_reg[1][2]/D (DFFRHQX1M)              0.00       2.74 f
  data arrival time                                                  2.74

  clock Ref_clk (rise edge)                              10.00      10.00
  clock network delay (ideal)                             0.00      10.00
  clock uncertainty                                      -0.20       9.80
  Regfile_u/reg_file_reg[1][2]/CK (DFFRHQX1M)             0.00       9.80 r
  library setup time                                     -0.15       9.65
  data required time                                                 9.65
  --------------------------------------------------------------------------
  data required time                                                 9.65
  data arrival time                                                 -2.74
  --------------------------------------------------------------------------
  slack (MET)                                                        6.91


  Startpoint: sys_ctrl_u/current_state_reg[3]
              (rising edge-triggered flip-flop clocked by Ref_clk)
  Endpoint: FIFO_u/U4/WR_PTR_BIN_reg[2]
            (rising edge-triggered flip-flop clocked by Ref_clk)
  Path Group: Ref_clk
  Path Type: max

  Point                                                   Incr       Path
  --------------------------------------------------------------------------
  clock Ref_clk (rise edge)                               0.00       0.00
  clock network delay (ideal)                             0.00       0.00
  sys_ctrl_u/current_state_reg[3]/CK (DFFRQX2M)           0.00       0.00 r
  sys_ctrl_u/current_state_reg[3]/Q (DFFRQX2M)            0.51       0.51 f
  sys_ctrl_u/U56/Y (NOR2X2M)                              0.23       0.73 r
  sys_ctrl_u/U22/Y (NAND2X2M)                             0.13       0.86 f
  sys_ctrl_u/U58/Y (NOR2BX2M)                             0.40       1.26 r
  sys_ctrl_u/U57/Y (NOR2BX2M)                             0.41       1.67 r
  sys_ctrl_u/U23/Y (OR3X2M)                               0.23       1.90 r
  sys_ctrl_u/TX_D_VLD (SYS_CTRL_WIDTH8_ALU_OUT_WIDTH16_ADDR4)
                                                          0.00       1.90 r
  FIFO_u/W_INC (FIFO_TOP_BUS_WIDTH8_DEPTH8_ADDR_WIDTH3_PTR_SIZE4)
                                                          0.00       1.90 r
  FIFO_u/U4/w_inc (FIFO_WR_DEPTH8_ADDR_SIZE3_PTR_SIZE4)
                                                          0.00       1.90 r
  FIFO_u/U4/U7/Y (NOR2BX2M)                               0.19       2.09 r
  FIFO_u/U4/U13/Y (NAND2X2M)                              0.10       2.20 f
  FIFO_u/U4/U8/Y (NOR2BX2M)                               0.17       2.37 r
  FIFO_u/U4/U14/Y (CLKXOR2X2M)                            0.22       2.58 r
  FIFO_u/U4/WR_PTR_BIN_reg[2]/D (DFFRQX2M)                0.00       2.58 r
  data arrival time                                                  2.58

  clock Ref_clk (rise edge)                              10.00      10.00
  clock network delay (ideal)                             0.00      10.00
  clock uncertainty                                      -0.20       9.80
  FIFO_u/U4/WR_PTR_BIN_reg[2]/CK (DFFRQX2M)               0.00       9.80 r
  library setup time                                     -0.30       9.50
  data required time                                                 9.50
  --------------------------------------------------------------------------
  data required time                                                 9.50
  data arrival time                                                 -2.58
  --------------------------------------------------------------------------
  slack (MET)                                                        6.92


  Startpoint: sys_ctrl_u/current_state_reg[3]
              (rising edge-triggered flip-flop clocked by Ref_clk)
  Endpoint: Regfile_u/reg_file_reg[0][6]
            (rising edge-triggered flip-flop clocked by Ref_clk)
  Path Group: Ref_clk
  Path Type: max

  Point                                                   Incr       Path
  --------------------------------------------------------------------------
  clock Ref_clk (rise edge)                               0.00       0.00
  clock network delay (ideal)                             0.00       0.00
  sys_ctrl_u/current_state_reg[3]/CK (DFFRQX2M)           0.00       0.00 r
  sys_ctrl_u/current_state_reg[3]/Q (DFFRQX2M)            0.51       0.51 f
  sys_ctrl_u/U55/Y (INVX2M)                               0.09       0.60 r
  sys_ctrl_u/U53/Y (NAND2X2M)                             0.11       0.71 f
  sys_ctrl_u/U17/Y (NOR3X2M)                              0.26       0.98 r
  sys_ctrl_u/U61/Y (NAND2X2M)                             0.15       1.13 f
  sys_ctrl_u/U43/Y (INVX2M)                               0.10       1.23 r
  sys_ctrl_u/U81/Y (AO22X1M)                              0.24       1.47 r
  sys_ctrl_u/WrEn (SYS_CTRL_WIDTH8_ALU_OUT_WIDTH16_ADDR4)
                                                          0.00       1.47 r
  Regfile_u/WrEn (Register_WIDTH8_DEPTH16_ADDRESS4)       0.00       1.47 r
  Regfile_u/U73/Y (INVX2M)                                0.07       1.54 f
  Regfile_u/U56/Y (NOR2X2M)                               0.12       1.66 r
  Regfile_u/U59/Y (NOR2BX2M)                              0.17       1.83 r
  Regfile_u/U20/Y (AND2X2M)                               0.21       2.04 r
  Regfile_u/U12/Y (NAND2BX2M)                             0.17       2.20 f
  Regfile_u/U10/Y (INVX2M)                                0.13       2.33 r
  Regfile_u/U9/Y (MX2XLM)                                 0.16       2.49 r
  Regfile_u/reg_file_reg[0][6]/D (DFFRQX2M)               0.00       2.49 r
  data arrival time                                                  2.49

  clock Ref_clk (rise edge)                              10.00      10.00
  clock network delay (ideal)                             0.00      10.00
  clock uncertainty                                      -0.20       9.80
  Regfile_u/reg_file_reg[0][6]/CK (DFFRQX2M)              0.00       9.80 r
  library setup time                                     -0.29       9.51
  data required time                                                 9.51
  --------------------------------------------------------------------------
  data required time                                                 9.51
  data arrival time                                                 -2.49
  --------------------------------------------------------------------------
  slack (MET)                                                        7.01


  Startpoint: sys_ctrl_u/current_state_reg[3]
              (rising edge-triggered flip-flop clocked by Ref_clk)
  Endpoint: Regfile_u/reg_file_reg[0][7]
            (rising edge-triggered flip-flop clocked by Ref_clk)
  Path Group: Ref_clk
  Path Type: max

  Point                                                   Incr       Path
  --------------------------------------------------------------------------
  clock Ref_clk (rise edge)                               0.00       0.00
  clock network delay (ideal)                             0.00       0.00
  sys_ctrl_u/current_state_reg[3]/CK (DFFRQX2M)           0.00       0.00 r
  sys_ctrl_u/current_state_reg[3]/Q (DFFRQX2M)            0.51       0.51 f
  sys_ctrl_u/U55/Y (INVX2M)                               0.09       0.60 r
  sys_ctrl_u/U53/Y (NAND2X2M)                             0.11       0.71 f
  sys_ctrl_u/U17/Y (NOR3X2M)                              0.26       0.98 r
  sys_ctrl_u/U61/Y (NAND2X2M)                             0.15       1.13 f
  sys_ctrl_u/U43/Y (INVX2M)                               0.10       1.23 r
  sys_ctrl_u/U81/Y (AO22X1M)                              0.24       1.47 r
  sys_ctrl_u/WrEn (SYS_CTRL_WIDTH8_ALU_OUT_WIDTH16_ADDR4)
                                                          0.00       1.47 r
  Regfile_u/WrEn (Register_WIDTH8_DEPTH16_ADDRESS4)       0.00       1.47 r
  Regfile_u/U73/Y (INVX2M)                                0.07       1.54 f
  Regfile_u/U56/Y (NOR2X2M)                               0.12       1.66 r
  Regfile_u/U59/Y (NOR2BX2M)                              0.17       1.83 r
  Regfile_u/U20/Y (AND2X2M)                               0.21       2.04 r
  Regfile_u/U12/Y (NAND2BX2M)                             0.17       2.20 f
  Regfile_u/U10/Y (INVX2M)                                0.13       2.33 r
  Regfile_u/U319/Y (MX2XLM)                               0.27       2.60 f
  Regfile_u/reg_file_reg[0][7]/D (DFFRHQX8M)              0.00       2.60 f
  data arrival time                                                  2.60

  clock Ref_clk (rise edge)                              10.00      10.00
  clock network delay (ideal)                             0.00      10.00
  clock uncertainty                                      -0.20       9.80
  Regfile_u/reg_file_reg[0][7]/CK (DFFRHQX8M)             0.00       9.80 r
  library setup time                                     -0.18       9.62
  data required time                                                 9.62
  --------------------------------------------------------------------------
  data required time                                                 9.62
  data arrival time                                                 -2.60
  --------------------------------------------------------------------------
  slack (MET)                                                        7.02


  Startpoint: sys_ctrl_u/current_state_reg[3]
              (rising edge-triggered flip-flop clocked by Ref_clk)
  Endpoint: Regfile_u/reg_file_reg[3][5]
            (rising edge-triggered flip-flop clocked by Ref_clk)
  Path Group: Ref_clk
  Path Type: max

  Point                                                   Incr       Path
  --------------------------------------------------------------------------
  clock Ref_clk (rise edge)                               0.00       0.00
  clock network delay (ideal)                             0.00       0.00
  sys_ctrl_u/current_state_reg[3]/CK (DFFRQX2M)           0.00       0.00 r
  sys_ctrl_u/current_state_reg[3]/Q (DFFRQX2M)            0.51       0.51 f
  sys_ctrl_u/U55/Y (INVX2M)                               0.09       0.60 r
  sys_ctrl_u/U53/Y (NAND2X2M)                             0.11       0.71 f
  sys_ctrl_u/U17/Y (NOR3X2M)                              0.26       0.98 r
  sys_ctrl_u/U61/Y (NAND2X2M)                             0.15       1.13 f
  sys_ctrl_u/U43/Y (INVX2M)                               0.10       1.23 r
  sys_ctrl_u/U81/Y (AO22X1M)                              0.24       1.47 r
  sys_ctrl_u/WrEn (SYS_CTRL_WIDTH8_ALU_OUT_WIDTH16_ADDR4)
                                                          0.00       1.47 r
  Regfile_u/WrEn (Register_WIDTH8_DEPTH16_ADDRESS4)       0.00       1.47 r
  Regfile_u/U73/Y (INVX2M)                                0.07       1.54 f
  Regfile_u/U56/Y (NOR2X2M)                               0.12       1.66 r
  Regfile_u/U59/Y (NOR2BX2M)                              0.17       1.83 r
  Regfile_u/U58/Y (AND2X2M)                               0.21       2.04 r
  Regfile_u/U33/Y (NAND2X2M)                              0.20       2.24 f
  Regfile_u/U201/Y (OAI2BB2X1M)                           0.28       2.52 f
  Regfile_u/reg_file_reg[3][5]/D (DFFSQX2M)               0.00       2.52 f
  data arrival time                                                  2.52

  clock Ref_clk (rise edge)                              10.00      10.00
  clock network delay (ideal)                             0.00      10.00
  clock uncertainty                                      -0.20       9.80
  Regfile_u/reg_file_reg[3][5]/CK (DFFSQX2M)              0.00       9.80 r
  library setup time                                     -0.25       9.55
  data required time                                                 9.55
  --------------------------------------------------------------------------
  data required time                                                 9.55
  data arrival time                                                 -2.52
  --------------------------------------------------------------------------
  slack (MET)                                                        7.04


  Startpoint: sys_ctrl_u/current_state_reg[3]
              (rising edge-triggered flip-flop clocked by Ref_clk)
  Endpoint: Regfile_u/reg_file_reg[2][7]
            (rising edge-triggered flip-flop clocked by Ref_clk)
  Path Group: Ref_clk
  Path Type: max

  Point                                                   Incr       Path
  --------------------------------------------------------------------------
  clock Ref_clk (rise edge)                               0.00       0.00
  clock network delay (ideal)                             0.00       0.00
  sys_ctrl_u/current_state_reg[3]/CK (DFFRQX2M)           0.00       0.00 r
  sys_ctrl_u/current_state_reg[3]/Q (DFFRQX2M)            0.51       0.51 f
  sys_ctrl_u/U55/Y (INVX2M)                               0.09       0.60 r
  sys_ctrl_u/U53/Y (NAND2X2M)                             0.11       0.71 f
  sys_ctrl_u/U17/Y (NOR3X2M)                              0.26       0.98 r
  sys_ctrl_u/U61/Y (NAND2X2M)                             0.15       1.13 f
  sys_ctrl_u/U43/Y (INVX2M)                               0.10       1.23 r
  sys_ctrl_u/U81/Y (AO22X1M)                              0.24       1.47 r
  sys_ctrl_u/WrEn (SYS_CTRL_WIDTH8_ALU_OUT_WIDTH16_ADDR4)
                                                          0.00       1.47 r
  Regfile_u/WrEn (Register_WIDTH8_DEPTH16_ADDRESS4)       0.00       1.47 r
  Regfile_u/U73/Y (INVX2M)                                0.07       1.54 f
  Regfile_u/U56/Y (NOR2X2M)                               0.12       1.66 r
  Regfile_u/U59/Y (NOR2BX2M)                              0.17       1.83 r
  Regfile_u/U20/Y (AND2X2M)                               0.21       2.04 r
  Regfile_u/U34/Y (NAND2X2M)                              0.20       2.24 f
  Regfile_u/U203/Y (OAI2BB2X1M)                           0.28       2.51 f
  Regfile_u/reg_file_reg[2][7]/D (DFFSQX2M)               0.00       2.51 f
  data arrival time                                                  2.51

  clock Ref_clk (rise edge)                              10.00      10.00
  clock network delay (ideal)                             0.00      10.00
  clock uncertainty                                      -0.20       9.80
  Regfile_u/reg_file_reg[2][7]/CK (DFFSQX2M)              0.00       9.80 r
  library setup time                                     -0.25       9.55
  data required time                                                 9.55
  --------------------------------------------------------------------------
  data required time                                                 9.55
  data arrival time                                                 -2.51
  --------------------------------------------------------------------------
  slack (MET)                                                        7.04


  Startpoint: sys_ctrl_u/current_state_reg[3]
              (rising edge-triggered flip-flop clocked by Ref_clk)
  Endpoint: Regfile_u/reg_file_reg[2][0]
            (rising edge-triggered flip-flop clocked by Ref_clk)
  Path Group: Ref_clk
  Path Type: max

  Point                                                   Incr       Path
  --------------------------------------------------------------------------
  clock Ref_clk (rise edge)                               0.00       0.00
  clock network delay (ideal)                             0.00       0.00
  sys_ctrl_u/current_state_reg[3]/CK (DFFRQX2M)           0.00       0.00 r
  sys_ctrl_u/current_state_reg[3]/Q (DFFRQX2M)            0.51       0.51 f
  sys_ctrl_u/U55/Y (INVX2M)                               0.09       0.60 r
  sys_ctrl_u/U53/Y (NAND2X2M)                             0.11       0.71 f
  sys_ctrl_u/U17/Y (NOR3X2M)                              0.26       0.98 r
  sys_ctrl_u/U61/Y (NAND2X2M)                             0.15       1.13 f
  sys_ctrl_u/U43/Y (INVX2M)                               0.10       1.23 r
  sys_ctrl_u/U81/Y (AO22X1M)                              0.24       1.47 r
  sys_ctrl_u/WrEn (SYS_CTRL_WIDTH8_ALU_OUT_WIDTH16_ADDR4)
                                                          0.00       1.47 r
  Regfile_u/WrEn (Register_WIDTH8_DEPTH16_ADDRESS4)       0.00       1.47 r
  Regfile_u/U73/Y (INVX2M)                                0.07       1.54 f
  Regfile_u/U56/Y (NOR2X2M)                               0.12       1.66 r
  Regfile_u/U59/Y (NOR2BX2M)                              0.17       1.83 r
  Regfile_u/U20/Y (AND2X2M)                               0.21       2.04 r
  Regfile_u/U34/Y (NAND2X2M)                              0.20       2.24 f
  Regfile_u/U202/Y (OAI2BB2X1M)                           0.28       2.51 f
  Regfile_u/reg_file_reg[2][0]/D (DFFSQX2M)               0.00       2.51 f
  data arrival time                                                  2.51

  clock Ref_clk (rise edge)                              10.00      10.00
  clock network delay (ideal)                             0.00      10.00
  clock uncertainty                                      -0.20       9.80
  Regfile_u/reg_file_reg[2][0]/CK (DFFSQX2M)              0.00       9.80 r
  library setup time                                     -0.25       9.55
  data required time                                                 9.55
  --------------------------------------------------------------------------
  data required time                                                 9.55
  data arrival time                                                 -2.51
  --------------------------------------------------------------------------
  slack (MET)                                                        7.04


  Startpoint: sys_ctrl_u/current_state_reg[3]
              (rising edge-triggered flip-flop clocked by Ref_clk)
  Endpoint: Regfile_u/reg_file_reg[0][5]
            (rising edge-triggered flip-flop clocked by Ref_clk)
  Path Group: Ref_clk
  Path Type: max

  Point                                                   Incr       Path
  --------------------------------------------------------------------------
  clock Ref_clk (rise edge)                               0.00       0.00
  clock network delay (ideal)                             0.00       0.00
  sys_ctrl_u/current_state_reg[3]/CK (DFFRQX2M)           0.00       0.00 r
  sys_ctrl_u/current_state_reg[3]/Q (DFFRQX2M)            0.51       0.51 f
  sys_ctrl_u/U55/Y (INVX2M)                               0.09       0.60 r
  sys_ctrl_u/U53/Y (NAND2X2M)                             0.11       0.71 f
  sys_ctrl_u/U17/Y (NOR3X2M)                              0.26       0.98 r
  sys_ctrl_u/U61/Y (NAND2X2M)                             0.15       1.13 f
  sys_ctrl_u/U43/Y (INVX2M)                               0.10       1.23 r
  sys_ctrl_u/U81/Y (AO22X1M)                              0.24       1.47 r
  sys_ctrl_u/WrEn (SYS_CTRL_WIDTH8_ALU_OUT_WIDTH16_ADDR4)
                                                          0.00       1.47 r
  Regfile_u/WrEn (Register_WIDTH8_DEPTH16_ADDRESS4)       0.00       1.47 r
  Regfile_u/U73/Y (INVX2M)                                0.07       1.54 f
  Regfile_u/U56/Y (NOR2X2M)                               0.12       1.66 r
  Regfile_u/U59/Y (NOR2BX2M)                              0.17       1.83 r
  Regfile_u/U20/Y (AND2X2M)                               0.21       2.04 r
  Regfile_u/U12/Y (NAND2BX2M)                             0.17       2.20 f
  Regfile_u/U10/Y (INVX2M)                                0.13       2.33 r
  Regfile_u/U8/Y (MX2XLM)                                 0.16       2.49 r
  Regfile_u/reg_file_reg[0][5]/D (DFFRX1M)                0.00       2.49 r
  data arrival time                                                  2.49

  clock Ref_clk (rise edge)                              10.00      10.00
  clock network delay (ideal)                             0.00      10.00
  clock uncertainty                                      -0.20       9.80
  Regfile_u/reg_file_reg[0][5]/CK (DFFRX1M)               0.00       9.80 r
  library setup time                                     -0.24       9.56
  data required time                                                 9.56
  --------------------------------------------------------------------------
  data required time                                                 9.56
  data arrival time                                                 -2.49
  --------------------------------------------------------------------------
  slack (MET)                                                        7.07


  Startpoint: sys_ctrl_u/current_state_reg[3]
              (rising edge-triggered flip-flop clocked by Ref_clk)
  Endpoint: Regfile_u/reg_file_reg[3][6]
            (rising edge-triggered flip-flop clocked by Ref_clk)
  Path Group: Ref_clk
  Path Type: max

  Point                                                   Incr       Path
  --------------------------------------------------------------------------
  clock Ref_clk (rise edge)                               0.00       0.00
  clock network delay (ideal)                             0.00       0.00
  sys_ctrl_u/current_state_reg[3]/CK (DFFRQX2M)           0.00       0.00 r
  sys_ctrl_u/current_state_reg[3]/Q (DFFRQX2M)            0.51       0.51 f
  sys_ctrl_u/U55/Y (INVX2M)                               0.09       0.60 r
  sys_ctrl_u/U53/Y (NAND2X2M)                             0.11       0.71 f
  sys_ctrl_u/U17/Y (NOR3X2M)                              0.26       0.98 r
  sys_ctrl_u/U61/Y (NAND2X2M)                             0.15       1.13 f
  sys_ctrl_u/U43/Y (INVX2M)                               0.10       1.23 r
  sys_ctrl_u/U81/Y (AO22X1M)                              0.24       1.47 r
  sys_ctrl_u/WrEn (SYS_CTRL_WIDTH8_ALU_OUT_WIDTH16_ADDR4)
                                                          0.00       1.47 r
  Regfile_u/WrEn (Register_WIDTH8_DEPTH16_ADDRESS4)       0.00       1.47 r
  Regfile_u/U73/Y (INVX2M)                                0.07       1.54 f
  Regfile_u/U56/Y (NOR2X2M)                               0.12       1.66 r
  Regfile_u/U59/Y (NOR2BX2M)                              0.17       1.83 r
  Regfile_u/U58/Y (AND2X2M)                               0.21       2.04 r
  Regfile_u/U33/Y (NAND2X2M)                              0.20       2.24 f
  Regfile_u/U172/Y (OAI2BB2X1M)                           0.18       2.42 r
  Regfile_u/reg_file_reg[3][6]/D (DFFRQX2M)               0.00       2.42 r
  data arrival time                                                  2.42

  clock Ref_clk (rise edge)                              10.00      10.00
  clock network delay (ideal)                             0.00      10.00
  clock uncertainty                                      -0.20       9.80
  Regfile_u/reg_file_reg[3][6]/CK (DFFRQX2M)              0.00       9.80 r
  library setup time                                     -0.31       9.49
  data required time                                                 9.49
  --------------------------------------------------------------------------
  data required time                                                 9.49
  data arrival time                                                 -2.42
  --------------------------------------------------------------------------
  slack (MET)                                                        7.08


  Startpoint: sys_ctrl_u/current_state_reg[3]
              (rising edge-triggered flip-flop clocked by Ref_clk)
  Endpoint: Regfile_u/reg_file_reg[3][0]
            (rising edge-triggered flip-flop clocked by Ref_clk)
  Path Group: Ref_clk
  Path Type: max

  Point                                                   Incr       Path
  --------------------------------------------------------------------------
  clock Ref_clk (rise edge)                               0.00       0.00
  clock network delay (ideal)                             0.00       0.00
  sys_ctrl_u/current_state_reg[3]/CK (DFFRQX2M)           0.00       0.00 r
  sys_ctrl_u/current_state_reg[3]/Q (DFFRQX2M)            0.51       0.51 f
  sys_ctrl_u/U55/Y (INVX2M)                               0.09       0.60 r
  sys_ctrl_u/U53/Y (NAND2X2M)                             0.11       0.71 f
  sys_ctrl_u/U17/Y (NOR3X2M)                              0.26       0.98 r
  sys_ctrl_u/U61/Y (NAND2X2M)                             0.15       1.13 f
  sys_ctrl_u/U43/Y (INVX2M)                               0.10       1.23 r
  sys_ctrl_u/U81/Y (AO22X1M)                              0.24       1.47 r
  sys_ctrl_u/WrEn (SYS_CTRL_WIDTH8_ALU_OUT_WIDTH16_ADDR4)
                                                          0.00       1.47 r
  Regfile_u/WrEn (Register_WIDTH8_DEPTH16_ADDRESS4)       0.00       1.47 r
  Regfile_u/U73/Y (INVX2M)                                0.07       1.54 f
  Regfile_u/U56/Y (NOR2X2M)                               0.12       1.66 r
  Regfile_u/U59/Y (NOR2BX2M)                              0.17       1.83 r
  Regfile_u/U58/Y (AND2X2M)                               0.21       2.04 r
  Regfile_u/U33/Y (NAND2X2M)                              0.20       2.24 f
  Regfile_u/U167/Y (OAI2BB2X1M)                           0.18       2.42 r
  Regfile_u/reg_file_reg[3][0]/D (DFFRQX2M)               0.00       2.42 r
  data arrival time                                                  2.42

  clock Ref_clk (rise edge)                              10.00      10.00
  clock network delay (ideal)                             0.00      10.00
  clock uncertainty                                      -0.20       9.80
  Regfile_u/reg_file_reg[3][0]/CK (DFFRQX2M)              0.00       9.80 r
  library setup time                                     -0.31       9.49
  data required time                                                 9.49
  --------------------------------------------------------------------------
  data required time                                                 9.49
  data arrival time                                                 -2.42
  --------------------------------------------------------------------------
  slack (MET)                                                        7.08


  Startpoint: sys_ctrl_u/current_state_reg[3]
              (rising edge-triggered flip-flop clocked by Ref_clk)
  Endpoint: Regfile_u/reg_file_reg[3][2]
            (rising edge-triggered flip-flop clocked by Ref_clk)
  Path Group: Ref_clk
  Path Type: max

  Point                                                   Incr       Path
  --------------------------------------------------------------------------
  clock Ref_clk (rise edge)                               0.00       0.00
  clock network delay (ideal)                             0.00       0.00
  sys_ctrl_u/current_state_reg[3]/CK (DFFRQX2M)           0.00       0.00 r
  sys_ctrl_u/current_state_reg[3]/Q (DFFRQX2M)            0.51       0.51 f
  sys_ctrl_u/U55/Y (INVX2M)                               0.09       0.60 r
  sys_ctrl_u/U53/Y (NAND2X2M)                             0.11       0.71 f
  sys_ctrl_u/U17/Y (NOR3X2M)                              0.26       0.98 r
  sys_ctrl_u/U61/Y (NAND2X2M)                             0.15       1.13 f
  sys_ctrl_u/U43/Y (INVX2M)                               0.10       1.23 r
  sys_ctrl_u/U81/Y (AO22X1M)                              0.24       1.47 r
  sys_ctrl_u/WrEn (SYS_CTRL_WIDTH8_ALU_OUT_WIDTH16_ADDR4)
                                                          0.00       1.47 r
  Regfile_u/WrEn (Register_WIDTH8_DEPTH16_ADDRESS4)       0.00       1.47 r
  Regfile_u/U73/Y (INVX2M)                                0.07       1.54 f
  Regfile_u/U56/Y (NOR2X2M)                               0.12       1.66 r
  Regfile_u/U59/Y (NOR2BX2M)                              0.17       1.83 r
  Regfile_u/U58/Y (AND2X2M)                               0.21       2.04 r
  Regfile_u/U33/Y (NAND2X2M)                              0.20       2.24 f
  Regfile_u/U169/Y (OAI2BB2X1M)                           0.18       2.42 r
  Regfile_u/reg_file_reg[3][2]/D (DFFRQX2M)               0.00       2.42 r
  data arrival time                                                  2.42

  clock Ref_clk (rise edge)                              10.00      10.00
  clock network delay (ideal)                             0.00      10.00
  clock uncertainty                                      -0.20       9.80
  Regfile_u/reg_file_reg[3][2]/CK (DFFRQX2M)              0.00       9.80 r
  library setup time                                     -0.31       9.49
  data required time                                                 9.49
  --------------------------------------------------------------------------
  data required time                                                 9.49
  data arrival time                                                 -2.42
  --------------------------------------------------------------------------
  slack (MET)                                                        7.08


  Startpoint: sys_ctrl_u/current_state_reg[3]
              (rising edge-triggered flip-flop clocked by Ref_clk)
  Endpoint: Regfile_u/reg_file_reg[3][1]
            (rising edge-triggered flip-flop clocked by Ref_clk)
  Path Group: Ref_clk
  Path Type: max

  Point                                                   Incr       Path
  --------------------------------------------------------------------------
  clock Ref_clk (rise edge)                               0.00       0.00
  clock network delay (ideal)                             0.00       0.00
  sys_ctrl_u/current_state_reg[3]/CK (DFFRQX2M)           0.00       0.00 r
  sys_ctrl_u/current_state_reg[3]/Q (DFFRQX2M)            0.51       0.51 f
  sys_ctrl_u/U55/Y (INVX2M)                               0.09       0.60 r
  sys_ctrl_u/U53/Y (NAND2X2M)                             0.11       0.71 f
  sys_ctrl_u/U17/Y (NOR3X2M)                              0.26       0.98 r
  sys_ctrl_u/U61/Y (NAND2X2M)                             0.15       1.13 f
  sys_ctrl_u/U43/Y (INVX2M)                               0.10       1.23 r
  sys_ctrl_u/U81/Y (AO22X1M)                              0.24       1.47 r
  sys_ctrl_u/WrEn (SYS_CTRL_WIDTH8_ALU_OUT_WIDTH16_ADDR4)
                                                          0.00       1.47 r
  Regfile_u/WrEn (Register_WIDTH8_DEPTH16_ADDRESS4)       0.00       1.47 r
  Regfile_u/U73/Y (INVX2M)                                0.07       1.54 f
  Regfile_u/U56/Y (NOR2X2M)                               0.12       1.66 r
  Regfile_u/U59/Y (NOR2BX2M)                              0.17       1.83 r
  Regfile_u/U58/Y (AND2X2M)                               0.21       2.04 r
  Regfile_u/U33/Y (NAND2X2M)                              0.20       2.24 f
  Regfile_u/U168/Y (OAI2BB2X1M)                           0.18       2.42 r
  Regfile_u/reg_file_reg[3][1]/D (DFFRQX2M)               0.00       2.42 r
  data arrival time                                                  2.42

  clock Ref_clk (rise edge)                              10.00      10.00
  clock network delay (ideal)                             0.00      10.00
  clock uncertainty                                      -0.20       9.80
  Regfile_u/reg_file_reg[3][1]/CK (DFFRQX2M)              0.00       9.80 r
  library setup time                                     -0.31       9.49
  data required time                                                 9.49
  --------------------------------------------------------------------------
  data required time                                                 9.49
  data arrival time                                                 -2.42
  --------------------------------------------------------------------------
  slack (MET)                                                        7.08


  Startpoint: sys_ctrl_u/current_state_reg[3]
              (rising edge-triggered flip-flop clocked by Ref_clk)
  Endpoint: Regfile_u/reg_file_reg[3][4]
            (rising edge-triggered flip-flop clocked by Ref_clk)
  Path Group: Ref_clk
  Path Type: max

  Point                                                   Incr       Path
  --------------------------------------------------------------------------
  clock Ref_clk (rise edge)                               0.00       0.00
  clock network delay (ideal)                             0.00       0.00
  sys_ctrl_u/current_state_reg[3]/CK (DFFRQX2M)           0.00       0.00 r
  sys_ctrl_u/current_state_reg[3]/Q (DFFRQX2M)            0.51       0.51 f
  sys_ctrl_u/U55/Y (INVX2M)                               0.09       0.60 r
  sys_ctrl_u/U53/Y (NAND2X2M)                             0.11       0.71 f
  sys_ctrl_u/U17/Y (NOR3X2M)                              0.26       0.98 r
  sys_ctrl_u/U61/Y (NAND2X2M)                             0.15       1.13 f
  sys_ctrl_u/U43/Y (INVX2M)                               0.10       1.23 r
  sys_ctrl_u/U81/Y (AO22X1M)                              0.24       1.47 r
  sys_ctrl_u/WrEn (SYS_CTRL_WIDTH8_ALU_OUT_WIDTH16_ADDR4)
                                                          0.00       1.47 r
  Regfile_u/WrEn (Register_WIDTH8_DEPTH16_ADDRESS4)       0.00       1.47 r
  Regfile_u/U73/Y (INVX2M)                                0.07       1.54 f
  Regfile_u/U56/Y (NOR2X2M)                               0.12       1.66 r
  Regfile_u/U59/Y (NOR2BX2M)                              0.17       1.83 r
  Regfile_u/U58/Y (AND2X2M)                               0.21       2.04 r
  Regfile_u/U33/Y (NAND2X2M)                              0.20       2.24 f
  Regfile_u/U171/Y (OAI2BB2X1M)                           0.18       2.42 r
  Regfile_u/reg_file_reg[3][4]/D (DFFRQX2M)               0.00       2.42 r
  data arrival time                                                  2.42

  clock Ref_clk (rise edge)                              10.00      10.00
  clock network delay (ideal)                             0.00      10.00
  clock uncertainty                                      -0.20       9.80
  Regfile_u/reg_file_reg[3][4]/CK (DFFRQX2M)              0.00       9.80 r
  library setup time                                     -0.31       9.49
  data required time                                                 9.49
  --------------------------------------------------------------------------
  data required time                                                 9.49
  data arrival time                                                 -2.42
  --------------------------------------------------------------------------
  slack (MET)                                                        7.08


  Startpoint: sys_ctrl_u/current_state_reg[3]
              (rising edge-triggered flip-flop clocked by Ref_clk)
  Endpoint: Regfile_u/reg_file_reg[3][3]
            (rising edge-triggered flip-flop clocked by Ref_clk)
  Path Group: Ref_clk
  Path Type: max

  Point                                                   Incr       Path
  --------------------------------------------------------------------------
  clock Ref_clk (rise edge)                               0.00       0.00
  clock network delay (ideal)                             0.00       0.00
  sys_ctrl_u/current_state_reg[3]/CK (DFFRQX2M)           0.00       0.00 r
  sys_ctrl_u/current_state_reg[3]/Q (DFFRQX2M)            0.51       0.51 f
  sys_ctrl_u/U55/Y (INVX2M)                               0.09       0.60 r
  sys_ctrl_u/U53/Y (NAND2X2M)                             0.11       0.71 f
  sys_ctrl_u/U17/Y (NOR3X2M)                              0.26       0.98 r
  sys_ctrl_u/U61/Y (NAND2X2M)                             0.15       1.13 f
  sys_ctrl_u/U43/Y (INVX2M)                               0.10       1.23 r
  sys_ctrl_u/U81/Y (AO22X1M)                              0.24       1.47 r
  sys_ctrl_u/WrEn (SYS_CTRL_WIDTH8_ALU_OUT_WIDTH16_ADDR4)
                                                          0.00       1.47 r
  Regfile_u/WrEn (Register_WIDTH8_DEPTH16_ADDRESS4)       0.00       1.47 r
  Regfile_u/U73/Y (INVX2M)                                0.07       1.54 f
  Regfile_u/U56/Y (NOR2X2M)                               0.12       1.66 r
  Regfile_u/U59/Y (NOR2BX2M)                              0.17       1.83 r
  Regfile_u/U58/Y (AND2X2M)                               0.21       2.04 r
  Regfile_u/U33/Y (NAND2X2M)                              0.20       2.24 f
  Regfile_u/U170/Y (OAI2BB2X1M)                           0.18       2.42 r
  Regfile_u/reg_file_reg[3][3]/D (DFFRQX2M)               0.00       2.42 r
  data arrival time                                                  2.42

  clock Ref_clk (rise edge)                              10.00      10.00
  clock network delay (ideal)                             0.00      10.00
  clock uncertainty                                      -0.20       9.80
  Regfile_u/reg_file_reg[3][3]/CK (DFFRQX2M)              0.00       9.80 r
  library setup time                                     -0.31       9.49
  data required time                                                 9.49
  --------------------------------------------------------------------------
  data required time                                                 9.49
  data arrival time                                                 -2.42
  --------------------------------------------------------------------------
  slack (MET)                                                        7.08


  Startpoint: UART_TX_RX/U0_UART_RX/U4/par_err_reg
              (rising edge-triggered flip-flop clocked by Rx_clk)
  Endpoint: parity_err (output port clocked by Rx_clk)
  Path Group: Rx_clk
  Path Type: max

  Point                                                   Incr       Path
  --------------------------------------------------------------------------
  clock Rx_clk (rise edge)                                0.00       0.00
  clock network delay (ideal)                             0.00       0.00
  UART_TX_RX/U0_UART_RX/U4/par_err_reg/CK (DFFRQX2M)      0.00       0.00 r
  UART_TX_RX/U0_UART_RX/U4/par_err_reg/Q (DFFRQX2M)       0.88       0.88 r
  UART_TX_RX/U0_UART_RX/U4/par_err (Parity_chk)           0.00       0.88 r
  UART_TX_RX/U0_UART_RX/Parity_Err (RX_TOP)               0.00       0.88 r
  UART_TX_RX/parity_error (UART_DATA_WIDTH8)              0.00       0.88 r
  parity_err (out)                                        0.00       0.88 r
  data arrival time                                                  0.88

  clock Rx_clk (rise edge)                              271.29     271.29
  clock network delay (ideal)                             0.00     271.29
  clock uncertainty                                      -0.20     271.09
  output external delay                                 -54.26     216.83
  data required time                                               216.83
  --------------------------------------------------------------------------
  data required time                                               216.83
  data arrival time                                                 -0.88
  --------------------------------------------------------------------------
  slack (MET)                                                      215.95


  Startpoint: UART_TX_RX/U0_UART_RX/U6/stp_err_reg
              (rising edge-triggered flip-flop clocked by Rx_clk)
  Endpoint: stp_err (output port clocked by Rx_clk)
  Path Group: Rx_clk
  Path Type: max

  Point                                                   Incr       Path
  --------------------------------------------------------------------------
  clock Rx_clk (rise edge)                                0.00       0.00
  clock network delay (ideal)                             0.00       0.00
  UART_TX_RX/U0_UART_RX/U6/stp_err_reg/CK (DFFRQX2M)      0.00       0.00 r
  UART_TX_RX/U0_UART_RX/U6/stp_err_reg/Q (DFFRQX2M)       0.88       0.88 r
  UART_TX_RX/U0_UART_RX/U6/stp_err (stp_chk)              0.00       0.88 r
  UART_TX_RX/U0_UART_RX/Stop_Err (RX_TOP)                 0.00       0.88 r
  UART_TX_RX/framing_error (UART_DATA_WIDTH8)             0.00       0.88 r
  stp_err (out)                                           0.00       0.88 r
  data arrival time                                                  0.88

  clock Rx_clk (rise edge)                              271.29     271.29
  clock network delay (ideal)                             0.00     271.29
  clock uncertainty                                      -0.20     271.09
  output external delay                                 -54.26     216.83
  data required time                                               216.83
  --------------------------------------------------------------------------
  data required time                                               216.83
  data arrival time                                                 -0.88
  --------------------------------------------------------------------------
  slack (MET)                                                      215.95


  Startpoint: RX_IN (input port clocked by Rx_clk)
  Endpoint: UART_TX_RX/U0_UART_RX/U7/c_state_reg[0]
            (rising edge-triggered flip-flop clocked by Rx_clk)
  Path Group: Rx_clk
  Path Type: max

  Point                                                   Incr       Path
  --------------------------------------------------------------------------
  clock Rx_clk (rise edge)                                0.00       0.00
  clock network delay (ideal)                             0.00       0.00
  input external delay                                   54.26      54.26 f
  RX_IN (in)                                              0.04      54.30 f
  UART_TX_RX/RX_IN_S (UART_DATA_WIDTH8)                   0.00      54.30 f
  UART_TX_RX/U0_UART_RX/RX_IN (RX_TOP)                    0.00      54.30 f
  UART_TX_RX/U0_UART_RX/U7/RX_IN (RX_FSM)                 0.00      54.30 f
  UART_TX_RX/U0_UART_RX/U7/U11/Y (OAI22X1M)               0.22      54.52 r
  UART_TX_RX/U0_UART_RX/U7/U10/Y (AOI31X2M)               0.13      54.65 f
  UART_TX_RX/U0_UART_RX/U7/U9/Y (OAI31X1M)                0.07      54.72 r
  UART_TX_RX/U0_UART_RX/U7/c_state_reg[0]/D (DFFRQX2M)
                                                          0.00      54.72 r
  data arrival time                                                 54.72

  clock Rx_clk (rise edge)                              271.29     271.29
  clock network delay (ideal)                             0.00     271.29
  clock uncertainty                                      -0.20     271.09
  UART_TX_RX/U0_UART_RX/U7/c_state_reg[0]/CK (DFFRQX2M)
                                                          0.00     271.09 r
  library setup time                                     -0.33     270.76
  data required time                                               270.76
  --------------------------------------------------------------------------
  data required time                                               270.76
  data arrival time                                                -54.72
  --------------------------------------------------------------------------
  slack (MET)                                                      216.04


  Startpoint: RX_IN (input port clocked by Rx_clk)
  Endpoint: UART_TX_RX/U0_UART_RX/U2/Sampled_bit_reg
            (rising edge-triggered flip-flop clocked by Rx_clk)
  Path Group: Rx_clk
  Path Type: max

  Point                                                   Incr       Path
  --------------------------------------------------------------------------
  clock Rx_clk (rise edge)                                0.00       0.00
  clock network delay (ideal)                             0.00       0.00
  input external delay                                   54.26      54.26 r
  RX_IN (in)                                              0.06      54.31 r
  UART_TX_RX/RX_IN_S (UART_DATA_WIDTH8)                   0.00      54.31 r
  UART_TX_RX/U0_UART_RX/RX_IN (RX_TOP)                    0.00      54.31 r
  UART_TX_RX/U0_UART_RX/U2/RX_IN (Data_sampling)          0.00      54.31 r
  UART_TX_RX/U0_UART_RX/U2/U33/Y (AND2X1M)                0.14      54.46 r
  UART_TX_RX/U0_UART_RX/U2/U32/Y (OAI22X1M)               0.12      54.57 f
  UART_TX_RX/U0_UART_RX/U2/U30/Y (OAI2B1X1M)              0.14      54.71 r
  UART_TX_RX/U0_UART_RX/U2/Sampled_bit_reg/D (DFFRQX2M)
                                                          0.00      54.71 r
  data arrival time                                                 54.71

  clock Rx_clk (rise edge)                              271.29     271.29
  clock network delay (ideal)                             0.00     271.29
  clock uncertainty                                      -0.20     271.09
  UART_TX_RX/U0_UART_RX/U2/Sampled_bit_reg/CK (DFFRQX2M)
                                                          0.00     271.09 r
  library setup time                                     -0.32     270.77
  data required time                                               270.77
  --------------------------------------------------------------------------
  data required time                                               270.77
  data arrival time                                                -54.71
  --------------------------------------------------------------------------
  slack (MET)                                                      216.06


  Startpoint: RX_IN (input port clocked by Rx_clk)
  Endpoint: UART_TX_RX/U0_UART_RX/U2/s0_reg
            (rising edge-triggered flip-flop clocked by Rx_clk)
  Path Group: Rx_clk
  Path Type: max

  Point                                                   Incr       Path
  --------------------------------------------------------------------------
  clock Rx_clk (rise edge)                                0.00       0.00
  clock network delay (ideal)                             0.00       0.00
  input external delay                                   54.26      54.26 r
  RX_IN (in)                                              0.06      54.31 r
  UART_TX_RX/RX_IN_S (UART_DATA_WIDTH8)                   0.00      54.31 r
  UART_TX_RX/U0_UART_RX/RX_IN (RX_TOP)                    0.00      54.31 r
  UART_TX_RX/U0_UART_RX/U2/RX_IN (Data_sampling)          0.00      54.31 r
  UART_TX_RX/U0_UART_RX/U2/U27/Y (MXI2X1M)                0.10      54.41 f
  UART_TX_RX/U0_UART_RX/U2/U26/Y (NOR2X1M)                0.12      54.53 r
  UART_TX_RX/U0_UART_RX/U2/s0_reg/D (DFFRQX2M)            0.00      54.53 r
  data arrival time                                                 54.53

  clock Rx_clk (rise edge)                              271.29     271.29
  clock network delay (ideal)                             0.00     271.29
  clock uncertainty                                      -0.20     271.09
  UART_TX_RX/U0_UART_RX/U2/s0_reg/CK (DFFRQX2M)           0.00     271.09 r
  library setup time                                     -0.31     270.78
  data required time                                               270.78
  --------------------------------------------------------------------------
  data required time                                               270.78
  data arrival time                                                -54.53
  --------------------------------------------------------------------------
  slack (MET)                                                      216.26


  Startpoint: RX_IN (input port clocked by Rx_clk)
  Endpoint: UART_TX_RX/U0_UART_RX/U2/s1_reg
            (rising edge-triggered flip-flop clocked by Rx_clk)
  Path Group: Rx_clk
  Path Type: max

  Point                                                   Incr       Path
  --------------------------------------------------------------------------
  clock Rx_clk (rise edge)                                0.00       0.00
  clock network delay (ideal)                             0.00       0.00
  input external delay                                   54.26      54.26 r
  RX_IN (in)                                              0.06      54.31 r
  UART_TX_RX/RX_IN_S (UART_DATA_WIDTH8)                   0.00      54.31 r
  UART_TX_RX/U0_UART_RX/RX_IN (RX_TOP)                    0.00      54.31 r
  UART_TX_RX/U0_UART_RX/U2/RX_IN (Data_sampling)          0.00      54.31 r
  UART_TX_RX/U0_UART_RX/U2/U29/Y (MXI2X1M)                0.10      54.41 f
  UART_TX_RX/U0_UART_RX/U2/U28/Y (NOR2X1M)                0.12      54.53 r
  UART_TX_RX/U0_UART_RX/U2/s1_reg/D (DFFRQX2M)            0.00      54.53 r
  data arrival time                                                 54.53

  clock Rx_clk (rise edge)                              271.29     271.29
  clock network delay (ideal)                             0.00     271.29
  clock uncertainty                                      -0.20     271.09
  UART_TX_RX/U0_UART_RX/U2/s1_reg/CK (DFFRQX2M)           0.00     271.09 r
  library setup time                                     -0.31     270.78
  data required time                                               270.78
  --------------------------------------------------------------------------
  data required time                                               270.78
  data arrival time                                                -54.53
  --------------------------------------------------------------------------
  slack (MET)                                                      216.26


  Startpoint: UART_TX_RX/U0_UART_RX/U1/Edge_cnt_reg[0]
              (rising edge-triggered flip-flop clocked by Rx_clk)
  Endpoint: UART_TX_RX/U0_UART_RX/U1/Bit_cnt_reg[3]
            (rising edge-triggered flip-flop clocked by Rx_clk)
  Path Group: Rx_clk
  Path Type: max

  Point                                                   Incr       Path
  --------------------------------------------------------------------------
  clock Rx_clk (rise edge)                                0.00       0.00
  clock network delay (ideal)                             0.00       0.00
  UART_TX_RX/U0_UART_RX/U1/Edge_cnt_reg[0]/CK (DFFRQX2M)
                                                          0.00       0.00 r
  UART_TX_RX/U0_UART_RX/U1/Edge_cnt_reg[0]/Q (DFFRQX2M)
                                                          0.52       0.52 f
  UART_TX_RX/U0_UART_RX/U1/U49/Y (NAND2BX1M)              0.22       0.74 f
  UART_TX_RX/U0_UART_RX/U1/U50/Y (AOI2BB1X1M)             0.24       0.97 f
  UART_TX_RX/U0_UART_RX/U1/U51/Y (AOI221XLM)              0.26       1.23 r
  UART_TX_RX/U0_UART_RX/U1/U52/Y (AOI221XLM)              0.12       1.35 f
  UART_TX_RX/U0_UART_RX/U1/U53/Y (AOI221XLM)              0.30       1.66 r
  UART_TX_RX/U0_UART_RX/U1/U54/Y (OAI2BB2X1M)             0.16       1.82 f
  UART_TX_RX/U0_UART_RX/U1/U55/Y (OAI211X1M)              0.13       1.95 r
  UART_TX_RX/U0_UART_RX/U1/U6/Y (NAND3X2M)                0.12       2.07 f
  UART_TX_RX/U0_UART_RX/U1/U5/Y (BUFX2M)                  0.23       2.30 f
  UART_TX_RX/U0_UART_RX/U1/U23/Y (OAI2BB1X2M)             0.18       2.48 f
  UART_TX_RX/U0_UART_RX/U1/U22/Y (OAI31X1M)               0.06       2.54 r
  UART_TX_RX/U0_UART_RX/U1/Bit_cnt_reg[3]/D (DFFRQX2M)
                                                          0.00       2.54 r
  data arrival time                                                  2.54

  clock Rx_clk (rise edge)                              271.29     271.29
  clock network delay (ideal)                             0.00     271.29
  clock uncertainty                                      -0.20     271.09
  UART_TX_RX/U0_UART_RX/U1/Bit_cnt_reg[3]/CK (DFFRQX2M)
                                                          0.00     271.09 r
  library setup time                                     -0.33     270.76
  data required time                                               270.76
  --------------------------------------------------------------------------
  data required time                                               270.76
  data arrival time                                                 -2.54
  --------------------------------------------------------------------------
  slack (MET)                                                      268.23


  Startpoint: UART_TX_RX/U0_UART_RX/U1/Edge_cnt_reg[0]
              (rising edge-triggered flip-flop clocked by Rx_clk)
  Endpoint: UART_TX_RX/U0_UART_RX/U1/Bit_cnt_reg[2]
            (rising edge-triggered flip-flop clocked by Rx_clk)
  Path Group: Rx_clk
  Path Type: max

  Point                                                   Incr       Path
  --------------------------------------------------------------------------
  clock Rx_clk (rise edge)                                0.00       0.00
  clock network delay (ideal)                             0.00       0.00
  UART_TX_RX/U0_UART_RX/U1/Edge_cnt_reg[0]/CK (DFFRQX2M)
                                                          0.00       0.00 r
  UART_TX_RX/U0_UART_RX/U1/Edge_cnt_reg[0]/Q (DFFRQX2M)
                                                          0.52       0.52 f
  UART_TX_RX/U0_UART_RX/U1/U49/Y (NAND2BX1M)              0.22       0.74 f
  UART_TX_RX/U0_UART_RX/U1/U50/Y (AOI2BB1X1M)             0.24       0.97 f
  UART_TX_RX/U0_UART_RX/U1/U51/Y (AOI221XLM)              0.26       1.23 r
  UART_TX_RX/U0_UART_RX/U1/U52/Y (AOI221XLM)              0.12       1.35 f
  UART_TX_RX/U0_UART_RX/U1/U53/Y (AOI221XLM)              0.30       1.66 r
  UART_TX_RX/U0_UART_RX/U1/U54/Y (OAI2BB2X1M)             0.16       1.82 f
  UART_TX_RX/U0_UART_RX/U1/U55/Y (OAI211X1M)              0.13       1.95 r
  UART_TX_RX/U0_UART_RX/U1/U21/Y (INVX2M)                 0.10       2.05 f
  UART_TX_RX/U0_UART_RX/U1/U20/Y (AOI21X2M)               0.16       2.21 r
  UART_TX_RX/U0_UART_RX/U1/U19/Y (AOI31X2M)               0.06       2.27 f
  UART_TX_RX/U0_UART_RX/U1/U18/Y (NOR3BX2M)               0.19       2.46 r
  UART_TX_RX/U0_UART_RX/U1/Bit_cnt_reg[2]/D (DFFRQX2M)
                                                          0.00       2.46 r
  data arrival time                                                  2.46

  clock Rx_clk (rise edge)                              271.29     271.29
  clock network delay (ideal)                             0.00     271.29
  clock uncertainty                                      -0.20     271.09
  UART_TX_RX/U0_UART_RX/U1/Bit_cnt_reg[2]/CK (DFFRQX2M)
                                                          0.00     271.09 r
  library setup time                                     -0.32     270.77
  data required time                                               270.77
  --------------------------------------------------------------------------
  data required time                                               270.77
  data arrival time                                                 -2.46
  --------------------------------------------------------------------------
  slack (MET)                                                      268.31


  Startpoint: UART_TX_RX/U0_UART_RX/U1/Edge_cnt_reg[0]
              (rising edge-triggered flip-flop clocked by Rx_clk)
  Endpoint: UART_TX_RX/U0_UART_RX/U1/Bit_cnt_reg[0]
            (rising edge-triggered flip-flop clocked by Rx_clk)
  Path Group: Rx_clk
  Path Type: max

  Point                                                   Incr       Path
  --------------------------------------------------------------------------
  clock Rx_clk (rise edge)                                0.00       0.00
  clock network delay (ideal)                             0.00       0.00
  UART_TX_RX/U0_UART_RX/U1/Edge_cnt_reg[0]/CK (DFFRQX2M)
                                                          0.00       0.00 r
  UART_TX_RX/U0_UART_RX/U1/Edge_cnt_reg[0]/Q (DFFRQX2M)
                                                          0.52       0.52 f
  UART_TX_RX/U0_UART_RX/U1/U49/Y (NAND2BX1M)              0.22       0.74 f
  UART_TX_RX/U0_UART_RX/U1/U50/Y (AOI2BB1X1M)             0.24       0.97 f
  UART_TX_RX/U0_UART_RX/U1/U51/Y (AOI221XLM)              0.26       1.23 r
  UART_TX_RX/U0_UART_RX/U1/U52/Y (AOI221XLM)              0.12       1.35 f
  UART_TX_RX/U0_UART_RX/U1/U53/Y (AOI221XLM)              0.30       1.66 r
  UART_TX_RX/U0_UART_RX/U1/U54/Y (OAI2BB2X1M)             0.16       1.82 f
  UART_TX_RX/U0_UART_RX/U1/U55/Y (OAI211X1M)              0.13       1.95 r
  UART_TX_RX/U0_UART_RX/U1/U6/Y (NAND3X2M)                0.12       2.07 f
  UART_TX_RX/U0_UART_RX/U1/U5/Y (BUFX2M)                  0.23       2.30 f
  UART_TX_RX/U0_UART_RX/U1/U17/Y (OAI22X1M)               0.14       2.43 r
  UART_TX_RX/U0_UART_RX/U1/Bit_cnt_reg[0]/D (DFFRQX2M)
                                                          0.00       2.43 r
  data arrival time                                                  2.43

  clock Rx_clk (rise edge)                              271.29     271.29
  clock network delay (ideal)                             0.00     271.29
  clock uncertainty                                      -0.20     271.09
  UART_TX_RX/U0_UART_RX/U1/Bit_cnt_reg[0]/CK (DFFRQX2M)
                                                          0.00     271.09 r
  library setup time                                     -0.33     270.76
  data required time                                               270.76
  --------------------------------------------------------------------------
  data required time                                               270.76
  data arrival time                                                 -2.43
  --------------------------------------------------------------------------
  slack (MET)                                                      268.33


  Startpoint: UART_TX_RX/U0_UART_RX/U1/Edge_cnt_reg[0]
              (rising edge-triggered flip-flop clocked by Rx_clk)
  Endpoint: UART_TX_RX/U0_UART_RX/U1/Bit_cnt_reg[1]
            (rising edge-triggered flip-flop clocked by Rx_clk)
  Path Group: Rx_clk
  Path Type: max

  Point                                                   Incr       Path
  --------------------------------------------------------------------------
  clock Rx_clk (rise edge)                                0.00       0.00
  clock network delay (ideal)                             0.00       0.00
  UART_TX_RX/U0_UART_RX/U1/Edge_cnt_reg[0]/CK (DFFRQX2M)
                                                          0.00       0.00 r
  UART_TX_RX/U0_UART_RX/U1/Edge_cnt_reg[0]/Q (DFFRQX2M)
                                                          0.52       0.52 f
  UART_TX_RX/U0_UART_RX/U1/U49/Y (NAND2BX1M)              0.22       0.74 f
  UART_TX_RX/U0_UART_RX/U1/U50/Y (AOI2BB1X1M)             0.24       0.97 f
  UART_TX_RX/U0_UART_RX/U1/U51/Y (AOI221XLM)              0.26       1.23 r
  UART_TX_RX/U0_UART_RX/U1/U52/Y (AOI221XLM)              0.12       1.35 f
  UART_TX_RX/U0_UART_RX/U1/U53/Y (AOI221XLM)              0.30       1.66 r
  UART_TX_RX/U0_UART_RX/U1/U54/Y (OAI2BB2X1M)             0.16       1.82 f
  UART_TX_RX/U0_UART_RX/U1/U55/Y (OAI211X1M)              0.13       1.95 r
  UART_TX_RX/U0_UART_RX/U1/U6/Y (NAND3X2M)                0.12       2.07 f
  UART_TX_RX/U0_UART_RX/U1/U5/Y (BUFX2M)                  0.23       2.30 f
  UART_TX_RX/U0_UART_RX/U1/U15/Y (OAI2B2X1M)              0.13       2.43 r
  UART_TX_RX/U0_UART_RX/U1/Bit_cnt_reg[1]/D (DFFRQX2M)
                                                          0.00       2.43 r
  data arrival time                                                  2.43

  clock Rx_clk (rise edge)                              271.29     271.29
  clock network delay (ideal)                             0.00     271.29
  clock uncertainty                                      -0.20     271.09
  UART_TX_RX/U0_UART_RX/U1/Bit_cnt_reg[1]/CK (DFFRQX2M)
                                                          0.00     271.09 r
  library setup time                                     -0.33     270.76
  data required time                                               270.76
  --------------------------------------------------------------------------
  data required time                                               270.76
  data arrival time                                                 -2.43
  --------------------------------------------------------------------------
  slack (MET)                                                      268.34


  Startpoint: UART_TX_RX/U0_UART_RX/U1/Edge_cnt_reg[0]
              (rising edge-triggered flip-flop clocked by Rx_clk)
  Endpoint: UART_TX_RX/U0_UART_RX/U2/Sample_Valid_reg
            (rising edge-triggered flip-flop clocked by Rx_clk)
  Path Group: Rx_clk
  Path Type: max

  Point                                                   Incr       Path
  --------------------------------------------------------------------------
  clock Rx_clk (rise edge)                                0.00       0.00
  clock network delay (ideal)                             0.00       0.00
  UART_TX_RX/U0_UART_RX/U1/Edge_cnt_reg[0]/CK (DFFRQX2M)
                                                          0.00       0.00 r
  UART_TX_RX/U0_UART_RX/U1/Edge_cnt_reg[0]/Q (DFFRQX2M)
                                                          0.52       0.52 f
  UART_TX_RX/U0_UART_RX/U1/Edge_cnt[0] (Edge_Bit_Counter)
                                                          0.00       0.52 f
  UART_TX_RX/U0_UART_RX/U2/Edge_cnt[0] (Data_sampling)
                                                          0.00       0.52 f
  UART_TX_RX/U0_UART_RX/U2/U17/Y (NOR2BX1M)               0.20       0.72 f
  UART_TX_RX/U0_UART_RX/U2/U18/Y (OAI2B2X1M)              0.20       0.92 r
  UART_TX_RX/U0_UART_RX/U2/U21/Y (NAND4BBX1M)             0.21       1.13 f
  UART_TX_RX/U0_UART_RX/U2/U25/Y (NOR4X1M)                0.36       1.49 r
  UART_TX_RX/U0_UART_RX/U2/U40/Y (NOR4X1M)                0.12       1.61 f
  UART_TX_RX/U0_UART_RX/U2/U39/Y (AND4X1M)                0.33       1.94 f
  UART_TX_RX/U0_UART_RX/U2/U37/Y (NOR4X1M)                0.23       2.17 r
  UART_TX_RX/U0_UART_RX/U2/U36/Y (CLKNAND2X2M)            0.14       2.30 f
  UART_TX_RX/U0_UART_RX/U2/U34/Y (NOR2X1M)                0.12       2.43 r
  UART_TX_RX/U0_UART_RX/U2/Sample_Valid_reg/D (DFFRQX2M)
                                                          0.00       2.43 r
  data arrival time                                                  2.43

  clock Rx_clk (rise edge)                              271.29     271.29
  clock network delay (ideal)                             0.00     271.29
  clock uncertainty                                      -0.20     271.09
  UART_TX_RX/U0_UART_RX/U2/Sample_Valid_reg/CK (DFFRQX2M)
                                                          0.00     271.09 r
  library setup time                                     -0.31     270.78
  data required time                                               270.78
  --------------------------------------------------------------------------
  data required time                                               270.78
  data arrival time                                                 -2.43
  --------------------------------------------------------------------------
  slack (MET)                                                      268.35


  Startpoint: UART_TX_RX/U0_UART_RX/U1/Edge_cnt_reg[0]
              (rising edge-triggered flip-flop clocked by Rx_clk)
  Endpoint: UART_TX_RX/U0_UART_RX/U1/Edge_cnt_reg[4]
            (rising edge-triggered flip-flop clocked by Rx_clk)
  Path Group: Rx_clk
  Path Type: max

  Point                                                   Incr       Path
  --------------------------------------------------------------------------
  clock Rx_clk (rise edge)                                0.00       0.00
  clock network delay (ideal)                             0.00       0.00
  UART_TX_RX/U0_UART_RX/U1/Edge_cnt_reg[0]/CK (DFFRQX2M)
                                                          0.00       0.00 r
  UART_TX_RX/U0_UART_RX/U1/Edge_cnt_reg[0]/Q (DFFRQX2M)
                                                          0.52       0.52 f
  UART_TX_RX/U0_UART_RX/U1/U49/Y (NAND2BX1M)              0.22       0.74 f
  UART_TX_RX/U0_UART_RX/U1/U50/Y (AOI2BB1X1M)             0.24       0.97 f
  UART_TX_RX/U0_UART_RX/U1/U51/Y (AOI221XLM)              0.26       1.23 r
  UART_TX_RX/U0_UART_RX/U1/U52/Y (AOI221XLM)              0.12       1.35 f
  UART_TX_RX/U0_UART_RX/U1/U53/Y (AOI221XLM)              0.30       1.66 r
  UART_TX_RX/U0_UART_RX/U1/U54/Y (OAI2BB2X1M)             0.16       1.82 f
  UART_TX_RX/U0_UART_RX/U1/U55/Y (OAI211X1M)              0.13       1.95 r
  UART_TX_RX/U0_UART_RX/U1/U6/Y (NAND3X2M)                0.12       2.07 f
  UART_TX_RX/U0_UART_RX/U1/U5/Y (BUFX2M)                  0.23       2.30 f
  UART_TX_RX/U0_UART_RX/U1/U7/Y (NOR2BX2M)                0.11       2.41 r
  UART_TX_RX/U0_UART_RX/U1/Edge_cnt_reg[4]/D (DFFRQX2M)
                                                          0.00       2.41 r
  data arrival time                                                  2.41

  clock Rx_clk (rise edge)                              271.29     271.29
  clock network delay (ideal)                             0.00     271.29
  clock uncertainty                                      -0.20     271.09
  UART_TX_RX/U0_UART_RX/U1/Edge_cnt_reg[4]/CK (DFFRQX2M)
                                                          0.00     271.09 r
  library setup time                                     -0.31     270.78
  data required time                                               270.78
  --------------------------------------------------------------------------
  data required time                                               270.78
  data arrival time                                                 -2.41
  --------------------------------------------------------------------------
  slack (MET)                                                      268.37


  Startpoint: UART_TX_RX/U0_UART_RX/U1/Edge_cnt_reg[0]
              (rising edge-triggered flip-flop clocked by Rx_clk)
  Endpoint: UART_TX_RX/U0_UART_RX/U1/Edge_cnt_reg[1]
            (rising edge-triggered flip-flop clocked by Rx_clk)
  Path Group: Rx_clk
  Path Type: max

  Point                                                   Incr       Path
  --------------------------------------------------------------------------
  clock Rx_clk (rise edge)                                0.00       0.00
  clock network delay (ideal)                             0.00       0.00
  UART_TX_RX/U0_UART_RX/U1/Edge_cnt_reg[0]/CK (DFFRQX2M)
                                                          0.00       0.00 r
  UART_TX_RX/U0_UART_RX/U1/Edge_cnt_reg[0]/Q (DFFRQX2M)
                                                          0.52       0.52 f
  UART_TX_RX/U0_UART_RX/U1/U49/Y (NAND2BX1M)              0.22       0.74 f
  UART_TX_RX/U0_UART_RX/U1/U50/Y (AOI2BB1X1M)             0.24       0.97 f
  UART_TX_RX/U0_UART_RX/U1/U51/Y (AOI221XLM)              0.26       1.23 r
  UART_TX_RX/U0_UART_RX/U1/U52/Y (AOI221XLM)              0.12       1.35 f
  UART_TX_RX/U0_UART_RX/U1/U53/Y (AOI221XLM)              0.30       1.66 r
  UART_TX_RX/U0_UART_RX/U1/U54/Y (OAI2BB2X1M)             0.16       1.82 f
  UART_TX_RX/U0_UART_RX/U1/U55/Y (OAI211X1M)              0.13       1.95 r
  UART_TX_RX/U0_UART_RX/U1/U6/Y (NAND3X2M)                0.12       2.07 f
  UART_TX_RX/U0_UART_RX/U1/U5/Y (BUFX2M)                  0.23       2.30 f
  UART_TX_RX/U0_UART_RX/U1/U10/Y (NOR2BX2M)               0.11       2.41 r
  UART_TX_RX/U0_UART_RX/U1/Edge_cnt_reg[1]/D (DFFRQX2M)
                                                          0.00       2.41 r
  data arrival time                                                  2.41

  clock Rx_clk (rise edge)                              271.29     271.29
  clock network delay (ideal)                             0.00     271.29
  clock uncertainty                                      -0.20     271.09
  UART_TX_RX/U0_UART_RX/U1/Edge_cnt_reg[1]/CK (DFFRQX2M)
                                                          0.00     271.09 r
  library setup time                                     -0.31     270.78
  data required time                                               270.78
  --------------------------------------------------------------------------
  data required time                                               270.78
  data arrival time                                                 -2.41
  --------------------------------------------------------------------------
  slack (MET)                                                      268.37


  Startpoint: UART_TX_RX/U0_UART_RX/U1/Edge_cnt_reg[0]
              (rising edge-triggered flip-flop clocked by Rx_clk)
  Endpoint: UART_TX_RX/U0_UART_RX/U1/Edge_cnt_reg[2]
            (rising edge-triggered flip-flop clocked by Rx_clk)
  Path Group: Rx_clk
  Path Type: max

  Point                                                   Incr       Path
  --------------------------------------------------------------------------
  clock Rx_clk (rise edge)                                0.00       0.00
  clock network delay (ideal)                             0.00       0.00
  UART_TX_RX/U0_UART_RX/U1/Edge_cnt_reg[0]/CK (DFFRQX2M)
                                                          0.00       0.00 r
  UART_TX_RX/U0_UART_RX/U1/Edge_cnt_reg[0]/Q (DFFRQX2M)
                                                          0.52       0.52 f
  UART_TX_RX/U0_UART_RX/U1/U49/Y (NAND2BX1M)              0.22       0.74 f
  UART_TX_RX/U0_UART_RX/U1/U50/Y (AOI2BB1X1M)             0.24       0.97 f
  UART_TX_RX/U0_UART_RX/U1/U51/Y (AOI221XLM)              0.26       1.23 r
  UART_TX_RX/U0_UART_RX/U1/U52/Y (AOI221XLM)              0.12       1.35 f
  UART_TX_RX/U0_UART_RX/U1/U53/Y (AOI221XLM)              0.30       1.66 r
  UART_TX_RX/U0_UART_RX/U1/U54/Y (OAI2BB2X1M)             0.16       1.82 f
  UART_TX_RX/U0_UART_RX/U1/U55/Y (OAI211X1M)              0.13       1.95 r
  UART_TX_RX/U0_UART_RX/U1/U6/Y (NAND3X2M)                0.12       2.07 f
  UART_TX_RX/U0_UART_RX/U1/U5/Y (BUFX2M)                  0.23       2.30 f
  UART_TX_RX/U0_UART_RX/U1/U9/Y (NOR2BX2M)                0.11       2.41 r
  UART_TX_RX/U0_UART_RX/U1/Edge_cnt_reg[2]/D (DFFRQX2M)
                                                          0.00       2.41 r
  data arrival time                                                  2.41

  clock Rx_clk (rise edge)                              271.29     271.29
  clock network delay (ideal)                             0.00     271.29
  clock uncertainty                                      -0.20     271.09
  UART_TX_RX/U0_UART_RX/U1/Edge_cnt_reg[2]/CK (DFFRQX2M)
                                                          0.00     271.09 r
  library setup time                                     -0.31     270.78
  data required time                                               270.78
  --------------------------------------------------------------------------
  data required time                                               270.78
  data arrival time                                                 -2.41
  --------------------------------------------------------------------------
  slack (MET)                                                      268.37


  Startpoint: UART_TX_RX/U0_UART_RX/U1/Edge_cnt_reg[0]
              (rising edge-triggered flip-flop clocked by Rx_clk)
  Endpoint: UART_TX_RX/U0_UART_RX/U1/Edge_cnt_reg[3]
            (rising edge-triggered flip-flop clocked by Rx_clk)
  Path Group: Rx_clk
  Path Type: max

  Point                                                   Incr       Path
  --------------------------------------------------------------------------
  clock Rx_clk (rise edge)                                0.00       0.00
  clock network delay (ideal)                             0.00       0.00
  UART_TX_RX/U0_UART_RX/U1/Edge_cnt_reg[0]/CK (DFFRQX2M)
                                                          0.00       0.00 r
  UART_TX_RX/U0_UART_RX/U1/Edge_cnt_reg[0]/Q (DFFRQX2M)
                                                          0.52       0.52 f
  UART_TX_RX/U0_UART_RX/U1/U49/Y (NAND2BX1M)              0.22       0.74 f
  UART_TX_RX/U0_UART_RX/U1/U50/Y (AOI2BB1X1M)             0.24       0.97 f
  UART_TX_RX/U0_UART_RX/U1/U51/Y (AOI221XLM)              0.26       1.23 r
  UART_TX_RX/U0_UART_RX/U1/U52/Y (AOI221XLM)              0.12       1.35 f
  UART_TX_RX/U0_UART_RX/U1/U53/Y (AOI221XLM)              0.30       1.66 r
  UART_TX_RX/U0_UART_RX/U1/U54/Y (OAI2BB2X1M)             0.16       1.82 f
  UART_TX_RX/U0_UART_RX/U1/U55/Y (OAI211X1M)              0.13       1.95 r
  UART_TX_RX/U0_UART_RX/U1/U6/Y (NAND3X2M)                0.12       2.07 f
  UART_TX_RX/U0_UART_RX/U1/U5/Y (BUFX2M)                  0.23       2.30 f
  UART_TX_RX/U0_UART_RX/U1/U8/Y (NOR2BX2M)                0.11       2.41 r
  UART_TX_RX/U0_UART_RX/U1/Edge_cnt_reg[3]/D (DFFRQX2M)
                                                          0.00       2.41 r
  data arrival time                                                  2.41

  clock Rx_clk (rise edge)                              271.29     271.29
  clock network delay (ideal)                             0.00     271.29
  clock uncertainty                                      -0.20     271.09
  UART_TX_RX/U0_UART_RX/U1/Edge_cnt_reg[3]/CK (DFFRQX2M)
                                                          0.00     271.09 r
  library setup time                                     -0.31     270.78
  data required time                                               270.78
  --------------------------------------------------------------------------
  data required time                                               270.78
  data arrival time                                                 -2.41
  --------------------------------------------------------------------------
  slack (MET)                                                      268.37


  Startpoint: UART_TX_RX/U0_UART_RX/U1/Edge_cnt_reg[0]
              (rising edge-triggered flip-flop clocked by Rx_clk)
  Endpoint: UART_TX_RX/U0_UART_RX/U1/Edge_cnt_reg[5]
            (rising edge-triggered flip-flop clocked by Rx_clk)
  Path Group: Rx_clk
  Path Type: max

  Point                                                   Incr       Path
  --------------------------------------------------------------------------
  clock Rx_clk (rise edge)                                0.00       0.00
  clock network delay (ideal)                             0.00       0.00
  UART_TX_RX/U0_UART_RX/U1/Edge_cnt_reg[0]/CK (DFFRQX2M)
                                                          0.00       0.00 r
  UART_TX_RX/U0_UART_RX/U1/Edge_cnt_reg[0]/Q (DFFRQX2M)
                                                          0.52       0.52 f
  UART_TX_RX/U0_UART_RX/U1/U49/Y (NAND2BX1M)              0.22       0.74 f
  UART_TX_RX/U0_UART_RX/U1/U50/Y (AOI2BB1X1M)             0.24       0.97 f
  UART_TX_RX/U0_UART_RX/U1/U51/Y (AOI221XLM)              0.26       1.23 r
  UART_TX_RX/U0_UART_RX/U1/U52/Y (AOI221XLM)              0.12       1.35 f
  UART_TX_RX/U0_UART_RX/U1/U53/Y (AOI221XLM)              0.30       1.66 r
  UART_TX_RX/U0_UART_RX/U1/U54/Y (OAI2BB2X1M)             0.16       1.82 f
  UART_TX_RX/U0_UART_RX/U1/U55/Y (OAI211X1M)              0.13       1.95 r
  UART_TX_RX/U0_UART_RX/U1/U6/Y (NAND3X2M)                0.12       2.07 f
  UART_TX_RX/U0_UART_RX/U1/U5/Y (BUFX2M)                  0.23       2.30 f
  UART_TX_RX/U0_UART_RX/U1/U24/Y (NOR2X2M)                0.11       2.41 r
  UART_TX_RX/U0_UART_RX/U1/Edge_cnt_reg[5]/D (DFFRQX2M)
                                                          0.00       2.41 r
  data arrival time                                                  2.41

  clock Rx_clk (rise edge)                              271.29     271.29
  clock network delay (ideal)                             0.00     271.29
  clock uncertainty                                      -0.20     271.09
  UART_TX_RX/U0_UART_RX/U1/Edge_cnt_reg[5]/CK (DFFRQX2M)
                                                          0.00     271.09 r
  library setup time                                     -0.31     270.78
  data required time                                               270.78
  --------------------------------------------------------------------------
  data required time                                               270.78
  data arrival time                                                 -2.41
  --------------------------------------------------------------------------
  slack (MET)                                                      268.38


  Startpoint: UART_TX_RX/U0_UART_RX/U1/Edge_cnt_reg[0]
              (rising edge-triggered flip-flop clocked by Rx_clk)
  Endpoint: UART_TX_RX/U0_UART_RX/U1/Edge_cnt_reg[0]
            (rising edge-triggered flip-flop clocked by Rx_clk)
  Path Group: Rx_clk
  Path Type: max

  Point                                                   Incr       Path
  --------------------------------------------------------------------------
  clock Rx_clk (rise edge)                                0.00       0.00
  clock network delay (ideal)                             0.00       0.00
  UART_TX_RX/U0_UART_RX/U1/Edge_cnt_reg[0]/CK (DFFRQX2M)
                                                          0.00       0.00 r
  UART_TX_RX/U0_UART_RX/U1/Edge_cnt_reg[0]/Q (DFFRQX2M)
                                                          0.52       0.52 f
  UART_TX_RX/U0_UART_RX/U1/U49/Y (NAND2BX1M)              0.22       0.74 f
  UART_TX_RX/U0_UART_RX/U1/U50/Y (AOI2BB1X1M)             0.24       0.97 f
  UART_TX_RX/U0_UART_RX/U1/U51/Y (AOI221XLM)              0.26       1.23 r
  UART_TX_RX/U0_UART_RX/U1/U52/Y (AOI221XLM)              0.12       1.35 f
  UART_TX_RX/U0_UART_RX/U1/U53/Y (AOI221XLM)              0.30       1.66 r
  UART_TX_RX/U0_UART_RX/U1/U54/Y (OAI2BB2X1M)             0.16       1.82 f
  UART_TX_RX/U0_UART_RX/U1/U55/Y (OAI211X1M)              0.13       1.95 r
  UART_TX_RX/U0_UART_RX/U1/U6/Y (NAND3X2M)                0.12       2.07 f
  UART_TX_RX/U0_UART_RX/U1/U5/Y (BUFX2M)                  0.23       2.30 f
  UART_TX_RX/U0_UART_RX/U1/U26/Y (NOR2X2M)                0.11       2.41 r
  UART_TX_RX/U0_UART_RX/U1/Edge_cnt_reg[0]/D (DFFRQX2M)
                                                          0.00       2.41 r
  data arrival time                                                  2.41

  clock Rx_clk (rise edge)                              271.29     271.29
  clock network delay (ideal)                             0.00     271.29
  clock uncertainty                                      -0.20     271.09
  UART_TX_RX/U0_UART_RX/U1/Edge_cnt_reg[0]/CK (DFFRQX2M)
                                                          0.00     271.09 r
  library setup time                                     -0.31     270.78
  data required time                                               270.78
  --------------------------------------------------------------------------
  data required time                                               270.78
  data arrival time                                                 -2.41
  --------------------------------------------------------------------------
  slack (MET)                                                      268.38


  Startpoint: UART_TX_RX/U0_UART_RX/U7/c_state_reg[2]
              (rising edge-triggered flip-flop clocked by Rx_clk)
  Endpoint: UART_TX_RX/U0_UART_RX/U4/count_reg[3]
            (rising edge-triggered flip-flop clocked by Rx_clk)
  Path Group: Rx_clk
  Path Type: max

  Point                                                   Incr       Path
  --------------------------------------------------------------------------
  clock Rx_clk (rise edge)                                0.00       0.00
  clock network delay (ideal)                             0.00       0.00
  UART_TX_RX/U0_UART_RX/U7/c_state_reg[2]/CK (DFFRQX2M)
                                                          0.00       0.00 r
  UART_TX_RX/U0_UART_RX/U7/c_state_reg[2]/Q (DFFRQX2M)
                                                          0.49       0.49 f
  UART_TX_RX/U0_UART_RX/U7/U12/Y (NOR3X2M)                0.32       0.81 r
  UART_TX_RX/U0_UART_RX/U7/U6/Y (INVX2M)                  0.12       0.93 f
  UART_TX_RX/U0_UART_RX/U7/U5/Y (NOR2X2M)                 0.12       1.04 r
  UART_TX_RX/U0_UART_RX/U7/U3/Y (OAI2BB2X1M)              0.27       1.31 r
  UART_TX_RX/U0_UART_RX/U7/par_chk_en (RX_FSM)            0.00       1.31 r
  UART_TX_RX/U0_UART_RX/U4/Par_chk_en (Parity_chk)        0.00       1.31 r
  UART_TX_RX/U0_UART_RX/U4/U9/Y (NAND2X2M)                0.15       1.46 f
  UART_TX_RX/U0_UART_RX/U4/U16/Y (NAND4BX1M)              0.30       1.76 f
  UART_TX_RX/U0_UART_RX/U4/U15/Y (OAI21X2M)               0.09       1.84 r
  UART_TX_RX/U0_UART_RX/U4/count_reg[3]/D (DFFRQX2M)      0.00       1.84 r
  data arrival time                                                  1.84

  clock Rx_clk (rise edge)                              271.29     271.29
  clock network delay (ideal)                             0.00     271.29
  clock uncertainty                                      -0.20     271.09
  UART_TX_RX/U0_UART_RX/U4/count_reg[3]/CK (DFFRQX2M)     0.00     271.09 r
  library setup time                                     -0.31     270.78
  data required time                                               270.78
  --------------------------------------------------------------------------
  data required time                                               270.78
  data arrival time                                                 -1.84
  --------------------------------------------------------------------------
  slack (MET)                                                      268.93


  Startpoint: UART_TX_RX/U0_UART_RX/U7/c_state_reg[2]
              (rising edge-triggered flip-flop clocked by Rx_clk)
  Endpoint: UART_TX_RX/U0_UART_RX/U4/count_reg[2]
            (rising edge-triggered flip-flop clocked by Rx_clk)
  Path Group: Rx_clk
  Path Type: max

  Point                                                   Incr       Path
  --------------------------------------------------------------------------
  clock Rx_clk (rise edge)                                0.00       0.00
  clock network delay (ideal)                             0.00       0.00
  UART_TX_RX/U0_UART_RX/U7/c_state_reg[2]/CK (DFFRQX2M)
                                                          0.00       0.00 r
  UART_TX_RX/U0_UART_RX/U7/c_state_reg[2]/Q (DFFRQX2M)
                                                          0.49       0.49 f
  UART_TX_RX/U0_UART_RX/U7/U12/Y (NOR3X2M)                0.32       0.81 r
  UART_TX_RX/U0_UART_RX/U7/U6/Y (INVX2M)                  0.12       0.93 f
  UART_TX_RX/U0_UART_RX/U7/U5/Y (NOR2X2M)                 0.12       1.04 r
  UART_TX_RX/U0_UART_RX/U7/U3/Y (OAI2BB2X1M)              0.27       1.31 r
  UART_TX_RX/U0_UART_RX/U7/par_chk_en (RX_FSM)            0.00       1.31 r
  UART_TX_RX/U0_UART_RX/U4/Par_chk_en (Parity_chk)        0.00       1.31 r
  UART_TX_RX/U0_UART_RX/U4/U9/Y (NAND2X2M)                0.15       1.46 f
  UART_TX_RX/U0_UART_RX/U4/U21/Y (NOR2BX2M)               0.12       1.59 r
  UART_TX_RX/U0_UART_RX/U4/U20/Y (CLKXOR2X2M)             0.21       1.80 r
  UART_TX_RX/U0_UART_RX/U4/count_reg[2]/D (DFFRQX2M)      0.00       1.80 r
  data arrival time                                                  1.80

  clock Rx_clk (rise edge)                              271.29     271.29
  clock network delay (ideal)                             0.00     271.29
  clock uncertainty                                      -0.20     271.09
  UART_TX_RX/U0_UART_RX/U4/count_reg[2]/CK (DFFRQX2M)     0.00     271.09 r
  library setup time                                     -0.30     270.79
  data required time                                               270.79
  --------------------------------------------------------------------------
  data required time                                               270.79
  data arrival time                                                 -1.80
  --------------------------------------------------------------------------
  slack (MET)                                                      268.99


  Startpoint: UART_TX_RX/U0_UART_RX/U7/c_state_reg[2]
              (rising edge-triggered flip-flop clocked by Rx_clk)
  Endpoint: UART_TX_RX/U0_UART_RX/U4/parity_reg_reg
            (rising edge-triggered flip-flop clocked by Rx_clk)
  Path Group: Rx_clk
  Path Type: max

  Point                                                   Incr       Path
  --------------------------------------------------------------------------
  clock Rx_clk (rise edge)                                0.00       0.00
  clock network delay (ideal)                             0.00       0.00
  UART_TX_RX/U0_UART_RX/U7/c_state_reg[2]/CK (DFFRQX2M)
                                                          0.00       0.00 r
  UART_TX_RX/U0_UART_RX/U7/c_state_reg[2]/Q (DFFRQX2M)
                                                          0.49       0.49 f
  UART_TX_RX/U0_UART_RX/U7/U12/Y (NOR3X2M)                0.32       0.81 r
  UART_TX_RX/U0_UART_RX/U7/U6/Y (INVX2M)                  0.12       0.93 f
  UART_TX_RX/U0_UART_RX/U7/U5/Y (NOR2X2M)                 0.12       1.04 r
  UART_TX_RX/U0_UART_RX/U7/U3/Y (OAI2BB2X1M)              0.27       1.31 r
  UART_TX_RX/U0_UART_RX/U7/par_chk_en (RX_FSM)            0.00       1.31 r
  UART_TX_RX/U0_UART_RX/U4/Par_chk_en (Parity_chk)        0.00       1.31 r
  UART_TX_RX/U0_UART_RX/U4/U14/Y (NAND2X2M)               0.12       1.43 f
  UART_TX_RX/U0_UART_RX/U4/U13/Y (CLKXOR2X2M)             0.18       1.61 f
  UART_TX_RX/U0_UART_RX/U4/U12/Y (NOR2X2M)                0.10       1.71 r
  UART_TX_RX/U0_UART_RX/U4/parity_reg_reg/D (DFFRQX2M)
                                                          0.00       1.71 r
  data arrival time                                                  1.71

  clock Rx_clk (rise edge)                              271.29     271.29
  clock network delay (ideal)                             0.00     271.29
  clock uncertainty                                      -0.20     271.09
  UART_TX_RX/U0_UART_RX/U4/parity_reg_reg/CK (DFFRQX2M)
                                                          0.00     271.09 r
  library setup time                                     -0.30     270.79
  data required time                                               270.79
  --------------------------------------------------------------------------
  data required time                                               270.79
  data arrival time                                                 -1.71
  --------------------------------------------------------------------------
  slack (MET)                                                      269.08


  Startpoint: UART_TX_RX/U0_UART_RX/U7/c_state_reg[2]
              (rising edge-triggered flip-flop clocked by Rx_clk)
  Endpoint: UART_TX_RX/U0_UART_RX/U4/count_reg[0]
            (rising edge-triggered flip-flop clocked by Rx_clk)
  Path Group: Rx_clk
  Path Type: max

  Point                                                   Incr       Path
  --------------------------------------------------------------------------
  clock Rx_clk (rise edge)                                0.00       0.00
  clock network delay (ideal)                             0.00       0.00
  UART_TX_RX/U0_UART_RX/U7/c_state_reg[2]/CK (DFFRQX2M)
                                                          0.00       0.00 r
  UART_TX_RX/U0_UART_RX/U7/c_state_reg[2]/Q (DFFRQX2M)
                                                          0.49       0.49 f
  UART_TX_RX/U0_UART_RX/U7/U12/Y (NOR3X2M)                0.32       0.81 r
  UART_TX_RX/U0_UART_RX/U7/U6/Y (INVX2M)                  0.12       0.93 f
  UART_TX_RX/U0_UART_RX/U7/U5/Y (NOR2X2M)                 0.12       1.04 r
  UART_TX_RX/U0_UART_RX/U7/U3/Y (OAI2BB2X1M)              0.27       1.31 r
  UART_TX_RX/U0_UART_RX/U7/par_chk_en (RX_FSM)            0.00       1.31 r
  UART_TX_RX/U0_UART_RX/U4/Par_chk_en (Parity_chk)        0.00       1.31 r
  UART_TX_RX/U0_UART_RX/U4/U5/Y (INVX2M)                  0.11       1.42 f
  UART_TX_RX/U0_UART_RX/U4/U6/Y (OAI32X1M)                0.24       1.66 r
  UART_TX_RX/U0_UART_RX/U4/count_reg[0]/D (DFFRQX2M)      0.00       1.66 r
  data arrival time                                                  1.66

  clock Rx_clk (rise edge)                              271.29     271.29
  clock network delay (ideal)                             0.00     271.29
  clock uncertainty                                      -0.20     271.09
  UART_TX_RX/U0_UART_RX/U4/count_reg[0]/CK (DFFRQX2M)     0.00     271.09 r
  library setup time                                     -0.35     270.74
  data required time                                               270.74
  --------------------------------------------------------------------------
  data required time                                               270.74
  data arrival time                                                 -1.66
  --------------------------------------------------------------------------
  slack (MET)                                                      269.08


  Startpoint: UART_TX_RX/U0_UART_RX/U7/c_state_reg[2]
              (rising edge-triggered flip-flop clocked by Rx_clk)
  Endpoint: UART_TX_RX/U0_UART_RX/U4/par_err_reg
            (rising edge-triggered flip-flop clocked by Rx_clk)
  Path Group: Rx_clk
  Path Type: max

  Point                                                   Incr       Path
  --------------------------------------------------------------------------
  clock Rx_clk (rise edge)                                0.00       0.00
  clock network delay (ideal)                             0.00       0.00
  UART_TX_RX/U0_UART_RX/U7/c_state_reg[2]/CK (DFFRQX2M)
                                                          0.00       0.00 r
  UART_TX_RX/U0_UART_RX/U7/c_state_reg[2]/Q (DFFRQX2M)
                                                          0.49       0.49 f
  UART_TX_RX/U0_UART_RX/U7/U12/Y (NOR3X2M)                0.32       0.81 r
  UART_TX_RX/U0_UART_RX/U7/U6/Y (INVX2M)                  0.12       0.93 f
  UART_TX_RX/U0_UART_RX/U7/U5/Y (NOR2X2M)                 0.12       1.04 r
  UART_TX_RX/U0_UART_RX/U7/U3/Y (OAI2BB2X1M)              0.27       1.31 r
  UART_TX_RX/U0_UART_RX/U7/par_chk_en (RX_FSM)            0.00       1.31 r
  UART_TX_RX/U0_UART_RX/U4/Par_chk_en (Parity_chk)        0.00       1.31 r
  UART_TX_RX/U0_UART_RX/U4/U4/Y (NAND3X2M)                0.18       1.49 f
  UART_TX_RX/U0_UART_RX/U4/U10/Y (OAI2BB2X1M)             0.16       1.65 r
  UART_TX_RX/U0_UART_RX/U4/par_err_reg/D (DFFRQX2M)       0.00       1.65 r
  data arrival time                                                  1.65

  clock Rx_clk (rise edge)                              271.29     271.29
  clock network delay (ideal)                             0.00     271.29
  clock uncertainty                                      -0.20     271.09
  UART_TX_RX/U0_UART_RX/U4/par_err_reg/CK (DFFRQX2M)      0.00     271.09 r
  library setup time                                     -0.31     270.78
  data required time                                               270.78
  --------------------------------------------------------------------------
  data required time                                               270.78
  data arrival time                                                 -1.65
  --------------------------------------------------------------------------
  slack (MET)                                                      269.13


  Startpoint: UART_TX_RX/U0_UART_RX/U7/c_state_reg[2]
              (rising edge-triggered flip-flop clocked by Rx_clk)
  Endpoint: UART_TX_RX/U0_UART_RX/U4/count_reg[1]
            (rising edge-triggered flip-flop clocked by Rx_clk)
  Path Group: Rx_clk
  Path Type: max

  Point                                                   Incr       Path
  --------------------------------------------------------------------------
  clock Rx_clk (rise edge)                                0.00       0.00
  clock network delay (ideal)                             0.00       0.00
  UART_TX_RX/U0_UART_RX/U7/c_state_reg[2]/CK (DFFRQX2M)
                                                          0.00       0.00 r
  UART_TX_RX/U0_UART_RX/U7/c_state_reg[2]/Q (DFFRQX2M)
                                                          0.49       0.49 f
  UART_TX_RX/U0_UART_RX/U7/U12/Y (NOR3X2M)                0.32       0.81 r
  UART_TX_RX/U0_UART_RX/U7/U6/Y (INVX2M)                  0.12       0.93 f
  UART_TX_RX/U0_UART_RX/U7/U5/Y (NOR2X2M)                 0.12       1.04 r
  UART_TX_RX/U0_UART_RX/U7/U3/Y (OAI2BB2X1M)              0.27       1.31 r
  UART_TX_RX/U0_UART_RX/U7/par_chk_en (RX_FSM)            0.00       1.31 r
  UART_TX_RX/U0_UART_RX/U4/Par_chk_en (Parity_chk)        0.00       1.31 r
  UART_TX_RX/U0_UART_RX/U4/U9/Y (NAND2X2M)                0.15       1.46 f
  UART_TX_RX/U0_UART_RX/U4/U8/Y (XNOR2X2M)                0.14       1.61 r
  UART_TX_RX/U0_UART_RX/U4/count_reg[1]/D (DFFRQX2M)      0.00       1.61 r
  data arrival time                                                  1.61

  clock Rx_clk (rise edge)                              271.29     271.29
  clock network delay (ideal)                             0.00     271.29
  clock uncertainty                                      -0.20     271.09
  UART_TX_RX/U0_UART_RX/U4/count_reg[1]/CK (DFFRQX2M)     0.00     271.09 r
  library setup time                                     -0.32     270.77
  data required time                                               270.77
  --------------------------------------------------------------------------
  data required time                                               270.77
  data arrival time                                                 -1.61
  --------------------------------------------------------------------------
  slack (MET)                                                      269.16


  Startpoint: UART_TX_RX/U0_UART_RX/U7/c_state_reg[2]
              (rising edge-triggered flip-flop clocked by Rx_clk)
  Endpoint: UART_TX_RX/U0_UART_RX/U4/par_done_reg
            (rising edge-triggered flip-flop clocked by Rx_clk)
  Path Group: Rx_clk
  Path Type: max

  Point                                                   Incr       Path
  --------------------------------------------------------------------------
  clock Rx_clk (rise edge)                                0.00       0.00
  clock network delay (ideal)                             0.00       0.00
  UART_TX_RX/U0_UART_RX/U7/c_state_reg[2]/CK (DFFRQX2M)
                                                          0.00       0.00 r
  UART_TX_RX/U0_UART_RX/U7/c_state_reg[2]/Q (DFFRQX2M)
                                                          0.49       0.49 f
  UART_TX_RX/U0_UART_RX/U7/U12/Y (NOR3X2M)                0.32       0.81 r
  UART_TX_RX/U0_UART_RX/U7/U6/Y (INVX2M)                  0.12       0.93 f
  UART_TX_RX/U0_UART_RX/U7/U5/Y (NOR2X2M)                 0.12       1.04 r
  UART_TX_RX/U0_UART_RX/U7/U3/Y (OAI2BB2X1M)              0.27       1.31 r
  UART_TX_RX/U0_UART_RX/U7/par_chk_en (RX_FSM)            0.00       1.31 r
  UART_TX_RX/U0_UART_RX/U4/Par_chk_en (Parity_chk)        0.00       1.31 r
  UART_TX_RX/U0_UART_RX/U4/U4/Y (NAND3X2M)                0.18       1.49 f
  UART_TX_RX/U0_UART_RX/U4/U3/Y (INVX2M)                  0.09       1.58 r
  UART_TX_RX/U0_UART_RX/U4/par_done_reg/D (DFFRQX2M)      0.00       1.58 r
  data arrival time                                                  1.58

  clock Rx_clk (rise edge)                              271.29     271.29
  clock network delay (ideal)                             0.00     271.29
  clock uncertainty                                      -0.20     271.09
  UART_TX_RX/U0_UART_RX/U4/par_done_reg/CK (DFFRQX2M)     0.00     271.09 r
  library setup time                                     -0.30     270.79
  data required time                                               270.79
  --------------------------------------------------------------------------
  data required time                                               270.79
  data arrival time                                                 -1.58
  --------------------------------------------------------------------------
  slack (MET)                                                      269.20


  Startpoint: UART_TX_RX/U0_UART_RX/U7/c_state_reg[2]
              (rising edge-triggered flip-flop clocked by Rx_clk)
  Endpoint: UART_TX_RX/U0_UART_RX/U3/P_DATA_reg[0]
            (rising edge-triggered flip-flop clocked by Rx_clk)
  Path Group: Rx_clk
  Path Type: max

  Point                                                   Incr       Path
  --------------------------------------------------------------------------
  clock Rx_clk (rise edge)                                0.00       0.00
  clock network delay (ideal)                             0.00       0.00
  UART_TX_RX/U0_UART_RX/U7/c_state_reg[2]/CK (DFFRQX2M)
                                                          0.00       0.00 r
  UART_TX_RX/U0_UART_RX/U7/c_state_reg[2]/Q (DFFRQX2M)
                                                          0.49       0.49 f
  UART_TX_RX/U0_UART_RX/U7/U12/Y (NOR3X2M)                0.32       0.81 r
  UART_TX_RX/U0_UART_RX/U7/U6/Y (INVX2M)                  0.12       0.93 f
  UART_TX_RX/U0_UART_RX/U7/U5/Y (NOR2X2M)                 0.12       1.04 r
  UART_TX_RX/U0_UART_RX/U7/deser_en (RX_FSM)              0.00       1.04 r
  UART_TX_RX/U0_UART_RX/U3/derser_en (DeSerializer)       0.00       1.04 r
  UART_TX_RX/U0_UART_RX/U3/U3/Y (BUFX2M)                  0.21       1.26 r
  UART_TX_RX/U0_UART_RX/U3/U2/Y (INVX2M)                  0.12       1.38 f
  UART_TX_RX/U0_UART_RX/U3/U11/Y (OAI2BB2X1M)             0.15       1.53 r
  UART_TX_RX/U0_UART_RX/U3/P_DATA_reg[0]/D (DFFRQX2M)     0.00       1.53 r
  data arrival time                                                  1.53

  clock Rx_clk (rise edge)                              271.29     271.29
  clock network delay (ideal)                             0.00     271.29
  clock uncertainty                                      -0.20     271.09
  UART_TX_RX/U0_UART_RX/U3/P_DATA_reg[0]/CK (DFFRQX2M)
                                                          0.00     271.09 r
  library setup time                                     -0.31     270.78
  data required time                                               270.78
  --------------------------------------------------------------------------
  data required time                                               270.78
  data arrival time                                                 -1.53
  --------------------------------------------------------------------------
  slack (MET)                                                      269.25


  Startpoint: UART_TX_RX/U0_UART_RX/U7/c_state_reg[2]
              (rising edge-triggered flip-flop clocked by Rx_clk)
  Endpoint: UART_TX_RX/U0_UART_RX/U3/P_DATA_reg[6]
            (rising edge-triggered flip-flop clocked by Rx_clk)
  Path Group: Rx_clk
  Path Type: max

  Point                                                   Incr       Path
  --------------------------------------------------------------------------
  clock Rx_clk (rise edge)                                0.00       0.00
  clock network delay (ideal)                             0.00       0.00
  UART_TX_RX/U0_UART_RX/U7/c_state_reg[2]/CK (DFFRQX2M)
                                                          0.00       0.00 r
  UART_TX_RX/U0_UART_RX/U7/c_state_reg[2]/Q (DFFRQX2M)
                                                          0.49       0.49 f
  UART_TX_RX/U0_UART_RX/U7/U12/Y (NOR3X2M)                0.32       0.81 r
  UART_TX_RX/U0_UART_RX/U7/U6/Y (INVX2M)                  0.12       0.93 f
  UART_TX_RX/U0_UART_RX/U7/U5/Y (NOR2X2M)                 0.12       1.04 r
  UART_TX_RX/U0_UART_RX/U7/deser_en (RX_FSM)              0.00       1.04 r
  UART_TX_RX/U0_UART_RX/U3/derser_en (DeSerializer)       0.00       1.04 r
  UART_TX_RX/U0_UART_RX/U3/U3/Y (BUFX2M)                  0.21       1.26 r
  UART_TX_RX/U0_UART_RX/U3/U2/Y (INVX2M)                  0.12       1.38 f
  UART_TX_RX/U0_UART_RX/U3/U9/Y (OAI22X1M)                0.11       1.49 r
  UART_TX_RX/U0_UART_RX/U3/P_DATA_reg[6]/D (DFFRQX2M)     0.00       1.49 r
  data arrival time                                                  1.49

  clock Rx_clk (rise edge)                              271.29     271.29
  clock network delay (ideal)                             0.00     271.29
  clock uncertainty                                      -0.20     271.09
  UART_TX_RX/U0_UART_RX/U3/P_DATA_reg[6]/CK (DFFRQX2M)
                                                          0.00     271.09 r
  library setup time                                     -0.33     270.76
  data required time                                               270.76
  --------------------------------------------------------------------------
  data required time                                               270.76
  data arrival time                                                 -1.49
  --------------------------------------------------------------------------
  slack (MET)                                                      269.27


  Startpoint: UART_TX_RX/U0_UART_RX/U7/c_state_reg[2]
              (rising edge-triggered flip-flop clocked by Rx_clk)
  Endpoint: UART_TX_RX/U0_UART_RX/U3/P_DATA_reg[5]
            (rising edge-triggered flip-flop clocked by Rx_clk)
  Path Group: Rx_clk
  Path Type: max

  Point                                                   Incr       Path
  --------------------------------------------------------------------------
  clock Rx_clk (rise edge)                                0.00       0.00
  clock network delay (ideal)                             0.00       0.00
  UART_TX_RX/U0_UART_RX/U7/c_state_reg[2]/CK (DFFRQX2M)
                                                          0.00       0.00 r
  UART_TX_RX/U0_UART_RX/U7/c_state_reg[2]/Q (DFFRQX2M)
                                                          0.49       0.49 f
  UART_TX_RX/U0_UART_RX/U7/U12/Y (NOR3X2M)                0.32       0.81 r
  UART_TX_RX/U0_UART_RX/U7/U6/Y (INVX2M)                  0.12       0.93 f
  UART_TX_RX/U0_UART_RX/U7/U5/Y (NOR2X2M)                 0.12       1.04 r
  UART_TX_RX/U0_UART_RX/U7/deser_en (RX_FSM)              0.00       1.04 r
  UART_TX_RX/U0_UART_RX/U3/derser_en (DeSerializer)       0.00       1.04 r
  UART_TX_RX/U0_UART_RX/U3/U3/Y (BUFX2M)                  0.21       1.26 r
  UART_TX_RX/U0_UART_RX/U3/U2/Y (INVX2M)                  0.12       1.38 f
  UART_TX_RX/U0_UART_RX/U3/U8/Y (OAI22X1M)                0.11       1.49 r
  UART_TX_RX/U0_UART_RX/U3/P_DATA_reg[5]/D (DFFRQX2M)     0.00       1.49 r
  data arrival time                                                  1.49

  clock Rx_clk (rise edge)                              271.29     271.29
  clock network delay (ideal)                             0.00     271.29
  clock uncertainty                                      -0.20     271.09
  UART_TX_RX/U0_UART_RX/U3/P_DATA_reg[5]/CK (DFFRQX2M)
                                                          0.00     271.09 r
  library setup time                                     -0.33     270.76
  data required time                                               270.76
  --------------------------------------------------------------------------
  data required time                                               270.76
  data arrival time                                                 -1.49
  --------------------------------------------------------------------------
  slack (MET)                                                      269.27


  Startpoint: UART_TX_RX/U0_UART_RX/U7/c_state_reg[2]
              (rising edge-triggered flip-flop clocked by Rx_clk)
  Endpoint: UART_TX_RX/U0_UART_RX/U3/P_DATA_reg[4]
            (rising edge-triggered flip-flop clocked by Rx_clk)
  Path Group: Rx_clk
  Path Type: max

  Point                                                   Incr       Path
  --------------------------------------------------------------------------
  clock Rx_clk (rise edge)                                0.00       0.00
  clock network delay (ideal)                             0.00       0.00
  UART_TX_RX/U0_UART_RX/U7/c_state_reg[2]/CK (DFFRQX2M)
                                                          0.00       0.00 r
  UART_TX_RX/U0_UART_RX/U7/c_state_reg[2]/Q (DFFRQX2M)
                                                          0.49       0.49 f
  UART_TX_RX/U0_UART_RX/U7/U12/Y (NOR3X2M)                0.32       0.81 r
  UART_TX_RX/U0_UART_RX/U7/U6/Y (INVX2M)                  0.12       0.93 f
  UART_TX_RX/U0_UART_RX/U7/U5/Y (NOR2X2M)                 0.12       1.04 r
  UART_TX_RX/U0_UART_RX/U7/deser_en (RX_FSM)              0.00       1.04 r
  UART_TX_RX/U0_UART_RX/U3/derser_en (DeSerializer)       0.00       1.04 r
  UART_TX_RX/U0_UART_RX/U3/U3/Y (BUFX2M)                  0.21       1.26 r
  UART_TX_RX/U0_UART_RX/U3/U2/Y (INVX2M)                  0.12       1.38 f
  UART_TX_RX/U0_UART_RX/U3/U7/Y (OAI22X1M)                0.11       1.49 r
  UART_TX_RX/U0_UART_RX/U3/P_DATA_reg[4]/D (DFFRQX2M)     0.00       1.49 r
  data arrival time                                                  1.49

  clock Rx_clk (rise edge)                              271.29     271.29
  clock network delay (ideal)                             0.00     271.29
  clock uncertainty                                      -0.20     271.09
  UART_TX_RX/U0_UART_RX/U3/P_DATA_reg[4]/CK (DFFRQX2M)
                                                          0.00     271.09 r
  library setup time                                     -0.33     270.76
  data required time                                               270.76
  --------------------------------------------------------------------------
  data required time                                               270.76
  data arrival time                                                 -1.49
  --------------------------------------------------------------------------
  slack (MET)                                                      269.27


  Startpoint: UART_TX_RX/U0_UART_RX/U7/c_state_reg[2]
              (rising edge-triggered flip-flop clocked by Rx_clk)
  Endpoint: UART_TX_RX/U0_UART_RX/U3/P_DATA_reg[3]
            (rising edge-triggered flip-flop clocked by Rx_clk)
  Path Group: Rx_clk
  Path Type: max

  Point                                                   Incr       Path
  --------------------------------------------------------------------------
  clock Rx_clk (rise edge)                                0.00       0.00
  clock network delay (ideal)                             0.00       0.00
  UART_TX_RX/U0_UART_RX/U7/c_state_reg[2]/CK (DFFRQX2M)
                                                          0.00       0.00 r
  UART_TX_RX/U0_UART_RX/U7/c_state_reg[2]/Q (DFFRQX2M)
                                                          0.49       0.49 f
  UART_TX_RX/U0_UART_RX/U7/U12/Y (NOR3X2M)                0.32       0.81 r
  UART_TX_RX/U0_UART_RX/U7/U6/Y (INVX2M)                  0.12       0.93 f
  UART_TX_RX/U0_UART_RX/U7/U5/Y (NOR2X2M)                 0.12       1.04 r
  UART_TX_RX/U0_UART_RX/U7/deser_en (RX_FSM)              0.00       1.04 r
  UART_TX_RX/U0_UART_RX/U3/derser_en (DeSerializer)       0.00       1.04 r
  UART_TX_RX/U0_UART_RX/U3/U3/Y (BUFX2M)                  0.21       1.26 r
  UART_TX_RX/U0_UART_RX/U3/U2/Y (INVX2M)                  0.12       1.38 f
  UART_TX_RX/U0_UART_RX/U3/U6/Y (OAI22X1M)                0.11       1.49 r
  UART_TX_RX/U0_UART_RX/U3/P_DATA_reg[3]/D (DFFRQX2M)     0.00       1.49 r
  data arrival time                                                  1.49

  clock Rx_clk (rise edge)                              271.29     271.29
  clock network delay (ideal)                             0.00     271.29
  clock uncertainty                                      -0.20     271.09
  UART_TX_RX/U0_UART_RX/U3/P_DATA_reg[3]/CK (DFFRQX2M)
                                                          0.00     271.09 r
  library setup time                                     -0.33     270.76
  data required time                                               270.76
  --------------------------------------------------------------------------
  data required time                                               270.76
  data arrival time                                                 -1.49
  --------------------------------------------------------------------------
  slack (MET)                                                      269.27


  Startpoint: UART_TX_RX/U0_UART_RX/U7/c_state_reg[2]
              (rising edge-triggered flip-flop clocked by Rx_clk)
  Endpoint: UART_TX_RX/U0_UART_RX/U3/P_DATA_reg[2]
            (rising edge-triggered flip-flop clocked by Rx_clk)
  Path Group: Rx_clk
  Path Type: max

  Point                                                   Incr       Path
  --------------------------------------------------------------------------
  clock Rx_clk (rise edge)                                0.00       0.00
  clock network delay (ideal)                             0.00       0.00
  UART_TX_RX/U0_UART_RX/U7/c_state_reg[2]/CK (DFFRQX2M)
                                                          0.00       0.00 r
  UART_TX_RX/U0_UART_RX/U7/c_state_reg[2]/Q (DFFRQX2M)
                                                          0.49       0.49 f
  UART_TX_RX/U0_UART_RX/U7/U12/Y (NOR3X2M)                0.32       0.81 r
  UART_TX_RX/U0_UART_RX/U7/U6/Y (INVX2M)                  0.12       0.93 f
  UART_TX_RX/U0_UART_RX/U7/U5/Y (NOR2X2M)                 0.12       1.04 r
  UART_TX_RX/U0_UART_RX/U7/deser_en (RX_FSM)              0.00       1.04 r
  UART_TX_RX/U0_UART_RX/U3/derser_en (DeSerializer)       0.00       1.04 r
  UART_TX_RX/U0_UART_RX/U3/U3/Y (BUFX2M)                  0.21       1.26 r
  UART_TX_RX/U0_UART_RX/U3/U2/Y (INVX2M)                  0.12       1.38 f
  UART_TX_RX/U0_UART_RX/U3/U5/Y (OAI22X1M)                0.11       1.49 r
  UART_TX_RX/U0_UART_RX/U3/P_DATA_reg[2]/D (DFFRQX2M)     0.00       1.49 r
  data arrival time                                                  1.49

  clock Rx_clk (rise edge)                              271.29     271.29
  clock network delay (ideal)                             0.00     271.29
  clock uncertainty                                      -0.20     271.09
  UART_TX_RX/U0_UART_RX/U3/P_DATA_reg[2]/CK (DFFRQX2M)
                                                          0.00     271.09 r
  library setup time                                     -0.33     270.76
  data required time                                               270.76
  --------------------------------------------------------------------------
  data required time                                               270.76
  data arrival time                                                 -1.49
  --------------------------------------------------------------------------
  slack (MET)                                                      269.27


  Startpoint: UART_TX_RX/U0_UART_RX/U7/c_state_reg[2]
              (rising edge-triggered flip-flop clocked by Rx_clk)
  Endpoint: UART_TX_RX/U0_UART_RX/U3/P_DATA_reg[1]
            (rising edge-triggered flip-flop clocked by Rx_clk)
  Path Group: Rx_clk
  Path Type: max

  Point                                                   Incr       Path
  --------------------------------------------------------------------------
  clock Rx_clk (rise edge)                                0.00       0.00
  clock network delay (ideal)                             0.00       0.00
  UART_TX_RX/U0_UART_RX/U7/c_state_reg[2]/CK (DFFRQX2M)
                                                          0.00       0.00 r
  UART_TX_RX/U0_UART_RX/U7/c_state_reg[2]/Q (DFFRQX2M)
                                                          0.49       0.49 f
  UART_TX_RX/U0_UART_RX/U7/U12/Y (NOR3X2M)                0.32       0.81 r
  UART_TX_RX/U0_UART_RX/U7/U6/Y (INVX2M)                  0.12       0.93 f
  UART_TX_RX/U0_UART_RX/U7/U5/Y (NOR2X2M)                 0.12       1.04 r
  UART_TX_RX/U0_UART_RX/U7/deser_en (RX_FSM)              0.00       1.04 r
  UART_TX_RX/U0_UART_RX/U3/derser_en (DeSerializer)       0.00       1.04 r
  UART_TX_RX/U0_UART_RX/U3/U3/Y (BUFX2M)                  0.21       1.26 r
  UART_TX_RX/U0_UART_RX/U3/U2/Y (INVX2M)                  0.12       1.38 f
  UART_TX_RX/U0_UART_RX/U3/U4/Y (OAI22X1M)                0.11       1.49 r
  UART_TX_RX/U0_UART_RX/U3/P_DATA_reg[1]/D (DFFRQX2M)     0.00       1.49 r
  data arrival time                                                  1.49

  clock Rx_clk (rise edge)                              271.29     271.29
  clock network delay (ideal)                             0.00     271.29
  clock uncertainty                                      -0.20     271.09
  UART_TX_RX/U0_UART_RX/U3/P_DATA_reg[1]/CK (DFFRQX2M)
                                                          0.00     271.09 r
  library setup time                                     -0.33     270.76
  data required time                                               270.76
  --------------------------------------------------------------------------
  data required time                                               270.76
  data arrival time                                                 -1.49
  --------------------------------------------------------------------------
  slack (MET)                                                      269.27


  Startpoint: UART_TX_RX/U0_UART_RX/U7/c_state_reg[2]
              (rising edge-triggered flip-flop clocked by Rx_clk)
  Endpoint: UART_TX_RX/U0_UART_RX/U3/P_DATA_reg[7]
            (rising edge-triggered flip-flop clocked by Rx_clk)
  Path Group: Rx_clk
  Path Type: max

  Point                                                   Incr       Path
  --------------------------------------------------------------------------
  clock Rx_clk (rise edge)                                0.00       0.00
  clock network delay (ideal)                             0.00       0.00
  UART_TX_RX/U0_UART_RX/U7/c_state_reg[2]/CK (DFFRQX2M)
                                                          0.00       0.00 r
  UART_TX_RX/U0_UART_RX/U7/c_state_reg[2]/Q (DFFRQX2M)
                                                          0.49       0.49 f
  UART_TX_RX/U0_UART_RX/U7/U12/Y (NOR3X2M)                0.32       0.81 r
  UART_TX_RX/U0_UART_RX/U7/U6/Y (INVX2M)                  0.12       0.93 f
  UART_TX_RX/U0_UART_RX/U7/U5/Y (NOR2X2M)                 0.12       1.04 r
  UART_TX_RX/U0_UART_RX/U7/deser_en (RX_FSM)              0.00       1.04 r
  UART_TX_RX/U0_UART_RX/U3/derser_en (DeSerializer)       0.00       1.04 r
  UART_TX_RX/U0_UART_RX/U3/U3/Y (BUFX2M)                  0.21       1.26 r
  UART_TX_RX/U0_UART_RX/U3/U10/Y (OAI2BB2X1M)             0.17       1.43 r
  UART_TX_RX/U0_UART_RX/U3/P_DATA_reg[7]/D (DFFRQX2M)     0.00       1.43 r
  data arrival time                                                  1.43

  clock Rx_clk (rise edge)                              271.29     271.29
  clock network delay (ideal)                             0.00     271.29
  clock uncertainty                                      -0.20     271.09
  UART_TX_RX/U0_UART_RX/U3/P_DATA_reg[7]/CK (DFFRQX2M)
                                                          0.00     271.09 r
  library setup time                                     -0.31     270.78
  data required time                                               270.78
  --------------------------------------------------------------------------
  data required time                                               270.78
  data arrival time                                                 -1.43
  --------------------------------------------------------------------------
  slack (MET)                                                      269.34


  Startpoint: UART_TX_RX/U0_UART_RX/U6/stp_err_reg
              (rising edge-triggered flip-flop clocked by Rx_clk)
  Endpoint: UART_TX_RX/U0_UART_RX/U7/data_valid_reg
            (rising edge-triggered flip-flop clocked by Rx_clk)
  Path Group: Rx_clk
  Path Type: max

  Point                                                   Incr       Path
  --------------------------------------------------------------------------
  clock Rx_clk (rise edge)                                0.00       0.00
  clock network delay (ideal)                             0.00       0.00
  UART_TX_RX/U0_UART_RX/U6/stp_err_reg/CK (DFFRQX2M)      0.00       0.00 r
  UART_TX_RX/U0_UART_RX/U6/stp_err_reg/Q (DFFRQX2M)       0.75       0.75 f
  UART_TX_RX/U0_UART_RX/U6/stp_err (stp_chk)              0.00       0.75 f
  UART_TX_RX/U0_UART_RX/U7/stp_err (RX_FSM)               0.00       0.75 f
  UART_TX_RX/U0_UART_RX/U7/U31/Y (AO21XLM)                0.39       1.14 f
  UART_TX_RX/U0_UART_RX/U7/U30/Y (NOR4BBX1M)              0.24       1.39 r
  UART_TX_RX/U0_UART_RX/U7/data_valid_reg/D (DFFRQX2M)
                                                          0.00       1.39 r
  data arrival time                                                  1.39

  clock Rx_clk (rise edge)                              271.29     271.29
  clock network delay (ideal)                             0.00     271.29
  clock uncertainty                                      -0.20     271.09
  UART_TX_RX/U0_UART_RX/U7/data_valid_reg/CK (DFFRQX2M)
                                                          0.00     271.09 r
  library setup time                                     -0.33     270.76
  data required time                                               270.76
  --------------------------------------------------------------------------
  data required time                                               270.76
  data arrival time                                                 -1.39
  --------------------------------------------------------------------------
  slack (MET)                                                      269.38


  Startpoint: UART_TX_RX/U0_UART_RX/U1/Bit_cnt_reg[1]
              (rising edge-triggered flip-flop clocked by Rx_clk)
  Endpoint: UART_TX_RX/U0_UART_RX/U7/c_state_reg[2]
            (rising edge-triggered flip-flop clocked by Rx_clk)
  Path Group: Rx_clk
  Path Type: max

  Point                                                   Incr       Path
  --------------------------------------------------------------------------
  clock Rx_clk (rise edge)                                0.00       0.00
  clock network delay (ideal)                             0.00       0.00
  UART_TX_RX/U0_UART_RX/U1/Bit_cnt_reg[1]/CK (DFFRQX2M)
                                                          0.00       0.00 r
  UART_TX_RX/U0_UART_RX/U1/Bit_cnt_reg[1]/Q (DFFRQX2M)
                                                          0.50       0.50 f
  UART_TX_RX/U0_UART_RX/U1/Bit_cnt[1] (Edge_Bit_Counter)
                                                          0.00       0.50 f
  UART_TX_RX/U0_UART_RX/U7/bit_cnt[1] (RX_FSM)            0.00       0.50 f
  UART_TX_RX/U0_UART_RX/U7/U21/Y (NOR3X2M)                0.22       0.72 r
  UART_TX_RX/U0_UART_RX/U7/U20/Y (NAND3X2M)               0.16       0.88 f
  UART_TX_RX/U0_UART_RX/U7/U25/Y (INVX2M)                 0.08       0.96 r
  UART_TX_RX/U0_UART_RX/U7/U23/Y (AOI31X2M)               0.11       1.07 f
  UART_TX_RX/U0_UART_RX/U7/U22/Y (OAI2B1X2M)              0.08       1.14 r
  UART_TX_RX/U0_UART_RX/U7/c_state_reg[2]/D (DFFRQX2M)
                                                          0.00       1.14 r
  data arrival time                                                  1.14

  clock Rx_clk (rise edge)                              271.29     271.29
  clock network delay (ideal)                             0.00     271.29
  clock uncertainty                                      -0.20     271.09
  UART_TX_RX/U0_UART_RX/U7/c_state_reg[2]/CK (DFFRQX2M)
                                                          0.00     271.09 r
  library setup time                                     -0.31     270.78
  data required time                                               270.78
  --------------------------------------------------------------------------
  data required time                                               270.78
  data arrival time                                                 -1.14
  --------------------------------------------------------------------------
  slack (MET)                                                      269.63


  Startpoint: UART_TX_RX/U0_UART_RX/U7/c_state_reg[2]
              (rising edge-triggered flip-flop clocked by Rx_clk)
  Endpoint: UART_TX_RX/U0_UART_RX/U7/c_state_reg[1]
            (rising edge-triggered flip-flop clocked by Rx_clk)
  Path Group: Rx_clk
  Path Type: max

  Point                                                   Incr       Path
  --------------------------------------------------------------------------
  clock Rx_clk (rise edge)                                0.00       0.00
  clock network delay (ideal)                             0.00       0.00
  UART_TX_RX/U0_UART_RX/U7/c_state_reg[2]/CK (DFFRQX2M)
                                                          0.00       0.00 r
  UART_TX_RX/U0_UART_RX/U7/c_state_reg[2]/Q (DFFRQX2M)
                                                          0.49       0.49 f
  UART_TX_RX/U0_UART_RX/U7/U29/Y (INVX2M)                 0.08       0.57 r
  UART_TX_RX/U0_UART_RX/U7/U19/Y (NAND2X2M)               0.09       0.66 f
  UART_TX_RX/U0_UART_RX/U7/U7/Y (OR2X2M)                  0.20       0.87 f
  UART_TX_RX/U0_UART_RX/U7/U18/Y (NOR2X2M)                0.14       1.01 r
  UART_TX_RX/U0_UART_RX/U7/U16/Y (INVX2M)                 0.06       1.07 f
  UART_TX_RX/U0_UART_RX/U7/U14/Y (OAI2B11X2M)             0.07       1.14 r
  UART_TX_RX/U0_UART_RX/U7/c_state_reg[1]/D (DFFRQX2M)
                                                          0.00       1.14 r
  data arrival time                                                  1.14

  clock Rx_clk (rise edge)                              271.29     271.29
  clock network delay (ideal)                             0.00     271.29
  clock uncertainty                                      -0.20     271.09
  UART_TX_RX/U0_UART_RX/U7/c_state_reg[1]/CK (DFFRQX2M)
                                                          0.00     271.09 r
  library setup time                                     -0.32     270.77
  data required time                                               270.77
  --------------------------------------------------------------------------
  data required time                                               270.77
  data arrival time                                                 -1.14
  --------------------------------------------------------------------------
  slack (MET)                                                      269.63


  Startpoint: UART_TX_RX/U0_UART_RX/U7/c_state_reg[1]
              (rising edge-triggered flip-flop clocked by Rx_clk)
  Endpoint: UART_TX_RX/U0_UART_RX/U6/stp_err_reg
            (rising edge-triggered flip-flop clocked by Rx_clk)
  Path Group: Rx_clk
  Path Type: max

  Point                                                   Incr       Path
  --------------------------------------------------------------------------
  clock Rx_clk (rise edge)                                0.00       0.00
  clock network delay (ideal)                             0.00       0.00
  UART_TX_RX/U0_UART_RX/U7/c_state_reg[1]/CK (DFFRQX2M)
                                                          0.00       0.00 r
  UART_TX_RX/U0_UART_RX/U7/c_state_reg[1]/Q (DFFRQX2M)
                                                          0.47       0.47 f
  UART_TX_RX/U0_UART_RX/U7/U27/Y (INVX2M)                 0.11       0.58 r
  UART_TX_RX/U0_UART_RX/U7/U17/Y (NAND3X2M)               0.16       0.75 f
  UART_TX_RX/U0_UART_RX/U7/U8/Y (NOR2X2M)                 0.14       0.88 r
  UART_TX_RX/U0_UART_RX/U7/stp_chk_en (RX_FSM)            0.00       0.88 r
  UART_TX_RX/U0_UART_RX/U6/stp_chk_en (stp_chk)           0.00       0.88 r
  UART_TX_RX/U0_UART_RX/U6/U3/Y (NOR2BX2M)                0.14       1.02 r
  UART_TX_RX/U0_UART_RX/U6/stp_err_reg/D (DFFRQX2M)       0.00       1.02 r
  data arrival time                                                  1.02

  clock Rx_clk (rise edge)                              271.29     271.29
  clock network delay (ideal)                             0.00     271.29
  clock uncertainty                                      -0.20     271.09
  UART_TX_RX/U0_UART_RX/U6/stp_err_reg/CK (DFFRQX2M)      0.00     271.09 r
  library setup time                                     -0.31     270.78
  data required time                                               270.78
  --------------------------------------------------------------------------
  data required time                                               270.78
  data arrival time                                                 -1.02
  --------------------------------------------------------------------------
  slack (MET)                                                      269.76


  Startpoint: UART_TX_RX/U0_UART_RX/U7/c_state_reg[2]
              (rising edge-triggered flip-flop clocked by Rx_clk)
  Endpoint: UART_TX_RX/U0_UART_RX/U5/strt_glitch_reg
            (rising edge-triggered flip-flop clocked by Rx_clk)
  Path Group: Rx_clk
  Path Type: max

  Point                                                   Incr       Path
  --------------------------------------------------------------------------
  clock Rx_clk (rise edge)                                0.00       0.00
  clock network delay (ideal)                             0.00       0.00
  UART_TX_RX/U0_UART_RX/U7/c_state_reg[2]/CK (DFFRQX2M)
                                                          0.00       0.00 r
  UART_TX_RX/U0_UART_RX/U7/c_state_reg[2]/Q (DFFRQX2M)
                                                          0.49       0.49 f
  UART_TX_RX/U0_UART_RX/U7/U29/Y (INVX2M)                 0.08       0.57 r
  UART_TX_RX/U0_UART_RX/U7/U19/Y (NAND2X2M)               0.09       0.66 f
  UART_TX_RX/U0_UART_RX/U7/U13/Y (NOR3X2M)                0.18       0.84 r
  UART_TX_RX/U0_UART_RX/U7/strt_chk_en (RX_FSM)           0.00       0.84 r
  UART_TX_RX/U0_UART_RX/U5/Strt_chk_en (Strt_chk)         0.00       0.84 r
  UART_TX_RX/U0_UART_RX/U5/U3/Y (AND2X2M)                 0.15       0.99 r
  UART_TX_RX/U0_UART_RX/U5/strt_glitch_reg/D (DFFRQX2M)
                                                          0.00       0.99 r
  data arrival time                                                  0.99

  clock Rx_clk (rise edge)                              271.29     271.29
  clock network delay (ideal)                             0.00     271.29
  clock uncertainty                                      -0.20     271.09
  UART_TX_RX/U0_UART_RX/U5/strt_glitch_reg/CK (DFFRQX2M)
                                                          0.00     271.09 r
  library setup time                                     -0.30     270.79
  data required time                                               270.79
  --------------------------------------------------------------------------
  data required time                                               270.79
  data arrival time                                                 -0.99
  --------------------------------------------------------------------------
  slack (MET)                                                      269.80


  Startpoint: UART_TX_RX/U0_UART_RX/U7/c_state_reg[1]
              (rising edge-triggered flip-flop clocked by Rx_clk)
  Endpoint: UART_TX_RX/U0_UART_RX/U6/stp_done_reg
            (rising edge-triggered flip-flop clocked by Rx_clk)
  Path Group: Rx_clk
  Path Type: max

  Point                                                   Incr       Path
  --------------------------------------------------------------------------
  clock Rx_clk (rise edge)                                0.00       0.00
  clock network delay (ideal)                             0.00       0.00
  UART_TX_RX/U0_UART_RX/U7/c_state_reg[1]/CK (DFFRQX2M)
                                                          0.00       0.00 r
  UART_TX_RX/U0_UART_RX/U7/c_state_reg[1]/Q (DFFRQX2M)
                                                          0.47       0.47 f
  UART_TX_RX/U0_UART_RX/U7/U27/Y (INVX2M)                 0.11       0.58 r
  UART_TX_RX/U0_UART_RX/U7/U17/Y (NAND3X2M)               0.16       0.75 f
  UART_TX_RX/U0_UART_RX/U7/U8/Y (NOR2X2M)                 0.14       0.88 r
  UART_TX_RX/U0_UART_RX/U7/stp_chk_en (RX_FSM)            0.00       0.88 r
  UART_TX_RX/U0_UART_RX/U6/stp_chk_en (stp_chk)           0.00       0.88 r
  UART_TX_RX/U0_UART_RX/U6/stp_done_reg/D (DFFRQX2M)      0.00       0.88 r
  data arrival time                                                  0.88

  clock Rx_clk (rise edge)                              271.29     271.29
  clock network delay (ideal)                             0.00     271.29
  clock uncertainty                                      -0.20     271.09
  UART_TX_RX/U0_UART_RX/U6/stp_done_reg/CK (DFFRQX2M)     0.00     271.09 r
  library setup time                                     -0.31     270.78
  data required time                                               270.78
  --------------------------------------------------------------------------
  data required time                                               270.78
  data arrival time                                                 -0.88
  --------------------------------------------------------------------------
  slack (MET)                                                      269.90


  Startpoint: UART_TX_RX/U0_UART_RX/U2/Sample_Valid_reg
              (rising edge-triggered flip-flop clocked by Rx_clk)
  Endpoint: UART_TX_RX/U0_UART_RX/U7/sample_valid_d_reg
            (rising edge-triggered flip-flop clocked by Rx_clk)
  Path Group: Rx_clk
  Path Type: max

  Point                                                   Incr       Path
  --------------------------------------------------------------------------
  clock Rx_clk (rise edge)                                0.00       0.00
  clock network delay (ideal)                             0.00       0.00
  UART_TX_RX/U0_UART_RX/U2/Sample_Valid_reg/CK (DFFRQX2M)
                                                          0.00       0.00 r
  UART_TX_RX/U0_UART_RX/U2/Sample_Valid_reg/Q (DFFRQX2M)
                                                          0.41       0.41 r
  UART_TX_RX/U0_UART_RX/U2/Sample_Valid (Data_sampling)
                                                          0.00       0.41 r
  UART_TX_RX/U0_UART_RX/U7/Sample_valid (RX_FSM)          0.00       0.41 r
  UART_TX_RX/U0_UART_RX/U7/sample_valid_d_reg/D (DFFRQX2M)
                                                          0.00       0.41 r
  data arrival time                                                  0.41

  clock Rx_clk (rise edge)                              271.29     271.29
  clock network delay (ideal)                             0.00     271.29
  clock uncertainty                                      -0.20     271.09
  UART_TX_RX/U0_UART_RX/U7/sample_valid_d_reg/CK (DFFRQX2M)
                                                          0.00     271.09 r
  library setup time                                     -0.31     270.78
  data required time                                               270.78
  --------------------------------------------------------------------------
  data required time                                               270.78
  data arrival time                                                 -0.41
  --------------------------------------------------------------------------
  slack (MET)                                                      270.37


  Startpoint: rx_rst_sync/n_synch_reg[1]
              (rising edge-triggered flip-flop clocked by Rx_clk)
  Endpoint: rx_rst_sync/n_synch_reg[2]
            (rising edge-triggered flip-flop clocked by Rx_clk)
  Path Group: Rx_clk
  Path Type: max

  Point                                                   Incr       Path
  --------------------------------------------------------------------------
  clock Rx_clk (rise edge)                                0.00       0.00
  clock network delay (ideal)                             0.00       0.00
  rx_rst_sync/n_synch_reg[1]/CK (DFFRQX2M)                0.00       0.00 r
  rx_rst_sync/n_synch_reg[1]/Q (DFFRQX2M)                 0.35       0.35 r
  rx_rst_sync/n_synch_reg[2]/D (DFFRQX2M)                 0.00       0.35 r
  data arrival time                                                  0.35

  clock Rx_clk (rise edge)                              271.29     271.29
  clock network delay (ideal)                             0.00     271.29
  clock uncertainty                                      -0.20     271.09
  rx_rst_sync/n_synch_reg[2]/CK (DFFRQX2M)                0.00     271.09 r
  library setup time                                     -0.30     270.79
  data required time                                               270.79
  --------------------------------------------------------------------------
  data required time                                               270.79
  data arrival time                                                 -0.35
  --------------------------------------------------------------------------
  slack (MET)                                                      270.44


  Startpoint: rx_rst_sync/n_synch_reg[0]/CK
              (internal path startpoint clocked by Rx_clk)
  Endpoint: rx_rst_sync/n_synch_reg[1]
            (rising edge-triggered flip-flop clocked by Rx_clk)
  Path Group: Rx_clk
  Path Type: max

  Point                                                   Incr       Path
  --------------------------------------------------------------------------
  clock Rx_clk (rise edge)                                0.00       0.00
  clock network delay (ideal)                             0.00       0.00
  input external delay                                    0.00       0.00 r
  rx_rst_sync/n_synch_reg[0]/CK (DFFRQX2M)                0.00       0.00 r
  rx_rst_sync/n_synch_reg[0]/Q (DFFRQX2M)                 0.35       0.35 r
  rx_rst_sync/n_synch_reg[1]/D (DFFRQX2M)                 0.00       0.35 r
  data arrival time                                                  0.35

  clock Rx_clk (rise edge)                              271.29     271.29
  clock network delay (ideal)                             0.00     271.29
  clock uncertainty                                      -0.20     271.09
  rx_rst_sync/n_synch_reg[1]/CK (DFFRQX2M)                0.00     271.09 r
  library setup time                                     -0.30     270.79
  data required time                                               270.79
  --------------------------------------------------------------------------
  data required time                                               270.79
  data arrival time                                                 -0.35
  --------------------------------------------------------------------------
  slack (MET)                                                      270.44


  Startpoint: UART_TX_RX/U0_UART_TX/U2/current_state_reg[1]
              (rising edge-triggered flip-flop clocked by Tx_clk)
  Endpoint: TX_OUT (output port clocked by Tx_clk)
  Path Group: Tx_clk
  Path Type: max

  Point                                                   Incr       Path
  --------------------------------------------------------------------------
  clock Tx_clk (rise edge)                                0.00       0.00
  clock network delay (ideal)                             0.00       0.00
  UART_TX_RX/U0_UART_TX/U2/current_state_reg[1]/CK (DFFRQX2M)
                                                          0.00       0.00 r
  UART_TX_RX/U0_UART_TX/U2/current_state_reg[1]/Q (DFFRQX2M)
                                                          0.47       0.47 f
  UART_TX_RX/U0_UART_TX/U2/U9/Y (INVX2M)                  0.11       0.58 r
  UART_TX_RX/U0_UART_TX/U2/U6/Y (NOR2X2M)                 0.08       0.67 f
  UART_TX_RX/U0_UART_TX/U2/U3/Y (INVX2M)                  0.09       0.76 r
  UART_TX_RX/U0_UART_TX/U2/U5/Y (OAI22X1M)                0.16       0.92 f
  UART_TX_RX/U0_UART_TX/U2/mux_sel[0] (TX_FSM)            0.00       0.92 f
  UART_TX_RX/U0_UART_TX/U4/mux_sel[0] (MUX)               0.00       0.92 f
  UART_TX_RX/U0_UART_TX/U4/U3/Y (OAI21X4M)                0.71       1.63 r
  UART_TX_RX/U0_UART_TX/U4/TX_OUT (MUX)                   0.00       1.63 r
  UART_TX_RX/U0_UART_TX/TX_OUT (TX_TOP_WIDTH8)            0.00       1.63 r
  UART_TX_RX/TX_OUT_S (UART_DATA_WIDTH8)                  0.00       1.63 r
  TX_OUT (out)                                            0.00       1.63 r
  data arrival time                                                  1.63

  clock Tx_clk (rise edge)                             8681.28    8681.28
  clock network delay (ideal)                             0.00    8681.28
  clock uncertainty                                      -0.20    8681.08
  output external delay                               -1736.30    6944.78
  data required time                                              6944.78
  --------------------------------------------------------------------------
  data required time                                              6944.78
  data arrival time                                                 -1.63
  --------------------------------------------------------------------------
  slack (MET)                                                     6943.15


  Startpoint: FIFO_u/U5/RD_PTR_BIN_reg[1]
              (rising edge-triggered flip-flop clocked by Tx_clk)
  Endpoint: UART_TX_RX/U0_UART_TX/U3/par_bit_reg
            (rising edge-triggered flip-flop clocked by Tx_clk)
  Path Group: Tx_clk
  Path Type: max

  Point                                                   Incr       Path
  --------------------------------------------------------------------------
  clock Tx_clk (rise edge)                                0.00       0.00
  clock network delay (ideal)                             0.00       0.00
  FIFO_u/U5/RD_PTR_BIN_reg[1]/CK (DFFRQX2M)               0.00       0.00 r
  FIFO_u/U5/RD_PTR_BIN_reg[1]/Q (DFFRQX2M)                0.51       0.51 f
  FIFO_u/U5/rd_addr[1] (FIFO_RD_DEPTH8_ADDR_SIZE3_PTR_SIZE4)
                                                          0.00       0.51 f
  FIFO_u/U1/rd_addr[1] (FIFO_MEM_CNTRL_BUS_WIDTH8_DEPTH8_ADDR_SIZE3)
                                                          0.00       0.51 f
  FIFO_u/U1/U94/Y (INVX2M)                                0.09       0.60 r
  FIFO_u/U1/U91/Y (NOR2X2M)                               0.10       0.70 f
  FIFO_u/U1/U123/Y (AO22X1M)                              0.36       1.06 f
  FIFO_u/U1/U124/Y (AOI221XLM)                            0.28       1.34 r
  FIFO_u/U1/U125/Y (OAI22X1M)                             0.20       1.55 f
  FIFO_u/U1/rd_data[5] (FIFO_MEM_CNTRL_BUS_WIDTH8_DEPTH8_ADDR_SIZE3)
                                                          0.00       1.55 f
  FIFO_u/RD_DATA[5] (FIFO_TOP_BUS_WIDTH8_DEPTH8_ADDR_WIDTH3_PTR_SIZE4)
                                                          0.00       1.55 f
  UART_TX_RX/TX_IN_P[5] (UART_DATA_WIDTH8)                0.00       1.55 f
  UART_TX_RX/U0_UART_TX/P_DATA[5] (TX_TOP_WIDTH8)         0.00       1.55 f
  UART_TX_RX/U0_UART_TX/U3/P_DATA[5] (parity_WIDTH8)      0.00       1.55 f
  UART_TX_RX/U0_UART_TX/U3/U3/Y (XOR3XLM)                 0.52       2.07 f
  UART_TX_RX/U0_UART_TX/U3/U7/Y (XOR3XLM)                 0.51       2.58 f
  UART_TX_RX/U0_UART_TX/U3/U5/Y (OAI2BB2X1M)              0.14       2.72 r
  UART_TX_RX/U0_UART_TX/U3/par_bit_reg/D (DFFRQX2M)       0.00       2.72 r
  data arrival time                                                  2.72

  clock Tx_clk (rise edge)                             8681.28    8681.28
  clock network delay (ideal)                             0.00    8681.28
  clock uncertainty                                      -0.20    8681.08
  UART_TX_RX/U0_UART_TX/U3/par_bit_reg/CK (DFFRQX2M)      0.00    8681.08 r
  library setup time                                     -0.31    8680.77
  data required time                                              8680.77
  --------------------------------------------------------------------------
  data required time                                              8680.77
  data arrival time                                                 -2.72
  --------------------------------------------------------------------------
  slack (MET)                                                     8678.05


  Startpoint: Pulse_U/pls_flop_reg
              (rising edge-triggered flip-flop clocked by Tx_clk)
  Endpoint: FIFO_u/U5/empty_reg
            (rising edge-triggered flip-flop clocked by Tx_clk)
  Path Group: Tx_clk
  Path Type: max

  Point                                                   Incr       Path
  --------------------------------------------------------------------------
  clock Tx_clk (rise edge)                                0.00       0.00
  clock network delay (ideal)                             0.00       0.00
  Pulse_U/pls_flop_reg/CK (DFFRQX2M)                      0.00       0.00 r
  Pulse_U/pls_flop_reg/Q (DFFRQX2M)                       0.46       0.46 f
  Pulse_U/U3/Y (NOR2BX2M)                                 0.10       0.56 r
  Pulse_U/pulse_sig (PULSE_GEN)                           0.00       0.56 r
  FIFO_u/R_INC (FIFO_TOP_BUS_WIDTH8_DEPTH8_ADDR_WIDTH3_PTR_SIZE4)
                                                          0.00       0.56 r
  FIFO_u/U5/r_inc (FIFO_RD_DEPTH8_ADDR_SIZE3_PTR_SIZE4)
                                                          0.00       0.56 r
  FIFO_u/U5/U6/Y (NOR2BX2M)                               0.20       0.76 r
  FIFO_u/U5/U12/Y (NAND2X2M)                              0.10       0.86 f
  FIFO_u/U5/U7/Y (NOR2BX2M)                               0.17       1.03 r
  FIFO_u/U5/U13/Y (CLKXOR2X2M)                            0.28       1.31 f
  FIFO_u/U5/U3/Y (CLKXOR2X2M)                             0.21       1.52 r
  FIFO_u/U5/U14/Y (CLKXOR2X2M)                            0.29       1.81 f
  FIFO_u/U5/U8/Y (NOR4X1M)                                0.24       2.05 r
  FIFO_u/U5/empty_reg/D (DFFSQX2M)                        0.00       2.05 r
  data arrival time                                                  2.05

  clock Tx_clk (rise edge)                             8681.28    8681.28
  clock network delay (ideal)                             0.00    8681.28
  clock uncertainty                                      -0.20    8681.08
  FIFO_u/U5/empty_reg/CK (DFFSQX2M)                       0.00    8681.08 r
  library setup time                                     -0.20    8680.88
  data required time                                              8680.88
  --------------------------------------------------------------------------
  data required time                                              8680.88
  data arrival time                                                 -2.05
  --------------------------------------------------------------------------
  slack (MET)                                                     8678.83


  Startpoint: FIFO_u/U5/RD_PTR_BIN_reg[1]
              (rising edge-triggered flip-flop clocked by Tx_clk)
  Endpoint: UART_TX_RX/U0_UART_TX/U1/mem_reg[7]
            (rising edge-triggered flip-flop clocked by Tx_clk)
  Path Group: Tx_clk
  Path Type: max

  Point                                                   Incr       Path
  --------------------------------------------------------------------------
  clock Tx_clk (rise edge)                                0.00       0.00
  clock network delay (ideal)                             0.00       0.00
  FIFO_u/U5/RD_PTR_BIN_reg[1]/CK (DFFRQX2M)               0.00       0.00 r
  FIFO_u/U5/RD_PTR_BIN_reg[1]/Q (DFFRQX2M)                0.51       0.51 f
  FIFO_u/U5/rd_addr[1] (FIFO_RD_DEPTH8_ADDR_SIZE3_PTR_SIZE4)
                                                          0.00       0.51 f
  FIFO_u/U1/rd_addr[1] (FIFO_MEM_CNTRL_BUS_WIDTH8_DEPTH8_ADDR_SIZE3)
                                                          0.00       0.51 f
  FIFO_u/U1/U94/Y (INVX2M)                                0.09       0.60 r
  FIFO_u/U1/U91/Y (NOR2X2M)                               0.10       0.70 f
  FIFO_u/U1/U133/Y (AO22X1M)                              0.36       1.06 f
  FIFO_u/U1/U134/Y (AOI221XLM)                            0.28       1.34 r
  FIFO_u/U1/U135/Y (OAI22X1M)                             0.22       1.56 f
  FIFO_u/U1/rd_data[7] (FIFO_MEM_CNTRL_BUS_WIDTH8_DEPTH8_ADDR_SIZE3)
                                                          0.00       1.56 f
  FIFO_u/RD_DATA[7] (FIFO_TOP_BUS_WIDTH8_DEPTH8_ADDR_WIDTH3_PTR_SIZE4)
                                                          0.00       1.56 f
  UART_TX_RX/TX_IN_P[7] (UART_DATA_WIDTH8)                0.00       1.56 f
  UART_TX_RX/U0_UART_TX/P_DATA[7] (TX_TOP_WIDTH8)         0.00       1.56 f
  UART_TX_RX/U0_UART_TX/U1/P_DATA[7] (serializer_WIDTH8)
                                                          0.00       1.56 f
  UART_TX_RX/U0_UART_TX/U1/U7/Y (AO22X1M)                 0.34       1.90 f
  UART_TX_RX/U0_UART_TX/U1/mem_reg[7]/D (DFFRQX2M)        0.00       1.90 f
  data arrival time                                                  1.90

  clock Tx_clk (rise edge)                             8681.28    8681.28
  clock network delay (ideal)                             0.00    8681.28
  clock uncertainty                                      -0.20    8681.08
  UART_TX_RX/U0_UART_TX/U1/mem_reg[7]/CK (DFFRQX2M)       0.00    8681.08 r
  library setup time                                     -0.17    8680.91
  data required time                                              8680.91
  --------------------------------------------------------------------------
  data required time                                              8680.91
  data arrival time                                                 -1.90
  --------------------------------------------------------------------------
  slack (MET)                                                     8679.01


  Startpoint: FIFO_u/U5/RD_PTR_BIN_reg[1]
              (rising edge-triggered flip-flop clocked by Tx_clk)
  Endpoint: UART_TX_RX/U0_UART_TX/U1/mem_reg[2]
            (rising edge-triggered flip-flop clocked by Tx_clk)
  Path Group: Tx_clk
  Path Type: max

  Point                                                   Incr       Path
  --------------------------------------------------------------------------
  clock Tx_clk (rise edge)                                0.00       0.00
  clock network delay (ideal)                             0.00       0.00
  FIFO_u/U5/RD_PTR_BIN_reg[1]/CK (DFFRQX2M)               0.00       0.00 r
  FIFO_u/U5/RD_PTR_BIN_reg[1]/Q (DFFRQX2M)                0.51       0.51 f
  FIFO_u/U5/rd_addr[1] (FIFO_RD_DEPTH8_ADDR_SIZE3_PTR_SIZE4)
                                                          0.00       0.51 f
  FIFO_u/U1/rd_addr[1] (FIFO_MEM_CNTRL_BUS_WIDTH8_DEPTH8_ADDR_SIZE3)
                                                          0.00       0.51 f
  FIFO_u/U1/U94/Y (INVX2M)                                0.09       0.60 r
  FIFO_u/U1/U91/Y (NOR2X2M)                               0.10       0.70 f
  FIFO_u/U1/U108/Y (AO22X1M)                              0.36       1.06 f
  FIFO_u/U1/U109/Y (AOI221XLM)                            0.28       1.34 r
  FIFO_u/U1/U110/Y (OAI22X1M)                             0.21       1.56 f
  FIFO_u/U1/rd_data[2] (FIFO_MEM_CNTRL_BUS_WIDTH8_DEPTH8_ADDR_SIZE3)
                                                          0.00       1.56 f
  FIFO_u/RD_DATA[2] (FIFO_TOP_BUS_WIDTH8_DEPTH8_ADDR_WIDTH3_PTR_SIZE4)
                                                          0.00       1.56 f
  UART_TX_RX/TX_IN_P[2] (UART_DATA_WIDTH8)                0.00       1.56 f
  UART_TX_RX/U0_UART_TX/P_DATA[2] (TX_TOP_WIDTH8)         0.00       1.56 f
  UART_TX_RX/U0_UART_TX/U1/P_DATA[2] (serializer_WIDTH8)
                                                          0.00       1.56 f
  UART_TX_RX/U0_UART_TX/U1/U20/Y (AO22X1M)                0.34       1.90 f
  UART_TX_RX/U0_UART_TX/U1/mem_reg[2]/D (DFFRQX2M)        0.00       1.90 f
  data arrival time                                                  1.90

  clock Tx_clk (rise edge)                             8681.28    8681.28
  clock network delay (ideal)                             0.00    8681.28
  clock uncertainty                                      -0.20    8681.08
  UART_TX_RX/U0_UART_TX/U1/mem_reg[2]/CK (DFFRQX2M)       0.00    8681.08 r
  library setup time                                     -0.17    8680.91
  data required time                                              8680.91
  --------------------------------------------------------------------------
  data required time                                              8680.91
  data arrival time                                                 -1.90
  --------------------------------------------------------------------------
  slack (MET)                                                     8679.01


  Startpoint: FIFO_u/U5/RD_PTR_BIN_reg[1]
              (rising edge-triggered flip-flop clocked by Tx_clk)
  Endpoint: UART_TX_RX/U0_UART_TX/U1/mem_reg[3]
            (rising edge-triggered flip-flop clocked by Tx_clk)
  Path Group: Tx_clk
  Path Type: max

  Point                                                   Incr       Path
  --------------------------------------------------------------------------
  clock Tx_clk (rise edge)                                0.00       0.00
  clock network delay (ideal)                             0.00       0.00
  FIFO_u/U5/RD_PTR_BIN_reg[1]/CK (DFFRQX2M)               0.00       0.00 r
  FIFO_u/U5/RD_PTR_BIN_reg[1]/Q (DFFRQX2M)                0.51       0.51 f
  FIFO_u/U5/rd_addr[1] (FIFO_RD_DEPTH8_ADDR_SIZE3_PTR_SIZE4)
                                                          0.00       0.51 f
  FIFO_u/U1/rd_addr[1] (FIFO_MEM_CNTRL_BUS_WIDTH8_DEPTH8_ADDR_SIZE3)
                                                          0.00       0.51 f
  FIFO_u/U1/U94/Y (INVX2M)                                0.09       0.60 r
  FIFO_u/U1/U91/Y (NOR2X2M)                               0.10       0.70 f
  FIFO_u/U1/U113/Y (AO22X1M)                              0.36       1.06 f
  FIFO_u/U1/U114/Y (AOI221XLM)                            0.28       1.34 r
  FIFO_u/U1/U115/Y (OAI22X1M)                             0.21       1.55 f
  FIFO_u/U1/rd_data[3] (FIFO_MEM_CNTRL_BUS_WIDTH8_DEPTH8_ADDR_SIZE3)
                                                          0.00       1.55 f
  FIFO_u/RD_DATA[3] (FIFO_TOP_BUS_WIDTH8_DEPTH8_ADDR_WIDTH3_PTR_SIZE4)
                                                          0.00       1.55 f
  UART_TX_RX/TX_IN_P[3] (UART_DATA_WIDTH8)                0.00       1.55 f
  UART_TX_RX/U0_UART_TX/P_DATA[3] (TX_TOP_WIDTH8)         0.00       1.55 f
  UART_TX_RX/U0_UART_TX/U1/P_DATA[3] (serializer_WIDTH8)
                                                          0.00       1.55 f
  UART_TX_RX/U0_UART_TX/U1/U22/Y (AO22X1M)                0.34       1.89 f
  UART_TX_RX/U0_UART_TX/U1/mem_reg[3]/D (DFFRQX2M)        0.00       1.89 f
  data arrival time                                                  1.89

  clock Tx_clk (rise edge)                             8681.28    8681.28
  clock network delay (ideal)                             0.00    8681.28
  clock uncertainty                                      -0.20    8681.08
  UART_TX_RX/U0_UART_TX/U1/mem_reg[3]/CK (DFFRQX2M)       0.00    8681.08 r
  library setup time                                     -0.17    8680.91
  data required time                                              8680.91
  --------------------------------------------------------------------------
  data required time                                              8680.91
  data arrival time                                                 -1.89
  --------------------------------------------------------------------------
  slack (MET)                                                     8679.02


  Startpoint: FIFO_u/U5/RD_PTR_BIN_reg[1]
              (rising edge-triggered flip-flop clocked by Tx_clk)
  Endpoint: UART_TX_RX/U0_UART_TX/U1/mem_reg[4]
            (rising edge-triggered flip-flop clocked by Tx_clk)
  Path Group: Tx_clk
  Path Type: max

  Point                                                   Incr       Path
  --------------------------------------------------------------------------
  clock Tx_clk (rise edge)                                0.00       0.00
  clock network delay (ideal)                             0.00       0.00
  FIFO_u/U5/RD_PTR_BIN_reg[1]/CK (DFFRQX2M)               0.00       0.00 r
  FIFO_u/U5/RD_PTR_BIN_reg[1]/Q (DFFRQX2M)                0.51       0.51 f
  FIFO_u/U5/rd_addr[1] (FIFO_RD_DEPTH8_ADDR_SIZE3_PTR_SIZE4)
                                                          0.00       0.51 f
  FIFO_u/U1/rd_addr[1] (FIFO_MEM_CNTRL_BUS_WIDTH8_DEPTH8_ADDR_SIZE3)
                                                          0.00       0.51 f
  FIFO_u/U1/U94/Y (INVX2M)                                0.09       0.60 r
  FIFO_u/U1/U91/Y (NOR2X2M)                               0.10       0.70 f
  FIFO_u/U1/U118/Y (AO22X1M)                              0.36       1.06 f
  FIFO_u/U1/U119/Y (AOI221XLM)                            0.28       1.34 r
  FIFO_u/U1/U120/Y (OAI22X1M)                             0.21       1.55 f
  FIFO_u/U1/rd_data[4] (FIFO_MEM_CNTRL_BUS_WIDTH8_DEPTH8_ADDR_SIZE3)
                                                          0.00       1.55 f
  FIFO_u/RD_DATA[4] (FIFO_TOP_BUS_WIDTH8_DEPTH8_ADDR_WIDTH3_PTR_SIZE4)
                                                          0.00       1.55 f
  UART_TX_RX/TX_IN_P[4] (UART_DATA_WIDTH8)                0.00       1.55 f
  UART_TX_RX/U0_UART_TX/P_DATA[4] (TX_TOP_WIDTH8)         0.00       1.55 f
  UART_TX_RX/U0_UART_TX/U1/P_DATA[4] (serializer_WIDTH8)
                                                          0.00       1.55 f
  UART_TX_RX/U0_UART_TX/U1/U24/Y (AO22X1M)                0.34       1.89 f
  UART_TX_RX/U0_UART_TX/U1/mem_reg[4]/D (DFFRQX2M)        0.00       1.89 f
  data arrival time                                                  1.89

  clock Tx_clk (rise edge)                             8681.28    8681.28
  clock network delay (ideal)                             0.00    8681.28
  clock uncertainty                                      -0.20    8681.08
  UART_TX_RX/U0_UART_TX/U1/mem_reg[4]/CK (DFFRQX2M)       0.00    8681.08 r
  library setup time                                     -0.17    8680.91
  data required time                                              8680.91
  --------------------------------------------------------------------------
  data required time                                              8680.91
  data arrival time                                                 -1.89
  --------------------------------------------------------------------------
  slack (MET)                                                     8679.02


  Startpoint: FIFO_u/U5/RD_PTR_BIN_reg[1]
              (rising edge-triggered flip-flop clocked by Tx_clk)
  Endpoint: UART_TX_RX/U0_UART_TX/U1/mem_reg[1]
            (rising edge-triggered flip-flop clocked by Tx_clk)
  Path Group: Tx_clk
  Path Type: max

  Point                                                   Incr       Path
  --------------------------------------------------------------------------
  clock Tx_clk (rise edge)                                0.00       0.00
  clock network delay (ideal)                             0.00       0.00
  FIFO_u/U5/RD_PTR_BIN_reg[1]/CK (DFFRQX2M)               0.00       0.00 r
  FIFO_u/U5/RD_PTR_BIN_reg[1]/Q (DFFRQX2M)                0.51       0.51 f
  FIFO_u/U5/rd_addr[1] (FIFO_RD_DEPTH8_ADDR_SIZE3_PTR_SIZE4)
                                                          0.00       0.51 f
  FIFO_u/U1/rd_addr[1] (FIFO_MEM_CNTRL_BUS_WIDTH8_DEPTH8_ADDR_SIZE3)
                                                          0.00       0.51 f
  FIFO_u/U1/U94/Y (INVX2M)                                0.09       0.60 r
  FIFO_u/U1/U91/Y (NOR2X2M)                               0.10       0.70 f
  FIFO_u/U1/U103/Y (AO22X1M)                              0.36       1.06 f
  FIFO_u/U1/U104/Y (AOI221XLM)                            0.28       1.34 r
  FIFO_u/U1/U105/Y (OAI22X1M)                             0.20       1.55 f
  FIFO_u/U1/rd_data[1] (FIFO_MEM_CNTRL_BUS_WIDTH8_DEPTH8_ADDR_SIZE3)
                                                          0.00       1.55 f
  FIFO_u/RD_DATA[1] (FIFO_TOP_BUS_WIDTH8_DEPTH8_ADDR_WIDTH3_PTR_SIZE4)
                                                          0.00       1.55 f
  UART_TX_RX/TX_IN_P[1] (UART_DATA_WIDTH8)                0.00       1.55 f
  UART_TX_RX/U0_UART_TX/P_DATA[1] (TX_TOP_WIDTH8)         0.00       1.55 f
  UART_TX_RX/U0_UART_TX/U1/P_DATA[1] (serializer_WIDTH8)
                                                          0.00       1.55 f
  UART_TX_RX/U0_UART_TX/U1/U25/Y (AO22X1M)                0.34       1.88 f
  UART_TX_RX/U0_UART_TX/U1/mem_reg[1]/D (DFFRQX2M)        0.00       1.88 f
  data arrival time                                                  1.88

  clock Tx_clk (rise edge)                             8681.28    8681.28
  clock network delay (ideal)                             0.00    8681.28
  clock uncertainty                                      -0.20    8681.08
  UART_TX_RX/U0_UART_TX/U1/mem_reg[1]/CK (DFFRQX2M)       0.00    8681.08 r
  library setup time                                     -0.17    8680.91
  data required time                                              8680.91
  --------------------------------------------------------------------------
  data required time                                              8680.91
  data arrival time                                                 -1.88
  --------------------------------------------------------------------------
  slack (MET)                                                     8679.03


  Startpoint: FIFO_u/U5/RD_PTR_BIN_reg[1]
              (rising edge-triggered flip-flop clocked by Tx_clk)
  Endpoint: UART_TX_RX/U0_UART_TX/U1/mem_reg[5]
            (rising edge-triggered flip-flop clocked by Tx_clk)
  Path Group: Tx_clk
  Path Type: max

  Point                                                   Incr       Path
  --------------------------------------------------------------------------
  clock Tx_clk (rise edge)                                0.00       0.00
  clock network delay (ideal)                             0.00       0.00
  FIFO_u/U5/RD_PTR_BIN_reg[1]/CK (DFFRQX2M)               0.00       0.00 r
  FIFO_u/U5/RD_PTR_BIN_reg[1]/Q (DFFRQX2M)                0.51       0.51 f
  FIFO_u/U5/rd_addr[1] (FIFO_RD_DEPTH8_ADDR_SIZE3_PTR_SIZE4)
                                                          0.00       0.51 f
  FIFO_u/U1/rd_addr[1] (FIFO_MEM_CNTRL_BUS_WIDTH8_DEPTH8_ADDR_SIZE3)
                                                          0.00       0.51 f
  FIFO_u/U1/U94/Y (INVX2M)                                0.09       0.60 r
  FIFO_u/U1/U91/Y (NOR2X2M)                               0.10       0.70 f
  FIFO_u/U1/U123/Y (AO22X1M)                              0.36       1.06 f
  FIFO_u/U1/U124/Y (AOI221XLM)                            0.28       1.34 r
  FIFO_u/U1/U125/Y (OAI22X1M)                             0.20       1.55 f
  FIFO_u/U1/rd_data[5] (FIFO_MEM_CNTRL_BUS_WIDTH8_DEPTH8_ADDR_SIZE3)
                                                          0.00       1.55 f
  FIFO_u/RD_DATA[5] (FIFO_TOP_BUS_WIDTH8_DEPTH8_ADDR_WIDTH3_PTR_SIZE4)
                                                          0.00       1.55 f
  UART_TX_RX/TX_IN_P[5] (UART_DATA_WIDTH8)                0.00       1.55 f
  UART_TX_RX/U0_UART_TX/P_DATA[5] (TX_TOP_WIDTH8)         0.00       1.55 f
  UART_TX_RX/U0_UART_TX/U1/P_DATA[5] (serializer_WIDTH8)
                                                          0.00       1.55 f
  UART_TX_RX/U0_UART_TX/U1/U23/Y (AO22X1M)                0.34       1.88 f
  UART_TX_RX/U0_UART_TX/U1/mem_reg[5]/D (DFFRQX2M)        0.00       1.88 f
  data arrival time                                                  1.88

  clock Tx_clk (rise edge)                             8681.28    8681.28
  clock network delay (ideal)                             0.00    8681.28
  clock uncertainty                                      -0.20    8681.08
  UART_TX_RX/U0_UART_TX/U1/mem_reg[5]/CK (DFFRQX2M)       0.00    8681.08 r
  library setup time                                     -0.17    8680.91
  data required time                                              8680.91
  --------------------------------------------------------------------------
  data required time                                              8680.91
  data arrival time                                                 -1.88
  --------------------------------------------------------------------------
  slack (MET)                                                     8679.03


  Startpoint: FIFO_u/U5/RD_PTR_BIN_reg[1]
              (rising edge-triggered flip-flop clocked by Tx_clk)
  Endpoint: UART_TX_RX/U0_UART_TX/U1/mem_reg[6]
            (rising edge-triggered flip-flop clocked by Tx_clk)
  Path Group: Tx_clk
  Path Type: max

  Point                                                   Incr       Path
  --------------------------------------------------------------------------
  clock Tx_clk (rise edge)                                0.00       0.00
  clock network delay (ideal)                             0.00       0.00
  FIFO_u/U5/RD_PTR_BIN_reg[1]/CK (DFFRQX2M)               0.00       0.00 r
  FIFO_u/U5/RD_PTR_BIN_reg[1]/Q (DFFRQX2M)                0.51       0.51 f
  FIFO_u/U5/rd_addr[1] (FIFO_RD_DEPTH8_ADDR_SIZE3_PTR_SIZE4)
                                                          0.00       0.51 f
  FIFO_u/U1/rd_addr[1] (FIFO_MEM_CNTRL_BUS_WIDTH8_DEPTH8_ADDR_SIZE3)
                                                          0.00       0.51 f
  FIFO_u/U1/U94/Y (INVX2M)                                0.09       0.60 r
  FIFO_u/U1/U91/Y (NOR2X2M)                               0.10       0.70 f
  FIFO_u/U1/U128/Y (AO22X1M)                              0.36       1.06 f
  FIFO_u/U1/U129/Y (AOI221XLM)                            0.28       1.34 r
  FIFO_u/U1/U130/Y (OAI22X1M)                             0.20       1.55 f
  FIFO_u/U1/rd_data[6] (FIFO_MEM_CNTRL_BUS_WIDTH8_DEPTH8_ADDR_SIZE3)
                                                          0.00       1.55 f
  FIFO_u/RD_DATA[6] (FIFO_TOP_BUS_WIDTH8_DEPTH8_ADDR_WIDTH3_PTR_SIZE4)
                                                          0.00       1.55 f
  UART_TX_RX/TX_IN_P[6] (UART_DATA_WIDTH8)                0.00       1.55 f
  UART_TX_RX/U0_UART_TX/P_DATA[6] (TX_TOP_WIDTH8)         0.00       1.55 f
  UART_TX_RX/U0_UART_TX/U1/P_DATA[6] (serializer_WIDTH8)
                                                          0.00       1.55 f
  UART_TX_RX/U0_UART_TX/U1/U8/Y (AO22X1M)                 0.34       1.88 f
  UART_TX_RX/U0_UART_TX/U1/mem_reg[6]/D (DFFRQX2M)        0.00       1.88 f
  data arrival time                                                  1.88

  clock Tx_clk (rise edge)                             8681.28    8681.28
  clock network delay (ideal)                             0.00    8681.28
  clock uncertainty                                      -0.20    8681.08
  UART_TX_RX/U0_UART_TX/U1/mem_reg[6]/CK (DFFRQX2M)       0.00    8681.08 r
  library setup time                                     -0.17    8680.91
  data required time                                              8680.91
  --------------------------------------------------------------------------
  data required time                                              8680.91
  data arrival time                                                 -1.88
  --------------------------------------------------------------------------
  slack (MET)                                                     8679.03


  Startpoint: FIFO_u/U5/RD_PTR_BIN_reg[2]
              (rising edge-triggered flip-flop clocked by Tx_clk)
  Endpoint: UART_TX_RX/U0_UART_TX/U1/mem_reg[0]
            (rising edge-triggered flip-flop clocked by Tx_clk)
  Path Group: Tx_clk
  Path Type: max

  Point                                                   Incr       Path
  --------------------------------------------------------------------------
  clock Tx_clk (rise edge)                                0.00       0.00
  clock network delay (ideal)                             0.00       0.00
  FIFO_u/U5/RD_PTR_BIN_reg[2]/CK (DFFRQX2M)               0.00       0.00 r
  FIFO_u/U5/RD_PTR_BIN_reg[2]/Q (DFFRQX2M)                0.51       0.51 f
  FIFO_u/U5/rd_addr[2] (FIFO_RD_DEPTH8_ADDR_SIZE3_PTR_SIZE4)
                                                          0.00       0.51 f
  FIFO_u/U1/rd_addr[2] (FIFO_MEM_CNTRL_BUS_WIDTH8_DEPTH8_ADDR_SIZE3)
                                                          0.00       0.51 f
  FIFO_u/U1/U90/Y (NOR2X2M)                               0.33       0.84 r
  FIFO_u/U1/U98/Y (AO22X1M)                               0.23       1.06 r
  FIFO_u/U1/U99/Y (AOI221XLM)                             0.07       1.14 f
  FIFO_u/U1/U100/Y (OAI22X1M)                             0.30       1.44 r
  FIFO_u/U1/rd_data[0] (FIFO_MEM_CNTRL_BUS_WIDTH8_DEPTH8_ADDR_SIZE3)
                                                          0.00       1.44 r
  FIFO_u/RD_DATA[0] (FIFO_TOP_BUS_WIDTH8_DEPTH8_ADDR_WIDTH3_PTR_SIZE4)
                                                          0.00       1.44 r
  UART_TX_RX/TX_IN_P[0] (UART_DATA_WIDTH8)                0.00       1.44 r
  UART_TX_RX/U0_UART_TX/P_DATA[0] (TX_TOP_WIDTH8)         0.00       1.44 r
  UART_TX_RX/U0_UART_TX/U1/P_DATA[0] (serializer_WIDTH8)
                                                          0.00       1.44 r
  UART_TX_RX/U0_UART_TX/U1/U5/Y (INVX2M)                  0.09       1.53 f
  UART_TX_RX/U0_UART_TX/U1/U13/Y (OAI2BB2X1M)             0.14       1.67 r
  UART_TX_RX/U0_UART_TX/U1/mem_reg[0]/D (DFFRQX2M)        0.00       1.67 r
  data arrival time                                                  1.67

  clock Tx_clk (rise edge)                             8681.28    8681.28
  clock network delay (ideal)                             0.00    8681.28
  clock uncertainty                                      -0.20    8681.08
  UART_TX_RX/U0_UART_TX/U1/mem_reg[0]/CK (DFFRQX2M)       0.00    8681.08 r
  library setup time                                     -0.32    8680.76
  data required time                                              8680.76
  --------------------------------------------------------------------------
  data required time                                              8680.76
  data arrival time                                                 -1.67
  --------------------------------------------------------------------------
  slack (MET)                                                     8679.09


  Startpoint: FIFO_u/U5/RD_PTR_BIN_reg[2]
              (rising edge-triggered flip-flop clocked by Tx_clk)
  Endpoint: UART_TX_RX/U0_UART_TX/U1/ser_data_reg
            (rising edge-triggered flip-flop clocked by Tx_clk)
  Path Group: Tx_clk
  Path Type: max

  Point                                                   Incr       Path
  --------------------------------------------------------------------------
  clock Tx_clk (rise edge)                                0.00       0.00
  clock network delay (ideal)                             0.00       0.00
  FIFO_u/U5/RD_PTR_BIN_reg[2]/CK (DFFRQX2M)               0.00       0.00 r
  FIFO_u/U5/RD_PTR_BIN_reg[2]/Q (DFFRQX2M)                0.51       0.51 f
  FIFO_u/U5/rd_addr[2] (FIFO_RD_DEPTH8_ADDR_SIZE3_PTR_SIZE4)
                                                          0.00       0.51 f
  FIFO_u/U1/rd_addr[2] (FIFO_MEM_CNTRL_BUS_WIDTH8_DEPTH8_ADDR_SIZE3)
                                                          0.00       0.51 f
  FIFO_u/U1/U90/Y (NOR2X2M)                               0.33       0.84 r
  FIFO_u/U1/U98/Y (AO22X1M)                               0.23       1.06 r
  FIFO_u/U1/U99/Y (AOI221XLM)                             0.07       1.14 f
  FIFO_u/U1/U100/Y (OAI22X1M)                             0.30       1.44 r
  FIFO_u/U1/rd_data[0] (FIFO_MEM_CNTRL_BUS_WIDTH8_DEPTH8_ADDR_SIZE3)
                                                          0.00       1.44 r
  FIFO_u/RD_DATA[0] (FIFO_TOP_BUS_WIDTH8_DEPTH8_ADDR_WIDTH3_PTR_SIZE4)
                                                          0.00       1.44 r
  UART_TX_RX/TX_IN_P[0] (UART_DATA_WIDTH8)                0.00       1.44 r
  UART_TX_RX/U0_UART_TX/P_DATA[0] (TX_TOP_WIDTH8)         0.00       1.44 r
  UART_TX_RX/U0_UART_TX/U1/P_DATA[0] (serializer_WIDTH8)
                                                          0.00       1.44 r
  UART_TX_RX/U0_UART_TX/U1/U5/Y (INVX2M)                  0.09       1.53 f
  UART_TX_RX/U0_UART_TX/U1/U12/Y (OAI2BB2X1M)             0.14       1.67 r
  UART_TX_RX/U0_UART_TX/U1/ser_data_reg/D (DFFRQX2M)      0.00       1.67 r
  data arrival time                                                  1.67

  clock Tx_clk (rise edge)                             8681.28    8681.28
  clock network delay (ideal)                             0.00    8681.28
  clock uncertainty                                      -0.20    8681.08
  UART_TX_RX/U0_UART_TX/U1/ser_data_reg/CK (DFFRQX2M)     0.00    8681.08 r
  library setup time                                     -0.32    8680.76
  data required time                                              8680.76
  --------------------------------------------------------------------------
  data required time                                              8680.76
  data arrival time                                                 -1.67
  --------------------------------------------------------------------------
  slack (MET)                                                     8679.09


  Startpoint: Pulse_U/pls_flop_reg
              (rising edge-triggered flip-flop clocked by Tx_clk)
  Endpoint: FIFO_u/U5/RD_PTR_GRAY_reg[2]
            (rising edge-triggered flip-flop clocked by Tx_clk)
  Path Group: Tx_clk
  Path Type: max

  Point                                                   Incr       Path
  --------------------------------------------------------------------------
  clock Tx_clk (rise edge)                                0.00       0.00
  clock network delay (ideal)                             0.00       0.00
  Pulse_U/pls_flop_reg/CK (DFFRQX2M)                      0.00       0.00 r
  Pulse_U/pls_flop_reg/Q (DFFRQX2M)                       0.46       0.46 f
  Pulse_U/U3/Y (NOR2BX2M)                                 0.10       0.56 r
  Pulse_U/pulse_sig (PULSE_GEN)                           0.00       0.56 r
  FIFO_u/R_INC (FIFO_TOP_BUS_WIDTH8_DEPTH8_ADDR_WIDTH3_PTR_SIZE4)
                                                          0.00       0.56 r
  FIFO_u/U5/r_inc (FIFO_RD_DEPTH8_ADDR_SIZE3_PTR_SIZE4)
                                                          0.00       0.56 r
  FIFO_u/U5/U6/Y (NOR2BX2M)                               0.20       0.76 r
  FIFO_u/U5/U12/Y (NAND2X2M)                              0.10       0.86 f
  FIFO_u/U5/U7/Y (NOR2BX2M)                               0.17       1.03 r
  FIFO_u/U5/U13/Y (CLKXOR2X2M)                            0.28       1.31 f
  FIFO_u/U5/U4/Y (CLKXOR2X2M)                             0.29       1.60 r
  FIFO_u/U5/RD_PTR_GRAY_reg[2]/D (DFFRQX2M)               0.00       1.60 r
  data arrival time                                                  1.60

  clock Tx_clk (rise edge)                             8681.28    8681.28
  clock network delay (ideal)                             0.00    8681.28
  clock uncertainty                                      -0.20    8681.08
  FIFO_u/U5/RD_PTR_GRAY_reg[2]/CK (DFFRQX2M)              0.00    8681.08 r
  library setup time                                     -0.30    8680.78
  data required time                                              8680.78
  --------------------------------------------------------------------------
  data required time                                              8680.78
  data arrival time                                                 -1.60
  --------------------------------------------------------------------------
  slack (MET)                                                     8679.18


  Startpoint: Pulse_U/pls_flop_reg
              (rising edge-triggered flip-flop clocked by Tx_clk)
  Endpoint: FIFO_u/U5/RD_PTR_GRAY_reg[1]
            (rising edge-triggered flip-flop clocked by Tx_clk)
  Path Group: Tx_clk
  Path Type: max

  Point                                                   Incr       Path
  --------------------------------------------------------------------------
  clock Tx_clk (rise edge)                                0.00       0.00
  clock network delay (ideal)                             0.00       0.00
  Pulse_U/pls_flop_reg/CK (DFFRQX2M)                      0.00       0.00 r
  Pulse_U/pls_flop_reg/Q (DFFRQX2M)                       0.46       0.46 f
  Pulse_U/U3/Y (NOR2BX2M)                                 0.10       0.56 r
  Pulse_U/pulse_sig (PULSE_GEN)                           0.00       0.56 r
  FIFO_u/R_INC (FIFO_TOP_BUS_WIDTH8_DEPTH8_ADDR_WIDTH3_PTR_SIZE4)
                                                          0.00       0.56 r
  FIFO_u/U5/r_inc (FIFO_RD_DEPTH8_ADDR_SIZE3_PTR_SIZE4)
                                                          0.00       0.56 r
  FIFO_u/U5/U6/Y (NOR2BX2M)                               0.20       0.76 r
  FIFO_u/U5/U12/Y (NAND2X2M)                              0.10       0.86 f
  FIFO_u/U5/U7/Y (NOR2BX2M)                               0.17       1.03 r
  FIFO_u/U5/U13/Y (CLKXOR2X2M)                            0.28       1.31 f
  FIFO_u/U5/U3/Y (CLKXOR2X2M)                             0.21       1.52 r
  FIFO_u/U5/RD_PTR_GRAY_reg[1]/D (DFFRQX2M)               0.00       1.52 r
  data arrival time                                                  1.52

  clock Tx_clk (rise edge)                             8681.28    8681.28
  clock network delay (ideal)                             0.00    8681.28
  clock uncertainty                                      -0.20    8681.08
  FIFO_u/U5/RD_PTR_GRAY_reg[1]/CK (DFFRQX2M)              0.00    8681.08 r
  library setup time                                     -0.30    8680.78
  data required time                                              8680.78
  --------------------------------------------------------------------------
  data required time                                              8680.78
  data arrival time                                                 -1.52
  --------------------------------------------------------------------------
  slack (MET)                                                     8679.26


  Startpoint: UART_TX_RX/U0_UART_TX/U2/current_state_reg[1]
              (rising edge-triggered flip-flop clocked by Tx_clk)
  Endpoint: UART_TX_RX/U0_UART_TX/U1/counter_reg[0]
            (rising edge-triggered flip-flop clocked by Tx_clk)
  Path Group: Tx_clk
  Path Type: max

  Point                                                   Incr       Path
  --------------------------------------------------------------------------
  clock Tx_clk (rise edge)                                0.00       0.00
  clock network delay (ideal)                             0.00       0.00
  UART_TX_RX/U0_UART_TX/U2/current_state_reg[1]/CK (DFFRQX2M)
                                                          0.00       0.00 r
  UART_TX_RX/U0_UART_TX/U2/current_state_reg[1]/Q (DFFRQX2M)
                                                          0.47       0.47 f
  UART_TX_RX/U0_UART_TX/U2/U9/Y (INVX2M)                  0.11       0.58 r
  UART_TX_RX/U0_UART_TX/U2/U6/Y (NOR2X2M)                 0.08       0.67 f
  UART_TX_RX/U0_UART_TX/U2/U11/Y (NOR3X2M)                0.33       0.99 r
  UART_TX_RX/U0_UART_TX/U2/ser_en (TX_FSM)                0.00       0.99 r
  UART_TX_RX/U0_UART_TX/U1/ser_en (serializer_WIDTH8)     0.00       0.99 r
  UART_TX_RX/U0_UART_TX/U1/U4/Y (NAND2X2M)                0.25       1.25 f
  UART_TX_RX/U0_UART_TX/U1/U11/Y (OAI211X2M)              0.13       1.37 r
  UART_TX_RX/U0_UART_TX/U1/counter_reg[0]/D (DFFRQX2M)
                                                          0.00       1.37 r
  data arrival time                                                  1.37

  clock Tx_clk (rise edge)                             8681.28    8681.28
  clock network delay (ideal)                             0.00    8681.28
  clock uncertainty                                      -0.20    8681.08
  UART_TX_RX/U0_UART_TX/U1/counter_reg[0]/CK (DFFRQX2M)
                                                          0.00    8681.08 r
  library setup time                                     -0.32    8680.76
  data required time                                              8680.76
  --------------------------------------------------------------------------
  data required time                                              8680.76
  data arrival time                                                 -1.37
  --------------------------------------------------------------------------
  slack (MET)                                                     8679.39


  Startpoint: UART_TX_RX/U0_UART_TX/U2/current_state_reg[1]
              (rising edge-triggered flip-flop clocked by Tx_clk)
  Endpoint: UART_TX_RX/U0_UART_TX/U1/loading_reg
            (rising edge-triggered flip-flop clocked by Tx_clk)
  Path Group: Tx_clk
  Path Type: max

  Point                                                   Incr       Path
  --------------------------------------------------------------------------
  clock Tx_clk (rise edge)                                0.00       0.00
  clock network delay (ideal)                             0.00       0.00
  UART_TX_RX/U0_UART_TX/U2/current_state_reg[1]/CK (DFFRQX2M)
                                                          0.00       0.00 r
  UART_TX_RX/U0_UART_TX/U2/current_state_reg[1]/Q (DFFRQX2M)
                                                          0.47       0.47 f
  UART_TX_RX/U0_UART_TX/U2/U9/Y (INVX2M)                  0.11       0.58 r
  UART_TX_RX/U0_UART_TX/U2/U6/Y (NOR2X2M)                 0.08       0.67 f
  UART_TX_RX/U0_UART_TX/U2/U11/Y (NOR3X2M)                0.33       0.99 r
  UART_TX_RX/U0_UART_TX/U2/ser_en (TX_FSM)                0.00       0.99 r
  UART_TX_RX/U0_UART_TX/U1/ser_en (serializer_WIDTH8)     0.00       0.99 r
  UART_TX_RX/U0_UART_TX/U1/U4/Y (NAND2X2M)                0.25       1.25 f
  UART_TX_RX/U0_UART_TX/U1/U15/Y (NAND2X2M)               0.09       1.34 r
  UART_TX_RX/U0_UART_TX/U1/loading_reg/D (DFFRQX2M)       0.00       1.34 r
  data arrival time                                                  1.34

  clock Tx_clk (rise edge)                             8681.28    8681.28
  clock network delay (ideal)                             0.00    8681.28
  clock uncertainty                                      -0.20    8681.08
  UART_TX_RX/U0_UART_TX/U1/loading_reg/CK (DFFRQX2M)      0.00    8681.08 r
  library setup time                                     -0.30    8680.78
  data required time                                              8680.78
  --------------------------------------------------------------------------
  data required time                                              8680.78
  data arrival time                                                 -1.34
  --------------------------------------------------------------------------
  slack (MET)                                                     8679.44


  Startpoint: Pulse_U/pls_flop_reg
              (rising edge-triggered flip-flop clocked by Tx_clk)
  Endpoint: FIFO_u/U5/RD_PTR_BIN_reg[3]
            (rising edge-triggered flip-flop clocked by Tx_clk)
  Path Group: Tx_clk
  Path Type: max

  Point                                                   Incr       Path
  --------------------------------------------------------------------------
  clock Tx_clk (rise edge)                                0.00       0.00
  clock network delay (ideal)                             0.00       0.00
  Pulse_U/pls_flop_reg/CK (DFFRQX2M)                      0.00       0.00 r
  Pulse_U/pls_flop_reg/Q (DFFRQX2M)                       0.46       0.46 f
  Pulse_U/U3/Y (NOR2BX2M)                                 0.10       0.56 r
  Pulse_U/pulse_sig (PULSE_GEN)                           0.00       0.56 r
  FIFO_u/R_INC (FIFO_TOP_BUS_WIDTH8_DEPTH8_ADDR_WIDTH3_PTR_SIZE4)
                                                          0.00       0.56 r
  FIFO_u/U5/r_inc (FIFO_RD_DEPTH8_ADDR_SIZE3_PTR_SIZE4)
                                                          0.00       0.56 r
  FIFO_u/U5/U6/Y (NOR2BX2M)                               0.20       0.76 r
  FIFO_u/U5/U12/Y (NAND2X2M)                              0.10       0.86 f
  FIFO_u/U5/U7/Y (NOR2BX2M)                               0.17       1.03 r
  FIFO_u/U5/U16/Y (NAND2X2M)                              0.08       1.12 f
  FIFO_u/U5/U15/Y (XNOR2X2M)                              0.15       1.26 r
  FIFO_u/U5/RD_PTR_BIN_reg[3]/D (DFFRQX2M)                0.00       1.26 r
  data arrival time                                                  1.26

  clock Tx_clk (rise edge)                             8681.28    8681.28
  clock network delay (ideal)                             0.00    8681.28
  clock uncertainty                                      -0.20    8681.08
  FIFO_u/U5/RD_PTR_BIN_reg[3]/CK (DFFRQX2M)               0.00    8681.08 r
  library setup time                                     -0.34    8680.74
  data required time                                              8680.74
  --------------------------------------------------------------------------
  data required time                                              8680.74
  data arrival time                                                 -1.26
  --------------------------------------------------------------------------
  slack (MET)                                                     8679.48


  Startpoint: Pulse_U/pls_flop_reg
              (rising edge-triggered flip-flop clocked by Tx_clk)
  Endpoint: FIFO_u/U5/RD_PTR_GRAY_reg[3]
            (rising edge-triggered flip-flop clocked by Tx_clk)
  Path Group: Tx_clk
  Path Type: max

  Point                                                   Incr       Path
  --------------------------------------------------------------------------
  clock Tx_clk (rise edge)                                0.00       0.00
  clock network delay (ideal)                             0.00       0.00
  Pulse_U/pls_flop_reg/CK (DFFRQX2M)                      0.00       0.00 r
  Pulse_U/pls_flop_reg/Q (DFFRQX2M)                       0.46       0.46 f
  Pulse_U/U3/Y (NOR2BX2M)                                 0.10       0.56 r
  Pulse_U/pulse_sig (PULSE_GEN)                           0.00       0.56 r
  FIFO_u/R_INC (FIFO_TOP_BUS_WIDTH8_DEPTH8_ADDR_WIDTH3_PTR_SIZE4)
                                                          0.00       0.56 r
  FIFO_u/U5/r_inc (FIFO_RD_DEPTH8_ADDR_SIZE3_PTR_SIZE4)
                                                          0.00       0.56 r
  FIFO_u/U5/U6/Y (NOR2BX2M)                               0.20       0.76 r
  FIFO_u/U5/U12/Y (NAND2X2M)                              0.10       0.86 f
  FIFO_u/U5/U7/Y (NOR2BX2M)                               0.17       1.03 r
  FIFO_u/U5/U16/Y (NAND2X2M)                              0.08       1.12 f
  FIFO_u/U5/U15/Y (XNOR2X2M)                              0.15       1.26 r
  FIFO_u/U5/RD_PTR_GRAY_reg[3]/D (DFFRQX2M)               0.00       1.26 r
  data arrival time                                                  1.26

  clock Tx_clk (rise edge)                             8681.28    8681.28
  clock network delay (ideal)                             0.00    8681.28
  clock uncertainty                                      -0.20    8681.08
  FIFO_u/U5/RD_PTR_GRAY_reg[3]/CK (DFFRQX2M)              0.00    8681.08 r
  library setup time                                     -0.34    8680.74
  data required time                                              8680.74
  --------------------------------------------------------------------------
  data required time                                              8680.74
  data arrival time                                                 -1.26
  --------------------------------------------------------------------------
  slack (MET)                                                     8679.48


  Startpoint: Pulse_U/pls_flop_reg
              (rising edge-triggered flip-flop clocked by Tx_clk)
  Endpoint: FIFO_u/U5/RD_PTR_GRAY_reg[0]
            (rising edge-triggered flip-flop clocked by Tx_clk)
  Path Group: Tx_clk
  Path Type: max

  Point                                                   Incr       Path
  --------------------------------------------------------------------------
  clock Tx_clk (rise edge)                                0.00       0.00
  clock network delay (ideal)                             0.00       0.00
  Pulse_U/pls_flop_reg/CK (DFFRQX2M)                      0.00       0.00 r
  Pulse_U/pls_flop_reg/Q (DFFRQX2M)                       0.46       0.46 f
  Pulse_U/U3/Y (NOR2BX2M)                                 0.10       0.56 r
  Pulse_U/pulse_sig (PULSE_GEN)                           0.00       0.56 r
  FIFO_u/R_INC (FIFO_TOP_BUS_WIDTH8_DEPTH8_ADDR_WIDTH3_PTR_SIZE4)
                                                          0.00       0.56 r
  FIFO_u/U5/r_inc (FIFO_RD_DEPTH8_ADDR_SIZE3_PTR_SIZE4)
                                                          0.00       0.56 r
  FIFO_u/U5/U6/Y (NOR2BX2M)                               0.20       0.76 r
  FIFO_u/U5/U18/Y (CLKXOR2X2M)                            0.25       1.00 f
  FIFO_u/U5/U5/Y (CLKXOR2X2M)                             0.28       1.28 r
  FIFO_u/U5/RD_PTR_GRAY_reg[0]/D (DFFRQX2M)               0.00       1.28 r
  data arrival time                                                  1.28

  clock Tx_clk (rise edge)                             8681.28    8681.28
  clock network delay (ideal)                             0.00    8681.28
  clock uncertainty                                      -0.20    8681.08
  FIFO_u/U5/RD_PTR_GRAY_reg[0]/CK (DFFRQX2M)              0.00    8681.08 r
  library setup time                                     -0.30    8680.78
  data required time                                              8680.78
  --------------------------------------------------------------------------
  data required time                                              8680.78
  data arrival time                                                 -1.28
  --------------------------------------------------------------------------
  slack (MET)                                                     8679.50


  Startpoint: Pulse_U/pls_flop_reg
              (rising edge-triggered flip-flop clocked by Tx_clk)
  Endpoint: FIFO_u/U5/RD_PTR_BIN_reg[2]
            (rising edge-triggered flip-flop clocked by Tx_clk)
  Path Group: Tx_clk
  Path Type: max

  Point                                                   Incr       Path
  --------------------------------------------------------------------------
  clock Tx_clk (rise edge)                                0.00       0.00
  clock network delay (ideal)                             0.00       0.00
  Pulse_U/pls_flop_reg/CK (DFFRQX2M)                      0.00       0.00 r
  Pulse_U/pls_flop_reg/Q (DFFRQX2M)                       0.46       0.46 f
  Pulse_U/U3/Y (NOR2BX2M)                                 0.10       0.56 r
  Pulse_U/pulse_sig (PULSE_GEN)                           0.00       0.56 r
  FIFO_u/R_INC (FIFO_TOP_BUS_WIDTH8_DEPTH8_ADDR_WIDTH3_PTR_SIZE4)
                                                          0.00       0.56 r
  FIFO_u/U5/r_inc (FIFO_RD_DEPTH8_ADDR_SIZE3_PTR_SIZE4)
                                                          0.00       0.56 r
  FIFO_u/U5/U6/Y (NOR2BX2M)                               0.20       0.76 r
  FIFO_u/U5/U12/Y (NAND2X2M)                              0.10       0.86 f
  FIFO_u/U5/U7/Y (NOR2BX2M)                               0.17       1.03 r
  FIFO_u/U5/U13/Y (CLKXOR2X2M)                            0.22       1.25 r
  FIFO_u/U5/RD_PTR_BIN_reg[2]/D (DFFRQX2M)                0.00       1.25 r
  data arrival time                                                  1.25

  clock Tx_clk (rise edge)                             8681.28    8681.28
  clock network delay (ideal)                             0.00    8681.28
  clock uncertainty                                      -0.20    8681.08
  FIFO_u/U5/RD_PTR_BIN_reg[2]/CK (DFFRQX2M)               0.00    8681.08 r
  library setup time                                     -0.31    8680.77
  data required time                                              8680.77
  --------------------------------------------------------------------------
  data required time                                              8680.77
  data arrival time                                                 -1.25
  --------------------------------------------------------------------------
  slack (MET)                                                     8679.52


  Startpoint: UART_TX_RX/U0_UART_TX/U2/current_state_reg[1]
              (rising edge-triggered flip-flop clocked by Tx_clk)
  Endpoint: UART_TX_RX/U0_UART_TX/U1/ser_done_reg
            (rising edge-triggered flip-flop clocked by Tx_clk)
  Path Group: Tx_clk
  Path Type: max

  Point                                                   Incr       Path
  --------------------------------------------------------------------------
  clock Tx_clk (rise edge)                                0.00       0.00
  clock network delay (ideal)                             0.00       0.00
  UART_TX_RX/U0_UART_TX/U2/current_state_reg[1]/CK (DFFRQX2M)
                                                          0.00       0.00 r
  UART_TX_RX/U0_UART_TX/U2/current_state_reg[1]/Q (DFFRQX2M)
                                                          0.47       0.47 f
  UART_TX_RX/U0_UART_TX/U2/U9/Y (INVX2M)                  0.11       0.58 r
  UART_TX_RX/U0_UART_TX/U2/U6/Y (NOR2X2M)                 0.08       0.67 f
  UART_TX_RX/U0_UART_TX/U2/U11/Y (NOR3X2M)                0.33       0.99 r
  UART_TX_RX/U0_UART_TX/U2/ser_en (TX_FSM)                0.00       0.99 r
  UART_TX_RX/U0_UART_TX/U1/ser_en (serializer_WIDTH8)     0.00       0.99 r
  UART_TX_RX/U0_UART_TX/U1/U10/Y (OAI21X2M)               0.12       1.12 f
  UART_TX_RX/U0_UART_TX/U1/U9/Y (OAI31X1M)                0.07       1.18 r
  UART_TX_RX/U0_UART_TX/U1/ser_done_reg/D (DFFRQX2M)      0.00       1.18 r
  data arrival time                                                  1.18

  clock Tx_clk (rise edge)                             8681.28    8681.28
  clock network delay (ideal)                             0.00    8681.28
  clock uncertainty                                      -0.20    8681.08
  UART_TX_RX/U0_UART_TX/U1/ser_done_reg/CK (DFFRQX2M)     0.00    8681.08 r
  library setup time                                     -0.33    8680.75
  data required time                                              8680.75
  --------------------------------------------------------------------------
  data required time                                              8680.75
  data arrival time                                                 -1.18
  --------------------------------------------------------------------------
  slack (MET)                                                     8679.57


  Startpoint: Pulse_U/pls_flop_reg
              (rising edge-triggered flip-flop clocked by Tx_clk)
  Endpoint: FIFO_u/U5/RD_PTR_BIN_reg[1]
            (rising edge-triggered flip-flop clocked by Tx_clk)
  Path Group: Tx_clk
  Path Type: max

  Point                                                   Incr       Path
  --------------------------------------------------------------------------
  clock Tx_clk (rise edge)                                0.00       0.00
  clock network delay (ideal)                             0.00       0.00
  Pulse_U/pls_flop_reg/CK (DFFRQX2M)                      0.00       0.00 r
  Pulse_U/pls_flop_reg/Q (DFFRQX2M)                       0.46       0.46 f
  Pulse_U/U3/Y (NOR2BX2M)                                 0.10       0.56 r
  Pulse_U/pulse_sig (PULSE_GEN)                           0.00       0.56 r
  FIFO_u/R_INC (FIFO_TOP_BUS_WIDTH8_DEPTH8_ADDR_WIDTH3_PTR_SIZE4)
                                                          0.00       0.56 r
  FIFO_u/U5/r_inc (FIFO_RD_DEPTH8_ADDR_SIZE3_PTR_SIZE4)
                                                          0.00       0.56 r
  FIFO_u/U5/U6/Y (NOR2BX2M)                               0.20       0.76 r
  FIFO_u/U5/U12/Y (NAND2X2M)                              0.10       0.86 f
  FIFO_u/U5/U17/Y (XNOR2X2M)                              0.14       1.00 r
  FIFO_u/U5/RD_PTR_BIN_reg[1]/D (DFFRQX2M)                0.00       1.00 r
  data arrival time                                                  1.00

  clock Tx_clk (rise edge)                             8681.28    8681.28
  clock network delay (ideal)                             0.00    8681.28
  clock uncertainty                                      -0.20    8681.08
  FIFO_u/U5/RD_PTR_BIN_reg[1]/CK (DFFRQX2M)               0.00    8681.08 r
  library setup time                                     -0.34    8680.74
  data required time                                              8680.74
  --------------------------------------------------------------------------
  data required time                                              8680.74
  data arrival time                                                 -1.00
  --------------------------------------------------------------------------
  slack (MET)                                                     8679.74


  Startpoint: UART_TX_RX/U0_UART_TX/U1/counter_reg[0]
              (rising edge-triggered flip-flop clocked by Tx_clk)
  Endpoint: UART_TX_RX/U0_UART_TX/U1/counter_reg[1]
            (rising edge-triggered flip-flop clocked by Tx_clk)
  Path Group: Tx_clk
  Path Type: max

  Point                                                   Incr       Path
  --------------------------------------------------------------------------
  clock Tx_clk (rise edge)                                0.00       0.00
  clock network delay (ideal)                             0.00       0.00
  UART_TX_RX/U0_UART_TX/U1/counter_reg[0]/CK (DFFRQX2M)
                                                          0.00       0.00 r
  UART_TX_RX/U0_UART_TX/U1/counter_reg[0]/Q (DFFRQX2M)
                                                          0.54       0.54 f
  UART_TX_RX/U0_UART_TX/U1/U18/Y (OA21X2M)                0.34       0.88 f
  UART_TX_RX/U0_UART_TX/U1/U17/Y (OAI22X1M)               0.11       0.99 r
  UART_TX_RX/U0_UART_TX/U1/counter_reg[1]/D (DFFRQX2M)
                                                          0.00       0.99 r
  data arrival time                                                  0.99

  clock Tx_clk (rise edge)                             8681.28    8681.28
  clock network delay (ideal)                             0.00    8681.28
  clock uncertainty                                      -0.20    8681.08
  UART_TX_RX/U0_UART_TX/U1/counter_reg[1]/CK (DFFRQX2M)
                                                          0.00    8681.08 r
  library setup time                                     -0.33    8680.75
  data required time                                              8680.75
  --------------------------------------------------------------------------
  data required time                                              8680.75
  data arrival time                                                 -0.99
  --------------------------------------------------------------------------
  slack (MET)                                                     8679.77


  Startpoint: Pulse_U/pls_flop_reg
              (rising edge-triggered flip-flop clocked by Tx_clk)
  Endpoint: FIFO_u/U5/RD_PTR_BIN_reg[0]
            (rising edge-triggered flip-flop clocked by Tx_clk)
  Path Group: Tx_clk
  Path Type: max

  Point                                                   Incr       Path
  --------------------------------------------------------------------------
  clock Tx_clk (rise edge)                                0.00       0.00
  clock network delay (ideal)                             0.00       0.00
  Pulse_U/pls_flop_reg/CK (DFFRQX2M)                      0.00       0.00 r
  Pulse_U/pls_flop_reg/Q (DFFRQX2M)                       0.46       0.46 f
  Pulse_U/U3/Y (NOR2BX2M)                                 0.10       0.56 r
  Pulse_U/pulse_sig (PULSE_GEN)                           0.00       0.56 r
  FIFO_u/R_INC (FIFO_TOP_BUS_WIDTH8_DEPTH8_ADDR_WIDTH3_PTR_SIZE4)
                                                          0.00       0.56 r
  FIFO_u/U5/r_inc (FIFO_RD_DEPTH8_ADDR_SIZE3_PTR_SIZE4)
                                                          0.00       0.56 r
  FIFO_u/U5/U6/Y (NOR2BX2M)                               0.20       0.76 r
  FIFO_u/U5/U18/Y (CLKXOR2X2M)                            0.19       0.95 r
  FIFO_u/U5/RD_PTR_BIN_reg[0]/D (DFFRQX2M)                0.00       0.95 r
  data arrival time                                                  0.95

  clock Tx_clk (rise edge)                             8681.28    8681.28
  clock network delay (ideal)                             0.00    8681.28
  clock uncertainty                                      -0.20    8681.08
  FIFO_u/U5/RD_PTR_BIN_reg[0]/CK (DFFRQX2M)               0.00    8681.08 r
  library setup time                                     -0.30    8680.78
  data required time                                              8680.78
  --------------------------------------------------------------------------
  data required time                                              8680.78
  data arrival time                                                 -0.95
  --------------------------------------------------------------------------
  slack (MET)                                                     8679.83


  Startpoint: UART_TX_RX/U0_UART_TX/U2/current_state_reg[2]
              (rising edge-triggered flip-flop clocked by Tx_clk)
  Endpoint: UART_TX_RX/U0_UART_TX/U2/current_state_reg[2]
            (rising edge-triggered flip-flop clocked by Tx_clk)
  Path Group: Tx_clk
  Path Type: max

  Point                                                   Incr       Path
  --------------------------------------------------------------------------
  clock Tx_clk (rise edge)                                0.00       0.00
  clock network delay (ideal)                             0.00       0.00
  UART_TX_RX/U0_UART_TX/U2/current_state_reg[2]/CK (DFFRQX2M)
                                                          0.00       0.00 r
  UART_TX_RX/U0_UART_TX/U2/current_state_reg[2]/Q (DFFRQX2M)
                                                          0.50       0.50 f
  UART_TX_RX/U0_UART_TX/U2/U6/Y (NOR2X2M)                 0.21       0.72 r
  UART_TX_RX/U0_UART_TX/U2/U3/Y (INVX2M)                  0.10       0.82 f
  UART_TX_RX/U0_UART_TX/U2/U17/Y (NOR2X2M)                0.10       0.91 r
  UART_TX_RX/U0_UART_TX/U2/current_state_reg[2]/D (DFFRQX2M)
                                                          0.00       0.91 r
  data arrival time                                                  0.91

  clock Tx_clk (rise edge)                             8681.28    8681.28
  clock network delay (ideal)                             0.00    8681.28
  clock uncertainty                                      -0.20    8681.08
  UART_TX_RX/U0_UART_TX/U2/current_state_reg[2]/CK (DFFRQX2M)
                                                          0.00    8681.08 r
  library setup time                                     -0.30    8680.78
  data required time                                              8680.78
  --------------------------------------------------------------------------
  data required time                                              8680.78
  data arrival time                                                 -0.91
  --------------------------------------------------------------------------
  slack (MET)                                                     8679.86


  Startpoint: UART_TX_RX/U0_UART_TX/U2/current_state_reg[2]
              (rising edge-triggered flip-flop clocked by Tx_clk)
  Endpoint: UART_TX_RX/U0_UART_TX/U2/current_state_reg[1]
            (rising edge-triggered flip-flop clocked by Tx_clk)
  Path Group: Tx_clk
  Path Type: max

  Point                                                   Incr       Path
  --------------------------------------------------------------------------
  clock Tx_clk (rise edge)                                0.00       0.00
  clock network delay (ideal)                             0.00       0.00
  UART_TX_RX/U0_UART_TX/U2/current_state_reg[2]/CK (DFFRQX2M)
                                                          0.00       0.00 r
  UART_TX_RX/U0_UART_TX/U2/current_state_reg[2]/Q (DFFRQX2M)
                                                          0.50       0.50 f
  UART_TX_RX/U0_UART_TX/U2/U6/Y (NOR2X2M)                 0.21       0.72 r
  UART_TX_RX/U0_UART_TX/U2/U3/Y (INVX2M)                  0.10       0.82 f
  UART_TX_RX/U0_UART_TX/U2/U4/Y (NAND2X2M)                0.06       0.88 r
  UART_TX_RX/U0_UART_TX/U2/current_state_reg[1]/D (DFFRQX2M)
                                                          0.00       0.88 r
  data arrival time                                                  0.88

  clock Tx_clk (rise edge)                             8681.28    8681.28
  clock network delay (ideal)                             0.00    8681.28
  clock uncertainty                                      -0.20    8681.08
  UART_TX_RX/U0_UART_TX/U2/current_state_reg[1]/CK (DFFRQX2M)
                                                          0.00    8681.08 r
  library setup time                                     -0.30    8680.78
  data required time                                              8680.78
  --------------------------------------------------------------------------
  data required time                                              8680.78
  data arrival time                                                 -0.88
  --------------------------------------------------------------------------
  slack (MET)                                                     8679.90


  Startpoint: UART_TX_RX/U0_UART_TX/U2/current_state_reg[0]
              (rising edge-triggered flip-flop clocked by Tx_clk)
  Endpoint: UART_TX_RX/U0_UART_TX/U2/current_state_reg[0]
            (rising edge-triggered flip-flop clocked by Tx_clk)
  Path Group: Tx_clk
  Path Type: max

  Point                                                   Incr       Path
  --------------------------------------------------------------------------
  clock Tx_clk (rise edge)                                0.00       0.00
  clock network delay (ideal)                             0.00       0.00
  UART_TX_RX/U0_UART_TX/U2/current_state_reg[0]/CK (DFFRQX2M)
                                                          0.00       0.00 r
  UART_TX_RX/U0_UART_TX/U2/current_state_reg[0]/Q (DFFRQX2M)
                                                          0.45       0.45 r
  UART_TX_RX/U0_UART_TX/U2/U12/Y (INVX2M)                 0.09       0.54 f
  UART_TX_RX/U0_UART_TX/U2/U15/Y (OR2X2M)                 0.19       0.73 f
  UART_TX_RX/U0_UART_TX/U2/U14/Y (AOI21X2M)               0.11       0.84 r
  UART_TX_RX/U0_UART_TX/U2/current_state_reg[0]/D (DFFRQX2M)
                                                          0.00       0.84 r
  data arrival time                                                  0.84

  clock Tx_clk (rise edge)                             8681.28    8681.28
  clock network delay (ideal)                             0.00    8681.28
  clock uncertainty                                      -0.20    8681.08
  UART_TX_RX/U0_UART_TX/U2/current_state_reg[0]/CK (DFFRQX2M)
                                                          0.00    8681.08 r
  library setup time                                     -0.31    8680.77
  data required time                                              8680.77
  --------------------------------------------------------------------------
  data required time                                              8680.77
  data arrival time                                                 -0.84
  --------------------------------------------------------------------------
  slack (MET)                                                     8679.93


  Startpoint: UART_TX_RX/U0_UART_TX/U1/counter_reg[0]
              (rising edge-triggered flip-flop clocked by Tx_clk)
  Endpoint: UART_TX_RX/U0_UART_TX/U1/counter_reg[2]
            (rising edge-triggered flip-flop clocked by Tx_clk)
  Path Group: Tx_clk
  Path Type: max

  Point                                                   Incr       Path
  --------------------------------------------------------------------------
  clock Tx_clk (rise edge)                                0.00       0.00
  clock network delay (ideal)                             0.00       0.00
  UART_TX_RX/U0_UART_TX/U1/counter_reg[0]/CK (DFFRQX2M)
                                                          0.00       0.00 r
  UART_TX_RX/U0_UART_TX/U1/counter_reg[0]/Q (DFFRQX2M)
                                                          0.48       0.48 r
  UART_TX_RX/U0_UART_TX/U1/U26/Y (NAND2X2M)               0.10       0.57 f
  UART_TX_RX/U0_UART_TX/U1/U6/Y (OAI22X1M)                0.19       0.76 r
  UART_TX_RX/U0_UART_TX/U1/counter_reg[2]/D (DFFRQX2M)
                                                          0.00       0.76 r
  data arrival time                                                  0.76

  clock Tx_clk (rise edge)                             8681.28    8681.28
  clock network delay (ideal)                             0.00    8681.28
  clock uncertainty                                      -0.20    8681.08
  UART_TX_RX/U0_UART_TX/U1/counter_reg[2]/CK (DFFRQX2M)
                                                          0.00    8681.08 r
  library setup time                                     -0.33    8680.75
  data required time                                              8680.75
  --------------------------------------------------------------------------
  data required time                                              8680.75
  data arrival time                                                 -0.76
  --------------------------------------------------------------------------
  slack (MET)                                                     8679.99


  Startpoint: UART_TX_RX/U0_UART_TX/U2/current_state_reg[2]
              (rising edge-triggered flip-flop clocked by Tx_clk)
  Endpoint: Pulse_U/rcv_flop_reg
            (rising edge-triggered flip-flop clocked by Tx_clk)
  Path Group: Tx_clk
  Path Type: max

  Point                                                   Incr       Path
  --------------------------------------------------------------------------
  clock Tx_clk (rise edge)                                0.00       0.00
  clock network delay (ideal)                             0.00       0.00
  UART_TX_RX/U0_UART_TX/U2/current_state_reg[2]/CK (DFFRQX2M)
                                                          0.00       0.00 r
  UART_TX_RX/U0_UART_TX/U2/current_state_reg[2]/Q (DFFRQX2M)
                                                          0.50       0.50 f
  UART_TX_RX/U0_UART_TX/U2/U10/Y (INVX2M)                 0.09       0.59 r
  UART_TX_RX/U0_UART_TX/U2/U8/Y (NAND2X2M)                0.09       0.68 f
  UART_TX_RX/U0_UART_TX/U2/U13/Y (OAI21X2M)               0.07       0.75 r
  UART_TX_RX/U0_UART_TX/U2/busy (TX_FSM)                  0.00       0.75 r
  UART_TX_RX/U0_UART_TX/busy (TX_TOP_WIDTH8)              0.00       0.75 r
  UART_TX_RX/TX_OUT_V (UART_DATA_WIDTH8)                  0.00       0.75 r
  Pulse_U/lvl_sig (PULSE_GEN)                             0.00       0.75 r
  Pulse_U/rcv_flop_reg/D (DFFRQX2M)                       0.00       0.75 r
  data arrival time                                                  0.75

  clock Tx_clk (rise edge)                             8681.28    8681.28
  clock network delay (ideal)                             0.00    8681.28
  clock uncertainty                                      -0.20    8681.08
  Pulse_U/rcv_flop_reg/CK (DFFRQX2M)                      0.00    8681.08 r
  library setup time                                     -0.31    8680.77
  data required time                                              8680.77
  --------------------------------------------------------------------------
  data required time                                              8680.77
  data arrival time                                                 -0.75
  --------------------------------------------------------------------------
  slack (MET)                                                     8680.02


  Startpoint: Pulse_U/rcv_flop_reg
              (rising edge-triggered flip-flop clocked by Tx_clk)
  Endpoint: Pulse_U/pls_flop_reg
            (rising edge-triggered flip-flop clocked by Tx_clk)
  Path Group: Tx_clk
  Path Type: max

  Point                                    Incr       Path
  -----------------------------------------------------------
  clock Tx_clk (rise edge)                 0.00       0.00
  clock network delay (ideal)              0.00       0.00
  Pulse_U/rcv_flop_reg/CK (DFFRQX2M)       0.00       0.00 r
  Pulse_U/rcv_flop_reg/Q (DFFRQX2M)        0.36       0.36 r
  Pulse_U/pls_flop_reg/D (DFFRQX2M)        0.00       0.36 r
  data arrival time                                   0.36

  clock Tx_clk (rise edge)              8681.28    8681.28
  clock network delay (ideal)              0.00    8681.28
  clock uncertainty                       -0.20    8681.08
  Pulse_U/pls_flop_reg/CK (DFFRQX2M)       0.00    8681.08 r
  library setup time                      -0.30    8680.78
  data required time                               8680.78
  -----------------------------------------------------------
  data required time                               8680.78
  data arrival time                                  -0.36
  -----------------------------------------------------------
  slack (MET)                                      8680.42


  Startpoint: tx_rst_sync/n_synch_reg[1]
              (rising edge-triggered flip-flop clocked by Tx_clk)
  Endpoint: tx_rst_sync/n_synch_reg[2]
            (rising edge-triggered flip-flop clocked by Tx_clk)
  Path Group: Tx_clk
  Path Type: max

  Point                                                   Incr       Path
  --------------------------------------------------------------------------
  clock Tx_clk (rise edge)                                0.00       0.00
  clock network delay (ideal)                             0.00       0.00
  tx_rst_sync/n_synch_reg[1]/CK (DFFRQX2M)                0.00       0.00 r
  tx_rst_sync/n_synch_reg[1]/Q (DFFRQX2M)                 0.35       0.35 r
  tx_rst_sync/n_synch_reg[2]/D (DFFRQX2M)                 0.00       0.35 r
  data arrival time                                                  0.35

  clock Tx_clk (rise edge)                             8681.28    8681.28
  clock network delay (ideal)                             0.00    8681.28
  clock uncertainty                                      -0.20    8681.08
  tx_rst_sync/n_synch_reg[2]/CK (DFFRQX2M)                0.00    8681.08 r
  library setup time                                     -0.30    8680.78
  data required time                                              8680.78
  --------------------------------------------------------------------------
  data required time                                              8680.78
  data arrival time                                                 -0.35
  --------------------------------------------------------------------------
  slack (MET)                                                     8680.43


  Startpoint: tx_rst_sync/n_synch_reg[0]/CK
              (internal path startpoint clocked by Tx_clk)
  Endpoint: tx_rst_sync/n_synch_reg[1]
            (rising edge-triggered flip-flop clocked by Tx_clk)
  Path Group: Tx_clk
  Path Type: max

  Point                                                   Incr       Path
  --------------------------------------------------------------------------
  clock Tx_clk (rise edge)                                0.00       0.00
  clock network delay (ideal)                             0.00       0.00
  input external delay                                    0.00       0.00 r
  tx_rst_sync/n_synch_reg[0]/CK (DFFRQX2M)                0.00       0.00 r
  tx_rst_sync/n_synch_reg[0]/Q (DFFRQX2M)                 0.35       0.35 r
  tx_rst_sync/n_synch_reg[1]/D (DFFRQX2M)                 0.00       0.35 r
  data arrival time                                                  0.35

  clock Tx_clk (rise edge)                             8681.28    8681.28
  clock network delay (ideal)                             0.00    8681.28
  clock uncertainty                                      -0.20    8681.08
  tx_rst_sync/n_synch_reg[1]/CK (DFFRQX2M)                0.00    8681.08 r
  library setup time                                     -0.30    8680.78
  data required time                                              8680.78
  --------------------------------------------------------------------------
  data required time                                              8680.78
  data arrival time                                                 -0.35
  --------------------------------------------------------------------------
  slack (MET)                                                     8680.43


  Startpoint: FIFO_u/U2_WRptr_sync/s0_reg[3]
              (rising edge-triggered flip-flop clocked by Tx_clk)
  Endpoint: FIFO_u/U2_WRptr_sync/s1_reg[3]
            (rising edge-triggered flip-flop clocked by Tx_clk)
  Path Group: Tx_clk
  Path Type: max

  Point                                                   Incr       Path
  --------------------------------------------------------------------------
  clock Tx_clk (rise edge)                                0.00       0.00
  clock network delay (ideal)                             0.00       0.00
  FIFO_u/U2_WRptr_sync/s0_reg[3]/CK (DFFRQX2M)            0.00       0.00 r
  FIFO_u/U2_WRptr_sync/s0_reg[3]/Q (DFFRQX2M)             0.35       0.35 r
  FIFO_u/U2_WRptr_sync/s1_reg[3]/D (DFFRQX2M)             0.00       0.35 r
  data arrival time                                                  0.35

  clock Tx_clk (rise edge)                             8681.28    8681.28
  clock network delay (ideal)                             0.00    8681.28
  clock uncertainty                                      -0.20    8681.08
  FIFO_u/U2_WRptr_sync/s1_reg[3]/CK (DFFRQX2M)            0.00    8681.08 r
  library setup time                                     -0.30    8680.78
  data required time                                              8680.78
  --------------------------------------------------------------------------
  data required time                                              8680.78
  data arrival time                                                 -0.35
  --------------------------------------------------------------------------
  slack (MET)                                                     8680.43


  Startpoint: FIFO_u/U2_WRptr_sync/s0_reg[2]
              (rising edge-triggered flip-flop clocked by Tx_clk)
  Endpoint: FIFO_u/U2_WRptr_sync/s1_reg[2]
            (rising edge-triggered flip-flop clocked by Tx_clk)
  Path Group: Tx_clk
  Path Type: max

  Point                                                   Incr       Path
  --------------------------------------------------------------------------
  clock Tx_clk (rise edge)                                0.00       0.00
  clock network delay (ideal)                             0.00       0.00
  FIFO_u/U2_WRptr_sync/s0_reg[2]/CK (DFFRQX2M)            0.00       0.00 r
  FIFO_u/U2_WRptr_sync/s0_reg[2]/Q (DFFRQX2M)             0.35       0.35 r
  FIFO_u/U2_WRptr_sync/s1_reg[2]/D (DFFRQX2M)             0.00       0.35 r
  data arrival time                                                  0.35

  clock Tx_clk (rise edge)                             8681.28    8681.28
  clock network delay (ideal)                             0.00    8681.28
  clock uncertainty                                      -0.20    8681.08
  FIFO_u/U2_WRptr_sync/s1_reg[2]/CK (DFFRQX2M)            0.00    8681.08 r
  library setup time                                     -0.30    8680.78
  data required time                                              8680.78
  --------------------------------------------------------------------------
  data required time                                              8680.78
  data arrival time                                                 -0.35
  --------------------------------------------------------------------------
  slack (MET)                                                     8680.43


  Startpoint: FIFO_u/U2_WRptr_sync/s0_reg[1]
              (rising edge-triggered flip-flop clocked by Tx_clk)
  Endpoint: FIFO_u/U2_WRptr_sync/s1_reg[1]
            (rising edge-triggered flip-flop clocked by Tx_clk)
  Path Group: Tx_clk
  Path Type: max

  Point                                                   Incr       Path
  --------------------------------------------------------------------------
  clock Tx_clk (rise edge)                                0.00       0.00
  clock network delay (ideal)                             0.00       0.00
  FIFO_u/U2_WRptr_sync/s0_reg[1]/CK (DFFRQX2M)            0.00       0.00 r
  FIFO_u/U2_WRptr_sync/s0_reg[1]/Q (DFFRQX2M)             0.35       0.35 r
  FIFO_u/U2_WRptr_sync/s1_reg[1]/D (DFFRQX2M)             0.00       0.35 r
  data arrival time                                                  0.35

  clock Tx_clk (rise edge)                             8681.28    8681.28
  clock network delay (ideal)                             0.00    8681.28
  clock uncertainty                                      -0.20    8681.08
  FIFO_u/U2_WRptr_sync/s1_reg[1]/CK (DFFRQX2M)            0.00    8681.08 r
  library setup time                                     -0.30    8680.78
  data required time                                              8680.78
  --------------------------------------------------------------------------
  data required time                                              8680.78
  data arrival time                                                 -0.35
  --------------------------------------------------------------------------
  slack (MET)                                                     8680.43


  Startpoint: FIFO_u/U2_WRptr_sync/s0_reg[0]
              (rising edge-triggered flip-flop clocked by Tx_clk)
  Endpoint: FIFO_u/U2_WRptr_sync/s1_reg[0]
            (rising edge-triggered flip-flop clocked by Tx_clk)
  Path Group: Tx_clk
  Path Type: max

  Point                                                   Incr       Path
  --------------------------------------------------------------------------
  clock Tx_clk (rise edge)                                0.00       0.00
  clock network delay (ideal)                             0.00       0.00
  FIFO_u/U2_WRptr_sync/s0_reg[0]/CK (DFFRQX2M)            0.00       0.00 r
  FIFO_u/U2_WRptr_sync/s0_reg[0]/Q (DFFRQX2M)             0.35       0.35 r
  FIFO_u/U2_WRptr_sync/s1_reg[0]/D (DFFRQX2M)             0.00       0.35 r
  data arrival time                                                  0.35

  clock Tx_clk (rise edge)                             8681.28    8681.28
  clock network delay (ideal)                             0.00    8681.28
  clock uncertainty                                      -0.20    8681.08
  FIFO_u/U2_WRptr_sync/s1_reg[0]/CK (DFFRQX2M)            0.00    8681.08 r
  library setup time                                     -0.30    8680.78
  data required time                                              8680.78
  --------------------------------------------------------------------------
  data required time                                              8680.78
  data arrival time                                                 -0.35
  --------------------------------------------------------------------------
  slack (MET)                                                     8680.43


  Startpoint: TX_CLK/div_clk_reg_reg
              (rising edge-triggered flip-flop clocked by UART_clk)
  Endpoint: TX_CLK/count_reg[5]
            (rising edge-triggered flip-flop clocked by UART_clk)
  Path Group: UART_clk
  Path Type: max

  Point                                                   Incr       Path
  --------------------------------------------------------------------------
  clock UART_clk (rise edge)                              0.00       0.00
  clock network delay (ideal)                             0.00       0.00
  TX_CLK/div_clk_reg_reg/CK (DFFRQX2M)                    0.00       0.00 r
  TX_CLK/div_clk_reg_reg/Q (DFFRQX2M)                     0.46       0.46 f
  TX_CLK/U27/Y (BUFX2M)                                   0.20       0.66 f
  TX_CLK/U31/Y (AO22X1M)                                  0.44       1.10 f
  TX_CLK/U50/Y (AOI2BB1X1M)                               0.25       1.35 f
  TX_CLK/U51/Y (AOI222X1M)                                0.32       1.67 r
  TX_CLK/U52/Y (AOI221XLM)                                0.12       1.79 f
  TX_CLK/U53/Y (AOI221XLM)                                0.30       2.10 r
  TX_CLK/U54/Y (OAI2BB2X1M)                               0.16       2.26 f
  TX_CLK/U55/Y (OAI21X1M)                                 0.11       2.37 r
  TX_CLK/U10/Y (NOR2X2M)                                  0.13       2.50 f
  TX_CLK/U25/Y (AND2X2M)                                  0.22       2.72 f
  TX_CLK/U26/CO (ADDHX1M)                                 0.19       2.91 f
  TX_CLK/U29/CO (ADDHX1M)                                 0.19       3.10 f
  TX_CLK/U30/CO (ADDHX1M)                                 0.19       3.30 f
  TX_CLK/U32/CO (ADDHX1M)                                 0.19       3.49 f
  TX_CLK/U28/Y (XNOR2X2M)                                 0.07       3.56 r
  TX_CLK/count_reg[5]/D (DFFRQX2M)                        0.00       3.56 r
  data arrival time                                                  3.56

  clock UART_clk (rise edge)                            271.29     271.29
  clock network delay (ideal)                             0.00     271.29
  clock uncertainty                                      -0.20     271.09
  TX_CLK/count_reg[5]/CK (DFFRQX2M)                       0.00     271.09 r
  library setup time                                     -0.31     270.78
  data required time                                               270.78
  --------------------------------------------------------------------------
  data required time                                               270.78
  data arrival time                                                 -3.56
  --------------------------------------------------------------------------
  slack (MET)                                                      267.22


  Startpoint: RX_CLK/div_clk_reg_reg
              (rising edge-triggered flip-flop clocked by UART_clk)
  Endpoint: RX_CLK/count_reg[5]
            (rising edge-triggered flip-flop clocked by UART_clk)
  Path Group: UART_clk
  Path Type: max

  Point                                                   Incr       Path
  --------------------------------------------------------------------------
  clock UART_clk (rise edge)                              0.00       0.00
  clock network delay (ideal)                             0.00       0.00
  RX_CLK/div_clk_reg_reg/CK (DFFRQX2M)                    0.00       0.00 r
  RX_CLK/div_clk_reg_reg/Q (DFFRQX2M)                     0.46       0.46 f
  RX_CLK/U30/Y (BUFX2M)                                   0.20       0.66 f
  RX_CLK/U15/Y (AO22X1M)                                  0.44       1.10 f
  RX_CLK/U50/Y (AOI2BB1X1M)                               0.25       1.35 f
  RX_CLK/U51/Y (AOI222X1M)                                0.32       1.67 r
  RX_CLK/U52/Y (AOI221XLM)                                0.12       1.79 f
  RX_CLK/U53/Y (AOI221XLM)                                0.30       2.10 r
  RX_CLK/U54/Y (OAI2BB2X1M)                               0.16       2.26 f
  RX_CLK/U55/Y (OAI21X1M)                                 0.11       2.37 r
  RX_CLK/U12/Y (NOR2X2M)                                  0.13       2.50 f
  RX_CLK/U28/Y (AND2X2M)                                  0.22       2.72 f
  RX_CLK/U29/CO (ADDHX1M)                                 0.19       2.91 f
  RX_CLK/U32/CO (ADDHX1M)                                 0.19       3.10 f
  RX_CLK/U33/CO (ADDHX1M)                                 0.19       3.30 f
  RX_CLK/U34/CO (ADDHX1M)                                 0.19       3.49 f
  RX_CLK/U31/Y (XNOR2X2M)                                 0.07       3.56 r
  RX_CLK/count_reg[5]/D (DFFRQX2M)                        0.00       3.56 r
  data arrival time                                                  3.56

  clock UART_clk (rise edge)                            271.29     271.29
  clock network delay (ideal)                             0.00     271.29
  clock uncertainty                                      -0.20     271.09
  RX_CLK/count_reg[5]/CK (DFFRQX2M)                       0.00     271.09 r
  library setup time                                     -0.31     270.78
  data required time                                               270.78
  --------------------------------------------------------------------------
  data required time                                               270.78
  data arrival time                                                 -3.56
  --------------------------------------------------------------------------
  slack (MET)                                                      267.22


  Startpoint: TX_CLK/div_clk_reg_reg
              (rising edge-triggered flip-flop clocked by UART_clk)
  Endpoint: TX_CLK/count_reg[4]
            (rising edge-triggered flip-flop clocked by UART_clk)
  Path Group: UART_clk
  Path Type: max

  Point                                                   Incr       Path
  --------------------------------------------------------------------------
  clock UART_clk (rise edge)                              0.00       0.00
  clock network delay (ideal)                             0.00       0.00
  TX_CLK/div_clk_reg_reg/CK (DFFRQX2M)                    0.00       0.00 r
  TX_CLK/div_clk_reg_reg/Q (DFFRQX2M)                     0.46       0.46 f
  TX_CLK/U27/Y (BUFX2M)                                   0.20       0.66 f
  TX_CLK/U31/Y (AO22X1M)                                  0.44       1.10 f
  TX_CLK/U50/Y (AOI2BB1X1M)                               0.25       1.35 f
  TX_CLK/U51/Y (AOI222X1M)                                0.32       1.67 r
  TX_CLK/U52/Y (AOI221XLM)                                0.12       1.79 f
  TX_CLK/U53/Y (AOI221XLM)                                0.30       2.10 r
  TX_CLK/U54/Y (OAI2BB2X1M)                               0.16       2.26 f
  TX_CLK/U55/Y (OAI21X1M)                                 0.11       2.37 r
  TX_CLK/U10/Y (NOR2X2M)                                  0.13       2.50 f
  TX_CLK/U25/Y (AND2X2M)                                  0.22       2.72 f
  TX_CLK/U26/CO (ADDHX1M)                                 0.19       2.91 f
  TX_CLK/U29/CO (ADDHX1M)                                 0.19       3.10 f
  TX_CLK/U30/CO (ADDHX1M)                                 0.19       3.30 f
  TX_CLK/U32/S (ADDHX1M)                                  0.09       3.39 r
  TX_CLK/count_reg[4]/D (DFFRQX2M)                        0.00       3.39 r
  data arrival time                                                  3.39

  clock UART_clk (rise edge)                            271.29     271.29
  clock network delay (ideal)                             0.00     271.29
  clock uncertainty                                      -0.20     271.09
  TX_CLK/count_reg[4]/CK (DFFRQX2M)                       0.00     271.09 r
  library setup time                                     -0.31     270.78
  data required time                                               270.78
  --------------------------------------------------------------------------
  data required time                                               270.78
  data arrival time                                                 -3.39
  --------------------------------------------------------------------------
  slack (MET)                                                      267.39


  Startpoint: RX_CLK/div_clk_reg_reg
              (rising edge-triggered flip-flop clocked by UART_clk)
  Endpoint: RX_CLK/count_reg[4]
            (rising edge-triggered flip-flop clocked by UART_clk)
  Path Group: UART_clk
  Path Type: max

  Point                                                   Incr       Path
  --------------------------------------------------------------------------
  clock UART_clk (rise edge)                              0.00       0.00
  clock network delay (ideal)                             0.00       0.00
  RX_CLK/div_clk_reg_reg/CK (DFFRQX2M)                    0.00       0.00 r
  RX_CLK/div_clk_reg_reg/Q (DFFRQX2M)                     0.46       0.46 f
  RX_CLK/U30/Y (BUFX2M)                                   0.20       0.66 f
  RX_CLK/U15/Y (AO22X1M)                                  0.44       1.10 f
  RX_CLK/U50/Y (AOI2BB1X1M)                               0.25       1.35 f
  RX_CLK/U51/Y (AOI222X1M)                                0.32       1.67 r
  RX_CLK/U52/Y (AOI221XLM)                                0.12       1.79 f
  RX_CLK/U53/Y (AOI221XLM)                                0.30       2.10 r
  RX_CLK/U54/Y (OAI2BB2X1M)                               0.16       2.26 f
  RX_CLK/U55/Y (OAI21X1M)                                 0.11       2.37 r
  RX_CLK/U12/Y (NOR2X2M)                                  0.13       2.50 f
  RX_CLK/U28/Y (AND2X2M)                                  0.22       2.72 f
  RX_CLK/U29/CO (ADDHX1M)                                 0.19       2.91 f
  RX_CLK/U32/CO (ADDHX1M)                                 0.19       3.10 f
  RX_CLK/U33/CO (ADDHX1M)                                 0.19       3.30 f
  RX_CLK/U34/S (ADDHX1M)                                  0.09       3.39 r
  RX_CLK/count_reg[4]/D (DFFRQX2M)                        0.00       3.39 r
  data arrival time                                                  3.39

  clock UART_clk (rise edge)                            271.29     271.29
  clock network delay (ideal)                             0.00     271.29
  clock uncertainty                                      -0.20     271.09
  RX_CLK/count_reg[4]/CK (DFFRQX2M)                       0.00     271.09 r
  library setup time                                     -0.31     270.78
  data required time                                               270.78
  --------------------------------------------------------------------------
  data required time                                               270.78
  data arrival time                                                 -3.39
  --------------------------------------------------------------------------
  slack (MET)                                                      267.39


  Startpoint: TX_CLK/div_clk_reg_reg
              (rising edge-triggered flip-flop clocked by UART_clk)
  Endpoint: TX_CLK/count_reg[3]
            (rising edge-triggered flip-flop clocked by UART_clk)
  Path Group: UART_clk
  Path Type: max

  Point                                                   Incr       Path
  --------------------------------------------------------------------------
  clock UART_clk (rise edge)                              0.00       0.00
  clock network delay (ideal)                             0.00       0.00
  TX_CLK/div_clk_reg_reg/CK (DFFRQX2M)                    0.00       0.00 r
  TX_CLK/div_clk_reg_reg/Q (DFFRQX2M)                     0.46       0.46 f
  TX_CLK/U27/Y (BUFX2M)                                   0.20       0.66 f
  TX_CLK/U31/Y (AO22X1M)                                  0.44       1.10 f
  TX_CLK/U50/Y (AOI2BB1X1M)                               0.25       1.35 f
  TX_CLK/U51/Y (AOI222X1M)                                0.32       1.67 r
  TX_CLK/U52/Y (AOI221XLM)                                0.12       1.79 f
  TX_CLK/U53/Y (AOI221XLM)                                0.30       2.10 r
  TX_CLK/U54/Y (OAI2BB2X1M)                               0.16       2.26 f
  TX_CLK/U55/Y (OAI21X1M)                                 0.11       2.37 r
  TX_CLK/U10/Y (NOR2X2M)                                  0.13       2.50 f
  TX_CLK/U25/Y (AND2X2M)                                  0.22       2.72 f
  TX_CLK/U26/CO (ADDHX1M)                                 0.19       2.91 f
  TX_CLK/U29/CO (ADDHX1M)                                 0.19       3.10 f
  TX_CLK/U30/S (ADDHX1M)                                  0.09       3.19 r
  TX_CLK/count_reg[3]/D (DFFRQX2M)                        0.00       3.19 r
  data arrival time                                                  3.19

  clock UART_clk (rise edge)                            271.29     271.29
  clock network delay (ideal)                             0.00     271.29
  clock uncertainty                                      -0.20     271.09
  TX_CLK/count_reg[3]/CK (DFFRQX2M)                       0.00     271.09 r
  library setup time                                     -0.31     270.78
  data required time                                               270.78
  --------------------------------------------------------------------------
  data required time                                               270.78
  data arrival time                                                 -3.19
  --------------------------------------------------------------------------
  slack (MET)                                                      267.59


  Startpoint: RX_CLK/div_clk_reg_reg
              (rising edge-triggered flip-flop clocked by UART_clk)
  Endpoint: RX_CLK/count_reg[3]
            (rising edge-triggered flip-flop clocked by UART_clk)
  Path Group: UART_clk
  Path Type: max

  Point                                                   Incr       Path
  --------------------------------------------------------------------------
  clock UART_clk (rise edge)                              0.00       0.00
  clock network delay (ideal)                             0.00       0.00
  RX_CLK/div_clk_reg_reg/CK (DFFRQX2M)                    0.00       0.00 r
  RX_CLK/div_clk_reg_reg/Q (DFFRQX2M)                     0.46       0.46 f
  RX_CLK/U30/Y (BUFX2M)                                   0.20       0.66 f
  RX_CLK/U15/Y (AO22X1M)                                  0.44       1.10 f
  RX_CLK/U50/Y (AOI2BB1X1M)                               0.25       1.35 f
  RX_CLK/U51/Y (AOI222X1M)                                0.32       1.67 r
  RX_CLK/U52/Y (AOI221XLM)                                0.12       1.79 f
  RX_CLK/U53/Y (AOI221XLM)                                0.30       2.10 r
  RX_CLK/U54/Y (OAI2BB2X1M)                               0.16       2.26 f
  RX_CLK/U55/Y (OAI21X1M)                                 0.11       2.37 r
  RX_CLK/U12/Y (NOR2X2M)                                  0.13       2.50 f
  RX_CLK/U28/Y (AND2X2M)                                  0.22       2.72 f
  RX_CLK/U29/CO (ADDHX1M)                                 0.19       2.91 f
  RX_CLK/U32/CO (ADDHX1M)                                 0.19       3.10 f
  RX_CLK/U33/S (ADDHX1M)                                  0.09       3.19 r
  RX_CLK/count_reg[3]/D (DFFRQX2M)                        0.00       3.19 r
  data arrival time                                                  3.19

  clock UART_clk (rise edge)                            271.29     271.29
  clock network delay (ideal)                             0.00     271.29
  clock uncertainty                                      -0.20     271.09
  RX_CLK/count_reg[3]/CK (DFFRQX2M)                       0.00     271.09 r
  library setup time                                     -0.31     270.78
  data required time                                               270.78
  --------------------------------------------------------------------------
  data required time                                               270.78
  data arrival time                                                 -3.19
  --------------------------------------------------------------------------
  slack (MET)                                                      267.59


  Startpoint: TX_CLK/div_clk_reg_reg
              (rising edge-triggered flip-flop clocked by UART_clk)
  Endpoint: TX_CLK/count_reg[2]
            (rising edge-triggered flip-flop clocked by UART_clk)
  Path Group: UART_clk
  Path Type: max

  Point                                                   Incr       Path
  --------------------------------------------------------------------------
  clock UART_clk (rise edge)                              0.00       0.00
  clock network delay (ideal)                             0.00       0.00
  TX_CLK/div_clk_reg_reg/CK (DFFRQX2M)                    0.00       0.00 r
  TX_CLK/div_clk_reg_reg/Q (DFFRQX2M)                     0.46       0.46 f
  TX_CLK/U27/Y (BUFX2M)                                   0.20       0.66 f
  TX_CLK/U31/Y (AO22X1M)                                  0.44       1.10 f
  TX_CLK/U50/Y (AOI2BB1X1M)                               0.25       1.35 f
  TX_CLK/U51/Y (AOI222X1M)                                0.32       1.67 r
  TX_CLK/U52/Y (AOI221XLM)                                0.12       1.79 f
  TX_CLK/U53/Y (AOI221XLM)                                0.30       2.10 r
  TX_CLK/U54/Y (OAI2BB2X1M)                               0.16       2.26 f
  TX_CLK/U55/Y (OAI21X1M)                                 0.11       2.37 r
  TX_CLK/U10/Y (NOR2X2M)                                  0.13       2.50 f
  TX_CLK/U25/Y (AND2X2M)                                  0.22       2.72 f
  TX_CLK/U26/CO (ADDHX1M)                                 0.19       2.91 f
  TX_CLK/U29/S (ADDHX1M)                                  0.09       3.00 r
  TX_CLK/count_reg[2]/D (DFFRQX2M)                        0.00       3.00 r
  data arrival time                                                  3.00

  clock UART_clk (rise edge)                            271.29     271.29
  clock network delay (ideal)                             0.00     271.29
  clock uncertainty                                      -0.20     271.09
  TX_CLK/count_reg[2]/CK (DFFRQX2M)                       0.00     271.09 r
  library setup time                                     -0.31     270.78
  data required time                                               270.78
  --------------------------------------------------------------------------
  data required time                                               270.78
  data arrival time                                                 -3.00
  --------------------------------------------------------------------------
  slack (MET)                                                      267.78


  Startpoint: RX_CLK/div_clk_reg_reg
              (rising edge-triggered flip-flop clocked by UART_clk)
  Endpoint: RX_CLK/count_reg[2]
            (rising edge-triggered flip-flop clocked by UART_clk)
  Path Group: UART_clk
  Path Type: max

  Point                                                   Incr       Path
  --------------------------------------------------------------------------
  clock UART_clk (rise edge)                              0.00       0.00
  clock network delay (ideal)                             0.00       0.00
  RX_CLK/div_clk_reg_reg/CK (DFFRQX2M)                    0.00       0.00 r
  RX_CLK/div_clk_reg_reg/Q (DFFRQX2M)                     0.46       0.46 f
  RX_CLK/U30/Y (BUFX2M)                                   0.20       0.66 f
  RX_CLK/U15/Y (AO22X1M)                                  0.44       1.10 f
  RX_CLK/U50/Y (AOI2BB1X1M)                               0.25       1.35 f
  RX_CLK/U51/Y (AOI222X1M)                                0.32       1.67 r
  RX_CLK/U52/Y (AOI221XLM)                                0.12       1.79 f
  RX_CLK/U53/Y (AOI221XLM)                                0.30       2.10 r
  RX_CLK/U54/Y (OAI2BB2X1M)                               0.16       2.26 f
  RX_CLK/U55/Y (OAI21X1M)                                 0.11       2.37 r
  RX_CLK/U12/Y (NOR2X2M)                                  0.13       2.50 f
  RX_CLK/U28/Y (AND2X2M)                                  0.22       2.72 f
  RX_CLK/U29/CO (ADDHX1M)                                 0.19       2.91 f
  RX_CLK/U32/S (ADDHX1M)                                  0.09       3.00 r
  RX_CLK/count_reg[2]/D (DFFRQX2M)                        0.00       3.00 r
  data arrival time                                                  3.00

  clock UART_clk (rise edge)                            271.29     271.29
  clock network delay (ideal)                             0.00     271.29
  clock uncertainty                                      -0.20     271.09
  RX_CLK/count_reg[2]/CK (DFFRQX2M)                       0.00     271.09 r
  library setup time                                     -0.31     270.78
  data required time                                               270.78
  --------------------------------------------------------------------------
  data required time                                               270.78
  data arrival time                                                 -3.00
  --------------------------------------------------------------------------
  slack (MET)                                                      267.78


  Startpoint: RX_CLK/div_clk_reg_reg
              (rising edge-triggered flip-flop clocked by UART_clk)
  Endpoint: RX_CLK/count_reg[1]
            (rising edge-triggered flip-flop clocked by UART_clk)
  Path Group: UART_clk
  Path Type: max

  Point                                                   Incr       Path
  --------------------------------------------------------------------------
  clock UART_clk (rise edge)                              0.00       0.00
  clock network delay (ideal)                             0.00       0.00
  RX_CLK/div_clk_reg_reg/CK (DFFRQX2M)                    0.00       0.00 r
  RX_CLK/div_clk_reg_reg/Q (DFFRQX2M)                     0.46       0.46 f
  RX_CLK/U30/Y (BUFX2M)                                   0.20       0.66 f
  RX_CLK/U15/Y (AO22X1M)                                  0.44       1.10 f
  RX_CLK/U50/Y (AOI2BB1X1M)                               0.25       1.35 f
  RX_CLK/U51/Y (AOI222X1M)                                0.32       1.67 r
  RX_CLK/U52/Y (AOI221XLM)                                0.12       1.79 f
  RX_CLK/U53/Y (AOI221XLM)                                0.30       2.10 r
  RX_CLK/U54/Y (OAI2BB2X1M)                               0.16       2.26 f
  RX_CLK/U55/Y (OAI21X1M)                                 0.11       2.37 r
  RX_CLK/U12/Y (NOR2X2M)                                  0.13       2.50 f
  RX_CLK/U4/Y (AND2X2M)                                   0.21       2.70 f
  RX_CLK/U29/S (ADDHX1M)                                  0.12       2.83 r
  RX_CLK/count_reg[1]/D (DFFRQX2M)                        0.00       2.83 r
  data arrival time                                                  2.83

  clock UART_clk (rise edge)                            271.29     271.29
  clock network delay (ideal)                             0.00     271.29
  clock uncertainty                                      -0.20     271.09
  RX_CLK/count_reg[1]/CK (DFFRQX2M)                       0.00     271.09 r
  library setup time                                     -0.31     270.78
  data required time                                               270.78
  --------------------------------------------------------------------------
  data required time                                               270.78
  data arrival time                                                 -2.83
  --------------------------------------------------------------------------
  slack (MET)                                                      267.95


  Startpoint: TX_CLK/div_clk_reg_reg
              (rising edge-triggered flip-flop clocked by UART_clk)
  Endpoint: TX_CLK/count_reg[1]
            (rising edge-triggered flip-flop clocked by UART_clk)
  Path Group: UART_clk
  Path Type: max

  Point                                                   Incr       Path
  --------------------------------------------------------------------------
  clock UART_clk (rise edge)                              0.00       0.00
  clock network delay (ideal)                             0.00       0.00
  TX_CLK/div_clk_reg_reg/CK (DFFRQX2M)                    0.00       0.00 r
  TX_CLK/div_clk_reg_reg/Q (DFFRQX2M)                     0.46       0.46 f
  TX_CLK/U27/Y (BUFX2M)                                   0.20       0.66 f
  TX_CLK/U31/Y (AO22X1M)                                  0.44       1.10 f
  TX_CLK/U50/Y (AOI2BB1X1M)                               0.25       1.35 f
  TX_CLK/U51/Y (AOI222X1M)                                0.32       1.67 r
  TX_CLK/U52/Y (AOI221XLM)                                0.12       1.79 f
  TX_CLK/U53/Y (AOI221XLM)                                0.30       2.10 r
  TX_CLK/U54/Y (OAI2BB2X1M)                               0.16       2.26 f
  TX_CLK/U55/Y (OAI21X1M)                                 0.11       2.37 r
  TX_CLK/U10/Y (NOR2X2M)                                  0.13       2.50 f
  TX_CLK/U4/Y (AND2X2M)                                   0.21       2.70 f
  TX_CLK/U26/S (ADDHX1M)                                  0.12       2.83 r
  TX_CLK/count_reg[1]/D (DFFRQX2M)                        0.00       2.83 r
  data arrival time                                                  2.83

  clock UART_clk (rise edge)                            271.29     271.29
  clock network delay (ideal)                             0.00     271.29
  clock uncertainty                                      -0.20     271.09
  TX_CLK/count_reg[1]/CK (DFFRQX2M)                       0.00     271.09 r
  library setup time                                     -0.31     270.78
  data required time                                               270.78
  --------------------------------------------------------------------------
  data required time                                               270.78
  data arrival time                                                 -2.83
  --------------------------------------------------------------------------
  slack (MET)                                                      267.95


  Startpoint: TX_CLK/div_clk_reg_reg
              (rising edge-triggered flip-flop clocked by UART_clk)
  Endpoint: TX_CLK/div_clk_reg_reg
            (rising edge-triggered flip-flop clocked by UART_clk)
  Path Group: UART_clk
  Path Type: max

  Point                                                   Incr       Path
  --------------------------------------------------------------------------
  clock UART_clk (rise edge)                              0.00       0.00
  clock network delay (ideal)                             0.00       0.00
  TX_CLK/div_clk_reg_reg/CK (DFFRQX2M)                    0.00       0.00 r
  TX_CLK/div_clk_reg_reg/Q (DFFRQX2M)                     0.46       0.46 f
  TX_CLK/U27/Y (BUFX2M)                                   0.20       0.66 f
  TX_CLK/U31/Y (AO22X1M)                                  0.44       1.10 f
  TX_CLK/U50/Y (AOI2BB1X1M)                               0.25       1.35 f
  TX_CLK/U51/Y (AOI222X1M)                                0.32       1.67 r
  TX_CLK/U52/Y (AOI221XLM)                                0.12       1.79 f
  TX_CLK/U53/Y (AOI221XLM)                                0.30       2.10 r
  TX_CLK/U54/Y (OAI2BB2X1M)                               0.16       2.26 f
  TX_CLK/U55/Y (OAI21X1M)                                 0.11       2.37 r
  TX_CLK/U15/Y (AOI32X1M)                                 0.20       2.56 f
  TX_CLK/U14/Y (INVX2M)                                   0.08       2.64 r
  TX_CLK/div_clk_reg_reg/D (DFFRQX2M)                     0.00       2.64 r
  data arrival time                                                  2.64

  clock UART_clk (rise edge)                            271.29     271.29
  clock network delay (ideal)                             0.00     271.29
  clock uncertainty                                      -0.20     271.09
  TX_CLK/div_clk_reg_reg/CK (DFFRQX2M)                    0.00     271.09 r
  library setup time                                     -0.29     270.80
  data required time                                               270.80
  --------------------------------------------------------------------------
  data required time                                               270.80
  data arrival time                                                 -2.64
  --------------------------------------------------------------------------
  slack (MET)                                                      268.16


  Startpoint: RX_CLK/div_clk_reg_reg
              (rising edge-triggered flip-flop clocked by UART_clk)
  Endpoint: RX_CLK/div_clk_reg_reg
            (rising edge-triggered flip-flop clocked by UART_clk)
  Path Group: UART_clk
  Path Type: max

  Point                                                   Incr       Path
  --------------------------------------------------------------------------
  clock UART_clk (rise edge)                              0.00       0.00
  clock network delay (ideal)                             0.00       0.00
  RX_CLK/div_clk_reg_reg/CK (DFFRQX2M)                    0.00       0.00 r
  RX_CLK/div_clk_reg_reg/Q (DFFRQX2M)                     0.46       0.46 f
  RX_CLK/U30/Y (BUFX2M)                                   0.20       0.66 f
  RX_CLK/U15/Y (AO22X1M)                                  0.44       1.10 f
  RX_CLK/U50/Y (AOI2BB1X1M)                               0.25       1.35 f
  RX_CLK/U51/Y (AOI222X1M)                                0.32       1.67 r
  RX_CLK/U52/Y (AOI221XLM)                                0.12       1.79 f
  RX_CLK/U53/Y (AOI221XLM)                                0.30       2.10 r
  RX_CLK/U54/Y (OAI2BB2X1M)                               0.16       2.26 f
  RX_CLK/U55/Y (OAI21X1M)                                 0.11       2.37 r
  RX_CLK/U18/Y (AOI32X1M)                                 0.20       2.56 f
  RX_CLK/U17/Y (INVX2M)                                   0.08       2.64 r
  RX_CLK/div_clk_reg_reg/D (DFFRQX2M)                     0.00       2.64 r
  data arrival time                                                  2.64

  clock UART_clk (rise edge)                            271.29     271.29
  clock network delay (ideal)                             0.00     271.29
  clock uncertainty                                      -0.20     271.09
  RX_CLK/div_clk_reg_reg/CK (DFFRQX2M)                    0.00     271.09 r
  library setup time                                     -0.29     270.80
  data required time                                               270.80
  --------------------------------------------------------------------------
  data required time                                               270.80
  data arrival time                                                 -2.64
  --------------------------------------------------------------------------
  slack (MET)                                                      268.16


  Startpoint: TX_CLK/div_clk_reg_reg
              (rising edge-triggered flip-flop clocked by UART_clk)
  Endpoint: TX_CLK/count_reg[0]
            (rising edge-triggered flip-flop clocked by UART_clk)
  Path Group: UART_clk
  Path Type: max

  Point                                                   Incr       Path
  --------------------------------------------------------------------------
  clock UART_clk (rise edge)                              0.00       0.00
  clock network delay (ideal)                             0.00       0.00
  TX_CLK/div_clk_reg_reg/CK (DFFRQX2M)                    0.00       0.00 r
  TX_CLK/div_clk_reg_reg/Q (DFFRQX2M)                     0.46       0.46 f
  TX_CLK/U27/Y (BUFX2M)                                   0.20       0.66 f
  TX_CLK/U31/Y (AO22X1M)                                  0.44       1.10 f
  TX_CLK/U50/Y (AOI2BB1X1M)                               0.25       1.35 f
  TX_CLK/U51/Y (AOI222X1M)                                0.32       1.67 r
  TX_CLK/U52/Y (AOI221XLM)                                0.12       1.79 f
  TX_CLK/U53/Y (AOI221XLM)                                0.30       2.10 r
  TX_CLK/U54/Y (OAI2BB2X1M)                               0.16       2.26 f
  TX_CLK/U55/Y (OAI21X1M)                                 0.11       2.37 r
  TX_CLK/U10/Y (NOR2X2M)                                  0.13       2.50 f
  TX_CLK/U25/Y (AND2X2M)                                  0.22       2.72 f
  TX_CLK/U17/Y (INVX2M)                                   0.05       2.76 r
  TX_CLK/count_reg[0]/D (DFFSQX2M)                        0.00       2.76 r
  data arrival time                                                  2.76

  clock UART_clk (rise edge)                            271.29     271.29
  clock network delay (ideal)                             0.00     271.29
  clock uncertainty                                      -0.20     271.09
  TX_CLK/count_reg[0]/CK (DFFSQX2M)                       0.00     271.09 r
  library setup time                                     -0.16     270.93
  data required time                                               270.93
  --------------------------------------------------------------------------
  data required time                                               270.93
  data arrival time                                                 -2.76
  --------------------------------------------------------------------------
  slack (MET)                                                      268.16


  Startpoint: RX_CLK/div_clk_reg_reg
              (rising edge-triggered flip-flop clocked by UART_clk)
  Endpoint: RX_CLK/count_reg[0]
            (rising edge-triggered flip-flop clocked by UART_clk)
  Path Group: UART_clk
  Path Type: max

  Point                                                   Incr       Path
  --------------------------------------------------------------------------
  clock UART_clk (rise edge)                              0.00       0.00
  clock network delay (ideal)                             0.00       0.00
  RX_CLK/div_clk_reg_reg/CK (DFFRQX2M)                    0.00       0.00 r
  RX_CLK/div_clk_reg_reg/Q (DFFRQX2M)                     0.46       0.46 f
  RX_CLK/U30/Y (BUFX2M)                                   0.20       0.66 f
  RX_CLK/U15/Y (AO22X1M)                                  0.44       1.10 f
  RX_CLK/U50/Y (AOI2BB1X1M)                               0.25       1.35 f
  RX_CLK/U51/Y (AOI222X1M)                                0.32       1.67 r
  RX_CLK/U52/Y (AOI221XLM)                                0.12       1.79 f
  RX_CLK/U53/Y (AOI221XLM)                                0.30       2.10 r
  RX_CLK/U54/Y (OAI2BB2X1M)                               0.16       2.26 f
  RX_CLK/U55/Y (OAI21X1M)                                 0.11       2.37 r
  RX_CLK/U12/Y (NOR2X2M)                                  0.13       2.50 f
  RX_CLK/U28/Y (AND2X2M)                                  0.22       2.72 f
  RX_CLK/U21/Y (INVX2M)                                   0.05       2.76 r
  RX_CLK/count_reg[0]/D (DFFSQX2M)                        0.00       2.76 r
  data arrival time                                                  2.76

  clock UART_clk (rise edge)                            271.29     271.29
  clock network delay (ideal)                             0.00     271.29
  clock uncertainty                                      -0.20     271.09
  RX_CLK/count_reg[0]/CK (DFFSQX2M)                       0.00     271.09 r
  library setup time                                     -0.16     270.93
  data required time                                               270.93
  --------------------------------------------------------------------------
  data required time                                               270.93
  data arrival time                                                 -2.76
  --------------------------------------------------------------------------
  slack (MET)                                                      268.16


  Startpoint: uart_rst_sync/n_synch_reg[1]
              (rising edge-triggered flip-flop clocked by UART_clk)
  Endpoint: uart_rst_sync/n_synch_reg[2]
            (rising edge-triggered flip-flop clocked by UART_clk)
  Path Group: UART_clk
  Path Type: max

  Point                                                   Incr       Path
  --------------------------------------------------------------------------
  clock UART_clk (rise edge)                              0.00       0.00
  clock network delay (ideal)                             0.00       0.00
  uart_rst_sync/n_synch_reg[1]/CK (DFFRQX2M)              0.00       0.00 r
  uart_rst_sync/n_synch_reg[1]/Q (DFFRQX2M)               0.36       0.36 r
  uart_rst_sync/n_synch_reg[2]/D (DFFRQX2M)               0.00       0.36 r
  data arrival time                                                  0.36

  clock UART_clk (rise edge)                            271.29     271.29
  clock network delay (ideal)                             0.00     271.29
  clock uncertainty                                      -0.20     271.09
  uart_rst_sync/n_synch_reg[2]/CK (DFFRQX2M)              0.00     271.09 r
  library setup time                                     -0.29     270.80
  data required time                                               270.80
  --------------------------------------------------------------------------
  data required time                                               270.80
  data arrival time                                                 -0.36
  --------------------------------------------------------------------------
  slack (MET)                                                      270.44


  Startpoint: uart_rst_sync/n_synch_reg[0]/CK
              (internal path startpoint clocked by UART_clk)
  Endpoint: uart_rst_sync/n_synch_reg[1]
            (rising edge-triggered flip-flop clocked by UART_clk)
  Path Group: UART_clk
  Path Type: max

  Point                                                   Incr       Path
  --------------------------------------------------------------------------
  clock UART_clk (rise edge)                              0.00       0.00
  clock network delay (ideal)                             0.00       0.00
  input external delay                                    0.00       0.00 r
  uart_rst_sync/n_synch_reg[0]/CK (DFFRQX2M)              0.00       0.00 r
  uart_rst_sync/n_synch_reg[0]/Q (DFFRQX2M)               0.36       0.36 r
  uart_rst_sync/n_synch_reg[1]/D (DFFRQX2M)               0.00       0.36 r
  data arrival time                                                  0.36

  clock UART_clk (rise edge)                            271.29     271.29
  clock network delay (ideal)                             0.00     271.29
  clock uncertainty                                      -0.20     271.09
  uart_rst_sync/n_synch_reg[1]/CK (DFFRQX2M)              0.00     271.09 r
  library setup time                                     -0.29     270.80
  data required time                                               270.80
  --------------------------------------------------------------------------
  data required time                                               270.80
  data arrival time                                                 -0.36
  --------------------------------------------------------------------------
  slack (MET)                                                      270.44


1
