SpyGlass run started at 03:18:06 am on Sep 22 2026 

SpyGlass Predictive Analyzer(R) - Version SpyGlass_vL-2016.06
Last compiled on May 20 2016

All Rights Reserved. Use, disclosure or duplication
without prior written permission of Synopsys Inc. is prohibited.
Technical support: email spyglass_support@synopsys.com.


Running SpyGlass 64-bit Executable: /home/synopsys/SpyGlass-L2016.06/SPYGLASS_HOME/obj/check.Linux4

RULE-CHECKING IN MIXED MODE
Loading Policy: spyglass (Version: SpyGlass_vL-2016.06) from path: /home/synopsys/SpyGlass-L2016.06/SPYGLASS_HOME/policies/spyglass
Loading Shared library libspyglassrules-Linux4.spyso from /home/synopsys/SpyGlass-L2016.06/SPYGLASS_HOME/lib/libspyglassrules-Linux4.spyso 
Loading Shared library libsdcInitRules-Linux4.spyso from /home/synopsys/SpyGlass-L2016.06/SPYGLASS_HOME/lib/libsdcInitRules-Linux4.spyso 
Loading Shared library librmerules-Linux4.spyso from /home/synopsys/SpyGlass-L2016.06/SPYGLASS_HOME/lib/librmerules-Linux4.spyso 
Loading perl file for 'auto-verify' policy from path: /home/synopsys/SpyGlass-L2016.06/SPYGLASS_HOME/policies/auto-verify/auto-verify-policy.pl
Loading Shared library libformalRules-Linux4.spyso from /home/synopsys/SpyGlass-L2016.06/SPYGLASS_HOME/policies/auto-verify/libformalRules-Linux4.spyso 
Version of Policy 'auto-verify': SpyGlass_vL-2016.06
Loading Shared library libVeStarc-Linux4.spyso from /home/synopsys/SpyGlass-L2016.06/SPYGLASS_HOME/policies/starc/libVeStarc-Linux4.spyso 
Loading Shared library libVeLint-Linux4.spyso from /home/synopsys/SpyGlass-L2016.06/SPYGLASS_HOME/lib/libVeLint-Linux4.spyso 
Loading Shared library libCoreRules-Linux4.spyso from /home/synopsys/SpyGlass-L2016.06/SPYGLASS_HOME/lib/libCoreRules-Linux4.spyso 
Loading Shared library libVeMoreLint-Linux4.spyso from /home/synopsys/SpyGlass-L2016.06/SPYGLASS_HOME/policies/morelint/libVeMoreLint-Linux4.spyso 
Loading Shared library libVhMoreLint-Linux4.spyso from /home/synopsys/SpyGlass-L2016.06/SPYGLASS_HOME/policies/morelint/libVhMoreLint-Linux4.spyso 
Enabling Following Rules Only For Save:
 GenTopLevelBlocksForAutoSoc
Total Rules Enabled Only For Save : 1
##build_id : SpyGlass_vL-2016.06
##system   : Linux IC_EDA 3.10.0-1160.6.1.el7.x86_64 #1 SMP Tue Nov 17 13:59:11 UTC 2020 x86_64
##cwd      : /home/ICer/UART_System/Spyglass
##lang     : Verilog+VHDL
##args     : -mSpyGlass::Compatibility::v2_7_3 \
             -mSpyGlass::Compatibility::v2_7_3 \
             -mSpyGlass::Compatibility::v2_7_3 \
             -lib accellera_vlog /home/synopsys/SpyGlass-L2016.06/SPYGLASS_HOME/auxi/ovl/precompile/Linux4/accellera_verilog \
             -lib accellera /home/synopsys/SpyGlass-L2016.06/SPYGLASS_HOME/auxi/ovl/precompile/Linux4/accellera_vhdl \
             -lib WORK ./spyglass-1/WORK \
             -lib accellera_vlog /home/synopsys/SpyGlass-L2016.06/SPYGLASS_HOME/auxi/ovl/precompile/Linux4/accellera_verilog \
             -lib accellera /home/synopsys/SpyGlass-L2016.06/SPYGLASS_HOME/auxi/ovl/precompile/Linux4/accellera_vhdl \
             -nl \
             -policy='auto-verify' \
             -mixed \
             -batch \
             -rules='Av_Info_Case_Analysis,Av_width_mismatch_assign,Av_width_mismatch_case,Av_width_mismatch_port,Av_width_mismatch_function,Av_signed_unsigned_mismatch,Av_width_mismatch_expr,Av_case_default_missing,Av_width_mismatch_expr03,Av_width_mismatch_expr02,Av_dontcare_mismatch,Av_case_default_redundant' \
             -wdir './spyglass-1/lint/lint_functional_rtl' \
             -enableSV \
             -sgdc '/home/synopsys/SpyGlass-L2016.06/SPYGLASS_HOME/auxi/policy_data/auto-verify/verif.sgdc' \
             -sgdc '/home/synopsys/SpyGlass-L2016.06/SPYGLASS_HOME/auxi/policy_data/auto-verify/verif.sgdc' \
             -dbdir './spyglass-1/.SG_SaveRestoreDB' \
             -templatedir '/home/synopsys/SpyGlass-L2016.06/SPYGLASS_HOME/GuideWare/latest/block/rtl_handoff' \
             --goal_info 'lint/lint_functional_rtl@' \
             --template_info 'lint/lint_functional_rtl' \
             -projectwdir './spyglass-1' \
             -enable_save_restore \
             -enable_save_restore_builtin 'true' \
             -nocheckoverflow=yes \
             -64bit  \
             /home/ICer/UART_System/rtl/UART/Package.sv \
             /home/ICer/UART_System/rtl/System_Top/System_TOP.sv \
             /home/ICer/UART_System/rtl/ALU/ALU.v \
             /home/ICer/UART_System/rtl/ClkDiv_ClkGate/Clk_divider.sv \
             /home/ICer/UART_System/rtl/ClkDiv_ClkGate/CLK_GATE.v \
             /home/ICer/UART_System/rtl/DataSynch_RstSynch_PulseGen/DATA_SYNCH.v \
             /home/ICer/UART_System/rtl/DataSynch_RstSynch_PulseGen/PULSE_GEN.v \
             /home/ICer/UART_System/rtl/DataSynch_RstSynch_PulseGen/RST_SYNCH.v \
             /home/ICer/UART_System/rtl/FIFO/Async_FIFO.v \
             /home/ICer/UART_System/rtl/FIFO/DF_SYNC.v \
             /home/ICer/UART_System/rtl/FIFO/FIFO_MEM_CNTRL.v \
             /home/ICer/UART_System/rtl/FIFO/FIFO_RD.v \
             /home/ICer/UART_System/rtl/FIFO/FIFO_WR.v \
             /home/ICer/UART_System/rtl/SYS_Control_RegisterFile/Register.v \
             /home/ICer/UART_System/rtl/SYS_Control_RegisterFile/SYS_CTRL.sv \
             /home/ICer/UART_System/rtl/UART/Data_Sampling.v \
             /home/ICer/UART_System/rtl/UART/DATA_SYNC.v \
             /home/ICer/UART_System/rtl/UART/DeSerializer.v \
             /home/ICer/UART_System/rtl/UART/Edge_Bit_Counter.v \
             /home/ICer/UART_System/rtl/UART/MUX.sv \
             /home/ICer/UART_System/rtl/UART/Parity_Calc.v \
             /home/ICer/UART_System/rtl/UART/Parity_Chk.v \
             /home/ICer/UART_System/rtl/UART/RX_FSM.sv \
             /home/ICer/UART_System/rtl/UART/Serializer.v \
             /home/ICer/UART_System/rtl/UART/Stp_Chk.v \
             /home/ICer/UART_System/rtl/UART/Strt_Chk.v \
             /home/ICer/UART_System/rtl/UART/TX_FSM.sv \
             /home/ICer/UART_System/rtl/UART/TX_TOP.sv \
             /home/ICer/UART_System/rtl/UART/UART.v \
             /home/ICer/UART_System/rtl/UART/UART_RX.sv

##verbosity level   : 2
##exact cmdline arg : -batch -project spyglass-1.prj -goal lint/lint_functional_rtl -64bit
##spyglass_run.csh begins :
;	cd /home/ICer/UART_System/Spyglass
;	setenv SPYGLASS_LD_PRELOAD /home/synopsys/SpyGlass-L2016.06/SPYGLASS_HOME/lib/libsgjemalloc-Linux4.so
;	setenv SPYGLASS_DW_PATH /home/synopsys/SpyGlass-L2016.06/SPYGLASS_HOME/dw_support
;	/home/synopsys/SpyGlass-L2016.06/SPYGLASS_HOME/bin/spyglass  -batch -project spyglass-1.prj -goal lint/lint_functional_rtl -64bit
##spyglass_run.csh ends
##files    : /home/ICer/UART_System/rtl/UART/Package.sv \
             /home/ICer/UART_System/rtl/System_Top/System_TOP.sv \
             /home/ICer/UART_System/rtl/ALU/ALU.v \
             /home/ICer/UART_System/rtl/ClkDiv_ClkGate/Clk_divider.sv \
             /home/ICer/UART_System/rtl/ClkDiv_ClkGate/CLK_GATE.v \
             /home/ICer/UART_System/rtl/DataSynch_RstSynch_PulseGen/DATA_SYNCH.v \
             /home/ICer/UART_System/rtl/DataSynch_RstSynch_PulseGen/PULSE_GEN.v \
             /home/ICer/UART_System/rtl/DataSynch_RstSynch_PulseGen/RST_SYNCH.v \
             /home/ICer/UART_System/rtl/FIFO/Async_FIFO.v \
             /home/ICer/UART_System/rtl/FIFO/DF_SYNC.v \
             /home/ICer/UART_System/rtl/FIFO/FIFO_MEM_CNTRL.v \
             /home/ICer/UART_System/rtl/FIFO/FIFO_RD.v \
             /home/ICer/UART_System/rtl/FIFO/FIFO_WR.v \
             /home/ICer/UART_System/rtl/SYS_Control_RegisterFile/Register.v \
             /home/ICer/UART_System/rtl/SYS_Control_RegisterFile/SYS_CTRL.sv \
             /home/ICer/UART_System/rtl/UART/Data_Sampling.v \
             /home/ICer/UART_System/rtl/UART/DATA_SYNC.v \
             /home/ICer/UART_System/rtl/UART/DeSerializer.v \
             /home/ICer/UART_System/rtl/UART/Edge_Bit_Counter.v \
             /home/ICer/UART_System/rtl/UART/MUX.sv \
             /home/ICer/UART_System/rtl/UART/Parity_Calc.v \
             /home/ICer/UART_System/rtl/UART/Parity_Chk.v \
             /home/ICer/UART_System/rtl/UART/RX_FSM.sv \
             /home/ICer/UART_System/rtl/UART/Serializer.v \
             /home/ICer/UART_System/rtl/UART/Stp_Chk.v \
             /home/ICer/UART_System/rtl/UART/Strt_Chk.v \
             /home/ICer/UART_System/rtl/UART/TX_FSM.sv \
             /home/ICer/UART_System/rtl/UART/TX_TOP.sv \
             /home/ICer/UART_System/rtl/UART/UART.v \
             /home/ICer/UART_System/rtl/UART/UART_RX.sv

##FILEDEBUG[sgOpenFile]: Opening File './spyglass-1/lint/lint_functional_rtl/spyglass_spysch/auto-verify/width01_en.txt' in "w" mode ...
##FILEDEBUG[sgCloseFile]: File './spyglass-1/lint/lint_functional_rtl/spyglass_spysch/auto-verify/width01_en.txt' closed.
##FILEDEBUG[sgOpenFile]: Opening File './spyglass-1/lint/lint_functional_rtl/spyglass_spysch/auto-verify/width01.txt' in "w" mode ...
##FILEDEBUG[sgOpenFile]: Opening File './spyglass-1/lint/lint_functional_rtl/spyglass_spysch/auto-verify/width01_en.txt' in "r" mode ...
##FILEDEBUG[sgCloseFile]: File './spyglass-1/lint/lint_functional_rtl/spyglass_spysch/auto-verify/width01_en.txt' closed.
##FILEDEBUG[sgCloseFile]: File './spyglass-1/lint/lint_functional_rtl/spyglass_spysch/auto-verify/width01.txt' closed.
##FILEDEBUG[sgOpenFile]: Opening File './spyglass-1/lint/lint_functional_rtl/spyglass_spysch/auto-verify/width02_en.txt' in "w" mode ...
##FILEDEBUG[sgCloseFile]: File './spyglass-1/lint/lint_functional_rtl/spyglass_spysch/auto-verify/width02_en.txt' closed.
##FILEDEBUG[sgOpenFile]: Opening File './spyglass-1/lint/lint_functional_rtl/spyglass_spysch/auto-verify/width02.txt' in "w" mode ...
##FILEDEBUG[sgOpenFile]: Opening File './spyglass-1/lint/lint_functional_rtl/spyglass_spysch/auto-verify/width02_en.txt' in "r" mode ...
##FILEDEBUG[sgCloseFile]: File './spyglass-1/lint/lint_functional_rtl/spyglass_spysch/auto-verify/width02_en.txt' closed.
##FILEDEBUG[sgCloseFile]: File './spyglass-1/lint/lint_functional_rtl/spyglass_spysch/auto-verify/width02.txt' closed.
##FILEDEBUG[sgOpenFile]: Opening File './spyglass-1/lint/lint_functional_rtl/spyglass_spysch/auto-verify/width03_en.txt' in "w" mode ...
##FILEDEBUG[sgCloseFile]: File './spyglass-1/lint/lint_functional_rtl/spyglass_spysch/auto-verify/width03_en.txt' closed.
##FILEDEBUG[sgOpenFile]: Opening File './spyglass-1/lint/lint_functional_rtl/spyglass_spysch/auto-verify/width03.txt' in "w" mode ...
##FILEDEBUG[sgOpenFile]: Opening File './spyglass-1/lint/lint_functional_rtl/spyglass_spysch/auto-verify/width03_en.txt' in "r" mode ...
##FILEDEBUG[sgCloseFile]: File './spyglass-1/lint/lint_functional_rtl/spyglass_spysch/auto-verify/width03_en.txt' closed.
##FILEDEBUG[sgCloseFile]: File './spyglass-1/lint/lint_functional_rtl/spyglass_spysch/auto-verify/width03.txt' closed.
##FILEDEBUG[sgOpenFile]: Opening File './spyglass-1/lint/lint_functional_rtl/spyglass_spysch/auto-verify/width04_en.txt' in "w" mode ...
##FILEDEBUG[sgCloseFile]: File './spyglass-1/lint/lint_functional_rtl/spyglass_spysch/auto-verify/width04_en.txt' closed.
##FILEDEBUG[sgOpenFile]: Opening File './spyglass-1/lint/lint_functional_rtl/spyglass_spysch/auto-verify/width04.txt' in "w" mode ...
##FILEDEBUG[sgOpenFile]: Opening File './spyglass-1/lint/lint_functional_rtl/spyglass_spysch/auto-verify/width04_en.txt' in "r" mode ...
##FILEDEBUG[sgCloseFile]: File './spyglass-1/lint/lint_functional_rtl/spyglass_spysch/auto-verify/width04_en.txt' closed.
##FILEDEBUG[sgCloseFile]: File './spyglass-1/lint/lint_functional_rtl/spyglass_spysch/auto-verify/width04.txt' closed.
##FILEDEBUG[sgOpenFile]: Opening File './spyglass-1/lint/lint_functional_rtl/spyglass_spysch/auto-verify/sign05_en.txt' in "w" mode ...
##FILEDEBUG[sgCloseFile]: File './spyglass-1/lint/lint_functional_rtl/spyglass_spysch/auto-verify/sign05_en.txt' closed.
##FILEDEBUG[sgOpenFile]: Opening File './spyglass-1/lint/lint_functional_rtl/spyglass_spysch/auto-verify/sign05.txt' in "w" mode ...
##FILEDEBUG[sgOpenFile]: Opening File './spyglass-1/lint/lint_functional_rtl/spyglass_spysch/auto-verify/sign05_en.txt' in "r" mode ...
##FILEDEBUG[sgCloseFile]: File './spyglass-1/lint/lint_functional_rtl/spyglass_spysch/auto-verify/sign05_en.txt' closed.
##FILEDEBUG[sgCloseFile]: File './spyglass-1/lint/lint_functional_rtl/spyglass_spysch/auto-verify/sign05.txt' closed.
##FILEDEBUG[sgOpenFile]: Opening File './spyglass-1/lint/lint_functional_rtl/spyglass_spysch/auto-verify/width05_en.txt' in "w" mode ...
##FILEDEBUG[sgCloseFile]: File './spyglass-1/lint/lint_functional_rtl/spyglass_spysch/auto-verify/width05_en.txt' closed.
##FILEDEBUG[sgOpenFile]: Opening File './spyglass-1/lint/lint_functional_rtl/spyglass_spysch/auto-verify/width05.txt' in "w" mode ...
##FILEDEBUG[sgOpenFile]: Opening File './spyglass-1/lint/lint_functional_rtl/spyglass_spysch/auto-verify/width05_en.txt' in "r" mode ...
##FILEDEBUG[sgCloseFile]: File './spyglass-1/lint/lint_functional_rtl/spyglass_spysch/auto-verify/width05_en.txt' closed.
##FILEDEBUG[sgCloseFile]: File './spyglass-1/lint/lint_functional_rtl/spyglass_spysch/auto-verify/width05.txt' closed.
##FILEDEBUG[sgOpenFile]: Opening File './spyglass-1/lint/lint_functional_rtl/spyglass_spysch/auto-verify/width06_en.txt' in "w" mode ...
##FILEDEBUG[sgCloseFile]: File './spyglass-1/lint/lint_functional_rtl/spyglass_spysch/auto-verify/width06_en.txt' closed.
##FILEDEBUG[sgOpenFile]: Opening File './spyglass-1/lint/lint_functional_rtl/spyglass_spysch/auto-verify/width06.txt' in "w" mode ...
##FILEDEBUG[sgOpenFile]: Opening File './spyglass-1/lint/lint_functional_rtl/spyglass_spysch/auto-verify/width06_en.txt' in "r" mode ...
##FILEDEBUG[sgCloseFile]: File './spyglass-1/lint/lint_functional_rtl/spyglass_spysch/auto-verify/width06_en.txt' closed.
##FILEDEBUG[sgCloseFile]: File './spyglass-1/lint/lint_functional_rtl/spyglass_spysch/auto-verify/width06.txt' closed.
##FILEDEBUG[sgOpenFile]: Opening File './spyglass-1/lint/lint_functional_rtl/spyglass_spysch/auto-verify/width07_en.txt' in "w" mode ...
##FILEDEBUG[sgCloseFile]: File './spyglass-1/lint/lint_functional_rtl/spyglass_spysch/auto-verify/width07_en.txt' closed.
##FILEDEBUG[sgOpenFile]: Opening File './spyglass-1/lint/lint_functional_rtl/spyglass_spysch/auto-verify/width07.txt' in "w" mode ...
##FILEDEBUG[sgOpenFile]: Opening File './spyglass-1/lint/lint_functional_rtl/spyglass_spysch/auto-verify/width07_en.txt' in "r" mode ...
##FILEDEBUG[sgCloseFile]: File './spyglass-1/lint/lint_functional_rtl/spyglass_spysch/auto-verify/width07_en.txt' closed.
##FILEDEBUG[sgCloseFile]: File './spyglass-1/lint/lint_functional_rtl/spyglass_spysch/auto-verify/width07.txt' closed.
##FILEDEBUG[sgOpenFile]: Opening File './spyglass-1/lint/lint_functional_rtl/spyglass_spysch/auto-verify/dontcare01_en.txt' in "w" mode ...
##FILEDEBUG[sgCloseFile]: File './spyglass-1/lint/lint_functional_rtl/spyglass_spysch/auto-verify/dontcare01_en.txt' closed.
##FILEDEBUG[sgOpenFile]: Opening File './spyglass-1/lint/lint_functional_rtl/spyglass_spysch/auto-verify/dontcare01_en.txt' in "r" mode ...
##FILEDEBUG[sgCloseFile]: File './spyglass-1/lint/lint_functional_rtl/spyglass_spysch/auto-verify/dontcare01_en.txt' closed.
##FILEDEBUG[sgOpenFile]: Opening File './spyglass-1/lint/lint_functional_rtl/spyglass_spysch/auto-verify/default01_en.txt' in "w" mode ...
##FILEDEBUG[sgCloseFile]: File './spyglass-1/lint/lint_functional_rtl/spyglass_spysch/auto-verify/default01_en.txt' closed.
##FILEDEBUG[sgOpenFile]: Opening File './spyglass-1/lint/lint_functional_rtl/spyglass_spysch/auto-verify/default01_en.txt' in "r" mode ...
##FILEDEBUG[sgCloseFile]: File './spyglass-1/lint/lint_functional_rtl/spyglass_spysch/auto-verify/default01_en.txt' closed.
##FILEDEBUG[sgOpenFile]: Opening File './spyglass-1/lint/lint_functional_rtl/spyglass_spysch/auto-verify/default02_en.txt' in "w" mode ...
##FILEDEBUG[sgCloseFile]: File './spyglass-1/lint/lint_functional_rtl/spyglass_spysch/auto-verify/default02_en.txt' closed.
##FILEDEBUG[sgOpenFile]: Opening File './spyglass-1/lint/lint_functional_rtl/spyglass_spysch/auto-verify/default02.txt' in "w" mode ...
##FILEDEBUG[sgOpenFile]: Opening File './spyglass-1/lint/lint_functional_rtl/spyglass_spysch/auto-verify/default02_en.txt' in "r" mode ...
##FILEDEBUG[sgCloseFile]: File './spyglass-1/lint/lint_functional_rtl/spyglass_spysch/auto-verify/default02_en.txt' closed.
##FILEDEBUG[sgCloseFile]: File './spyglass-1/lint/lint_functional_rtl/spyglass_spysch/auto-verify/default02.txt' closed.
 Reading sgdc file "/home/synopsys/SpyGlass-L2016.06/SPYGLASS_HOME/auxi/policy_data/auto-verify/verif.sgdc" ...
Performing unification checks on SGDC... done

INFO [76]    Using `./spyglass-1/WORK/64' as the Work Directory for 64bit precompiled dump.
Checking Rule PrecompileLibCheck01 (Rule 1 of total 187) .... done (Time = 0.00s, Memory = 0.0K)
Checking Rule PrecompileLibCheck02 (Rule 2 of total 187) .... done (Time = 0.00s, Memory = 0.0K)
Checking Rule PrecompileLibCheck03 (Rule 3 of total 187) .... done (Time = 0.00s, Memory = -3.0K)
Checking Rule PrecompileLibCheck04 (Rule 4 of total 187) .... done (Time = 0.00s, Memory = 0.0K)
Checking Rule SGDC_assume_path01 (Rule 5 of total 187) .... done (Time = 0.00s, Memory = 0.0K)
Checking Rule SGDC_sdcschema02 (Rule 6 of total 187) .... done (Time = 0.00s, Memory = 0.0K)
Checking Rule SGDC_clock05 (Rule 7 of total 187) .... done (Time = 0.00s, Memory = 0.0K)
Checking Rule SGDC_clock09 (Rule 8 of total 187) .... done (Time = 0.00s, Memory = 0.0K)
Checking Rule SGDC_force_ta05 (Rule 9 of total 187) .... done (Time = 0.00s, Memory = 0.0K)
Checking Rule SGDC_require_path03 (Rule 10 of total 187) .... done (Time = 0.00s, Memory = 0.0K)
Checking Rule SGDC_require_value03 (Rule 11 of total 187) .... done (Time = 0.00s, Memory = 0.0K)
Checking Rule SGDC_voltagedomain05 (Rule 12 of total 187) .... done (Time = 0.00s, Memory = 32.5K)
Checking Rule SGDC_voltagedomain06 (Rule 13 of total 187) .... done (Time = 0.00s, Memory = 0.0K)
Checking Rule SGDC_voltagedomain07 (Rule 14 of total 187) .... done (Time = 0.00s, Memory = 0.0K)
Checking Rule SGDC_powerdomainoutputs02 (Rule 15 of total 187) .... done (Time = 0.00s, Memory = 0.0K)
Checking Rule SGDC_supply01 (Rule 16 of total 187) .... done (Time = 0.00s, Memory = 16.0K)
Checking Rule SGDC_waive01 (Rule 17 of total 187) .... done (Time = 0.00s, Memory = 0.0K)
Checking Rule SGDC_waive02 (Rule 18 of total 187) .... done (Time = 0.00s, Memory = 0.0K)
Checking Rule SGDC_waive03 (Rule 19 of total 187) .... done (Time = 0.00s, Memory = 0.0K)
Checking Rule SGDC_waive04 (Rule 20 of total 187) .... done (Time = 0.00s, Memory = 0.0K)
Checking Rule SGDC_waive05 (Rule 21 of total 187) .... done (Time = 0.00s, Memory = 0.0K)
Checking Rule SGDC_waive06 (Rule 22 of total 187) .... done (Time = 0.00s, Memory = 0.0K)
Checking Rule SGDC_waive07 (Rule 23 of total 187) .... done (Time = 0.00s, Memory = 16.0K)
Checking Rule SGDC_waive08 (Rule 24 of total 187) .... done (Time = 0.00s, Memory = 0.0K)
Checking Rule SGDC_waive09 (Rule 25 of total 187) .... done (Time = 0.00s, Memory = 2.9K)
Checking Rule SGDC_waive10 (Rule 26 of total 187) .... done (Time = 0.00s, Memory = 2.9K)
Checking Rule SGDC_waive11 (Rule 27 of total 187) .... done (Time = 0.00s, Memory = -16.0K)
Checking Rule SGDC_waive12 (Rule 28 of total 187) .... done (Time = 0.00s, Memory = 0.0K)
Checking Rule SGDC_waive13 (Rule 29 of total 187) .... done (Time = 0.00s, Memory = 0.0K)
Checking Rule SGDC_waive21 (Rule 30 of total 187) .... done (Time = 0.00s, Memory = 0.0K)
Checking Rule SGDC_waive22 (Rule 31 of total 187) .... done (Time = 0.00s, Memory = 0.1K)
Checking Rule SGDC_waive30 (Rule 32 of total 187) .... done (Time = 0.00s, Memory = 32.0K)
Checking Rule SGDC_waive32 (Rule 33 of total 187) .... done (Time = 0.00s, Memory = 0.0K)
Checking Rule SGDC_waive33 (Rule 34 of total 187) .... done (Time = 0.00s, Memory = -0.2K)
Checking Rule SGDC_waive36 (Rule 35 of total 187) .... done (Time = 0.00s, Memory = 2.8K)
Checking Rule SGDC_waive38 (Rule 36 of total 187) .... done (Time = 0.00s, Memory = -0.5K)
Checking Rule SGDC_fifo01 (Rule 37 of total 187) .... done (Time = 0.00s, Memory = 0.0K)
Checking Rule SGDC_libgroup01 (Rule 38 of total 187) .... done (Time = 0.00s, Memory = 0.0K)
Checking Rule SGDC_libgroup02 (Rule 39 of total 187) .... done (Time = 0.00s, Memory = 0.0K)
Checking Rule SGDC_libgroup04 (Rule 40 of total 187) .... done (Time = 0.00s, Memory = 0.0K)
Checking Rule SGDC_power_data01 (Rule 41 of total 187) .... done (Time = 0.00s, Memory = 0.0K)
Checking Rule SGDC_ungroup01 (Rule 42 of total 187) .... done (Time = 0.00s, Memory = 0.0K)
Checking Rule SGDC_abstract_port06 (Rule 43 of total 187) .... done (Time = 0.00s, Memory = 0.0K)
Checking Rule SGDC_abstract_port14 (Rule 44 of total 187) .... done (Time = 0.00s, Memory = -0.2K)
Checking Rule SGDC_abstract_port15 (Rule 45 of total 187) .... done (Time = 0.00s, Memory = 0.0K)
Checking Rule SGDC_abstract_port18 (Rule 46 of total 187) .... done (Time = 0.00s, Memory = 4.0K)
Checking Rule sdc_init_rule (Rule 47 of total 187) .... done (Time = 0.00s, Memory = 0.6K)
Checking Rule CMD_ignorelibs01 (Rule 48 of total 187) .... done (Time = 0.00s, Memory = -7.9K)
Checking Rule ReportRuleNotRun (Rule 49 of total 187) .... done (Time = 0.00s, Memory = 5.8K)
Checking Rule Av_license01 (Rule 50 of total 187)##FILEDEBUG[sgOpenFile]: Opening File './spyglass-1/lint/lint_functional_rtl/spyglass_spysch/auto-verify/formal_lint_lic_file' in "a" mode ...
##FILEDEBUG[sgCloseFile]: File './spyglass-1/lint/lint_functional_rtl/spyglass_spysch/auto-verify/formal_lint_lic_file' closed.
 .... done (Time = 0.00s, Memory = 0.0K)
Checking Rule Av_setup_checks01 (Rule 51 of total 187) .... done (Time = 0.00s, Memory = 0.0K)
Checking Rule Av_sanity01 (Rule 52 of total 187) .... done (Time = 0.00s, Memory = 0.0K)
Checking Rule ReportStopSummary (Rule 53 of total 187) .... done (Time = 0.00s, Memory = -0.9K)
Checking Rule ReportIgnoreSummary (Rule 54 of total 187) .... done (Time = 0.00s, Memory = 0.0K)
##SGDEBUG [BENCHMARK_ABSOLUTE]: Analysis started: 1 sec, 616974 KB, 2547812 KB
##SGDEBUG [BENCHMARK_INCR]: Analysis started: 1 sec, 616974 KB, 2547812 KB
 Analyzing source file "/home/ICer/UART_System/rtl/UART/Package.sv" ....
 Analyzing source file "/home/ICer/UART_System/rtl/System_Top/System_TOP.sv" ....
 Analyzing source file "/home/ICer/UART_System/rtl/ALU/ALU.v" ....
 Analyzing source file "/home/ICer/UART_System/rtl/ClkDiv_ClkGate/Clk_divider.sv" ....
 Analyzing source file "/home/ICer/UART_System/rtl/ClkDiv_ClkGate/CLK_GATE.v" ....
 Analyzing source file "/home/ICer/UART_System/rtl/DataSynch_RstSynch_PulseGen/DATA_SYNCH.v" ....
 Analyzing source file "/home/ICer/UART_System/rtl/DataSynch_RstSynch_PulseGen/PULSE_GEN.v" ....
 Analyzing source file "/home/ICer/UART_System/rtl/DataSynch_RstSynch_PulseGen/RST_SYNCH.v" ....
 Analyzing source file "/home/ICer/UART_System/rtl/FIFO/Async_FIFO.v" ....
 Analyzing source file "/home/ICer/UART_System/rtl/FIFO/DF_SYNC.v" ....
 Analyzing source file "/home/ICer/UART_System/rtl/FIFO/FIFO_MEM_CNTRL.v" ....
 Analyzing source file "/home/ICer/UART_System/rtl/FIFO/FIFO_RD.v" ....
 Analyzing source file "/home/ICer/UART_System/rtl/FIFO/FIFO_WR.v" ....
 Analyzing source file "/home/ICer/UART_System/rtl/SYS_Control_RegisterFile/Register.v" ....
 Analyzing source file "/home/ICer/UART_System/rtl/SYS_Control_RegisterFile/SYS_CTRL.sv" ....
 Analyzing source file "/home/ICer/UART_System/rtl/UART/Data_Sampling.v" ....
 Analyzing source file "/home/ICer/UART_System/rtl/UART/DATA_SYNC.v" ....
 Analyzing source file "/home/ICer/UART_System/rtl/UART/DeSerializer.v" ....
 Analyzing source file "/home/ICer/UART_System/rtl/UART/Edge_Bit_Counter.v" ....
 Analyzing source file "/home/ICer/UART_System/rtl/UART/MUX.sv" ....
 Analyzing source file "/home/ICer/UART_System/rtl/UART/Parity_Calc.v" ....
 Analyzing source file "/home/ICer/UART_System/rtl/UART/Parity_Chk.v" ....
 Analyzing source file "/home/ICer/UART_System/rtl/UART/RX_FSM.sv" ....
 Analyzing source file "/home/ICer/UART_System/rtl/UART/Serializer.v" ....
 Analyzing source file "/home/ICer/UART_System/rtl/UART/Stp_Chk.v" ....
 Analyzing source file "/home/ICer/UART_System/rtl/UART/Strt_Chk.v" ....
 Analyzing source file "/home/ICer/UART_System/rtl/UART/TX_FSM.sv" ....
 Analyzing source file "/home/ICer/UART_System/rtl/UART/TX_TOP.sv" ....
 Analyzing source file "/home/ICer/UART_System/rtl/UART/UART.v" ....
 Analyzing source file "/home/ICer/UART_System/rtl/UART/UART_RX.sv" ....
##SGDEBUG [BENCHMARK_ABSOLUTE]: Analysis finished: 1 sec, 617790 KB, 2548324 KB
##SGDEBUG [BENCHMARK_INCR]: Analysis finished: 0 sec, 816 KB, 512 KB
##SGDEBUG [BENCHMARK_ABSOLUTE]: Elaboration started: 1 sec, 617834 KB, 2548324 KB
##SGDEBUG [BENCHMARK_INCR]: Elaboration started: 0 sec, 44 KB, 0 KB
 Elaborating Top Verilog Design Unit 'sys_top' .....
 done
 Elaborating Top Verilog Design Unit 'Data_Sync' .....
 done
##SGDEBUG [BENCHMARK_ABSOLUTE]: Elaboration finished: 1 sec, 683797 KB, 2614116 KB
##SGDEBUG [BENCHMARK_INCR]: Elaboration finished: 0 sec, 65963 KB, 65792 KB
##SGDEBUG [BENCHMARK_ABSOLUTE]: RTL Semantic Checker started: 1 sec, 683796 KB, 2614116 KB
##SGDEBUG [BENCHMARK_INCR]: RTL Semantic Checker started: 0 sec, -1 KB, 0 KB
##SGDEBUG [BENCHMARK_ABSOLUTE]: RTL Semantic Checker finished: 1 sec, 683787 KB, 2614116 KB
##SGDEBUG [BENCHMARK_INCR]: RTL Semantic Checker finished: 0 sec, -9 KB, 0 KB
Checking Rule ElabSummary (Rule 55 of total 187)##FILEDEBUG[sgOpenFile]: Opening File './spyglass-1/lint/lint_functional_rtl/spyglass_reports/SpyGlass/elab_summary.rpt' in "w" mode ...
##FILEDEBUG[sgCloseFile]: File './spyglass-1/lint/lint_functional_rtl/spyglass_reports/SpyGlass/elab_summary.rpt' closed.
 .... done (Time = 0.00s, Memory = -22.3K)
Checking Rule ReportCheckDataSummary (Rule 56 of total 187) .... done (Time = 0.00s, Memory = 0.0K)
 Reading waiver file "./spyglass-1/lint/lint_functional_rtl/spyglass_spysch/constraint/spg_autogenerated_waivers.sgdc" ...
 Generating WAIVER file "./spyglass-1/lint/lint_functional_rtl/spyglass_spysch/waiver/pragma2Waiver.swl" from pragmas in HDL source files ....
Checking Rule DetectTopDesignUnits (Rule 57 of total 187) Detected 2 top level design units: 
     sys_top
     Data_Sync
 .... done (Time = 0.00s, Memory = 2.5K)
Performing semantic checks on SGDC contents
..... SGDC semantic checks completed. (Time = 0.00s, Memory = 0.0K)
Checking Rule SGDC_testmode03 (Rule 58 of total 187) .... done (Time = 0.00s, Memory = -1.9K)
Checking Rule ReportObsoletePragmas (Rule 59 of total 187) .... done (Time = 0.00s, Memory = 0.0K)
Checking Rule GenerateConfMap (Rule 60 of total 187) .... done (Time = 0.00s, Memory = 0.2K)
Checking Rule HdlLibDuCheck (Rule 61 of total 187) .... done (Time = 0.00s, Memory = 0.0K)
Checking Rule RtlDesignInfo (Rule 62 of total 187)
##SGDEBUG [BENCHMARK_DATA]: Number of RTL Design Units = 29
##SGDEBUG: RTL statistics for Verilog design units:
##SGDEBUG[BENCHMARK_DATA]: RTL Ports = 219 523 54
##SGDEBUG[BENCHMARK_DATA]: RTL Insts = 62
##SGDEBUG[BENCHMARK_DATA]: RTL Nets = 111 350 47
##SGDEBUG[BENCHMARK_DATA]: RTL Terms = 286 529 55

##SGDEBUG: NOTE: Following estimated data is applicable for structural designs only.
##SGDEBUG:     In case of RTL designs, this data may differ significantly from the actual figure.
##SGDEBUG[BENCHMARK_DATA]: Estimated Flat Insts = 29
##SGDEBUG[BENCHMARK_DATA]: Estimated Flat Nets = 183
##SGDEBUG[BENCHMARK_DATA]: Estimated Flat Terms = 453
##SGDEBUG[BENCHMARK_DATA]: Estimated Flat Paths = 5
 .... done (Time = 0.00s, Memory = 5.6K)
Checking Rule CheckCelldefine (Rule 63 of total 187) .... done (Time = 0.00s, Memory = 0.0K)
Checking ELABDU Rules for designUnit Data_Sync
    Checking Rule GenTopLevelBlocksForAutoSoc (Rule 64 of total 187)##FILEDEBUG[sgOpenFile]: Opening File './spyglass-1/lint/lint_functional_rtl/spyglass_reports/SpyGlass/blocks.rpt' in "w" mode ...
##FILEDEBUG[sgCloseFile]: File './spyglass-1/lint/lint_functional_rtl/spyglass_reports/SpyGlass/blocks.rpt' closed.
 .... done (Time = 0.00s, Memory = 1.9K)
Checking ELABDU Rules for designUnit sys_top
    Checking Rule GenTopLevelBlocksForAutoSoc (Rule 64 of total 187) .... done (Time = 0.00s, Memory = -1023.0K)
Checking ELABDU Rules for designUnit PULSE_GEN
    Checking Rule GenTopLevelBlocksForAutoSoc (Rule 64 of total 187) .... done (Time = 0.00s, Memory = 0.0K)
Checking ELABDU Rules for designUnit FIFO_TOP
    Checking Rule GenTopLevelBlocksForAutoSoc (Rule 64 of total 187) .... done (Time = 0.00s, Memory = 0.0K)
Checking ELABDU Rules for designUnit FIFO_MEM_CNTRL
    Checking Rule GenTopLevelBlocksForAutoSoc (Rule 64 of total 187) .... done (Time = 0.00s, Memory = 0.0K)
Checking ELABDU Rules for designUnit DF_SYNC
    Checking Rule GenTopLevelBlocksForAutoSoc (Rule 64 of total 187) .... done (Time = 0.00s, Memory = 0.0K)
Checking ELABDU Rules for designUnit FIFO_WR
    Checking Rule GenTopLevelBlocksForAutoSoc (Rule 64 of total 187) .... done (Time = 0.00s, Memory = 0.0K)
Checking ELABDU Rules for designUnit FIFO_RD
    Checking Rule GenTopLevelBlocksForAutoSoc (Rule 64 of total 187) .... done (Time = 0.00s, Memory = 0.0K)
Checking ELABDU Rules for designUnit ALU
    Checking Rule GenTopLevelBlocksForAutoSoc (Rule 64 of total 187) .... done (Time = 0.00s, Memory = 0.0K)
Checking ELABDU Rules for designUnit Register
    Checking Rule GenTopLevelBlocksForAutoSoc (Rule 64 of total 187) .... done (Time = 0.00s, Memory = 0.0K)
Checking ELABDU Rules for designUnit SYS_CTRL
    Checking Rule GenTopLevelBlocksForAutoSoc (Rule 64 of total 187) .... done (Time = 0.00s, Memory = 0.0K)
Checking ELABDU Rules for designUnit Data_Synch
    Checking Rule GenTopLevelBlocksForAutoSoc (Rule 64 of total 187) .... done (Time = 0.00s, Memory = 0.0K)
Checking ELABDU Rules for designUnit UART
    Checking Rule GenTopLevelBlocksForAutoSoc (Rule 64 of total 187) .... done (Time = 0.00s, Memory = 0.0K)
Checking ELABDU Rules for designUnit TX_TOP
    Checking Rule GenTopLevelBlocksForAutoSoc (Rule 64 of total 187) .... done (Time = 0.00s, Memory = 0.0K)
Checking ELABDU Rules for designUnit serializer
    Checking Rule GenTopLevelBlocksForAutoSoc (Rule 64 of total 187) .... done (Time = 0.00s, Memory = 0.0K)
Checking ELABDU Rules for designUnit TX_FSM
    Checking Rule GenTopLevelBlocksForAutoSoc (Rule 64 of total 187) .... done (Time = 0.00s, Memory = 0.0K)
Checking ELABDU Rules for designUnit parity
    Checking Rule GenTopLevelBlocksForAutoSoc (Rule 64 of total 187) .... done (Time = 0.00s, Memory = 0.0K)
Checking ELABDU Rules for designUnit MUX
    Checking Rule GenTopLevelBlocksForAutoSoc (Rule 64 of total 187) .... done (Time = 0.00s, Memory = 0.0K)
Checking ELABDU Rules for designUnit RX_TOP
    Checking Rule GenTopLevelBlocksForAutoSoc (Rule 64 of total 187) .... done (Time = 0.00s, Memory = 0.0K)
Checking ELABDU Rules for designUnit RX_FSM
    Checking Rule GenTopLevelBlocksForAutoSoc (Rule 64 of total 187) .... done (Time = 0.00s, Memory = 20.0K)
Checking ELABDU Rules for designUnit stp_chk
    Checking Rule GenTopLevelBlocksForAutoSoc (Rule 64 of total 187) .... done (Time = 0.00s, Memory = 0.0K)
Checking ELABDU Rules for designUnit Strt_chk
    Checking Rule GenTopLevelBlocksForAutoSoc (Rule 64 of total 187) .... done (Time = 0.00s, Memory = 0.0K)
Checking ELABDU Rules for designUnit Parity_chk
    Checking Rule GenTopLevelBlocksForAutoSoc (Rule 64 of total 187) .... done (Time = 0.00s, Memory = 0.0K)
Checking ELABDU Rules for designUnit Edge_Bit_Counter
    Checking Rule GenTopLevelBlocksForAutoSoc (Rule 64 of total 187) .... done (Time = 0.00s, Memory = 0.0K)
Checking ELABDU Rules for designUnit Data_sampling
    Checking Rule GenTopLevelBlocksForAutoSoc (Rule 64 of total 187) .... done (Time = 0.00s, Memory = 0.0K)
Checking ELABDU Rules for designUnit DeSerializer
    Checking Rule GenTopLevelBlocksForAutoSoc (Rule 64 of total 187) .... done (Time = 0.00s, Memory = 0.0K)
Checking ELABDU Rules for designUnit clk_div
    Checking Rule GenTopLevelBlocksForAutoSoc (Rule 64 of total 187) .... done (Time = 0.00s, Memory = 0.0K)
Checking ELABDU Rules for designUnit RST_SYNCH
    Checking Rule GenTopLevelBlocksForAutoSoc (Rule 64 of total 187) .... done (Time = 0.00s, Memory = 8.0K)
Checking ELABDU Rules for designUnit CLK_GATE
    Checking Rule GenTopLevelBlocksForAutoSoc (Rule 64 of total 187) .... done (Time = 0.00s, Memory = -1.0K)
Checking ELABDU Rules for designUnit Data_Sync
    Checking Rule Av_multitop01 (Rule 65 of total 187) .... done (Time = 0.00s, Memory = 0.0K)
    Checking Rule Av_multitop01 (Rule 66 of total 187) .... done (Time = 0.00s, Memory = 0.0K)
    Checking Rule InitState (Rule 67 of total 187) .... done (Time = 0.00s, Memory = -24.0K)
    Checking Rule InitState (Rule 68 of total 187) .... done (Time = 0.00s, Memory = 0.0K)
    Checking Rule Av_fsmreq01 (Rule 69 of total 187) .... done (Time = 0.00s, Memory = 9.6K)
    Checking Rule Av_fsmreq01 (Rule 70 of total 187) .... done (Time = 0.00s, Memory = 0.0K)
    Checking Rule Av_rstreq01 (Rule 71 of total 187) .... done (Time = 0.00s, Memory = 11.8K)
    Checking Rule Av_rstreq01 (Rule 72 of total 187) .... done (Time = 0.00s, Memory = 0.0K)
    Checking Rule Av_casereq01 (Rule 73 of total 187) .... done (Time = 0.00s, Memory = -0.1K)
    Checking Rule Av_deadreq01 (Rule 74 of total 187) .... done (Time = 0.00s, Memory = 0.0K)
    Checking Rule Av_deadreq01 (Rule 75 of total 187) .... done (Time = 0.00s, Memory = 1.1K)
    Checking Rule AnalyzeABV (Rule 76 of total 187) .... done (Time = 0.00s, Memory = 0.1K)
    Checking Rule veOperatorPreReq (Rule 77 of total 187) .... done (Time = 0.00s, Memory = 0.0K)
    Checking Rule veShiftOperatorPreReq (Rule 78 of total 187) .... done (Time = 0.00s, Memory = 0.1K)
    Checking Rule Av_dcreq01 (Rule 79 of total 187) .... done (Time = 0.00s, Memory = 32.0K)
    Checking Rule Av_dcreq01 (Rule 80 of total 187) .... done (Time = 0.00s, Memory = 0.2K)
    Checking Rule _chk_signed_unsigned_prereq (Rule 81 of total 187) .... done (Time = 0.00s, Memory = 3.6K)
    Checking Rule _width01_prereq (Rule 82 of total 187)##FILEDEBUG[sgOpenFile]: Opening File './spyglass-1/lint/lint_functional_rtl/spyglass_spysch/auto-verify/width01.txt' in "a" mode ...
##FILEDEBUG[sgCloseFile]: File './spyglass-1/lint/lint_functional_rtl/spyglass_spysch/auto-verify/width01.txt' closed.
 .... done (Time = 0.00s, Memory = -5.5K)
    Checking Rule _width02_prereq (Rule 83 of total 187)##FILEDEBUG[sgOpenFile]: Opening File './spyglass-1/lint/lint_functional_rtl/spyglass_spysch/auto-verify/width02.txt' in "a" mode ...
##FILEDEBUG[sgCloseFile]: File './spyglass-1/lint/lint_functional_rtl/spyglass_spysch/auto-verify/width02.txt' closed.
 .... done (Time = 0.00s, Memory = 35.9K)
    Checking Rule _width03_prereq (Rule 84 of total 187)##FILEDEBUG[sgOpenFile]: Opening File './spyglass-1/lint/lint_functional_rtl/spyglass_spysch/auto-verify/width03.txt' in "a" mode ...
##FILEDEBUG[sgCloseFile]: File './spyglass-1/lint/lint_functional_rtl/spyglass_spysch/auto-verify/width03.txt' closed.
 .... done (Time = 0.00s, Memory = -2.3K)
    Checking Rule _width04_prereq (Rule 85 of total 187)##FILEDEBUG[sgOpenFile]: Opening File './spyglass-1/lint/lint_functional_rtl/spyglass_spysch/auto-verify/width04.txt' in "a" mode ...
##FILEDEBUG[sgCloseFile]: File './spyglass-1/lint/lint_functional_rtl/spyglass_spysch/auto-verify/width04.txt' closed.
 .... done (Time = 0.00s, Memory = 6.2K)
    Checking Rule _signunsign01_prereq (Rule 86 of total 187)##FILEDEBUG[sgOpenFile]: Opening File './spyglass-1/lint/lint_functional_rtl/spyglass_spysch/auto-verify/sign05.txt' in "a" mode ...
##FILEDEBUG[sgCloseFile]: File './spyglass-1/lint/lint_functional_rtl/spyglass_spysch/auto-verify/sign05.txt' closed.
 .... done (Time = 0.00s, Memory = 0.0K)
    Checking Rule _width05_prereq (Rule 87 of total 187)##FILEDEBUG[sgOpenFile]: Opening File './spyglass-1/lint/lint_functional_rtl/spyglass_spysch/auto-verify/width05.txt' in "a" mode ...
##FILEDEBUG[sgCloseFile]: File './spyglass-1/lint/lint_functional_rtl/spyglass_spysch/auto-verify/width05.txt' closed.
 .... done (Time = 0.00s, Memory = -1.6K)
    Checking Rule _width_expr02_mismatch_prereq (Rule 88 of total 187)##FILEDEBUG[sgOpenFile]: Opening File './spyglass-1/lint/lint_functional_rtl/spyglass_spysch/auto-verify/width06.txt' in "a" mode ...
##FILEDEBUG[sgCloseFile]: File './spyglass-1/lint/lint_functional_rtl/spyglass_spysch/auto-verify/width06.txt' closed.
 .... done (Time = 0.00s, Memory = -8.0K)
    Checking Rule _width_expr03_mismatch_prereq (Rule 89 of total 187)##FILEDEBUG[sgOpenFile]: Opening File './spyglass-1/lint/lint_functional_rtl/spyglass_spysch/auto-verify/width07.txt' in "a" mode ...
##FILEDEBUG[sgCloseFile]: File './spyglass-1/lint/lint_functional_rtl/spyglass_spysch/auto-verify/width07.txt' closed.
 .... done (Time = 0.00s, Memory = 8.0K)
    Checking Rule _dontcare_mismatch_prereq (Rule 90 of total 187)##FILEDEBUG[sgOpenFile]: Opening File './spyglass-1/lint/lint_functional_rtl/spyglass_spysch/auto-verify/dontcare01.txt' in "a" mode ...
##FILEDEBUG[sgCloseFile]: File './spyglass-1/lint/lint_functional_rtl/spyglass_spysch/auto-verify/dontcare01.txt' closed.
 .... done (Time = 0.00s, Memory = 0.0K)
    Checking Rule _case_default_redundant_prereq (Rule 91 of total 187)##FILEDEBUG[sgOpenFile]: Opening File './spyglass-1/lint/lint_functional_rtl/spyglass_spysch/auto-verify/default01.txt' in "a" mode ...
##FILEDEBUG[sgCloseFile]: File './spyglass-1/lint/lint_functional_rtl/spyglass_spysch/auto-verify/default01.txt' closed.
 .... done (Time = 0.00s, Memory = 0.0K)
    Checking Rule _case_default_missing_prereq (Rule 92 of total 187)##FILEDEBUG[sgOpenFile]: Opening File './spyglass-1/lint/lint_functional_rtl/spyglass_spysch/auto-verify/default02.txt' in "a" mode ...
##FILEDEBUG[sgCloseFile]: File './spyglass-1/lint/lint_functional_rtl/spyglass_spysch/auto-verify/default02.txt' closed.
 .... done (Time = 0.00s, Memory = 5.9K)
    Checking Rule _formallint_preReq (Rule 93 of total 187) .... done (Time = 0.00s, Memory = 0.0K)
    Checking Rule _avAddSynthNet (Rule 94 of total 187) .... done (Time = 0.00s, Memory = 0.0K)
Checking ELABDU Rules for designUnit sys_top
    Checking Rule Av_multitop01 (Rule 65 of total 187) .... done (Time = 0.00s, Memory = -8.0K)
    Checking Rule Av_multitop01 (Rule 66 of total 187) .... done (Time = 0.00s, Memory = 0.0K)
    Checking Rule InitState (Rule 67 of total 187) .... done (Time = 0.00s, Memory = 0.0K)
    Checking Rule InitState (Rule 68 of total 187) .... done (Time = 0.00s, Memory = 0.0K)
    Checking Rule Av_fsmreq01 (Rule 69 of total 187) .... done (Time = 0.00s, Memory = 4.0K)
    Checking Rule Av_fsmreq01 (Rule 70 of total 187) .... done (Time = 0.00s, Memory = 0.0K)
    Checking Rule Av_rstreq01 (Rule 71 of total 187) .... done (Time = 0.00s, Memory = 0.0K)
    Checking Rule Av_rstreq01 (Rule 72 of total 187) .... done (Time = 0.00s, Memory = 0.0K)
    Checking Rule Av_casereq01 (Rule 73 of total 187) .... done (Time = 0.00s, Memory = -4.0K)
    Checking Rule Av_deadreq01 (Rule 74 of total 187) .... done (Time = 0.00s, Memory = 0.0K)
    Checking Rule Av_deadreq01 (Rule 75 of total 187) .... done (Time = 0.00s, Memory = 1.1K)
    Checking Rule AnalyzeABV (Rule 76 of total 187) .... done (Time = 0.00s, Memory = 21.8K)
    Checking Rule veOperatorPreReq (Rule 77 of total 187) .... done (Time = 0.00s, Memory = 10.6K)
    Checking Rule veShiftOperatorPreReq (Rule 78 of total 187) .... done (Time = 0.00s, Memory = 0.0K)
    Checking Rule Av_dcreq01 (Rule 79 of total 187) .... done (Time = 0.00s, Memory = 0.0K)
    Checking Rule Av_dcreq01 (Rule 80 of total 187) .... done (Time = 0.00s, Memory = 0.2K)
    Checking Rule _chk_signed_unsigned_prereq (Rule 81 of total 187) .... done (Time = 0.00s, Memory = 0.0K)
    Checking Rule _width01_prereq (Rule 82 of total 187)##FILEDEBUG[sgOpenFile]: Opening File './spyglass-1/lint/lint_functional_rtl/spyglass_spysch/auto-verify/width01.txt' in "a" mode ...
##FILEDEBUG[sgCloseFile]: File './spyglass-1/lint/lint_functional_rtl/spyglass_spysch/auto-verify/width01.txt' closed.
 .... done (Time = 0.00s, Memory = 0.0K)
    Checking Rule _width02_prereq (Rule 83 of total 187)##FILEDEBUG[sgOpenFile]: Opening File './spyglass-1/lint/lint_functional_rtl/spyglass_spysch/auto-verify/width02.txt' in "a" mode ...
##FILEDEBUG[sgCloseFile]: File './spyglass-1/lint/lint_functional_rtl/spyglass_spysch/auto-verify/width02.txt' closed.
 .... done (Time = 0.01s, Memory = 23.4K)
    Checking Rule _width03_prereq (Rule 84 of total 187)##FILEDEBUG[sgOpenFile]: Opening File './spyglass-1/lint/lint_functional_rtl/spyglass_spysch/auto-verify/width03.txt' in "a" mode ...
##FILEDEBUG[sgCloseFile]: File './spyglass-1/lint/lint_functional_rtl/spyglass_spysch/auto-verify/width03.txt' closed.
 .... done (Time = 0.00s, Memory = -1.5K)
    Checking Rule _width04_prereq (Rule 85 of total 187)##FILEDEBUG[sgOpenFile]: Opening File './spyglass-1/lint/lint_functional_rtl/spyglass_spysch/auto-verify/width04.txt' in "a" mode ...
##FILEDEBUG[sgCloseFile]: File './spyglass-1/lint/lint_functional_rtl/spyglass_spysch/auto-verify/width04.txt' closed.
 .... done (Time = 0.00s, Memory = 0.1K)
    Checking Rule _signunsign01_prereq (Rule 86 of total 187)##FILEDEBUG[sgOpenFile]: Opening File './spyglass-1/lint/lint_functional_rtl/spyglass_spysch/auto-verify/sign05.txt' in "a" mode ...
##FILEDEBUG[sgCloseFile]: File './spyglass-1/lint/lint_functional_rtl/spyglass_spysch/auto-verify/sign05.txt' closed.
 .... done (Time = 0.00s, Memory = 0.0K)
    Checking Rule _width05_prereq (Rule 87 of total 187)##FILEDEBUG[sgOpenFile]: Opening File './spyglass-1/lint/lint_functional_rtl/spyglass_spysch/auto-verify/width05.txt' in "a" mode ...
##FILEDEBUG[sgCloseFile]: File './spyglass-1/lint/lint_functional_rtl/spyglass_spysch/auto-verify/width05.txt' closed.
 .... done (Time = 0.00s, Memory = -1.0K)
    Checking Rule _width_expr02_mismatch_prereq (Rule 88 of total 187)##FILEDEBUG[sgOpenFile]: Opening File './spyglass-1/lint/lint_functional_rtl/spyglass_spysch/auto-verify/width06.txt' in "a" mode ...
##FILEDEBUG[sgCloseFile]: File './spyglass-1/lint/lint_functional_rtl/spyglass_spysch/auto-verify/width06.txt' closed.
 .... done (Time = 0.00s, Memory = -3.0K)
    Checking Rule _width_expr03_mismatch_prereq (Rule 89 of total 187)##FILEDEBUG[sgOpenFile]: Opening File './spyglass-1/lint/lint_functional_rtl/spyglass_spysch/auto-verify/width07.txt' in "a" mode ...
##FILEDEBUG[sgCloseFile]: File './spyglass-1/lint/lint_functional_rtl/spyglass_spysch/auto-verify/width07.txt' closed.
 .... done (Time = 0.00s, Memory = 0.0K)
    Checking Rule _dontcare_mismatch_prereq (Rule 90 of total 187)##FILEDEBUG[sgOpenFile]: Opening File './spyglass-1/lint/lint_functional_rtl/spyglass_spysch/auto-verify/dontcare01.txt' in "a" mode ...
##FILEDEBUG[sgCloseFile]: File './spyglass-1/lint/lint_functional_rtl/spyglass_spysch/auto-verify/dontcare01.txt' closed.
 .... done (Time = 0.00s, Memory = 3.2K)
    Checking Rule _case_default_redundant_prereq (Rule 91 of total 187)##FILEDEBUG[sgOpenFile]: Opening File './spyglass-1/lint/lint_functional_rtl/spyglass_spysch/auto-verify/default01.txt' in "a" mode ...
##FILEDEBUG[sgCloseFile]: File './spyglass-1/lint/lint_functional_rtl/spyglass_spysch/auto-verify/default01.txt' closed.
 .... done (Time = 0.00s, Memory = -8.0K)
    Checking Rule _case_default_missing_prereq (Rule 92 of total 187)##FILEDEBUG[sgOpenFile]: Opening File './spyglass-1/lint/lint_functional_rtl/spyglass_spysch/auto-verify/default02.txt' in "a" mode ...
##FILEDEBUG[sgCloseFile]: File './spyglass-1/lint/lint_functional_rtl/spyglass_spysch/auto-verify/default02.txt' closed.
 .... done (Time = 0.01s, Memory = -33.9K)
    Checking Rule _formallint_preReq (Rule 93 of total 187) .... done (Time = 0.00s, Memory = 0.0K)
    Checking Rule _avAddSynthNet (Rule 94 of total 187) .... done (Time = 0.00s, Memory = 13.6K)
Checking ELABDU Rules for designUnit PULSE_GEN
    Checking Rule Av_multitop01 (Rule 65 of total 187) .... done (Time = 0.00s, Memory = 0.0K)
    Checking Rule Av_multitop01 (Rule 66 of total 187) .... done (Time = 0.00s, Memory = 0.0K)
    Checking Rule InitState (Rule 67 of total 187) .... done (Time = 0.00s, Memory = 0.0K)
    Checking Rule InitState (Rule 68 of total 187) .... done (Time = 0.00s, Memory = 0.0K)
    Checking Rule Av_fsmreq01 (Rule 69 of total 187) .... done (Time = 0.00s, Memory = 0.0K)
    Checking Rule Av_fsmreq01 (Rule 70 of total 187) .... done (Time = 0.00s, Memory = 0.0K)
    Checking Rule Av_rstreq01 (Rule 71 of total 187) .... done (Time = 0.00s, Memory = 0.0K)
    Checking Rule Av_rstreq01 (Rule 72 of total 187) .... done (Time = 0.00s, Memory = 0.0K)
    Checking Rule Av_casereq01 (Rule 73 of total 187) .... done (Time = 0.00s, Memory = 4.0K)
    Checking Rule Av_deadreq01 (Rule 74 of total 187) .... done (Time = 0.00s, Memory = 8.0K)
    Checking Rule Av_deadreq01 (Rule 75 of total 187) .... done (Time = 0.00s, Memory = 1.1K)
    Checking Rule AnalyzeABV (Rule 76 of total 187) .... done (Time = 0.00s, Memory = -8.0K)
    Checking Rule veOperatorPreReq (Rule 77 of total 187) .... done (Time = 0.00s, Memory = -7.2K)
    Checking Rule veShiftOperatorPreReq (Rule 78 of total 187) .... done (Time = 0.00s, Memory = 0.0K)
    Checking Rule Av_dcreq01 (Rule 79 of total 187) .... done (Time = 0.00s, Memory = 8.0K)
    Checking Rule Av_dcreq01 (Rule 80 of total 187) .... done (Time = 0.00s, Memory = 0.2K)
    Checking Rule _chk_signed_unsigned_prereq (Rule 81 of total 187) .... done (Time = 0.00s, Memory = -24.0K)
    Checking Rule _width01_prereq (Rule 82 of total 187)##FILEDEBUG[sgOpenFile]: Opening File './spyglass-1/lint/lint_functional_rtl/spyglass_spysch/auto-verify/width01.txt' in "a" mode ...
##FILEDEBUG[sgCloseFile]: File './spyglass-1/lint/lint_functional_rtl/spyglass_spysch/auto-verify/width01.txt' closed.
 .... done (Time = 0.00s, Memory = -0.0K)
    Checking Rule _width02_prereq (Rule 83 of total 187)##FILEDEBUG[sgOpenFile]: Opening File './spyglass-1/lint/lint_functional_rtl/spyglass_spysch/auto-verify/width02.txt' in "a" mode ...
##FILEDEBUG[sgCloseFile]: File './spyglass-1/lint/lint_functional_rtl/spyglass_spysch/auto-verify/width02.txt' closed.
 .... done (Time = 0.00s, Memory = -1.1K)
    Checking Rule _width03_prereq (Rule 84 of total 187)##FILEDEBUG[sgOpenFile]: Opening File './spyglass-1/lint/lint_functional_rtl/spyglass_spysch/auto-verify/width03.txt' in "a" mode ...
##FILEDEBUG[sgCloseFile]: File './spyglass-1/lint/lint_functional_rtl/spyglass_spysch/auto-verify/width03.txt' closed.
 .... done (Time = 0.00s, Memory = 0.0K)
    Checking Rule _width04_prereq (Rule 85 of total 187)##FILEDEBUG[sgOpenFile]: Opening File './spyglass-1/lint/lint_functional_rtl/spyglass_spysch/auto-verify/width04.txt' in "a" mode ...
##FILEDEBUG[sgCloseFile]: File './spyglass-1/lint/lint_functional_rtl/spyglass_spysch/auto-verify/width04.txt' closed.
 .... done (Time = 0.00s, Memory = 3.0K)
    Checking Rule _signunsign01_prereq (Rule 86 of total 187)##FILEDEBUG[sgOpenFile]: Opening File './spyglass-1/lint/lint_functional_rtl/spyglass_spysch/auto-verify/sign05.txt' in "a" mode ...
##FILEDEBUG[sgCloseFile]: File './spyglass-1/lint/lint_functional_rtl/spyglass_spysch/auto-verify/sign05.txt' closed.
 .... done (Time = 0.00s, Memory = 0.0K)
    Checking Rule _width05_prereq (Rule 87 of total 187)##FILEDEBUG[sgOpenFile]: Opening File './spyglass-1/lint/lint_functional_rtl/spyglass_spysch/auto-verify/width05.txt' in "a" mode ...
##FILEDEBUG[sgCloseFile]: File './spyglass-1/lint/lint_functional_rtl/spyglass_spysch/auto-verify/width05.txt' closed.
 .... done (Time = 0.00s, Memory = 0.2K)
    Checking Rule _width_expr02_mismatch_prereq (Rule 88 of total 187)##FILEDEBUG[sgOpenFile]: Opening File './spyglass-1/lint/lint_functional_rtl/spyglass_spysch/auto-verify/width06.txt' in "a" mode ...
##FILEDEBUG[sgCloseFile]: File './spyglass-1/lint/lint_functional_rtl/spyglass_spysch/auto-verify/width06.txt' closed.
 .... done (Time = 0.00s, Memory = 0.0K)
    Checking Rule _width_expr03_mismatch_prereq (Rule 89 of total 187)##FILEDEBUG[sgOpenFile]: Opening File './spyglass-1/lint/lint_functional_rtl/spyglass_spysch/auto-verify/width07.txt' in "a" mode ...
##FILEDEBUG[sgCloseFile]: File './spyglass-1/lint/lint_functional_rtl/spyglass_spysch/auto-verify/width07.txt' closed.
 .... done (Time = 0.00s, Memory = 0.0K)
    Checking Rule _dontcare_mismatch_prereq (Rule 90 of total 187)##FILEDEBUG[sgOpenFile]: Opening File './spyglass-1/lint/lint_functional_rtl/spyglass_spysch/auto-verify/dontcare01.txt' in "a" mode ...
##FILEDEBUG[sgCloseFile]: File './spyglass-1/lint/lint_functional_rtl/spyglass_spysch/auto-verify/dontcare01.txt' closed.
 .... done (Time = 0.00s, Memory = 0.0K)
    Checking Rule _case_default_redundant_prereq (Rule 91 of total 187)##FILEDEBUG[sgOpenFile]: Opening File './spyglass-1/lint/lint_functional_rtl/spyglass_spysch/auto-verify/default01.txt' in "a" mode ...
##FILEDEBUG[sgCloseFile]: File './spyglass-1/lint/lint_functional_rtl/spyglass_spysch/auto-verify/default01.txt' closed.
 .... done (Time = 0.00s, Memory = 0.0K)
    Checking Rule _case_default_missing_prereq (Rule 92 of total 187)##FILEDEBUG[sgOpenFile]: Opening File './spyglass-1/lint/lint_functional_rtl/spyglass_spysch/auto-verify/default02.txt' in "a" mode ...
##FILEDEBUG[sgCloseFile]: File './spyglass-1/lint/lint_functional_rtl/spyglass_spysch/auto-verify/default02.txt' closed.
 .... done (Time = 0.00s, Memory = 0.0K)
    Checking Rule _formallint_preReq (Rule 93 of total 187) .... done (Time = 0.00s, Memory = 0.0K)
    Checking Rule _avAddSynthNet (Rule 94 of total 187) .... done (Time = 0.00s, Memory = 0.0K)
Checking ELABDU Rules for designUnit FIFO_TOP
    Checking Rule Av_multitop01 (Rule 65 of total 187) .... done (Time = 0.00s, Memory = 8.0K)
    Checking Rule Av_multitop01 (Rule 66 of total 187) .... done (Time = 0.00s, Memory = 0.0K)
    Checking Rule InitState (Rule 67 of total 187) .... done (Time = 0.00s, Memory = 8.0K)
    Checking Rule InitState (Rule 68 of total 187) .... done (Time = 0.00s, Memory = 0.0K)
    Checking Rule Av_fsmreq01 (Rule 69 of total 187) .... done (Time = 0.00s, Memory = 24.0K)
    Checking Rule Av_fsmreq01 (Rule 70 of total 187) .... done (Time = 0.00s, Memory = 0.0K)
    Checking Rule Av_rstreq01 (Rule 71 of total 187) .... done (Time = 0.00s, Memory = 0.0K)
    Checking Rule Av_rstreq01 (Rule 72 of total 187) .... done (Time = 0.00s, Memory = 0.0K)
    Checking Rule Av_casereq01 (Rule 73 of total 187) .... done (Time = 0.00s, Memory = 0.0K)
    Checking Rule Av_deadreq01 (Rule 74 of total 187) .... done (Time = 0.00s, Memory = -8.0K)
    Checking Rule Av_deadreq01 (Rule 75 of total 187) .... done (Time = 0.00s, Memory = 1.1K)
    Checking Rule AnalyzeABV (Rule 76 of total 187) .... done (Time = 0.00s, Memory = -8.0K)
    Checking Rule veOperatorPreReq (Rule 77 of total 187) .... done (Time = 0.00s, Memory = 0.0K)
    Checking Rule veShiftOperatorPreReq (Rule 78 of total 187) .... done (Time = 0.00s, Memory = 0.0K)
    Checking Rule Av_dcreq01 (Rule 79 of total 187) .... done (Time = 0.00s, Memory = 0.0K)
    Checking Rule Av_dcreq01 (Rule 80 of total 187) .... done (Time = 0.00s, Memory = 0.2K)
    Checking Rule _chk_signed_unsigned_prereq (Rule 81 of total 187) .... done (Time = 0.00s, Memory = 0.0K)
    Checking Rule _width01_prereq (Rule 82 of total 187)##FILEDEBUG[sgOpenFile]: Opening File './spyglass-1/lint/lint_functional_rtl/spyglass_spysch/auto-verify/width01.txt' in "a" mode ...
##FILEDEBUG[sgCloseFile]: File './spyglass-1/lint/lint_functional_rtl/spyglass_spysch/auto-verify/width01.txt' closed.
 .... done (Time = 0.00s, Memory = 0.0K)
    Checking Rule _width02_prereq (Rule 83 of total 187)##FILEDEBUG[sgOpenFile]: Opening File './spyglass-1/lint/lint_functional_rtl/spyglass_spysch/auto-verify/width02.txt' in "a" mode ...
##FILEDEBUG[sgCloseFile]: File './spyglass-1/lint/lint_functional_rtl/spyglass_spysch/auto-verify/width02.txt' closed.
 .... done (Time = 0.00s, Memory = 4.0K)
    Checking Rule _width03_prereq (Rule 84 of total 187)##FILEDEBUG[sgOpenFile]: Opening File './spyglass-1/lint/lint_functional_rtl/spyglass_spysch/auto-verify/width03.txt' in "a" mode ...
##FILEDEBUG[sgCloseFile]: File './spyglass-1/lint/lint_functional_rtl/spyglass_spysch/auto-verify/width03.txt' closed.
 .... done (Time = 0.00s, Memory = -3.5K)
    Checking Rule _width04_prereq (Rule 85 of total 187)##FILEDEBUG[sgOpenFile]: Opening File './spyglass-1/lint/lint_functional_rtl/spyglass_spysch/auto-verify/width04.txt' in "a" mode ...
##FILEDEBUG[sgCloseFile]: File './spyglass-1/lint/lint_functional_rtl/spyglass_spysch/auto-verify/width04.txt' closed.
 .... done (Time = 0.00s, Memory = 0.0K)
    Checking Rule _signunsign01_prereq (Rule 86 of total 187)##FILEDEBUG[sgOpenFile]: Opening File './spyglass-1/lint/lint_functional_rtl/spyglass_spysch/auto-verify/sign05.txt' in "a" mode ...
##FILEDEBUG[sgCloseFile]: File './spyglass-1/lint/lint_functional_rtl/spyglass_spysch/auto-verify/sign05.txt' closed.
 .... done (Time = 0.00s, Memory = -0.5K)
    Checking Rule _width05_prereq (Rule 87 of total 187)##FILEDEBUG[sgOpenFile]: Opening File './spyglass-1/lint/lint_functional_rtl/spyglass_spysch/auto-verify/width05.txt' in "a" mode ...
##FILEDEBUG[sgCloseFile]: File './spyglass-1/lint/lint_functional_rtl/spyglass_spysch/auto-verify/width05.txt' closed.
 .... done (Time = 0.00s, Memory = 0.0K)
    Checking Rule _width_expr02_mismatch_prereq (Rule 88 of total 187)##FILEDEBUG[sgOpenFile]: Opening File './spyglass-1/lint/lint_functional_rtl/spyglass_spysch/auto-verify/width06.txt' in "a" mode ...
##FILEDEBUG[sgCloseFile]: File './spyglass-1/lint/lint_functional_rtl/spyglass_spysch/auto-verify/width06.txt' closed.
 .... done (Time = 0.00s, Memory = 0.0K)
    Checking Rule _width_expr03_mismatch_prereq (Rule 89 of total 187)##FILEDEBUG[sgOpenFile]: Opening File './spyglass-1/lint/lint_functional_rtl/spyglass_spysch/auto-verify/width07.txt' in "a" mode ...
##FILEDEBUG[sgCloseFile]: File './spyglass-1/lint/lint_functional_rtl/spyglass_spysch/auto-verify/width07.txt' closed.
 .... done (Time = 0.00s, Memory = 0.0K)
    Checking Rule _dontcare_mismatch_prereq (Rule 90 of total 187)##FILEDEBUG[sgOpenFile]: Opening File './spyglass-1/lint/lint_functional_rtl/spyglass_spysch/auto-verify/dontcare01.txt' in "a" mode ...
##FILEDEBUG[sgCloseFile]: File './spyglass-1/lint/lint_functional_rtl/spyglass_spysch/auto-verify/dontcare01.txt' closed.
 .... done (Time = 0.00s, Memory = -6.4K)
    Checking Rule _case_default_redundant_prereq (Rule 91 of total 187)##FILEDEBUG[sgOpenFile]: Opening File './spyglass-1/lint/lint_functional_rtl/spyglass_spysch/auto-verify/default01.txt' in "a" mode ...
##FILEDEBUG[sgCloseFile]: File './spyglass-1/lint/lint_functional_rtl/spyglass_spysch/auto-verify/default01.txt' closed.
 .... done (Time = 0.00s, Memory = 0.0K)
    Checking Rule _case_default_missing_prereq (Rule 92 of total 187)##FILEDEBUG[sgOpenFile]: Opening File './spyglass-1/lint/lint_functional_rtl/spyglass_spysch/auto-verify/default02.txt' in "a" mode ...
##FILEDEBUG[sgCloseFile]: File './spyglass-1/lint/lint_functional_rtl/spyglass_spysch/auto-verify/default02.txt' closed.
 .... done (Time = 0.00s, Memory = 3.9K)
    Checking Rule _formallint_preReq (Rule 93 of total 187) .... done (Time = 0.00s, Memory = 0.0K)
    Checking Rule _avAddSynthNet (Rule 94 of total 187) .... done (Time = 0.00s, Memory = 0.0K)
Checking ELABDU Rules for designUnit FIFO_MEM_CNTRL
    Checking Rule Av_multitop01 (Rule 65 of total 187) .... done (Time = 0.00s, Memory = 0.0K)
    Checking Rule Av_multitop01 (Rule 66 of total 187) .... done (Time = 0.00s, Memory = 0.0K)
    Checking Rule InitState (Rule 67 of total 187) .... done (Time = 0.00s, Memory = 0.0K)
    Checking Rule InitState (Rule 68 of total 187) .... done (Time = 0.00s, Memory = 0.0K)
    Checking Rule Av_fsmreq01 (Rule 69 of total 187) .... done (Time = 0.00s, Memory = 0.0K)
    Checking Rule Av_fsmreq01 (Rule 70 of total 187) .... done (Time = 0.00s, Memory = 0.0K)
    Checking Rule Av_rstreq01 (Rule 71 of total 187) .... done (Time = 0.00s, Memory = -2.0K)
    Checking Rule Av_rstreq01 (Rule 72 of total 187) .... done (Time = 0.00s, Memory = 0.0K)
    Checking Rule Av_casereq01 (Rule 73 of total 187) .... done (Time = 0.00s, Memory = -8.0K)
    Checking Rule Av_deadreq01 (Rule 74 of total 187) .... done (Time = 0.00s, Memory = -8.0K)
    Checking Rule Av_deadreq01 (Rule 75 of total 187) .... done (Time = 0.00s, Memory = 1.1K)
    Checking Rule AnalyzeABV (Rule 76 of total 187) .... done (Time = 0.00s, Memory = 13.5K)
    Checking Rule veOperatorPreReq (Rule 77 of total 187) .... done (Time = 0.00s, Memory = 16.8K)
    Checking Rule veShiftOperatorPreReq (Rule 78 of total 187) .... done (Time = 0.00s, Memory = 0.0K)
    Checking Rule Av_dcreq01 (Rule 79 of total 187) .... done (Time = 0.00s, Memory = -3.0K)
    Checking Rule Av_dcreq01 (Rule 80 of total 187) .... done (Time = 0.00s, Memory = 0.2K)
    Checking Rule _chk_signed_unsigned_prereq (Rule 81 of total 187) .... done (Time = 0.00s, Memory = 32.0K)
    Checking Rule _width01_prereq (Rule 82 of total 187)##FILEDEBUG[sgOpenFile]: Opening File './spyglass-1/lint/lint_functional_rtl/spyglass_spysch/auto-verify/width01.txt' in "a" mode ...
##FILEDEBUG[sgCloseFile]: File './spyglass-1/lint/lint_functional_rtl/spyglass_spysch/auto-verify/width01.txt' closed.
 .... done (Time = 0.00s, Memory = -8.5K)
    Checking Rule _width02_prereq (Rule 83 of total 187)##FILEDEBUG[sgOpenFile]: Opening File './spyglass-1/lint/lint_functional_rtl/spyglass_spysch/auto-verify/width02.txt' in "a" mode ...
##FILEDEBUG[sgCloseFile]: File './spyglass-1/lint/lint_functional_rtl/spyglass_spysch/auto-verify/width02.txt' closed.
 .... done (Time = 0.00s, Memory = 0.0K)
    Checking Rule _width03_prereq (Rule 84 of total 187)##FILEDEBUG[sgOpenFile]: Opening File './spyglass-1/lint/lint_functional_rtl/spyglass_spysch/auto-verify/width03.txt' in "a" mode ...
##FILEDEBUG[sgCloseFile]: File './spyglass-1/lint/lint_functional_rtl/spyglass_spysch/auto-verify/width03.txt' closed.
 .... done (Time = 0.01s, Memory = -1.0K)
    Checking Rule _width04_prereq (Rule 85 of total 187)##FILEDEBUG[sgOpenFile]: Opening File './spyglass-1/lint/lint_functional_rtl/spyglass_spysch/auto-verify/width04.txt' in "a" mode ...
##FILEDEBUG[sgCloseFile]: File './spyglass-1/lint/lint_functional_rtl/spyglass_spysch/auto-verify/width04.txt' closed.
 .... done (Time = 0.00s, Memory = 0.0K)
    Checking Rule _signunsign01_prereq (Rule 86 of total 187)##FILEDEBUG[sgOpenFile]: Opening File './spyglass-1/lint/lint_functional_rtl/spyglass_spysch/auto-verify/sign05.txt' in "a" mode ...
##FILEDEBUG[sgCloseFile]: File './spyglass-1/lint/lint_functional_rtl/spyglass_spysch/auto-verify/sign05.txt' closed.
 .... done (Time = 0.00s, Memory = 0.0K)
    Checking Rule _width05_prereq (Rule 87 of total 187)##FILEDEBUG[sgOpenFile]: Opening File './spyglass-1/lint/lint_functional_rtl/spyglass_spysch/auto-verify/width05.txt' in "a" mode ...
##FILEDEBUG[sgCloseFile]: File './spyglass-1/lint/lint_functional_rtl/spyglass_spysch/auto-verify/width05.txt' closed.
 .... done (Time = 0.00s, Memory = 0.0K)
    Checking Rule _width_expr02_mismatch_prereq (Rule 88 of total 187)##FILEDEBUG[sgOpenFile]: Opening File './spyglass-1/lint/lint_functional_rtl/spyglass_spysch/auto-verify/width06.txt' in "a" mode ...
##FILEDEBUG[sgCloseFile]: File './spyglass-1/lint/lint_functional_rtl/spyglass_spysch/auto-verify/width06.txt' closed.
 .... done (Time = 0.00s, Memory = -7.0K)
    Checking Rule _width_expr03_mismatch_prereq (Rule 89 of total 187)##FILEDEBUG[sgOpenFile]: Opening File './spyglass-1/lint/lint_functional_rtl/spyglass_spysch/auto-verify/width07.txt' in "a" mode ...
##FILEDEBUG[sgCloseFile]: File './spyglass-1/lint/lint_functional_rtl/spyglass_spysch/auto-verify/width07.txt' closed.
 .... done (Time = 0.00s, Memory = 0.0K)
    Checking Rule _dontcare_mismatch_prereq (Rule 90 of total 187)##FILEDEBUG[sgOpenFile]: Opening File './spyglass-1/lint/lint_functional_rtl/spyglass_spysch/auto-verify/dontcare01.txt' in "a" mode ...
##FILEDEBUG[sgCloseFile]: File './spyglass-1/lint/lint_functional_rtl/spyglass_spysch/auto-verify/dontcare01.txt' closed.
 .... done (Time = 0.00s, Memory = 0.0K)
    Checking Rule _case_default_redundant_prereq (Rule 91 of total 187)##FILEDEBUG[sgOpenFile]: Opening File './spyglass-1/lint/lint_functional_rtl/spyglass_spysch/auto-verify/default01.txt' in "a" mode ...
##FILEDEBUG[sgCloseFile]: File './spyglass-1/lint/lint_functional_rtl/spyglass_spysch/auto-verify/default01.txt' closed.
 .... done (Time = 0.00s, Memory = -8.0K)
    Checking Rule _case_default_missing_prereq (Rule 92 of total 187)##FILEDEBUG[sgOpenFile]: Opening File './spyglass-1/lint/lint_functional_rtl/spyglass_spysch/auto-verify/default02.txt' in "a" mode ...
##FILEDEBUG[sgCloseFile]: File './spyglass-1/lint/lint_functional_rtl/spyglass_spysch/auto-verify/default02.txt' closed.
 .... done (Time = 0.00s, Memory = -8.0K)
    Checking Rule _formallint_preReq (Rule 93 of total 187) .... done (Time = 0.00s, Memory = -3.0K)
    Checking Rule _avAddSynthNet (Rule 94 of total 187) .... done (Time = 0.00s, Memory = 8.0K)
Checking ELABDU Rules for designUnit DF_SYNC
    Checking Rule Av_multitop01 (Rule 65 of total 187) .... done (Time = 0.00s, Memory = 0.1K)
    Checking Rule Av_multitop01 (Rule 66 of total 187) .... done (Time = 0.00s, Memory = 0.0K)
    Checking Rule InitState (Rule 67 of total 187) .... done (Time = 0.00s, Memory = 0.0K)
    Checking Rule InitState (Rule 68 of total 187) .... done (Time = 0.00s, Memory = 0.0K)
    Checking Rule Av_fsmreq01 (Rule 69 of total 187) .... done (Time = 0.00s, Memory = 0.0K)
    Checking Rule Av_fsmreq01 (Rule 70 of total 187) .... done (Time = 0.00s, Memory = 0.0K)
    Checking Rule Av_rstreq01 (Rule 71 of total 187) .... done (Time = 0.00s, Memory = 0.0K)
    Checking Rule Av_rstreq01 (Rule 72 of total 187) .... done (Time = 0.00s, Memory = 0.0K)
    Checking Rule Av_casereq01 (Rule 73 of total 187) .... done (Time = 0.00s, Memory = 0.0K)
    Checking Rule Av_deadreq01 (Rule 74 of total 187) .... done (Time = 0.00s, Memory = 0.0K)
    Checking Rule Av_deadreq01 (Rule 75 of total 187) .... done (Time = 0.00s, Memory = 1.1K)
    Checking Rule AnalyzeABV (Rule 76 of total 187) .... done (Time = 0.00s, Memory = 4.0K)
    Checking Rule veOperatorPreReq (Rule 77 of total 187) .... done (Time = 0.00s, Memory = 0.0K)
    Checking Rule veShiftOperatorPreReq (Rule 78 of total 187) .... done (Time = 0.00s, Memory = 0.0K)
    Checking Rule Av_dcreq01 (Rule 79 of total 187) .... done (Time = 0.00s, Memory = 0.0K)
    Checking Rule Av_dcreq01 (Rule 80 of total 187) .... done (Time = 0.00s, Memory = 0.2K)
    Checking Rule _chk_signed_unsigned_prereq (Rule 81 of total 187) .... done (Time = 0.00s, Memory = 8.0K)
    Checking Rule _width01_prereq (Rule 82 of total 187)##FILEDEBUG[sgOpenFile]: Opening File './spyglass-1/lint/lint_functional_rtl/spyglass_spysch/auto-verify/width01.txt' in "a" mode ...
##FILEDEBUG[sgCloseFile]: File './spyglass-1/lint/lint_functional_rtl/spyglass_spysch/auto-verify/width01.txt' closed.
 .... done (Time = 0.00s, Memory = -0.8K)
    Checking Rule _width02_prereq (Rule 83 of total 187)##FILEDEBUG[sgOpenFile]: Opening File './spyglass-1/lint/lint_functional_rtl/spyglass_spysch/auto-verify/width02.txt' in "a" mode ...
##FILEDEBUG[sgCloseFile]: File './spyglass-1/lint/lint_functional_rtl/spyglass_spysch/auto-verify/width02.txt' closed.
 .... done (Time = 0.00s, Memory = -8.2K)
    Checking Rule _width03_prereq (Rule 84 of total 187)##FILEDEBUG[sgOpenFile]: Opening File './spyglass-1/lint/lint_functional_rtl/spyglass_spysch/auto-verify/width03.txt' in "a" mode ...
##FILEDEBUG[sgCloseFile]: File './spyglass-1/lint/lint_functional_rtl/spyglass_spysch/auto-verify/width03.txt' closed.
 .... done (Time = 0.00s, Memory = 10.9K)
    Checking Rule _width04_prereq (Rule 85 of total 187)##FILEDEBUG[sgOpenFile]: Opening File './spyglass-1/lint/lint_functional_rtl/spyglass_spysch/auto-verify/width04.txt' in "a" mode ...
##FILEDEBUG[sgCloseFile]: File './spyglass-1/lint/lint_functional_rtl/spyglass_spysch/auto-verify/width04.txt' closed.
 .... done (Time = 0.00s, Memory = -1.2K)
    Checking Rule _signunsign01_prereq (Rule 86 of total 187)##FILEDEBUG[sgOpenFile]: Opening File './spyglass-1/lint/lint_functional_rtl/spyglass_spysch/auto-verify/sign05.txt' in "a" mode ...
##FILEDEBUG[sgCloseFile]: File './spyglass-1/lint/lint_functional_rtl/spyglass_spysch/auto-verify/sign05.txt' closed.
 .... done (Time = 0.00s, Memory = 0.0K)
    Checking Rule _width05_prereq (Rule 87 of total 187)##FILEDEBUG[sgOpenFile]: Opening File './spyglass-1/lint/lint_functional_rtl/spyglass_spysch/auto-verify/width05.txt' in "a" mode ...
##FILEDEBUG[sgCloseFile]: File './spyglass-1/lint/lint_functional_rtl/spyglass_spysch/auto-verify/width05.txt' closed.
 .... done (Time = 0.00s, Memory = 0.0K)
    Checking Rule _width_expr02_mismatch_prereq (Rule 88 of total 187)##FILEDEBUG[sgOpenFile]: Opening File './spyglass-1/lint/lint_functional_rtl/spyglass_spysch/auto-verify/width06.txt' in "a" mode ...
##FILEDEBUG[sgCloseFile]: File './spyglass-1/lint/lint_functional_rtl/spyglass_spysch/auto-verify/width06.txt' closed.
 .... done (Time = 0.00s, Memory = -0.1K)
    Checking Rule _width_expr03_mismatch_prereq (Rule 89 of total 187)##FILEDEBUG[sgOpenFile]: Opening File './spyglass-1/lint/lint_functional_rtl/spyglass_spysch/auto-verify/width07.txt' in "a" mode ...
##FILEDEBUG[sgCloseFile]: File './spyglass-1/lint/lint_functional_rtl/spyglass_spysch/auto-verify/width07.txt' closed.
 .... done (Time = 0.00s, Memory = 0.0K)
    Checking Rule _dontcare_mismatch_prereq (Rule 90 of total 187)##FILEDEBUG[sgOpenFile]: Opening File './spyglass-1/lint/lint_functional_rtl/spyglass_spysch/auto-verify/dontcare01.txt' in "a" mode ...
##FILEDEBUG[sgCloseFile]: File './spyglass-1/lint/lint_functional_rtl/spyglass_spysch/auto-verify/dontcare01.txt' closed.
 .... done (Time = 0.00s, Memory = 0.0K)
    Checking Rule _case_default_redundant_prereq (Rule 91 of total 187)##FILEDEBUG[sgOpenFile]: Opening File './spyglass-1/lint/lint_functional_rtl/spyglass_spysch/auto-verify/default01.txt' in "a" mode ...
##FILEDEBUG[sgCloseFile]: File './spyglass-1/lint/lint_functional_rtl/spyglass_spysch/auto-verify/default01.txt' closed.
 .... done (Time = 0.00s, Memory = 0.0K)
    Checking Rule _case_default_missing_prereq (Rule 92 of total 187)##FILEDEBUG[sgOpenFile]: Opening File './spyglass-1/lint/lint_functional_rtl/spyglass_spysch/auto-verify/default02.txt' in "a" mode ...
##FILEDEBUG[sgCloseFile]: File './spyglass-1/lint/lint_functional_rtl/spyglass_spysch/auto-verify/default02.txt' closed.
 .... done (Time = 0.00s, Memory = 0.0K)
    Checking Rule _formallint_preReq (Rule 93 of total 187) .... done (Time = 0.00s, Memory = 3.9K)
    Checking Rule _avAddSynthNet (Rule 94 of total 187) .... done (Time = 0.00s, Memory = 0.8K)
Checking ELABDU Rules for designUnit FIFO_WR
    Checking Rule Av_multitop01 (Rule 65 of total 187) .... done (Time = 0.00s, Memory = 0.0K)
    Checking Rule Av_multitop01 (Rule 66 of total 187) .... done (Time = 0.00s, Memory = 0.0K)
    Checking Rule InitState (Rule 67 of total 187) .... done (Time = 0.00s, Memory = 0.0K)
    Checking Rule InitState (Rule 68 of total 187) .... done (Time = 0.00s, Memory = 0.0K)
    Checking Rule Av_fsmreq01 (Rule 69 of total 187) .... done (Time = 0.00s, Memory = 0.0K)
    Checking Rule Av_fsmreq01 (Rule 70 of total 187) .... done (Time = 0.00s, Memory = 0.0K)
    Checking Rule Av_rstreq01 (Rule 71 of total 187) .... done (Time = 0.00s, Memory = 0.0K)
    Checking Rule Av_rstreq01 (Rule 72 of total 187) .... done (Time = 0.00s, Memory = 0.0K)
    Checking Rule Av_casereq01 (Rule 73 of total 187) .... done (Time = 0.00s, Memory = 0.0K)
    Checking Rule Av_deadreq01 (Rule 74 of total 187) .... done (Time = 0.00s, Memory = 0.0K)
    Checking Rule Av_deadreq01 (Rule 75 of total 187) .... done (Time = 0.00s, Memory = 1.1K)
    Checking Rule AnalyzeABV (Rule 76 of total 187) .... done (Time = 0.00s, Memory = 0.0K)
    Checking Rule veOperatorPreReq (Rule 77 of total 187) .... done (Time = 0.00s, Memory = 4.0K)
    Checking Rule veShiftOperatorPreReq (Rule 78 of total 187) .... done (Time = 0.00s, Memory = 0.0K)
    Checking Rule Av_dcreq01 (Rule 79 of total 187) .... done (Time = 0.00s, Memory = 0.0K)
    Checking Rule Av_dcreq01 (Rule 80 of total 187) .... done (Time = 0.00s, Memory = 0.2K)
    Checking Rule _chk_signed_unsigned_prereq (Rule 81 of total 187) .... done (Time = 0.00s, Memory = 0.0K)
    Checking Rule _width01_prereq (Rule 82 of total 187)##FILEDEBUG[sgOpenFile]: Opening File './spyglass-1/lint/lint_functional_rtl/spyglass_spysch/auto-verify/width01.txt' in "a" mode ...
##FILEDEBUG[sgCloseFile]: File './spyglass-1/lint/lint_functional_rtl/spyglass_spysch/auto-verify/width01.txt' closed.
 .... done (Time = 0.00s, Memory = 0.0K)
    Checking Rule _width02_prereq (Rule 83 of total 187)##FILEDEBUG[sgOpenFile]: Opening File './spyglass-1/lint/lint_functional_rtl/spyglass_spysch/auto-verify/width02.txt' in "a" mode ...
##FILEDEBUG[sgCloseFile]: File './spyglass-1/lint/lint_functional_rtl/spyglass_spysch/auto-verify/width02.txt' closed.
 .... done (Time = 0.00s, Memory = 9.9K)
    Checking Rule _width03_prereq (Rule 84 of total 187)##FILEDEBUG[sgOpenFile]: Opening File './spyglass-1/lint/lint_functional_rtl/spyglass_spysch/auto-verify/width03.txt' in "a" mode ...
##FILEDEBUG[sgCloseFile]: File './spyglass-1/lint/lint_functional_rtl/spyglass_spysch/auto-verify/width03.txt' closed.
 .... done (Time = 0.00s, Memory = 0.0K)
    Checking Rule _width04_prereq (Rule 85 of total 187)##FILEDEBUG[sgOpenFile]: Opening File './spyglass-1/lint/lint_functional_rtl/spyglass_spysch/auto-verify/width04.txt' in "a" mode ...
##FILEDEBUG[sgCloseFile]: File './spyglass-1/lint/lint_functional_rtl/spyglass_spysch/auto-verify/width04.txt' closed.
 .... done (Time = 0.00s, Memory = 0.0K)
    Checking Rule _signunsign01_prereq (Rule 86 of total 187)##FILEDEBUG[sgOpenFile]: Opening File './spyglass-1/lint/lint_functional_rtl/spyglass_spysch/auto-verify/sign05.txt' in "a" mode ...
##FILEDEBUG[sgCloseFile]: File './spyglass-1/lint/lint_functional_rtl/spyglass_spysch/auto-verify/sign05.txt' closed.
 .... done (Time = 0.00s, Memory = 0.0K)
    Checking Rule _width05_prereq (Rule 87 of total 187)##FILEDEBUG[sgOpenFile]: Opening File './spyglass-1/lint/lint_functional_rtl/spyglass_spysch/auto-verify/width05.txt' in "a" mode ...
##FILEDEBUG[sgCloseFile]: File './spyglass-1/lint/lint_functional_rtl/spyglass_spysch/auto-verify/width05.txt' closed.
 .... done (Time = 0.00s, Memory = 0.0K)
    Checking Rule _width_expr02_mismatch_prereq (Rule 88 of total 187)##FILEDEBUG[sgOpenFile]: Opening File './spyglass-1/lint/lint_functional_rtl/spyglass_spysch/auto-verify/width06.txt' in "a" mode ...
##FILEDEBUG[sgCloseFile]: File './spyglass-1/lint/lint_functional_rtl/spyglass_spysch/auto-verify/width06.txt' closed.
 .... done (Time = 0.00s, Memory = -0.5K)
    Checking Rule _width_expr03_mismatch_prereq (Rule 89 of total 187)##FILEDEBUG[sgOpenFile]: Opening File './spyglass-1/lint/lint_functional_rtl/spyglass_spysch/auto-verify/width07.txt' in "a" mode ...
##FILEDEBUG[sgCloseFile]: File './spyglass-1/lint/lint_functional_rtl/spyglass_spysch/auto-verify/width07.txt' closed.
 .... done (Time = 0.00s, Memory = 0.0K)
    Checking Rule _dontcare_mismatch_prereq (Rule 90 of total 187)##FILEDEBUG[sgOpenFile]: Opening File './spyglass-1/lint/lint_functional_rtl/spyglass_spysch/auto-verify/dontcare01.txt' in "a" mode ...
##FILEDEBUG[sgCloseFile]: File './spyglass-1/lint/lint_functional_rtl/spyglass_spysch/auto-verify/dontcare01.txt' closed.
 .... done (Time = 0.00s, Memory = 0.0K)
    Checking Rule _case_default_redundant_prereq (Rule 91 of total 187)##FILEDEBUG[sgOpenFile]: Opening File './spyglass-1/lint/lint_functional_rtl/spyglass_spysch/auto-verify/default01.txt' in "a" mode ...
##FILEDEBUG[sgCloseFile]: File './spyglass-1/lint/lint_functional_rtl/spyglass_spysch/auto-verify/default01.txt' closed.
 .... done (Time = 0.00s, Memory = 0.0K)
    Checking Rule _case_default_missing_prereq (Rule 92 of total 187)##FILEDEBUG[sgOpenFile]: Opening File './spyglass-1/lint/lint_functional_rtl/spyglass_spysch/auto-verify/default02.txt' in "a" mode ...
##FILEDEBUG[sgCloseFile]: File './spyglass-1/lint/lint_functional_rtl/spyglass_spysch/auto-verify/default02.txt' closed.
 .... done (Time = 0.00s, Memory = 50.8K)
    Checking Rule _formallint_preReq (Rule 93 of total 187) .... done (Time = 0.00s, Memory = 0.0K)
    Checking Rule _avAddSynthNet (Rule 94 of total 187) .... done (Time = 0.00s, Memory = -1.5K)
Checking ELABDU Rules for designUnit FIFO_RD
    Checking Rule Av_multitop01 (Rule 65 of total 187) .... done (Time = 0.00s, Memory = 0.0K)
    Checking Rule Av_multitop01 (Rule 66 of total 187) .... done (Time = 0.00s, Memory = 0.0K)
    Checking Rule InitState (Rule 67 of total 187) .... done (Time = 0.00s, Memory = 0.0K)
    Checking Rule InitState (Rule 68 of total 187) .... done (Time = 0.00s, Memory = 0.0K)
    Checking Rule Av_fsmreq01 (Rule 69 of total 187) .... done (Time = 0.00s, Memory = 0.0K)
    Checking Rule Av_fsmreq01 (Rule 70 of total 187) .... done (Time = 0.00s, Memory = 0.0K)
    Checking Rule Av_rstreq01 (Rule 71 of total 187) .... done (Time = 0.00s, Memory = -12.0K)
    Checking Rule Av_rstreq01 (Rule 72 of total 187) .... done (Time = 0.00s, Memory = 0.0K)
    Checking Rule Av_casereq01 (Rule 73 of total 187) .... done (Time = 0.00s, Memory = 0.0K)
    Checking Rule Av_deadreq01 (Rule 74 of total 187) .... done (Time = 0.00s, Memory = 0.0K)
    Checking Rule Av_deadreq01 (Rule 75 of total 187) .... done (Time = 0.00s, Memory = 1.1K)
    Checking Rule AnalyzeABV (Rule 76 of total 187) .... done (Time = 0.00s, Memory = -32.0K)
    Checking Rule veOperatorPreReq (Rule 77 of total 187) .... done (Time = 0.00s, Memory = 0.0K)
    Checking Rule veShiftOperatorPreReq (Rule 78 of total 187) .... done (Time = 0.00s, Memory = 0.0K)
    Checking Rule Av_dcreq01 (Rule 79 of total 187) .... done (Time = 0.00s, Memory = 0.0K)
    Checking Rule Av_dcreq01 (Rule 80 of total 187) .... done (Time = 0.00s, Memory = 0.2K)
    Checking Rule _chk_signed_unsigned_prereq (Rule 81 of total 187) .... done (Time = 0.00s, Memory = 0.0K)
    Checking Rule _width01_prereq (Rule 82 of total 187)##FILEDEBUG[sgOpenFile]: Opening File './spyglass-1/lint/lint_functional_rtl/spyglass_spysch/auto-verify/width01.txt' in "a" mode ...
##FILEDEBUG[sgCloseFile]: File './spyglass-1/lint/lint_functional_rtl/spyglass_spysch/auto-verify/width01.txt' closed.
 .... done (Time = 0.00s, Memory = -2.0K)
    Checking Rule _width02_prereq (Rule 83 of total 187)##FILEDEBUG[sgOpenFile]: Opening File './spyglass-1/lint/lint_functional_rtl/spyglass_spysch/auto-verify/width02.txt' in "a" mode ...
##FILEDEBUG[sgCloseFile]: File './spyglass-1/lint/lint_functional_rtl/spyglass_spysch/auto-verify/width02.txt' closed.
 .... done (Time = 0.00s, Memory = 0.0K)
    Checking Rule _width03_prereq (Rule 84 of total 187)##FILEDEBUG[sgOpenFile]: Opening File './spyglass-1/lint/lint_functional_rtl/spyglass_spysch/auto-verify/width03.txt' in "a" mode ...
##FILEDEBUG[sgCloseFile]: File './spyglass-1/lint/lint_functional_rtl/spyglass_spysch/auto-verify/width03.txt' closed.
 .... done (Time = 0.00s, Memory = 0.0K)
    Checking Rule _width04_prereq (Rule 85 of total 187)##FILEDEBUG[sgOpenFile]: Opening File './spyglass-1/lint/lint_functional_rtl/spyglass_spysch/auto-verify/width04.txt' in "a" mode ...
##FILEDEBUG[sgCloseFile]: File './spyglass-1/lint/lint_functional_rtl/spyglass_spysch/auto-verify/width04.txt' closed.
 .... done (Time = 0.00s, Memory = 0.0K)
    Checking Rule _signunsign01_prereq (Rule 86 of total 187)##FILEDEBUG[sgOpenFile]: Opening File './spyglass-1/lint/lint_functional_rtl/spyglass_spysch/auto-verify/sign05.txt' in "a" mode ...
##FILEDEBUG[sgCloseFile]: File './spyglass-1/lint/lint_functional_rtl/spyglass_spysch/auto-verify/sign05.txt' closed.
 .... done (Time = 0.00s, Memory = 0.0K)
    Checking Rule _width05_prereq (Rule 87 of total 187)##FILEDEBUG[sgOpenFile]: Opening File './spyglass-1/lint/lint_functional_rtl/spyglass_spysch/auto-verify/width05.txt' in "a" mode ...
##FILEDEBUG[sgCloseFile]: File './spyglass-1/lint/lint_functional_rtl/spyglass_spysch/auto-verify/width05.txt' closed.
 .... done (Time = 0.00s, Memory = 0.0K)
    Checking Rule _width_expr02_mismatch_prereq (Rule 88 of total 187)##FILEDEBUG[sgOpenFile]: Opening File './spyglass-1/lint/lint_functional_rtl/spyglass_spysch/auto-verify/width06.txt' in "a" mode ...
##FILEDEBUG[sgCloseFile]: File './spyglass-1/lint/lint_functional_rtl/spyglass_spysch/auto-verify/width06.txt' closed.
 .... done (Time = 0.00s, Memory = 0.0K)
    Checking Rule _width_expr03_mismatch_prereq (Rule 89 of total 187)##FILEDEBUG[sgOpenFile]: Opening File './spyglass-1/lint/lint_functional_rtl/spyglass_spysch/auto-verify/width07.txt' in "a" mode ...
##FILEDEBUG[sgCloseFile]: File './spyglass-1/lint/lint_functional_rtl/spyglass_spysch/auto-verify/width07.txt' closed.
 .... done (Time = 0.00s, Memory = 0.0K)
    Checking Rule _dontcare_mismatch_prereq (Rule 90 of total 187)##FILEDEBUG[sgOpenFile]: Opening File './spyglass-1/lint/lint_functional_rtl/spyglass_spysch/auto-verify/dontcare01.txt' in "a" mode ...
##FILEDEBUG[sgCloseFile]: File './spyglass-1/lint/lint_functional_rtl/spyglass_spysch/auto-verify/dontcare01.txt' closed.
 .... done (Time = 0.00s, Memory = 8.0K)
    Checking Rule _case_default_redundant_prereq (Rule 91 of total 187)##FILEDEBUG[sgOpenFile]: Opening File './spyglass-1/lint/lint_functional_rtl/spyglass_spysch/auto-verify/default01.txt' in "a" mode ...
##FILEDEBUG[sgCloseFile]: File './spyglass-1/lint/lint_functional_rtl/spyglass_spysch/auto-verify/default01.txt' closed.
 .... done (Time = 0.00s, Memory = 0.8K)
    Checking Rule _case_default_missing_prereq (Rule 92 of total 187)##FILEDEBUG[sgOpenFile]: Opening File './spyglass-1/lint/lint_functional_rtl/spyglass_spysch/auto-verify/default02.txt' in "a" mode ...
##FILEDEBUG[sgCloseFile]: File './spyglass-1/lint/lint_functional_rtl/spyglass_spysch/auto-verify/default02.txt' closed.
 .... done (Time = 0.00s, Memory = -0.1K)
    Checking Rule _formallint_preReq (Rule 93 of total 187) .... done (Time = 0.00s, Memory = -0.2K)
    Checking Rule _avAddSynthNet (Rule 94 of total 187) .... done (Time = 0.00s, Memory = 0.0K)
Checking ELABDU Rules for designUnit ALU
    Checking Rule Av_multitop01 (Rule 65 of total 187) .... done (Time = 0.00s, Memory = 0.0K)
    Checking Rule Av_multitop01 (Rule 66 of total 187) .... done (Time = 0.00s, Memory = 0.0K)
    Checking Rule InitState (Rule 67 of total 187) .... done (Time = 0.00s, Memory = 0.0K)
    Checking Rule InitState (Rule 68 of total 187) .... done (Time = 0.00s, Memory = 0.0K)
    Checking Rule Av_fsmreq01 (Rule 69 of total 187) .... done (Time = 0.00s, Memory = 3.7K)
    Checking Rule Av_fsmreq01 (Rule 70 of total 187) .... done (Time = 0.00s, Memory = 0.0K)
    Checking Rule Av_rstreq01 (Rule 71 of total 187) .... done (Time = 0.00s, Memory = 0.0K)
    Checking Rule Av_rstreq01 (Rule 72 of total 187) .... done (Time = 0.00s, Memory = 0.0K)
    Checking Rule Av_casereq01 (Rule 73 of total 187) .... done (Time = 0.00s, Memory = 0.0K)
    Checking Rule Av_deadreq01 (Rule 74 of total 187) .... done (Time = 0.00s, Memory = 0.0K)
    Checking Rule Av_deadreq01 (Rule 75 of total 187) .... done (Time = 0.00s, Memory = 1.1K)
    Checking Rule AnalyzeABV (Rule 76 of total 187) .... done (Time = 0.00s, Memory = 0.0K)
    Checking Rule veOperatorPreReq (Rule 77 of total 187) .... done (Time = 0.00s, Memory = 0.0K)
    Checking Rule veShiftOperatorPreReq (Rule 78 of total 187) .... done (Time = 0.00s, Memory = -1.0K)
    Checking Rule Av_dcreq01 (Rule 79 of total 187) .... done (Time = 0.00s, Memory = -8.0K)
    Checking Rule Av_dcreq01 (Rule 80 of total 187) .... done (Time = 0.00s, Memory = 0.2K)
    Checking Rule _chk_signed_unsigned_prereq (Rule 81 of total 187) .... done (Time = 0.00s, Memory = 0.0K)
    Checking Rule _width01_prereq (Rule 82 of total 187)##FILEDEBUG[sgOpenFile]: Opening File './spyglass-1/lint/lint_functional_rtl/spyglass_spysch/auto-verify/width01.txt' in "a" mode ...
##FILEDEBUG[sgCloseFile]: File './spyglass-1/lint/lint_functional_rtl/spyglass_spysch/auto-verify/width01.txt' closed.
 .... done (Time = 0.00s, Memory = -8.0K)
    Checking Rule _width02_prereq (Rule 83 of total 187)##FILEDEBUG[sgOpenFile]: Opening File './spyglass-1/lint/lint_functional_rtl/spyglass_spysch/auto-verify/width02.txt' in "a" mode ...
##FILEDEBUG[sgCloseFile]: File './spyglass-1/lint/lint_functional_rtl/spyglass_spysch/auto-verify/width02.txt' closed.
 .... done (Time = 0.00s, Memory = 30.3K)
    Checking Rule _width03_prereq (Rule 84 of total 187)##FILEDEBUG[sgOpenFile]: Opening File './spyglass-1/lint/lint_functional_rtl/spyglass_spysch/auto-verify/width03.txt' in "a" mode ...
##FILEDEBUG[sgCloseFile]: File './spyglass-1/lint/lint_functional_rtl/spyglass_spysch/auto-verify/width03.txt' closed.
 .... done (Time = 0.00s, Memory = 0.0K)
    Checking Rule _width04_prereq (Rule 85 of total 187)##FILEDEBUG[sgOpenFile]: Opening File './spyglass-1/lint/lint_functional_rtl/spyglass_spysch/auto-verify/width04.txt' in "a" mode ...
##FILEDEBUG[sgCloseFile]: File './spyglass-1/lint/lint_functional_rtl/spyglass_spysch/auto-verify/width04.txt' closed.
 .... done (Time = 0.00s, Memory = -0.5K)
    Checking Rule _signunsign01_prereq (Rule 86 of total 187)##FILEDEBUG[sgOpenFile]: Opening File './spyglass-1/lint/lint_functional_rtl/spyglass_spysch/auto-verify/sign05.txt' in "a" mode ...
##FILEDEBUG[sgCloseFile]: File './spyglass-1/lint/lint_functional_rtl/spyglass_spysch/auto-verify/sign05.txt' closed.
 .... done (Time = 0.00s, Memory = 0.0K)
    Checking Rule _width05_prereq (Rule 87 of total 187)##FILEDEBUG[sgOpenFile]: Opening File './spyglass-1/lint/lint_functional_rtl/spyglass_spysch/auto-verify/width05.txt' in "a" mode ...
##FILEDEBUG[sgCloseFile]: File './spyglass-1/lint/lint_functional_rtl/spyglass_spysch/auto-verify/width05.txt' closed.
 .... done (Time = 0.00s, Memory = 0.1K)
    Checking Rule _width_expr02_mismatch_prereq (Rule 88 of total 187)##FILEDEBUG[sgOpenFile]: Opening File './spyglass-1/lint/lint_functional_rtl/spyglass_spysch/auto-verify/width06.txt' in "a" mode ...
##FILEDEBUG[sgCloseFile]: File './spyglass-1/lint/lint_functional_rtl/spyglass_spysch/auto-verify/width06.txt' closed.
 .... done (Time = 0.00s, Memory = -0.1K)
    Checking Rule _width_expr03_mismatch_prereq (Rule 89 of total 187)##FILEDEBUG[sgOpenFile]: Opening File './spyglass-1/lint/lint_functional_rtl/spyglass_spysch/auto-verify/width07.txt' in "a" mode ...
##FILEDEBUG[sgCloseFile]: File './spyglass-1/lint/lint_functional_rtl/spyglass_spysch/auto-verify/width07.txt' closed.
 .... done (Time = 0.00s, Memory = -3.8K)
    Checking Rule _dontcare_mismatch_prereq (Rule 90 of total 187)##FILEDEBUG[sgOpenFile]: Opening File './spyglass-1/lint/lint_functional_rtl/spyglass_spysch/auto-verify/dontcare01.txt' in "a" mode ...
##FILEDEBUG[sgCloseFile]: File './spyglass-1/lint/lint_functional_rtl/spyglass_spysch/auto-verify/dontcare01.txt' closed.
 .... done (Time = 0.00s, Memory = 8.4K)
    Checking Rule _case_default_redundant_prereq (Rule 91 of total 187)##FILEDEBUG[sgOpenFile]: Opening File './spyglass-1/lint/lint_functional_rtl/spyglass_spysch/auto-verify/default01.txt' in "a" mode ...
##FILEDEBUG[sgCloseFile]: File './spyglass-1/lint/lint_functional_rtl/spyglass_spysch/auto-verify/default01.txt' closed.
 .... done (Time = 0.00s, Memory = 8.0K)
    Checking Rule _case_default_missing_prereq (Rule 92 of total 187)##FILEDEBUG[sgOpenFile]: Opening File './spyglass-1/lint/lint_functional_rtl/spyglass_spysch/auto-verify/default02.txt' in "a" mode ...
##FILEDEBUG[sgCloseFile]: File './spyglass-1/lint/lint_functional_rtl/spyglass_spysch/auto-verify/default02.txt' closed.
 .... done (Time = 0.00s, Memory = -18.8K)
    Checking Rule _formallint_preReq (Rule 93 of total 187) .... done (Time = 0.00s, Memory = 0.0K)
    Checking Rule _avAddSynthNet (Rule 94 of total 187) .... done (Time = 0.00s, Memory = 0.0K)
Checking ELABDU Rules for designUnit Register
    Checking Rule Av_multitop01 (Rule 65 of total 187) .... done (Time = 0.00s, Memory = 0.0K)
    Checking Rule Av_multitop01 (Rule 66 of total 187) .... done (Time = 0.00s, Memory = 0.0K)
    Checking Rule InitState (Rule 67 of total 187) .... done (Time = 0.00s, Memory = 0.0K)
    Checking Rule InitState (Rule 68 of total 187) .... done (Time = 0.00s, Memory = 0.0K)
    Checking Rule Av_fsmreq01 (Rule 69 of total 187) .... done (Time = 0.00s, Memory = 0.0K)
    Checking Rule Av_fsmreq01 (Rule 70 of total 187) .... done (Time = 0.00s, Memory = 0.0K)
    Checking Rule Av_rstreq01 (Rule 71 of total 187) .... done (Time = 0.00s, Memory = 0.0K)
    Checking Rule Av_rstreq01 (Rule 72 of total 187) .... done (Time = 0.00s, Memory = 0.0K)
    Checking Rule Av_casereq01 (Rule 73 of total 187) .... done (Time = 0.00s, Memory = 0.0K)
    Checking Rule Av_deadreq01 (Rule 74 of total 187) .... done (Time = 0.00s, Memory = 0.0K)
    Checking Rule Av_deadreq01 (Rule 75 of total 187) .... done (Time = 0.00s, Memory = 1.1K)
    Checking Rule AnalyzeABV (Rule 76 of total 187) .... done (Time = 0.00s, Memory = 0.0K)
    Checking Rule veOperatorPreReq (Rule 77 of total 187) .... done (Time = 0.00s, Memory = 0.0K)
    Checking Rule veShiftOperatorPreReq (Rule 78 of total 187) .... done (Time = 0.00s, Memory = 0.0K)
    Checking Rule Av_dcreq01 (Rule 79 of total 187) .... done (Time = 0.00s, Memory = 8.0K)
    Checking Rule Av_dcreq01 (Rule 80 of total 187) .... done (Time = 0.00s, Memory = 0.2K)
    Checking Rule _chk_signed_unsigned_prereq (Rule 81 of total 187) .... done (Time = 0.00s, Memory = -8.0K)
    Checking Rule _width01_prereq (Rule 82 of total 187)##FILEDEBUG[sgOpenFile]: Opening File './spyglass-1/lint/lint_functional_rtl/spyglass_spysch/auto-verify/width01.txt' in "a" mode ...
##FILEDEBUG[sgCloseFile]: File './spyglass-1/lint/lint_functional_rtl/spyglass_spysch/auto-verify/width01.txt' closed.
 .... done (Time = 0.00s, Memory = -3.0K)
    Checking Rule _width02_prereq (Rule 83 of total 187)##FILEDEBUG[sgOpenFile]: Opening File './spyglass-1/lint/lint_functional_rtl/spyglass_spysch/auto-verify/width02.txt' in "a" mode ...
##FILEDEBUG[sgCloseFile]: File './spyglass-1/lint/lint_functional_rtl/spyglass_spysch/auto-verify/width02.txt' closed.
 .... done (Time = 0.00s, Memory = 25.0K)
    Checking Rule _width03_prereq (Rule 84 of total 187)##FILEDEBUG[sgOpenFile]: Opening File './spyglass-1/lint/lint_functional_rtl/spyglass_spysch/auto-verify/width03.txt' in "a" mode ...
##FILEDEBUG[sgCloseFile]: File './spyglass-1/lint/lint_functional_rtl/spyglass_spysch/auto-verify/width03.txt' closed.
 .... done (Time = 0.00s, Memory = -6.3K)
    Checking Rule _width04_prereq (Rule 85 of total 187)##FILEDEBUG[sgOpenFile]: Opening File './spyglass-1/lint/lint_functional_rtl/spyglass_spysch/auto-verify/width04.txt' in "a" mode ...
##FILEDEBUG[sgCloseFile]: File './spyglass-1/lint/lint_functional_rtl/spyglass_spysch/auto-verify/width04.txt' closed.
 .... done (Time = 0.00s, Memory = 6.0K)
    Checking Rule _signunsign01_prereq (Rule 86 of total 187)##FILEDEBUG[sgOpenFile]: Opening File './spyglass-1/lint/lint_functional_rtl/spyglass_spysch/auto-verify/sign05.txt' in "a" mode ...
##FILEDEBUG[sgCloseFile]: File './spyglass-1/lint/lint_functional_rtl/spyglass_spysch/auto-verify/sign05.txt' closed.
 .... done (Time = 0.00s, Memory = 0.0K)
    Checking Rule _width05_prereq (Rule 87 of total 187)##FILEDEBUG[sgOpenFile]: Opening File './spyglass-1/lint/lint_functional_rtl/spyglass_spysch/auto-verify/width05.txt' in "a" mode ...
##FILEDEBUG[sgCloseFile]: File './spyglass-1/lint/lint_functional_rtl/spyglass_spysch/auto-verify/width05.txt' closed.
 .... done (Time = 0.00s, Memory = 0.0K)
    Checking Rule _width_expr02_mismatch_prereq (Rule 88 of total 187)##FILEDEBUG[sgOpenFile]: Opening File './spyglass-1/lint/lint_functional_rtl/spyglass_spysch/auto-verify/width06.txt' in "a" mode ...
##FILEDEBUG[sgCloseFile]: File './spyglass-1/lint/lint_functional_rtl/spyglass_spysch/auto-verify/width06.txt' closed.
 .... done (Time = 0.00s, Memory = 0.1K)
    Checking Rule _width_expr03_mismatch_prereq (Rule 89 of total 187)##FILEDEBUG[sgOpenFile]: Opening File './spyglass-1/lint/lint_functional_rtl/spyglass_spysch/auto-verify/width07.txt' in "a" mode ...
##FILEDEBUG[sgCloseFile]: File './spyglass-1/lint/lint_functional_rtl/spyglass_spysch/auto-verify/width07.txt' closed.
 .... done (Time = 0.00s, Memory = 0.0K)
    Checking Rule _dontcare_mismatch_prereq (Rule 90 of total 187)##FILEDEBUG[sgOpenFile]: Opening File './spyglass-1/lint/lint_functional_rtl/spyglass_spysch/auto-verify/dontcare01.txt' in "a" mode ...
##FILEDEBUG[sgCloseFile]: File './spyglass-1/lint/lint_functional_rtl/spyglass_spysch/auto-verify/dontcare01.txt' closed.
 .... done (Time = 0.00s, Memory = 0.0K)
    Checking Rule _case_default_redundant_prereq (Rule 91 of total 187)##FILEDEBUG[sgOpenFile]: Opening File './spyglass-1/lint/lint_functional_rtl/spyglass_spysch/auto-verify/default01.txt' in "a" mode ...
##FILEDEBUG[sgCloseFile]: File './spyglass-1/lint/lint_functional_rtl/spyglass_spysch/auto-verify/default01.txt' closed.
 .... done (Time = 0.00s, Memory = 0.0K)
    Checking Rule _case_default_missing_prereq (Rule 92 of total 187)##FILEDEBUG[sgOpenFile]: Opening File './spyglass-1/lint/lint_functional_rtl/spyglass_spysch/auto-verify/default02.txt' in "a" mode ...
##FILEDEBUG[sgCloseFile]: File './spyglass-1/lint/lint_functional_rtl/spyglass_spysch/auto-verify/default02.txt' closed.
 .... done (Time = 0.00s, Memory = 3.9K)
    Checking Rule _formallint_preReq (Rule 93 of total 187) .... done (Time = 0.00s, Memory = 0.0K)
    Checking Rule _avAddSynthNet (Rule 94 of total 187) .... done (Time = 0.00s, Memory = 0.0K)
Checking ELABDU Rules for designUnit SYS_CTRL
    Checking Rule Av_multitop01 (Rule 65 of total 187) .... done (Time = 0.00s, Memory = 0.0K)
    Checking Rule Av_multitop01 (Rule 66 of total 187) .... done (Time = 0.00s, Memory = 0.0K)
    Checking Rule InitState (Rule 67 of total 187) .... done (Time = 0.00s, Memory = 0.0K)
    Checking Rule InitState (Rule 68 of total 187) .... done (Time = 0.00s, Memory = 0.0K)
    Checking Rule Av_fsmreq01 (Rule 69 of total 187) .... done (Time = 0.00s, Memory = -33.3K)
    Checking Rule Av_fsmreq01 (Rule 70 of total 187) .... done (Time = 0.00s, Memory = 0.0K)
    Checking Rule Av_rstreq01 (Rule 71 of total 187) .... done (Time = 0.00s, Memory = 0.0K)
    Checking Rule Av_rstreq01 (Rule 72 of total 187) .... done (Time = 0.00s, Memory = 0.0K)
    Checking Rule Av_casereq01 (Rule 73 of total 187) .... done (Time = 0.00s, Memory = 0.0K)
    Checking Rule Av_deadreq01 (Rule 74 of total 187) .... done (Time = 0.00s, Memory = 0.0K)
    Checking Rule Av_deadreq01 (Rule 75 of total 187) .... done (Time = 0.00s, Memory = 1.1K)
    Checking Rule AnalyzeABV (Rule 76 of total 187) .... done (Time = 0.00s, Memory = 1.8K)
    Checking Rule veOperatorPreReq (Rule 77 of total 187) .... done (Time = 0.00s, Memory = 0.0K)
    Checking Rule veShiftOperatorPreReq (Rule 78 of total 187) .... done (Time = 0.00s, Memory = 0.0K)
    Checking Rule Av_dcreq01 (Rule 79 of total 187) .... done (Time = 0.00s, Memory = 0.0K)
    Checking Rule Av_dcreq01 (Rule 80 of total 187) .... done (Time = 0.00s, Memory = 0.2K)
    Checking Rule _chk_signed_unsigned_prereq (Rule 81 of total 187) .... done (Time = 0.00s, Memory = 4.0K)
    Checking Rule _width01_prereq (Rule 82 of total 187)##FILEDEBUG[sgOpenFile]: Opening File './spyglass-1/lint/lint_functional_rtl/spyglass_spysch/auto-verify/width01.txt' in "a" mode ...
##FILEDEBUG[sgCloseFile]: File './spyglass-1/lint/lint_functional_rtl/spyglass_spysch/auto-verify/width01.txt' closed.
 .... done (Time = 0.00s, Memory = 6.0K)
    Checking Rule _width02_prereq (Rule 83 of total 187)##FILEDEBUG[sgOpenFile]: Opening File './spyglass-1/lint/lint_functional_rtl/spyglass_spysch/auto-verify/width02.txt' in "a" mode ...
##FILEDEBUG[sgCloseFile]: File './spyglass-1/lint/lint_functional_rtl/spyglass_spysch/auto-verify/width02.txt' closed.
 .... done (Time = 0.00s, Memory = 52.3K)
    Checking Rule _width03_prereq (Rule 84 of total 187)##FILEDEBUG[sgOpenFile]: Opening File './spyglass-1/lint/lint_functional_rtl/spyglass_spysch/auto-verify/width03.txt' in "a" mode ...
##FILEDEBUG[sgCloseFile]: File './spyglass-1/lint/lint_functional_rtl/spyglass_spysch/auto-verify/width03.txt' closed.
 .... done (Time = 0.01s, Memory = -2.4K)
    Checking Rule _width04_prereq (Rule 85 of total 187)##FILEDEBUG[sgOpenFile]: Opening File './spyglass-1/lint/lint_functional_rtl/spyglass_spysch/auto-verify/width04.txt' in "a" mode ...
##FILEDEBUG[sgCloseFile]: File './spyglass-1/lint/lint_functional_rtl/spyglass_spysch/auto-verify/width04.txt' closed.
 .... done (Time = 0.00s, Memory = 9.2K)
    Checking Rule _signunsign01_prereq (Rule 86 of total 187)##FILEDEBUG[sgOpenFile]: Opening File './spyglass-1/lint/lint_functional_rtl/spyglass_spysch/auto-verify/sign05.txt' in "a" mode ...
##FILEDEBUG[sgCloseFile]: File './spyglass-1/lint/lint_functional_rtl/spyglass_spysch/auto-verify/sign05.txt' closed.
 .... done (Time = 0.00s, Memory = 0.0K)
    Checking Rule _width05_prereq (Rule 87 of total 187)##FILEDEBUG[sgOpenFile]: Opening File './spyglass-1/lint/lint_functional_rtl/spyglass_spysch/auto-verify/width05.txt' in "a" mode ...
##FILEDEBUG[sgCloseFile]: File './spyglass-1/lint/lint_functional_rtl/spyglass_spysch/auto-verify/width05.txt' closed.
 .... done (Time = 0.00s, Memory = 0.7K)
    Checking Rule _width_expr02_mismatch_prereq (Rule 88 of total 187)##FILEDEBUG[sgOpenFile]: Opening File './spyglass-1/lint/lint_functional_rtl/spyglass_spysch/auto-verify/width06.txt' in "a" mode ...
##FILEDEBUG[sgCloseFile]: File './spyglass-1/lint/lint_functional_rtl/spyglass_spysch/auto-verify/width06.txt' closed.
 .... done (Time = 0.00s, Memory = 0.2K)
    Checking Rule _width_expr03_mismatch_prereq (Rule 89 of total 187)##FILEDEBUG[sgOpenFile]: Opening File './spyglass-1/lint/lint_functional_rtl/spyglass_spysch/auto-verify/width07.txt' in "a" mode ...
##FILEDEBUG[sgCloseFile]: File './spyglass-1/lint/lint_functional_rtl/spyglass_spysch/auto-verify/width07.txt' closed.
 .... done (Time = 0.00s, Memory = 8.0K)
    Checking Rule _dontcare_mismatch_prereq (Rule 90 of total 187)##FILEDEBUG[sgOpenFile]: Opening File './spyglass-1/lint/lint_functional_rtl/spyglass_spysch/auto-verify/dontcare01.txt' in "a" mode ...
##FILEDEBUG[sgCloseFile]: File './spyglass-1/lint/lint_functional_rtl/spyglass_spysch/auto-verify/dontcare01.txt' closed.
 .... done (Time = 0.00s, Memory = 12.0K)
    Checking Rule _case_default_redundant_prereq (Rule 91 of total 187)##FILEDEBUG[sgOpenFile]: Opening File './spyglass-1/lint/lint_functional_rtl/spyglass_spysch/auto-verify/default01.txt' in "a" mode ...
##FILEDEBUG[sgCloseFile]: File './spyglass-1/lint/lint_functional_rtl/spyglass_spysch/auto-verify/default01.txt' closed.
 .... done (Time = 0.00s, Memory = -28.1K)
    Checking Rule _case_default_missing_prereq (Rule 92 of total 187)##FILEDEBUG[sgOpenFile]: Opening File './spyglass-1/lint/lint_functional_rtl/spyglass_spysch/auto-verify/default02.txt' in "a" mode ...
##FILEDEBUG[sgCloseFile]: File './spyglass-1/lint/lint_functional_rtl/spyglass_spysch/auto-verify/default02.txt' closed.
 .... done (Time = 0.00s, Memory = 10.6K)
    Checking Rule _formallint_preReq (Rule 93 of total 187) .... done (Time = 0.00s, Memory = 0.0K)
    Checking Rule _avAddSynthNet (Rule 94 of total 187) .... done (Time = 0.00s, Memory = 0.0K)
Checking ELABDU Rules for designUnit Data_Synch
    Checking Rule Av_multitop01 (Rule 65 of total 187) .... done (Time = 0.00s, Memory = 0.0K)
    Checking Rule Av_multitop01 (Rule 66 of total 187) .... done (Time = 0.00s, Memory = 0.0K)
    Checking Rule InitState (Rule 67 of total 187) .... done (Time = 0.00s, Memory = 0.0K)
    Checking Rule InitState (Rule 68 of total 187) .... done (Time = 0.00s, Memory = 0.0K)
    Checking Rule Av_fsmreq01 (Rule 69 of total 187) .... done (Time = 0.00s, Memory = -8.0K)
    Checking Rule Av_fsmreq01 (Rule 70 of total 187) .... done (Time = 0.00s, Memory = 0.0K)
    Checking Rule Av_rstreq01 (Rule 71 of total 187) .... done (Time = 0.00s, Memory = 4.0K)
    Checking Rule Av_rstreq01 (Rule 72 of total 187) .... done (Time = 0.00s, Memory = 0.0K)
    Checking Rule Av_casereq01 (Rule 73 of total 187) .... done (Time = 0.00s, Memory = 8.0K)
    Checking Rule Av_deadreq01 (Rule 74 of total 187) .... done (Time = 0.00s, Memory = 0.0K)
    Checking Rule Av_deadreq01 (Rule 75 of total 187) .... done (Time = 0.00s, Memory = 1.1K)
    Checking Rule AnalyzeABV (Rule 76 of total 187) .... done (Time = 0.00s, Memory = 0.0K)
    Checking Rule veOperatorPreReq (Rule 77 of total 187) .... done (Time = 0.00s, Memory = 0.0K)
    Checking Rule veShiftOperatorPreReq (Rule 78 of total 187) .... done (Time = 0.00s, Memory = 0.0K)
    Checking Rule Av_dcreq01 (Rule 79 of total 187) .... done (Time = 0.00s, Memory = 0.0K)
    Checking Rule Av_dcreq01 (Rule 80 of total 187) .... done (Time = 0.00s, Memory = 0.2K)
    Checking Rule _chk_signed_unsigned_prereq (Rule 81 of total 187) .... done (Time = 0.00s, Memory = 0.0K)
    Checking Rule _width01_prereq (Rule 82 of total 187)##FILEDEBUG[sgOpenFile]: Opening File './spyglass-1/lint/lint_functional_rtl/spyglass_spysch/auto-verify/width01.txt' in "a" mode ...
##FILEDEBUG[sgCloseFile]: File './spyglass-1/lint/lint_functional_rtl/spyglass_spysch/auto-verify/width01.txt' closed.
 .... done (Time = 0.00s, Memory = 0.1K)
    Checking Rule _width02_prereq (Rule 83 of total 187)##FILEDEBUG[sgOpenFile]: Opening File './spyglass-1/lint/lint_functional_rtl/spyglass_spysch/auto-verify/width02.txt' in "a" mode ...
##FILEDEBUG[sgCloseFile]: File './spyglass-1/lint/lint_functional_rtl/spyglass_spysch/auto-verify/width02.txt' closed.
 .... done (Time = 0.00s, Memory = -2.6K)
    Checking Rule _width03_prereq (Rule 84 of total 187)##FILEDEBUG[sgOpenFile]: Opening File './spyglass-1/lint/lint_functional_rtl/spyglass_spysch/auto-verify/width03.txt' in "a" mode ...
##FILEDEBUG[sgCloseFile]: File './spyglass-1/lint/lint_functional_rtl/spyglass_spysch/auto-verify/width03.txt' closed.
 .... done (Time = 0.00s, Memory = 0.0K)
    Checking Rule _width04_prereq (Rule 85 of total 187)##FILEDEBUG[sgOpenFile]: Opening File './spyglass-1/lint/lint_functional_rtl/spyglass_spysch/auto-verify/width04.txt' in "a" mode ...
##FILEDEBUG[sgCloseFile]: File './spyglass-1/lint/lint_functional_rtl/spyglass_spysch/auto-verify/width04.txt' closed.
 .... done (Time = 0.00s, Memory = 3.2K)
    Checking Rule _signunsign01_prereq (Rule 86 of total 187)##FILEDEBUG[sgOpenFile]: Opening File './spyglass-1/lint/lint_functional_rtl/spyglass_spysch/auto-verify/sign05.txt' in "a" mode ...
##FILEDEBUG[sgCloseFile]: File './spyglass-1/lint/lint_functional_rtl/spyglass_spysch/auto-verify/sign05.txt' closed.
 .... done (Time = 0.00s, Memory = 5.5K)
    Checking Rule _width05_prereq (Rule 87 of total 187)##FILEDEBUG[sgOpenFile]: Opening File './spyglass-1/lint/lint_functional_rtl/spyglass_spysch/auto-verify/width05.txt' in "a" mode ...
##FILEDEBUG[sgCloseFile]: File './spyglass-1/lint/lint_functional_rtl/spyglass_spysch/auto-verify/width05.txt' closed.
 .... done (Time = 0.00s, Memory = 0.0K)
    Checking Rule _width_expr02_mismatch_prereq (Rule 88 of total 187)##FILEDEBUG[sgOpenFile]: Opening File './spyglass-1/lint/lint_functional_rtl/spyglass_spysch/auto-verify/width06.txt' in "a" mode ...
##FILEDEBUG[sgCloseFile]: File './spyglass-1/lint/lint_functional_rtl/spyglass_spysch/auto-verify/width06.txt' closed.
 .... done (Time = 0.00s, Memory = 0.0K)
    Checking Rule _width_expr03_mismatch_prereq (Rule 89 of total 187)##FILEDEBUG[sgOpenFile]: Opening File './spyglass-1/lint/lint_functional_rtl/spyglass_spysch/auto-verify/width07.txt' in "a" mode ...
##FILEDEBUG[sgCloseFile]: File './spyglass-1/lint/lint_functional_rtl/spyglass_spysch/auto-verify/width07.txt' closed.
 .... done (Time = 0.00s, Memory = -3.0K)
    Checking Rule _dontcare_mismatch_prereq (Rule 90 of total 187)##FILEDEBUG[sgOpenFile]: Opening File './spyglass-1/lint/lint_functional_rtl/spyglass_spysch/auto-verify/dontcare01.txt' in "a" mode ...
##FILEDEBUG[sgCloseFile]: File './spyglass-1/lint/lint_functional_rtl/spyglass_spysch/auto-verify/dontcare01.txt' closed.
 .... done (Time = 0.00s, Memory = 0.0K)
    Checking Rule _case_default_redundant_prereq (Rule 91 of total 187)##FILEDEBUG[sgOpenFile]: Opening File './spyglass-1/lint/lint_functional_rtl/spyglass_spysch/auto-verify/default01.txt' in "a" mode ...
##FILEDEBUG[sgCloseFile]: File './spyglass-1/lint/lint_functional_rtl/spyglass_spysch/auto-verify/default01.txt' closed.
 .... done (Time = 0.00s, Memory = -8.0K)
    Checking Rule _case_default_missing_prereq (Rule 92 of total 187)##FILEDEBUG[sgOpenFile]: Opening File './spyglass-1/lint/lint_functional_rtl/spyglass_spysch/auto-verify/default02.txt' in "a" mode ...
##FILEDEBUG[sgCloseFile]: File './spyglass-1/lint/lint_functional_rtl/spyglass_spysch/auto-verify/default02.txt' closed.
 .... done (Time = 0.00s, Memory = 0.0K)
    Checking Rule _formallint_preReq (Rule 93 of total 187) .... done (Time = 0.00s, Memory = 0.0K)
    Checking Rule _avAddSynthNet (Rule 94 of total 187) .... done (Time = 0.00s, Memory = 0.0K)
Checking ELABDU Rules for designUnit UART
    Checking Rule Av_multitop01 (Rule 65 of total 187) .... done (Time = 0.00s, Memory = 0.1K)
    Checking Rule Av_multitop01 (Rule 66 of total 187) .... done (Time = 0.00s, Memory = 0.0K)
    Checking Rule InitState (Rule 67 of total 187) .... done (Time = 0.00s, Memory = 0.0K)
    Checking Rule InitState (Rule 68 of total 187) .... done (Time = 0.00s, Memory = 0.0K)
    Checking Rule Av_fsmreq01 (Rule 69 of total 187) .... done (Time = 0.00s, Memory = 0.0K)
    Checking Rule Av_fsmreq01 (Rule 70 of total 187) .... done (Time = 0.00s, Memory = 0.0K)
    Checking Rule Av_rstreq01 (Rule 71 of total 187) .... done (Time = 0.00s, Memory = 0.0K)
    Checking Rule Av_rstreq01 (Rule 72 of total 187) .... done (Time = 0.00s, Memory = 0.0K)
    Checking Rule Av_casereq01 (Rule 73 of total 187) .... done (Time = 0.00s, Memory = 0.0K)
    Checking Rule Av_deadreq01 (Rule 74 of total 187) .... done (Time = 0.00s, Memory = 0.0K)
    Checking Rule Av_deadreq01 (Rule 75 of total 187) .... done (Time = 0.00s, Memory = 1.1K)
    Checking Rule AnalyzeABV (Rule 76 of total 187) .... done (Time = 0.00s, Memory = 0.0K)
    Checking Rule veOperatorPreReq (Rule 77 of total 187) .... done (Time = 0.00s, Memory = 0.0K)
    Checking Rule veShiftOperatorPreReq (Rule 78 of total 187) .... done (Time = 0.00s, Memory = 0.0K)
    Checking Rule Av_dcreq01 (Rule 79 of total 187) .... done (Time = 0.00s, Memory = 0.0K)
    Checking Rule Av_dcreq01 (Rule 80 of total 187) .... done (Time = 0.00s, Memory = 0.2K)
    Checking Rule _chk_signed_unsigned_prereq (Rule 81 of total 187) .... done (Time = 0.00s, Memory = 4.0K)
    Checking Rule _width01_prereq (Rule 82 of total 187)##FILEDEBUG[sgOpenFile]: Opening File './spyglass-1/lint/lint_functional_rtl/spyglass_spysch/auto-verify/width01.txt' in "a" mode ...
##FILEDEBUG[sgCloseFile]: File './spyglass-1/lint/lint_functional_rtl/spyglass_spysch/auto-verify/width01.txt' closed.
 .... done (Time = 0.00s, Memory = 0.0K)
    Checking Rule _width02_prereq (Rule 83 of total 187)##FILEDEBUG[sgOpenFile]: Opening File './spyglass-1/lint/lint_functional_rtl/spyglass_spysch/auto-verify/width02.txt' in "a" mode ...
##FILEDEBUG[sgCloseFile]: File './spyglass-1/lint/lint_functional_rtl/spyglass_spysch/auto-verify/width02.txt' closed.
 .... done (Time = 0.00s, Memory = 0.0K)
    Checking Rule _width03_prereq (Rule 84 of total 187)##FILEDEBUG[sgOpenFile]: Opening File './spyglass-1/lint/lint_functional_rtl/spyglass_spysch/auto-verify/width03.txt' in "a" mode ...
##FILEDEBUG[sgCloseFile]: File './spyglass-1/lint/lint_functional_rtl/spyglass_spysch/auto-verify/width03.txt' closed.
 .... done (Time = 0.00s, Memory = 0.0K)
    Checking Rule _width04_prereq (Rule 85 of total 187)##FILEDEBUG[sgOpenFile]: Opening File './spyglass-1/lint/lint_functional_rtl/spyglass_spysch/auto-verify/width04.txt' in "a" mode ...
##FILEDEBUG[sgCloseFile]: File './spyglass-1/lint/lint_functional_rtl/spyglass_spysch/auto-verify/width04.txt' closed.
 .... done (Time = 0.00s, Memory = 0.0K)
    Checking Rule _signunsign01_prereq (Rule 86 of total 187)##FILEDEBUG[sgOpenFile]: Opening File './spyglass-1/lint/lint_functional_rtl/spyglass_spysch/auto-verify/sign05.txt' in "a" mode ...
##FILEDEBUG[sgCloseFile]: File './spyglass-1/lint/lint_functional_rtl/spyglass_spysch/auto-verify/sign05.txt' closed.
 .... done (Time = 0.00s, Memory = 0.0K)
    Checking Rule _width05_prereq (Rule 87 of total 187)##FILEDEBUG[sgOpenFile]: Opening File './spyglass-1/lint/lint_functional_rtl/spyglass_spysch/auto-verify/width05.txt' in "a" mode ...
##FILEDEBUG[sgCloseFile]: File './spyglass-1/lint/lint_functional_rtl/spyglass_spysch/auto-verify/width05.txt' closed.
 .... done (Time = 0.00s, Memory = 0.0K)
    Checking Rule _width_expr02_mismatch_prereq (Rule 88 of total 187)##FILEDEBUG[sgOpenFile]: Opening File './spyglass-1/lint/lint_functional_rtl/spyglass_spysch/auto-verify/width06.txt' in "a" mode ...
##FILEDEBUG[sgCloseFile]: File './spyglass-1/lint/lint_functional_rtl/spyglass_spysch/auto-verify/width06.txt' closed.
 .... done (Time = 0.00s, Memory = 0.0K)
    Checking Rule _width_expr03_mismatch_prereq (Rule 89 of total 187)##FILEDEBUG[sgOpenFile]: Opening File './spyglass-1/lint/lint_functional_rtl/spyglass_spysch/auto-verify/width07.txt' in "a" mode ...
##FILEDEBUG[sgCloseFile]: File './spyglass-1/lint/lint_functional_rtl/spyglass_spysch/auto-verify/width07.txt' closed.
 .... done (Time = 0.00s, Memory = 0.0K)
    Checking Rule _dontcare_mismatch_prereq (Rule 90 of total 187)##FILEDEBUG[sgOpenFile]: Opening File './spyglass-1/lint/lint_functional_rtl/spyglass_spysch/auto-verify/dontcare01.txt' in "a" mode ...
##FILEDEBUG[sgCloseFile]: File './spyglass-1/lint/lint_functional_rtl/spyglass_spysch/auto-verify/dontcare01.txt' closed.
 .... done (Time = 0.00s, Memory = 0.8K)
    Checking Rule _case_default_redundant_prereq (Rule 91 of total 187)##FILEDEBUG[sgOpenFile]: Opening File './spyglass-1/lint/lint_functional_rtl/spyglass_spysch/auto-verify/default01.txt' in "a" mode ...
##FILEDEBUG[sgCloseFile]: File './spyglass-1/lint/lint_functional_rtl/spyglass_spysch/auto-verify/default01.txt' closed.
 .... done (Time = 0.00s, Memory = 0.0K)
    Checking Rule _case_default_missing_prereq (Rule 92 of total 187)##FILEDEBUG[sgOpenFile]: Opening File './spyglass-1/lint/lint_functional_rtl/spyglass_spysch/auto-verify/default02.txt' in "a" mode ...
##FILEDEBUG[sgCloseFile]: File './spyglass-1/lint/lint_functional_rtl/spyglass_spysch/auto-verify/default02.txt' closed.
 .... done (Time = 0.00s, Memory = 8.0K)
    Checking Rule _formallint_preReq (Rule 93 of total 187) .... done (Time = 0.00s, Memory = -8.0K)
    Checking Rule _avAddSynthNet (Rule 94 of total 187) .... done (Time = 0.00s, Memory = -16.0K)
Checking ELABDU Rules for designUnit TX_TOP
    Checking Rule Av_multitop01 (Rule 65 of total 187) .... done (Time = 0.00s, Memory = 0.0K)
    Checking Rule Av_multitop01 (Rule 66 of total 187) .... done (Time = 0.00s, Memory = 0.0K)
    Checking Rule InitState (Rule 67 of total 187) .... done (Time = 0.00s, Memory = 0.9K)
    Checking Rule InitState (Rule 68 of total 187) .... done (Time = 0.00s, Memory = 0.0K)
    Checking Rule Av_fsmreq01 (Rule 69 of total 187) .... done (Time = 0.00s, Memory = 0.0K)
    Checking Rule Av_fsmreq01 (Rule 70 of total 187) .... done (Time = 0.00s, Memory = 0.0K)
    Checking Rule Av_rstreq01 (Rule 71 of total 187) .... done (Time = 0.00s, Memory = 0.0K)
    Checking Rule Av_rstreq01 (Rule 72 of total 187) .... done (Time = 0.00s, Memory = 0.0K)
    Checking Rule Av_casereq01 (Rule 73 of total 187) .... done (Time = 0.00s, Memory = 0.0K)
    Checking Rule Av_deadreq01 (Rule 74 of total 187) .... done (Time = 0.00s, Memory = -6.5K)
    Checking Rule Av_deadreq01 (Rule 75 of total 187) .... done (Time = 0.00s, Memory = 1.1K)
    Checking Rule AnalyzeABV (Rule 76 of total 187) .... done (Time = 0.00s, Memory = -5.0K)
    Checking Rule veOperatorPreReq (Rule 77 of total 187) .... done (Time = 0.00s, Memory = 0.0K)
    Checking Rule veShiftOperatorPreReq (Rule 78 of total 187) .... done (Time = 0.00s, Memory = 0.0K)
    Checking Rule Av_dcreq01 (Rule 79 of total 187) .... done (Time = 0.00s, Memory = 0.0K)
    Checking Rule Av_dcreq01 (Rule 80 of total 187) .... done (Time = 0.00s, Memory = 0.2K)
    Checking Rule _chk_signed_unsigned_prereq (Rule 81 of total 187) .... done (Time = 0.00s, Memory = 0.1K)
    Checking Rule _width01_prereq (Rule 82 of total 187)##FILEDEBUG[sgOpenFile]: Opening File './spyglass-1/lint/lint_functional_rtl/spyglass_spysch/auto-verify/width01.txt' in "a" mode ...
##FILEDEBUG[sgCloseFile]: File './spyglass-1/lint/lint_functional_rtl/spyglass_spysch/auto-verify/width01.txt' closed.
 .... done (Time = 0.00s, Memory = 11.8K)
    Checking Rule _width02_prereq (Rule 83 of total 187)##FILEDEBUG[sgOpenFile]: Opening File './spyglass-1/lint/lint_functional_rtl/spyglass_spysch/auto-verify/width02.txt' in "a" mode ...
##FILEDEBUG[sgCloseFile]: File './spyglass-1/lint/lint_functional_rtl/spyglass_spysch/auto-verify/width02.txt' closed.
 .... done (Time = 0.00s, Memory = -1.8K)
    Checking Rule _width03_prereq (Rule 84 of total 187)##FILEDEBUG[sgOpenFile]: Opening File './spyglass-1/lint/lint_functional_rtl/spyglass_spysch/auto-verify/width03.txt' in "a" mode ...
##FILEDEBUG[sgCloseFile]: File './spyglass-1/lint/lint_functional_rtl/spyglass_spysch/auto-verify/width03.txt' closed.
 .... done (Time = 0.00s, Memory = -4.0K)
    Checking Rule _width04_prereq (Rule 85 of total 187)##FILEDEBUG[sgOpenFile]: Opening File './spyglass-1/lint/lint_functional_rtl/spyglass_spysch/auto-verify/width04.txt' in "a" mode ...
##FILEDEBUG[sgCloseFile]: File './spyglass-1/lint/lint_functional_rtl/spyglass_spysch/auto-verify/width04.txt' closed.
 .... done (Time = 0.00s, Memory = -0.2K)
    Checking Rule _signunsign01_prereq (Rule 86 of total 187)##FILEDEBUG[sgOpenFile]: Opening File './spyglass-1/lint/lint_functional_rtl/spyglass_spysch/auto-verify/sign05.txt' in "a" mode ...
##FILEDEBUG[sgCloseFile]: File './spyglass-1/lint/lint_functional_rtl/spyglass_spysch/auto-verify/sign05.txt' closed.
 .... done (Time = 0.00s, Memory = -0.9K)
    Checking Rule _width05_prereq (Rule 87 of total 187)##FILEDEBUG[sgOpenFile]: Opening File './spyglass-1/lint/lint_functional_rtl/spyglass_spysch/auto-verify/width05.txt' in "a" mode ...
##FILEDEBUG[sgCloseFile]: File './spyglass-1/lint/lint_functional_rtl/spyglass_spysch/auto-verify/width05.txt' closed.
 .... done (Time = 0.00s, Memory = 0.0K)
    Checking Rule _width_expr02_mismatch_prereq (Rule 88 of total 187)##FILEDEBUG[sgOpenFile]: Opening File './spyglass-1/lint/lint_functional_rtl/spyglass_spysch/auto-verify/width06.txt' in "a" mode ...
##FILEDEBUG[sgCloseFile]: File './spyglass-1/lint/lint_functional_rtl/spyglass_spysch/auto-verify/width06.txt' closed.
 .... done (Time = 0.00s, Memory = 0.0K)
    Checking Rule _width_expr03_mismatch_prereq (Rule 89 of total 187)##FILEDEBUG[sgOpenFile]: Opening File './spyglass-1/lint/lint_functional_rtl/spyglass_spysch/auto-verify/width07.txt' in "a" mode ...
##FILEDEBUG[sgCloseFile]: File './spyglass-1/lint/lint_functional_rtl/spyglass_spysch/auto-verify/width07.txt' closed.
 .... done (Time = 0.00s, Memory = 0.0K)
    Checking Rule _dontcare_mismatch_prereq (Rule 90 of total 187)##FILEDEBUG[sgOpenFile]: Opening File './spyglass-1/lint/lint_functional_rtl/spyglass_spysch/auto-verify/dontcare01.txt' in "a" mode ...
##FILEDEBUG[sgCloseFile]: File './spyglass-1/lint/lint_functional_rtl/spyglass_spysch/auto-verify/dontcare01.txt' closed.
 .... done (Time = 0.00s, Memory = -0.3K)
    Checking Rule _case_default_redundant_prereq (Rule 91 of total 187)##FILEDEBUG[sgOpenFile]: Opening File './spyglass-1/lint/lint_functional_rtl/spyglass_spysch/auto-verify/default01.txt' in "a" mode ...
##FILEDEBUG[sgCloseFile]: File './spyglass-1/lint/lint_functional_rtl/spyglass_spysch/auto-verify/default01.txt' closed.
 .... done (Time = 0.00s, Memory = 0.0K)
    Checking Rule _case_default_missing_prereq (Rule 92 of total 187)##FILEDEBUG[sgOpenFile]: Opening File './spyglass-1/lint/lint_functional_rtl/spyglass_spysch/auto-verify/default02.txt' in "a" mode ...
##FILEDEBUG[sgCloseFile]: File './spyglass-1/lint/lint_functional_rtl/spyglass_spysch/auto-verify/default02.txt' closed.
 .... done (Time = 0.00s, Memory = -12.2K)
    Checking Rule _formallint_preReq (Rule 93 of total 187) .... done (Time = 0.00s, Memory = 3.9K)
    Checking Rule _avAddSynthNet (Rule 94 of total 187) .... done (Time = 0.00s, Memory = 4.8K)
Checking ELABDU Rules for designUnit serializer
    Checking Rule Av_multitop01 (Rule 65 of total 187) .... done (Time = 0.00s, Memory = 32.0K)
    Checking Rule Av_multitop01 (Rule 66 of total 187) .... done (Time = 0.00s, Memory = 0.0K)
    Checking Rule InitState (Rule 67 of total 187) .... done (Time = 0.00s, Memory = 0.0K)
    Checking Rule InitState (Rule 68 of total 187) .... done (Time = 0.00s, Memory = 0.0K)
    Checking Rule Av_fsmreq01 (Rule 69 of total 187) .... done (Time = 0.00s, Memory = 0.0K)
    Checking Rule Av_fsmreq01 (Rule 70 of total 187) .... done (Time = 0.00s, Memory = 0.0K)
    Checking Rule Av_rstreq01 (Rule 71 of total 187) .... done (Time = 0.00s, Memory = 47.6K)
    Checking Rule Av_rstreq01 (Rule 72 of total 187) .... done (Time = 0.00s, Memory = 0.0K)
    Checking Rule Av_casereq01 (Rule 73 of total 187) .... done (Time = 0.00s, Memory = 0.0K)
    Checking Rule Av_deadreq01 (Rule 74 of total 187) .... done (Time = 0.00s, Memory = 0.0K)
    Checking Rule Av_deadreq01 (Rule 75 of total 187) .... done (Time = 0.00s, Memory = 1.1K)
    Checking Rule AnalyzeABV (Rule 76 of total 187) .... done (Time = 0.00s, Memory = 1.8K)
    Checking Rule veOperatorPreReq (Rule 77 of total 187) .... done (Time = 0.00s, Memory = 0.0K)
    Checking Rule veShiftOperatorPreReq (Rule 78 of total 187) .... done (Time = 0.00s, Memory = 0.0K)
    Checking Rule Av_dcreq01 (Rule 79 of total 187) .... done (Time = 0.00s, Memory = 0.0K)
    Checking Rule Av_dcreq01 (Rule 80 of total 187) .... done (Time = 0.00s, Memory = 0.2K)
    Checking Rule _chk_signed_unsigned_prereq (Rule 81 of total 187) .... done (Time = 0.00s, Memory = 0.0K)
    Checking Rule _width01_prereq (Rule 82 of total 187)##FILEDEBUG[sgOpenFile]: Opening File './spyglass-1/lint/lint_functional_rtl/spyglass_spysch/auto-verify/width01.txt' in "a" mode ...
##FILEDEBUG[sgCloseFile]: File './spyglass-1/lint/lint_functional_rtl/spyglass_spysch/auto-verify/width01.txt' closed.
 .... done (Time = 0.00s, Memory = 0.0K)
    Checking Rule _width02_prereq (Rule 83 of total 187)##FILEDEBUG[sgOpenFile]: Opening File './spyglass-1/lint/lint_functional_rtl/spyglass_spysch/auto-verify/width02.txt' in "a" mode ...
##FILEDEBUG[sgCloseFile]: File './spyglass-1/lint/lint_functional_rtl/spyglass_spysch/auto-verify/width02.txt' closed.
 .... done (Time = 0.00s, Memory = 3.5K)
    Checking Rule _width03_prereq (Rule 84 of total 187)##FILEDEBUG[sgOpenFile]: Opening File './spyglass-1/lint/lint_functional_rtl/spyglass_spysch/auto-verify/width03.txt' in "a" mode ...
##FILEDEBUG[sgCloseFile]: File './spyglass-1/lint/lint_functional_rtl/spyglass_spysch/auto-verify/width03.txt' closed.
 .... done (Time = 0.00s, Memory = 2.9K)
    Checking Rule _width04_prereq (Rule 85 of total 187)##FILEDEBUG[sgOpenFile]: Opening File './spyglass-1/lint/lint_functional_rtl/spyglass_spysch/auto-verify/width04.txt' in "a" mode ...
##FILEDEBUG[sgCloseFile]: File './spyglass-1/lint/lint_functional_rtl/spyglass_spysch/auto-verify/width04.txt' closed.
 .... done (Time = 0.00s, Memory = 12.0K)
    Checking Rule _signunsign01_prereq (Rule 86 of total 187)##FILEDEBUG[sgOpenFile]: Opening File './spyglass-1/lint/lint_functional_rtl/spyglass_spysch/auto-verify/sign05.txt' in "a" mode ...
##FILEDEBUG[sgCloseFile]: File './spyglass-1/lint/lint_functional_rtl/spyglass_spysch/auto-verify/sign05.txt' closed.
 .... done (Time = 0.00s, Memory = 0.0K)
    Checking Rule _width05_prereq (Rule 87 of total 187)##FILEDEBUG[sgOpenFile]: Opening File './spyglass-1/lint/lint_functional_rtl/spyglass_spysch/auto-verify/width05.txt' in "a" mode ...
##FILEDEBUG[sgCloseFile]: File './spyglass-1/lint/lint_functional_rtl/spyglass_spysch/auto-verify/width05.txt' closed.
 .... done (Time = 0.00s, Memory = 0.0K)
    Checking Rule _width_expr02_mismatch_prereq (Rule 88 of total 187)##FILEDEBUG[sgOpenFile]: Opening File './spyglass-1/lint/lint_functional_rtl/spyglass_spysch/auto-verify/width06.txt' in "a" mode ...
##FILEDEBUG[sgCloseFile]: File './spyglass-1/lint/lint_functional_rtl/spyglass_spysch/auto-verify/width06.txt' closed.
 .... done (Time = 0.00s, Memory = -3.8K)
    Checking Rule _width_expr03_mismatch_prereq (Rule 89 of total 187)##FILEDEBUG[sgOpenFile]: Opening File './spyglass-1/lint/lint_functional_rtl/spyglass_spysch/auto-verify/width07.txt' in "a" mode ...
##FILEDEBUG[sgCloseFile]: File './spyglass-1/lint/lint_functional_rtl/spyglass_spysch/auto-verify/width07.txt' closed.
 .... done (Time = 0.00s, Memory = 0.2K)
    Checking Rule _dontcare_mismatch_prereq (Rule 90 of total 187)##FILEDEBUG[sgOpenFile]: Opening File './spyglass-1/lint/lint_functional_rtl/spyglass_spysch/auto-verify/dontcare01.txt' in "a" mode ...
##FILEDEBUG[sgCloseFile]: File './spyglass-1/lint/lint_functional_rtl/spyglass_spysch/auto-verify/dontcare01.txt' closed.
 .... done (Time = 0.00s, Memory = 0.0K)
    Checking Rule _case_default_redundant_prereq (Rule 91 of total 187)##FILEDEBUG[sgOpenFile]: Opening File './spyglass-1/lint/lint_functional_rtl/spyglass_spysch/auto-verify/default01.txt' in "a" mode ...
##FILEDEBUG[sgCloseFile]: File './spyglass-1/lint/lint_functional_rtl/spyglass_spysch/auto-verify/default01.txt' closed.
 .... done (Time = 0.00s, Memory = 2.0K)
    Checking Rule _case_default_missing_prereq (Rule 92 of total 187)##FILEDEBUG[sgOpenFile]: Opening File './spyglass-1/lint/lint_functional_rtl/spyglass_spysch/auto-verify/default02.txt' in "a" mode ...
##FILEDEBUG[sgCloseFile]: File './spyglass-1/lint/lint_functional_rtl/spyglass_spysch/auto-verify/default02.txt' closed.
 .... done (Time = 0.00s, Memory = 1.2K)
    Checking Rule _formallint_preReq (Rule 93 of total 187) .... done (Time = 0.00s, Memory = 8.0K)
    Checking Rule _avAddSynthNet (Rule 94 of total 187) .... done (Time = 0.00s, Memory = 0.0K)
Checking ELABDU Rules for designUnit TX_FSM
    Checking Rule Av_multitop01 (Rule 65 of total 187) .... done (Time = 0.00s, Memory = -0.2K)
    Checking Rule Av_multitop01 (Rule 66 of total 187) .... done (Time = 0.00s, Memory = 0.0K)
    Checking Rule InitState (Rule 67 of total 187) .... done (Time = 0.00s, Memory = 0.0K)
    Checking Rule InitState (Rule 68 of total 187) .... done (Time = 0.00s, Memory = 0.0K)
    Checking Rule Av_fsmreq01 (Rule 69 of total 187) .... done (Time = 0.00s, Memory = 2.7K)
    Checking Rule Av_fsmreq01 (Rule 70 of total 187) .... done (Time = 0.00s, Memory = 0.0K)
    Checking Rule Av_rstreq01 (Rule 71 of total 187) .... done (Time = 0.00s, Memory = 0.0K)
    Checking Rule Av_rstreq01 (Rule 72 of total 187) .... done (Time = 0.00s, Memory = 0.0K)
    Checking Rule Av_casereq01 (Rule 73 of total 187) .... done (Time = 0.00s, Memory = 0.0K)
    Checking Rule Av_deadreq01 (Rule 74 of total 187) .... done (Time = 0.00s, Memory = 0.0K)
    Checking Rule Av_deadreq01 (Rule 75 of total 187) .... done (Time = 0.00s, Memory = 1.1K)
    Checking Rule AnalyzeABV (Rule 76 of total 187) .... done (Time = 0.00s, Memory = 0.0K)
    Checking Rule veOperatorPreReq (Rule 77 of total 187) .... done (Time = 0.00s, Memory = 0.0K)
    Checking Rule veShiftOperatorPreReq (Rule 78 of total 187) .... done (Time = 0.00s, Memory = 1.2K)
    Checking Rule Av_dcreq01 (Rule 79 of total 187) .... done (Time = 0.00s, Memory = 8.0K)
    Checking Rule Av_dcreq01 (Rule 80 of total 187) .... done (Time = 0.00s, Memory = 0.2K)
    Checking Rule _chk_signed_unsigned_prereq (Rule 81 of total 187) .... done (Time = 0.00s, Memory = 0.0K)
    Checking Rule _width01_prereq (Rule 82 of total 187)##FILEDEBUG[sgOpenFile]: Opening File './spyglass-1/lint/lint_functional_rtl/spyglass_spysch/auto-verify/width01.txt' in "a" mode ...
##FILEDEBUG[sgCloseFile]: File './spyglass-1/lint/lint_functional_rtl/spyglass_spysch/auto-verify/width01.txt' closed.
 .... done (Time = 0.00s, Memory = 5.5K)
    Checking Rule _width02_prereq (Rule 83 of total 187)##FILEDEBUG[sgOpenFile]: Opening File './spyglass-1/lint/lint_functional_rtl/spyglass_spysch/auto-verify/width02.txt' in "a" mode ...
##FILEDEBUG[sgCloseFile]: File './spyglass-1/lint/lint_functional_rtl/spyglass_spysch/auto-verify/width02.txt' closed.
 .... done (Time = 0.00s, Memory = -15.3K)
    Checking Rule _width03_prereq (Rule 84 of total 187)##FILEDEBUG[sgOpenFile]: Opening File './spyglass-1/lint/lint_functional_rtl/spyglass_spysch/auto-verify/width03.txt' in "a" mode ...
##FILEDEBUG[sgCloseFile]: File './spyglass-1/lint/lint_functional_rtl/spyglass_spysch/auto-verify/width03.txt' closed.
 .... done (Time = 0.00s, Memory = 11.6K)
    Checking Rule _width04_prereq (Rule 85 of total 187)##FILEDEBUG[sgOpenFile]: Opening File './spyglass-1/lint/lint_functional_rtl/spyglass_spysch/auto-verify/width04.txt' in "a" mode ...
##FILEDEBUG[sgCloseFile]: File './spyglass-1/lint/lint_functional_rtl/spyglass_spysch/auto-verify/width04.txt' closed.
 .... done (Time = 0.00s, Memory = -2.8K)
    Checking Rule _signunsign01_prereq (Rule 86 of total 187)##FILEDEBUG[sgOpenFile]: Opening File './spyglass-1/lint/lint_functional_rtl/spyglass_spysch/auto-verify/sign05.txt' in "a" mode ...
##FILEDEBUG[sgCloseFile]: File './spyglass-1/lint/lint_functional_rtl/spyglass_spysch/auto-verify/sign05.txt' closed.
 .... done (Time = 0.00s, Memory = 0.0K)
    Checking Rule _width05_prereq (Rule 87 of total 187)##FILEDEBUG[sgOpenFile]: Opening File './spyglass-1/lint/lint_functional_rtl/spyglass_spysch/auto-verify/width05.txt' in "a" mode ...
##FILEDEBUG[sgCloseFile]: File './spyglass-1/lint/lint_functional_rtl/spyglass_spysch/auto-verify/width05.txt' closed.
 .... done (Time = 0.00s, Memory = 0.0K)
    Checking Rule _width_expr02_mismatch_prereq (Rule 88 of total 187)##FILEDEBUG[sgOpenFile]: Opening File './spyglass-1/lint/lint_functional_rtl/spyglass_spysch/auto-verify/width06.txt' in "a" mode ...
##FILEDEBUG[sgCloseFile]: File './spyglass-1/lint/lint_functional_rtl/spyglass_spysch/auto-verify/width06.txt' closed.
 .... done (Time = 0.00s, Memory = 0.1K)
    Checking Rule _width_expr03_mismatch_prereq (Rule 89 of total 187)##FILEDEBUG[sgOpenFile]: Opening File './spyglass-1/lint/lint_functional_rtl/spyglass_spysch/auto-verify/width07.txt' in "a" mode ...
##FILEDEBUG[sgCloseFile]: File './spyglass-1/lint/lint_functional_rtl/spyglass_spysch/auto-verify/width07.txt' closed.
 .... done (Time = 0.00s, Memory = 0.0K)
    Checking Rule _dontcare_mismatch_prereq (Rule 90 of total 187)##FILEDEBUG[sgOpenFile]: Opening File './spyglass-1/lint/lint_functional_rtl/spyglass_spysch/auto-verify/dontcare01.txt' in "a" mode ...
##FILEDEBUG[sgCloseFile]: File './spyglass-1/lint/lint_functional_rtl/spyglass_spysch/auto-verify/dontcare01.txt' closed.
 .... done (Time = 0.00s, Memory = 0.0K)
    Checking Rule _case_default_redundant_prereq (Rule 91 of total 187)##FILEDEBUG[sgOpenFile]: Opening File './spyglass-1/lint/lint_functional_rtl/spyglass_spysch/auto-verify/default01.txt' in "a" mode ...
##FILEDEBUG[sgCloseFile]: File './spyglass-1/lint/lint_functional_rtl/spyglass_spysch/auto-verify/default01.txt' closed.
 .... done (Time = 0.00s, Memory = 3.9K)
    Checking Rule _case_default_missing_prereq (Rule 92 of total 187)##FILEDEBUG[sgOpenFile]: Opening File './spyglass-1/lint/lint_functional_rtl/spyglass_spysch/auto-verify/default02.txt' in "a" mode ...
##FILEDEBUG[sgCloseFile]: File './spyglass-1/lint/lint_functional_rtl/spyglass_spysch/auto-verify/default02.txt' closed.
 .... done (Time = 0.00s, Memory = 1.7K)
    Checking Rule _formallint_preReq (Rule 93 of total 187) .... done (Time = 0.00s, Memory = -8.0K)
    Checking Rule _avAddSynthNet (Rule 94 of total 187) .... done (Time = 0.00s, Memory = 0.0K)
Checking ELABDU Rules for designUnit parity
    Checking Rule Av_multitop01 (Rule 65 of total 187) .... done (Time = 0.00s, Memory = -0.2K)
    Checking Rule Av_multitop01 (Rule 66 of total 187) .... done (Time = 0.00s, Memory = 0.0K)
    Checking Rule InitState (Rule 67 of total 187) .... done (Time = 0.00s, Memory = -0.3K)
    Checking Rule InitState (Rule 68 of total 187) .... done (Time = 0.00s, Memory = 0.0K)
    Checking Rule Av_fsmreq01 (Rule 69 of total 187) .... done (Time = 0.00s, Memory = -0.4K)
    Checking Rule Av_fsmreq01 (Rule 70 of total 187) .... done (Time = 0.00s, Memory = 0.0K)
    Checking Rule Av_rstreq01 (Rule 71 of total 187) .... done (Time = 0.00s, Memory = 0.0K)
    Checking Rule Av_rstreq01 (Rule 72 of total 187) .... done (Time = 0.00s, Memory = 0.0K)
    Checking Rule Av_casereq01 (Rule 73 of total 187) .... done (Time = 0.00s, Memory = 0.0K)
    Checking Rule Av_deadreq01 (Rule 74 of total 187) .... done (Time = 0.00s, Memory = 32.0K)
    Checking Rule Av_deadreq01 (Rule 75 of total 187) .... done (Time = 0.00s, Memory = 1.1K)
    Checking Rule AnalyzeABV (Rule 76 of total 187) .... done (Time = 0.00s, Memory = 0.0K)
    Checking Rule veOperatorPreReq (Rule 77 of total 187) .... done (Time = 0.00s, Memory = 0.0K)
    Checking Rule veShiftOperatorPreReq (Rule 78 of total 187) .... done (Time = 0.00s, Memory = 0.0K)
    Checking Rule Av_dcreq01 (Rule 79 of total 187) .... done (Time = 0.00s, Memory = 0.0K)
    Checking Rule Av_dcreq01 (Rule 80 of total 187) .... done (Time = 0.00s, Memory = 0.2K)
    Checking Rule _chk_signed_unsigned_prereq (Rule 81 of total 187) .... done (Time = 0.00s, Memory = 8.2K)
    Checking Rule _width01_prereq (Rule 82 of total 187)##FILEDEBUG[sgOpenFile]: Opening File './spyglass-1/lint/lint_functional_rtl/spyglass_spysch/auto-verify/width01.txt' in "a" mode ...
##FILEDEBUG[sgCloseFile]: File './spyglass-1/lint/lint_functional_rtl/spyglass_spysch/auto-verify/width01.txt' closed.
 .... done (Time = 0.00s, Memory = 0.0K)
    Checking Rule _width02_prereq (Rule 83 of total 187)##FILEDEBUG[sgOpenFile]: Opening File './spyglass-1/lint/lint_functional_rtl/spyglass_spysch/auto-verify/width02.txt' in "a" mode ...
##FILEDEBUG[sgCloseFile]: File './spyglass-1/lint/lint_functional_rtl/spyglass_spysch/auto-verify/width02.txt' closed.
 .... done (Time = 0.00s, Memory = 0.0K)
    Checking Rule _width03_prereq (Rule 84 of total 187)##FILEDEBUG[sgOpenFile]: Opening File './spyglass-1/lint/lint_functional_rtl/spyglass_spysch/auto-verify/width03.txt' in "a" mode ...
##FILEDEBUG[sgCloseFile]: File './spyglass-1/lint/lint_functional_rtl/spyglass_spysch/auto-verify/width03.txt' closed.
 .... done (Time = 0.00s, Memory = 0.0K)
    Checking Rule _width04_prereq (Rule 85 of total 187)##FILEDEBUG[sgOpenFile]: Opening File './spyglass-1/lint/lint_functional_rtl/spyglass_spysch/auto-verify/width04.txt' in "a" mode ...
##FILEDEBUG[sgCloseFile]: File './spyglass-1/lint/lint_functional_rtl/spyglass_spysch/auto-verify/width04.txt' closed.
 .... done (Time = 0.00s, Memory = 3.0K)
    Checking Rule _signunsign01_prereq (Rule 86 of total 187)##FILEDEBUG[sgOpenFile]: Opening File './spyglass-1/lint/lint_functional_rtl/spyglass_spysch/auto-verify/sign05.txt' in "a" mode ...
##FILEDEBUG[sgCloseFile]: File './spyglass-1/lint/lint_functional_rtl/spyglass_spysch/auto-verify/sign05.txt' closed.
 .... done (Time = 0.00s, Memory = -0.2K)
    Checking Rule _width05_prereq (Rule 87 of total 187)##FILEDEBUG[sgOpenFile]: Opening File './spyglass-1/lint/lint_functional_rtl/spyglass_spysch/auto-verify/width05.txt' in "a" mode ...
##FILEDEBUG[sgCloseFile]: File './spyglass-1/lint/lint_functional_rtl/spyglass_spysch/auto-verify/width05.txt' closed.
 .... done (Time = 0.00s, Memory = 0.0K)
    Checking Rule _width_expr02_mismatch_prereq (Rule 88 of total 187)##FILEDEBUG[sgOpenFile]: Opening File './spyglass-1/lint/lint_functional_rtl/spyglass_spysch/auto-verify/width06.txt' in "a" mode ...
##FILEDEBUG[sgCloseFile]: File './spyglass-1/lint/lint_functional_rtl/spyglass_spysch/auto-verify/width06.txt' closed.
 .... done (Time = 0.00s, Memory = 0.0K)
    Checking Rule _width_expr03_mismatch_prereq (Rule 89 of total 187)##FILEDEBUG[sgOpenFile]: Opening File './spyglass-1/lint/lint_functional_rtl/spyglass_spysch/auto-verify/width07.txt' in "a" mode ...
##FILEDEBUG[sgCloseFile]: File './spyglass-1/lint/lint_functional_rtl/spyglass_spysch/auto-verify/width07.txt' closed.
 .... done (Time = 0.00s, Memory = 0.0K)
    Checking Rule _dontcare_mismatch_prereq (Rule 90 of total 187)##FILEDEBUG[sgOpenFile]: Opening File './spyglass-1/lint/lint_functional_rtl/spyglass_spysch/auto-verify/dontcare01.txt' in "a" mode ...
##FILEDEBUG[sgCloseFile]: File './spyglass-1/lint/lint_functional_rtl/spyglass_spysch/auto-verify/dontcare01.txt' closed.
 .... done (Time = 0.00s, Memory = 8.0K)
    Checking Rule _case_default_redundant_prereq (Rule 91 of total 187)##FILEDEBUG[sgOpenFile]: Opening File './spyglass-1/lint/lint_functional_rtl/spyglass_spysch/auto-verify/default01.txt' in "a" mode ...
##FILEDEBUG[sgCloseFile]: File './spyglass-1/lint/lint_functional_rtl/spyglass_spysch/auto-verify/default01.txt' closed.
 .... done (Time = 0.00s, Memory = 0.0K)
    Checking Rule _case_default_missing_prereq (Rule 92 of total 187)##FILEDEBUG[sgOpenFile]: Opening File './spyglass-1/lint/lint_functional_rtl/spyglass_spysch/auto-verify/default02.txt' in "a" mode ...
##FILEDEBUG[sgCloseFile]: File './spyglass-1/lint/lint_functional_rtl/spyglass_spysch/auto-verify/default02.txt' closed.
 .... done (Time = 0.00s, Memory = -8.0K)
    Checking Rule _formallint_preReq (Rule 93 of total 187) .... done (Time = 0.00s, Memory = -32.0K)
    Checking Rule _avAddSynthNet (Rule 94 of total 187) .... done (Time = 0.00s, Memory = -32.0K)
Checking ELABDU Rules for designUnit MUX
    Checking Rule Av_multitop01 (Rule 65 of total 187) .... done (Time = 0.00s, Memory = 0.0K)
    Checking Rule Av_multitop01 (Rule 66 of total 187) .... done (Time = 0.00s, Memory = 0.0K)
    Checking Rule InitState (Rule 67 of total 187) .... done (Time = 0.00s, Memory = 1.2K)
    Checking Rule InitState (Rule 68 of total 187) .... done (Time = 0.00s, Memory = 0.0K)
    Checking Rule Av_fsmreq01 (Rule 69 of total 187) .... done (Time = 0.00s, Memory = 0.0K)
    Checking Rule Av_fsmreq01 (Rule 70 of total 187) .... done (Time = 0.00s, Memory = 0.0K)
    Checking Rule Av_rstreq01 (Rule 71 of total 187) .... done (Time = 0.00s, Memory = 0.0K)
    Checking Rule Av_rstreq01 (Rule 72 of total 187) .... done (Time = 0.00s, Memory = 0.0K)
    Checking Rule Av_casereq01 (Rule 73 of total 187) .... done (Time = 0.00s, Memory = 0.0K)
    Checking Rule Av_deadreq01 (Rule 74 of total 187) .... done (Time = 0.00s, Memory = 0.0K)
    Checking Rule Av_deadreq01 (Rule 75 of total 187) .... done (Time = 0.00s, Memory = 1.1K)
    Checking Rule AnalyzeABV (Rule 76 of total 187) .... done (Time = 0.00s, Memory = 0.0K)
    Checking Rule veOperatorPreReq (Rule 77 of total 187) .... done (Time = 0.00s, Memory = -1.0K)
    Checking Rule veShiftOperatorPreReq (Rule 78 of total 187) .... done (Time = 0.00s, Memory = -2.3K)
    Checking Rule Av_dcreq01 (Rule 79 of total 187) .... done (Time = 0.00s, Memory = -8.0K)
    Checking Rule Av_dcreq01 (Rule 80 of total 187) .... done (Time = 0.00s, Memory = 0.2K)
    Checking Rule _chk_signed_unsigned_prereq (Rule 81 of total 187) .... done (Time = 0.00s, Memory = 0.0K)
    Checking Rule _width01_prereq (Rule 82 of total 187)##FILEDEBUG[sgOpenFile]: Opening File './spyglass-1/lint/lint_functional_rtl/spyglass_spysch/auto-verify/width01.txt' in "a" mode ...
##FILEDEBUG[sgCloseFile]: File './spyglass-1/lint/lint_functional_rtl/spyglass_spysch/auto-verify/width01.txt' closed.
 .... done (Time = 0.00s, Memory = 29.2K)
    Checking Rule _width02_prereq (Rule 83 of total 187)##FILEDEBUG[sgOpenFile]: Opening File './spyglass-1/lint/lint_functional_rtl/spyglass_spysch/auto-verify/width02.txt' in "a" mode ...
##FILEDEBUG[sgCloseFile]: File './spyglass-1/lint/lint_functional_rtl/spyglass_spysch/auto-verify/width02.txt' closed.
 .... done (Time = 0.00s, Memory = -129.5K)
    Checking Rule _width03_prereq (Rule 84 of total 187)##FILEDEBUG[sgOpenFile]: Opening File './spyglass-1/lint/lint_functional_rtl/spyglass_spysch/auto-verify/width03.txt' in "a" mode ...
##FILEDEBUG[sgCloseFile]: File './spyglass-1/lint/lint_functional_rtl/spyglass_spysch/auto-verify/width03.txt' closed.
 .... done (Time = 0.01s, Memory = 0.2K)
    Checking Rule _width04_prereq (Rule 85 of total 187)##FILEDEBUG[sgOpenFile]: Opening File './spyglass-1/lint/lint_functional_rtl/spyglass_spysch/auto-verify/width04.txt' in "a" mode ...
##FILEDEBUG[sgCloseFile]: File './spyglass-1/lint/lint_functional_rtl/spyglass_spysch/auto-verify/width04.txt' closed.
 .... done (Time = 0.00s, Memory = 0.5K)
    Checking Rule _signunsign01_prereq (Rule 86 of total 187)##FILEDEBUG[sgOpenFile]: Opening File './spyglass-1/lint/lint_functional_rtl/spyglass_spysch/auto-verify/sign05.txt' in "a" mode ...
##FILEDEBUG[sgCloseFile]: File './spyglass-1/lint/lint_functional_rtl/spyglass_spysch/auto-verify/sign05.txt' closed.
 .... done (Time = 0.00s, Memory = 0.0K)
    Checking Rule _width05_prereq (Rule 87 of total 187)##FILEDEBUG[sgOpenFile]: Opening File './spyglass-1/lint/lint_functional_rtl/spyglass_spysch/auto-verify/width05.txt' in "a" mode ...
##FILEDEBUG[sgCloseFile]: File './spyglass-1/lint/lint_functional_rtl/spyglass_spysch/auto-verify/width05.txt' closed.
 .... done (Time = 0.00s, Memory = 0.0K)
    Checking Rule _width_expr02_mismatch_prereq (Rule 88 of total 187)##FILEDEBUG[sgOpenFile]: Opening File './spyglass-1/lint/lint_functional_rtl/spyglass_spysch/auto-verify/width06.txt' in "a" mode ...
##FILEDEBUG[sgCloseFile]: File './spyglass-1/lint/lint_functional_rtl/spyglass_spysch/auto-verify/width06.txt' closed.
 .... done (Time = 0.00s, Memory = 0.0K)
    Checking Rule _width_expr03_mismatch_prereq (Rule 89 of total 187)##FILEDEBUG[sgOpenFile]: Opening File './spyglass-1/lint/lint_functional_rtl/spyglass_spysch/auto-verify/width07.txt' in "a" mode ...
##FILEDEBUG[sgCloseFile]: File './spyglass-1/lint/lint_functional_rtl/spyglass_spysch/auto-verify/width07.txt' closed.
 .... done (Time = 0.00s, Memory = 0.0K)
    Checking Rule _dontcare_mismatch_prereq (Rule 90 of total 187)##FILEDEBUG[sgOpenFile]: Opening File './spyglass-1/lint/lint_functional_rtl/spyglass_spysch/auto-verify/dontcare01.txt' in "a" mode ...
##FILEDEBUG[sgCloseFile]: File './spyglass-1/lint/lint_functional_rtl/spyglass_spysch/auto-verify/dontcare01.txt' closed.
 .... done (Time = 0.00s, Memory = 0.0K)
    Checking Rule _case_default_redundant_prereq (Rule 91 of total 187)##FILEDEBUG[sgOpenFile]: Opening File './spyglass-1/lint/lint_functional_rtl/spyglass_spysch/auto-verify/default01.txt' in "a" mode ...
##FILEDEBUG[sgCloseFile]: File './spyglass-1/lint/lint_functional_rtl/spyglass_spysch/auto-verify/default01.txt' closed.
 .... done (Time = 0.00s, Memory = 0.0K)
    Checking Rule _case_default_missing_prereq (Rule 92 of total 187)##FILEDEBUG[sgOpenFile]: Opening File './spyglass-1/lint/lint_functional_rtl/spyglass_spysch/auto-verify/default02.txt' in "a" mode ...
##FILEDEBUG[sgCloseFile]: File './spyglass-1/lint/lint_functional_rtl/spyglass_spysch/auto-verify/default02.txt' closed.
 .... done (Time = 0.00s, Memory = 3.9K)
    Checking Rule _formallint_preReq (Rule 93 of total 187) .... done (Time = 0.00s, Memory = 0.0K)
    Checking Rule _avAddSynthNet (Rule 94 of total 187) .... done (Time = 0.00s, Memory = 11.0K)
Checking ELABDU Rules for designUnit RX_TOP
    Checking Rule Av_multitop01 (Rule 65 of total 187) .... done (Time = 0.00s, Memory = 24.0K)
    Checking Rule Av_multitop01 (Rule 66 of total 187) .... done (Time = 0.00s, Memory = 0.0K)
    Checking Rule InitState (Rule 67 of total 187) .... done (Time = 0.00s, Memory = 0.8K)
    Checking Rule InitState (Rule 68 of total 187) .... done (Time = 0.00s, Memory = 0.0K)
    Checking Rule Av_fsmreq01 (Rule 69 of total 187) .... done (Time = 0.00s, Memory = -28.6K)
    Checking Rule Av_fsmreq01 (Rule 70 of total 187) .... done (Time = 0.00s, Memory = 0.0K)
    Checking Rule Av_rstreq01 (Rule 71 of total 187) .... done (Time = 0.00s, Memory = -32.0K)
    Checking Rule Av_rstreq01 (Rule 72 of total 187) .... done (Time = 0.00s, Memory = 0.0K)
    Checking Rule Av_casereq01 (Rule 73 of total 187) .... done (Time = 0.00s, Memory = 0.0K)
    Checking Rule Av_deadreq01 (Rule 74 of total 187) .... done (Time = 0.00s, Memory = 32.0K)
    Checking Rule Av_deadreq01 (Rule 75 of total 187) .... done (Time = 0.00s, Memory = 1.1K)
    Checking Rule AnalyzeABV (Rule 76 of total 187) .... done (Time = 0.00s, Memory = 0.0K)
    Checking Rule veOperatorPreReq (Rule 77 of total 187) .... done (Time = 0.00s, Memory = -18.3K)
    Checking Rule veShiftOperatorPreReq (Rule 78 of total 187) .... done (Time = 0.00s, Memory = 0.0K)
    Checking Rule Av_dcreq01 (Rule 79 of total 187) .... done (Time = 0.00s, Memory = 0.0K)
    Checking Rule Av_dcreq01 (Rule 80 of total 187) .... done (Time = 0.00s, Memory = 0.2K)
    Checking Rule _chk_signed_unsigned_prereq (Rule 81 of total 187) .... done (Time = 0.00s, Memory = 0.0K)
    Checking Rule _width01_prereq (Rule 82 of total 187)##FILEDEBUG[sgOpenFile]: Opening File './spyglass-1/lint/lint_functional_rtl/spyglass_spysch/auto-verify/width01.txt' in "a" mode ...
##FILEDEBUG[sgCloseFile]: File './spyglass-1/lint/lint_functional_rtl/spyglass_spysch/auto-verify/width01.txt' closed.
 .... done (Time = 0.00s, Memory = 0.0K)
    Checking Rule _width02_prereq (Rule 83 of total 187)##FILEDEBUG[sgOpenFile]: Opening File './spyglass-1/lint/lint_functional_rtl/spyglass_spysch/auto-verify/width02.txt' in "a" mode ...
##FILEDEBUG[sgCloseFile]: File './spyglass-1/lint/lint_functional_rtl/spyglass_spysch/auto-verify/width02.txt' closed.
 .... done (Time = 0.00s, Memory = 0.0K)
    Checking Rule _width03_prereq (Rule 84 of total 187)##FILEDEBUG[sgOpenFile]: Opening File './spyglass-1/lint/lint_functional_rtl/spyglass_spysch/auto-verify/width03.txt' in "a" mode ...
##FILEDEBUG[sgCloseFile]: File './spyglass-1/lint/lint_functional_rtl/spyglass_spysch/auto-verify/width03.txt' closed.
 .... done (Time = 0.00s, Memory = 0.7K)
    Checking Rule _width04_prereq (Rule 85 of total 187)##FILEDEBUG[sgOpenFile]: Opening File './spyglass-1/lint/lint_functional_rtl/spyglass_spysch/auto-verify/width04.txt' in "a" mode ...
##FILEDEBUG[sgCloseFile]: File './spyglass-1/lint/lint_functional_rtl/spyglass_spysch/auto-verify/width04.txt' closed.
 .... done (Time = 0.00s, Memory = 2.8K)
    Checking Rule _signunsign01_prereq (Rule 86 of total 187)##FILEDEBUG[sgOpenFile]: Opening File './spyglass-1/lint/lint_functional_rtl/spyglass_spysch/auto-verify/sign05.txt' in "a" mode ...
##FILEDEBUG[sgCloseFile]: File './spyglass-1/lint/lint_functional_rtl/spyglass_spysch/auto-verify/sign05.txt' closed.
 .... done (Time = 0.00s, Memory = 0.0K)
    Checking Rule _width05_prereq (Rule 87 of total 187)##FILEDEBUG[sgOpenFile]: Opening File './spyglass-1/lint/lint_functional_rtl/spyglass_spysch/auto-verify/width05.txt' in "a" mode ...
##FILEDEBUG[sgCloseFile]: File './spyglass-1/lint/lint_functional_rtl/spyglass_spysch/auto-verify/width05.txt' closed.
 .... done (Time = 0.00s, Memory = 0.0K)
    Checking Rule _width_expr02_mismatch_prereq (Rule 88 of total 187)##FILEDEBUG[sgOpenFile]: Opening File './spyglass-1/lint/lint_functional_rtl/spyglass_spysch/auto-verify/width06.txt' in "a" mode ...
##FILEDEBUG[sgCloseFile]: File './spyglass-1/lint/lint_functional_rtl/spyglass_spysch/auto-verify/width06.txt' closed.
 .... done (Time = 0.00s, Memory = 0.0K)
    Checking Rule _width_expr03_mismatch_prereq (Rule 89 of total 187)##FILEDEBUG[sgOpenFile]: Opening File './spyglass-1/lint/lint_functional_rtl/spyglass_spysch/auto-verify/width07.txt' in "a" mode ...
##FILEDEBUG[sgCloseFile]: File './spyglass-1/lint/lint_functional_rtl/spyglass_spysch/auto-verify/width07.txt' closed.
 .... done (Time = 0.00s, Memory = 0.0K)
    Checking Rule _dontcare_mismatch_prereq (Rule 90 of total 187)##FILEDEBUG[sgOpenFile]: Opening File './spyglass-1/lint/lint_functional_rtl/spyglass_spysch/auto-verify/dontcare01.txt' in "a" mode ...
##FILEDEBUG[sgCloseFile]: File './spyglass-1/lint/lint_functional_rtl/spyglass_spysch/auto-verify/dontcare01.txt' closed.
 .... done (Time = 0.00s, Memory = 0.0K)
    Checking Rule _case_default_redundant_prereq (Rule 91 of total 187)##FILEDEBUG[sgOpenFile]: Opening File './spyglass-1/lint/lint_functional_rtl/spyglass_spysch/auto-verify/default01.txt' in "a" mode ...
##FILEDEBUG[sgCloseFile]: File './spyglass-1/lint/lint_functional_rtl/spyglass_spysch/auto-verify/default01.txt' closed.
 .... done (Time = 0.00s, Memory = 0.0K)
    Checking Rule _case_default_missing_prereq (Rule 92 of total 187)##FILEDEBUG[sgOpenFile]: Opening File './spyglass-1/lint/lint_functional_rtl/spyglass_spysch/auto-verify/default02.txt' in "a" mode ...
##FILEDEBUG[sgCloseFile]: File './spyglass-1/lint/lint_functional_rtl/spyglass_spysch/auto-verify/default02.txt' closed.
 .... done (Time = 0.00s, Memory = 0.0K)
    Checking Rule _formallint_preReq (Rule 93 of total 187) .... done (Time = 0.00s, Memory = 0.0K)
    Checking Rule _avAddSynthNet (Rule 94 of total 187) .... done (Time = 0.00s, Memory = 0.0K)
Checking ELABDU Rules for designUnit RX_FSM
    Checking Rule Av_multitop01 (Rule 65 of total 187) .... done (Time = 0.00s, Memory = 0.0K)
    Checking Rule Av_multitop01 (Rule 66 of total 187) .... done (Time = 0.00s, Memory = 0.0K)
    Checking Rule InitState (Rule 67 of total 187) .... done (Time = 0.00s, Memory = 0.0K)
    Checking Rule InitState (Rule 68 of total 187) .... done (Time = 0.00s, Memory = 0.0K)
    Checking Rule Av_fsmreq01 (Rule 69 of total 187) .... done (Time = 0.00s, Memory = -38.3K)
    Checking Rule Av_fsmreq01 (Rule 70 of total 187) .... done (Time = 0.00s, Memory = 0.0K)
    Checking Rule Av_rstreq01 (Rule 71 of total 187) .... done (Time = 0.00s, Memory = -8.7K)
    Checking Rule Av_rstreq01 (Rule 72 of total 187) .... done (Time = 0.00s, Memory = 0.0K)
    Checking Rule Av_casereq01 (Rule 73 of total 187) .... done (Time = 0.00s, Memory = 0.0K)
    Checking Rule Av_deadreq01 (Rule 74 of total 187) .... done (Time = 0.00s, Memory = 0.0K)
    Checking Rule Av_deadreq01 (Rule 75 of total 187) .... done (Time = 0.00s, Memory = 1.1K)
    Checking Rule AnalyzeABV (Rule 76 of total 187) .... done (Time = 0.00s, Memory = 3.8K)
    Checking Rule veOperatorPreReq (Rule 77 of total 187) .... done (Time = 0.00s, Memory = -1.4K)
    Checking Rule veShiftOperatorPreReq (Rule 78 of total 187) .... done (Time = 0.00s, Memory = 0.0K)
    Checking Rule Av_dcreq01 (Rule 79 of total 187) .... done (Time = 0.00s, Memory = 0.0K)
    Checking Rule Av_dcreq01 (Rule 80 of total 187) .... done (Time = 0.00s, Memory = 0.2K)
    Checking Rule _chk_signed_unsigned_prereq (Rule 81 of total 187) .... done (Time = 0.00s, Memory = 0.0K)
    Checking Rule _width01_prereq (Rule 82 of total 187)##FILEDEBUG[sgOpenFile]: Opening File './spyglass-1/lint/lint_functional_rtl/spyglass_spysch/auto-verify/width01.txt' in "a" mode ...
##FILEDEBUG[sgCloseFile]: File './spyglass-1/lint/lint_functional_rtl/spyglass_spysch/auto-verify/width01.txt' closed.
 .... done (Time = 0.00s, Memory = -3.0K)
    Checking Rule _width02_prereq (Rule 83 of total 187)##FILEDEBUG[sgOpenFile]: Opening File './spyglass-1/lint/lint_functional_rtl/spyglass_spysch/auto-verify/width02.txt' in "a" mode ...
##FILEDEBUG[sgCloseFile]: File './spyglass-1/lint/lint_functional_rtl/spyglass_spysch/auto-verify/width02.txt' closed.
 .... done (Time = 0.00s, Memory = 40.5K)
    Checking Rule _width03_prereq (Rule 84 of total 187)##FILEDEBUG[sgOpenFile]: Opening File './spyglass-1/lint/lint_functional_rtl/spyglass_spysch/auto-verify/width03.txt' in "a" mode ...
##FILEDEBUG[sgCloseFile]: File './spyglass-1/lint/lint_functional_rtl/spyglass_spysch/auto-verify/width03.txt' closed.
 .... done (Time = 0.00s, Memory = -4.0K)
    Checking Rule _width04_prereq (Rule 85 of total 187)##FILEDEBUG[sgOpenFile]: Opening File './spyglass-1/lint/lint_functional_rtl/spyglass_spysch/auto-verify/width04.txt' in "a" mode ...
##FILEDEBUG[sgCloseFile]: File './spyglass-1/lint/lint_functional_rtl/spyglass_spysch/auto-verify/width04.txt' closed.
 .... done (Time = 0.00s, Memory = 2.5K)
    Checking Rule _signunsign01_prereq (Rule 86 of total 187)##FILEDEBUG[sgOpenFile]: Opening File './spyglass-1/lint/lint_functional_rtl/spyglass_spysch/auto-verify/sign05.txt' in "a" mode ...
##FILEDEBUG[sgCloseFile]: File './spyglass-1/lint/lint_functional_rtl/spyglass_spysch/auto-verify/sign05.txt' closed.
 .... done (Time = 0.00s, Memory = 0.0K)
    Checking Rule _width05_prereq (Rule 87 of total 187)##FILEDEBUG[sgOpenFile]: Opening File './spyglass-1/lint/lint_functional_rtl/spyglass_spysch/auto-verify/width05.txt' in "a" mode ...
##FILEDEBUG[sgCloseFile]: File './spyglass-1/lint/lint_functional_rtl/spyglass_spysch/auto-verify/width05.txt' closed.
 .... done (Time = 0.00s, Memory = 3.8K)
    Checking Rule _width_expr02_mismatch_prereq (Rule 88 of total 187)##FILEDEBUG[sgOpenFile]: Opening File './spyglass-1/lint/lint_functional_rtl/spyglass_spysch/auto-verify/width06.txt' in "a" mode ...
##FILEDEBUG[sgCloseFile]: File './spyglass-1/lint/lint_functional_rtl/spyglass_spysch/auto-verify/width06.txt' closed.
 .... done (Time = 0.00s, Memory = 0.1K)
    Checking Rule _width_expr03_mismatch_prereq (Rule 89 of total 187)##FILEDEBUG[sgOpenFile]: Opening File './spyglass-1/lint/lint_functional_rtl/spyglass_spysch/auto-verify/width07.txt' in "a" mode ...
##FILEDEBUG[sgCloseFile]: File './spyglass-1/lint/lint_functional_rtl/spyglass_spysch/auto-verify/width07.txt' closed.
 .... done (Time = 0.00s, Memory = 0.0K)
    Checking Rule _dontcare_mismatch_prereq (Rule 90 of total 187)##FILEDEBUG[sgOpenFile]: Opening File './spyglass-1/lint/lint_functional_rtl/spyglass_spysch/auto-verify/dontcare01.txt' in "a" mode ...
##FILEDEBUG[sgCloseFile]: File './spyglass-1/lint/lint_functional_rtl/spyglass_spysch/auto-verify/dontcare01.txt' closed.
 .... done (Time = 0.00s, Memory = 3.9K)
    Checking Rule _case_default_redundant_prereq (Rule 91 of total 187)##FILEDEBUG[sgOpenFile]: Opening File './spyglass-1/lint/lint_functional_rtl/spyglass_spysch/auto-verify/default01.txt' in "a" mode ...
##FILEDEBUG[sgCloseFile]: File './spyglass-1/lint/lint_functional_rtl/spyglass_spysch/auto-verify/default01.txt' closed.
 .... done (Time = 0.00s, Memory = 3.9K)
    Checking Rule _case_default_missing_prereq (Rule 92 of total 187)##FILEDEBUG[sgOpenFile]: Opening File './spyglass-1/lint/lint_functional_rtl/spyglass_spysch/auto-verify/default02.txt' in "a" mode ...
##FILEDEBUG[sgCloseFile]: File './spyglass-1/lint/lint_functional_rtl/spyglass_spysch/auto-verify/default02.txt' closed.
 .... done (Time = 0.00s, Memory = 20.0K)
    Checking Rule _formallint_preReq (Rule 93 of total 187) .... done (Time = 0.00s, Memory = -26.5K)
    Checking Rule _avAddSynthNet (Rule 94 of total 187) .... done (Time = 0.00s, Memory = 13.8K)
Checking ELABDU Rules for designUnit stp_chk
    Checking Rule Av_multitop01 (Rule 65 of total 187) .... done (Time = 0.00s, Memory = 0.0K)
    Checking Rule Av_multitop01 (Rule 66 of total 187) .... done (Time = 0.00s, Memory = 0.0K)
    Checking Rule InitState (Rule 67 of total 187) .... done (Time = 0.00s, Memory = 0.0K)
    Checking Rule InitState (Rule 68 of total 187) .... done (Time = 0.00s, Memory = 0.0K)
    Checking Rule Av_fsmreq01 (Rule 69 of total 187) .... done (Time = 0.00s, Memory = 0.0K)
    Checking Rule Av_fsmreq01 (Rule 70 of total 187) .... done (Time = 0.00s, Memory = 0.0K)
    Checking Rule Av_rstreq01 (Rule 71 of total 187) .... done (Time = 0.00s, Memory = 0.0K)
    Checking Rule Av_rstreq01 (Rule 72 of total 187) .... done (Time = 0.00s, Memory = 0.0K)
    Checking Rule Av_casereq01 (Rule 73 of total 187) .... done (Time = 0.00s, Memory = 4.4K)
    Checking Rule Av_deadreq01 (Rule 74 of total 187) .... done (Time = 0.00s, Memory = 0.0K)
    Checking Rule Av_deadreq01 (Rule 75 of total 187) .... done (Time = 0.00s, Memory = 1.1K)
    Checking Rule AnalyzeABV (Rule 76 of total 187) .... done (Time = 0.00s, Memory = 0.0K)
    Checking Rule veOperatorPreReq (Rule 77 of total 187) .... done (Time = 0.00s, Memory = 0.0K)
    Checking Rule veShiftOperatorPreReq (Rule 78 of total 187) .... done (Time = 0.00s, Memory = 0.0K)
    Checking Rule Av_dcreq01 (Rule 79 of total 187) .... done (Time = 0.00s, Memory = 0.0K)
    Checking Rule Av_dcreq01 (Rule 80 of total 187) .... done (Time = 0.00s, Memory = 0.2K)
    Checking Rule _chk_signed_unsigned_prereq (Rule 81 of total 187) .... done (Time = 0.00s, Memory = 0.0K)
    Checking Rule _width01_prereq (Rule 82 of total 187)##FILEDEBUG[sgOpenFile]: Opening File './spyglass-1/lint/lint_functional_rtl/spyglass_spysch/auto-verify/width01.txt' in "a" mode ...
##FILEDEBUG[sgCloseFile]: File './spyglass-1/lint/lint_functional_rtl/spyglass_spysch/auto-verify/width01.txt' closed.
 .... done (Time = 0.00s, Memory = -0.8K)
    Checking Rule _width02_prereq (Rule 83 of total 187)##FILEDEBUG[sgOpenFile]: Opening File './spyglass-1/lint/lint_functional_rtl/spyglass_spysch/auto-verify/width02.txt' in "a" mode ...
##FILEDEBUG[sgCloseFile]: File './spyglass-1/lint/lint_functional_rtl/spyglass_spysch/auto-verify/width02.txt' closed.
 .... done (Time = 0.00s, Memory = 0.0K)
    Checking Rule _width03_prereq (Rule 84 of total 187)##FILEDEBUG[sgOpenFile]: Opening File './spyglass-1/lint/lint_functional_rtl/spyglass_spysch/auto-verify/width03.txt' in "a" mode ...
##FILEDEBUG[sgCloseFile]: File './spyglass-1/lint/lint_functional_rtl/spyglass_spysch/auto-verify/width03.txt' closed.
 .... done (Time = 0.00s, Memory = 0.0K)
    Checking Rule _width04_prereq (Rule 85 of total 187)##FILEDEBUG[sgOpenFile]: Opening File './spyglass-1/lint/lint_functional_rtl/spyglass_spysch/auto-verify/width04.txt' in "a" mode ...
##FILEDEBUG[sgCloseFile]: File './spyglass-1/lint/lint_functional_rtl/spyglass_spysch/auto-verify/width04.txt' closed.
 .... done (Time = 0.00s, Memory = 0.0K)
    Checking Rule _signunsign01_prereq (Rule 86 of total 187)##FILEDEBUG[sgOpenFile]: Opening File './spyglass-1/lint/lint_functional_rtl/spyglass_spysch/auto-verify/sign05.txt' in "a" mode ...
##FILEDEBUG[sgCloseFile]: File './spyglass-1/lint/lint_functional_rtl/spyglass_spysch/auto-verify/sign05.txt' closed.
 .... done (Time = 0.00s, Memory = 0.0K)
    Checking Rule _width05_prereq (Rule 87 of total 187)##FILEDEBUG[sgOpenFile]: Opening File './spyglass-1/lint/lint_functional_rtl/spyglass_spysch/auto-verify/width05.txt' in "a" mode ...
##FILEDEBUG[sgCloseFile]: File './spyglass-1/lint/lint_functional_rtl/spyglass_spysch/auto-verify/width05.txt' closed.
 .... done (Time = 0.00s, Memory = 0.0K)
    Checking Rule _width_expr02_mismatch_prereq (Rule 88 of total 187)##FILEDEBUG[sgOpenFile]: Opening File './spyglass-1/lint/lint_functional_rtl/spyglass_spysch/auto-verify/width06.txt' in "a" mode ...
##FILEDEBUG[sgCloseFile]: File './spyglass-1/lint/lint_functional_rtl/spyglass_spysch/auto-verify/width06.txt' closed.
 .... done (Time = 0.00s, Memory = 0.0K)
    Checking Rule _width_expr03_mismatch_prereq (Rule 89 of total 187)##FILEDEBUG[sgOpenFile]: Opening File './spyglass-1/lint/lint_functional_rtl/spyglass_spysch/auto-verify/width07.txt' in "a" mode ...
##FILEDEBUG[sgCloseFile]: File './spyglass-1/lint/lint_functional_rtl/spyglass_spysch/auto-verify/width07.txt' closed.
 .... done (Time = 0.00s, Memory = 8.0K)
    Checking Rule _dontcare_mismatch_prereq (Rule 90 of total 187)##FILEDEBUG[sgOpenFile]: Opening File './spyglass-1/lint/lint_functional_rtl/spyglass_spysch/auto-verify/dontcare01.txt' in "a" mode ...
##FILEDEBUG[sgCloseFile]: File './spyglass-1/lint/lint_functional_rtl/spyglass_spysch/auto-verify/dontcare01.txt' closed.
 .... done (Time = 0.00s, Memory = 0.0K)
    Checking Rule _case_default_redundant_prereq (Rule 91 of total 187)##FILEDEBUG[sgOpenFile]: Opening File './spyglass-1/lint/lint_functional_rtl/spyglass_spysch/auto-verify/default01.txt' in "a" mode ...
##FILEDEBUG[sgCloseFile]: File './spyglass-1/lint/lint_functional_rtl/spyglass_spysch/auto-verify/default01.txt' closed.
 .... done (Time = 0.00s, Memory = 0.0K)
    Checking Rule _case_default_missing_prereq (Rule 92 of total 187)##FILEDEBUG[sgOpenFile]: Opening File './spyglass-1/lint/lint_functional_rtl/spyglass_spysch/auto-verify/default02.txt' in "a" mode ...
##FILEDEBUG[sgCloseFile]: File './spyglass-1/lint/lint_functional_rtl/spyglass_spysch/auto-verify/default02.txt' closed.
 .... done (Time = 0.00s, Memory = 0.0K)
    Checking Rule _formallint_preReq (Rule 93 of total 187) .... done (Time = 0.00s, Memory = 0.0K)
    Checking Rule _avAddSynthNet (Rule 94 of total 187) .... done (Time = 0.00s, Memory = 0.0K)
Checking ELABDU Rules for designUnit Strt_chk
    Checking Rule Av_multitop01 (Rule 65 of total 187) .... done (Time = 0.00s, Memory = 0.0K)
    Checking Rule Av_multitop01 (Rule 66 of total 187) .... done (Time = 0.00s, Memory = 0.0K)
    Checking Rule InitState (Rule 67 of total 187) .... done (Time = 0.00s, Memory = -5.0K)
    Checking Rule InitState (Rule 68 of total 187) .... done (Time = 0.00s, Memory = 0.0K)
    Checking Rule Av_fsmreq01 (Rule 69 of total 187) .... done (Time = 0.00s, Memory = 0.0K)
    Checking Rule Av_fsmreq01 (Rule 70 of total 187) .... done (Time = 0.00s, Memory = 0.0K)
    Checking Rule Av_rstreq01 (Rule 71 of total 187) .... done (Time = 0.00s, Memory = 0.0K)
    Checking Rule Av_rstreq01 (Rule 72 of total 187) .... done (Time = 0.00s, Memory = 0.0K)
    Checking Rule Av_casereq01 (Rule 73 of total 187) .... done (Time = 0.00s, Memory = 4.0K)
    Checking Rule Av_deadreq01 (Rule 74 of total 187) .... done (Time = 0.00s, Memory = -8.0K)
    Checking Rule Av_deadreq01 (Rule 75 of total 187) .... done (Time = 0.00s, Memory = 1.1K)
    Checking Rule AnalyzeABV (Rule 76 of total 187) .... done (Time = 0.00s, Memory = 8.8K)
    Checking Rule veOperatorPreReq (Rule 77 of total 187) .... done (Time = 0.00s, Memory = 0.0K)
    Checking Rule veShiftOperatorPreReq (Rule 78 of total 187) .... done (Time = 0.00s, Memory = 0.0K)
    Checking Rule Av_dcreq01 (Rule 79 of total 187) .... done (Time = 0.00s, Memory = -32.0K)
    Checking Rule Av_dcreq01 (Rule 80 of total 187) .... done (Time = 0.00s, Memory = 0.2K)
    Checking Rule _chk_signed_unsigned_prereq (Rule 81 of total 187) .... done (Time = 0.00s, Memory = 0.0K)
    Checking Rule _width01_prereq (Rule 82 of total 187)##FILEDEBUG[sgOpenFile]: Opening File './spyglass-1/lint/lint_functional_rtl/spyglass_spysch/auto-verify/width01.txt' in "a" mode ...
##FILEDEBUG[sgCloseFile]: File './spyglass-1/lint/lint_functional_rtl/spyglass_spysch/auto-verify/width01.txt' closed.
 .... done (Time = 0.00s, Memory = 0.4K)
    Checking Rule _width02_prereq (Rule 83 of total 187)##FILEDEBUG[sgOpenFile]: Opening File './spyglass-1/lint/lint_functional_rtl/spyglass_spysch/auto-verify/width02.txt' in "a" mode ...
##FILEDEBUG[sgCloseFile]: File './spyglass-1/lint/lint_functional_rtl/spyglass_spysch/auto-verify/width02.txt' closed.
 .... done (Time = 0.00s, Memory = 5.8K)
    Checking Rule _width03_prereq (Rule 84 of total 187)##FILEDEBUG[sgOpenFile]: Opening File './spyglass-1/lint/lint_functional_rtl/spyglass_spysch/auto-verify/width03.txt' in "a" mode ...
##FILEDEBUG[sgCloseFile]: File './spyglass-1/lint/lint_functional_rtl/spyglass_spysch/auto-verify/width03.txt' closed.
 .... done (Time = 0.00s, Memory = 0.0K)
    Checking Rule _width04_prereq (Rule 85 of total 187)##FILEDEBUG[sgOpenFile]: Opening File './spyglass-1/lint/lint_functional_rtl/spyglass_spysch/auto-verify/width04.txt' in "a" mode ...
##FILEDEBUG[sgCloseFile]: File './spyglass-1/lint/lint_functional_rtl/spyglass_spysch/auto-verify/width04.txt' closed.
 .... done (Time = 0.00s, Memory = 0.0K)
    Checking Rule _signunsign01_prereq (Rule 86 of total 187)##FILEDEBUG[sgOpenFile]: Opening File './spyglass-1/lint/lint_functional_rtl/spyglass_spysch/auto-verify/sign05.txt' in "a" mode ...
##FILEDEBUG[sgCloseFile]: File './spyglass-1/lint/lint_functional_rtl/spyglass_spysch/auto-verify/sign05.txt' closed.
 .... done (Time = 0.00s, Memory = 0.0K)
    Checking Rule _width05_prereq (Rule 87 of total 187)##FILEDEBUG[sgOpenFile]: Opening File './spyglass-1/lint/lint_functional_rtl/spyglass_spysch/auto-verify/width05.txt' in "a" mode ...
##FILEDEBUG[sgCloseFile]: File './spyglass-1/lint/lint_functional_rtl/spyglass_spysch/auto-verify/width05.txt' closed.
 .... done (Time = 0.00s, Memory = 0.0K)
    Checking Rule _width_expr02_mismatch_prereq (Rule 88 of total 187)##FILEDEBUG[sgOpenFile]: Opening File './spyglass-1/lint/lint_functional_rtl/spyglass_spysch/auto-verify/width06.txt' in "a" mode ...
##FILEDEBUG[sgCloseFile]: File './spyglass-1/lint/lint_functional_rtl/spyglass_spysch/auto-verify/width06.txt' closed.
 .... done (Time = 0.00s, Memory = 0.0K)
    Checking Rule _width_expr03_mismatch_prereq (Rule 89 of total 187)##FILEDEBUG[sgOpenFile]: Opening File './spyglass-1/lint/lint_functional_rtl/spyglass_spysch/auto-verify/width07.txt' in "a" mode ...
##FILEDEBUG[sgCloseFile]: File './spyglass-1/lint/lint_functional_rtl/spyglass_spysch/auto-verify/width07.txt' closed.
 .... done (Time = 0.00s, Memory = 0.0K)
    Checking Rule _dontcare_mismatch_prereq (Rule 90 of total 187)##FILEDEBUG[sgOpenFile]: Opening File './spyglass-1/lint/lint_functional_rtl/spyglass_spysch/auto-verify/dontcare01.txt' in "a" mode ...
##FILEDEBUG[sgCloseFile]: File './spyglass-1/lint/lint_functional_rtl/spyglass_spysch/auto-verify/dontcare01.txt' closed.
 .... done (Time = 0.00s, Memory = 0.0K)
    Checking Rule _case_default_redundant_prereq (Rule 91 of total 187)##FILEDEBUG[sgOpenFile]: Opening File './spyglass-1/lint/lint_functional_rtl/spyglass_spysch/auto-verify/default01.txt' in "a" mode ...
##FILEDEBUG[sgCloseFile]: File './spyglass-1/lint/lint_functional_rtl/spyglass_spysch/auto-verify/default01.txt' closed.
 .... done (Time = 0.00s, Memory = -8.0K)
    Checking Rule _case_default_missing_prereq (Rule 92 of total 187)##FILEDEBUG[sgOpenFile]: Opening File './spyglass-1/lint/lint_functional_rtl/spyglass_spysch/auto-verify/default02.txt' in "a" mode ...
##FILEDEBUG[sgCloseFile]: File './spyglass-1/lint/lint_functional_rtl/spyglass_spysch/auto-verify/default02.txt' closed.
 .... done (Time = 0.00s, Memory = -0.2K)
    Checking Rule _formallint_preReq (Rule 93 of total 187) .... done (Time = 0.00s, Memory = -0.9K)
    Checking Rule _avAddSynthNet (Rule 94 of total 187) .... done (Time = 0.00s, Memory = 0.0K)
Checking ELABDU Rules for designUnit Parity_chk
    Checking Rule Av_multitop01 (Rule 65 of total 187) .... done (Time = 0.00s, Memory = 0.0K)
    Checking Rule Av_multitop01 (Rule 66 of total 187) .... done (Time = 0.00s, Memory = 0.0K)
    Checking Rule InitState (Rule 67 of total 187) .... done (Time = 0.00s, Memory = 0.0K)
    Checking Rule InitState (Rule 68 of total 187) .... done (Time = 0.00s, Memory = 0.0K)
    Checking Rule Av_fsmreq01 (Rule 69 of total 187) .... done (Time = 0.00s, Memory = 0.0K)
    Checking Rule Av_fsmreq01 (Rule 70 of total 187) .... done (Time = 0.00s, Memory = 0.0K)
    Checking Rule Av_rstreq01 (Rule 71 of total 187) .... done (Time = 0.00s, Memory = 0.0K)
    Checking Rule Av_rstreq01 (Rule 72 of total 187) .... done (Time = 0.00s, Memory = 0.0K)
    Checking Rule Av_casereq01 (Rule 73 of total 187) .... done (Time = 0.00s, Memory = 0.0K)
    Checking Rule Av_deadreq01 (Rule 74 of total 187) .... done (Time = 0.00s, Memory = 0.0K)
    Checking Rule Av_deadreq01 (Rule 75 of total 187) .... done (Time = 0.00s, Memory = 1.1K)
    Checking Rule AnalyzeABV (Rule 76 of total 187) .... done (Time = 0.00s, Memory = 4.0K)
    Checking Rule veOperatorPreReq (Rule 77 of total 187) .... done (Time = 0.00s, Memory = 0.0K)
    Checking Rule veShiftOperatorPreReq (Rule 78 of total 187) .... done (Time = 0.00s, Memory = 0.0K)
    Checking Rule Av_dcreq01 (Rule 79 of total 187) .... done (Time = 0.00s, Memory = 14.2K)
    Checking Rule Av_dcreq01 (Rule 80 of total 187) .... done (Time = 0.00s, Memory = 0.2K)
    Checking Rule _chk_signed_unsigned_prereq (Rule 81 of total 187) .... done (Time = 0.00s, Memory = 0.0K)
    Checking Rule _width01_prereq (Rule 82 of total 187)##FILEDEBUG[sgOpenFile]: Opening File './spyglass-1/lint/lint_functional_rtl/spyglass_spysch/auto-verify/width01.txt' in "a" mode ...
##FILEDEBUG[sgCloseFile]: File './spyglass-1/lint/lint_functional_rtl/spyglass_spysch/auto-verify/width01.txt' closed.
 .... done (Time = 0.00s, Memory = 7.1K)
    Checking Rule _width02_prereq (Rule 83 of total 187)##FILEDEBUG[sgOpenFile]: Opening File './spyglass-1/lint/lint_functional_rtl/spyglass_spysch/auto-verify/width02.txt' in "a" mode ...
##FILEDEBUG[sgCloseFile]: File './spyglass-1/lint/lint_functional_rtl/spyglass_spysch/auto-verify/width02.txt' closed.
 .... done (Time = 0.00s, Memory = -34.4K)
    Checking Rule _width03_prereq (Rule 84 of total 187)##FILEDEBUG[sgOpenFile]: Opening File './spyglass-1/lint/lint_functional_rtl/spyglass_spysch/auto-verify/width03.txt' in "a" mode ...
##FILEDEBUG[sgCloseFile]: File './spyglass-1/lint/lint_functional_rtl/spyglass_spysch/auto-verify/width03.txt' closed.
 .... done (Time = 0.00s, Memory = -4.2K)
    Checking Rule _width04_prereq (Rule 85 of total 187)##FILEDEBUG[sgOpenFile]: Opening File './spyglass-1/lint/lint_functional_rtl/spyglass_spysch/auto-verify/width04.txt' in "a" mode ...
##FILEDEBUG[sgCloseFile]: File './spyglass-1/lint/lint_functional_rtl/spyglass_spysch/auto-verify/width04.txt' closed.
 .... done (Time = 0.01s, Memory = -1.5K)
    Checking Rule _signunsign01_prereq (Rule 86 of total 187)##FILEDEBUG[sgOpenFile]: Opening File './spyglass-1/lint/lint_functional_rtl/spyglass_spysch/auto-verify/sign05.txt' in "a" mode ...
##FILEDEBUG[sgCloseFile]: File './spyglass-1/lint/lint_functional_rtl/spyglass_spysch/auto-verify/sign05.txt' closed.
 .... done (Time = 0.00s, Memory = -32.0K)
    Checking Rule _width05_prereq (Rule 87 of total 187)##FILEDEBUG[sgOpenFile]: Opening File './spyglass-1/lint/lint_functional_rtl/spyglass_spysch/auto-verify/width05.txt' in "a" mode ...
##FILEDEBUG[sgCloseFile]: File './spyglass-1/lint/lint_functional_rtl/spyglass_spysch/auto-verify/width05.txt' closed.
 .... done (Time = 0.00s, Memory = 0.0K)
    Checking Rule _width_expr02_mismatch_prereq (Rule 88 of total 187)##FILEDEBUG[sgOpenFile]: Opening File './spyglass-1/lint/lint_functional_rtl/spyglass_spysch/auto-verify/width06.txt' in "a" mode ...
##FILEDEBUG[sgCloseFile]: File './spyglass-1/lint/lint_functional_rtl/spyglass_spysch/auto-verify/width06.txt' closed.
 .... done (Time = 0.00s, Memory = 0.0K)
    Checking Rule _width_expr03_mismatch_prereq (Rule 89 of total 187)##FILEDEBUG[sgOpenFile]: Opening File './spyglass-1/lint/lint_functional_rtl/spyglass_spysch/auto-verify/width07.txt' in "a" mode ...
##FILEDEBUG[sgCloseFile]: File './spyglass-1/lint/lint_functional_rtl/spyglass_spysch/auto-verify/width07.txt' closed.
 .... done (Time = 0.00s, Memory = -31.8K)
    Checking Rule _dontcare_mismatch_prereq (Rule 90 of total 187)##FILEDEBUG[sgOpenFile]: Opening File './spyglass-1/lint/lint_functional_rtl/spyglass_spysch/auto-verify/dontcare01.txt' in "a" mode ...
##FILEDEBUG[sgCloseFile]: File './spyglass-1/lint/lint_functional_rtl/spyglass_spysch/auto-verify/dontcare01.txt' closed.
 .... done (Time = 0.00s, Memory = -4.5K)
    Checking Rule _case_default_redundant_prereq (Rule 91 of total 187)##FILEDEBUG[sgOpenFile]: Opening File './spyglass-1/lint/lint_functional_rtl/spyglass_spysch/auto-verify/default01.txt' in "a" mode ...
##FILEDEBUG[sgCloseFile]: File './spyglass-1/lint/lint_functional_rtl/spyglass_spysch/auto-verify/default01.txt' closed.
 .... done (Time = 0.00s, Memory = 0.0K)
    Checking Rule _case_default_missing_prereq (Rule 92 of total 187)##FILEDEBUG[sgOpenFile]: Opening File './spyglass-1/lint/lint_functional_rtl/spyglass_spysch/auto-verify/default02.txt' in "a" mode ...
##FILEDEBUG[sgCloseFile]: File './spyglass-1/lint/lint_functional_rtl/spyglass_spysch/auto-verify/default02.txt' closed.
 .... done (Time = 0.00s, Memory = 0.7K)
    Checking Rule _formallint_preReq (Rule 93 of total 187) .... done (Time = 0.00s, Memory = 0.0K)
    Checking Rule _avAddSynthNet (Rule 94 of total 187) .... done (Time = 0.00s, Memory = 0.0K)
Checking ELABDU Rules for designUnit Edge_Bit_Counter
    Checking Rule Av_multitop01 (Rule 65 of total 187) .... done (Time = 0.00s, Memory = 0.0K)
    Checking Rule Av_multitop01 (Rule 66 of total 187) .... done (Time = 0.00s, Memory = 0.0K)
    Checking Rule InitState (Rule 67 of total 187) .... done (Time = 0.00s, Memory = 0.0K)
    Checking Rule InitState (Rule 68 of total 187) .... done (Time = 0.00s, Memory = 0.0K)
    Checking Rule Av_fsmreq01 (Rule 69 of total 187) .... done (Time = 0.00s, Memory = 0.0K)
    Checking Rule Av_fsmreq01 (Rule 70 of total 187) .... done (Time = 0.00s, Memory = 0.0K)
    Checking Rule Av_rstreq01 (Rule 71 of total 187) .... done (Time = 0.00s, Memory = 0.0K)
    Checking Rule Av_rstreq01 (Rule 72 of total 187) .... done (Time = 0.00s, Memory = 0.0K)
    Checking Rule Av_casereq01 (Rule 73 of total 187) .... done (Time = 0.00s, Memory = 4.0K)
    Checking Rule Av_deadreq01 (Rule 74 of total 187) .... done (Time = 0.00s, Memory = 0.0K)
    Checking Rule Av_deadreq01 (Rule 75 of total 187) .... done (Time = 0.00s, Memory = 1.1K)
    Checking Rule AnalyzeABV (Rule 76 of total 187) .... done (Time = 0.00s, Memory = 0.0K)
    Checking Rule veOperatorPreReq (Rule 77 of total 187) .... done (Time = 0.00s, Memory = 0.0K)
    Checking Rule veShiftOperatorPreReq (Rule 78 of total 187) .... done (Time = 0.00s, Memory = 0.0K)
    Checking Rule Av_dcreq01 (Rule 79 of total 187) .... done (Time = 0.00s, Memory = 0.0K)
    Checking Rule Av_dcreq01 (Rule 80 of total 187) .... done (Time = 0.00s, Memory = 0.2K)
    Checking Rule _chk_signed_unsigned_prereq (Rule 81 of total 187) .... done (Time = 0.00s, Memory = 0.0K)
    Checking Rule _width01_prereq (Rule 82 of total 187)##FILEDEBUG[sgOpenFile]: Opening File './spyglass-1/lint/lint_functional_rtl/spyglass_spysch/auto-verify/width01.txt' in "a" mode ...
##FILEDEBUG[sgCloseFile]: File './spyglass-1/lint/lint_functional_rtl/spyglass_spysch/auto-verify/width01.txt' closed.
 .... done (Time = 0.00s, Memory = 0.0K)
    Checking Rule _width02_prereq (Rule 83 of total 187)##FILEDEBUG[sgOpenFile]: Opening File './spyglass-1/lint/lint_functional_rtl/spyglass_spysch/auto-verify/width02.txt' in "a" mode ...
##FILEDEBUG[sgCloseFile]: File './spyglass-1/lint/lint_functional_rtl/spyglass_spysch/auto-verify/width02.txt' closed.
 .... done (Time = 0.00s, Memory = 32.0K)
    Checking Rule _width03_prereq (Rule 84 of total 187)##FILEDEBUG[sgOpenFile]: Opening File './spyglass-1/lint/lint_functional_rtl/spyglass_spysch/auto-verify/width03.txt' in "a" mode ...
##FILEDEBUG[sgCloseFile]: File './spyglass-1/lint/lint_functional_rtl/spyglass_spysch/auto-verify/width03.txt' closed.
 .... done (Time = 0.00s, Memory = 7.4K)
    Checking Rule _width04_prereq (Rule 85 of total 187)##FILEDEBUG[sgOpenFile]: Opening File './spyglass-1/lint/lint_functional_rtl/spyglass_spysch/auto-verify/width04.txt' in "a" mode ...
##FILEDEBUG[sgCloseFile]: File './spyglass-1/lint/lint_functional_rtl/spyglass_spysch/auto-verify/width04.txt' closed.
 .... done (Time = 0.00s, Memory = -6.8K)
    Checking Rule _signunsign01_prereq (Rule 86 of total 187)##FILEDEBUG[sgOpenFile]: Opening File './spyglass-1/lint/lint_functional_rtl/spyglass_spysch/auto-verify/sign05.txt' in "a" mode ...
##FILEDEBUG[sgCloseFile]: File './spyglass-1/lint/lint_functional_rtl/spyglass_spysch/auto-verify/sign05.txt' closed.
 .... done (Time = 0.00s, Memory = 0.0K)
    Checking Rule _width05_prereq (Rule 87 of total 187)##FILEDEBUG[sgOpenFile]: Opening File './spyglass-1/lint/lint_functional_rtl/spyglass_spysch/auto-verify/width05.txt' in "a" mode ...
##FILEDEBUG[sgCloseFile]: File './spyglass-1/lint/lint_functional_rtl/spyglass_spysch/auto-verify/width05.txt' closed.
 .... done (Time = 0.00s, Memory = 7.8K)
    Checking Rule _width_expr02_mismatch_prereq (Rule 88 of total 187)##FILEDEBUG[sgOpenFile]: Opening File './spyglass-1/lint/lint_functional_rtl/spyglass_spysch/auto-verify/width06.txt' in "a" mode ...
##FILEDEBUG[sgCloseFile]: File './spyglass-1/lint/lint_functional_rtl/spyglass_spysch/auto-verify/width06.txt' closed.
 .... done (Time = 0.00s, Memory = 0.0K)
    Checking Rule _width_expr03_mismatch_prereq (Rule 89 of total 187)##FILEDEBUG[sgOpenFile]: Opening File './spyglass-1/lint/lint_functional_rtl/spyglass_spysch/auto-verify/width07.txt' in "a" mode ...
##FILEDEBUG[sgCloseFile]: File './spyglass-1/lint/lint_functional_rtl/spyglass_spysch/auto-verify/width07.txt' closed.
 .... done (Time = 0.00s, Memory = -0.4K)
    Checking Rule _dontcare_mismatch_prereq (Rule 90 of total 187)##FILEDEBUG[sgOpenFile]: Opening File './spyglass-1/lint/lint_functional_rtl/spyglass_spysch/auto-verify/dontcare01.txt' in "a" mode ...
##FILEDEBUG[sgCloseFile]: File './spyglass-1/lint/lint_functional_rtl/spyglass_spysch/auto-verify/dontcare01.txt' closed.
 .... done (Time = 0.00s, Memory = 8.0K)
    Checking Rule _case_default_redundant_prereq (Rule 91 of total 187)##FILEDEBUG[sgOpenFile]: Opening File './spyglass-1/lint/lint_functional_rtl/spyglass_spysch/auto-verify/default01.txt' in "a" mode ...
##FILEDEBUG[sgCloseFile]: File './spyglass-1/lint/lint_functional_rtl/spyglass_spysch/auto-verify/default01.txt' closed.
 .... done (Time = 0.00s, Memory = 3.9K)
    Checking Rule _case_default_missing_prereq (Rule 92 of total 187)##FILEDEBUG[sgOpenFile]: Opening File './spyglass-1/lint/lint_functional_rtl/spyglass_spysch/auto-verify/default02.txt' in "a" mode ...
##FILEDEBUG[sgCloseFile]: File './spyglass-1/lint/lint_functional_rtl/spyglass_spysch/auto-verify/default02.txt' closed.
 .... done (Time = 0.00s, Memory = 0.0K)
    Checking Rule _formallint_preReq (Rule 93 of total 187) .... done (Time = 0.00s, Memory = 0.0K)
    Checking Rule _avAddSynthNet (Rule 94 of total 187) .... done (Time = 0.00s, Memory = 0.0K)
Checking ELABDU Rules for designUnit Data_sampling
    Checking Rule Av_multitop01 (Rule 65 of total 187) .... done (Time = 0.00s, Memory = 0.0K)
    Checking Rule Av_multitop01 (Rule 66 of total 187) .... done (Time = 0.00s, Memory = 0.0K)
    Checking Rule InitState (Rule 67 of total 187) .... done (Time = 0.00s, Memory = 0.0K)
    Checking Rule InitState (Rule 68 of total 187) .... done (Time = 0.00s, Memory = 0.0K)
    Checking Rule Av_fsmreq01 (Rule 69 of total 187) .... done (Time = 0.00s, Memory = -1.0K)
    Checking Rule Av_fsmreq01 (Rule 70 of total 187) .... done (Time = 0.00s, Memory = 0.0K)
    Checking Rule Av_rstreq01 (Rule 71 of total 187) .... done (Time = 0.00s, Memory = 0.0K)
    Checking Rule Av_rstreq01 (Rule 72 of total 187) .... done (Time = 0.00s, Memory = 0.0K)
    Checking Rule Av_casereq01 (Rule 73 of total 187) .... done (Time = 0.00s, Memory = 8.0K)
    Checking Rule Av_deadreq01 (Rule 74 of total 187) .... done (Time = 0.00s, Memory = 3.9K)
    Checking Rule Av_deadreq01 (Rule 75 of total 187) .... done (Time = 0.00s, Memory = 1.1K)
    Checking Rule AnalyzeABV (Rule 76 of total 187) .... done (Time = 0.00s, Memory = 0.8K)
    Checking Rule veOperatorPreReq (Rule 77 of total 187) .... done (Time = 0.00s, Memory = 0.0K)
    Checking Rule veShiftOperatorPreReq (Rule 78 of total 187) .... done (Time = 0.00s, Memory = -32.0K)
    Checking Rule Av_dcreq01 (Rule 79 of total 187) .... done (Time = 0.00s, Memory = 0.0K)
    Checking Rule Av_dcreq01 (Rule 80 of total 187) .... done (Time = 0.00s, Memory = 0.2K)
    Checking Rule _chk_signed_unsigned_prereq (Rule 81 of total 187) .... done (Time = 0.00s, Memory = 0.0K)
    Checking Rule _width01_prereq (Rule 82 of total 187)##FILEDEBUG[sgOpenFile]: Opening File './spyglass-1/lint/lint_functional_rtl/spyglass_spysch/auto-verify/width01.txt' in "a" mode ...
##FILEDEBUG[sgCloseFile]: File './spyglass-1/lint/lint_functional_rtl/spyglass_spysch/auto-verify/width01.txt' closed.
 .... done (Time = 0.00s, Memory = -2.0K)
    Checking Rule _width02_prereq (Rule 83 of total 187)##FILEDEBUG[sgOpenFile]: Opening File './spyglass-1/lint/lint_functional_rtl/spyglass_spysch/auto-verify/width02.txt' in "a" mode ...
##FILEDEBUG[sgCloseFile]: File './spyglass-1/lint/lint_functional_rtl/spyglass_spysch/auto-verify/width02.txt' closed.
 .... done (Time = 0.01s, Memory = 3.8K)
    Checking Rule _width03_prereq (Rule 84 of total 187)##FILEDEBUG[sgOpenFile]: Opening File './spyglass-1/lint/lint_functional_rtl/spyglass_spysch/auto-verify/width03.txt' in "a" mode ...
##FILEDEBUG[sgCloseFile]: File './spyglass-1/lint/lint_functional_rtl/spyglass_spysch/auto-verify/width03.txt' closed.
 .... done (Time = 0.00s, Memory = -23.2K)
    Checking Rule _width04_prereq (Rule 85 of total 187)##FILEDEBUG[sgOpenFile]: Opening File './spyglass-1/lint/lint_functional_rtl/spyglass_spysch/auto-verify/width04.txt' in "a" mode ...
##FILEDEBUG[sgCloseFile]: File './spyglass-1/lint/lint_functional_rtl/spyglass_spysch/auto-verify/width04.txt' closed.
 .... done (Time = 0.00s, Memory = 5.8K)
    Checking Rule _signunsign01_prereq (Rule 86 of total 187)##FILEDEBUG[sgOpenFile]: Opening File './spyglass-1/lint/lint_functional_rtl/spyglass_spysch/auto-verify/sign05.txt' in "a" mode ...
##FILEDEBUG[sgCloseFile]: File './spyglass-1/lint/lint_functional_rtl/spyglass_spysch/auto-verify/sign05.txt' closed.
 .... done (Time = 0.00s, Memory = 0.0K)
    Checking Rule _width05_prereq (Rule 87 of total 187)##FILEDEBUG[sgOpenFile]: Opening File './spyglass-1/lint/lint_functional_rtl/spyglass_spysch/auto-verify/width05.txt' in "a" mode ...
##FILEDEBUG[sgCloseFile]: File './spyglass-1/lint/lint_functional_rtl/spyglass_spysch/auto-verify/width05.txt' closed.
 .... done (Time = 0.00s, Memory = 0.0K)
    Checking Rule _width_expr02_mismatch_prereq (Rule 88 of total 187)##FILEDEBUG[sgOpenFile]: Opening File './spyglass-1/lint/lint_functional_rtl/spyglass_spysch/auto-verify/width06.txt' in "a" mode ...
##FILEDEBUG[sgCloseFile]: File './spyglass-1/lint/lint_functional_rtl/spyglass_spysch/auto-verify/width06.txt' closed.
 .... done (Time = 0.00s, Memory = 0.0K)
    Checking Rule _width_expr03_mismatch_prereq (Rule 89 of total 187)##FILEDEBUG[sgOpenFile]: Opening File './spyglass-1/lint/lint_functional_rtl/spyglass_spysch/auto-verify/width07.txt' in "a" mode ...
##FILEDEBUG[sgCloseFile]: File './spyglass-1/lint/lint_functional_rtl/spyglass_spysch/auto-verify/width07.txt' closed.
 .... done (Time = 0.00s, Memory = 0.0K)
    Checking Rule _dontcare_mismatch_prereq (Rule 90 of total 187)##FILEDEBUG[sgOpenFile]: Opening File './spyglass-1/lint/lint_functional_rtl/spyglass_spysch/auto-verify/dontcare01.txt' in "a" mode ...
##FILEDEBUG[sgCloseFile]: File './spyglass-1/lint/lint_functional_rtl/spyglass_spysch/auto-verify/dontcare01.txt' closed.
 .... done (Time = 0.00s, Memory = 0.3K)
    Checking Rule _case_default_redundant_prereq (Rule 91 of total 187)##FILEDEBUG[sgOpenFile]: Opening File './spyglass-1/lint/lint_functional_rtl/spyglass_spysch/auto-verify/default01.txt' in "a" mode ...
##FILEDEBUG[sgCloseFile]: File './spyglass-1/lint/lint_functional_rtl/spyglass_spysch/auto-verify/default01.txt' closed.
 .... done (Time = 0.00s, Memory = 0.0K)
    Checking Rule _case_default_missing_prereq (Rule 92 of total 187)##FILEDEBUG[sgOpenFile]: Opening File './spyglass-1/lint/lint_functional_rtl/spyglass_spysch/auto-verify/default02.txt' in "a" mode ...
##FILEDEBUG[sgCloseFile]: File './spyglass-1/lint/lint_functional_rtl/spyglass_spysch/auto-verify/default02.txt' closed.
 .... done (Time = 0.00s, Memory = 6.8K)
    Checking Rule _formallint_preReq (Rule 93 of total 187) .... done (Time = 0.00s, Memory = 0.0K)
    Checking Rule _avAddSynthNet (Rule 94 of total 187) .... done (Time = 0.00s, Memory = -21.0K)
Checking ELABDU Rules for designUnit DeSerializer
    Checking Rule Av_multitop01 (Rule 65 of total 187) .... done (Time = 0.00s, Memory = 0.0K)
    Checking Rule Av_multitop01 (Rule 66 of total 187) .... done (Time = 0.00s, Memory = 0.0K)
    Checking Rule InitState (Rule 67 of total 187) .... done (Time = 0.00s, Memory = 32.4K)
    Checking Rule InitState (Rule 68 of total 187) .... done (Time = 0.00s, Memory = 0.0K)
    Checking Rule Av_fsmreq01 (Rule 69 of total 187) .... done (Time = 0.00s, Memory = 0.0K)
    Checking Rule Av_fsmreq01 (Rule 70 of total 187) .... done (Time = 0.00s, Memory = 0.0K)
    Checking Rule Av_rstreq01 (Rule 71 of total 187) .... done (Time = 0.00s, Memory = 0.0K)
    Checking Rule Av_rstreq01 (Rule 72 of total 187) .... done (Time = 0.00s, Memory = 0.0K)
    Checking Rule Av_casereq01 (Rule 73 of total 187) .... done (Time = 0.00s, Memory = 0.0K)
    Checking Rule Av_deadreq01 (Rule 74 of total 187) .... done (Time = 0.00s, Memory = 0.0K)
    Checking Rule Av_deadreq01 (Rule 75 of total 187) .... done (Time = 0.00s, Memory = 1.1K)
    Checking Rule AnalyzeABV (Rule 76 of total 187) .... done (Time = 0.00s, Memory = 0.0K)
    Checking Rule veOperatorPreReq (Rule 77 of total 187) .... done (Time = 0.00s, Memory = 0.0K)
    Checking Rule veShiftOperatorPreReq (Rule 78 of total 187) .... done (Time = 0.00s, Memory = 0.0K)
    Checking Rule Av_dcreq01 (Rule 79 of total 187) .... done (Time = 0.00s, Memory = 0.0K)
    Checking Rule Av_dcreq01 (Rule 80 of total 187) .... done (Time = 0.00s, Memory = 0.2K)
    Checking Rule _chk_signed_unsigned_prereq (Rule 81 of total 187) .... done (Time = 0.00s, Memory = 0.0K)
    Checking Rule _width01_prereq (Rule 82 of total 187)##FILEDEBUG[sgOpenFile]: Opening File './spyglass-1/lint/lint_functional_rtl/spyglass_spysch/auto-verify/width01.txt' in "a" mode ...
##FILEDEBUG[sgCloseFile]: File './spyglass-1/lint/lint_functional_rtl/spyglass_spysch/auto-verify/width01.txt' closed.
 .... done (Time = 0.00s, Memory = 0.0K)
    Checking Rule _width02_prereq (Rule 83 of total 187)##FILEDEBUG[sgOpenFile]: Opening File './spyglass-1/lint/lint_functional_rtl/spyglass_spysch/auto-verify/width02.txt' in "a" mode ...
##FILEDEBUG[sgCloseFile]: File './spyglass-1/lint/lint_functional_rtl/spyglass_spysch/auto-verify/width02.txt' closed.
 .... done (Time = 0.00s, Memory = 0.0K)
    Checking Rule _width03_prereq (Rule 84 of total 187)##FILEDEBUG[sgOpenFile]: Opening File './spyglass-1/lint/lint_functional_rtl/spyglass_spysch/auto-verify/width03.txt' in "a" mode ...
##FILEDEBUG[sgCloseFile]: File './spyglass-1/lint/lint_functional_rtl/spyglass_spysch/auto-verify/width03.txt' closed.
 .... done (Time = 0.00s, Memory = -1.5K)
    Checking Rule _width04_prereq (Rule 85 of total 187)##FILEDEBUG[sgOpenFile]: Opening File './spyglass-1/lint/lint_functional_rtl/spyglass_spysch/auto-verify/width04.txt' in "a" mode ...
##FILEDEBUG[sgCloseFile]: File './spyglass-1/lint/lint_functional_rtl/spyglass_spysch/auto-verify/width04.txt' closed.
 .... done (Time = 0.00s, Memory = 0.0K)
    Checking Rule _signunsign01_prereq (Rule 86 of total 187)##FILEDEBUG[sgOpenFile]: Opening File './spyglass-1/lint/lint_functional_rtl/spyglass_spysch/auto-verify/sign05.txt' in "a" mode ...
##FILEDEBUG[sgCloseFile]: File './spyglass-1/lint/lint_functional_rtl/spyglass_spysch/auto-verify/sign05.txt' closed.
 .... done (Time = 0.00s, Memory = 0.0K)
    Checking Rule _width05_prereq (Rule 87 of total 187)##FILEDEBUG[sgOpenFile]: Opening File './spyglass-1/lint/lint_functional_rtl/spyglass_spysch/auto-verify/width05.txt' in "a" mode ...
##FILEDEBUG[sgCloseFile]: File './spyglass-1/lint/lint_functional_rtl/spyglass_spysch/auto-verify/width05.txt' closed.
 .... done (Time = 0.00s, Memory = 7.0K)
    Checking Rule _width_expr02_mismatch_prereq (Rule 88 of total 187)##FILEDEBUG[sgOpenFile]: Opening File './spyglass-1/lint/lint_functional_rtl/spyglass_spysch/auto-verify/width06.txt' in "a" mode ...
##FILEDEBUG[sgCloseFile]: File './spyglass-1/lint/lint_functional_rtl/spyglass_spysch/auto-verify/width06.txt' closed.
 .... done (Time = 0.00s, Memory = -0.6K)
    Checking Rule _width_expr03_mismatch_prereq (Rule 89 of total 187)##FILEDEBUG[sgOpenFile]: Opening File './spyglass-1/lint/lint_functional_rtl/spyglass_spysch/auto-verify/width07.txt' in "a" mode ...
##FILEDEBUG[sgCloseFile]: File './spyglass-1/lint/lint_functional_rtl/spyglass_spysch/auto-verify/width07.txt' closed.
 .... done (Time = 0.00s, Memory = -0.9K)
    Checking Rule _dontcare_mismatch_prereq (Rule 90 of total 187)##FILEDEBUG[sgOpenFile]: Opening File './spyglass-1/lint/lint_functional_rtl/spyglass_spysch/auto-verify/dontcare01.txt' in "a" mode ...
##FILEDEBUG[sgCloseFile]: File './spyglass-1/lint/lint_functional_rtl/spyglass_spysch/auto-verify/dontcare01.txt' closed.
 .... done (Time = 0.00s, Memory = 0.0K)
    Checking Rule _case_default_redundant_prereq (Rule 91 of total 187)##FILEDEBUG[sgOpenFile]: Opening File './spyglass-1/lint/lint_functional_rtl/spyglass_spysch/auto-verify/default01.txt' in "a" mode ...
##FILEDEBUG[sgCloseFile]: File './spyglass-1/lint/lint_functional_rtl/spyglass_spysch/auto-verify/default01.txt' closed.
 .... done (Time = 0.00s, Memory = 3.1K)
    Checking Rule _case_default_missing_prereq (Rule 92 of total 187)##FILEDEBUG[sgOpenFile]: Opening File './spyglass-1/lint/lint_functional_rtl/spyglass_spysch/auto-verify/default02.txt' in "a" mode ...
##FILEDEBUG[sgCloseFile]: File './spyglass-1/lint/lint_functional_rtl/spyglass_spysch/auto-verify/default02.txt' closed.
 .... done (Time = 0.00s, Memory = 0.0K)
    Checking Rule _formallint_preReq (Rule 93 of total 187) .... done (Time = 0.00s, Memory = 0.0K)
    Checking Rule _avAddSynthNet (Rule 94 of total 187) .... done (Time = 0.00s, Memory = 0.0K)
Checking ELABDU Rules for designUnit clk_div
    Checking Rule Av_multitop01 (Rule 65 of total 187) .... done (Time = 0.00s, Memory = 0.0K)
    Checking Rule Av_multitop01 (Rule 66 of total 187) .... done (Time = 0.00s, Memory = 0.0K)
    Checking Rule InitState (Rule 67 of total 187) .... done (Time = 0.00s, Memory = -2.5K)
    Checking Rule InitState (Rule 68 of total 187) .... done (Time = 0.00s, Memory = 0.0K)
    Checking Rule Av_fsmreq01 (Rule 69 of total 187) .... done (Time = 0.00s, Memory = 4.8K)
    Checking Rule Av_fsmreq01 (Rule 70 of total 187) .... done (Time = 0.00s, Memory = 0.0K)
    Checking Rule Av_rstreq01 (Rule 71 of total 187) .... done (Time = 0.00s, Memory = 8.0K)
    Checking Rule Av_rstreq01 (Rule 72 of total 187) .... done (Time = 0.00s, Memory = 0.0K)
    Checking Rule Av_casereq01 (Rule 73 of total 187) .... done (Time = 0.00s, Memory = -8.0K)
    Checking Rule Av_deadreq01 (Rule 74 of total 187) .... done (Time = 0.00s, Memory = 0.0K)
    Checking Rule Av_deadreq01 (Rule 75 of total 187) .... done (Time = 0.00s, Memory = 1.1K)
    Checking Rule AnalyzeABV (Rule 76 of total 187) .... done (Time = 0.00s, Memory = -1.0K)
    Checking Rule veOperatorPreReq (Rule 77 of total 187) .... done (Time = 0.00s, Memory = 0.9K)
    Checking Rule veShiftOperatorPreReq (Rule 78 of total 187) .... done (Time = 0.00s, Memory = 0.0K)
    Checking Rule Av_dcreq01 (Rule 79 of total 187) .... done (Time = 0.00s, Memory = 0.0K)
    Checking Rule Av_dcreq01 (Rule 80 of total 187) .... done (Time = 0.00s, Memory = 0.2K)
    Checking Rule _chk_signed_unsigned_prereq (Rule 81 of total 187) .... done (Time = 0.00s, Memory = 0.0K)
    Checking Rule _width01_prereq (Rule 82 of total 187)##FILEDEBUG[sgOpenFile]: Opening File './spyglass-1/lint/lint_functional_rtl/spyglass_spysch/auto-verify/width01.txt' in "a" mode ...
##FILEDEBUG[sgCloseFile]: File './spyglass-1/lint/lint_functional_rtl/spyglass_spysch/auto-verify/width01.txt' closed.
 .... done (Time = 0.00s, Memory = 0.2K)
    Checking Rule _width02_prereq (Rule 83 of total 187)##FILEDEBUG[sgOpenFile]: Opening File './spyglass-1/lint/lint_functional_rtl/spyglass_spysch/auto-verify/width02.txt' in "a" mode ...
##FILEDEBUG[sgCloseFile]: File './spyglass-1/lint/lint_functional_rtl/spyglass_spysch/auto-verify/width02.txt' closed.
 .... done (Time = 0.00s, Memory = 0.0K)
    Checking Rule _width03_prereq (Rule 84 of total 187)##FILEDEBUG[sgOpenFile]: Opening File './spyglass-1/lint/lint_functional_rtl/spyglass_spysch/auto-verify/width03.txt' in "a" mode ...
##FILEDEBUG[sgCloseFile]: File './spyglass-1/lint/lint_functional_rtl/spyglass_spysch/auto-verify/width03.txt' closed.
 .... done (Time = 0.00s, Memory = 0.0K)
    Checking Rule _width04_prereq (Rule 85 of total 187)##FILEDEBUG[sgOpenFile]: Opening File './spyglass-1/lint/lint_functional_rtl/spyglass_spysch/auto-verify/width04.txt' in "a" mode ...
##FILEDEBUG[sgCloseFile]: File './spyglass-1/lint/lint_functional_rtl/spyglass_spysch/auto-verify/width04.txt' closed.
 .... done (Time = 0.00s, Memory = -0.2K)
    Checking Rule _signunsign01_prereq (Rule 86 of total 187)##FILEDEBUG[sgOpenFile]: Opening File './spyglass-1/lint/lint_functional_rtl/spyglass_spysch/auto-verify/sign05.txt' in "a" mode ...
##FILEDEBUG[sgCloseFile]: File './spyglass-1/lint/lint_functional_rtl/spyglass_spysch/auto-verify/sign05.txt' closed.
 .... done (Time = 0.00s, Memory = 0.0K)
    Checking Rule _width05_prereq (Rule 87 of total 187)##FILEDEBUG[sgOpenFile]: Opening File './spyglass-1/lint/lint_functional_rtl/spyglass_spysch/auto-verify/width05.txt' in "a" mode ...
##FILEDEBUG[sgCloseFile]: File './spyglass-1/lint/lint_functional_rtl/spyglass_spysch/auto-verify/width05.txt' closed.
 .... done (Time = 0.00s, Memory = 0.6K)
    Checking Rule _width_expr02_mismatch_prereq (Rule 88 of total 187)##FILEDEBUG[sgOpenFile]: Opening File './spyglass-1/lint/lint_functional_rtl/spyglass_spysch/auto-verify/width06.txt' in "a" mode ...
##FILEDEBUG[sgCloseFile]: File './spyglass-1/lint/lint_functional_rtl/spyglass_spysch/auto-verify/width06.txt' closed.
 .... done (Time = 0.00s, Memory = -3.9K)
    Checking Rule _width_expr03_mismatch_prereq (Rule 89 of total 187)##FILEDEBUG[sgOpenFile]: Opening File './spyglass-1/lint/lint_functional_rtl/spyglass_spysch/auto-verify/width07.txt' in "a" mode ...
##FILEDEBUG[sgCloseFile]: File './spyglass-1/lint/lint_functional_rtl/spyglass_spysch/auto-verify/width07.txt' closed.
 .... done (Time = 0.00s, Memory = 0.0K)
    Checking Rule _dontcare_mismatch_prereq (Rule 90 of total 187)##FILEDEBUG[sgOpenFile]: Opening File './spyglass-1/lint/lint_functional_rtl/spyglass_spysch/auto-verify/dontcare01.txt' in "a" mode ...
##FILEDEBUG[sgCloseFile]: File './spyglass-1/lint/lint_functional_rtl/spyglass_spysch/auto-verify/dontcare01.txt' closed.
 .... done (Time = 0.00s, Memory = 8.0K)
    Checking Rule _case_default_redundant_prereq (Rule 91 of total 187)##FILEDEBUG[sgOpenFile]: Opening File './spyglass-1/lint/lint_functional_rtl/spyglass_spysch/auto-verify/default01.txt' in "a" mode ...
##FILEDEBUG[sgCloseFile]: File './spyglass-1/lint/lint_functional_rtl/spyglass_spysch/auto-verify/default01.txt' closed.
 .... done (Time = 0.00s, Memory = 8.0K)
    Checking Rule _case_default_missing_prereq (Rule 92 of total 187)##FILEDEBUG[sgOpenFile]: Opening File './spyglass-1/lint/lint_functional_rtl/spyglass_spysch/auto-verify/default02.txt' in "a" mode ...
##FILEDEBUG[sgCloseFile]: File './spyglass-1/lint/lint_functional_rtl/spyglass_spysch/auto-verify/default02.txt' closed.
 .... done (Time = 0.00s, Memory = -22.2K)
    Checking Rule _formallint_preReq (Rule 93 of total 187) .... done (Time = 0.00s, Memory = 0.0K)
    Checking Rule _avAddSynthNet (Rule 94 of total 187) .... done (Time = 0.00s, Memory = 32.0K)
Checking ELABDU Rules for designUnit RST_SYNCH
    Checking Rule Av_multitop01 (Rule 65 of total 187) .... done (Time = 0.00s, Memory = 0.0K)
    Checking Rule Av_multitop01 (Rule 66 of total 187) .... done (Time = 0.00s, Memory = 0.0K)
    Checking Rule InitState (Rule 67 of total 187) .... done (Time = 0.00s, Memory = 0.0K)
    Checking Rule InitState (Rule 68 of total 187) .... done (Time = 0.00s, Memory = 0.0K)
    Checking Rule Av_fsmreq01 (Rule 69 of total 187) .... done (Time = 0.00s, Memory = 0.0K)
    Checking Rule Av_fsmreq01 (Rule 70 of total 187) .... done (Time = 0.00s, Memory = 0.0K)
    Checking Rule Av_rstreq01 (Rule 71 of total 187) .... done (Time = 0.00s, Memory = 0.0K)
    Checking Rule Av_rstreq01 (Rule 72 of total 187) .... done (Time = 0.00s, Memory = 0.0K)
    Checking Rule Av_casereq01 (Rule 73 of total 187) .... done (Time = 0.00s, Memory = 0.0K)
    Checking Rule Av_deadreq01 (Rule 74 of total 187) .... done (Time = 0.00s, Memory = 0.0K)
    Checking Rule Av_deadreq01 (Rule 75 of total 187) .... done (Time = 0.00s, Memory = 1.1K)
    Checking Rule AnalyzeABV (Rule 76 of total 187) .... done (Time = 0.00s, Memory = 0.0K)
    Checking Rule veOperatorPreReq (Rule 77 of total 187) .... done (Time = 0.00s, Memory = 0.0K)
    Checking Rule veShiftOperatorPreReq (Rule 78 of total 187) .... done (Time = 0.00s, Memory = 0.0K)
    Checking Rule Av_dcreq01 (Rule 79 of total 187) .... done (Time = 0.00s, Memory = 0.0K)
    Checking Rule Av_dcreq01 (Rule 80 of total 187) .... done (Time = 0.00s, Memory = 0.2K)
    Checking Rule _chk_signed_unsigned_prereq (Rule 81 of total 187) .... done (Time = 0.00s, Memory = 0.0K)
    Checking Rule _width01_prereq (Rule 82 of total 187)##FILEDEBUG[sgOpenFile]: Opening File './spyglass-1/lint/lint_functional_rtl/spyglass_spysch/auto-verify/width01.txt' in "a" mode ...
##FILEDEBUG[sgCloseFile]: File './spyglass-1/lint/lint_functional_rtl/spyglass_spysch/auto-verify/width01.txt' closed.
 .... done (Time = 0.00s, Memory = 0.0K)
    Checking Rule _width02_prereq (Rule 83 of total 187)##FILEDEBUG[sgOpenFile]: Opening File './spyglass-1/lint/lint_functional_rtl/spyglass_spysch/auto-verify/width02.txt' in "a" mode ...
##FILEDEBUG[sgCloseFile]: File './spyglass-1/lint/lint_functional_rtl/spyglass_spysch/auto-verify/width02.txt' closed.
 .... done (Time = 0.00s, Memory = 8.0K)
    Checking Rule _width03_prereq (Rule 84 of total 187)##FILEDEBUG[sgOpenFile]: Opening File './spyglass-1/lint/lint_functional_rtl/spyglass_spysch/auto-verify/width03.txt' in "a" mode ...
##FILEDEBUG[sgCloseFile]: File './spyglass-1/lint/lint_functional_rtl/spyglass_spysch/auto-verify/width03.txt' closed.
 .... done (Time = 0.00s, Memory = -8.0K)
    Checking Rule _width04_prereq (Rule 85 of total 187)##FILEDEBUG[sgOpenFile]: Opening File './spyglass-1/lint/lint_functional_rtl/spyglass_spysch/auto-verify/width04.txt' in "a" mode ...
##FILEDEBUG[sgCloseFile]: File './spyglass-1/lint/lint_functional_rtl/spyglass_spysch/auto-verify/width04.txt' closed.
 .... done (Time = 0.00s, Memory = 1.0K)
    Checking Rule _signunsign01_prereq (Rule 86 of total 187)##FILEDEBUG[sgOpenFile]: Opening File './spyglass-1/lint/lint_functional_rtl/spyglass_spysch/auto-verify/sign05.txt' in "a" mode ...
##FILEDEBUG[sgCloseFile]: File './spyglass-1/lint/lint_functional_rtl/spyglass_spysch/auto-verify/sign05.txt' closed.
 .... done (Time = 0.00s, Memory = 11.1K)
    Checking Rule _width05_prereq (Rule 87 of total 187)##FILEDEBUG[sgOpenFile]: Opening File './spyglass-1/lint/lint_functional_rtl/spyglass_spysch/auto-verify/width05.txt' in "a" mode ...
##FILEDEBUG[sgCloseFile]: File './spyglass-1/lint/lint_functional_rtl/spyglass_spysch/auto-verify/width05.txt' closed.
 .... done (Time = 0.00s, Memory = 0.8K)
    Checking Rule _width_expr02_mismatch_prereq (Rule 88 of total 187)##FILEDEBUG[sgOpenFile]: Opening File './spyglass-1/lint/lint_functional_rtl/spyglass_spysch/auto-verify/width06.txt' in "a" mode ...
##FILEDEBUG[sgCloseFile]: File './spyglass-1/lint/lint_functional_rtl/spyglass_spysch/auto-verify/width06.txt' closed.
 .... done (Time = 0.00s, Memory = 32.0K)
    Checking Rule _width_expr03_mismatch_prereq (Rule 89 of total 187)##FILEDEBUG[sgOpenFile]: Opening File './spyglass-1/lint/lint_functional_rtl/spyglass_spysch/auto-verify/width07.txt' in "a" mode ...
##FILEDEBUG[sgCloseFile]: File './spyglass-1/lint/lint_functional_rtl/spyglass_spysch/auto-verify/width07.txt' closed.
 .... done (Time = 0.00s, Memory = -12.0K)
    Checking Rule _dontcare_mismatch_prereq (Rule 90 of total 187)##FILEDEBUG[sgOpenFile]: Opening File './spyglass-1/lint/lint_functional_rtl/spyglass_spysch/auto-verify/dontcare01.txt' in "a" mode ...
##FILEDEBUG[sgCloseFile]: File './spyglass-1/lint/lint_functional_rtl/spyglass_spysch/auto-verify/dontcare01.txt' closed.
 .... done (Time = 0.00s, Memory = 0.0K)
    Checking Rule _case_default_redundant_prereq (Rule 91 of total 187)##FILEDEBUG[sgOpenFile]: Opening File './spyglass-1/lint/lint_functional_rtl/spyglass_spysch/auto-verify/default01.txt' in "a" mode ...
##FILEDEBUG[sgCloseFile]: File './spyglass-1/lint/lint_functional_rtl/spyglass_spysch/auto-verify/default01.txt' closed.
 .... done (Time = 0.00s, Memory = 9.7K)
    Checking Rule _case_default_missing_prereq (Rule 92 of total 187)##FILEDEBUG[sgOpenFile]: Opening File './spyglass-1/lint/lint_functional_rtl/spyglass_spysch/auto-verify/default02.txt' in "a" mode ...
##FILEDEBUG[sgCloseFile]: File './spyglass-1/lint/lint_functional_rtl/spyglass_spysch/auto-verify/default02.txt' closed.
 .... done (Time = 0.00s, Memory = 0.0K)
    Checking Rule _formallint_preReq (Rule 93 of total 187) .... done (Time = 0.00s, Memory = 32.0K)
    Checking Rule _avAddSynthNet (Rule 94 of total 187) .... done (Time = 0.00s, Memory = 0.0K)
Checking ELABDU Rules for designUnit CLK_GATE
    Checking Rule Av_multitop01 (Rule 65 of total 187) .... done (Time = 0.00s, Memory = -0.1K)
    Checking Rule Av_multitop01 (Rule 66 of total 187) .... done (Time = 0.00s, Memory = 0.0K)
    Checking Rule InitState (Rule 67 of total 187) .... done (Time = 0.00s, Memory = 0.0K)
    Checking Rule InitState (Rule 68 of total 187) .... done (Time = 0.00s, Memory = 0.0K)
    Checking Rule Av_fsmreq01 (Rule 69 of total 187) .... done (Time = 0.00s, Memory = 0.0K)
    Checking Rule Av_fsmreq01 (Rule 70 of total 187) .... done (Time = 0.00s, Memory = 0.0K)
    Checking Rule Av_rstreq01 (Rule 71 of total 187) .... done (Time = 0.00s, Memory = 0.0K)
    Checking Rule Av_rstreq01 (Rule 72 of total 187) .... done (Time = 0.00s, Memory = 0.0K)
    Checking Rule Av_casereq01 (Rule 73 of total 187) .... done (Time = 0.00s, Memory = 0.0K)
    Checking Rule Av_deadreq01 (Rule 74 of total 187) .... done (Time = 0.00s, Memory = -0.4K)
    Checking Rule Av_deadreq01 (Rule 75 of total 187) .... done (Time = 0.00s, Memory = 1.1K)
    Checking Rule AnalyzeABV (Rule 76 of total 187) .... done (Time = 0.00s, Memory = 12.0K)
    Checking Rule veOperatorPreReq (Rule 77 of total 187) .... done (Time = 0.00s, Memory = 0.0K)
    Checking Rule veShiftOperatorPreReq (Rule 78 of total 187) .... done (Time = 0.00s, Memory = 0.0K)
    Checking Rule Av_dcreq01 (Rule 79 of total 187) .... done (Time = 0.00s, Memory = 0.0K)
    Checking Rule Av_dcreq01 (Rule 80 of total 187) .... done (Time = 0.00s, Memory = 0.2K)
    Checking Rule _chk_signed_unsigned_prereq (Rule 81 of total 187) .... done (Time = 0.00s, Memory = 0.0K)
    Checking Rule _width01_prereq (Rule 82 of total 187)##FILEDEBUG[sgOpenFile]: Opening File './spyglass-1/lint/lint_functional_rtl/spyglass_spysch/auto-verify/width01.txt' in "a" mode ...
##FILEDEBUG[sgCloseFile]: File './spyglass-1/lint/lint_functional_rtl/spyglass_spysch/auto-verify/width01.txt' closed.
 .... done (Time = 0.00s, Memory = -8.0K)
    Checking Rule _width02_prereq (Rule 83 of total 187)##FILEDEBUG[sgOpenFile]: Opening File './spyglass-1/lint/lint_functional_rtl/spyglass_spysch/auto-verify/width02.txt' in "a" mode ...
##FILEDEBUG[sgCloseFile]: File './spyglass-1/lint/lint_functional_rtl/spyglass_spysch/auto-verify/width02.txt' closed.
 .... done (Time = 0.00s, Memory = 0.0K)
    Checking Rule _width03_prereq (Rule 84 of total 187)##FILEDEBUG[sgOpenFile]: Opening File './spyglass-1/lint/lint_functional_rtl/spyglass_spysch/auto-verify/width03.txt' in "a" mode ...
##FILEDEBUG[sgCloseFile]: File './spyglass-1/lint/lint_functional_rtl/spyglass_spysch/auto-verify/width03.txt' closed.
 .... done (Time = 0.00s, Memory = -0.2K)
    Checking Rule _width04_prereq (Rule 85 of total 187)##FILEDEBUG[sgOpenFile]: Opening File './spyglass-1/lint/lint_functional_rtl/spyglass_spysch/auto-verify/width04.txt' in "a" mode ...
##FILEDEBUG[sgCloseFile]: File './spyglass-1/lint/lint_functional_rtl/spyglass_spysch/auto-verify/width04.txt' closed.
 .... done (Time = 0.00s, Memory = -0.0K)
    Checking Rule _signunsign01_prereq (Rule 86 of total 187)##FILEDEBUG[sgOpenFile]: Opening File './spyglass-1/lint/lint_functional_rtl/spyglass_spysch/auto-verify/sign05.txt' in "a" mode ...
##FILEDEBUG[sgCloseFile]: File './spyglass-1/lint/lint_functional_rtl/spyglass_spysch/auto-verify/sign05.txt' closed.
 .... done (Time = 0.00s, Memory = 0.0K)
    Checking Rule _width05_prereq (Rule 87 of total 187)##FILEDEBUG[sgOpenFile]: Opening File './spyglass-1/lint/lint_functional_rtl/spyglass_spysch/auto-verify/width05.txt' in "a" mode ...
##FILEDEBUG[sgCloseFile]: File './spyglass-1/lint/lint_functional_rtl/spyglass_spysch/auto-verify/width05.txt' closed.
 .... done (Time = 0.00s, Memory = 0.0K)
    Checking Rule _width_expr02_mismatch_prereq (Rule 88 of total 187)##FILEDEBUG[sgOpenFile]: Opening File './spyglass-1/lint/lint_functional_rtl/spyglass_spysch/auto-verify/width06.txt' in "a" mode ...
##FILEDEBUG[sgCloseFile]: File './spyglass-1/lint/lint_functional_rtl/spyglass_spysch/auto-verify/width06.txt' closed.
 .... done (Time = 0.00s, Memory = 0.0K)
    Checking Rule _width_expr03_mismatch_prereq (Rule 89 of total 187)##FILEDEBUG[sgOpenFile]: Opening File './spyglass-1/lint/lint_functional_rtl/spyglass_spysch/auto-verify/width07.txt' in "a" mode ...
##FILEDEBUG[sgCloseFile]: File './spyglass-1/lint/lint_functional_rtl/spyglass_spysch/auto-verify/width07.txt' closed.
 .... done (Time = 0.00s, Memory = 0.0K)
    Checking Rule _dontcare_mismatch_prereq (Rule 90 of total 187)##FILEDEBUG[sgOpenFile]: Opening File './spyglass-1/lint/lint_functional_rtl/spyglass_spysch/auto-verify/dontcare01.txt' in "a" mode ...
##FILEDEBUG[sgCloseFile]: File './spyglass-1/lint/lint_functional_rtl/spyglass_spysch/auto-verify/dontcare01.txt' closed.
 .... done (Time = 0.00s, Memory = 0.0K)
    Checking Rule _case_default_redundant_prereq (Rule 91 of total 187)##FILEDEBUG[sgOpenFile]: Opening File './spyglass-1/lint/lint_functional_rtl/spyglass_spysch/auto-verify/default01.txt' in "a" mode ...
##FILEDEBUG[sgCloseFile]: File './spyglass-1/lint/lint_functional_rtl/spyglass_spysch/auto-verify/default01.txt' closed.
 .... done (Time = 0.00s, Memory = -60.0K)
    Checking Rule _case_default_missing_prereq (Rule 92 of total 187)##FILEDEBUG[sgOpenFile]: Opening File './spyglass-1/lint/lint_functional_rtl/spyglass_spysch/auto-verify/default02.txt' in "a" mode ...
##FILEDEBUG[sgCloseFile]: File './spyglass-1/lint/lint_functional_rtl/spyglass_spysch/auto-verify/default02.txt' closed.
 .... done (Time = 0.00s, Memory = 0.0K)
    Checking Rule _formallint_preReq (Rule 93 of total 187) .... done (Time = 0.00s, Memory = -8.0K)
    Checking Rule _avAddSynthNet (Rule 94 of total 187) .... done (Time = 0.00s, Memory = 4.0K)
Checking Rule AnalyzeBBox (Rule 95 of total 187) .... done (Time = 0.00s, Memory = 32.0K)

SpyGlass Rule Checking ABORTED.

Generating data for Console...

Generating moresimple report from './spyglass-1/lint/lint_functional_rtl/spyglass.vdb' to './spyglass-1/lint/lint_functional_rtl/spyglass_reports/moresimple.rpt' ....

Generating runsummary report from './spyglass-1/lint/lint_functional_rtl/spyglass.vdb' ....

Generating no_msg_reporting_rules report from './spyglass-1/lint/lint_functional_rtl/spyglass.vdb' to './spyglass-1/lint/lint_functional_rtl/spyglass_reports/no_msg_reporting_rules.rpt' ....

Generating ADV-LINT report from './spyglass-1/lint/lint_functional_rtl/spyglass.vdb' to './spyglass-1/lint/lint_functional_rtl/spyglass_reports/ADV-LINT.rpt' ....
##FILEDEBUG[spyOpenFile]: File Opening failed for file-label 'ADV_LINT_INFO_FILE' in "r" mode
##FILEDEBUG[spyOpenFile]: File Opening failed for file-label 'AUTOVERIFY_FUNCTIONAL_TIME_FILE' in "r" mode

Generating auto_verify report from './spyglass-1/lint/lint_functional_rtl/spyglass.vdb' to './spyglass-1/lint/lint_functional_rtl/spyglass_reports/auto_verify.rpt' ....

Policy specific data (reports) are present in the directory './spyglass-1/lint/lint_functional_rtl/spyglass_reports'.

SpyGlass critical reports for the current run are present in directory './spyglass-1/consolidated_reports/lint_lint_functional_rtl/'.
##SGDEBUG [PEAK_MEMORY]: 2616164 KB for entire run at 'GenTopLevelBlocksForAutoSoc' stage
##SGDEBUG [VMPEAK_MEMORY]: 2905268 KB for entire run
##SGDEBUG [BENCHMARK_ABSOLUTE]: Rule checking aborted: 2 sec, 687827 KB, 2615364 KB
##SGDEBUG [BENCHMARK_INCR]: Rule checking aborted: 1 sec, 4040 KB, 1248 KB


=====================================================================================
							Rule Parameter Table
=====================================================================================

	PARAMETER-NAME                                     VALUE
-------------------------------------------------------------------------------------
	-abstract                                          0
	-allow_clock_on_output_port                        no
	-atime                                             UNDEFINED
	-audit                                             no
	-av_flopcount                                      -1
	-av_seqdepth                                       -1
	-check_case_type                                   all
	-check_clock_group_violations                      no
	-check_concat_max_width                            no
	-check_counter_assignment                          no
	-check_pad_concat                                  no
	-check_sequential                                  no
	-check_sign_extend                                 no
	-check_static_value                                no
	-check_unsign_overflow                             no
	-chk_sign_unsign_also                              no
	-dccompat                                          no
	-debug_proc                                        no
	-disable_rtl_deadcode                              no
	-force_genclk_for_txv                              no
	-fv_parallelfile                                   UNDEFINED
	-handle_shift_op                                   no
	-ieffort                                           0
	-ignore_bus_clocks                                 1024
	-ignore_latches                                    no
	-ignoreforindex                                    no
	-library_gen_clock_naming                          yes
	-modulelist                                        UNDEFINED
	-netlist_clock_polarity                            yes
	-nocheckoverflow                                   yes
	-passfail                                          both
	-populate_comboelements_for_minmax_in_fromto       no
	-preserve_path                                     no
	-propfile                                          UNDEFINED
	-pt                                                yes
	-report_blackbox_inst                              no
	-reportconstassign                                 no
	-scope                                             chip
	-show_all_sdc_violations                           no
	-show_sdc_progress                                 no
	-solvemethod                                       1
	-strict                                            no
	-suppress_sdc_violation_in_abstract                no
	-tc_disable_caching                                no
	-tc_stop_parsing_ignored_commands                  no
	-tclfile                                           UNDEFINED
	-truncate_through                                  yes
	-use_carry_bit                                     no
	-use_inferred_clocks                               no
	-use_inferred_resets                               no
	-use_lrm_width                                     no
	-vcdfile                                           UNDEFINED
	-vcdfulltrace                                      usernets
	-vcdtime                                           -1
	-verbose                                           0
	-write_sdc                                         no
=====================================================================================



=====================================================================================
                               Rule Status Table

 RULE-NAME                      POLICY-NAME     ENABLED VIOL-CNT RULE-TYPE   ERROR-MSG         
=====================================================================================
 Av_staticreg02                 auto-verify     No             - FLATDU2_WL     -               
 Av_ovl01                       auto-verify     No             - FLATDU2_WL     -               
 Av_syncfifo01                  auto-verify     No             - FLATDU2_WL     -               
 Av_eventually_stucknet         auto-verify     No             - FLATDU2_WL     -               
 Av_setreset01                  auto-verify     No             - FLATDU2_WL     -               
 Av_staticnet01                 auto-verify     No             - FLATDU2_WL     -               
 Av_dontcare01                  auto-verify     No             - FLATDU2_WL     -               
 Av_negative_shift              auto-verify     No             - FLATDU2_WL     -               
 Av_divide_by_zero              auto-verify     No             - FLATDU2_WL     -               
 Av_range01                     auto-verify     No             - FLATDU2_WL     -               
 Av_fsm01                       auto-verify     No             - FLATDU2_WL     -               
 Av_fsm02                       auto-verify     No             - FLATDU2_WL     -               
 Av_deadcode01                  auto-verify     No             - FLATDU2_WL     -               
 Av_case03                      auto-verify     No             - ELABDU         -               
 Av_case02                      auto-verify     No             - FLATDU2_WL     -               
 Av_case01                      auto-verify     No             - FLATDU2_WL     -               
 Av_bus02                       auto-verify     No             - FLATDU2_WL     -               
 Av_bus01                       auto-verify     No             - FLATDU2_WL     -               
 Av_complexity01                auto-verify     No             - FLATDU2_WL     -               
 Av_fsm_analysis                auto-verify     No             - FLATDU2_WL     -               
 Av_fsminf02                    auto-verify     No             - FLATDU2_WL     -               
 Av_fsminf01                    auto-verify     No             - FLATDU2_WL     -               
 Av_sanity04                    auto-verify     No             - FLATDU2_WL     -               
 Av_rstinf01                    auto-verify     No             - FLATDU2_WL     -               
 Av_clkinf01                    auto-verify     No             - FLATDU2_WL     -               
 Av_sanity03                    auto-verify     No             - FLATDU2_WL     -               
 _avAddSynthNet                 auto-verify     Yes            0 ELABDU         -               
 _advLintReport01               auto-verify     Yes            0 FLATDU2_WL     -               
 Av_report01                    auto-verify     Yes            0 FLATDU2_WL     -               
 Av_IpblockTaggedNet            auto-verify     Yes            0 FLATDU2_PRD_WL   -               
 Av_PortRetention               auto-verify     Yes            0 VSTOPDU        -               
 Av_Info_Case_Analysis          auto-verify     Yes            0 FLATDU2_WL     -               
 _formallint_preReq   (Verilog) auto-verify     Yes            0 ELABDU         -               
 _case_default_missing_prereq(Verilog) auto-verify     Yes            0 ELABDU         -               
 Av_case_default_missing        auto-verify     Yes            0 FLATDU2_WL     -               
 _case_default_redundant_prereq(Verilog) auto-verify     Yes            0 ELABDU         -               
 Av_case_default_redundant      auto-verify     Yes            0 FLATDU2_WL     -               
 _dontcare_mismatch_prereq(Verilog) auto-verify     Yes            0 ELABDU         -               
 Av_dontcare_mismatch           auto-verify     Yes            0 FLATDU2_WL     -               
 _width_expr03_mismatch_prereq(Verilog) auto-verify     Yes            0 ELABDU         -               
 Av_width_mismatch_expr03       auto-verify     Yes            0 FLATDU2_WL     -               
 _width_expr02_mismatch_prereq(Verilog) auto-verify     Yes            0 ELABDU         -               
 Av_width_mismatch_expr02       auto-verify     Yes            0 FLATDU2_WL     -               
 _width05_prereq      (Verilog) auto-verify     Yes            0 ELABDU         -               
 Av_width_mismatch_expr         auto-verify     Yes            0 FLATDU2_WL     -               
 _signunsign01_prereq (Verilog) auto-verify     Yes            0 ELABDU         -               
 Av_signed_unsigned_mismatch    auto-verify     Yes            0 FLATDU2_WL     -               
 _width04_prereq      (Verilog) auto-verify     Yes            0 ELABDU         -               
 Av_width_mismatch_function     auto-verify     Yes            0 FLATDU2_WL     -               
 _width03_prereq      (Verilog) auto-verify     Yes            0 ELABDU         -               
 Av_width_mismatch_port         auto-verify     Yes            0 FLATDU2_WL     -               
 _width02_prereq      (Verilog) auto-verify     Yes            0 ELABDU         -               
 Av_width_mismatch_case         auto-verify     Yes            0 FLATDU2_WL     -               
 _width01_prereq      (Verilog) auto-verify     Yes            0 ELABDU         -               
 Av_width_mismatch_assign       auto-verify     Yes            0 FLATDU2_WL     -               
 _chk_signed_unsigned_prereq(Verilog) auto-verify     Yes            0 ELABDU         -               
 Av_staticnetnreq01             auto-verify     Yes            0 VSDU           -               
 Av_dcreq01           (VHDL   ) auto-verify     Yes            0 ELABDU         -               
 Av_dcreq01           (Verilog) auto-verify     Yes            0 ELABDU         -               
 veShiftOperatorPreReq(Verilog) auto-verify     Yes            0 ELABDU         -               
 veOperatorPreReq     (Verilog) auto-verify     Yes            0 ELABDU         -               
 AnalyzeABV           (Verilog) auto-verify     Yes            0 ELABDU         -               
 Av_dcreq02                     auto-verify     Yes            0 VSDU           -               
 Av_deadfilter01                auto-verify     Yes            0 VSDU           -               
 Av_deadreq01         (VHDL   ) auto-verify     Yes            0 ELABDU         -               
 Av_deadreq01         (Verilog) auto-verify     Yes            0 ELABDU         -               
 Av_complexity_req02            auto-verify     Yes            0 VSDULIST       -               
 Av_complexity_req01  (VHDL   ) auto-verify     Yes            0 LEXICAL        -               
 Av_complexity_req01  (Verilog) auto-verify     Yes            0 LEXICAL        -               
 SGDC_fsm_setup01               auto-verify     Yes            0 VSTOPDU        -               
 _fsm_contr01                   auto-verify     Yes            0 FLATDU2_WL     -               
 Av_casereq03                   auto-verify     Yes            0 VSTOPDU        -               
 Av_casereq02         (Verilog) auto-verify     Yes            0 VSDU           -               
 Av_casereq01         (Verilog) auto-verify     Yes            0 ELABDU         -               
 Av_svasetup01                  auto-verify     Yes            0 VSDU           -               
 Av_rstreq01          (VHDL   ) auto-verify     Yes            0 ELABDU         -               
 Av_rstreq01          (Verilog) auto-verify     Yes            0 ELABDU         -               
 _fsm03_prereq                  auto-verify     Yes            0 FLATDU2_WL     -               
 Av_fsmreq02                    auto-verify     Yes            0 FLATDU2_WL     -               
 Av_fsmreq01          (VHDL   ) auto-verify     Yes            0 ELABDU         -               
 Av_fsmreq01          (Verilog) auto-verify     Yes            0 ELABDU         -               
 InitState            (VHDL   ) auto-verify     Yes            0 ELABDU         -               
 InitState            (Verilog) auto-verify     Yes            0 ELABDU         -               
 _formal_anlysis_filter_prereq  auto-verify     Yes            0 FLATDU2_WL     -               
 Av_sanity06                    auto-verify     Yes            0 FLATDU2_WL     -               
 Av_multitop01        (VHDL   ) auto-verify     Yes            0 ELABDU         -               
 Av_multitop01        (Verilog) auto-verify     Yes            1 ELABDU         -               
 Av_sanity02                    auto-verify     Yes            0 FLATDU2_WL     -               
 Av_sanity01                    auto-verify     Yes            0 SETUP          -               
 Av_setup_checks01              auto-verify     Yes            0 SETUP          -               
 Av_license01                   auto-verify     Yes            0 SETUP          -               
 Av_initstate01                 auto-verify     Yes            0 FLATDU2_WL     -               
 SGDC_av_meta_design_hier01     auto-verify     Yes            0 FLATDU2_WL     -               
 _vhAvMeta01          (VHDL   ) auto-verify     Yes            0 VSDU           -               
 Av_init01                      auto-verify     Yes            0 FLATDU2_WL     -               
 Av_initseq01                   auto-verify     Yes            0 FLATDU2_WL     -               
 ElabSummary                    SpyGlass        Yes            1 SETUP          -               
 DetectTopDesignUnits           SpyGlass        Yes            2 RTLALLDULIST   -               
-------------------------------------------------------------------------------------
Note: VSDU type of rules (as seen in the above table) are not run on
      unsynthesized modules reported by 'ErrorAnalyzeBBox/InfoAnalyzeBBox' messages
      (Please see messages starting with keyword 'UnsynthesizedDU')

##status : SpyGlass Rule Checking Aborted.

---------------------------------------------------------------------------------------------
Results Summary:
---------------------------------------------------------------------------------------------
   Goal Run           :      lint/lint_functional_rtl
   Design Read        :      0 fatal,      0 error,        0 warning,      3 information messages
      Found 2 top modules:
         sys_top     (file: /home/ICer/UART_System/rtl/System_Top/System_TOP.sv)
         Data_Sync   (file: /home/ICer/UART_System/rtl/UART/DATA_SYNC.v)

** Policy auto-verify :      1 fatal,      0 error,        0 warning,      0 information message 
   -------------------------------------------------------------------------------------
** Total              :      1 fatal,      0 error,        0 warning,      3 information messages

  Total Number of Generated Messages     :         4 (1 fatal, 0 error, 0 warning, 3 Infos)
  Number of Reported Messages            :         4 (1 fatal, 0 error, 0 warning, 3 Infos)

  NOTE: It is recommended to first fix/reconcile fatals/errors reported on
        lines starting with ** as subsequent issues might be related to it.
        Please re-run SpyGlass once ** prefixed lines are fatal/error clean.

---------------------------------------------------------------------------------------------

Following FATAL message(s) generated in current run -

Rule            Severity   File                                          Line   Message
-------------------------------------------------------------------------
Av_multitop01   Fatal      /home/ICer/UART_System/rtl/UART/DATA_SYNC.v   1      Detected '2' top level design units. Please specify a single top level design unit

FATAL : Rule-checking aborted - usage or run error

---------------------------------------------------------------------------------------------------
Results Summary:
---------------------------------------------------------------------------------------------------
   Goal Run           :      lint/lint_functional_rtl
   Top Module         :      Found 2 top modules
                             (sys_top Data_Sync)
---------------------------------------------------------------------------------------------------
   Reports Directory: 
   /home/ICer/UART_System/Spyglass/spyglass-1/consolidated_reports/lint_lint_functional_rtl/ 

   SpyGlass LogFile: 
    /home/ICer/UART_System/Spyglass/spyglass-1/lint/lint_functional_rtl/spyglass.log 

   Standard Reports: 
     moresimple.rpt          no_msg_reporting_rules.rpt       

   HTML report:
    /home/ICer/UART_System/Spyglass/spyglass-1/html_reports/goals_summary.html
  

   Technology Reports:  
     ADV-LINT.rpt          auto_verify.rpt        
   
---------------------------------------------------------------------------------------------------
   Goal Violation Summary:
       Waived   Messages:                      0 Errors,      0 Warnings,      0 Infos
       Reported Messages:         1 Fatals,    0 Errors,      0 Warnings,      3 Infos
---------------------------------------------------------------------------------------------------
   
---------------------------------------------------------------------------------------------------
 
SpyGlass Exit Code 7 (Rule-checking terminated due to FATAL errors - usage or run error)
SpyGlass total run-time is 0:0:2 (2 secs)
SpyGlass run completed at 03:21:55 AM on Sep 22 2026
