 
****************************************
Report : timing
        -path full
        -delay min
        -max_paths 100
Design : sys_top
Version: O-2018.06-SP1
Date   : Mon Oct  5 06:32:53 2026
****************************************

Operating Conditions: scmetro_tsmc_cl013g_rvt_ff_1p32v_m40c   Library: scmetro_tsmc_cl013g_rvt_ff_1p32v_m40c
Wire Load Model Mode: top

  Startpoint: sys_ctrl_u_current_state_reg_2_
              (rising edge-triggered flip-flop clocked by Ref_clk)
  Endpoint: ALU_u_OUT_VALID_reg
            (rising edge-triggered flip-flop clocked by Gated_clk)
  Path Group: Gated_clk
  Path Type: min

  Point                                                   Incr       Path
  --------------------------------------------------------------------------
  clock Ref_clk (rise edge)                               0.00       0.00
  clock network delay (ideal)                             0.00       0.00
  sys_ctrl_u_current_state_reg_2_/CK (SDFFRQX1M)          0.00       0.00 r
  sys_ctrl_u_current_state_reg_2_/Q (SDFFRQX1M)           0.43       0.43 r
  U1436/Y (NAND3BXLM)                                     0.22       0.65 r
  U1323/Y (NOR2XLM)                                       0.11       0.76 f
  ALU_u_OUT_VALID_reg/D (SDFFRQX1M)                       0.00       0.76 f
  data arrival time                                                  0.76

  clock Gated_clk (rise edge)                             0.00       0.00
  clock network delay (ideal)                             0.00       0.00
  clock uncertainty                                       0.10       0.10
  ALU_u_OUT_VALID_reg/CK (SDFFRQX1M)                      0.00       0.10 r
  library hold time                                      -0.23      -0.13
  data required time                                                -0.13
  --------------------------------------------------------------------------
  data required time                                                -0.13
  data arrival time                                                 -0.76
  --------------------------------------------------------------------------
  slack (MET)                                                        0.89


  Startpoint: Regfile_u_reg_file_reg_0__7_
              (rising edge-triggered flip-flop clocked by Ref_clk)
  Endpoint: ALU_u_ALU_OUT_reg_15_
            (rising edge-triggered flip-flop clocked by Gated_clk)
  Path Group: Gated_clk
  Path Type: min

  Point                                                   Incr       Path
  --------------------------------------------------------------------------
  clock Ref_clk (rise edge)                               0.00       0.00
  clock network delay (ideal)                             0.00       0.00
  Regfile_u_reg_file_reg_0__7_/CK (SDFFRQX1M)             0.00       0.00 r
  Regfile_u_reg_file_reg_0__7_/Q (SDFFRQX1M)              0.54       0.54 f
  U1882/Y (NAND2XLM)                                      0.18       0.72 r
  U1310/Y (OAI31XLM)                                      0.13       0.85 f
  ALU_u_ALU_OUT_reg_15_/D (SDFFRQX1M)                     0.00       0.85 f
  data arrival time                                                  0.85

  clock Gated_clk (rise edge)                             0.00       0.00
  clock network delay (ideal)                             0.00       0.00
  clock uncertainty                                       0.10       0.10
  ALU_u_ALU_OUT_reg_15_/CK (SDFFRQX1M)                    0.00       0.10 r
  library hold time                                      -0.23      -0.13
  data required time                                                -0.13
  --------------------------------------------------------------------------
  data required time                                                -0.13
  data arrival time                                                 -0.85
  --------------------------------------------------------------------------
  slack (MET)                                                        0.98


  Startpoint: Regfile_u_reg_file_reg_0__7_
              (rising edge-triggered flip-flop clocked by Ref_clk)
  Endpoint: ALU_u_ALU_OUT_reg_6_
            (rising edge-triggered flip-flop clocked by Gated_clk)
  Path Group: Gated_clk
  Path Type: min

  Point                                                   Incr       Path
  --------------------------------------------------------------------------
  clock Ref_clk (rise edge)                               0.00       0.00
  clock network delay (ideal)                             0.00       0.00
  Regfile_u_reg_file_reg_0__7_/CK (SDFFRQX1M)             0.00       0.00 r
  Regfile_u_reg_file_reg_0__7_/Q (SDFFRQX1M)              0.53       0.53 r
  U1878/Y (AOI22XLM)                                      0.15       0.68 f
  U1271/Y (OAI211XLM)                                     0.11       0.78 r
  U1270/Y (AOI21XLM)                                      0.06       0.84 f
  U1269/Y (OAI2BB1XLM)                                    0.07       0.90 r
  ALU_u_ALU_OUT_reg_6_/D (SDFFRQX1M)                      0.00       0.90 r
  data arrival time                                                  0.90

  clock Gated_clk (rise edge)                             0.00       0.00
  clock network delay (ideal)                             0.00       0.00
  clock uncertainty                                       0.10       0.10
  ALU_u_ALU_OUT_reg_6_/CK (SDFFRQX1M)                     0.00       0.10 r
  library hold time                                      -0.18      -0.08
  data required time                                                -0.08
  --------------------------------------------------------------------------
  data required time                                                -0.08
  data arrival time                                                 -0.90
  --------------------------------------------------------------------------
  slack (MET)                                                        0.98


  Startpoint: Regfile_u_reg_file_reg_0__1_
              (rising edge-triggered flip-flop clocked by Ref_clk)
  Endpoint: ALU_u_ALU_OUT_reg_2_
            (rising edge-triggered flip-flop clocked by Gated_clk)
  Path Group: Gated_clk
  Path Type: min

  Point                                                   Incr       Path
  --------------------------------------------------------------------------
  clock Ref_clk (rise edge)                               0.00       0.00
  clock network delay (ideal)                             0.00       0.00
  Regfile_u_reg_file_reg_0__1_/CK (SDFFRQX1M)             0.00       0.00 r
  Regfile_u_reg_file_reg_0__1_/Q (SDFFRQX1M)              0.55       0.55 r
  U1957/Y (AOI22XLM)                                      0.12       0.67 f
  U1296/Y (OAI211XLM)                                     0.11       0.78 r
  U1294/Y (AOI21XLM)                                      0.06       0.84 f
  U1293/Y (OAI211XLM)                                     0.07       0.91 r
  ALU_u_ALU_OUT_reg_2_/D (SDFFRQX1M)                      0.00       0.91 r
  data arrival time                                                  0.91

  clock Gated_clk (rise edge)                             0.00       0.00
  clock network delay (ideal)                             0.00       0.00
  clock uncertainty                                       0.10       0.10
  ALU_u_ALU_OUT_reg_2_/CK (SDFFRQX1M)                     0.00       0.10 r
  library hold time                                      -0.18      -0.08
  data required time                                                -0.08
  --------------------------------------------------------------------------
  data required time                                                -0.08
  data arrival time                                                 -0.91
  --------------------------------------------------------------------------
  slack (MET)                                                        1.00


  Startpoint: Regfile_u_reg_file_reg_0__1_
              (rising edge-triggered flip-flop clocked by Ref_clk)
  Endpoint: ALU_u_ALU_OUT_reg_0_
            (rising edge-triggered flip-flop clocked by Gated_clk)
  Path Group: Gated_clk
  Path Type: min

  Point                                                   Incr       Path
  --------------------------------------------------------------------------
  clock Ref_clk (rise edge)                               0.00       0.00
  clock network delay (ideal)                             0.00       0.00
  Regfile_u_reg_file_reg_0__1_/CK (SDFFRQX1M)             0.00       0.00 r
  Regfile_u_reg_file_reg_0__1_/Q (SDFFRQX1M)              0.55       0.55 r
  U2070/Y (AOI211XLM)                                     0.16       0.71 f
  U1251/Y (OAI211XLM)                                     0.09       0.80 r
  U1249/Y (AOI21XLM)                                      0.06       0.85 f
  U1248/Y (OAI2BB1XLM)                                    0.07       0.92 r
  ALU_u_ALU_OUT_reg_0_/D (SDFFRQX1M)                      0.00       0.92 r
  data arrival time                                                  0.92

  clock Gated_clk (rise edge)                             0.00       0.00
  clock network delay (ideal)                             0.00       0.00
  clock uncertainty                                       0.10       0.10
  ALU_u_ALU_OUT_reg_0_/CK (SDFFRQX1M)                     0.00       0.10 r
  library hold time                                      -0.18      -0.08
  data required time                                                -0.08
  --------------------------------------------------------------------------
  data required time                                                -0.08
  data arrival time                                                 -0.92
  --------------------------------------------------------------------------
  slack (MET)                                                        1.00


  Startpoint: Regfile_u_reg_file_reg_0__4_
              (rising edge-triggered flip-flop clocked by Ref_clk)
  Endpoint: ALU_u_ALU_OUT_reg_5_
            (rising edge-triggered flip-flop clocked by Gated_clk)
  Path Group: Gated_clk
  Path Type: min

  Point                                                   Incr       Path
  --------------------------------------------------------------------------
  clock Ref_clk (rise edge)                               0.00       0.00
  clock network delay (ideal)                             0.00       0.00
  Regfile_u_reg_file_reg_0__4_/CK (SDFFRQX1M)             0.00       0.00 r
  Regfile_u_reg_file_reg_0__4_/Q (SDFFRQX1M)              0.58       0.58 r
  U1748/Y (AOI22XLM)                                      0.13       0.71 f
  U1762/Y (OAI211XLM)                                     0.10       0.81 r
  U1276/Y (AOI211XLM)                                     0.07       0.88 f
  U1275/Y (NAND3XLM)                                      0.07       0.95 r
  ALU_u_ALU_OUT_reg_5_/D (SDFFRQX1M)                      0.00       0.95 r
  data arrival time                                                  0.95

  clock Gated_clk (rise edge)                             0.00       0.00
  clock network delay (ideal)                             0.00       0.00
  clock uncertainty                                       0.10       0.10
  ALU_u_ALU_OUT_reg_5_/CK (SDFFRQX1M)                     0.00       0.10 r
  library hold time                                      -0.18      -0.08
  data required time                                                -0.08
  --------------------------------------------------------------------------
  data required time                                                -0.08
  data arrival time                                                 -0.95
  --------------------------------------------------------------------------
  slack (MET)                                                        1.03


  Startpoint: Regfile_u_reg_file_reg_0__2_
              (rising edge-triggered flip-flop clocked by Ref_clk)
  Endpoint: ALU_u_ALU_OUT_reg_3_
            (rising edge-triggered flip-flop clocked by Gated_clk)
  Path Group: Gated_clk
  Path Type: min

  Point                                                   Incr       Path
  --------------------------------------------------------------------------
  clock Ref_clk (rise edge)                               0.00       0.00
  clock network delay (ideal)                             0.00       0.00
  Regfile_u_reg_file_reg_0__2_/CK (SDFFRQX1M)             0.00       0.00 r
  Regfile_u_reg_file_reg_0__2_/Q (SDFFRQX1M)              0.59       0.59 r
  U1911/Y (AOI22XLM)                                      0.13       0.72 f
  U1289/Y (OAI211XLM)                                     0.11       0.83 r
  U1287/Y (AOI21XLM)                                      0.06       0.89 f
  U1286/Y (OAI211XLM)                                     0.07       0.96 r
  ALU_u_ALU_OUT_reg_3_/D (SDFFRQX1M)                      0.00       0.96 r
  data arrival time                                                  0.96

  clock Gated_clk (rise edge)                             0.00       0.00
  clock network delay (ideal)                             0.00       0.00
  clock uncertainty                                       0.10       0.10
  ALU_u_ALU_OUT_reg_3_/CK (SDFFRQX1M)                     0.00       0.10 r
  library hold time                                      -0.18      -0.08
  data required time                                                -0.08
  --------------------------------------------------------------------------
  data required time                                                -0.08
  data arrival time                                                 -0.96
  --------------------------------------------------------------------------
  slack (MET)                                                        1.05


  Startpoint: Regfile_u_reg_file_reg_0__5_
              (rising edge-triggered flip-flop clocked by Ref_clk)
  Endpoint: ALU_u_ALU_OUT_reg_4_
            (rising edge-triggered flip-flop clocked by Gated_clk)
  Path Group: Gated_clk
  Path Type: min

  Point                                                   Incr       Path
  --------------------------------------------------------------------------
  clock Ref_clk (rise edge)                               0.00       0.00
  clock network delay (ideal)                             0.00       0.00
  Regfile_u_reg_file_reg_0__5_/CK (SDFFRQX1M)             0.00       0.00 r
  Regfile_u_reg_file_reg_0__5_/Q (SDFFRQX1M)              0.56       0.56 r
  U1791/Y (AOI211XLM)                                     0.18       0.74 f
  U1797/Y (OAI211XLM)                                     0.09       0.83 r
  U1281/Y (AOI211XLM)                                     0.07       0.90 f
  U1280/Y (OAI2BB1XLM)                                    0.07       0.97 r
  ALU_u_ALU_OUT_reg_4_/D (SDFFRQX1M)                      0.00       0.97 r
  data arrival time                                                  0.97

  clock Gated_clk (rise edge)                             0.00       0.00
  clock network delay (ideal)                             0.00       0.00
  clock uncertainty                                       0.10       0.10
  ALU_u_ALU_OUT_reg_4_/CK (SDFFRQX1M)                     0.00       0.10 r
  library hold time                                      -0.18      -0.08
  data required time                                                -0.08
  --------------------------------------------------------------------------
  data required time                                                -0.08
  data arrival time                                                 -0.97
  --------------------------------------------------------------------------
  slack (MET)                                                        1.05


  Startpoint: Regfile_u_reg_file_reg_0__2_
              (rising edge-triggered flip-flop clocked by Ref_clk)
  Endpoint: ALU_u_ALU_OUT_reg_1_
            (rising edge-triggered flip-flop clocked by Gated_clk)
  Path Group: Gated_clk
  Path Type: min

  Point                                                   Incr       Path
  --------------------------------------------------------------------------
  clock Ref_clk (rise edge)                               0.00       0.00
  clock network delay (ideal)                             0.00       0.00
  Regfile_u_reg_file_reg_0__2_/CK (SDFFRQX1M)             0.00       0.00 r
  Regfile_u_reg_file_reg_0__2_/Q (SDFFRQX1M)              0.59       0.59 r
  U1991/Y (AOI22XLM)                                      0.16       0.75 f
  U1301/Y (NAND3XLM)                                      0.10       0.85 r
  U1299/Y (AOI211XLM)                                     0.07       0.92 f
  U1298/Y (OAI21XLM)                                      0.07       0.99 r
  ALU_u_ALU_OUT_reg_1_/D (SDFFRQX1M)                      0.00       0.99 r
  data arrival time                                                  0.99

  clock Gated_clk (rise edge)                             0.00       0.00
  clock network delay (ideal)                             0.00       0.00
  clock uncertainty                                       0.10       0.10
  ALU_u_ALU_OUT_reg_1_/CK (SDFFRQX1M)                     0.00       0.10 r
  library hold time                                      -0.18      -0.08
  data required time                                                -0.08
  --------------------------------------------------------------------------
  data required time                                                -0.08
  data arrival time                                                 -0.99
  --------------------------------------------------------------------------
  slack (MET)                                                        1.07


  Startpoint: Regfile_u_reg_file_reg_0__7_
              (rising edge-triggered flip-flop clocked by Ref_clk)
  Endpoint: ALU_u_ALU_OUT_reg_7_
            (rising edge-triggered flip-flop clocked by Gated_clk)
  Path Group: Gated_clk
  Path Type: min

  Point                                                   Incr       Path
  --------------------------------------------------------------------------
  clock Ref_clk (rise edge)                               0.00       0.00
  clock network delay (ideal)                             0.00       0.00
  Regfile_u_reg_file_reg_0__7_/CK (SDFFRQX1M)             0.00       0.00 r
  Regfile_u_reg_file_reg_0__7_/Q (SDFFRQX1M)              0.54       0.54 f
  U1882/Y (NAND2XLM)                                      0.18       0.72 r
  U1889/Y (AOI22XLM)                                      0.10       0.82 f
  U1890/Y (OAI21XLM)                                      0.09       0.91 r
  U1267/Y (AOI211XLM)                                     0.07       0.98 f
  U1266/Y (OAI2B11XLM)                                    0.08       1.05 r
  ALU_u_ALU_OUT_reg_7_/D (SDFFRQX1M)                      0.00       1.05 r
  data arrival time                                                  1.05

  clock Gated_clk (rise edge)                             0.00       0.00
  clock network delay (ideal)                             0.00       0.00
  clock uncertainty                                       0.10       0.10
  ALU_u_ALU_OUT_reg_7_/CK (SDFFRQX1M)                     0.00       0.10 r
  library hold time                                      -0.18      -0.08
  data required time                                                -0.08
  --------------------------------------------------------------------------
  data required time                                                -0.08
  data arrival time                                                 -1.05
  --------------------------------------------------------------------------
  slack (MET)                                                        1.14


  Startpoint: Regfile_u_reg_file_reg_0__7_
              (rising edge-triggered flip-flop clocked by Ref_clk)
  Endpoint: ALU_u_ALU_OUT_reg_8_
            (rising edge-triggered flip-flop clocked by Gated_clk)
  Path Group: Gated_clk
  Path Type: min

  Point                                                   Incr       Path
  --------------------------------------------------------------------------
  clock Ref_clk (rise edge)                               0.00       0.00
  clock network delay (ideal)                             0.00       0.00
  Regfile_u_reg_file_reg_0__7_/CK (SDFFRQX1M)             0.00       0.00 r
  Regfile_u_reg_file_reg_0__7_/Q (SDFFRQX1M)              0.53       0.53 r
  U1067/Y (INVXLM)                                        0.20       0.73 f
  U1265/Y (OAI21XLM)                                      0.22       0.95 r
  U1263/Y (AOI21XLM)                                      0.06       1.01 f
  U1262/Y (OAI2BB1XLM)                                    0.07       1.07 r
  ALU_u_ALU_OUT_reg_8_/D (SDFFRQX1M)                      0.00       1.07 r
  data arrival time                                                  1.07

  clock Gated_clk (rise edge)                             0.00       0.00
  clock network delay (ideal)                             0.00       0.00
  clock uncertainty                                       0.10       0.10
  ALU_u_ALU_OUT_reg_8_/CK (SDFFRQX1M)                     0.00       0.10 r
  library hold time                                      -0.18      -0.08
  data required time                                                -0.08
  --------------------------------------------------------------------------
  data required time                                                -0.08
  data arrival time                                                 -1.07
  --------------------------------------------------------------------------
  slack (MET)                                                        1.15


  Startpoint: Regfile_u_reg_file_reg_0__7_
              (rising edge-triggered flip-flop clocked by Ref_clk)
  Endpoint: ALU_u_ALU_OUT_reg_14_
            (rising edge-triggered flip-flop clocked by Gated_clk)
  Path Group: Gated_clk
  Path Type: min

  Point                                                   Incr       Path
  --------------------------------------------------------------------------
  clock Ref_clk (rise edge)                               0.00       0.00
  clock network delay (ideal)                             0.00       0.00
  Regfile_u_reg_file_reg_0__7_/CK (SDFFRQX1M)             0.00       0.00 r
  Regfile_u_reg_file_reg_0__7_/Q (SDFFRQX1M)              0.54       0.54 f
  U1882/Y (NAND2XLM)                                      0.18       0.72 r
  U1313/Y (XOR2XLM)                                       0.15       0.87 f
  U1312/Y (AOI21XLM)                                      0.11       0.97 r
  U1311/Y (OAI21XLM)                                      0.10       1.07 f
  ALU_u_ALU_OUT_reg_14_/D (SDFFRQX1M)                     0.00       1.07 f
  data arrival time                                                  1.07

  clock Gated_clk (rise edge)                             0.00       0.00
  clock network delay (ideal)                             0.00       0.00
  clock uncertainty                                       0.10       0.10
  ALU_u_ALU_OUT_reg_14_/CK (SDFFRQX1M)                    0.00       0.10 r
  library hold time                                      -0.23      -0.13
  data required time                                                -0.13
  --------------------------------------------------------------------------
  data required time                                                -0.13
  data arrival time                                                 -1.07
  --------------------------------------------------------------------------
  slack (MET)                                                        1.20


  Startpoint: Rx2SysCtrl_sync_bus_reg_0_
              (rising edge-triggered flip-flop clocked by Ref_clk)
  Endpoint: ALU_u_ALU_OUT_reg_11_
            (rising edge-triggered flip-flop clocked by Gated_clk)
  Path Group: Gated_clk
  Path Type: min

  Point                                                   Incr       Path
  --------------------------------------------------------------------------
  clock Ref_clk (rise edge)                               0.00       0.00
  clock network delay (ideal)                             0.00       0.00
  Rx2SysCtrl_sync_bus_reg_0_/CK (SDFFRQX1M)               0.00       0.00 r
  Rx2SysCtrl_sync_bus_reg_0_/Q (SDFFRQX1M)                0.42       0.42 r
  U1458/Y (NAND2XLM)                                      0.19       0.61 f
  U1415/Y (INVXLM)                                        0.14       0.75 r
  U1402/Y (NOR2XLM)                                       0.18       0.92 f
  U1317/Y (OAI2BB1XLM)                                    0.23       1.15 f
  ALU_u_ALU_OUT_reg_11_/D (SDFFRQX1M)                     0.00       1.15 f
  data arrival time                                                  1.15

  clock Gated_clk (rise edge)                             0.00       0.00
  clock network delay (ideal)                             0.00       0.00
  clock uncertainty                                       0.10       0.10
  ALU_u_ALU_OUT_reg_11_/CK (SDFFRQX1M)                    0.00       0.10 r
  library hold time                                      -0.23      -0.13
  data required time                                                -0.13
  --------------------------------------------------------------------------
  data required time                                                -0.13
  data arrival time                                                 -1.15
  --------------------------------------------------------------------------
  slack (MET)                                                        1.28


  Startpoint: Rx2SysCtrl_sync_bus_reg_0_
              (rising edge-triggered flip-flop clocked by Ref_clk)
  Endpoint: ALU_u_ALU_OUT_reg_13_
            (rising edge-triggered flip-flop clocked by Gated_clk)
  Path Group: Gated_clk
  Path Type: min

  Point                                                   Incr       Path
  --------------------------------------------------------------------------
  clock Ref_clk (rise edge)                               0.00       0.00
  clock network delay (ideal)                             0.00       0.00
  Rx2SysCtrl_sync_bus_reg_0_/CK (SDFFRQX1M)               0.00       0.00 r
  Rx2SysCtrl_sync_bus_reg_0_/Q (SDFFRQX1M)                0.42       0.42 r
  U1458/Y (NAND2XLM)                                      0.19       0.61 f
  U1415/Y (INVXLM)                                        0.14       0.75 r
  U1402/Y (NOR2XLM)                                       0.18       0.92 f
  U1416/Y (OAI2BB1XLM)                                    0.23       1.15 f
  ALU_u_ALU_OUT_reg_13_/D (SDFFRQX1M)                     0.00       1.15 f
  data arrival time                                                  1.15

  clock Gated_clk (rise edge)                             0.00       0.00
  clock network delay (ideal)                             0.00       0.00
  clock uncertainty                                       0.10       0.10
  ALU_u_ALU_OUT_reg_13_/CK (SDFFRQX1M)                    0.00       0.10 r
  library hold time                                      -0.23      -0.13
  data required time                                                -0.13
  --------------------------------------------------------------------------
  data required time                                                -0.13
  data arrival time                                                 -1.15
  --------------------------------------------------------------------------
  slack (MET)                                                        1.28


  Startpoint: Regfile_u_reg_file_reg_0__7_
              (rising edge-triggered flip-flop clocked by Ref_clk)
  Endpoint: ALU_u_ALU_OUT_reg_10_
            (rising edge-triggered flip-flop clocked by Gated_clk)
  Path Group: Gated_clk
  Path Type: min

  Point                                                   Incr       Path
  --------------------------------------------------------------------------
  clock Ref_clk (rise edge)                               0.00       0.00
  clock network delay (ideal)                             0.00       0.00
  Regfile_u_reg_file_reg_0__7_/CK (SDFFRQX1M)             0.00       0.00 r
  Regfile_u_reg_file_reg_0__7_/Q (SDFFRQX1M)              0.54       0.54 f
  DP_OP_196J1_124_5161_U14/CO (ADDFXLM)                   0.33       0.87 f
  U1240/Y (OR2X1M)                                        0.25       1.12 f
  U1318/Y (OAI211XLM)                                     0.09       1.20 r
  ALU_u_ALU_OUT_reg_10_/D (SDFFRQX1M)                     0.00       1.20 r
  data arrival time                                                  1.20

  clock Gated_clk (rise edge)                             0.00       0.00
  clock network delay (ideal)                             0.00       0.00
  clock uncertainty                                       0.10       0.10
  ALU_u_ALU_OUT_reg_10_/CK (SDFFRQX1M)                    0.00       0.10 r
  library hold time                                      -0.18      -0.08
  data required time                                                -0.08
  --------------------------------------------------------------------------
  data required time                                                -0.08
  data arrival time                                                 -1.20
  --------------------------------------------------------------------------
  slack (MET)                                                        1.29


  Startpoint: Regfile_u_reg_file_reg_0__7_
              (rising edge-triggered flip-flop clocked by Ref_clk)
  Endpoint: ALU_u_ALU_OUT_reg_12_
            (rising edge-triggered flip-flop clocked by Gated_clk)
  Path Group: Gated_clk
  Path Type: min

  Point                                                   Incr       Path
  --------------------------------------------------------------------------
  clock Ref_clk (rise edge)                               0.00       0.00
  clock network delay (ideal)                             0.00       0.00
  Regfile_u_reg_file_reg_0__7_/CK (SDFFRQX1M)             0.00       0.00 r
  Regfile_u_reg_file_reg_0__7_/Q (SDFFRQX1M)              0.54       0.54 f
  DP_OP_196J1_124_5161_U14/CO (ADDFXLM)                   0.33       0.87 f
  U1240/Y (OR2X1M)                                        0.25       1.12 f
  U1314/Y (OAI211XLM)                                     0.09       1.20 r
  ALU_u_ALU_OUT_reg_12_/D (SDFFRQX1M)                     0.00       1.20 r
  data arrival time                                                  1.20

  clock Gated_clk (rise edge)                             0.00       0.00
  clock network delay (ideal)                             0.00       0.00
  clock uncertainty                                       0.10       0.10
  ALU_u_ALU_OUT_reg_12_/CK (SDFFRQX1M)                    0.00       0.10 r
  library hold time                                      -0.18      -0.08
  data required time                                                -0.08
  --------------------------------------------------------------------------
  data required time                                                -0.08
  data arrival time                                                 -1.20
  --------------------------------------------------------------------------
  slack (MET)                                                        1.29


  Startpoint: Rx2SysCtrl_sync_bus_reg_0_
              (rising edge-triggered flip-flop clocked by Ref_clk)
  Endpoint: ALU_u_ALU_OUT_reg_9_
            (rising edge-triggered flip-flop clocked by Gated_clk)
  Path Group: Gated_clk
  Path Type: min

  Point                                                   Incr       Path
  --------------------------------------------------------------------------
  clock Ref_clk (rise edge)                               0.00       0.00
  clock network delay (ideal)                             0.00       0.00
  Rx2SysCtrl_sync_bus_reg_0_/CK (SDFFRQX1M)               0.00       0.00 r
  Rx2SysCtrl_sync_bus_reg_0_/Q (SDFFRQX1M)                0.42       0.42 r
  U1458/Y (NAND2XLM)                                      0.19       0.61 f
  U1415/Y (INVXLM)                                        0.14       0.75 r
  U1402/Y (NOR2XLM)                                       0.18       0.92 f
  U1322/Y (AOI21XLM)                                      0.20       1.12 r
  U1321/Y (NAND2BXLM)                                     0.08       1.20 f
  ALU_u_ALU_OUT_reg_9_/D (SDFFRQX1M)                      0.00       1.20 f
  data arrival time                                                  1.20

  clock Gated_clk (rise edge)                             0.00       0.00
  clock network delay (ideal)                             0.00       0.00
  clock uncertainty                                       0.10       0.10
  ALU_u_ALU_OUT_reg_9_/CK (SDFFRQX1M)                     0.00       0.10 r
  library hold time                                      -0.23      -0.13
  data required time                                                -0.13
  --------------------------------------------------------------------------
  data required time                                                -0.13
  data arrival time                                                 -1.20
  --------------------------------------------------------------------------
  slack (MET)                                                        1.33


  Startpoint: RF1_n_synch_reg_1_
              (rising edge-triggered flip-flop clocked by Ref_clk)
  Endpoint: RF1_n_synch_reg_2_
            (rising edge-triggered flip-flop clocked by Ref_clk)
  Path Group: Ref_clk
  Path Type: min

  Point                                    Incr       Path
  -----------------------------------------------------------
  clock Ref_clk (rise edge)                0.00       0.00
  clock network delay (ideal)              0.00       0.00
  RF1_n_synch_reg_1_/CK (SDFFRQX1M)        0.00       0.00 r
  RF1_n_synch_reg_1_/Q (SDFFRQX1M)         0.41       0.41 f
  RF1_n_synch_reg_2_/D (DFFRQX1M)          0.00       0.41 f
  data arrival time                                   0.41

  clock Ref_clk (rise edge)                0.00       0.00
  clock network delay (ideal)              0.00       0.00
  clock uncertainty                        0.10       0.10
  RF1_n_synch_reg_2_/CK (DFFRQX1M)         0.00       0.10 r
  library hold time                        0.00       0.10
  data required time                                  0.10
  -----------------------------------------------------------
  data required time                                  0.10
  data arrival time                                  -0.41
  -----------------------------------------------------------
  slack (MET)                                         0.32


  Startpoint: FIFO_u_U3_RDptr_sync_s0_reg_3_
              (rising edge-triggered flip-flop clocked by Ref_clk)
  Endpoint: FIFO_u_U3_RDptr_sync_s1_reg_3_
            (rising edge-triggered flip-flop clocked by Ref_clk)
  Path Group: Ref_clk
  Path Type: min

  Point                                                   Incr       Path
  --------------------------------------------------------------------------
  clock Ref_clk (rise edge)                               0.00       0.00
  clock network delay (ideal)                             0.00       0.00
  FIFO_u_U3_RDptr_sync_s0_reg_3_/CK (SDFFRQX1M)           0.00       0.00 r
  FIFO_u_U3_RDptr_sync_s0_reg_3_/Q (SDFFRQX1M)            0.41       0.41 f
  FIFO_u_U3_RDptr_sync_s1_reg_3_/D (DFFRQX1M)             0.00       0.41 f
  data arrival time                                                  0.41

  clock Ref_clk (rise edge)                               0.00       0.00
  clock network delay (ideal)                             0.00       0.00
  clock uncertainty                                       0.10       0.10
  FIFO_u_U3_RDptr_sync_s1_reg_3_/CK (DFFRQX1M)            0.00       0.10 r
  library hold time                                       0.00       0.10
  data required time                                                 0.10
  --------------------------------------------------------------------------
  data required time                                                 0.10
  data arrival time                                                 -0.41
  --------------------------------------------------------------------------
  slack (MET)                                                        0.32


  Startpoint: FIFO_u_U3_RDptr_sync_s0_reg_2_
              (rising edge-triggered flip-flop clocked by Ref_clk)
  Endpoint: FIFO_u_U3_RDptr_sync_s1_reg_2_
            (rising edge-triggered flip-flop clocked by Ref_clk)
  Path Group: Ref_clk
  Path Type: min

  Point                                                   Incr       Path
  --------------------------------------------------------------------------
  clock Ref_clk (rise edge)                               0.00       0.00
  clock network delay (ideal)                             0.00       0.00
  FIFO_u_U3_RDptr_sync_s0_reg_2_/CK (SDFFRQX1M)           0.00       0.00 r
  FIFO_u_U3_RDptr_sync_s0_reg_2_/Q (SDFFRQX1M)            0.41       0.41 f
  FIFO_u_U3_RDptr_sync_s1_reg_2_/D (DFFRQX1M)             0.00       0.41 f
  data arrival time                                                  0.41

  clock Ref_clk (rise edge)                               0.00       0.00
  clock network delay (ideal)                             0.00       0.00
  clock uncertainty                                       0.10       0.10
  FIFO_u_U3_RDptr_sync_s1_reg_2_/CK (DFFRQX1M)            0.00       0.10 r
  library hold time                                       0.00       0.10
  data required time                                                 0.10
  --------------------------------------------------------------------------
  data required time                                                 0.10
  data arrival time                                                 -0.41
  --------------------------------------------------------------------------
  slack (MET)                                                        0.32


  Startpoint: FIFO_u_U3_RDptr_sync_s0_reg_1_
              (rising edge-triggered flip-flop clocked by Ref_clk)
  Endpoint: FIFO_u_U3_RDptr_sync_s1_reg_1_
            (rising edge-triggered flip-flop clocked by Ref_clk)
  Path Group: Ref_clk
  Path Type: min

  Point                                                   Incr       Path
  --------------------------------------------------------------------------
  clock Ref_clk (rise edge)                               0.00       0.00
  clock network delay (ideal)                             0.00       0.00
  FIFO_u_U3_RDptr_sync_s0_reg_1_/CK (SDFFRQX1M)           0.00       0.00 r
  FIFO_u_U3_RDptr_sync_s0_reg_1_/Q (SDFFRQX1M)            0.41       0.41 f
  FIFO_u_U3_RDptr_sync_s1_reg_1_/D (DFFRQX1M)             0.00       0.41 f
  data arrival time                                                  0.41

  clock Ref_clk (rise edge)                               0.00       0.00
  clock network delay (ideal)                             0.00       0.00
  clock uncertainty                                       0.10       0.10
  FIFO_u_U3_RDptr_sync_s1_reg_1_/CK (DFFRQX1M)            0.00       0.10 r
  library hold time                                       0.00       0.10
  data required time                                                 0.10
  --------------------------------------------------------------------------
  data required time                                                 0.10
  data arrival time                                                 -0.41
  --------------------------------------------------------------------------
  slack (MET)                                                        0.32


  Startpoint: FIFO_u_U3_RDptr_sync_s0_reg_0_
              (rising edge-triggered flip-flop clocked by Ref_clk)
  Endpoint: FIFO_u_U3_RDptr_sync_s1_reg_0_
            (rising edge-triggered flip-flop clocked by Ref_clk)
  Path Group: Ref_clk
  Path Type: min

  Point                                                   Incr       Path
  --------------------------------------------------------------------------
  clock Ref_clk (rise edge)                               0.00       0.00
  clock network delay (ideal)                             0.00       0.00
  FIFO_u_U3_RDptr_sync_s0_reg_0_/CK (SDFFRQX1M)           0.00       0.00 r
  FIFO_u_U3_RDptr_sync_s0_reg_0_/Q (SDFFRQX1M)            0.41       0.41 f
  FIFO_u_U3_RDptr_sync_s1_reg_0_/D (DFFRQX1M)             0.00       0.41 f
  data arrival time                                                  0.41

  clock Ref_clk (rise edge)                               0.00       0.00
  clock network delay (ideal)                             0.00       0.00
  clock uncertainty                                       0.10       0.10
  FIFO_u_U3_RDptr_sync_s1_reg_0_/CK (DFFRQX1M)            0.00       0.10 r
  library hold time                                       0.00       0.10
  data required time                                                 0.10
  --------------------------------------------------------------------------
  data required time                                                 0.10
  data arrival time                                                 -0.41
  --------------------------------------------------------------------------
  slack (MET)                                                        0.32


  Startpoint: Rx2SysCtrl_SYNC_reg_0_
              (rising edge-triggered flip-flop clocked by Ref_clk)
  Endpoint: Rx2SysCtrl_SYNC_reg_1_
            (rising edge-triggered flip-flop clocked by Ref_clk)
  Path Group: Ref_clk
  Path Type: min

  Point                                                   Incr       Path
  --------------------------------------------------------------------------
  clock Ref_clk (rise edge)                               0.00       0.00
  clock network delay (ideal)                             0.00       0.00
  Rx2SysCtrl_SYNC_reg_0_/CK (SDFFRQX1M)                   0.00       0.00 r
  Rx2SysCtrl_SYNC_reg_0_/Q (SDFFRQX1M)                    0.41       0.41 f
  Rx2SysCtrl_SYNC_reg_1_/D (DFFRQX1M)                     0.00       0.41 f
  data arrival time                                                  0.41

  clock Ref_clk (rise edge)                               0.00       0.00
  clock network delay (ideal)                             0.00       0.00
  clock uncertainty                                       0.10       0.10
  Rx2SysCtrl_SYNC_reg_1_/CK (DFFRQX1M)                    0.00       0.10 r
  library hold time                                       0.00       0.10
  data required time                                                 0.10
  --------------------------------------------------------------------------
  data required time                                                 0.10
  data arrival time                                                 -0.41
  --------------------------------------------------------------------------
  slack (MET)                                                        0.32


  Startpoint: Rx2SysCtrl_SYNC_reg_1_
              (rising edge-triggered flip-flop clocked by Ref_clk)
  Endpoint: Rx2SysCtrl_SYNC_reg_2_
            (rising edge-triggered flip-flop clocked by Ref_clk)
  Path Group: Ref_clk
  Path Type: min

  Point                                                   Incr       Path
  --------------------------------------------------------------------------
  clock Ref_clk (rise edge)                               0.00       0.00
  clock network delay (ideal)                             0.00       0.00
  Rx2SysCtrl_SYNC_reg_1_/CK (DFFRQX1M)                    0.00       0.00 r
  Rx2SysCtrl_SYNC_reg_1_/Q (DFFRQX1M)                     0.49       0.49 f
  Rx2SysCtrl_SYNC_reg_2_/D (DFFRQX1M)                     0.00       0.49 f
  data arrival time                                                  0.49

  clock Ref_clk (rise edge)                               0.00       0.00
  clock network delay (ideal)                             0.00       0.00
  clock uncertainty                                       0.10       0.10
  Rx2SysCtrl_SYNC_reg_2_/CK (DFFRQX1M)                    0.00       0.10 r
  library hold time                                       0.00       0.10
  data required time                                                 0.10
  --------------------------------------------------------------------------
  data required time                                                 0.10
  data arrival time                                                 -0.49
  --------------------------------------------------------------------------
  slack (MET)                                                        0.39


  Startpoint: Rx2SysCtrl_SYNC_reg_2_
              (rising edge-triggered flip-flop clocked by Ref_clk)
  Endpoint: Rx2SysCtrl_SYNC_reg_3_
            (rising edge-triggered flip-flop clocked by Ref_clk)
  Path Group: Ref_clk
  Path Type: min

  Point                                                   Incr       Path
  --------------------------------------------------------------------------
  clock Ref_clk (rise edge)                               0.00       0.00
  clock network delay (ideal)                             0.00       0.00
  Rx2SysCtrl_SYNC_reg_2_/CK (DFFRQX1M)                    0.00       0.00 r
  Rx2SysCtrl_SYNC_reg_2_/Q (DFFRQX1M)                     0.49       0.49 f
  Rx2SysCtrl_SYNC_reg_3_/D (DFFRQX1M)                     0.00       0.49 f
  data arrival time                                                  0.49

  clock Ref_clk (rise edge)                               0.00       0.00
  clock network delay (ideal)                             0.00       0.00
  clock uncertainty                                       0.10       0.10
  Rx2SysCtrl_SYNC_reg_3_/CK (DFFRQX1M)                    0.00       0.10 r
  library hold time                                       0.00       0.10
  data required time                                                 0.10
  --------------------------------------------------------------------------
  data required time                                                 0.10
  data arrival time                                                 -0.49
  --------------------------------------------------------------------------
  slack (MET)                                                        0.39


  Startpoint: Rx2SysCtrl_SYNC_reg_3_
              (rising edge-triggered flip-flop clocked by Ref_clk)
  Endpoint: Rx2SysCtrl_pulse_out_reg
            (rising edge-triggered flip-flop clocked by Ref_clk)
  Path Group: Ref_clk
  Path Type: min

  Point                                                   Incr       Path
  --------------------------------------------------------------------------
  clock Ref_clk (rise edge)                               0.00       0.00
  clock network delay (ideal)                             0.00       0.00
  Rx2SysCtrl_SYNC_reg_3_/CK (DFFRQX1M)                    0.00       0.00 r
  Rx2SysCtrl_SYNC_reg_3_/Q (DFFRQX1M)                     0.50       0.50 f
  Rx2SysCtrl_pulse_out_reg/D (DFFRQX1M)                   0.00       0.50 f
  data arrival time                                                  0.50

  clock Ref_clk (rise edge)                               0.00       0.00
  clock network delay (ideal)                             0.00       0.00
  clock uncertainty                                       0.10       0.10
  Rx2SysCtrl_pulse_out_reg/CK (DFFRQX1M)                  0.00       0.10 r
  library hold time                                      -0.01       0.09
  data required time                                                 0.09
  --------------------------------------------------------------------------
  data required time                                                 0.09
  data arrival time                                                 -0.50
  --------------------------------------------------------------------------
  slack (MET)                                                        0.40


  Startpoint: RF1_n_synch_reg_0_/CK
              (internal path startpoint clocked by Ref_clk)
  Endpoint: RF1_n_synch_reg_1_
            (rising edge-triggered flip-flop clocked by Ref_clk)
  Path Group: Ref_clk
  Path Type: min

  Point                                    Incr       Path
  -----------------------------------------------------------
  clock Ref_clk (rise edge)                0.00       0.00
  clock network delay (ideal)              0.00       0.00
  input external delay                     0.00       0.00 r
  RF1_n_synch_reg_0_/CK (SDFFRQX1M)        0.00       0.00 r
  RF1_n_synch_reg_0_/Q (SDFFRQX1M)         0.38       0.38 r
  RF1_n_synch_reg_1_/D (SDFFRQX1M)         0.00       0.38 r
  data arrival time                                   0.38

  clock Ref_clk (rise edge)                0.00       0.00
  clock network delay (ideal)              0.00       0.00
  clock uncertainty                        0.10       0.10
  RF1_n_synch_reg_1_/CK (SDFFRQX1M)        0.00       0.10 r
  library hold time                       -0.18      -0.08
  data required time                                 -0.08
  -----------------------------------------------------------
  data required time                                 -0.08
  data arrival time                                  -0.38
  -----------------------------------------------------------
  slack (MET)                                         0.46


  Startpoint: FIFO_u_U1_mem_reg_7__7_
              (rising edge-triggered flip-flop clocked by Ref_clk)
  Endpoint: FIFO_u_U1_mem_reg_7__7_
            (rising edge-triggered flip-flop clocked by Ref_clk)
  Path Group: Ref_clk
  Path Type: min

  Point                                                   Incr       Path
  --------------------------------------------------------------------------
  clock Ref_clk (rise edge)                               0.00       0.00
  clock network delay (ideal)                             0.00       0.00
  FIFO_u_U1_mem_reg_7__7_/CK (SDFFQX1M)                   0.00       0.00 r
  FIFO_u_U1_mem_reg_7__7_/Q (SDFFQX1M)                    0.33       0.33 r
  U2114/Y (AOI2BB2XLM)                                    0.15       0.48 r
  FIFO_u_U1_mem_reg_7__7_/D (SDFFQX1M)                    0.00       0.48 r
  data arrival time                                                  0.48

  clock Ref_clk (rise edge)                               0.00       0.00
  clock network delay (ideal)                             0.00       0.00
  clock uncertainty                                       0.10       0.10
  FIFO_u_U1_mem_reg_7__7_/CK (SDFFQX1M)                   0.00       0.10 r
  library hold time                                      -0.18      -0.08
  data required time                                                -0.08
  --------------------------------------------------------------------------
  data required time                                                -0.08
  data arrival time                                                 -0.48
  --------------------------------------------------------------------------
  slack (MET)                                                        0.55


  Startpoint: FIFO_u_U1_mem_reg_1__1_
              (rising edge-triggered flip-flop clocked by Ref_clk)
  Endpoint: FIFO_u_U1_mem_reg_1__1_
            (rising edge-triggered flip-flop clocked by Ref_clk)
  Path Group: Ref_clk
  Path Type: min

  Point                                                   Incr       Path
  --------------------------------------------------------------------------
  clock Ref_clk (rise edge)                               0.00       0.00
  clock network delay (ideal)                             0.00       0.00
  FIFO_u_U1_mem_reg_1__1_/CK (SDFFQX1M)                   0.00       0.00 r
  FIFO_u_U1_mem_reg_1__1_/Q (SDFFQX1M)                    0.33       0.33 r
  U2153/Y (AOI2BB2XLM)                                    0.15       0.48 r
  FIFO_u_U1_mem_reg_1__1_/D (SDFFQX1M)                    0.00       0.48 r
  data arrival time                                                  0.48

  clock Ref_clk (rise edge)                               0.00       0.00
  clock network delay (ideal)                             0.00       0.00
  clock uncertainty                                       0.10       0.10
  FIFO_u_U1_mem_reg_1__1_/CK (SDFFQX1M)                   0.00       0.10 r
  library hold time                                      -0.18      -0.08
  data required time                                                -0.08
  --------------------------------------------------------------------------
  data required time                                                -0.08
  data arrival time                                                 -0.48
  --------------------------------------------------------------------------
  slack (MET)                                                        0.56


  Startpoint: FIFO_u_U1_mem_reg_1__2_
              (rising edge-triggered flip-flop clocked by Ref_clk)
  Endpoint: FIFO_u_U1_mem_reg_1__2_
            (rising edge-triggered flip-flop clocked by Ref_clk)
  Path Group: Ref_clk
  Path Type: min

  Point                                                   Incr       Path
  --------------------------------------------------------------------------
  clock Ref_clk (rise edge)                               0.00       0.00
  clock network delay (ideal)                             0.00       0.00
  FIFO_u_U1_mem_reg_1__2_/CK (SDFFQX1M)                   0.00       0.00 r
  FIFO_u_U1_mem_reg_1__2_/Q (SDFFQX1M)                    0.33       0.33 r
  U2152/Y (AOI2BB2XLM)                                    0.15       0.48 r
  FIFO_u_U1_mem_reg_1__2_/D (SDFFQX1M)                    0.00       0.48 r
  data arrival time                                                  0.48

  clock Ref_clk (rise edge)                               0.00       0.00
  clock network delay (ideal)                             0.00       0.00
  clock uncertainty                                       0.10       0.10
  FIFO_u_U1_mem_reg_1__2_/CK (SDFFQX1M)                   0.00       0.10 r
  library hold time                                      -0.18      -0.08
  data required time                                                -0.08
  --------------------------------------------------------------------------
  data required time                                                -0.08
  data arrival time                                                 -0.48
  --------------------------------------------------------------------------
  slack (MET)                                                        0.56


  Startpoint: FIFO_u_U1_mem_reg_1__3_
              (rising edge-triggered flip-flop clocked by Ref_clk)
  Endpoint: FIFO_u_U1_mem_reg_1__3_
            (rising edge-triggered flip-flop clocked by Ref_clk)
  Path Group: Ref_clk
  Path Type: min

  Point                                                   Incr       Path
  --------------------------------------------------------------------------
  clock Ref_clk (rise edge)                               0.00       0.00
  clock network delay (ideal)                             0.00       0.00
  FIFO_u_U1_mem_reg_1__3_/CK (SDFFQX1M)                   0.00       0.00 r
  FIFO_u_U1_mem_reg_1__3_/Q (SDFFQX1M)                    0.33       0.33 r
  U2151/Y (AOI2BB2XLM)                                    0.15       0.48 r
  FIFO_u_U1_mem_reg_1__3_/D (SDFFQX1M)                    0.00       0.48 r
  data arrival time                                                  0.48

  clock Ref_clk (rise edge)                               0.00       0.00
  clock network delay (ideal)                             0.00       0.00
  clock uncertainty                                       0.10       0.10
  FIFO_u_U1_mem_reg_1__3_/CK (SDFFQX1M)                   0.00       0.10 r
  library hold time                                      -0.18      -0.08
  data required time                                                -0.08
  --------------------------------------------------------------------------
  data required time                                                -0.08
  data arrival time                                                 -0.48
  --------------------------------------------------------------------------
  slack (MET)                                                        0.56


  Startpoint: FIFO_u_U1_mem_reg_1__4_
              (rising edge-triggered flip-flop clocked by Ref_clk)
  Endpoint: FIFO_u_U1_mem_reg_1__4_
            (rising edge-triggered flip-flop clocked by Ref_clk)
  Path Group: Ref_clk
  Path Type: min

  Point                                                   Incr       Path
  --------------------------------------------------------------------------
  clock Ref_clk (rise edge)                               0.00       0.00
  clock network delay (ideal)                             0.00       0.00
  FIFO_u_U1_mem_reg_1__4_/CK (SDFFQX1M)                   0.00       0.00 r
  FIFO_u_U1_mem_reg_1__4_/Q (SDFFQX1M)                    0.33       0.33 r
  U2150/Y (AOI2BB2XLM)                                    0.15       0.48 r
  FIFO_u_U1_mem_reg_1__4_/D (SDFFQX1M)                    0.00       0.48 r
  data arrival time                                                  0.48

  clock Ref_clk (rise edge)                               0.00       0.00
  clock network delay (ideal)                             0.00       0.00
  clock uncertainty                                       0.10       0.10
  FIFO_u_U1_mem_reg_1__4_/CK (SDFFQX1M)                   0.00       0.10 r
  library hold time                                      -0.18      -0.08
  data required time                                                -0.08
  --------------------------------------------------------------------------
  data required time                                                -0.08
  data arrival time                                                 -0.48
  --------------------------------------------------------------------------
  slack (MET)                                                        0.56


  Startpoint: FIFO_u_U1_mem_reg_1__5_
              (rising edge-triggered flip-flop clocked by Ref_clk)
  Endpoint: FIFO_u_U1_mem_reg_1__5_
            (rising edge-triggered flip-flop clocked by Ref_clk)
  Path Group: Ref_clk
  Path Type: min

  Point                                                   Incr       Path
  --------------------------------------------------------------------------
  clock Ref_clk (rise edge)                               0.00       0.00
  clock network delay (ideal)                             0.00       0.00
  FIFO_u_U1_mem_reg_1__5_/CK (SDFFQX1M)                   0.00       0.00 r
  FIFO_u_U1_mem_reg_1__5_/Q (SDFFQX1M)                    0.33       0.33 r
  U2149/Y (AOI2BB2XLM)                                    0.15       0.48 r
  FIFO_u_U1_mem_reg_1__5_/D (SDFFQX1M)                    0.00       0.48 r
  data arrival time                                                  0.48

  clock Ref_clk (rise edge)                               0.00       0.00
  clock network delay (ideal)                             0.00       0.00
  clock uncertainty                                       0.10       0.10
  FIFO_u_U1_mem_reg_1__5_/CK (SDFFQX1M)                   0.00       0.10 r
  library hold time                                      -0.18      -0.08
  data required time                                                -0.08
  --------------------------------------------------------------------------
  data required time                                                -0.08
  data arrival time                                                 -0.48
  --------------------------------------------------------------------------
  slack (MET)                                                        0.56


  Startpoint: FIFO_u_U1_mem_reg_1__6_
              (rising edge-triggered flip-flop clocked by Ref_clk)
  Endpoint: FIFO_u_U1_mem_reg_1__6_
            (rising edge-triggered flip-flop clocked by Ref_clk)
  Path Group: Ref_clk
  Path Type: min

  Point                                                   Incr       Path
  --------------------------------------------------------------------------
  clock Ref_clk (rise edge)                               0.00       0.00
  clock network delay (ideal)                             0.00       0.00
  FIFO_u_U1_mem_reg_1__6_/CK (SDFFQX1M)                   0.00       0.00 r
  FIFO_u_U1_mem_reg_1__6_/Q (SDFFQX1M)                    0.33       0.33 r
  U2148/Y (AOI2BB2XLM)                                    0.15       0.48 r
  FIFO_u_U1_mem_reg_1__6_/D (SDFFQX1M)                    0.00       0.48 r
  data arrival time                                                  0.48

  clock Ref_clk (rise edge)                               0.00       0.00
  clock network delay (ideal)                             0.00       0.00
  clock uncertainty                                       0.10       0.10
  FIFO_u_U1_mem_reg_1__6_/CK (SDFFQX1M)                   0.00       0.10 r
  library hold time                                      -0.18      -0.08
  data required time                                                -0.08
  --------------------------------------------------------------------------
  data required time                                                -0.08
  data arrival time                                                 -0.48
  --------------------------------------------------------------------------
  slack (MET)                                                        0.56


  Startpoint: FIFO_u_U1_mem_reg_1__0_
              (rising edge-triggered flip-flop clocked by Ref_clk)
  Endpoint: FIFO_u_U1_mem_reg_1__0_
            (rising edge-triggered flip-flop clocked by Ref_clk)
  Path Group: Ref_clk
  Path Type: min

  Point                                                   Incr       Path
  --------------------------------------------------------------------------
  clock Ref_clk (rise edge)                               0.00       0.00
  clock network delay (ideal)                             0.00       0.00
  FIFO_u_U1_mem_reg_1__0_/CK (SDFFQX1M)                   0.00       0.00 r
  FIFO_u_U1_mem_reg_1__0_/Q (SDFFQX1M)                    0.33       0.33 r
  U2146/Y (AOI2BB2XLM)                                    0.15       0.48 r
  FIFO_u_U1_mem_reg_1__0_/D (SDFFQX1M)                    0.00       0.48 r
  data arrival time                                                  0.48

  clock Ref_clk (rise edge)                               0.00       0.00
  clock network delay (ideal)                             0.00       0.00
  clock uncertainty                                       0.10       0.10
  FIFO_u_U1_mem_reg_1__0_/CK (SDFFQX1M)                   0.00       0.10 r
  library hold time                                      -0.18      -0.08
  data required time                                                -0.08
  --------------------------------------------------------------------------
  data required time                                                -0.08
  data arrival time                                                 -0.48
  --------------------------------------------------------------------------
  slack (MET)                                                        0.56


  Startpoint: FIFO_u_U1_mem_reg_1__7_
              (rising edge-triggered flip-flop clocked by Ref_clk)
  Endpoint: FIFO_u_U1_mem_reg_1__7_
            (rising edge-triggered flip-flop clocked by Ref_clk)
  Path Group: Ref_clk
  Path Type: min

  Point                                                   Incr       Path
  --------------------------------------------------------------------------
  clock Ref_clk (rise edge)                               0.00       0.00
  clock network delay (ideal)                             0.00       0.00
  FIFO_u_U1_mem_reg_1__7_/CK (SDFFQX1M)                   0.00       0.00 r
  FIFO_u_U1_mem_reg_1__7_/Q (SDFFQX1M)                    0.33       0.33 r
  U2147/Y (AOI2BB2XLM)                                    0.15       0.48 r
  FIFO_u_U1_mem_reg_1__7_/D (SDFFQX1M)                    0.00       0.48 r
  data arrival time                                                  0.48

  clock Ref_clk (rise edge)                               0.00       0.00
  clock network delay (ideal)                             0.00       0.00
  clock uncertainty                                       0.10       0.10
  FIFO_u_U1_mem_reg_1__7_/CK (SDFFQX1M)                   0.00       0.10 r
  library hold time                                      -0.18      -0.08
  data required time                                                -0.08
  --------------------------------------------------------------------------
  data required time                                                -0.08
  data arrival time                                                 -0.48
  --------------------------------------------------------------------------
  slack (MET)                                                        0.56


  Startpoint: FIFO_u_U1_mem_reg_7__1_
              (rising edge-triggered flip-flop clocked by Ref_clk)
  Endpoint: FIFO_u_U1_mem_reg_7__1_
            (rising edge-triggered flip-flop clocked by Ref_clk)
  Path Group: Ref_clk
  Path Type: min

  Point                                                   Incr       Path
  --------------------------------------------------------------------------
  clock Ref_clk (rise edge)                               0.00       0.00
  clock network delay (ideal)                             0.00       0.00
  FIFO_u_U1_mem_reg_7__1_/CK (SDFFQX1M)                   0.00       0.00 r
  FIFO_u_U1_mem_reg_7__1_/Q (SDFFQX1M)                    0.33       0.33 r
  U2120/Y (AOI2BB2XLM)                                    0.15       0.48 r
  FIFO_u_U1_mem_reg_7__1_/D (SDFFQX1M)                    0.00       0.48 r
  data arrival time                                                  0.48

  clock Ref_clk (rise edge)                               0.00       0.00
  clock network delay (ideal)                             0.00       0.00
  clock uncertainty                                       0.10       0.10
  FIFO_u_U1_mem_reg_7__1_/CK (SDFFQX1M)                   0.00       0.10 r
  library hold time                                      -0.18      -0.08
  data required time                                                -0.08
  --------------------------------------------------------------------------
  data required time                                                -0.08
  data arrival time                                                 -0.48
  --------------------------------------------------------------------------
  slack (MET)                                                        0.56


  Startpoint: FIFO_u_U1_mem_reg_2__1_
              (rising edge-triggered flip-flop clocked by Ref_clk)
  Endpoint: FIFO_u_U1_mem_reg_2__1_
            (rising edge-triggered flip-flop clocked by Ref_clk)
  Path Group: Ref_clk
  Path Type: min

  Point                                                   Incr       Path
  --------------------------------------------------------------------------
  clock Ref_clk (rise edge)                               0.00       0.00
  clock network delay (ideal)                             0.00       0.00
  FIFO_u_U1_mem_reg_2__1_/CK (SDFFQX1M)                   0.00       0.00 r
  FIFO_u_U1_mem_reg_2__1_/Q (SDFFQX1M)                    0.33       0.33 r
  U2145/Y (AOI2BB2XLM)                                    0.15       0.48 r
  FIFO_u_U1_mem_reg_2__1_/D (SDFFQX1M)                    0.00       0.48 r
  data arrival time                                                  0.48

  clock Ref_clk (rise edge)                               0.00       0.00
  clock network delay (ideal)                             0.00       0.00
  clock uncertainty                                       0.10       0.10
  FIFO_u_U1_mem_reg_2__1_/CK (SDFFQX1M)                   0.00       0.10 r
  library hold time                                      -0.18      -0.08
  data required time                                                -0.08
  --------------------------------------------------------------------------
  data required time                                                -0.08
  data arrival time                                                 -0.48
  --------------------------------------------------------------------------
  slack (MET)                                                        0.56


  Startpoint: FIFO_u_U1_mem_reg_7__2_
              (rising edge-triggered flip-flop clocked by Ref_clk)
  Endpoint: FIFO_u_U1_mem_reg_7__2_
            (rising edge-triggered flip-flop clocked by Ref_clk)
  Path Group: Ref_clk
  Path Type: min

  Point                                                   Incr       Path
  --------------------------------------------------------------------------
  clock Ref_clk (rise edge)                               0.00       0.00
  clock network delay (ideal)                             0.00       0.00
  FIFO_u_U1_mem_reg_7__2_/CK (SDFFQX1M)                   0.00       0.00 r
  FIFO_u_U1_mem_reg_7__2_/Q (SDFFQX1M)                    0.33       0.33 r
  U2119/Y (AOI2BB2XLM)                                    0.15       0.48 r
  FIFO_u_U1_mem_reg_7__2_/D (SDFFQX1M)                    0.00       0.48 r
  data arrival time                                                  0.48

  clock Ref_clk (rise edge)                               0.00       0.00
  clock network delay (ideal)                             0.00       0.00
  clock uncertainty                                       0.10       0.10
  FIFO_u_U1_mem_reg_7__2_/CK (SDFFQX1M)                   0.00       0.10 r
  library hold time                                      -0.18      -0.08
  data required time                                                -0.08
  --------------------------------------------------------------------------
  data required time                                                -0.08
  data arrival time                                                 -0.48
  --------------------------------------------------------------------------
  slack (MET)                                                        0.56


  Startpoint: FIFO_u_U1_mem_reg_2__2_
              (rising edge-triggered flip-flop clocked by Ref_clk)
  Endpoint: FIFO_u_U1_mem_reg_2__2_
            (rising edge-triggered flip-flop clocked by Ref_clk)
  Path Group: Ref_clk
  Path Type: min

  Point                                                   Incr       Path
  --------------------------------------------------------------------------
  clock Ref_clk (rise edge)                               0.00       0.00
  clock network delay (ideal)                             0.00       0.00
  FIFO_u_U1_mem_reg_2__2_/CK (SDFFQX1M)                   0.00       0.00 r
  FIFO_u_U1_mem_reg_2__2_/Q (SDFFQX1M)                    0.33       0.33 r
  U2144/Y (AOI2BB2XLM)                                    0.15       0.48 r
  FIFO_u_U1_mem_reg_2__2_/D (SDFFQX1M)                    0.00       0.48 r
  data arrival time                                                  0.48

  clock Ref_clk (rise edge)                               0.00       0.00
  clock network delay (ideal)                             0.00       0.00
  clock uncertainty                                       0.10       0.10
  FIFO_u_U1_mem_reg_2__2_/CK (SDFFQX1M)                   0.00       0.10 r
  library hold time                                      -0.18      -0.08
  data required time                                                -0.08
  --------------------------------------------------------------------------
  data required time                                                -0.08
  data arrival time                                                 -0.48
  --------------------------------------------------------------------------
  slack (MET)                                                        0.56


  Startpoint: FIFO_u_U1_mem_reg_7__3_
              (rising edge-triggered flip-flop clocked by Ref_clk)
  Endpoint: FIFO_u_U1_mem_reg_7__3_
            (rising edge-triggered flip-flop clocked by Ref_clk)
  Path Group: Ref_clk
  Path Type: min

  Point                                                   Incr       Path
  --------------------------------------------------------------------------
  clock Ref_clk (rise edge)                               0.00       0.00
  clock network delay (ideal)                             0.00       0.00
  FIFO_u_U1_mem_reg_7__3_/CK (SDFFQX1M)                   0.00       0.00 r
  FIFO_u_U1_mem_reg_7__3_/Q (SDFFQX1M)                    0.33       0.33 r
  U2118/Y (AOI2BB2XLM)                                    0.15       0.48 r
  FIFO_u_U1_mem_reg_7__3_/D (SDFFQX1M)                    0.00       0.48 r
  data arrival time                                                  0.48

  clock Ref_clk (rise edge)                               0.00       0.00
  clock network delay (ideal)                             0.00       0.00
  clock uncertainty                                       0.10       0.10
  FIFO_u_U1_mem_reg_7__3_/CK (SDFFQX1M)                   0.00       0.10 r
  library hold time                                      -0.18      -0.08
  data required time                                                -0.08
  --------------------------------------------------------------------------
  data required time                                                -0.08
  data arrival time                                                 -0.48
  --------------------------------------------------------------------------
  slack (MET)                                                        0.56


  Startpoint: FIFO_u_U1_mem_reg_2__3_
              (rising edge-triggered flip-flop clocked by Ref_clk)
  Endpoint: FIFO_u_U1_mem_reg_2__3_
            (rising edge-triggered flip-flop clocked by Ref_clk)
  Path Group: Ref_clk
  Path Type: min

  Point                                                   Incr       Path
  --------------------------------------------------------------------------
  clock Ref_clk (rise edge)                               0.00       0.00
  clock network delay (ideal)                             0.00       0.00
  FIFO_u_U1_mem_reg_2__3_/CK (SDFFQX1M)                   0.00       0.00 r
  FIFO_u_U1_mem_reg_2__3_/Q (SDFFQX1M)                    0.33       0.33 r
  U2143/Y (AOI2BB2XLM)                                    0.15       0.48 r
  FIFO_u_U1_mem_reg_2__3_/D (SDFFQX1M)                    0.00       0.48 r
  data arrival time                                                  0.48

  clock Ref_clk (rise edge)                               0.00       0.00
  clock network delay (ideal)                             0.00       0.00
  clock uncertainty                                       0.10       0.10
  FIFO_u_U1_mem_reg_2__3_/CK (SDFFQX1M)                   0.00       0.10 r
  library hold time                                      -0.18      -0.08
  data required time                                                -0.08
  --------------------------------------------------------------------------
  data required time                                                -0.08
  data arrival time                                                 -0.48
  --------------------------------------------------------------------------
  slack (MET)                                                        0.56


  Startpoint: FIFO_u_U1_mem_reg_7__4_
              (rising edge-triggered flip-flop clocked by Ref_clk)
  Endpoint: FIFO_u_U1_mem_reg_7__4_
            (rising edge-triggered flip-flop clocked by Ref_clk)
  Path Group: Ref_clk
  Path Type: min

  Point                                                   Incr       Path
  --------------------------------------------------------------------------
  clock Ref_clk (rise edge)                               0.00       0.00
  clock network delay (ideal)                             0.00       0.00
  FIFO_u_U1_mem_reg_7__4_/CK (SDFFQX1M)                   0.00       0.00 r
  FIFO_u_U1_mem_reg_7__4_/Q (SDFFQX1M)                    0.33       0.33 r
  U2117/Y (AOI2BB2XLM)                                    0.15       0.48 r
  FIFO_u_U1_mem_reg_7__4_/D (SDFFQX1M)                    0.00       0.48 r
  data arrival time                                                  0.48

  clock Ref_clk (rise edge)                               0.00       0.00
  clock network delay (ideal)                             0.00       0.00
  clock uncertainty                                       0.10       0.10
  FIFO_u_U1_mem_reg_7__4_/CK (SDFFQX1M)                   0.00       0.10 r
  library hold time                                      -0.18      -0.08
  data required time                                                -0.08
  --------------------------------------------------------------------------
  data required time                                                -0.08
  data arrival time                                                 -0.48
  --------------------------------------------------------------------------
  slack (MET)                                                        0.56


  Startpoint: FIFO_u_U1_mem_reg_2__4_
              (rising edge-triggered flip-flop clocked by Ref_clk)
  Endpoint: FIFO_u_U1_mem_reg_2__4_
            (rising edge-triggered flip-flop clocked by Ref_clk)
  Path Group: Ref_clk
  Path Type: min

  Point                                                   Incr       Path
  --------------------------------------------------------------------------
  clock Ref_clk (rise edge)                               0.00       0.00
  clock network delay (ideal)                             0.00       0.00
  FIFO_u_U1_mem_reg_2__4_/CK (SDFFQX1M)                   0.00       0.00 r
  FIFO_u_U1_mem_reg_2__4_/Q (SDFFQX1M)                    0.33       0.33 r
  U2142/Y (AOI2BB2XLM)                                    0.15       0.48 r
  FIFO_u_U1_mem_reg_2__4_/D (SDFFQX1M)                    0.00       0.48 r
  data arrival time                                                  0.48

  clock Ref_clk (rise edge)                               0.00       0.00
  clock network delay (ideal)                             0.00       0.00
  clock uncertainty                                       0.10       0.10
  FIFO_u_U1_mem_reg_2__4_/CK (SDFFQX1M)                   0.00       0.10 r
  library hold time                                      -0.18      -0.08
  data required time                                                -0.08
  --------------------------------------------------------------------------
  data required time                                                -0.08
  data arrival time                                                 -0.48
  --------------------------------------------------------------------------
  slack (MET)                                                        0.56


  Startpoint: FIFO_u_U1_mem_reg_7__5_
              (rising edge-triggered flip-flop clocked by Ref_clk)
  Endpoint: FIFO_u_U1_mem_reg_7__5_
            (rising edge-triggered flip-flop clocked by Ref_clk)
  Path Group: Ref_clk
  Path Type: min

  Point                                                   Incr       Path
  --------------------------------------------------------------------------
  clock Ref_clk (rise edge)                               0.00       0.00
  clock network delay (ideal)                             0.00       0.00
  FIFO_u_U1_mem_reg_7__5_/CK (SDFFQX1M)                   0.00       0.00 r
  FIFO_u_U1_mem_reg_7__5_/Q (SDFFQX1M)                    0.33       0.33 r
  U2116/Y (AOI2BB2XLM)                                    0.15       0.48 r
  FIFO_u_U1_mem_reg_7__5_/D (SDFFQX1M)                    0.00       0.48 r
  data arrival time                                                  0.48

  clock Ref_clk (rise edge)                               0.00       0.00
  clock network delay (ideal)                             0.00       0.00
  clock uncertainty                                       0.10       0.10
  FIFO_u_U1_mem_reg_7__5_/CK (SDFFQX1M)                   0.00       0.10 r
  library hold time                                      -0.18      -0.08
  data required time                                                -0.08
  --------------------------------------------------------------------------
  data required time                                                -0.08
  data arrival time                                                 -0.48
  --------------------------------------------------------------------------
  slack (MET)                                                        0.56


  Startpoint: FIFO_u_U1_mem_reg_2__5_
              (rising edge-triggered flip-flop clocked by Ref_clk)
  Endpoint: FIFO_u_U1_mem_reg_2__5_
            (rising edge-triggered flip-flop clocked by Ref_clk)
  Path Group: Ref_clk
  Path Type: min

  Point                                                   Incr       Path
  --------------------------------------------------------------------------
  clock Ref_clk (rise edge)                               0.00       0.00
  clock network delay (ideal)                             0.00       0.00
  FIFO_u_U1_mem_reg_2__5_/CK (SDFFQX1M)                   0.00       0.00 r
  FIFO_u_U1_mem_reg_2__5_/Q (SDFFQX1M)                    0.33       0.33 r
  U2141/Y (AOI2BB2XLM)                                    0.15       0.48 r
  FIFO_u_U1_mem_reg_2__5_/D (SDFFQX1M)                    0.00       0.48 r
  data arrival time                                                  0.48

  clock Ref_clk (rise edge)                               0.00       0.00
  clock network delay (ideal)                             0.00       0.00
  clock uncertainty                                       0.10       0.10
  FIFO_u_U1_mem_reg_2__5_/CK (SDFFQX1M)                   0.00       0.10 r
  library hold time                                      -0.18      -0.08
  data required time                                                -0.08
  --------------------------------------------------------------------------
  data required time                                                -0.08
  data arrival time                                                 -0.48
  --------------------------------------------------------------------------
  slack (MET)                                                        0.56


  Startpoint: FIFO_u_U1_mem_reg_7__6_
              (rising edge-triggered flip-flop clocked by Ref_clk)
  Endpoint: FIFO_u_U1_mem_reg_7__6_
            (rising edge-triggered flip-flop clocked by Ref_clk)
  Path Group: Ref_clk
  Path Type: min

  Point                                                   Incr       Path
  --------------------------------------------------------------------------
  clock Ref_clk (rise edge)                               0.00       0.00
  clock network delay (ideal)                             0.00       0.00
  FIFO_u_U1_mem_reg_7__6_/CK (SDFFQX1M)                   0.00       0.00 r
  FIFO_u_U1_mem_reg_7__6_/Q (SDFFQX1M)                    0.33       0.33 r
  U2115/Y (AOI2BB2XLM)                                    0.15       0.48 r
  FIFO_u_U1_mem_reg_7__6_/D (SDFFQX1M)                    0.00       0.48 r
  data arrival time                                                  0.48

  clock Ref_clk (rise edge)                               0.00       0.00
  clock network delay (ideal)                             0.00       0.00
  clock uncertainty                                       0.10       0.10
  FIFO_u_U1_mem_reg_7__6_/CK (SDFFQX1M)                   0.00       0.10 r
  library hold time                                      -0.18      -0.08
  data required time                                                -0.08
  --------------------------------------------------------------------------
  data required time                                                -0.08
  data arrival time                                                 -0.48
  --------------------------------------------------------------------------
  slack (MET)                                                        0.56


  Startpoint: FIFO_u_U1_mem_reg_2__6_
              (rising edge-triggered flip-flop clocked by Ref_clk)
  Endpoint: FIFO_u_U1_mem_reg_2__6_
            (rising edge-triggered flip-flop clocked by Ref_clk)
  Path Group: Ref_clk
  Path Type: min

  Point                                                   Incr       Path
  --------------------------------------------------------------------------
  clock Ref_clk (rise edge)                               0.00       0.00
  clock network delay (ideal)                             0.00       0.00
  FIFO_u_U1_mem_reg_2__6_/CK (SDFFQX1M)                   0.00       0.00 r
  FIFO_u_U1_mem_reg_2__6_/Q (SDFFQX1M)                    0.33       0.33 r
  U2140/Y (AOI2BB2XLM)                                    0.15       0.48 r
  FIFO_u_U1_mem_reg_2__6_/D (SDFFQX1M)                    0.00       0.48 r
  data arrival time                                                  0.48

  clock Ref_clk (rise edge)                               0.00       0.00
  clock network delay (ideal)                             0.00       0.00
  clock uncertainty                                       0.10       0.10
  FIFO_u_U1_mem_reg_2__6_/CK (SDFFQX1M)                   0.00       0.10 r
  library hold time                                      -0.18      -0.08
  data required time                                                -0.08
  --------------------------------------------------------------------------
  data required time                                                -0.08
  data arrival time                                                 -0.48
  --------------------------------------------------------------------------
  slack (MET)                                                        0.56


  Startpoint: FIFO_u_U1_mem_reg_7__0_
              (rising edge-triggered flip-flop clocked by Ref_clk)
  Endpoint: FIFO_u_U1_mem_reg_7__0_
            (rising edge-triggered flip-flop clocked by Ref_clk)
  Path Group: Ref_clk
  Path Type: min

  Point                                                   Incr       Path
  --------------------------------------------------------------------------
  clock Ref_clk (rise edge)                               0.00       0.00
  clock network delay (ideal)                             0.00       0.00
  FIFO_u_U1_mem_reg_7__0_/CK (SDFFQX1M)                   0.00       0.00 r
  FIFO_u_U1_mem_reg_7__0_/Q (SDFFQX1M)                    0.33       0.33 r
  U2113/Y (AOI2BB2XLM)                                    0.15       0.48 r
  FIFO_u_U1_mem_reg_7__0_/D (SDFFQX1M)                    0.00       0.48 r
  data arrival time                                                  0.48

  clock Ref_clk (rise edge)                               0.00       0.00
  clock network delay (ideal)                             0.00       0.00
  clock uncertainty                                       0.10       0.10
  FIFO_u_U1_mem_reg_7__0_/CK (SDFFQX1M)                   0.00       0.10 r
  library hold time                                      -0.18      -0.08
  data required time                                                -0.08
  --------------------------------------------------------------------------
  data required time                                                -0.08
  data arrival time                                                 -0.48
  --------------------------------------------------------------------------
  slack (MET)                                                        0.56


  Startpoint: FIFO_u_U1_mem_reg_2__0_
              (rising edge-triggered flip-flop clocked by Ref_clk)
  Endpoint: FIFO_u_U1_mem_reg_2__0_
            (rising edge-triggered flip-flop clocked by Ref_clk)
  Path Group: Ref_clk
  Path Type: min

  Point                                                   Incr       Path
  --------------------------------------------------------------------------
  clock Ref_clk (rise edge)                               0.00       0.00
  clock network delay (ideal)                             0.00       0.00
  FIFO_u_U1_mem_reg_2__0_/CK (SDFFQX1M)                   0.00       0.00 r
  FIFO_u_U1_mem_reg_2__0_/Q (SDFFQX1M)                    0.33       0.33 r
  U2138/Y (AOI2BB2XLM)                                    0.15       0.48 r
  FIFO_u_U1_mem_reg_2__0_/D (SDFFQX1M)                    0.00       0.48 r
  data arrival time                                                  0.48

  clock Ref_clk (rise edge)                               0.00       0.00
  clock network delay (ideal)                             0.00       0.00
  clock uncertainty                                       0.10       0.10
  FIFO_u_U1_mem_reg_2__0_/CK (SDFFQX1M)                   0.00       0.10 r
  library hold time                                      -0.18      -0.08
  data required time                                                -0.08
  --------------------------------------------------------------------------
  data required time                                                -0.08
  data arrival time                                                 -0.48
  --------------------------------------------------------------------------
  slack (MET)                                                        0.56


  Startpoint: FIFO_u_U1_mem_reg_2__7_
              (rising edge-triggered flip-flop clocked by Ref_clk)
  Endpoint: FIFO_u_U1_mem_reg_2__7_
            (rising edge-triggered flip-flop clocked by Ref_clk)
  Path Group: Ref_clk
  Path Type: min

  Point                                                   Incr       Path
  --------------------------------------------------------------------------
  clock Ref_clk (rise edge)                               0.00       0.00
  clock network delay (ideal)                             0.00       0.00
  FIFO_u_U1_mem_reg_2__7_/CK (SDFFQX1M)                   0.00       0.00 r
  FIFO_u_U1_mem_reg_2__7_/Q (SDFFQX1M)                    0.33       0.33 r
  U2139/Y (AOI2BB2XLM)                                    0.15       0.48 r
  FIFO_u_U1_mem_reg_2__7_/D (SDFFQX1M)                    0.00       0.48 r
  data arrival time                                                  0.48

  clock Ref_clk (rise edge)                               0.00       0.00
  clock network delay (ideal)                             0.00       0.00
  clock uncertainty                                       0.10       0.10
  FIFO_u_U1_mem_reg_2__7_/CK (SDFFQX1M)                   0.00       0.10 r
  library hold time                                      -0.18      -0.08
  data required time                                                -0.08
  --------------------------------------------------------------------------
  data required time                                                -0.08
  data arrival time                                                 -0.48
  --------------------------------------------------------------------------
  slack (MET)                                                        0.56


  Startpoint: FIFO_u_U1_mem_reg_4__1_
              (rising edge-triggered flip-flop clocked by Ref_clk)
  Endpoint: FIFO_u_U1_mem_reg_4__1_
            (rising edge-triggered flip-flop clocked by Ref_clk)
  Path Group: Ref_clk
  Path Type: min

  Point                                                   Incr       Path
  --------------------------------------------------------------------------
  clock Ref_clk (rise edge)                               0.00       0.00
  clock network delay (ideal)                             0.00       0.00
  FIFO_u_U1_mem_reg_4__1_/CK (SDFFQX1M)                   0.00       0.00 r
  FIFO_u_U1_mem_reg_4__1_/Q (SDFFQX1M)                    0.33       0.33 r
  U2137/Y (AOI2BB2XLM)                                    0.15       0.48 r
  FIFO_u_U1_mem_reg_4__1_/D (SDFFQX1M)                    0.00       0.48 r
  data arrival time                                                  0.48

  clock Ref_clk (rise edge)                               0.00       0.00
  clock network delay (ideal)                             0.00       0.00
  clock uncertainty                                       0.10       0.10
  FIFO_u_U1_mem_reg_4__1_/CK (SDFFQX1M)                   0.00       0.10 r
  library hold time                                      -0.18      -0.08
  data required time                                                -0.08
  --------------------------------------------------------------------------
  data required time                                                -0.08
  data arrival time                                                 -0.48
  --------------------------------------------------------------------------
  slack (MET)                                                        0.56


  Startpoint: FIFO_u_U1_mem_reg_4__2_
              (rising edge-triggered flip-flop clocked by Ref_clk)
  Endpoint: FIFO_u_U1_mem_reg_4__2_
            (rising edge-triggered flip-flop clocked by Ref_clk)
  Path Group: Ref_clk
  Path Type: min

  Point                                                   Incr       Path
  --------------------------------------------------------------------------
  clock Ref_clk (rise edge)                               0.00       0.00
  clock network delay (ideal)                             0.00       0.00
  FIFO_u_U1_mem_reg_4__2_/CK (SDFFQX1M)                   0.00       0.00 r
  FIFO_u_U1_mem_reg_4__2_/Q (SDFFQX1M)                    0.33       0.33 r
  U2136/Y (AOI2BB2XLM)                                    0.15       0.48 r
  FIFO_u_U1_mem_reg_4__2_/D (SDFFQX1M)                    0.00       0.48 r
  data arrival time                                                  0.48

  clock Ref_clk (rise edge)                               0.00       0.00
  clock network delay (ideal)                             0.00       0.00
  clock uncertainty                                       0.10       0.10
  FIFO_u_U1_mem_reg_4__2_/CK (SDFFQX1M)                   0.00       0.10 r
  library hold time                                      -0.18      -0.08
  data required time                                                -0.08
  --------------------------------------------------------------------------
  data required time                                                -0.08
  data arrival time                                                 -0.48
  --------------------------------------------------------------------------
  slack (MET)                                                        0.56


  Startpoint: FIFO_u_U1_mem_reg_4__3_
              (rising edge-triggered flip-flop clocked by Ref_clk)
  Endpoint: FIFO_u_U1_mem_reg_4__3_
            (rising edge-triggered flip-flop clocked by Ref_clk)
  Path Group: Ref_clk
  Path Type: min

  Point                                                   Incr       Path
  --------------------------------------------------------------------------
  clock Ref_clk (rise edge)                               0.00       0.00
  clock network delay (ideal)                             0.00       0.00
  FIFO_u_U1_mem_reg_4__3_/CK (SDFFQX1M)                   0.00       0.00 r
  FIFO_u_U1_mem_reg_4__3_/Q (SDFFQX1M)                    0.33       0.33 r
  U2135/Y (AOI2BB2XLM)                                    0.15       0.48 r
  FIFO_u_U1_mem_reg_4__3_/D (SDFFQX1M)                    0.00       0.48 r
  data arrival time                                                  0.48

  clock Ref_clk (rise edge)                               0.00       0.00
  clock network delay (ideal)                             0.00       0.00
  clock uncertainty                                       0.10       0.10
  FIFO_u_U1_mem_reg_4__3_/CK (SDFFQX1M)                   0.00       0.10 r
  library hold time                                      -0.18      -0.08
  data required time                                                -0.08
  --------------------------------------------------------------------------
  data required time                                                -0.08
  data arrival time                                                 -0.48
  --------------------------------------------------------------------------
  slack (MET)                                                        0.56


  Startpoint: FIFO_u_U1_mem_reg_4__4_
              (rising edge-triggered flip-flop clocked by Ref_clk)
  Endpoint: FIFO_u_U1_mem_reg_4__4_
            (rising edge-triggered flip-flop clocked by Ref_clk)
  Path Group: Ref_clk
  Path Type: min

  Point                                                   Incr       Path
  --------------------------------------------------------------------------
  clock Ref_clk (rise edge)                               0.00       0.00
  clock network delay (ideal)                             0.00       0.00
  FIFO_u_U1_mem_reg_4__4_/CK (SDFFQX1M)                   0.00       0.00 r
  FIFO_u_U1_mem_reg_4__4_/Q (SDFFQX1M)                    0.33       0.33 r
  U2134/Y (AOI2BB2XLM)                                    0.15       0.48 r
  FIFO_u_U1_mem_reg_4__4_/D (SDFFQX1M)                    0.00       0.48 r
  data arrival time                                                  0.48

  clock Ref_clk (rise edge)                               0.00       0.00
  clock network delay (ideal)                             0.00       0.00
  clock uncertainty                                       0.10       0.10
  FIFO_u_U1_mem_reg_4__4_/CK (SDFFQX1M)                   0.00       0.10 r
  library hold time                                      -0.18      -0.08
  data required time                                                -0.08
  --------------------------------------------------------------------------
  data required time                                                -0.08
  data arrival time                                                 -0.48
  --------------------------------------------------------------------------
  slack (MET)                                                        0.56


  Startpoint: FIFO_u_U1_mem_reg_4__5_
              (rising edge-triggered flip-flop clocked by Ref_clk)
  Endpoint: FIFO_u_U1_mem_reg_4__5_
            (rising edge-triggered flip-flop clocked by Ref_clk)
  Path Group: Ref_clk
  Path Type: min

  Point                                                   Incr       Path
  --------------------------------------------------------------------------
  clock Ref_clk (rise edge)                               0.00       0.00
  clock network delay (ideal)                             0.00       0.00
  FIFO_u_U1_mem_reg_4__5_/CK (SDFFQX1M)                   0.00       0.00 r
  FIFO_u_U1_mem_reg_4__5_/Q (SDFFQX1M)                    0.33       0.33 r
  U2133/Y (AOI2BB2XLM)                                    0.15       0.48 r
  FIFO_u_U1_mem_reg_4__5_/D (SDFFQX1M)                    0.00       0.48 r
  data arrival time                                                  0.48

  clock Ref_clk (rise edge)                               0.00       0.00
  clock network delay (ideal)                             0.00       0.00
  clock uncertainty                                       0.10       0.10
  FIFO_u_U1_mem_reg_4__5_/CK (SDFFQX1M)                   0.00       0.10 r
  library hold time                                      -0.18      -0.08
  data required time                                                -0.08
  --------------------------------------------------------------------------
  data required time                                                -0.08
  data arrival time                                                 -0.48
  --------------------------------------------------------------------------
  slack (MET)                                                        0.56


  Startpoint: FIFO_u_U1_mem_reg_4__6_
              (rising edge-triggered flip-flop clocked by Ref_clk)
  Endpoint: FIFO_u_U1_mem_reg_4__6_
            (rising edge-triggered flip-flop clocked by Ref_clk)
  Path Group: Ref_clk
  Path Type: min

  Point                                                   Incr       Path
  --------------------------------------------------------------------------
  clock Ref_clk (rise edge)                               0.00       0.00
  clock network delay (ideal)                             0.00       0.00
  FIFO_u_U1_mem_reg_4__6_/CK (SDFFQX1M)                   0.00       0.00 r
  FIFO_u_U1_mem_reg_4__6_/Q (SDFFQX1M)                    0.33       0.33 r
  U2132/Y (AOI2BB2XLM)                                    0.15       0.48 r
  FIFO_u_U1_mem_reg_4__6_/D (SDFFQX1M)                    0.00       0.48 r
  data arrival time                                                  0.48

  clock Ref_clk (rise edge)                               0.00       0.00
  clock network delay (ideal)                             0.00       0.00
  clock uncertainty                                       0.10       0.10
  FIFO_u_U1_mem_reg_4__6_/CK (SDFFQX1M)                   0.00       0.10 r
  library hold time                                      -0.18      -0.08
  data required time                                                -0.08
  --------------------------------------------------------------------------
  data required time                                                -0.08
  data arrival time                                                 -0.48
  --------------------------------------------------------------------------
  slack (MET)                                                        0.56


  Startpoint: FIFO_u_U1_mem_reg_4__0_
              (rising edge-triggered flip-flop clocked by Ref_clk)
  Endpoint: FIFO_u_U1_mem_reg_4__0_
            (rising edge-triggered flip-flop clocked by Ref_clk)
  Path Group: Ref_clk
  Path Type: min

  Point                                                   Incr       Path
  --------------------------------------------------------------------------
  clock Ref_clk (rise edge)                               0.00       0.00
  clock network delay (ideal)                             0.00       0.00
  FIFO_u_U1_mem_reg_4__0_/CK (SDFFQX1M)                   0.00       0.00 r
  FIFO_u_U1_mem_reg_4__0_/Q (SDFFQX1M)                    0.33       0.33 r
  U2130/Y (AOI2BB2XLM)                                    0.15       0.48 r
  FIFO_u_U1_mem_reg_4__0_/D (SDFFQX1M)                    0.00       0.48 r
  data arrival time                                                  0.48

  clock Ref_clk (rise edge)                               0.00       0.00
  clock network delay (ideal)                             0.00       0.00
  clock uncertainty                                       0.10       0.10
  FIFO_u_U1_mem_reg_4__0_/CK (SDFFQX1M)                   0.00       0.10 r
  library hold time                                      -0.18      -0.08
  data required time                                                -0.08
  --------------------------------------------------------------------------
  data required time                                                -0.08
  data arrival time                                                 -0.48
  --------------------------------------------------------------------------
  slack (MET)                                                        0.56


  Startpoint: FIFO_u_U1_mem_reg_4__7_
              (rising edge-triggered flip-flop clocked by Ref_clk)
  Endpoint: FIFO_u_U1_mem_reg_4__7_
            (rising edge-triggered flip-flop clocked by Ref_clk)
  Path Group: Ref_clk
  Path Type: min

  Point                                                   Incr       Path
  --------------------------------------------------------------------------
  clock Ref_clk (rise edge)                               0.00       0.00
  clock network delay (ideal)                             0.00       0.00
  FIFO_u_U1_mem_reg_4__7_/CK (SDFFQX1M)                   0.00       0.00 r
  FIFO_u_U1_mem_reg_4__7_/Q (SDFFQX1M)                    0.33       0.33 r
  U2131/Y (AOI2BB2XLM)                                    0.15       0.48 r
  FIFO_u_U1_mem_reg_4__7_/D (SDFFQX1M)                    0.00       0.48 r
  data arrival time                                                  0.48

  clock Ref_clk (rise edge)                               0.00       0.00
  clock network delay (ideal)                             0.00       0.00
  clock uncertainty                                       0.10       0.10
  FIFO_u_U1_mem_reg_4__7_/CK (SDFFQX1M)                   0.00       0.10 r
  library hold time                                      -0.18      -0.08
  data required time                                                -0.08
  --------------------------------------------------------------------------
  data required time                                                -0.08
  data arrival time                                                 -0.48
  --------------------------------------------------------------------------
  slack (MET)                                                        0.56


  Startpoint: FIFO_u_U1_mem_reg_6__1_
              (rising edge-triggered flip-flop clocked by Ref_clk)
  Endpoint: FIFO_u_U1_mem_reg_6__1_
            (rising edge-triggered flip-flop clocked by Ref_clk)
  Path Group: Ref_clk
  Path Type: min

  Point                                                   Incr       Path
  --------------------------------------------------------------------------
  clock Ref_clk (rise edge)                               0.00       0.00
  clock network delay (ideal)                             0.00       0.00
  FIFO_u_U1_mem_reg_6__1_/CK (SDFFQX1M)                   0.00       0.00 r
  FIFO_u_U1_mem_reg_6__1_/Q (SDFFQX1M)                    0.34       0.34 r
  U2129/Y (AOI2BB2XLM)                                    0.15       0.48 r
  FIFO_u_U1_mem_reg_6__1_/D (SDFFQX1M)                    0.00       0.48 r
  data arrival time                                                  0.48

  clock Ref_clk (rise edge)                               0.00       0.00
  clock network delay (ideal)                             0.00       0.00
  clock uncertainty                                       0.10       0.10
  FIFO_u_U1_mem_reg_6__1_/CK (SDFFQX1M)                   0.00       0.10 r
  library hold time                                      -0.18      -0.08
  data required time                                                -0.08
  --------------------------------------------------------------------------
  data required time                                                -0.08
  data arrival time                                                 -0.48
  --------------------------------------------------------------------------
  slack (MET)                                                        0.56


  Startpoint: FIFO_u_U1_mem_reg_0__1_
              (rising edge-triggered flip-flop clocked by Ref_clk)
  Endpoint: FIFO_u_U1_mem_reg_0__1_
            (rising edge-triggered flip-flop clocked by Ref_clk)
  Path Group: Ref_clk
  Path Type: min

  Point                                                   Incr       Path
  --------------------------------------------------------------------------
  clock Ref_clk (rise edge)                               0.00       0.00
  clock network delay (ideal)                             0.00       0.00
  FIFO_u_U1_mem_reg_0__1_/CK (SDFFQX1M)                   0.00       0.00 r
  FIFO_u_U1_mem_reg_0__1_/Q (SDFFQX1M)                    0.34       0.34 r
  U2201/Y (AOI2BB2XLM)                                    0.15       0.48 r
  FIFO_u_U1_mem_reg_0__1_/D (SDFFQX1M)                    0.00       0.48 r
  data arrival time                                                  0.48

  clock Ref_clk (rise edge)                               0.00       0.00
  clock network delay (ideal)                             0.00       0.00
  clock uncertainty                                       0.10       0.10
  FIFO_u_U1_mem_reg_0__1_/CK (SDFFQX1M)                   0.00       0.10 r
  library hold time                                      -0.18      -0.08
  data required time                                                -0.08
  --------------------------------------------------------------------------
  data required time                                                -0.08
  data arrival time                                                 -0.48
  --------------------------------------------------------------------------
  slack (MET)                                                        0.56


  Startpoint: FIFO_u_U1_mem_reg_6__2_
              (rising edge-triggered flip-flop clocked by Ref_clk)
  Endpoint: FIFO_u_U1_mem_reg_6__2_
            (rising edge-triggered flip-flop clocked by Ref_clk)
  Path Group: Ref_clk
  Path Type: min

  Point                                                   Incr       Path
  --------------------------------------------------------------------------
  clock Ref_clk (rise edge)                               0.00       0.00
  clock network delay (ideal)                             0.00       0.00
  FIFO_u_U1_mem_reg_6__2_/CK (SDFFQX1M)                   0.00       0.00 r
  FIFO_u_U1_mem_reg_6__2_/Q (SDFFQX1M)                    0.34       0.34 r
  U2128/Y (AOI2BB2XLM)                                    0.15       0.48 r
  FIFO_u_U1_mem_reg_6__2_/D (SDFFQX1M)                    0.00       0.48 r
  data arrival time                                                  0.48

  clock Ref_clk (rise edge)                               0.00       0.00
  clock network delay (ideal)                             0.00       0.00
  clock uncertainty                                       0.10       0.10
  FIFO_u_U1_mem_reg_6__2_/CK (SDFFQX1M)                   0.00       0.10 r
  library hold time                                      -0.18      -0.08
  data required time                                                -0.08
  --------------------------------------------------------------------------
  data required time                                                -0.08
  data arrival time                                                 -0.48
  --------------------------------------------------------------------------
  slack (MET)                                                        0.56


  Startpoint: FIFO_u_U1_mem_reg_0__2_
              (rising edge-triggered flip-flop clocked by Ref_clk)
  Endpoint: FIFO_u_U1_mem_reg_0__2_
            (rising edge-triggered flip-flop clocked by Ref_clk)
  Path Group: Ref_clk
  Path Type: min

  Point                                                   Incr       Path
  --------------------------------------------------------------------------
  clock Ref_clk (rise edge)                               0.00       0.00
  clock network delay (ideal)                             0.00       0.00
  FIFO_u_U1_mem_reg_0__2_/CK (SDFFQX1M)                   0.00       0.00 r
  FIFO_u_U1_mem_reg_0__2_/Q (SDFFQX1M)                    0.34       0.34 r
  U2193/Y (AOI2BB2XLM)                                    0.15       0.48 r
  FIFO_u_U1_mem_reg_0__2_/D (SDFFQX1M)                    0.00       0.48 r
  data arrival time                                                  0.48

  clock Ref_clk (rise edge)                               0.00       0.00
  clock network delay (ideal)                             0.00       0.00
  clock uncertainty                                       0.10       0.10
  FIFO_u_U1_mem_reg_0__2_/CK (SDFFQX1M)                   0.00       0.10 r
  library hold time                                      -0.18      -0.08
  data required time                                                -0.08
  --------------------------------------------------------------------------
  data required time                                                -0.08
  data arrival time                                                 -0.48
  --------------------------------------------------------------------------
  slack (MET)                                                        0.56


  Startpoint: FIFO_u_U1_mem_reg_6__3_
              (rising edge-triggered flip-flop clocked by Ref_clk)
  Endpoint: FIFO_u_U1_mem_reg_6__3_
            (rising edge-triggered flip-flop clocked by Ref_clk)
  Path Group: Ref_clk
  Path Type: min

  Point                                                   Incr       Path
  --------------------------------------------------------------------------
  clock Ref_clk (rise edge)                               0.00       0.00
  clock network delay (ideal)                             0.00       0.00
  FIFO_u_U1_mem_reg_6__3_/CK (SDFFQX1M)                   0.00       0.00 r
  FIFO_u_U1_mem_reg_6__3_/Q (SDFFQX1M)                    0.34       0.34 r
  U2127/Y (AOI2BB2XLM)                                    0.15       0.48 r
  FIFO_u_U1_mem_reg_6__3_/D (SDFFQX1M)                    0.00       0.48 r
  data arrival time                                                  0.48

  clock Ref_clk (rise edge)                               0.00       0.00
  clock network delay (ideal)                             0.00       0.00
  clock uncertainty                                       0.10       0.10
  FIFO_u_U1_mem_reg_6__3_/CK (SDFFQX1M)                   0.00       0.10 r
  library hold time                                      -0.18      -0.08
  data required time                                                -0.08
  --------------------------------------------------------------------------
  data required time                                                -0.08
  data arrival time                                                 -0.48
  --------------------------------------------------------------------------
  slack (MET)                                                        0.56


  Startpoint: FIFO_u_U1_mem_reg_0__3_
              (rising edge-triggered flip-flop clocked by Ref_clk)
  Endpoint: FIFO_u_U1_mem_reg_0__3_
            (rising edge-triggered flip-flop clocked by Ref_clk)
  Path Group: Ref_clk
  Path Type: min

  Point                                                   Incr       Path
  --------------------------------------------------------------------------
  clock Ref_clk (rise edge)                               0.00       0.00
  clock network delay (ideal)                             0.00       0.00
  FIFO_u_U1_mem_reg_0__3_/CK (SDFFQX1M)                   0.00       0.00 r
  FIFO_u_U1_mem_reg_0__3_/Q (SDFFQX1M)                    0.34       0.34 r
  U2186/Y (AOI2BB2XLM)                                    0.15       0.48 r
  FIFO_u_U1_mem_reg_0__3_/D (SDFFQX1M)                    0.00       0.48 r
  data arrival time                                                  0.48

  clock Ref_clk (rise edge)                               0.00       0.00
  clock network delay (ideal)                             0.00       0.00
  clock uncertainty                                       0.10       0.10
  FIFO_u_U1_mem_reg_0__3_/CK (SDFFQX1M)                   0.00       0.10 r
  library hold time                                      -0.18      -0.08
  data required time                                                -0.08
  --------------------------------------------------------------------------
  data required time                                                -0.08
  data arrival time                                                 -0.48
  --------------------------------------------------------------------------
  slack (MET)                                                        0.56


  Startpoint: FIFO_u_U1_mem_reg_6__4_
              (rising edge-triggered flip-flop clocked by Ref_clk)
  Endpoint: FIFO_u_U1_mem_reg_6__4_
            (rising edge-triggered flip-flop clocked by Ref_clk)
  Path Group: Ref_clk
  Path Type: min

  Point                                                   Incr       Path
  --------------------------------------------------------------------------
  clock Ref_clk (rise edge)                               0.00       0.00
  clock network delay (ideal)                             0.00       0.00
  FIFO_u_U1_mem_reg_6__4_/CK (SDFFQX1M)                   0.00       0.00 r
  FIFO_u_U1_mem_reg_6__4_/Q (SDFFQX1M)                    0.34       0.34 r
  U2126/Y (AOI2BB2XLM)                                    0.15       0.48 r
  FIFO_u_U1_mem_reg_6__4_/D (SDFFQX1M)                    0.00       0.48 r
  data arrival time                                                  0.48

  clock Ref_clk (rise edge)                               0.00       0.00
  clock network delay (ideal)                             0.00       0.00
  clock uncertainty                                       0.10       0.10
  FIFO_u_U1_mem_reg_6__4_/CK (SDFFQX1M)                   0.00       0.10 r
  library hold time                                      -0.18      -0.08
  data required time                                                -0.08
  --------------------------------------------------------------------------
  data required time                                                -0.08
  data arrival time                                                 -0.48
  --------------------------------------------------------------------------
  slack (MET)                                                        0.56


  Startpoint: FIFO_u_U1_mem_reg_0__4_
              (rising edge-triggered flip-flop clocked by Ref_clk)
  Endpoint: FIFO_u_U1_mem_reg_0__4_
            (rising edge-triggered flip-flop clocked by Ref_clk)
  Path Group: Ref_clk
  Path Type: min

  Point                                                   Incr       Path
  --------------------------------------------------------------------------
  clock Ref_clk (rise edge)                               0.00       0.00
  clock network delay (ideal)                             0.00       0.00
  FIFO_u_U1_mem_reg_0__4_/CK (SDFFQX1M)                   0.00       0.00 r
  FIFO_u_U1_mem_reg_0__4_/Q (SDFFQX1M)                    0.34       0.34 r
  U2178/Y (AOI2BB2XLM)                                    0.15       0.48 r
  FIFO_u_U1_mem_reg_0__4_/D (SDFFQX1M)                    0.00       0.48 r
  data arrival time                                                  0.48

  clock Ref_clk (rise edge)                               0.00       0.00
  clock network delay (ideal)                             0.00       0.00
  clock uncertainty                                       0.10       0.10
  FIFO_u_U1_mem_reg_0__4_/CK (SDFFQX1M)                   0.00       0.10 r
  library hold time                                      -0.18      -0.08
  data required time                                                -0.08
  --------------------------------------------------------------------------
  data required time                                                -0.08
  data arrival time                                                 -0.48
  --------------------------------------------------------------------------
  slack (MET)                                                        0.56


  Startpoint: FIFO_u_U1_mem_reg_6__5_
              (rising edge-triggered flip-flop clocked by Ref_clk)
  Endpoint: FIFO_u_U1_mem_reg_6__5_
            (rising edge-triggered flip-flop clocked by Ref_clk)
  Path Group: Ref_clk
  Path Type: min

  Point                                                   Incr       Path
  --------------------------------------------------------------------------
  clock Ref_clk (rise edge)                               0.00       0.00
  clock network delay (ideal)                             0.00       0.00
  FIFO_u_U1_mem_reg_6__5_/CK (SDFFQX1M)                   0.00       0.00 r
  FIFO_u_U1_mem_reg_6__5_/Q (SDFFQX1M)                    0.34       0.34 r
  U2125/Y (AOI2BB2XLM)                                    0.15       0.48 r
  FIFO_u_U1_mem_reg_6__5_/D (SDFFQX1M)                    0.00       0.48 r
  data arrival time                                                  0.48

  clock Ref_clk (rise edge)                               0.00       0.00
  clock network delay (ideal)                             0.00       0.00
  clock uncertainty                                       0.10       0.10
  FIFO_u_U1_mem_reg_6__5_/CK (SDFFQX1M)                   0.00       0.10 r
  library hold time                                      -0.18      -0.08
  data required time                                                -0.08
  --------------------------------------------------------------------------
  data required time                                                -0.08
  data arrival time                                                 -0.48
  --------------------------------------------------------------------------
  slack (MET)                                                        0.56


  Startpoint: FIFO_u_U1_mem_reg_0__5_
              (rising edge-triggered flip-flop clocked by Ref_clk)
  Endpoint: FIFO_u_U1_mem_reg_0__5_
            (rising edge-triggered flip-flop clocked by Ref_clk)
  Path Group: Ref_clk
  Path Type: min

  Point                                                   Incr       Path
  --------------------------------------------------------------------------
  clock Ref_clk (rise edge)                               0.00       0.00
  clock network delay (ideal)                             0.00       0.00
  FIFO_u_U1_mem_reg_0__5_/CK (SDFFQX1M)                   0.00       0.00 r
  FIFO_u_U1_mem_reg_0__5_/Q (SDFFQX1M)                    0.34       0.34 r
  U2170/Y (AOI2BB2XLM)                                    0.15       0.48 r
  FIFO_u_U1_mem_reg_0__5_/D (SDFFQX1M)                    0.00       0.48 r
  data arrival time                                                  0.48

  clock Ref_clk (rise edge)                               0.00       0.00
  clock network delay (ideal)                             0.00       0.00
  clock uncertainty                                       0.10       0.10
  FIFO_u_U1_mem_reg_0__5_/CK (SDFFQX1M)                   0.00       0.10 r
  library hold time                                      -0.18      -0.08
  data required time                                                -0.08
  --------------------------------------------------------------------------
  data required time                                                -0.08
  data arrival time                                                 -0.48
  --------------------------------------------------------------------------
  slack (MET)                                                        0.56


  Startpoint: FIFO_u_U1_mem_reg_6__6_
              (rising edge-triggered flip-flop clocked by Ref_clk)
  Endpoint: FIFO_u_U1_mem_reg_6__6_
            (rising edge-triggered flip-flop clocked by Ref_clk)
  Path Group: Ref_clk
  Path Type: min

  Point                                                   Incr       Path
  --------------------------------------------------------------------------
  clock Ref_clk (rise edge)                               0.00       0.00
  clock network delay (ideal)                             0.00       0.00
  FIFO_u_U1_mem_reg_6__6_/CK (SDFFQX1M)                   0.00       0.00 r
  FIFO_u_U1_mem_reg_6__6_/Q (SDFFQX1M)                    0.34       0.34 r
  U2124/Y (AOI2BB2XLM)                                    0.15       0.48 r
  FIFO_u_U1_mem_reg_6__6_/D (SDFFQX1M)                    0.00       0.48 r
  data arrival time                                                  0.48

  clock Ref_clk (rise edge)                               0.00       0.00
  clock network delay (ideal)                             0.00       0.00
  clock uncertainty                                       0.10       0.10
  FIFO_u_U1_mem_reg_6__6_/CK (SDFFQX1M)                   0.00       0.10 r
  library hold time                                      -0.18      -0.08
  data required time                                                -0.08
  --------------------------------------------------------------------------
  data required time                                                -0.08
  data arrival time                                                 -0.48
  --------------------------------------------------------------------------
  slack (MET)                                                        0.56


  Startpoint: FIFO_u_U1_mem_reg_0__6_
              (rising edge-triggered flip-flop clocked by Ref_clk)
  Endpoint: FIFO_u_U1_mem_reg_0__6_
            (rising edge-triggered flip-flop clocked by Ref_clk)
  Path Group: Ref_clk
  Path Type: min

  Point                                                   Incr       Path
  --------------------------------------------------------------------------
  clock Ref_clk (rise edge)                               0.00       0.00
  clock network delay (ideal)                             0.00       0.00
  FIFO_u_U1_mem_reg_0__6_/CK (SDFFQX1M)                   0.00       0.00 r
  FIFO_u_U1_mem_reg_0__6_/Q (SDFFQX1M)                    0.34       0.34 r
  U2163/Y (AOI2BB2XLM)                                    0.15       0.48 r
  FIFO_u_U1_mem_reg_0__6_/D (SDFFQX1M)                    0.00       0.48 r
  data arrival time                                                  0.48

  clock Ref_clk (rise edge)                               0.00       0.00
  clock network delay (ideal)                             0.00       0.00
  clock uncertainty                                       0.10       0.10
  FIFO_u_U1_mem_reg_0__6_/CK (SDFFQX1M)                   0.00       0.10 r
  library hold time                                      -0.18      -0.08
  data required time                                                -0.08
  --------------------------------------------------------------------------
  data required time                                                -0.08
  data arrival time                                                 -0.48
  --------------------------------------------------------------------------
  slack (MET)                                                        0.56


  Startpoint: FIFO_u_U1_mem_reg_6__0_
              (rising edge-triggered flip-flop clocked by Ref_clk)
  Endpoint: FIFO_u_U1_mem_reg_6__0_
            (rising edge-triggered flip-flop clocked by Ref_clk)
  Path Group: Ref_clk
  Path Type: min

  Point                                                   Incr       Path
  --------------------------------------------------------------------------
  clock Ref_clk (rise edge)                               0.00       0.00
  clock network delay (ideal)                             0.00       0.00
  FIFO_u_U1_mem_reg_6__0_/CK (SDFFQX1M)                   0.00       0.00 r
  FIFO_u_U1_mem_reg_6__0_/Q (SDFFQX1M)                    0.34       0.34 r
  U2122/Y (AOI2BB2XLM)                                    0.15       0.48 r
  FIFO_u_U1_mem_reg_6__0_/D (SDFFQX1M)                    0.00       0.48 r
  data arrival time                                                  0.48

  clock Ref_clk (rise edge)                               0.00       0.00
  clock network delay (ideal)                             0.00       0.00
  clock uncertainty                                       0.10       0.10
  FIFO_u_U1_mem_reg_6__0_/CK (SDFFQX1M)                   0.00       0.10 r
  library hold time                                      -0.18      -0.08
  data required time                                                -0.08
  --------------------------------------------------------------------------
  data required time                                                -0.08
  data arrival time                                                 -0.48
  --------------------------------------------------------------------------
  slack (MET)                                                        0.56


  Startpoint: FIFO_u_U1_mem_reg_0__0_
              (rising edge-triggered flip-flop clocked by Ref_clk)
  Endpoint: FIFO_u_U1_mem_reg_0__0_
            (rising edge-triggered flip-flop clocked by Ref_clk)
  Path Group: Ref_clk
  Path Type: min

  Point                                                   Incr       Path
  --------------------------------------------------------------------------
  clock Ref_clk (rise edge)                               0.00       0.00
  clock network delay (ideal)                             0.00       0.00
  FIFO_u_U1_mem_reg_0__0_/CK (SDFFQX1M)                   0.00       0.00 r
  FIFO_u_U1_mem_reg_0__0_/Q (SDFFQX1M)                    0.34       0.34 r
  U2154/Y (AOI2BB2XLM)                                    0.15       0.48 r
  FIFO_u_U1_mem_reg_0__0_/D (SDFFQX1M)                    0.00       0.48 r
  data arrival time                                                  0.48

  clock Ref_clk (rise edge)                               0.00       0.00
  clock network delay (ideal)                             0.00       0.00
  clock uncertainty                                       0.10       0.10
  FIFO_u_U1_mem_reg_0__0_/CK (SDFFQX1M)                   0.00       0.10 r
  library hold time                                      -0.18      -0.08
  data required time                                                -0.08
  --------------------------------------------------------------------------
  data required time                                                -0.08
  data arrival time                                                 -0.48
  --------------------------------------------------------------------------
  slack (MET)                                                        0.56


  Startpoint: FIFO_u_U1_mem_reg_6__7_
              (rising edge-triggered flip-flop clocked by Ref_clk)
  Endpoint: FIFO_u_U1_mem_reg_6__7_
            (rising edge-triggered flip-flop clocked by Ref_clk)
  Path Group: Ref_clk
  Path Type: min

  Point                                                   Incr       Path
  --------------------------------------------------------------------------
  clock Ref_clk (rise edge)                               0.00       0.00
  clock network delay (ideal)                             0.00       0.00
  FIFO_u_U1_mem_reg_6__7_/CK (SDFFQX1M)                   0.00       0.00 r
  FIFO_u_U1_mem_reg_6__7_/Q (SDFFQX1M)                    0.34       0.34 r
  U2123/Y (AOI2BB2XLM)                                    0.15       0.48 r
  FIFO_u_U1_mem_reg_6__7_/D (SDFFQX1M)                    0.00       0.48 r
  data arrival time                                                  0.48

  clock Ref_clk (rise edge)                               0.00       0.00
  clock network delay (ideal)                             0.00       0.00
  clock uncertainty                                       0.10       0.10
  FIFO_u_U1_mem_reg_6__7_/CK (SDFFQX1M)                   0.00       0.10 r
  library hold time                                      -0.18      -0.08
  data required time                                                -0.08
  --------------------------------------------------------------------------
  data required time                                                -0.08
  data arrival time                                                 -0.48
  --------------------------------------------------------------------------
  slack (MET)                                                        0.56


  Startpoint: FIFO_u_U1_mem_reg_0__7_
              (rising edge-triggered flip-flop clocked by Ref_clk)
  Endpoint: FIFO_u_U1_mem_reg_0__7_
            (rising edge-triggered flip-flop clocked by Ref_clk)
  Path Group: Ref_clk
  Path Type: min

  Point                                                   Incr       Path
  --------------------------------------------------------------------------
  clock Ref_clk (rise edge)                               0.00       0.00
  clock network delay (ideal)                             0.00       0.00
  FIFO_u_U1_mem_reg_0__7_/CK (SDFFQX1M)                   0.00       0.00 r
  FIFO_u_U1_mem_reg_0__7_/Q (SDFFQX1M)                    0.34       0.34 r
  U2156/Y (AOI2BB2XLM)                                    0.15       0.48 r
  FIFO_u_U1_mem_reg_0__7_/D (SDFFQX1M)                    0.00       0.48 r
  data arrival time                                                  0.48

  clock Ref_clk (rise edge)                               0.00       0.00
  clock network delay (ideal)                             0.00       0.00
  clock uncertainty                                       0.10       0.10
  FIFO_u_U1_mem_reg_0__7_/CK (SDFFQX1M)                   0.00       0.10 r
  library hold time                                      -0.18      -0.08
  data required time                                                -0.08
  --------------------------------------------------------------------------
  data required time                                                -0.08
  data arrival time                                                 -0.48
  --------------------------------------------------------------------------
  slack (MET)                                                        0.56


  Startpoint: ALU_u_ALU_OUT_reg_9_
              (rising edge-triggered flip-flop clocked by Gated_clk)
  Endpoint: sys_ctrl_u_frame2_reg_1_
            (rising edge-triggered flip-flop clocked by Ref_clk)
  Path Group: Ref_clk
  Path Type: min

  Point                                                   Incr       Path
  --------------------------------------------------------------------------
  clock Gated_clk (rise edge)                             0.00       0.00
  clock network delay (ideal)                             0.00       0.00
  ALU_u_ALU_OUT_reg_9_/CK (SDFFRQX1M)                     0.00       0.00 r
  ALU_u_ALU_OUT_reg_9_/Q (SDFFRQX1M)                      0.36       0.36 r
  U2325/Y (AO22XLM)                                       0.14       0.51 r
  sys_ctrl_u_frame2_reg_1_/D (SDFFRQX1M)                  0.00       0.51 r
  data arrival time                                                  0.51

  clock Ref_clk (rise edge)                               0.00       0.00
  clock network delay (ideal)                             0.00       0.00
  clock uncertainty                                       0.10       0.10
  sys_ctrl_u_frame2_reg_1_/CK (SDFFRQX1M)                 0.00       0.10 r
  library hold time                                      -0.18      -0.08
  data required time                                                -0.08
  --------------------------------------------------------------------------
  data required time                                                -0.08
  data arrival time                                                 -0.51
  --------------------------------------------------------------------------
  slack (MET)                                                        0.58


  Startpoint: ALU_u_ALU_OUT_reg_10_
              (rising edge-triggered flip-flop clocked by Gated_clk)
  Endpoint: sys_ctrl_u_frame2_reg_2_
            (rising edge-triggered flip-flop clocked by Ref_clk)
  Path Group: Ref_clk
  Path Type: min

  Point                                                   Incr       Path
  --------------------------------------------------------------------------
  clock Gated_clk (rise edge)                             0.00       0.00
  clock network delay (ideal)                             0.00       0.00
  ALU_u_ALU_OUT_reg_10_/CK (SDFFRQX1M)                    0.00       0.00 r
  ALU_u_ALU_OUT_reg_10_/Q (SDFFRQX1M)                     0.36       0.36 r
  U2326/Y (AO22XLM)                                       0.14       0.51 r
  sys_ctrl_u_frame2_reg_2_/D (SDFFRQX1M)                  0.00       0.51 r
  data arrival time                                                  0.51

  clock Ref_clk (rise edge)                               0.00       0.00
  clock network delay (ideal)                             0.00       0.00
  clock uncertainty                                       0.10       0.10
  sys_ctrl_u_frame2_reg_2_/CK (SDFFRQX1M)                 0.00       0.10 r
  library hold time                                      -0.18      -0.08
  data required time                                                -0.08
  --------------------------------------------------------------------------
  data required time                                                -0.08
  data arrival time                                                 -0.51
  --------------------------------------------------------------------------
  slack (MET)                                                        0.58


  Startpoint: ALU_u_ALU_OUT_reg_11_
              (rising edge-triggered flip-flop clocked by Gated_clk)
  Endpoint: sys_ctrl_u_frame2_reg_3_
            (rising edge-triggered flip-flop clocked by Ref_clk)
  Path Group: Ref_clk
  Path Type: min

  Point                                                   Incr       Path
  --------------------------------------------------------------------------
  clock Gated_clk (rise edge)                             0.00       0.00
  clock network delay (ideal)                             0.00       0.00
  ALU_u_ALU_OUT_reg_11_/CK (SDFFRQX1M)                    0.00       0.00 r
  ALU_u_ALU_OUT_reg_11_/Q (SDFFRQX1M)                     0.36       0.36 r
  U2327/Y (AO22XLM)                                       0.14       0.51 r
  sys_ctrl_u_frame2_reg_3_/D (SDFFRQX1M)                  0.00       0.51 r
  data arrival time                                                  0.51

  clock Ref_clk (rise edge)                               0.00       0.00
  clock network delay (ideal)                             0.00       0.00
  clock uncertainty                                       0.10       0.10
  sys_ctrl_u_frame2_reg_3_/CK (SDFFRQX1M)                 0.00       0.10 r
  library hold time                                      -0.18      -0.08
  data required time                                                -0.08
  --------------------------------------------------------------------------
  data required time                                                -0.08
  data arrival time                                                 -0.51
  --------------------------------------------------------------------------
  slack (MET)                                                        0.58


  Startpoint: ALU_u_ALU_OUT_reg_12_
              (rising edge-triggered flip-flop clocked by Gated_clk)
  Endpoint: sys_ctrl_u_frame2_reg_4_
            (rising edge-triggered flip-flop clocked by Ref_clk)
  Path Group: Ref_clk
  Path Type: min

  Point                                                   Incr       Path
  --------------------------------------------------------------------------
  clock Gated_clk (rise edge)                             0.00       0.00
  clock network delay (ideal)                             0.00       0.00
  ALU_u_ALU_OUT_reg_12_/CK (SDFFRQX1M)                    0.00       0.00 r
  ALU_u_ALU_OUT_reg_12_/Q (SDFFRQX1M)                     0.36       0.36 r
  U2328/Y (AO22XLM)                                       0.14       0.51 r
  sys_ctrl_u_frame2_reg_4_/D (SDFFRQX1M)                  0.00       0.51 r
  data arrival time                                                  0.51

  clock Ref_clk (rise edge)                               0.00       0.00
  clock network delay (ideal)                             0.00       0.00
  clock uncertainty                                       0.10       0.10
  sys_ctrl_u_frame2_reg_4_/CK (SDFFRQX1M)                 0.00       0.10 r
  library hold time                                      -0.18      -0.08
  data required time                                                -0.08
  --------------------------------------------------------------------------
  data required time                                                -0.08
  data arrival time                                                 -0.51
  --------------------------------------------------------------------------
  slack (MET)                                                        0.58


  Startpoint: ALU_u_ALU_OUT_reg_13_
              (rising edge-triggered flip-flop clocked by Gated_clk)
  Endpoint: sys_ctrl_u_frame2_reg_5_
            (rising edge-triggered flip-flop clocked by Ref_clk)
  Path Group: Ref_clk
  Path Type: min

  Point                                                   Incr       Path
  --------------------------------------------------------------------------
  clock Gated_clk (rise edge)                             0.00       0.00
  clock network delay (ideal)                             0.00       0.00
  ALU_u_ALU_OUT_reg_13_/CK (SDFFRQX1M)                    0.00       0.00 r
  ALU_u_ALU_OUT_reg_13_/Q (SDFFRQX1M)                     0.36       0.36 r
  U2329/Y (AO22XLM)                                       0.14       0.51 r
  sys_ctrl_u_frame2_reg_5_/D (SDFFRQX1M)                  0.00       0.51 r
  data arrival time                                                  0.51

  clock Ref_clk (rise edge)                               0.00       0.00
  clock network delay (ideal)                             0.00       0.00
  clock uncertainty                                       0.10       0.10
  sys_ctrl_u_frame2_reg_5_/CK (SDFFRQX1M)                 0.00       0.10 r
  library hold time                                      -0.18      -0.08
  data required time                                                -0.08
  --------------------------------------------------------------------------
  data required time                                                -0.08
  data arrival time                                                 -0.51
  --------------------------------------------------------------------------
  slack (MET)                                                        0.58


  Startpoint: ALU_u_ALU_OUT_reg_14_
              (rising edge-triggered flip-flop clocked by Gated_clk)
  Endpoint: sys_ctrl_u_frame2_reg_6_
            (rising edge-triggered flip-flop clocked by Ref_clk)
  Path Group: Ref_clk
  Path Type: min

  Point                                                   Incr       Path
  --------------------------------------------------------------------------
  clock Gated_clk (rise edge)                             0.00       0.00
  clock network delay (ideal)                             0.00       0.00
  ALU_u_ALU_OUT_reg_14_/CK (SDFFRQX1M)                    0.00       0.00 r
  ALU_u_ALU_OUT_reg_14_/Q (SDFFRQX1M)                     0.36       0.36 r
  U2330/Y (AO22XLM)                                       0.14       0.51 r
  sys_ctrl_u_frame2_reg_6_/D (SDFFRQX1M)                  0.00       0.51 r
  data arrival time                                                  0.51

  clock Ref_clk (rise edge)                               0.00       0.00
  clock network delay (ideal)                             0.00       0.00
  clock uncertainty                                       0.10       0.10
  sys_ctrl_u_frame2_reg_6_/CK (SDFFRQX1M)                 0.00       0.10 r
  library hold time                                      -0.18      -0.08
  data required time                                                -0.08
  --------------------------------------------------------------------------
  data required time                                                -0.08
  data arrival time                                                 -0.51
  --------------------------------------------------------------------------
  slack (MET)                                                        0.58


  Startpoint: ALU_u_ALU_OUT_reg_15_
              (rising edge-triggered flip-flop clocked by Gated_clk)
  Endpoint: sys_ctrl_u_frame2_reg_7_
            (rising edge-triggered flip-flop clocked by Ref_clk)
  Path Group: Ref_clk
  Path Type: min

  Point                                                   Incr       Path
  --------------------------------------------------------------------------
  clock Gated_clk (rise edge)                             0.00       0.00
  clock network delay (ideal)                             0.00       0.00
  ALU_u_ALU_OUT_reg_15_/CK (SDFFRQX1M)                    0.00       0.00 r
  ALU_u_ALU_OUT_reg_15_/Q (SDFFRQX1M)                     0.36       0.36 r
  U2331/Y (AO22XLM)                                       0.14       0.51 r
  sys_ctrl_u_frame2_reg_7_/D (SDFFRQX1M)                  0.00       0.51 r
  data arrival time                                                  0.51

  clock Ref_clk (rise edge)                               0.00       0.00
  clock network delay (ideal)                             0.00       0.00
  clock uncertainty                                       0.10       0.10
  sys_ctrl_u_frame2_reg_7_/CK (SDFFRQX1M)                 0.00       0.10 r
  library hold time                                      -0.18      -0.08
  data required time                                                -0.08
  --------------------------------------------------------------------------
  data required time                                                -0.08
  data arrival time                                                 -0.51
  --------------------------------------------------------------------------
  slack (MET)                                                        0.58


  Startpoint: ALU_u_ALU_OUT_reg_8_
              (rising edge-triggered flip-flop clocked by Gated_clk)
  Endpoint: sys_ctrl_u_frame2_reg_0_
            (rising edge-triggered flip-flop clocked by Ref_clk)
  Path Group: Ref_clk
  Path Type: min

  Point                                                   Incr       Path
  --------------------------------------------------------------------------
  clock Gated_clk (rise edge)                             0.00       0.00
  clock network delay (ideal)                             0.00       0.00
  ALU_u_ALU_OUT_reg_8_/CK (SDFFRQX1M)                     0.00       0.00 r
  ALU_u_ALU_OUT_reg_8_/Q (SDFFRQX1M)                      0.36       0.36 r
  U2332/Y (AO22XLM)                                       0.14       0.51 r
  sys_ctrl_u_frame2_reg_0_/D (SDFFRQX1M)                  0.00       0.51 r
  data arrival time                                                  0.51

  clock Ref_clk (rise edge)                               0.00       0.00
  clock network delay (ideal)                             0.00       0.00
  clock uncertainty                                       0.10       0.10
  sys_ctrl_u_frame2_reg_0_/CK (SDFFRQX1M)                 0.00       0.10 r
  library hold time                                      -0.18      -0.08
  data required time                                                -0.08
  --------------------------------------------------------------------------
  data required time                                                -0.08
  data arrival time                                                 -0.51
  --------------------------------------------------------------------------
  slack (MET)                                                        0.58


  Startpoint: sys_ctrl_u_cfg_locked_reg
              (rising edge-triggered flip-flop clocked by Ref_clk)
  Endpoint: sys_ctrl_u_cfg_locked_reg
            (rising edge-triggered flip-flop clocked by Ref_clk)
  Path Group: Ref_clk
  Path Type: min

  Point                                                   Incr       Path
  --------------------------------------------------------------------------
  clock Ref_clk (rise edge)                               0.00       0.00
  clock network delay (ideal)                             0.00       0.00
  sys_ctrl_u_cfg_locked_reg/CK (SDFFRQX1M)                0.00       0.00 r
  sys_ctrl_u_cfg_locked_reg/Q (SDFFRQX1M)                 0.39       0.39 r
  U1456/Y (AOI21XLM)                                      0.06       0.45 f
  U1457/Y (OAI21XLM)                                      0.07       0.52 r
  sys_ctrl_u_cfg_locked_reg/D (SDFFRQX1M)                 0.00       0.52 r
  data arrival time                                                  0.52

  clock Ref_clk (rise edge)                               0.00       0.00
  clock network delay (ideal)                             0.00       0.00
  clock uncertainty                                       0.10       0.10
  sys_ctrl_u_cfg_locked_reg/CK (SDFFRQX1M)                0.00       0.10 r
  library hold time                                      -0.18      -0.08
  data required time                                                -0.08
  --------------------------------------------------------------------------
  data required time                                                -0.08
  data arrival time                                                 -0.52
  --------------------------------------------------------------------------
  slack (MET)                                                        0.60


  Startpoint: sys_ctrl_u_reg2_cfg_reg
              (rising edge-triggered flip-flop clocked by Ref_clk)
  Endpoint: sys_ctrl_u_reg2_cfg_reg
            (rising edge-triggered flip-flop clocked by Ref_clk)
  Path Group: Ref_clk
  Path Type: min

  Point                                                   Incr       Path
  --------------------------------------------------------------------------
  clock Ref_clk (rise edge)                               0.00       0.00
  clock network delay (ideal)                             0.00       0.00
  sys_ctrl_u_reg2_cfg_reg/CK (SDFFRQX1M)                  0.00       0.00 r
  sys_ctrl_u_reg2_cfg_reg/Q (SDFFRQX1M)                   0.40       0.40 r
  U2318/Y (AO21XLM)                                       0.12       0.52 r
  sys_ctrl_u_reg2_cfg_reg/D (SDFFRQX1M)                   0.00       0.52 r
  data arrival time                                                  0.52

  clock Ref_clk (rise edge)                               0.00       0.00
  clock network delay (ideal)                             0.00       0.00
  clock uncertainty                                       0.10       0.10
  sys_ctrl_u_reg2_cfg_reg/CK (SDFFRQX1M)                  0.00       0.10 r
  library hold time                                      -0.18      -0.08
  data required time                                                -0.08
  --------------------------------------------------------------------------
  data required time                                                -0.08
  data arrival time                                                 -0.52
  --------------------------------------------------------------------------
  slack (MET)                                                        0.60


  Startpoint: sys_ctrl_u_reg3_cfg_reg
              (rising edge-triggered flip-flop clocked by Ref_clk)
  Endpoint: sys_ctrl_u_reg3_cfg_reg
            (rising edge-triggered flip-flop clocked by Ref_clk)
  Path Group: Ref_clk
  Path Type: min

  Point                                                   Incr       Path
  --------------------------------------------------------------------------
  clock Ref_clk (rise edge)                               0.00       0.00
  clock network delay (ideal)                             0.00       0.00
  sys_ctrl_u_reg3_cfg_reg/CK (SDFFRQX1M)                  0.00       0.00 r
  sys_ctrl_u_reg3_cfg_reg/Q (SDFFRQX1M)                   0.41       0.41 r
  U2011/Y (OR2X1M)                                        0.12       0.53 r
  sys_ctrl_u_reg3_cfg_reg/D (SDFFRQX1M)                   0.00       0.53 r
  data arrival time                                                  0.53

  clock Ref_clk (rise edge)                               0.00       0.00
  clock network delay (ideal)                             0.00       0.00
  clock uncertainty                                       0.10       0.10
  sys_ctrl_u_reg3_cfg_reg/CK (SDFFRQX1M)                  0.00       0.10 r
  library hold time                                      -0.17      -0.07
  data required time                                                -0.07
  --------------------------------------------------------------------------
  data required time                                                -0.07
  data arrival time                                                 -0.53
  --------------------------------------------------------------------------
  slack (MET)                                                        0.60


  Startpoint: Regfile_u_reg_file_reg_7__0_
              (rising edge-triggered flip-flop clocked by Ref_clk)
  Endpoint: Regfile_u_reg_file_reg_7__0_
            (rising edge-triggered flip-flop clocked by Ref_clk)
  Path Group: Ref_clk
  Path Type: min

  Point                                                   Incr       Path
  --------------------------------------------------------------------------
  clock Ref_clk (rise edge)                               0.00       0.00
  clock network delay (ideal)                             0.00       0.00
  Regfile_u_reg_file_reg_7__0_/CK (SDFFRQX1M)             0.00       0.00 r
  Regfile_u_reg_file_reg_7__0_/Q (SDFFRQX1M)              0.39       0.39 r
  U2108/Y (AOI2BB2XLM)                                    0.14       0.53 r
  Regfile_u_reg_file_reg_7__0_/D (SDFFRQX1M)              0.00       0.53 r
  data arrival time                                                  0.53

  clock Ref_clk (rise edge)                               0.00       0.00
  clock network delay (ideal)                             0.00       0.00
  clock uncertainty                                       0.10       0.10
  Regfile_u_reg_file_reg_7__0_/CK (SDFFRQX1M)             0.00       0.10 r
  library hold time                                      -0.18      -0.08
  data required time                                                -0.08
  --------------------------------------------------------------------------
  data required time                                                -0.08
  data arrival time                                                 -0.53
  --------------------------------------------------------------------------
  slack (MET)                                                        0.61


  Startpoint: Regfile_u_reg_file_reg_7__1_
              (rising edge-triggered flip-flop clocked by Ref_clk)
  Endpoint: Regfile_u_reg_file_reg_7__1_
            (rising edge-triggered flip-flop clocked by Ref_clk)
  Path Group: Ref_clk
  Path Type: min

  Point                                                   Incr       Path
  --------------------------------------------------------------------------
  clock Ref_clk (rise edge)                               0.00       0.00
  clock network delay (ideal)                             0.00       0.00
  Regfile_u_reg_file_reg_7__1_/CK (SDFFRQX1M)             0.00       0.00 r
  Regfile_u_reg_file_reg_7__1_/Q (SDFFRQX1M)              0.39       0.39 r
  U2217/Y (AOI2BB2XLM)                                    0.14       0.53 r
  Regfile_u_reg_file_reg_7__1_/D (SDFFRQX1M)              0.00       0.53 r
  data arrival time                                                  0.53

  clock Ref_clk (rise edge)                               0.00       0.00
  clock network delay (ideal)                             0.00       0.00
  clock uncertainty                                       0.10       0.10
  Regfile_u_reg_file_reg_7__1_/CK (SDFFRQX1M)             0.00       0.10 r
  library hold time                                      -0.18      -0.08
  data required time                                                -0.08
  --------------------------------------------------------------------------
  data required time                                                -0.08
  data arrival time                                                 -0.53
  --------------------------------------------------------------------------
  slack (MET)                                                        0.61


  Startpoint: Regfile_u_reg_file_reg_7__2_
              (rising edge-triggered flip-flop clocked by Ref_clk)
  Endpoint: Regfile_u_reg_file_reg_7__2_
            (rising edge-triggered flip-flop clocked by Ref_clk)
  Path Group: Ref_clk
  Path Type: min

  Point                                                   Incr       Path
  --------------------------------------------------------------------------
  clock Ref_clk (rise edge)                               0.00       0.00
  clock network delay (ideal)                             0.00       0.00
  Regfile_u_reg_file_reg_7__2_/CK (SDFFRQX1M)             0.00       0.00 r
  Regfile_u_reg_file_reg_7__2_/Q (SDFFRQX1M)              0.39       0.39 r
  U2238/Y (AOI2BB2XLM)                                    0.14       0.53 r
  Regfile_u_reg_file_reg_7__2_/D (SDFFRQX1M)              0.00       0.53 r
  data arrival time                                                  0.53

  clock Ref_clk (rise edge)                               0.00       0.00
  clock network delay (ideal)                             0.00       0.00
  clock uncertainty                                       0.10       0.10
  Regfile_u_reg_file_reg_7__2_/CK (SDFFRQX1M)             0.00       0.10 r
  library hold time                                      -0.18      -0.08
  data required time                                                -0.08
  --------------------------------------------------------------------------
  data required time                                                -0.08
  data arrival time                                                 -0.53
  --------------------------------------------------------------------------
  slack (MET)                                                        0.61


  Startpoint: Regfile_u_reg_file_reg_7__3_
              (rising edge-triggered flip-flop clocked by Ref_clk)
  Endpoint: Regfile_u_reg_file_reg_7__3_
            (rising edge-triggered flip-flop clocked by Ref_clk)
  Path Group: Ref_clk
  Path Type: min

  Point                                                   Incr       Path
  --------------------------------------------------------------------------
  clock Ref_clk (rise edge)                               0.00       0.00
  clock network delay (ideal)                             0.00       0.00
  Regfile_u_reg_file_reg_7__3_/CK (SDFFRQX1M)             0.00       0.00 r
  Regfile_u_reg_file_reg_7__3_/Q (SDFFRQX1M)              0.39       0.39 r
  U2252/Y (AOI2BB2XLM)                                    0.14       0.53 r
  Regfile_u_reg_file_reg_7__3_/D (SDFFRQX1M)              0.00       0.53 r
  data arrival time                                                  0.53

  clock Ref_clk (rise edge)                               0.00       0.00
  clock network delay (ideal)                             0.00       0.00
  clock uncertainty                                       0.10       0.10
  Regfile_u_reg_file_reg_7__3_/CK (SDFFRQX1M)             0.00       0.10 r
  library hold time                                      -0.18      -0.08
  data required time                                                -0.08
  --------------------------------------------------------------------------
  data required time                                                -0.08
  data arrival time                                                 -0.53
  --------------------------------------------------------------------------
  slack (MET)                                                        0.61


  Startpoint: Regfile_u_reg_file_reg_7__4_
              (rising edge-triggered flip-flop clocked by Ref_clk)
  Endpoint: Regfile_u_reg_file_reg_7__4_
            (rising edge-triggered flip-flop clocked by Ref_clk)
  Path Group: Ref_clk
  Path Type: min

  Point                                                   Incr       Path
  --------------------------------------------------------------------------
  clock Ref_clk (rise edge)                               0.00       0.00
  clock network delay (ideal)                             0.00       0.00
  Regfile_u_reg_file_reg_7__4_/CK (SDFFRQX1M)             0.00       0.00 r
  Regfile_u_reg_file_reg_7__4_/Q (SDFFRQX1M)              0.39       0.39 r
  U2265/Y (AOI2BB2XLM)                                    0.14       0.53 r
  Regfile_u_reg_file_reg_7__4_/D (SDFFRQX1M)              0.00       0.53 r
  data arrival time                                                  0.53

  clock Ref_clk (rise edge)                               0.00       0.00
  clock network delay (ideal)                             0.00       0.00
  clock uncertainty                                       0.10       0.10
  Regfile_u_reg_file_reg_7__4_/CK (SDFFRQX1M)             0.00       0.10 r
  library hold time                                      -0.18      -0.08
  data required time                                                -0.08
  --------------------------------------------------------------------------
  data required time                                                -0.08
  data arrival time                                                 -0.53
  --------------------------------------------------------------------------
  slack (MET)                                                        0.61


  Startpoint: Regfile_u_reg_file_reg_7__5_
              (rising edge-triggered flip-flop clocked by Ref_clk)
  Endpoint: Regfile_u_reg_file_reg_7__5_
            (rising edge-triggered flip-flop clocked by Ref_clk)
  Path Group: Ref_clk
  Path Type: min

  Point                                                   Incr       Path
  --------------------------------------------------------------------------
  clock Ref_clk (rise edge)                               0.00       0.00
  clock network delay (ideal)                             0.00       0.00
  Regfile_u_reg_file_reg_7__5_/CK (SDFFRQX1M)             0.00       0.00 r
  Regfile_u_reg_file_reg_7__5_/Q (SDFFRQX1M)              0.39       0.39 r
  U2278/Y (AOI2BB2XLM)                                    0.14       0.53 r
  Regfile_u_reg_file_reg_7__5_/D (SDFFRQX1M)              0.00       0.53 r
  data arrival time                                                  0.53

  clock Ref_clk (rise edge)                               0.00       0.00
  clock network delay (ideal)                             0.00       0.00
  clock uncertainty                                       0.10       0.10
  Regfile_u_reg_file_reg_7__5_/CK (SDFFRQX1M)             0.00       0.10 r
  library hold time                                      -0.18      -0.08
  data required time                                                -0.08
  --------------------------------------------------------------------------
  data required time                                                -0.08
  data arrival time                                                 -0.53
  --------------------------------------------------------------------------
  slack (MET)                                                        0.61


  Startpoint: Regfile_u_reg_file_reg_7__6_
              (rising edge-triggered flip-flop clocked by Ref_clk)
  Endpoint: Regfile_u_reg_file_reg_7__6_
            (rising edge-triggered flip-flop clocked by Ref_clk)
  Path Group: Ref_clk
  Path Type: min

  Point                                                   Incr       Path
  --------------------------------------------------------------------------
  clock Ref_clk (rise edge)                               0.00       0.00
  clock network delay (ideal)                             0.00       0.00
  Regfile_u_reg_file_reg_7__6_/CK (SDFFRQX1M)             0.00       0.00 r
  Regfile_u_reg_file_reg_7__6_/Q (SDFFRQX1M)              0.39       0.39 r
  U2291/Y (AOI2BB2XLM)                                    0.14       0.53 r
  Regfile_u_reg_file_reg_7__6_/D (SDFFRQX1M)              0.00       0.53 r
  data arrival time                                                  0.53

  clock Ref_clk (rise edge)                               0.00       0.00
  clock network delay (ideal)                             0.00       0.00
  clock uncertainty                                       0.10       0.10
  Regfile_u_reg_file_reg_7__6_/CK (SDFFRQX1M)             0.00       0.10 r
  library hold time                                      -0.18      -0.08
  data required time                                                -0.08
  --------------------------------------------------------------------------
  data required time                                                -0.08
  data arrival time                                                 -0.53
  --------------------------------------------------------------------------
  slack (MET)                                                        0.61


  Startpoint: Regfile_u_reg_file_reg_7__7_
              (rising edge-triggered flip-flop clocked by Ref_clk)
  Endpoint: Regfile_u_reg_file_reg_7__7_
            (rising edge-triggered flip-flop clocked by Ref_clk)
  Path Group: Ref_clk
  Path Type: min

  Point                                                   Incr       Path
  --------------------------------------------------------------------------
  clock Ref_clk (rise edge)                               0.00       0.00
  clock network delay (ideal)                             0.00       0.00
  Regfile_u_reg_file_reg_7__7_/CK (SDFFRQX1M)             0.00       0.00 r
  Regfile_u_reg_file_reg_7__7_/Q (SDFFRQX1M)              0.39       0.39 r
  U2304/Y (AOI2BB2XLM)                                    0.14       0.53 r
  Regfile_u_reg_file_reg_7__7_/D (SDFFRQX1M)              0.00       0.53 r
  data arrival time                                                  0.53

  clock Ref_clk (rise edge)                               0.00       0.00
  clock network delay (ideal)                             0.00       0.00
  clock uncertainty                                       0.10       0.10
  Regfile_u_reg_file_reg_7__7_/CK (SDFFRQX1M)             0.00       0.10 r
  library hold time                                      -0.18      -0.08
  data required time                                                -0.08
  --------------------------------------------------------------------------
  data required time                                                -0.08
  data arrival time                                                 -0.53
  --------------------------------------------------------------------------
  slack (MET)                                                        0.61


  Startpoint: Regfile_u_reg_file_reg_6__0_
              (rising edge-triggered flip-flop clocked by Ref_clk)
  Endpoint: Regfile_u_reg_file_reg_6__0_
            (rising edge-triggered flip-flop clocked by Ref_clk)
  Path Group: Ref_clk
  Path Type: min

  Point                                                   Incr       Path
  --------------------------------------------------------------------------
  clock Ref_clk (rise edge)                               0.00       0.00
  clock network delay (ideal)                             0.00       0.00
  Regfile_u_reg_file_reg_6__0_/CK (SDFFRQX1M)             0.00       0.00 r
  Regfile_u_reg_file_reg_6__0_/Q (SDFFRQX1M)              0.39       0.39 r
  U2109/Y (AOI2BB2XLM)                                    0.14       0.53 r
  Regfile_u_reg_file_reg_6__0_/D (SDFFRQX1M)              0.00       0.53 r
  data arrival time                                                  0.53

  clock Ref_clk (rise edge)                               0.00       0.00
  clock network delay (ideal)                             0.00       0.00
  clock uncertainty                                       0.10       0.10
  Regfile_u_reg_file_reg_6__0_/CK (SDFFRQX1M)             0.00       0.10 r
  library hold time                                      -0.18      -0.08
  data required time                                                -0.08
  --------------------------------------------------------------------------
  data required time                                                -0.08
  data arrival time                                                 -0.53
  --------------------------------------------------------------------------
  slack (MET)                                                        0.61


  Startpoint: Regfile_u_reg_file_reg_6__1_
              (rising edge-triggered flip-flop clocked by Ref_clk)
  Endpoint: Regfile_u_reg_file_reg_6__1_
            (rising edge-triggered flip-flop clocked by Ref_clk)
  Path Group: Ref_clk
  Path Type: min

  Point                                                   Incr       Path
  --------------------------------------------------------------------------
  clock Ref_clk (rise edge)                               0.00       0.00
  clock network delay (ideal)                             0.00       0.00
  Regfile_u_reg_file_reg_6__1_/CK (SDFFRQX1M)             0.00       0.00 r
  Regfile_u_reg_file_reg_6__1_/Q (SDFFRQX1M)              0.39       0.39 r
  U2218/Y (AOI2BB2XLM)                                    0.14       0.53 r
  Regfile_u_reg_file_reg_6__1_/D (SDFFRQX1M)              0.00       0.53 r
  data arrival time                                                  0.53

  clock Ref_clk (rise edge)                               0.00       0.00
  clock network delay (ideal)                             0.00       0.00
  clock uncertainty                                       0.10       0.10
  Regfile_u_reg_file_reg_6__1_/CK (SDFFRQX1M)             0.00       0.10 r
  library hold time                                      -0.18      -0.08
  data required time                                                -0.08
  --------------------------------------------------------------------------
  data required time                                                -0.08
  data arrival time                                                 -0.53
  --------------------------------------------------------------------------
  slack (MET)                                                        0.61


  Startpoint: Regfile_u_reg_file_reg_6__2_
              (rising edge-triggered flip-flop clocked by Ref_clk)
  Endpoint: Regfile_u_reg_file_reg_6__2_
            (rising edge-triggered flip-flop clocked by Ref_clk)
  Path Group: Ref_clk
  Path Type: min

  Point                                                   Incr       Path
  --------------------------------------------------------------------------
  clock Ref_clk (rise edge)                               0.00       0.00
  clock network delay (ideal)                             0.00       0.00
  Regfile_u_reg_file_reg_6__2_/CK (SDFFRQX1M)             0.00       0.00 r
  Regfile_u_reg_file_reg_6__2_/Q (SDFFRQX1M)              0.39       0.39 r
  U2239/Y (AOI2BB2XLM)                                    0.14       0.53 r
  Regfile_u_reg_file_reg_6__2_/D (SDFFRQX1M)              0.00       0.53 r
  data arrival time                                                  0.53

  clock Ref_clk (rise edge)                               0.00       0.00
  clock network delay (ideal)                             0.00       0.00
  clock uncertainty                                       0.10       0.10
  Regfile_u_reg_file_reg_6__2_/CK (SDFFRQX1M)             0.00       0.10 r
  library hold time                                      -0.18      -0.08
  data required time                                                -0.08
  --------------------------------------------------------------------------
  data required time                                                -0.08
  data arrival time                                                 -0.53
  --------------------------------------------------------------------------
  slack (MET)                                                        0.61


  Startpoint: Regfile_u_reg_file_reg_6__3_
              (rising edge-triggered flip-flop clocked by Ref_clk)
  Endpoint: Regfile_u_reg_file_reg_6__3_
            (rising edge-triggered flip-flop clocked by Ref_clk)
  Path Group: Ref_clk
  Path Type: min

  Point                                                   Incr       Path
  --------------------------------------------------------------------------
  clock Ref_clk (rise edge)                               0.00       0.00
  clock network delay (ideal)                             0.00       0.00
  Regfile_u_reg_file_reg_6__3_/CK (SDFFRQX1M)             0.00       0.00 r
  Regfile_u_reg_file_reg_6__3_/Q (SDFFRQX1M)              0.39       0.39 r
  U2253/Y (AOI2BB2XLM)                                    0.14       0.53 r
  Regfile_u_reg_file_reg_6__3_/D (SDFFRQX1M)              0.00       0.53 r
  data arrival time                                                  0.53

  clock Ref_clk (rise edge)                               0.00       0.00
  clock network delay (ideal)                             0.00       0.00
  clock uncertainty                                       0.10       0.10
  Regfile_u_reg_file_reg_6__3_/CK (SDFFRQX1M)             0.00       0.10 r
  library hold time                                      -0.18      -0.08
  data required time                                                -0.08
  --------------------------------------------------------------------------
  data required time                                                -0.08
  data arrival time                                                 -0.53
  --------------------------------------------------------------------------
  slack (MET)                                                        0.61


  Startpoint: Regfile_u_reg_file_reg_6__4_
              (rising edge-triggered flip-flop clocked by Ref_clk)
  Endpoint: Regfile_u_reg_file_reg_6__4_
            (rising edge-triggered flip-flop clocked by Ref_clk)
  Path Group: Ref_clk
  Path Type: min

  Point                                                   Incr       Path
  --------------------------------------------------------------------------
  clock Ref_clk (rise edge)                               0.00       0.00
  clock network delay (ideal)                             0.00       0.00
  Regfile_u_reg_file_reg_6__4_/CK (SDFFRQX1M)             0.00       0.00 r
  Regfile_u_reg_file_reg_6__4_/Q (SDFFRQX1M)              0.39       0.39 r
  U2266/Y (AOI2BB2XLM)                                    0.14       0.53 r
  Regfile_u_reg_file_reg_6__4_/D (SDFFRQX1M)              0.00       0.53 r
  data arrival time                                                  0.53

  clock Ref_clk (rise edge)                               0.00       0.00
  clock network delay (ideal)                             0.00       0.00
  clock uncertainty                                       0.10       0.10
  Regfile_u_reg_file_reg_6__4_/CK (SDFFRQX1M)             0.00       0.10 r
  library hold time                                      -0.18      -0.08
  data required time                                                -0.08
  --------------------------------------------------------------------------
  data required time                                                -0.08
  data arrival time                                                 -0.53
  --------------------------------------------------------------------------
  slack (MET)                                                        0.61


  Startpoint: Regfile_u_reg_file_reg_6__5_
              (rising edge-triggered flip-flop clocked by Ref_clk)
  Endpoint: Regfile_u_reg_file_reg_6__5_
            (rising edge-triggered flip-flop clocked by Ref_clk)
  Path Group: Ref_clk
  Path Type: min

  Point                                                   Incr       Path
  --------------------------------------------------------------------------
  clock Ref_clk (rise edge)                               0.00       0.00
  clock network delay (ideal)                             0.00       0.00
  Regfile_u_reg_file_reg_6__5_/CK (SDFFRQX1M)             0.00       0.00 r
  Regfile_u_reg_file_reg_6__5_/Q (SDFFRQX1M)              0.39       0.39 r
  U2279/Y (AOI2BB2XLM)                                    0.14       0.53 r
  Regfile_u_reg_file_reg_6__5_/D (SDFFRQX1M)              0.00       0.53 r
  data arrival time                                                  0.53

  clock Ref_clk (rise edge)                               0.00       0.00
  clock network delay (ideal)                             0.00       0.00
  clock uncertainty                                       0.10       0.10
  Regfile_u_reg_file_reg_6__5_/CK (SDFFRQX1M)             0.00       0.10 r
  library hold time                                      -0.18      -0.08
  data required time                                                -0.08
  --------------------------------------------------------------------------
  data required time                                                -0.08
  data arrival time                                                 -0.53
  --------------------------------------------------------------------------
  slack (MET)                                                        0.61


  Startpoint: Regfile_u_reg_file_reg_6__6_
              (rising edge-triggered flip-flop clocked by Ref_clk)
  Endpoint: Regfile_u_reg_file_reg_6__6_
            (rising edge-triggered flip-flop clocked by Ref_clk)
  Path Group: Ref_clk
  Path Type: min

  Point                                                   Incr       Path
  --------------------------------------------------------------------------
  clock Ref_clk (rise edge)                               0.00       0.00
  clock network delay (ideal)                             0.00       0.00
  Regfile_u_reg_file_reg_6__6_/CK (SDFFRQX1M)             0.00       0.00 r
  Regfile_u_reg_file_reg_6__6_/Q (SDFFRQX1M)              0.39       0.39 r
  U2292/Y (AOI2BB2XLM)                                    0.14       0.53 r
  Regfile_u_reg_file_reg_6__6_/D (SDFFRQX1M)              0.00       0.53 r
  data arrival time                                                  0.53

  clock Ref_clk (rise edge)                               0.00       0.00
  clock network delay (ideal)                             0.00       0.00
  clock uncertainty                                       0.10       0.10
  Regfile_u_reg_file_reg_6__6_/CK (SDFFRQX1M)             0.00       0.10 r
  library hold time                                      -0.18      -0.08
  data required time                                                -0.08
  --------------------------------------------------------------------------
  data required time                                                -0.08
  data arrival time                                                 -0.53
  --------------------------------------------------------------------------
  slack (MET)                                                        0.61


  Startpoint: Regfile_u_reg_file_reg_6__7_
              (rising edge-triggered flip-flop clocked by Ref_clk)
  Endpoint: Regfile_u_reg_file_reg_6__7_
            (rising edge-triggered flip-flop clocked by Ref_clk)
  Path Group: Ref_clk
  Path Type: min

  Point                                                   Incr       Path
  --------------------------------------------------------------------------
  clock Ref_clk (rise edge)                               0.00       0.00
  clock network delay (ideal)                             0.00       0.00
  Regfile_u_reg_file_reg_6__7_/CK (SDFFRQX1M)             0.00       0.00 r
  Regfile_u_reg_file_reg_6__7_/Q (SDFFRQX1M)              0.39       0.39 r
  U2305/Y (AOI2BB2XLM)                                    0.14       0.53 r
  Regfile_u_reg_file_reg_6__7_/D (SDFFRQX1M)              0.00       0.53 r
  data arrival time                                                  0.53

  clock Ref_clk (rise edge)                               0.00       0.00
  clock network delay (ideal)                             0.00       0.00
  clock uncertainty                                       0.10       0.10
  Regfile_u_reg_file_reg_6__7_/CK (SDFFRQX1M)             0.00       0.10 r
  library hold time                                      -0.18      -0.08
  data required time                                                -0.08
  --------------------------------------------------------------------------
  data required time                                                -0.08
  data arrival time                                                 -0.53
  --------------------------------------------------------------------------
  slack (MET)                                                        0.61


  Startpoint: Regfile_u_reg_file_reg_11__0_
              (rising edge-triggered flip-flop clocked by Ref_clk)
  Endpoint: Regfile_u_reg_file_reg_11__0_
            (rising edge-triggered flip-flop clocked by Ref_clk)
  Path Group: Ref_clk
  Path Type: min

  Point                                                   Incr       Path
  --------------------------------------------------------------------------
  clock Ref_clk (rise edge)                               0.00       0.00
  clock network delay (ideal)                             0.00       0.00
  Regfile_u_reg_file_reg_11__0_/CK (SDFFRQX1M)            0.00       0.00 r
  Regfile_u_reg_file_reg_11__0_/Q (SDFFRQX1M)             0.39       0.39 r
  U2104/Y (AOI2BB2XLM)                                    0.14       0.53 r
  Regfile_u_reg_file_reg_11__0_/D (SDFFRQX1M)             0.00       0.53 r
  data arrival time                                                  0.53

  clock Ref_clk (rise edge)                               0.00       0.00
  clock network delay (ideal)                             0.00       0.00
  clock uncertainty                                       0.10       0.10
  Regfile_u_reg_file_reg_11__0_/CK (SDFFRQX1M)            0.00       0.10 r
  library hold time                                      -0.18      -0.08
  data required time                                                -0.08
  --------------------------------------------------------------------------
  data required time                                                -0.08
  data arrival time                                                 -0.53
  --------------------------------------------------------------------------
  slack (MET)                                                        0.61


  Startpoint: Regfile_u_reg_file_reg_11__1_
              (rising edge-triggered flip-flop clocked by Ref_clk)
  Endpoint: Regfile_u_reg_file_reg_11__1_
            (rising edge-triggered flip-flop clocked by Ref_clk)
  Path Group: Ref_clk
  Path Type: min

  Point                                                   Incr       Path
  --------------------------------------------------------------------------
  clock Ref_clk (rise edge)                               0.00       0.00
  clock network delay (ideal)                             0.00       0.00
  Regfile_u_reg_file_reg_11__1_/CK (SDFFRQX1M)            0.00       0.00 r
  Regfile_u_reg_file_reg_11__1_/Q (SDFFRQX1M)             0.39       0.39 r
  U2213/Y (AOI2BB2XLM)                                    0.14       0.53 r
  Regfile_u_reg_file_reg_11__1_/D (SDFFRQX1M)             0.00       0.53 r
  data arrival time                                                  0.53

  clock Ref_clk (rise edge)                               0.00       0.00
  clock network delay (ideal)                             0.00       0.00
  clock uncertainty                                       0.10       0.10
  Regfile_u_reg_file_reg_11__1_/CK (SDFFRQX1M)            0.00       0.10 r
  library hold time                                      -0.18      -0.08
  data required time                                                -0.08
  --------------------------------------------------------------------------
  data required time                                                -0.08
  data arrival time                                                 -0.53
  --------------------------------------------------------------------------
  slack (MET)                                                        0.61


  Startpoint: Regfile_u_reg_file_reg_11__2_
              (rising edge-triggered flip-flop clocked by Ref_clk)
  Endpoint: Regfile_u_reg_file_reg_11__2_
            (rising edge-triggered flip-flop clocked by Ref_clk)
  Path Group: Ref_clk
  Path Type: min

  Point                                                   Incr       Path
  --------------------------------------------------------------------------
  clock Ref_clk (rise edge)                               0.00       0.00
  clock network delay (ideal)                             0.00       0.00
  Regfile_u_reg_file_reg_11__2_/CK (SDFFRQX1M)            0.00       0.00 r
  Regfile_u_reg_file_reg_11__2_/Q (SDFFRQX1M)             0.39       0.39 r
  U2234/Y (AOI2BB2XLM)                                    0.14       0.53 r
  Regfile_u_reg_file_reg_11__2_/D (SDFFRQX1M)             0.00       0.53 r
  data arrival time                                                  0.53

  clock Ref_clk (rise edge)                               0.00       0.00
  clock network delay (ideal)                             0.00       0.00
  clock uncertainty                                       0.10       0.10
  Regfile_u_reg_file_reg_11__2_/CK (SDFFRQX1M)            0.00       0.10 r
  library hold time                                      -0.18      -0.08
  data required time                                                -0.08
  --------------------------------------------------------------------------
  data required time                                                -0.08
  data arrival time                                                 -0.53
  --------------------------------------------------------------------------
  slack (MET)                                                        0.61


  Startpoint: Regfile_u_reg_file_reg_11__3_
              (rising edge-triggered flip-flop clocked by Ref_clk)
  Endpoint: Regfile_u_reg_file_reg_11__3_
            (rising edge-triggered flip-flop clocked by Ref_clk)
  Path Group: Ref_clk
  Path Type: min

  Point                                                   Incr       Path
  --------------------------------------------------------------------------
  clock Ref_clk (rise edge)                               0.00       0.00
  clock network delay (ideal)                             0.00       0.00
  Regfile_u_reg_file_reg_11__3_/CK (SDFFRQX1M)            0.00       0.00 r
  Regfile_u_reg_file_reg_11__3_/Q (SDFFRQX1M)             0.39       0.39 r
  U2248/Y (AOI2BB2XLM)                                    0.14       0.53 r
  Regfile_u_reg_file_reg_11__3_/D (SDFFRQX1M)             0.00       0.53 r
  data arrival time                                                  0.53

  clock Ref_clk (rise edge)                               0.00       0.00
  clock network delay (ideal)                             0.00       0.00
  clock uncertainty                                       0.10       0.10
  Regfile_u_reg_file_reg_11__3_/CK (SDFFRQX1M)            0.00       0.10 r
  library hold time                                      -0.18      -0.08
  data required time                                                -0.08
  --------------------------------------------------------------------------
  data required time                                                -0.08
  data arrival time                                                 -0.53
  --------------------------------------------------------------------------
  slack (MET)                                                        0.61


  Startpoint: Regfile_u_reg_file_reg_11__4_
              (rising edge-triggered flip-flop clocked by Ref_clk)
  Endpoint: Regfile_u_reg_file_reg_11__4_
            (rising edge-triggered flip-flop clocked by Ref_clk)
  Path Group: Ref_clk
  Path Type: min

  Point                                                   Incr       Path
  --------------------------------------------------------------------------
  clock Ref_clk (rise edge)                               0.00       0.00
  clock network delay (ideal)                             0.00       0.00
  Regfile_u_reg_file_reg_11__4_/CK (SDFFRQX1M)            0.00       0.00 r
  Regfile_u_reg_file_reg_11__4_/Q (SDFFRQX1M)             0.39       0.39 r
  U2261/Y (AOI2BB2XLM)                                    0.14       0.53 r
  Regfile_u_reg_file_reg_11__4_/D (SDFFRQX1M)             0.00       0.53 r
  data arrival time                                                  0.53

  clock Ref_clk (rise edge)                               0.00       0.00
  clock network delay (ideal)                             0.00       0.00
  clock uncertainty                                       0.10       0.10
  Regfile_u_reg_file_reg_11__4_/CK (SDFFRQX1M)            0.00       0.10 r
  library hold time                                      -0.18      -0.08
  data required time                                                -0.08
  --------------------------------------------------------------------------
  data required time                                                -0.08
  data arrival time                                                 -0.53
  --------------------------------------------------------------------------
  slack (MET)                                                        0.61


  Startpoint: Regfile_u_reg_file_reg_11__5_
              (rising edge-triggered flip-flop clocked by Ref_clk)
  Endpoint: Regfile_u_reg_file_reg_11__5_
            (rising edge-triggered flip-flop clocked by Ref_clk)
  Path Group: Ref_clk
  Path Type: min

  Point                                                   Incr       Path
  --------------------------------------------------------------------------
  clock Ref_clk (rise edge)                               0.00       0.00
  clock network delay (ideal)                             0.00       0.00
  Regfile_u_reg_file_reg_11__5_/CK (SDFFRQX1M)            0.00       0.00 r
  Regfile_u_reg_file_reg_11__5_/Q (SDFFRQX1M)             0.39       0.39 r
  U2274/Y (AOI2BB2XLM)                                    0.14       0.53 r
  Regfile_u_reg_file_reg_11__5_/D (SDFFRQX1M)             0.00       0.53 r
  data arrival time                                                  0.53

  clock Ref_clk (rise edge)                               0.00       0.00
  clock network delay (ideal)                             0.00       0.00
  clock uncertainty                                       0.10       0.10
  Regfile_u_reg_file_reg_11__5_/CK (SDFFRQX1M)            0.00       0.10 r
  library hold time                                      -0.18      -0.08
  data required time                                                -0.08
  --------------------------------------------------------------------------
  data required time                                                -0.08
  data arrival time                                                 -0.53
  --------------------------------------------------------------------------
  slack (MET)                                                        0.61


  Startpoint: Regfile_u_reg_file_reg_11__6_
              (rising edge-triggered flip-flop clocked by Ref_clk)
  Endpoint: Regfile_u_reg_file_reg_11__6_
            (rising edge-triggered flip-flop clocked by Ref_clk)
  Path Group: Ref_clk
  Path Type: min

  Point                                                   Incr       Path
  --------------------------------------------------------------------------
  clock Ref_clk (rise edge)                               0.00       0.00
  clock network delay (ideal)                             0.00       0.00
  Regfile_u_reg_file_reg_11__6_/CK (SDFFRQX1M)            0.00       0.00 r
  Regfile_u_reg_file_reg_11__6_/Q (SDFFRQX1M)             0.39       0.39 r
  U2287/Y (AOI2BB2XLM)                                    0.14       0.53 r
  Regfile_u_reg_file_reg_11__6_/D (SDFFRQX1M)             0.00       0.53 r
  data arrival time                                                  0.53

  clock Ref_clk (rise edge)                               0.00       0.00
  clock network delay (ideal)                             0.00       0.00
  clock uncertainty                                       0.10       0.10
  Regfile_u_reg_file_reg_11__6_/CK (SDFFRQX1M)            0.00       0.10 r
  library hold time                                      -0.18      -0.08
  data required time                                                -0.08
  --------------------------------------------------------------------------
  data required time                                                -0.08
  data arrival time                                                 -0.53
  --------------------------------------------------------------------------
  slack (MET)                                                        0.61


  Startpoint: Regfile_u_reg_file_reg_10__0_
              (rising edge-triggered flip-flop clocked by Ref_clk)
  Endpoint: Regfile_u_reg_file_reg_10__0_
            (rising edge-triggered flip-flop clocked by Ref_clk)
  Path Group: Ref_clk
  Path Type: min

  Point                                                   Incr       Path
  --------------------------------------------------------------------------
  clock Ref_clk (rise edge)                               0.00       0.00
  clock network delay (ideal)                             0.00       0.00
  Regfile_u_reg_file_reg_10__0_/CK (SDFFRQX1M)            0.00       0.00 r
  Regfile_u_reg_file_reg_10__0_/Q (SDFFRQX1M)             0.39       0.39 r
  U2105/Y (AOI2BB2XLM)                                    0.14       0.53 r
  Regfile_u_reg_file_reg_10__0_/D (SDFFRQX1M)             0.00       0.53 r
  data arrival time                                                  0.53

  clock Ref_clk (rise edge)                               0.00       0.00
  clock network delay (ideal)                             0.00       0.00
  clock uncertainty                                       0.10       0.10
  Regfile_u_reg_file_reg_10__0_/CK (SDFFRQX1M)            0.00       0.10 r
  library hold time                                      -0.18      -0.08
  data required time                                                -0.08
  --------------------------------------------------------------------------
  data required time                                                -0.08
  data arrival time                                                 -0.53
  --------------------------------------------------------------------------
  slack (MET)                                                        0.61


  Startpoint: Regfile_u_reg_file_reg_10__1_
              (rising edge-triggered flip-flop clocked by Ref_clk)
  Endpoint: Regfile_u_reg_file_reg_10__1_
            (rising edge-triggered flip-flop clocked by Ref_clk)
  Path Group: Ref_clk
  Path Type: min

  Point                                                   Incr       Path
  --------------------------------------------------------------------------
  clock Ref_clk (rise edge)                               0.00       0.00
  clock network delay (ideal)                             0.00       0.00
  Regfile_u_reg_file_reg_10__1_/CK (SDFFRQX1M)            0.00       0.00 r
  Regfile_u_reg_file_reg_10__1_/Q (SDFFRQX1M)             0.39       0.39 r
  U2214/Y (AOI2BB2XLM)                                    0.14       0.53 r
  Regfile_u_reg_file_reg_10__1_/D (SDFFRQX1M)             0.00       0.53 r
  data arrival time                                                  0.53

  clock Ref_clk (rise edge)                               0.00       0.00
  clock network delay (ideal)                             0.00       0.00
  clock uncertainty                                       0.10       0.10
  Regfile_u_reg_file_reg_10__1_/CK (SDFFRQX1M)            0.00       0.10 r
  library hold time                                      -0.18      -0.08
  data required time                                                -0.08
  --------------------------------------------------------------------------
  data required time                                                -0.08
  data arrival time                                                 -0.53
  --------------------------------------------------------------------------
  slack (MET)                                                        0.61


  Startpoint: Regfile_u_reg_file_reg_10__2_
              (rising edge-triggered flip-flop clocked by Ref_clk)
  Endpoint: Regfile_u_reg_file_reg_10__2_
            (rising edge-triggered flip-flop clocked by Ref_clk)
  Path Group: Ref_clk
  Path Type: min

  Point                                                   Incr       Path
  --------------------------------------------------------------------------
  clock Ref_clk (rise edge)                               0.00       0.00
  clock network delay (ideal)                             0.00       0.00
  Regfile_u_reg_file_reg_10__2_/CK (SDFFRQX1M)            0.00       0.00 r
  Regfile_u_reg_file_reg_10__2_/Q (SDFFRQX1M)             0.39       0.39 r
  U2235/Y (AOI2BB2XLM)                                    0.14       0.53 r
  Regfile_u_reg_file_reg_10__2_/D (SDFFRQX1M)             0.00       0.53 r
  data arrival time                                                  0.53

  clock Ref_clk (rise edge)                               0.00       0.00
  clock network delay (ideal)                             0.00       0.00
  clock uncertainty                                       0.10       0.10
  Regfile_u_reg_file_reg_10__2_/CK (SDFFRQX1M)            0.00       0.10 r
  library hold time                                      -0.18      -0.08
  data required time                                                -0.08
  --------------------------------------------------------------------------
  data required time                                                -0.08
  data arrival time                                                 -0.53
  --------------------------------------------------------------------------
  slack (MET)                                                        0.61


  Startpoint: Regfile_u_reg_file_reg_10__3_
              (rising edge-triggered flip-flop clocked by Ref_clk)
  Endpoint: Regfile_u_reg_file_reg_10__3_
            (rising edge-triggered flip-flop clocked by Ref_clk)
  Path Group: Ref_clk
  Path Type: min

  Point                                                   Incr       Path
  --------------------------------------------------------------------------
  clock Ref_clk (rise edge)                               0.00       0.00
  clock network delay (ideal)                             0.00       0.00
  Regfile_u_reg_file_reg_10__3_/CK (SDFFRQX1M)            0.00       0.00 r
  Regfile_u_reg_file_reg_10__3_/Q (SDFFRQX1M)             0.39       0.39 r
  U2249/Y (AOI2BB2XLM)                                    0.14       0.53 r
  Regfile_u_reg_file_reg_10__3_/D (SDFFRQX1M)             0.00       0.53 r
  data arrival time                                                  0.53

  clock Ref_clk (rise edge)                               0.00       0.00
  clock network delay (ideal)                             0.00       0.00
  clock uncertainty                                       0.10       0.10
  Regfile_u_reg_file_reg_10__3_/CK (SDFFRQX1M)            0.00       0.10 r
  library hold time                                      -0.18      -0.08
  data required time                                                -0.08
  --------------------------------------------------------------------------
  data required time                                                -0.08
  data arrival time                                                 -0.53
  --------------------------------------------------------------------------
  slack (MET)                                                        0.61


  Startpoint: Regfile_u_reg_file_reg_10__4_
              (rising edge-triggered flip-flop clocked by Ref_clk)
  Endpoint: Regfile_u_reg_file_reg_10__4_
            (rising edge-triggered flip-flop clocked by Ref_clk)
  Path Group: Ref_clk
  Path Type: min

  Point                                                   Incr       Path
  --------------------------------------------------------------------------
  clock Ref_clk (rise edge)                               0.00       0.00
  clock network delay (ideal)                             0.00       0.00
  Regfile_u_reg_file_reg_10__4_/CK (SDFFRQX1M)            0.00       0.00 r
  Regfile_u_reg_file_reg_10__4_/Q (SDFFRQX1M)             0.39       0.39 r
  U2262/Y (AOI2BB2XLM)                                    0.14       0.53 r
  Regfile_u_reg_file_reg_10__4_/D (SDFFRQX1M)             0.00       0.53 r
  data arrival time                                                  0.53

  clock Ref_clk (rise edge)                               0.00       0.00
  clock network delay (ideal)                             0.00       0.00
  clock uncertainty                                       0.10       0.10
  Regfile_u_reg_file_reg_10__4_/CK (SDFFRQX1M)            0.00       0.10 r
  library hold time                                      -0.18      -0.08
  data required time                                                -0.08
  --------------------------------------------------------------------------
  data required time                                                -0.08
  data arrival time                                                 -0.53
  --------------------------------------------------------------------------
  slack (MET)                                                        0.61


  Startpoint: Regfile_u_reg_file_reg_10__5_
              (rising edge-triggered flip-flop clocked by Ref_clk)
  Endpoint: Regfile_u_reg_file_reg_10__5_
            (rising edge-triggered flip-flop clocked by Ref_clk)
  Path Group: Ref_clk
  Path Type: min

  Point                                                   Incr       Path
  --------------------------------------------------------------------------
  clock Ref_clk (rise edge)                               0.00       0.00
  clock network delay (ideal)                             0.00       0.00
  Regfile_u_reg_file_reg_10__5_/CK (SDFFRQX1M)            0.00       0.00 r
  Regfile_u_reg_file_reg_10__5_/Q (SDFFRQX1M)             0.39       0.39 r
  U2275/Y (AOI2BB2XLM)                                    0.14       0.53 r
  Regfile_u_reg_file_reg_10__5_/D (SDFFRQX1M)             0.00       0.53 r
  data arrival time                                                  0.53

  clock Ref_clk (rise edge)                               0.00       0.00
  clock network delay (ideal)                             0.00       0.00
  clock uncertainty                                       0.10       0.10
  Regfile_u_reg_file_reg_10__5_/CK (SDFFRQX1M)            0.00       0.10 r
  library hold time                                      -0.18      -0.08
  data required time                                                -0.08
  --------------------------------------------------------------------------
  data required time                                                -0.08
  data arrival time                                                 -0.53
  --------------------------------------------------------------------------
  slack (MET)                                                        0.61


  Startpoint: Regfile_u_reg_file_reg_10__6_
              (rising edge-triggered flip-flop clocked by Ref_clk)
  Endpoint: Regfile_u_reg_file_reg_10__6_
            (rising edge-triggered flip-flop clocked by Ref_clk)
  Path Group: Ref_clk
  Path Type: min

  Point                                                   Incr       Path
  --------------------------------------------------------------------------
  clock Ref_clk (rise edge)                               0.00       0.00
  clock network delay (ideal)                             0.00       0.00
  Regfile_u_reg_file_reg_10__6_/CK (SDFFRQX1M)            0.00       0.00 r
  Regfile_u_reg_file_reg_10__6_/Q (SDFFRQX1M)             0.39       0.39 r
  U2288/Y (AOI2BB2XLM)                                    0.14       0.53 r
  Regfile_u_reg_file_reg_10__6_/D (SDFFRQX1M)             0.00       0.53 r
  data arrival time                                                  0.53

  clock Ref_clk (rise edge)                               0.00       0.00
  clock network delay (ideal)                             0.00       0.00
  clock uncertainty                                       0.10       0.10
  Regfile_u_reg_file_reg_10__6_/CK (SDFFRQX1M)            0.00       0.10 r
  library hold time                                      -0.18      -0.08
  data required time                                                -0.08
  --------------------------------------------------------------------------
  data required time                                                -0.08
  data arrival time                                                 -0.53
  --------------------------------------------------------------------------
  slack (MET)                                                        0.61


  Startpoint: Regfile_u_reg_file_reg_10__7_
              (rising edge-triggered flip-flop clocked by Ref_clk)
  Endpoint: Regfile_u_reg_file_reg_10__7_
            (rising edge-triggered flip-flop clocked by Ref_clk)
  Path Group: Ref_clk
  Path Type: min

  Point                                                   Incr       Path
  --------------------------------------------------------------------------
  clock Ref_clk (rise edge)                               0.00       0.00
  clock network delay (ideal)                             0.00       0.00
  Regfile_u_reg_file_reg_10__7_/CK (SDFFRQX1M)            0.00       0.00 r
  Regfile_u_reg_file_reg_10__7_/Q (SDFFRQX1M)             0.39       0.39 r
  U2301/Y (AOI2BB2XLM)                                    0.14       0.53 r
  Regfile_u_reg_file_reg_10__7_/D (SDFFRQX1M)             0.00       0.53 r
  data arrival time                                                  0.53

  clock Ref_clk (rise edge)                               0.00       0.00
  clock network delay (ideal)                             0.00       0.00
  clock uncertainty                                       0.10       0.10
  Regfile_u_reg_file_reg_10__7_/CK (SDFFRQX1M)            0.00       0.10 r
  library hold time                                      -0.18      -0.08
  data required time                                                -0.08
  --------------------------------------------------------------------------
  data required time                                                -0.08
  data arrival time                                                 -0.53
  --------------------------------------------------------------------------
  slack (MET)                                                        0.61


  Startpoint: rx_rst_sync_n_synch_reg_1_
              (rising edge-triggered flip-flop clocked by Rx_clk)
  Endpoint: rx_rst_sync_n_synch_reg_2_
            (rising edge-triggered flip-flop clocked by Rx_clk)
  Path Group: Rx_clk
  Path Type: min

  Point                                                   Incr       Path
  --------------------------------------------------------------------------
  clock Rx_clk (rise edge)                                0.00       0.00
  clock network delay (ideal)                             0.00       0.00
  rx_rst_sync_n_synch_reg_1_/CK (SDFFRQX1M)               0.00       0.00 r
  rx_rst_sync_n_synch_reg_1_/Q (SDFFRQX1M)                0.40       0.40 f
  rx_rst_sync_n_synch_reg_2_/D (DFFRQX1M)                 0.00       0.40 f
  data arrival time                                                  0.40

  clock Rx_clk (rise edge)                                0.00       0.00
  clock network delay (ideal)                             0.00       0.00
  clock uncertainty                                       0.10       0.10
  rx_rst_sync_n_synch_reg_2_/CK (DFFRQX1M)                0.00       0.10 r
  library hold time                                      -0.01       0.09
  data required time                                                 0.09
  --------------------------------------------------------------------------
  data required time                                                 0.09
  data arrival time                                                 -0.40
  --------------------------------------------------------------------------
  slack (MET)                                                        0.31


  Startpoint: UART_TX_RX_U0_UART_RX_U2_Sample_Valid_reg
              (rising edge-triggered flip-flop clocked by Rx_clk)
  Endpoint: UART_TX_RX_U0_UART_RX_U7_sample_valid_d_reg
            (rising edge-triggered flip-flop clocked by Rx_clk)
  Path Group: Rx_clk
  Path Type: min

  Point                                                   Incr       Path
  --------------------------------------------------------------------------
  clock Rx_clk (rise edge)                                0.00       0.00
  clock network delay (ideal)                             0.00       0.00
  UART_TX_RX_U0_UART_RX_U2_Sample_Valid_reg/CK (SDFFRQX1M)
                                                          0.00       0.00 r
  UART_TX_RX_U0_UART_RX_U2_Sample_Valid_reg/Q (SDFFRQX1M)
                                                          0.47       0.47 f
  UART_TX_RX_U0_UART_RX_U7_sample_valid_d_reg/D (DFFRQX1M)
                                                          0.00       0.47 f
  data arrival time                                                  0.47

  clock Rx_clk (rise edge)                                0.00       0.00
  clock network delay (ideal)                             0.00       0.00
  clock uncertainty                                       0.10       0.10
  UART_TX_RX_U0_UART_RX_U7_sample_valid_d_reg/CK (DFFRQX1M)
                                                          0.00       0.10 r
  library hold time                                      -0.03       0.07
  data required time                                                 0.07
  --------------------------------------------------------------------------
  data required time                                                 0.07
  data arrival time                                                 -0.47
  --------------------------------------------------------------------------
  slack (MET)                                                        0.40


  Startpoint: rx_rst_sync_n_synch_reg_0_/CK
              (internal path startpoint clocked by Rx_clk)
  Endpoint: rx_rst_sync_n_synch_reg_1_
            (rising edge-triggered flip-flop clocked by Rx_clk)
  Path Group: Rx_clk
  Path Type: min

  Point                                                   Incr       Path
  --------------------------------------------------------------------------
  clock Rx_clk (rise edge)                                0.00       0.00
  clock network delay (ideal)                             0.00       0.00
  input external delay                                    0.00       0.00 r
  rx_rst_sync_n_synch_reg_0_/CK (SDFFRQX1M)               0.00       0.00 r
  rx_rst_sync_n_synch_reg_0_/Q (SDFFRQX1M)                0.36       0.36 r
  rx_rst_sync_n_synch_reg_1_/D (SDFFRQX1M)                0.00       0.36 r
  data arrival time                                                  0.36

  clock Rx_clk (rise edge)                                0.00       0.00
  clock network delay (ideal)                             0.00       0.00
  clock uncertainty                                       0.10       0.10
  rx_rst_sync_n_synch_reg_1_/CK (SDFFRQX1M)               0.00       0.10 r
  library hold time                                      -0.18      -0.08
  data required time                                                -0.08
  --------------------------------------------------------------------------
  data required time                                                -0.08
  data arrival time                                                 -0.36
  --------------------------------------------------------------------------
  slack (MET)                                                        0.44


  Startpoint: UART_TX_RX_U0_UART_RX_U2_Sampled_bit_reg
              (rising edge-triggered flip-flop clocked by Rx_clk)
  Endpoint: UART_TX_RX_U0_UART_RX_U6_stp_err_reg
            (rising edge-triggered flip-flop clocked by Rx_clk)
  Path Group: Rx_clk
  Path Type: min

  Point                                                   Incr       Path
  --------------------------------------------------------------------------
  clock Rx_clk (rise edge)                                0.00       0.00
  clock network delay (ideal)                             0.00       0.00
  UART_TX_RX_U0_UART_RX_U2_Sampled_bit_reg/CK (SDFFRQX1M)
                                                          0.00       0.00 r
  UART_TX_RX_U0_UART_RX_U2_Sampled_bit_reg/Q (SDFFRQX1M)
                                                          0.38       0.38 r
  U2006/Y (NOR2BXLM)                                      0.06       0.44 f
  UART_TX_RX_U0_UART_RX_U6_stp_err_reg/D (SDFFRQX2M)      0.00       0.44 f
  data arrival time                                                  0.44

  clock Rx_clk (rise edge)                                0.00       0.00
  clock network delay (ideal)                             0.00       0.00
  clock uncertainty                                       0.10       0.10
  UART_TX_RX_U0_UART_RX_U6_stp_err_reg/CK (SDFFRQX2M)     0.00       0.10 r
  library hold time                                      -0.21      -0.11
  data required time                                                -0.11
  --------------------------------------------------------------------------
  data required time                                                -0.11
  data arrival time                                                 -0.44
  --------------------------------------------------------------------------
  slack (MET)                                                        0.55


  Startpoint: UART_TX_RX_U0_UART_RX_U5_strt_glitch_reg
              (rising edge-triggered flip-flop clocked by Rx_clk)
  Endpoint: UART_TX_RX_U0_UART_RX_U7_c_state_reg_1_
            (rising edge-triggered flip-flop clocked by Rx_clk)
  Path Group: Rx_clk
  Path Type: min

  Point                                                   Incr       Path
  --------------------------------------------------------------------------
  clock Rx_clk (rise edge)                                0.00       0.00
  clock network delay (ideal)                             0.00       0.00
  UART_TX_RX_U0_UART_RX_U5_strt_glitch_reg/CK (SDFFRQX1M)
                                                          0.00       0.00 r
  UART_TX_RX_U0_UART_RX_U5_strt_glitch_reg/Q (SDFFRQX1M)
                                                          0.37       0.37 r
  U2099/Y (OAI21BXLM)                                     0.08       0.45 f
  UART_TX_RX_U0_UART_RX_U7_c_state_reg_1_/D (SDFFRQX1M)
                                                          0.00       0.45 f
  data arrival time                                                  0.45

  clock Rx_clk (rise edge)                                0.00       0.00
  clock network delay (ideal)                             0.00       0.00
  clock uncertainty                                       0.10       0.10
  UART_TX_RX_U0_UART_RX_U7_c_state_reg_1_/CK (SDFFRQX1M)
                                                          0.00       0.10 r
  library hold time                                      -0.22      -0.12
  data required time                                                -0.12
  --------------------------------------------------------------------------
  data required time                                                -0.12
  data arrival time                                                 -0.45
  --------------------------------------------------------------------------
  slack (MET)                                                        0.56


  Startpoint: UART_TX_RX_U0_UART_RX_U4_count_reg_2_
              (rising edge-triggered flip-flop clocked by Rx_clk)
  Endpoint: UART_TX_RX_U0_UART_RX_U4_count_reg_2_
            (rising edge-triggered flip-flop clocked by Rx_clk)
  Path Group: Rx_clk
  Path Type: min

  Point                                                   Incr       Path
  --------------------------------------------------------------------------
  clock Rx_clk (rise edge)                                0.00       0.00
  clock network delay (ideal)                             0.00       0.00
  UART_TX_RX_U0_UART_RX_U4_count_reg_2_/CK (SDFFRQX1M)
                                                          0.00       0.00 r
  UART_TX_RX_U0_UART_RX_U4_count_reg_2_/Q (SDFFRQX1M)     0.38       0.38 r
  U1655/Y (AOI22XLM)                                      0.08       0.46 f
  UART_TX_RX_U0_UART_RX_U4_count_reg_2_/D (SDFFRQX1M)     0.00       0.46 f
  data arrival time                                                  0.46

  clock Rx_clk (rise edge)                                0.00       0.00
  clock network delay (ideal)                             0.00       0.00
  clock uncertainty                                       0.10       0.10
  UART_TX_RX_U0_UART_RX_U4_count_reg_2_/CK (SDFFRQX1M)
                                                          0.00       0.10 r
  library hold time                                      -0.22      -0.12
  data required time                                                -0.12
  --------------------------------------------------------------------------
  data required time                                                -0.12
  data arrival time                                                 -0.46
  --------------------------------------------------------------------------
  slack (MET)                                                        0.58


  Startpoint: UART_TX_RX_U0_UART_RX_U4_count_reg_3_
              (rising edge-triggered flip-flop clocked by Rx_clk)
  Endpoint: UART_TX_RX_U0_UART_RX_U4_count_reg_3_
            (rising edge-triggered flip-flop clocked by Rx_clk)
  Path Group: Rx_clk
  Path Type: min

  Point                                                   Incr       Path
  --------------------------------------------------------------------------
  clock Rx_clk (rise edge)                                0.00       0.00
  clock network delay (ideal)                             0.00       0.00
  UART_TX_RX_U0_UART_RX_U4_count_reg_3_/CK (SDFFRQX1M)
                                                          0.00       0.00 r
  UART_TX_RX_U0_UART_RX_U4_count_reg_3_/Q (SDFFRQX1M)     0.39       0.39 r
  U1837/Y (OAI32XLM)                                      0.10       0.50 f
  UART_TX_RX_U0_UART_RX_U4_count_reg_3_/D (SDFFRQX1M)     0.00       0.50 f
  data arrival time                                                  0.50

  clock Rx_clk (rise edge)                                0.00       0.00
  clock network delay (ideal)                             0.00       0.00
  clock uncertainty                                       0.10       0.10
  UART_TX_RX_U0_UART_RX_U4_count_reg_3_/CK (SDFFRQX1M)
                                                          0.00       0.10 r
  library hold time                                      -0.22      -0.12
  data required time                                                -0.12
  --------------------------------------------------------------------------
  data required time                                                -0.12
  data arrival time                                                 -0.50
  --------------------------------------------------------------------------
  slack (MET)                                                        0.62


  Startpoint: UART_TX_RX_U0_UART_RX_U4_count_reg_1_
              (rising edge-triggered flip-flop clocked by Rx_clk)
  Endpoint: UART_TX_RX_U0_UART_RX_U4_count_reg_1_
            (rising edge-triggered flip-flop clocked by Rx_clk)
  Path Group: Rx_clk
  Path Type: min

  Point                                                   Incr       Path
  --------------------------------------------------------------------------
  clock Rx_clk (rise edge)                                0.00       0.00
  clock network delay (ideal)                             0.00       0.00
  UART_TX_RX_U0_UART_RX_U4_count_reg_1_/CK (SDFFRQX1M)
                                                          0.00       0.00 r
  UART_TX_RX_U0_UART_RX_U4_count_reg_1_/Q (SDFFRQX1M)     0.39       0.39 r
  U2007/Y (OA21XLM)                                       0.15       0.54 r
  UART_TX_RX_U0_UART_RX_U4_count_reg_1_/D (SDFFRQX1M)     0.00       0.54 r
  data arrival time                                                  0.54

  clock Rx_clk (rise edge)                                0.00       0.00
  clock network delay (ideal)                             0.00       0.00
  clock uncertainty                                       0.10       0.10
  UART_TX_RX_U0_UART_RX_U4_count_reg_1_/CK (SDFFRQX1M)
                                                          0.00       0.10 r
  library hold time                                      -0.18      -0.08
  data required time                                                -0.08
  --------------------------------------------------------------------------
  data required time                                                -0.08
  data arrival time                                                 -0.54
  --------------------------------------------------------------------------
  slack (MET)                                                        0.62


  Startpoint: UART_TX_RX_U0_UART_RX_U3_P_DATA_reg_7_
              (rising edge-triggered flip-flop clocked by Rx_clk)
  Endpoint: UART_TX_RX_U0_UART_RX_U3_P_DATA_reg_6_
            (rising edge-triggered flip-flop clocked by Rx_clk)
  Path Group: Rx_clk
  Path Type: min

  Point                                                   Incr       Path
  --------------------------------------------------------------------------
  clock Rx_clk (rise edge)                                0.00       0.00
  clock network delay (ideal)                             0.00       0.00
  UART_TX_RX_U0_UART_RX_U3_P_DATA_reg_7_/CK (SDFFRQX1M)
                                                          0.00       0.00 r
  UART_TX_RX_U0_UART_RX_U3_P_DATA_reg_7_/Q (SDFFRQX1M)
                                                          0.36       0.36 r
  U1618/Y (INVXLM)                                        0.08       0.44 f
  U1829/Y (AOI22XLM)                                      0.11       0.55 r
  UART_TX_RX_U0_UART_RX_U3_P_DATA_reg_6_/D (SDFFRQX1M)
                                                          0.00       0.55 r
  data arrival time                                                  0.55

  clock Rx_clk (rise edge)                                0.00       0.00
  clock network delay (ideal)                             0.00       0.00
  clock uncertainty                                       0.10       0.10
  UART_TX_RX_U0_UART_RX_U3_P_DATA_reg_6_/CK (SDFFRQX1M)
                                                          0.00       0.10 r
  library hold time                                      -0.19      -0.09
  data required time                                                -0.09
  --------------------------------------------------------------------------
  data required time                                                -0.09
  data arrival time                                                 -0.55
  --------------------------------------------------------------------------
  slack (MET)                                                        0.64


  Startpoint: UART_TX_RX_U0_UART_RX_U3_P_DATA_reg_6_
              (rising edge-triggered flip-flop clocked by Rx_clk)
  Endpoint: UART_TX_RX_U0_UART_RX_U3_P_DATA_reg_5_
            (rising edge-triggered flip-flop clocked by Rx_clk)
  Path Group: Rx_clk
  Path Type: min

  Point                                                   Incr       Path
  --------------------------------------------------------------------------
  clock Rx_clk (rise edge)                                0.00       0.00
  clock network delay (ideal)                             0.00       0.00
  UART_TX_RX_U0_UART_RX_U3_P_DATA_reg_6_/CK (SDFFRQX1M)
                                                          0.00       0.00 r
  UART_TX_RX_U0_UART_RX_U3_P_DATA_reg_6_/Q (SDFFRQX1M)
                                                          0.36       0.36 r
  U1609/Y (INVXLM)                                        0.08       0.44 f
  U1828/Y (AOI22XLM)                                      0.11       0.55 r
  UART_TX_RX_U0_UART_RX_U3_P_DATA_reg_5_/D (SDFFRQX1M)
                                                          0.00       0.55 r
  data arrival time                                                  0.55

  clock Rx_clk (rise edge)                                0.00       0.00
  clock network delay (ideal)                             0.00       0.00
  clock uncertainty                                       0.10       0.10
  UART_TX_RX_U0_UART_RX_U3_P_DATA_reg_5_/CK (SDFFRQX1M)
                                                          0.00       0.10 r
  library hold time                                      -0.19      -0.09
  data required time                                                -0.09
  --------------------------------------------------------------------------
  data required time                                                -0.09
  data arrival time                                                 -0.55
  --------------------------------------------------------------------------
  slack (MET)                                                        0.64


  Startpoint: UART_TX_RX_U0_UART_RX_U3_P_DATA_reg_5_
              (rising edge-triggered flip-flop clocked by Rx_clk)
  Endpoint: UART_TX_RX_U0_UART_RX_U3_P_DATA_reg_4_
            (rising edge-triggered flip-flop clocked by Rx_clk)
  Path Group: Rx_clk
  Path Type: min

  Point                                                   Incr       Path
  --------------------------------------------------------------------------
  clock Rx_clk (rise edge)                                0.00       0.00
  clock network delay (ideal)                             0.00       0.00
  UART_TX_RX_U0_UART_RX_U3_P_DATA_reg_5_/CK (SDFFRQX1M)
                                                          0.00       0.00 r
  UART_TX_RX_U0_UART_RX_U3_P_DATA_reg_5_/Q (SDFFRQX1M)
                                                          0.36       0.36 r
  U1602/Y (INVXLM)                                        0.08       0.44 f
  U1833/Y (AOI22XLM)                                      0.11       0.55 r
  UART_TX_RX_U0_UART_RX_U3_P_DATA_reg_4_/D (SDFFRQX1M)
                                                          0.00       0.55 r
  data arrival time                                                  0.55

  clock Rx_clk (rise edge)                                0.00       0.00
  clock network delay (ideal)                             0.00       0.00
  clock uncertainty                                       0.10       0.10
  UART_TX_RX_U0_UART_RX_U3_P_DATA_reg_4_/CK (SDFFRQX1M)
                                                          0.00       0.10 r
  library hold time                                      -0.19      -0.09
  data required time                                                -0.09
  --------------------------------------------------------------------------
  data required time                                                -0.09
  data arrival time                                                 -0.55
  --------------------------------------------------------------------------
  slack (MET)                                                        0.64


  Startpoint: UART_TX_RX_U0_UART_RX_U3_P_DATA_reg_4_
              (rising edge-triggered flip-flop clocked by Rx_clk)
  Endpoint: UART_TX_RX_U0_UART_RX_U3_P_DATA_reg_3_
            (rising edge-triggered flip-flop clocked by Rx_clk)
  Path Group: Rx_clk
  Path Type: min

  Point                                                   Incr       Path
  --------------------------------------------------------------------------
  clock Rx_clk (rise edge)                                0.00       0.00
  clock network delay (ideal)                             0.00       0.00
  UART_TX_RX_U0_UART_RX_U3_P_DATA_reg_4_/CK (SDFFRQX1M)
                                                          0.00       0.00 r
  UART_TX_RX_U0_UART_RX_U3_P_DATA_reg_4_/Q (SDFFRQX1M)
                                                          0.36       0.36 r
  U1601/Y (INVXLM)                                        0.08       0.44 f
  U1825/Y (AOI22XLM)                                      0.11       0.55 r
  UART_TX_RX_U0_UART_RX_U3_P_DATA_reg_3_/D (SDFFRQX1M)
                                                          0.00       0.55 r
  data arrival time                                                  0.55

  clock Rx_clk (rise edge)                                0.00       0.00
  clock network delay (ideal)                             0.00       0.00
  clock uncertainty                                       0.10       0.10
  UART_TX_RX_U0_UART_RX_U3_P_DATA_reg_3_/CK (SDFFRQX1M)
                                                          0.00       0.10 r
  library hold time                                      -0.19      -0.09
  data required time                                                -0.09
  --------------------------------------------------------------------------
  data required time                                                -0.09
  data arrival time                                                 -0.55
  --------------------------------------------------------------------------
  slack (MET)                                                        0.64


  Startpoint: UART_TX_RX_U0_UART_RX_U4_parity_reg_reg
              (rising edge-triggered flip-flop clocked by Rx_clk)
  Endpoint: UART_TX_RX_U0_UART_RX_U4_parity_reg_reg
            (rising edge-triggered flip-flop clocked by Rx_clk)
  Path Group: Rx_clk
  Path Type: min

  Point                                                   Incr       Path
  --------------------------------------------------------------------------
  clock Rx_clk (rise edge)                                0.00       0.00
  clock network delay (ideal)                             0.00       0.00
  UART_TX_RX_U0_UART_RX_U4_parity_reg_reg/CK (SDFFRQX1M)
                                                          0.00       0.00 r
  UART_TX_RX_U0_UART_RX_U4_parity_reg_reg/Q (SDFFRQX1M)
                                                          0.39       0.39 r
  U1650/Y (OAI2BB2XLM)                                    0.17       0.56 r
  UART_TX_RX_U0_UART_RX_U4_parity_reg_reg/D (SDFFRQX1M)
                                                          0.00       0.56 r
  data arrival time                                                  0.56

  clock Rx_clk (rise edge)                                0.00       0.00
  clock network delay (ideal)                             0.00       0.00
  clock uncertainty                                       0.10       0.10
  UART_TX_RX_U0_UART_RX_U4_parity_reg_reg/CK (SDFFRQX1M)
                                                          0.00       0.10 r
  library hold time                                      -0.18      -0.08
  data required time                                                -0.08
  --------------------------------------------------------------------------
  data required time                                                -0.08
  data arrival time                                                 -0.56
  --------------------------------------------------------------------------
  slack (MET)                                                        0.65


  Startpoint: UART_TX_RX_U0_UART_RX_U3_P_DATA_reg_3_
              (rising edge-triggered flip-flop clocked by Rx_clk)
  Endpoint: UART_TX_RX_U0_UART_RX_U3_P_DATA_reg_2_
            (rising edge-triggered flip-flop clocked by Rx_clk)
  Path Group: Rx_clk
  Path Type: min

  Point                                                   Incr       Path
  --------------------------------------------------------------------------
  clock Rx_clk (rise edge)                                0.00       0.00
  clock network delay (ideal)                             0.00       0.00
  UART_TX_RX_U0_UART_RX_U3_P_DATA_reg_3_/CK (SDFFRQX1M)
                                                          0.00       0.00 r
  UART_TX_RX_U0_UART_RX_U3_P_DATA_reg_3_/Q (SDFFRQX1M)
                                                          0.36       0.36 r
  U1599/Y (INVXLM)                                        0.08       0.44 f
  U1411/Y (AOI22XLM)                                      0.11       0.56 r
  UART_TX_RX_U0_UART_RX_U3_P_DATA_reg_2_/D (SDFFRQX1M)
                                                          0.00       0.56 r
  data arrival time                                                  0.56

  clock Rx_clk (rise edge)                                0.00       0.00
  clock network delay (ideal)                             0.00       0.00
  clock uncertainty                                       0.10       0.10
  UART_TX_RX_U0_UART_RX_U3_P_DATA_reg_2_/CK (SDFFRQX1M)
                                                          0.00       0.10 r
  library hold time                                      -0.19      -0.09
  data required time                                                -0.09
  --------------------------------------------------------------------------
  data required time                                                -0.09
  data arrival time                                                 -0.56
  --------------------------------------------------------------------------
  slack (MET)                                                        0.65


  Startpoint: UART_TX_RX_U0_UART_RX_U3_P_DATA_reg_2_
              (rising edge-triggered flip-flop clocked by Rx_clk)
  Endpoint: UART_TX_RX_U0_UART_RX_U3_P_DATA_reg_1_
            (rising edge-triggered flip-flop clocked by Rx_clk)
  Path Group: Rx_clk
  Path Type: min

  Point                                                   Incr       Path
  --------------------------------------------------------------------------
  clock Rx_clk (rise edge)                                0.00       0.00
  clock network delay (ideal)                             0.00       0.00
  UART_TX_RX_U0_UART_RX_U3_P_DATA_reg_2_/CK (SDFFRQX1M)
                                                          0.00       0.00 r
  UART_TX_RX_U0_UART_RX_U3_P_DATA_reg_2_/Q (SDFFRQX1M)
                                                          0.36       0.36 r
  U1597/Y (INVXLM)                                        0.08       0.44 f
  U1832/Y (AOI22XLM)                                      0.11       0.56 r
  UART_TX_RX_U0_UART_RX_U3_P_DATA_reg_1_/D (SDFFRQX1M)
                                                          0.00       0.56 r
  data arrival time                                                  0.56

  clock Rx_clk (rise edge)                                0.00       0.00
  clock network delay (ideal)                             0.00       0.00
  clock uncertainty                                       0.10       0.10
  UART_TX_RX_U0_UART_RX_U3_P_DATA_reg_1_/CK (SDFFRQX1M)
                                                          0.00       0.10 r
  library hold time                                      -0.19      -0.09
  data required time                                                -0.09
  --------------------------------------------------------------------------
  data required time                                                -0.09
  data arrival time                                                 -0.56
  --------------------------------------------------------------------------
  slack (MET)                                                        0.65


  Startpoint: UART_TX_RX_U0_UART_RX_U3_P_DATA_reg_1_
              (rising edge-triggered flip-flop clocked by Rx_clk)
  Endpoint: UART_TX_RX_U0_UART_RX_U3_P_DATA_reg_0_
            (rising edge-triggered flip-flop clocked by Rx_clk)
  Path Group: Rx_clk
  Path Type: min

  Point                                                   Incr       Path
  --------------------------------------------------------------------------
  clock Rx_clk (rise edge)                                0.00       0.00
  clock network delay (ideal)                             0.00       0.00
  UART_TX_RX_U0_UART_RX_U3_P_DATA_reg_1_/CK (SDFFRQX1M)
                                                          0.00       0.00 r
  UART_TX_RX_U0_UART_RX_U3_P_DATA_reg_1_/Q (SDFFRQX1M)
                                                          0.36       0.36 r
  U1596/Y (INVXLM)                                        0.08       0.44 f
  U1834/Y (AOI22XLM)                                      0.11       0.56 r
  UART_TX_RX_U0_UART_RX_U3_P_DATA_reg_0_/D (SDFFRQX1M)
                                                          0.00       0.56 r
  data arrival time                                                  0.56

  clock Rx_clk (rise edge)                                0.00       0.00
  clock network delay (ideal)                             0.00       0.00
  clock uncertainty                                       0.10       0.10
  UART_TX_RX_U0_UART_RX_U3_P_DATA_reg_0_/CK (SDFFRQX1M)
                                                          0.00       0.10 r
  library hold time                                      -0.19      -0.09
  data required time                                                -0.09
  --------------------------------------------------------------------------
  data required time                                                -0.09
  data arrival time                                                 -0.56
  --------------------------------------------------------------------------
  slack (MET)                                                        0.65


  Startpoint: UART_TX_RX_U0_UART_RX_U1_Edge_cnt_reg_0_
              (rising edge-triggered flip-flop clocked by Rx_clk)
  Endpoint: UART_TX_RX_U0_UART_RX_U1_Edge_cnt_reg_0_
            (rising edge-triggered flip-flop clocked by Rx_clk)
  Path Group: Rx_clk
  Path Type: min

  Point                                                   Incr       Path
  --------------------------------------------------------------------------
  clock Rx_clk (rise edge)                                0.00       0.00
  clock network delay (ideal)                             0.00       0.00
  UART_TX_RX_U0_UART_RX_U1_Edge_cnt_reg_0_/CK (SDFFRQX1M)
                                                          0.00       0.00 r
  UART_TX_RX_U0_UART_RX_U1_Edge_cnt_reg_0_/Q (SDFFRQX1M)
                                                          0.46       0.46 r
  U2075/Y (NOR2XLM)                                       0.07       0.53 f
  UART_TX_RX_U0_UART_RX_U1_Edge_cnt_reg_0_/D (SDFFRQX1M)
                                                          0.00       0.53 f
  data arrival time                                                  0.53

  clock Rx_clk (rise edge)                                0.00       0.00
  clock network delay (ideal)                             0.00       0.00
  clock uncertainty                                       0.10       0.10
  UART_TX_RX_U0_UART_RX_U1_Edge_cnt_reg_0_/CK (SDFFRQX1M)
                                                          0.00       0.10 r
  library hold time                                      -0.22      -0.12
  data required time                                                -0.12
  --------------------------------------------------------------------------
  data required time                                                -0.12
  data arrival time                                                 -0.53
  --------------------------------------------------------------------------
  slack (MET)                                                        0.65


  Startpoint: UART_TX_RX_U0_UART_RX_U1_Bit_cnt_reg_0_
              (rising edge-triggered flip-flop clocked by Rx_clk)
  Endpoint: UART_TX_RX_U0_UART_RX_U1_Bit_cnt_reg_0_
            (rising edge-triggered flip-flop clocked by Rx_clk)
  Path Group: Rx_clk
  Path Type: min

  Point                                                   Incr       Path
  --------------------------------------------------------------------------
  clock Rx_clk (rise edge)                                0.00       0.00
  clock network delay (ideal)                             0.00       0.00
  UART_TX_RX_U0_UART_RX_U1_Bit_cnt_reg_0_/CK (SDFFRQX1M)
                                                          0.00       0.00 r
  UART_TX_RX_U0_UART_RX_U1_Bit_cnt_reg_0_/Q (SDFFRQX1M)
                                                          0.43       0.43 r
  U1844/Y (AOI22XLM)                                      0.09       0.52 f
  UART_TX_RX_U0_UART_RX_U1_Bit_cnt_reg_0_/D (SDFFRQX1M)
                                                          0.00       0.52 f
  data arrival time                                                  0.52

  clock Rx_clk (rise edge)                                0.00       0.00
  clock network delay (ideal)                             0.00       0.00
  clock uncertainty                                       0.10       0.10
  UART_TX_RX_U0_UART_RX_U1_Bit_cnt_reg_0_/CK (SDFFRQX1M)
                                                          0.00       0.10 r
  library hold time                                      -0.23      -0.13
  data required time                                                -0.13
  --------------------------------------------------------------------------
  data required time                                                -0.13
  data arrival time                                                 -0.52
  --------------------------------------------------------------------------
  slack (MET)                                                        0.65


  Startpoint: UART_TX_RX_U0_UART_RX_U1_Bit_cnt_reg_2_
              (rising edge-triggered flip-flop clocked by Rx_clk)
  Endpoint: UART_TX_RX_U0_UART_RX_U1_Bit_cnt_reg_2_
            (rising edge-triggered flip-flop clocked by Rx_clk)
  Path Group: Rx_clk
  Path Type: min

  Point                                                   Incr       Path
  --------------------------------------------------------------------------
  clock Rx_clk (rise edge)                                0.00       0.00
  clock network delay (ideal)                             0.00       0.00
  UART_TX_RX_U0_UART_RX_U1_Bit_cnt_reg_2_/CK (SDFFRQX1M)
                                                          0.00       0.00 r
  UART_TX_RX_U0_UART_RX_U1_Bit_cnt_reg_2_/Q (SDFFRQX1M)
                                                          0.42       0.42 r
  U1842/Y (OAI32XLM)                                      0.11       0.53 f
  UART_TX_RX_U0_UART_RX_U1_Bit_cnt_reg_2_/D (SDFFRQX1M)
                                                          0.00       0.53 f
  data arrival time                                                  0.53

  clock Rx_clk (rise edge)                                0.00       0.00
  clock network delay (ideal)                             0.00       0.00
  clock uncertainty                                       0.10       0.10
  UART_TX_RX_U0_UART_RX_U1_Bit_cnt_reg_2_/CK (SDFFRQX1M)
                                                          0.00       0.10 r
  library hold time                                      -0.22      -0.12
  data required time                                                -0.12
  --------------------------------------------------------------------------
  data required time                                                -0.12
  data arrival time                                                 -0.53
  --------------------------------------------------------------------------
  slack (MET)                                                        0.65


  Startpoint: UART_TX_RX_U0_UART_RX_U1_Bit_cnt_reg_1_
              (rising edge-triggered flip-flop clocked by Rx_clk)
  Endpoint: UART_TX_RX_U0_UART_RX_U1_Bit_cnt_reg_1_
            (rising edge-triggered flip-flop clocked by Rx_clk)
  Path Group: Rx_clk
  Path Type: min

  Point                                                   Incr       Path
  --------------------------------------------------------------------------
  clock Rx_clk (rise edge)                                0.00       0.00
  clock network delay (ideal)                             0.00       0.00
  UART_TX_RX_U0_UART_RX_U1_Bit_cnt_reg_1_/CK (SDFFRQX1M)
                                                          0.00       0.00 r
  UART_TX_RX_U0_UART_RX_U1_Bit_cnt_reg_1_/Q (SDFFRQX1M)
                                                          0.43       0.43 r
  U2314/Y (AOI21XLM)                                      0.11       0.54 f
  UART_TX_RX_U0_UART_RX_U1_Bit_cnt_reg_1_/D (SDFFRQX1M)
                                                          0.00       0.54 f
  data arrival time                                                  0.54

  clock Rx_clk (rise edge)                                0.00       0.00
  clock network delay (ideal)                             0.00       0.00
  clock uncertainty                                       0.10       0.10
  UART_TX_RX_U0_UART_RX_U1_Bit_cnt_reg_1_/CK (SDFFRQX1M)
                                                          0.00       0.10 r
  library hold time                                      -0.22      -0.12
  data required time                                                -0.12
  --------------------------------------------------------------------------
  data required time                                                -0.12
  data arrival time                                                 -0.54
  --------------------------------------------------------------------------
  slack (MET)                                                        0.66


  Startpoint: UART_TX_RX_U0_UART_RX_U1_Edge_cnt_reg_5_
              (rising edge-triggered flip-flop clocked by Rx_clk)
  Endpoint: UART_TX_RX_U0_UART_RX_U1_Edge_cnt_reg_5_
            (rising edge-triggered flip-flop clocked by Rx_clk)
  Path Group: Rx_clk
  Path Type: min

  Point                                                   Incr       Path
  --------------------------------------------------------------------------
  clock Rx_clk (rise edge)                                0.00       0.00
  clock network delay (ideal)                             0.00       0.00
  UART_TX_RX_U0_UART_RX_U1_Edge_cnt_reg_5_/CK (SDFFRQX1M)
                                                          0.00       0.00 r
  UART_TX_RX_U0_UART_RX_U1_Edge_cnt_reg_5_/Q (SDFFRQX1M)
                                                          0.42       0.42 r
  U2078/Y (AOI221XLM)                                     0.12       0.54 f
  UART_TX_RX_U0_UART_RX_U1_Edge_cnt_reg_5_/D (SDFFRQX1M)
                                                          0.00       0.54 f
  data arrival time                                                  0.54

  clock Rx_clk (rise edge)                                0.00       0.00
  clock network delay (ideal)                             0.00       0.00
  clock uncertainty                                       0.10       0.10
  UART_TX_RX_U0_UART_RX_U1_Edge_cnt_reg_5_/CK (SDFFRQX1M)
                                                          0.00       0.10 r
  library hold time                                      -0.23      -0.13
  data required time                                                -0.13
  --------------------------------------------------------------------------
  data required time                                                -0.13
  data arrival time                                                 -0.54
  --------------------------------------------------------------------------
  slack (MET)                                                        0.67


  Startpoint: UART_TX_RX_U0_UART_RX_U2_Sample_Valid_reg
              (rising edge-triggered flip-flop clocked by Rx_clk)
  Endpoint: UART_TX_RX_U0_UART_RX_U6_stp_done_reg
            (rising edge-triggered flip-flop clocked by Rx_clk)
  Path Group: Rx_clk
  Path Type: min

  Point                                                   Incr       Path
  --------------------------------------------------------------------------
  clock Rx_clk (rise edge)                                0.00       0.00
  clock network delay (ideal)                             0.00       0.00
  UART_TX_RX_U0_UART_RX_U2_Sample_Valid_reg/CK (SDFFRQX1M)
                                                          0.00       0.00 r
  UART_TX_RX_U0_UART_RX_U2_Sample_Valid_reg/Q (SDFFRQX1M)
                                                          0.43       0.43 r
  U2005/Y (AND2X1M)                                       0.16       0.59 r
  UART_TX_RX_U0_UART_RX_U6_stp_done_reg/D (SDFFRQX1M)     0.00       0.59 r
  data arrival time                                                  0.59

  clock Rx_clk (rise edge)                                0.00       0.00
  clock network delay (ideal)                             0.00       0.00
  clock uncertainty                                       0.10       0.10
  UART_TX_RX_U0_UART_RX_U6_stp_done_reg/CK (SDFFRQX1M)
                                                          0.00       0.10 r
  library hold time                                      -0.18      -0.08
  data required time                                                -0.08
  --------------------------------------------------------------------------
  data required time                                                -0.08
  data arrival time                                                 -0.59
  --------------------------------------------------------------------------
  slack (MET)                                                        0.68


  Startpoint: UART_TX_RX_U0_UART_RX_U1_Edge_cnt_reg_1_
              (rising edge-triggered flip-flop clocked by Rx_clk)
  Endpoint: UART_TX_RX_U0_UART_RX_U1_Edge_cnt_reg_1_
            (rising edge-triggered flip-flop clocked by Rx_clk)
  Path Group: Rx_clk
  Path Type: min

  Point                                                   Incr       Path
  --------------------------------------------------------------------------
  clock Rx_clk (rise edge)                                0.00       0.00
  clock network delay (ideal)                             0.00       0.00
  UART_TX_RX_U0_UART_RX_U1_Edge_cnt_reg_1_/CK (SDFFRQX1M)
                                                          0.00       0.00 r
  UART_TX_RX_U0_UART_RX_U1_Edge_cnt_reg_1_/Q (SDFFRQX1M)
                                                          0.43       0.43 r
  U2076/Y (AOI221XLM)                                     0.12       0.56 f
  UART_TX_RX_U0_UART_RX_U1_Edge_cnt_reg_1_/D (SDFFRQX1M)
                                                          0.00       0.56 f
  data arrival time                                                  0.56

  clock Rx_clk (rise edge)                                0.00       0.00
  clock network delay (ideal)                             0.00       0.00
  clock uncertainty                                       0.10       0.10
  UART_TX_RX_U0_UART_RX_U1_Edge_cnt_reg_1_/CK (SDFFRQX1M)
                                                          0.00       0.10 r
  library hold time                                      -0.23      -0.13
  data required time                                                -0.13
  --------------------------------------------------------------------------
  data required time                                                -0.13
  data arrival time                                                 -0.56
  --------------------------------------------------------------------------
  slack (MET)                                                        0.69


  Startpoint: UART_TX_RX_U0_UART_RX_U1_Edge_cnt_reg_3_
              (rising edge-triggered flip-flop clocked by Rx_clk)
  Endpoint: UART_TX_RX_U0_UART_RX_U1_Edge_cnt_reg_3_
            (rising edge-triggered flip-flop clocked by Rx_clk)
  Path Group: Rx_clk
  Path Type: min

  Point                                                   Incr       Path
  --------------------------------------------------------------------------
  clock Rx_clk (rise edge)                                0.00       0.00
  clock network delay (ideal)                             0.00       0.00
  UART_TX_RX_U0_UART_RX_U1_Edge_cnt_reg_3_/CK (SDFFRQX1M)
                                                          0.00       0.00 r
  UART_TX_RX_U0_UART_RX_U1_Edge_cnt_reg_3_/Q (SDFFRQX1M)
                                                          0.43       0.43 r
  U2077/Y (AOI221XLM)                                     0.13       0.56 f
  UART_TX_RX_U0_UART_RX_U1_Edge_cnt_reg_3_/D (SDFFRQX1M)
                                                          0.00       0.56 f
  data arrival time                                                  0.56

  clock Rx_clk (rise edge)                                0.00       0.00
  clock network delay (ideal)                             0.00       0.00
  clock uncertainty                                       0.10       0.10
  UART_TX_RX_U0_UART_RX_U1_Edge_cnt_reg_3_/CK (SDFFRQX1M)
                                                          0.00       0.10 r
  library hold time                                      -0.23      -0.13
  data required time                                                -0.13
  --------------------------------------------------------------------------
  data required time                                                -0.13
  data arrival time                                                 -0.56
  --------------------------------------------------------------------------
  slack (MET)                                                        0.69


  Startpoint: UART_TX_RX_U0_UART_RX_U4_count_reg_0_
              (rising edge-triggered flip-flop clocked by Rx_clk)
  Endpoint: UART_TX_RX_U0_UART_RX_U4_count_reg_0_
            (rising edge-triggered flip-flop clocked by Rx_clk)
  Path Group: Rx_clk
  Path Type: min

  Point                                                   Incr       Path
  --------------------------------------------------------------------------
  clock Rx_clk (rise edge)                                0.00       0.00
  clock network delay (ideal)                             0.00       0.00
  UART_TX_RX_U0_UART_RX_U4_count_reg_0_/CK (SDFFRQX1M)
                                                          0.00       0.00 r
  UART_TX_RX_U0_UART_RX_U4_count_reg_0_/Q (SDFFRQX1M)     0.36       0.36 r
  U1779/Y (INVXLM)                                        0.09       0.46 f
  U1652/Y (AOI21XLM)                                      0.15       0.61 r
  UART_TX_RX_U0_UART_RX_U4_count_reg_0_/D (SDFFRQX1M)     0.00       0.61 r
  data arrival time                                                  0.61

  clock Rx_clk (rise edge)                                0.00       0.00
  clock network delay (ideal)                             0.00       0.00
  clock uncertainty                                       0.10       0.10
  UART_TX_RX_U0_UART_RX_U4_count_reg_0_/CK (SDFFRQX1M)
                                                          0.00       0.10 r
  library hold time                                      -0.19      -0.09
  data required time                                                -0.09
  --------------------------------------------------------------------------
  data required time                                                -0.09
  data arrival time                                                 -0.61
  --------------------------------------------------------------------------
  slack (MET)                                                        0.69


  Startpoint: UART_TX_RX_U0_UART_RX_U6_stp_done_reg
              (rising edge-triggered flip-flop clocked by Rx_clk)
  Endpoint: UART_TX_RX_U0_UART_RX_U7_data_valid_reg
            (rising edge-triggered flip-flop clocked by Rx_clk)
  Path Group: Rx_clk
  Path Type: min

  Point                                                   Incr       Path
  --------------------------------------------------------------------------
  clock Rx_clk (rise edge)                                0.00       0.00
  clock network delay (ideal)                             0.00       0.00
  UART_TX_RX_U0_UART_RX_U6_stp_done_reg/CK (SDFFRQX1M)
                                                          0.00       0.00 r
  UART_TX_RX_U0_UART_RX_U6_stp_done_reg/Q (SDFFRQX1M)     0.41       0.41 f
  U1404/Y (NAND2XLM)                                      0.09       0.51 r
  U1809/Y (NOR3XLM)                                       0.07       0.58 f
  UART_TX_RX_U0_UART_RX_U7_data_valid_reg/D (SDFFRQX1M)
                                                          0.00       0.58 f
  data arrival time                                                  0.58

  clock Rx_clk (rise edge)                                0.00       0.00
  clock network delay (ideal)                             0.00       0.00
  clock uncertainty                                       0.10       0.10
  UART_TX_RX_U0_UART_RX_U7_data_valid_reg/CK (SDFFRQX1M)
                                                          0.00       0.10 r
  library hold time                                      -0.22      -0.12
  data required time                                                -0.12
  --------------------------------------------------------------------------
  data required time                                                -0.12
  data arrival time                                                 -0.58
  --------------------------------------------------------------------------
  slack (MET)                                                        0.70


  Startpoint: UART_TX_RX_U0_UART_RX_U3_P_DATA_reg_7_
              (rising edge-triggered flip-flop clocked by Rx_clk)
  Endpoint: UART_TX_RX_U0_UART_RX_U3_P_DATA_reg_7_
            (rising edge-triggered flip-flop clocked by Rx_clk)
  Path Group: Rx_clk
  Path Type: min

  Point                                                   Incr       Path
  --------------------------------------------------------------------------
  clock Rx_clk (rise edge)                                0.00       0.00
  clock network delay (ideal)                             0.00       0.00
  UART_TX_RX_U0_UART_RX_U3_P_DATA_reg_7_/CK (SDFFRQX1M)
                                                          0.00       0.00 r
  UART_TX_RX_U0_UART_RX_U3_P_DATA_reg_7_/Q (SDFFRQX1M)
                                                          0.36       0.36 r
  U1618/Y (INVXLM)                                        0.08       0.44 f
  U1822/Y (AOI22XLM)                                      0.16       0.61 r
  UART_TX_RX_U0_UART_RX_U3_P_DATA_reg_7_/D (SDFFRQX1M)
                                                          0.00       0.61 r
  data arrival time                                                  0.61

  clock Rx_clk (rise edge)                                0.00       0.00
  clock network delay (ideal)                             0.00       0.00
  clock uncertainty                                       0.10       0.10
  UART_TX_RX_U0_UART_RX_U3_P_DATA_reg_7_/CK (SDFFRQX1M)
                                                          0.00       0.10 r
  library hold time                                      -0.19      -0.09
  data required time                                                -0.09
  --------------------------------------------------------------------------
  data required time                                                -0.09
  data arrival time                                                 -0.61
  --------------------------------------------------------------------------
  slack (MET)                                                        0.70


  Startpoint: UART_TX_RX_U0_UART_RX_U1_Bit_cnt_reg_3_
              (rising edge-triggered flip-flop clocked by Rx_clk)
  Endpoint: UART_TX_RX_U0_UART_RX_U1_Bit_cnt_reg_3_
            (rising edge-triggered flip-flop clocked by Rx_clk)
  Path Group: Rx_clk
  Path Type: min

  Point                                                   Incr       Path
  --------------------------------------------------------------------------
  clock Rx_clk (rise edge)                                0.00       0.00
  clock network delay (ideal)                             0.00       0.00
  UART_TX_RX_U0_UART_RX_U1_Bit_cnt_reg_3_/CK (SDFFRQX1M)
                                                          0.00       0.00 r
  UART_TX_RX_U0_UART_RX_U1_Bit_cnt_reg_3_/Q (SDFFRQX1M)
                                                          0.41       0.41 r
  U2315/Y (OAI2B2XLM)                                     0.20       0.60 r
  UART_TX_RX_U0_UART_RX_U1_Bit_cnt_reg_3_/D (SDFFRQX1M)
                                                          0.00       0.60 r
  data arrival time                                                  0.60

  clock Rx_clk (rise edge)                                0.00       0.00
  clock network delay (ideal)                             0.00       0.00
  clock uncertainty                                       0.10       0.10
  UART_TX_RX_U0_UART_RX_U1_Bit_cnt_reg_3_/CK (SDFFRQX1M)
                                                          0.00       0.10 r
  library hold time                                      -0.20      -0.10
  data required time                                                -0.10
  --------------------------------------------------------------------------
  data required time                                                -0.10
  data arrival time                                                 -0.60
  --------------------------------------------------------------------------
  slack (MET)                                                        0.70


  Startpoint: UART_TX_RX_U0_UART_RX_U2_Sampled_bit_reg
              (rising edge-triggered flip-flop clocked by Rx_clk)
  Endpoint: UART_TX_RX_U0_UART_RX_U5_strt_glitch_reg
            (rising edge-triggered flip-flop clocked by Rx_clk)
  Path Group: Rx_clk
  Path Type: min

  Point                                                   Incr       Path
  --------------------------------------------------------------------------
  clock Rx_clk (rise edge)                                0.00       0.00
  clock network delay (ideal)                             0.00       0.00
  UART_TX_RX_U0_UART_RX_U2_Sampled_bit_reg/CK (SDFFRQX1M)
                                                          0.00       0.00 r
  UART_TX_RX_U0_UART_RX_U2_Sampled_bit_reg/Q (SDFFRQX1M)
                                                          0.38       0.38 r
  U1872/Y (INVXLM)                                        0.11       0.49 f
  U1807/Y (NOR2XLM)                                       0.12       0.61 r
  UART_TX_RX_U0_UART_RX_U5_strt_glitch_reg/D (SDFFRQX1M)
                                                          0.00       0.61 r
  data arrival time                                                  0.61

  clock Rx_clk (rise edge)                                0.00       0.00
  clock network delay (ideal)                             0.00       0.00
  clock uncertainty                                       0.10       0.10
  UART_TX_RX_U0_UART_RX_U5_strt_glitch_reg/CK (SDFFRQX1M)
                                                          0.00       0.10 r
  library hold time                                      -0.19      -0.09
  data required time                                                -0.09
  --------------------------------------------------------------------------
  data required time                                                -0.09
  data arrival time                                                 -0.61
  --------------------------------------------------------------------------
  slack (MET)                                                        0.70


  Startpoint: UART_TX_RX_U0_UART_RX_U4_par_done_reg
              (rising edge-triggered flip-flop clocked by Rx_clk)
  Endpoint: UART_TX_RX_U0_UART_RX_U7_c_state_reg_2_
            (rising edge-triggered flip-flop clocked by Rx_clk)
  Path Group: Rx_clk
  Path Type: min

  Point                                                   Incr       Path
  --------------------------------------------------------------------------
  clock Rx_clk (rise edge)                                0.00       0.00
  clock network delay (ideal)                             0.00       0.00
  UART_TX_RX_U0_UART_RX_U4_par_done_reg/CK (SDFFRQX1M)
                                                          0.00       0.00 r
  UART_TX_RX_U0_UART_RX_U4_par_done_reg/Q (SDFFRQX1M)     0.42       0.42 f
  U1771/Y (INVXLM)                                        0.08       0.51 r
  U1817/Y (OAI31XLM)                                      0.12       0.63 f
  UART_TX_RX_U0_UART_RX_U7_c_state_reg_2_/D (SDFFRQX1M)
                                                          0.00       0.63 f
  data arrival time                                                  0.63

  clock Rx_clk (rise edge)                                0.00       0.00
  clock network delay (ideal)                             0.00       0.00
  clock uncertainty                                       0.10       0.10
  UART_TX_RX_U0_UART_RX_U7_c_state_reg_2_/CK (SDFFRQX1M)
                                                          0.00       0.10 r
  library hold time                                      -0.22      -0.12
  data required time                                                -0.12
  --------------------------------------------------------------------------
  data required time                                                -0.12
  data arrival time                                                 -0.63
  --------------------------------------------------------------------------
  slack (MET)                                                        0.75


  Startpoint: UART_TX_RX_U0_UART_RX_U2_s0_reg
              (rising edge-triggered flip-flop clocked by Rx_clk)
  Endpoint: UART_TX_RX_U0_UART_RX_U2_s0_reg
            (rising edge-triggered flip-flop clocked by Rx_clk)
  Path Group: Rx_clk
  Path Type: min

  Point                                                   Incr       Path
  --------------------------------------------------------------------------
  clock Rx_clk (rise edge)                                0.00       0.00
  clock network delay (ideal)                             0.00       0.00
  UART_TX_RX_U0_UART_RX_U2_s0_reg/CK (SDFFRQX1M)          0.00       0.00 r
  UART_TX_RX_U0_UART_RX_U2_s0_reg/Q (SDFFRQX1M)           0.39       0.39 r
  U1725/Y (NOR2XLM)                                       0.06       0.46 f
  U1726/Y (AOI211XLM)                                     0.18       0.64 r
  UART_TX_RX_U0_UART_RX_U2_s0_reg/D (SDFFRQX1M)           0.00       0.64 r
  data arrival time                                                  0.64

  clock Rx_clk (rise edge)                                0.00       0.00
  clock network delay (ideal)                             0.00       0.00
  clock uncertainty                                       0.10       0.10
  UART_TX_RX_U0_UART_RX_U2_s0_reg/CK (SDFFRQX1M)          0.00       0.10 r
  library hold time                                      -0.21      -0.11
  data required time                                                -0.11
  --------------------------------------------------------------------------
  data required time                                                -0.11
  data arrival time                                                 -0.64
  --------------------------------------------------------------------------
  slack (MET)                                                        0.75


  Startpoint: UART_TX_RX_U0_UART_RX_U2_s1_reg
              (rising edge-triggered flip-flop clocked by Rx_clk)
  Endpoint: UART_TX_RX_U0_UART_RX_U2_s1_reg
            (rising edge-triggered flip-flop clocked by Rx_clk)
  Path Group: Rx_clk
  Path Type: min

  Point                                                   Incr       Path
  --------------------------------------------------------------------------
  clock Rx_clk (rise edge)                                0.00       0.00
  clock network delay (ideal)                             0.00       0.00
  UART_TX_RX_U0_UART_RX_U2_s1_reg/CK (SDFFRQX1M)          0.00       0.00 r
  UART_TX_RX_U0_UART_RX_U2_s1_reg/Q (SDFFRQX1M)           0.40       0.40 r
  U1714/Y (NOR2XLM)                                       0.06       0.46 f
  U1715/Y (AOI211XLM)                                     0.18       0.64 r
  UART_TX_RX_U0_UART_RX_U2_s1_reg/D (SDFFRQX1M)           0.00       0.64 r
  data arrival time                                                  0.64

  clock Rx_clk (rise edge)                                0.00       0.00
  clock network delay (ideal)                             0.00       0.00
  clock uncertainty                                       0.10       0.10
  UART_TX_RX_U0_UART_RX_U2_s1_reg/CK (SDFFRQX1M)          0.00       0.10 r
  library hold time                                      -0.21      -0.11
  data required time                                                -0.11
  --------------------------------------------------------------------------
  data required time                                                -0.11
  data arrival time                                                 -0.64
  --------------------------------------------------------------------------
  slack (MET)                                                        0.75


  Startpoint: UART_TX_RX_U0_UART_RX_U7_c_state_reg_0_
              (rising edge-triggered flip-flop clocked by Rx_clk)
  Endpoint: UART_TX_RX_U0_UART_RX_U7_c_state_reg_0_
            (rising edge-triggered flip-flop clocked by Rx_clk)
  Path Group: Rx_clk
  Path Type: min

  Point                                                   Incr       Path
  --------------------------------------------------------------------------
  clock Rx_clk (rise edge)                                0.00       0.00
  clock network delay (ideal)                             0.00       0.00
  UART_TX_RX_U0_UART_RX_U7_c_state_reg_0_/CK (SDFFRQX1M)
                                                          0.00       0.00 r
  UART_TX_RX_U0_UART_RX_U7_c_state_reg_0_/Q (SDFFRQX1M)
                                                          0.44       0.44 r
  U1847/Y (AOI31XLM)                                      0.15       0.59 f
  U1848/Y (OAI31XLM)                                      0.08       0.67 r
  UART_TX_RX_U0_UART_RX_U7_c_state_reg_0_/D (SDFFRQX1M)
                                                          0.00       0.67 r
  data arrival time                                                  0.67

  clock Rx_clk (rise edge)                                0.00       0.00
  clock network delay (ideal)                             0.00       0.00
  clock uncertainty                                       0.10       0.10
  UART_TX_RX_U0_UART_RX_U7_c_state_reg_0_/CK (SDFFRQX1M)
                                                          0.00       0.10 r
  library hold time                                      -0.18      -0.08
  data required time                                                -0.08
  --------------------------------------------------------------------------
  data required time                                                -0.08
  data arrival time                                                 -0.67
  --------------------------------------------------------------------------
  slack (MET)                                                        0.75


  Startpoint: UART_TX_RX_U0_UART_RX_U1_Edge_cnt_reg_3_
              (rising edge-triggered flip-flop clocked by Rx_clk)
  Endpoint: UART_TX_RX_U0_UART_RX_U1_Edge_cnt_reg_4_
            (rising edge-triggered flip-flop clocked by Rx_clk)
  Path Group: Rx_clk
  Path Type: min

  Point                                                   Incr       Path
  --------------------------------------------------------------------------
  clock Rx_clk (rise edge)                                0.00       0.00
  clock network delay (ideal)                             0.00       0.00
  UART_TX_RX_U0_UART_RX_U1_Edge_cnt_reg_3_/CK (SDFFRQX1M)
                                                          0.00       0.00 r
  UART_TX_RX_U0_UART_RX_U1_Edge_cnt_reg_3_/Q (SDFFRQX1M)
                                                          0.47       0.47 f
  U1707/Y (NAND2XLM)                                      0.09       0.56 r
  U1710/Y (AOI211XLM)                                     0.11       0.67 f
  UART_TX_RX_U0_UART_RX_U1_Edge_cnt_reg_4_/D (SDFFRQX1M)
                                                          0.00       0.67 f
  data arrival time                                                  0.67

  clock Rx_clk (rise edge)                                0.00       0.00
  clock network delay (ideal)                             0.00       0.00
  clock uncertainty                                       0.10       0.10
  UART_TX_RX_U0_UART_RX_U1_Edge_cnt_reg_4_/CK (SDFFRQX1M)
                                                          0.00       0.10 r
  library hold time                                      -0.22      -0.12
  data required time                                                -0.12
  --------------------------------------------------------------------------
  data required time                                                -0.12
  data arrival time                                                 -0.67
  --------------------------------------------------------------------------
  slack (MET)                                                        0.79


  Startpoint: UART_TX_RX_U0_UART_RX_U1_Edge_cnt_reg_2_
              (rising edge-triggered flip-flop clocked by Rx_clk)
  Endpoint: UART_TX_RX_U0_UART_RX_U1_Edge_cnt_reg_2_
            (rising edge-triggered flip-flop clocked by Rx_clk)
  Path Group: Rx_clk
  Path Type: min

  Point                                                   Incr       Path
  --------------------------------------------------------------------------
  clock Rx_clk (rise edge)                                0.00       0.00
  clock network delay (ideal)                             0.00       0.00
  UART_TX_RX_U0_UART_RX_U1_Edge_cnt_reg_2_/CK (SDFFRQX1M)
                                                          0.00       0.00 r
  UART_TX_RX_U0_UART_RX_U1_Edge_cnt_reg_2_/Q (SDFFRQX1M)
                                                          0.46       0.46 f
  U1750/Y (INVXLM)                                        0.10       0.56 r
  U1706/Y (AOI211XLM)                                     0.11       0.67 f
  UART_TX_RX_U0_UART_RX_U1_Edge_cnt_reg_2_/D (SDFFRQX1M)
                                                          0.00       0.67 f
  data arrival time                                                  0.67

  clock Rx_clk (rise edge)                                0.00       0.00
  clock network delay (ideal)                             0.00       0.00
  clock uncertainty                                       0.10       0.10
  UART_TX_RX_U0_UART_RX_U1_Edge_cnt_reg_2_/CK (SDFFRQX1M)
                                                          0.00       0.10 r
  library hold time                                      -0.22      -0.12
  data required time                                                -0.12
  --------------------------------------------------------------------------
  data required time                                                -0.12
  data arrival time                                                 -0.67
  --------------------------------------------------------------------------
  slack (MET)                                                        0.79


  Startpoint: UART_TX_RX_U0_UART_RX_U2_Sampled_bit_reg
              (rising edge-triggered flip-flop clocked by Rx_clk)
  Endpoint: UART_TX_RX_U0_UART_RX_U2_Sampled_bit_reg
            (rising edge-triggered flip-flop clocked by Rx_clk)
  Path Group: Rx_clk
  Path Type: min

  Point                                                   Incr       Path
  --------------------------------------------------------------------------
  clock Rx_clk (rise edge)                                0.00       0.00
  clock network delay (ideal)                             0.00       0.00
  UART_TX_RX_U0_UART_RX_U2_Sampled_bit_reg/CK (SDFFRQX1M)
                                                          0.00       0.00 r
  UART_TX_RX_U0_UART_RX_U2_Sampled_bit_reg/Q (SDFFRQX1M)
                                                          0.42       0.42 f
  U1872/Y (INVXLM)                                        0.15       0.57 r
  U2311/Y (AOI221XLM)                                     0.14       0.71 f
  UART_TX_RX_U0_UART_RX_U2_Sampled_bit_reg/D (SDFFRQX1M)
                                                          0.00       0.71 f
  data arrival time                                                  0.71

  clock Rx_clk (rise edge)                                0.00       0.00
  clock network delay (ideal)                             0.00       0.00
  clock uncertainty                                       0.10       0.10
  UART_TX_RX_U0_UART_RX_U2_Sampled_bit_reg/CK (SDFFRQX1M)
                                                          0.00       0.10 r
  library hold time                                      -0.23      -0.13
  data required time                                                -0.13
  --------------------------------------------------------------------------
  data required time                                                -0.13
  data arrival time                                                 -0.71
  --------------------------------------------------------------------------
  slack (MET)                                                        0.84


  Startpoint: UART_TX_RX_U0_UART_RX_U1_Edge_cnt_reg_5_
              (rising edge-triggered flip-flop clocked by Rx_clk)
  Endpoint: UART_TX_RX_U0_UART_RX_U2_Sample_Valid_reg
            (rising edge-triggered flip-flop clocked by Rx_clk)
  Path Group: Rx_clk
  Path Type: min

  Point                                                   Incr       Path
  --------------------------------------------------------------------------
  clock Rx_clk (rise edge)                                0.00       0.00
  clock network delay (ideal)                             0.00       0.00
  UART_TX_RX_U0_UART_RX_U1_Edge_cnt_reg_5_/CK (SDFFRQX1M)
                                                          0.00       0.00 r
  UART_TX_RX_U0_UART_RX_U1_Edge_cnt_reg_5_/Q (SDFFRQX1M)
                                                          0.42       0.42 r
  U1680/Y (OAI21XLM)                                      0.09       0.51 f
  U1681/Y (NAND4XLM)                                      0.15       0.65 r
  U1682/Y (NOR2XLM)                                       0.07       0.72 f
  UART_TX_RX_U0_UART_RX_U2_Sample_Valid_reg/D (SDFFRQX1M)
                                                          0.00       0.72 f
  data arrival time                                                  0.72

  clock Rx_clk (rise edge)                                0.00       0.00
  clock network delay (ideal)                             0.00       0.00
  clock uncertainty                                       0.10       0.10
  UART_TX_RX_U0_UART_RX_U2_Sample_Valid_reg/CK (SDFFRQX1M)
                                                          0.00       0.10 r
  library hold time                                      -0.22      -0.12
  data required time                                                -0.12
  --------------------------------------------------------------------------
  data required time                                                -0.12
  data arrival time                                                 -0.72
  --------------------------------------------------------------------------
  slack (MET)                                                        0.85


  Startpoint: UART_TX_RX_U0_UART_RX_U4_count_reg_3_
              (rising edge-triggered flip-flop clocked by Rx_clk)
  Endpoint: UART_TX_RX_U0_UART_RX_U4_par_done_reg
            (rising edge-triggered flip-flop clocked by Rx_clk)
  Path Group: Rx_clk
  Path Type: min

  Point                                                   Incr       Path
  --------------------------------------------------------------------------
  clock Rx_clk (rise edge)                                0.00       0.00
  clock network delay (ideal)                             0.00       0.00
  UART_TX_RX_U0_UART_RX_U4_count_reg_3_/CK (SDFFRQX1M)
                                                          0.00       0.00 r
  UART_TX_RX_U0_UART_RX_U4_count_reg_3_/Q (SDFFRQX1M)     0.44       0.44 f
  U1646/Y (NAND4XLM)                                      0.19       0.63 r
  U1818/Y (NOR2XLM)                                       0.12       0.74 f
  UART_TX_RX_U0_UART_RX_U4_par_done_reg/D (SDFFRQX1M)     0.00       0.74 f
  data arrival time                                                  0.74

  clock Rx_clk (rise edge)                                0.00       0.00
  clock network delay (ideal)                             0.00       0.00
  clock uncertainty                                       0.10       0.10
  UART_TX_RX_U0_UART_RX_U4_par_done_reg/CK (SDFFRQX1M)
                                                          0.00       0.10 r
  library hold time                                      -0.23      -0.13
  data required time                                                -0.13
  --------------------------------------------------------------------------
  data required time                                                -0.13
  data arrival time                                                 -0.74
  --------------------------------------------------------------------------
  slack (MET)                                                        0.87


  Startpoint: UART_TX_RX_U0_UART_RX_U4_parity_reg_reg
              (rising edge-triggered flip-flop clocked by Rx_clk)
  Endpoint: UART_TX_RX_U0_UART_RX_U4_par_err_reg
            (rising edge-triggered flip-flop clocked by Rx_clk)
  Path Group: Rx_clk
  Path Type: min

  Point                                                   Incr       Path
  --------------------------------------------------------------------------
  clock Rx_clk (rise edge)                                0.00       0.00
  clock network delay (ideal)                             0.00       0.00
  UART_TX_RX_U0_UART_RX_U4_parity_reg_reg/CK (SDFFRQX1M)
                                                          0.00       0.00 r
  UART_TX_RX_U0_UART_RX_U4_parity_reg_reg/Q (SDFFRQX1M)
                                                          0.39       0.39 r
  U1649/Y (AOI2BB2XLM)                                    0.14       0.54 f
  U2316/Y (AOI2BB2XLM)                                    0.18       0.72 r
  U2317/Y (AOI2BB2XLM)                                    0.09       0.81 f
  UART_TX_RX_U0_UART_RX_U4_par_err_reg/D (SDFFRQX2M)      0.00       0.81 f
  data arrival time                                                  0.81

  clock Rx_clk (rise edge)                                0.00       0.00
  clock network delay (ideal)                             0.00       0.00
  clock uncertainty                                       0.10       0.10
  UART_TX_RX_U0_UART_RX_U4_par_err_reg/CK (SDFFRQX2M)     0.00       0.10 r
  library hold time                                      -0.22      -0.12
  data required time                                                -0.12
  --------------------------------------------------------------------------
  data required time                                                -0.12
  data arrival time                                                 -0.81
  --------------------------------------------------------------------------
  slack (MET)                                                        0.93


  Startpoint: UART_TX_RX_U0_UART_RX_U6_stp_err_reg
              (rising edge-triggered flip-flop clocked by Rx_clk)
  Endpoint: framing_error
            (output port clocked by Rx_clk)
  Path Group: Rx_clk
  Path Type: min

  Point                                                   Incr       Path
  --------------------------------------------------------------------------
  clock Rx_clk (rise edge)                                0.00       0.00
  clock network delay (ideal)                             0.00       0.00
  UART_TX_RX_U0_UART_RX_U6_stp_err_reg/CK (SDFFRQX2M)     0.00       0.00 r
  UART_TX_RX_U0_UART_RX_U6_stp_err_reg/Q (SDFFRQX2M)      0.73       0.73 f
  framing_error (out)                                     0.00       0.73 f
  data arrival time                                                  0.73

  clock Rx_clk (rise edge)                                0.00       0.00
  clock network delay (ideal)                             0.00       0.00
  clock uncertainty                                       0.10       0.10
  output external delay                                 -54.26     -54.16
  data required time                                               -54.16
  --------------------------------------------------------------------------
  data required time                                               -54.16
  data arrival time                                                 -0.73
  --------------------------------------------------------------------------
  slack (MET)                                                       54.89


  Startpoint: UART_TX_RX_U0_UART_RX_U4_par_err_reg
              (rising edge-triggered flip-flop clocked by Rx_clk)
  Endpoint: parity_error
            (output port clocked by Rx_clk)
  Path Group: Rx_clk
  Path Type: min

  Point                                                   Incr       Path
  --------------------------------------------------------------------------
  clock Rx_clk (rise edge)                                0.00       0.00
  clock network delay (ideal)                             0.00       0.00
  UART_TX_RX_U0_UART_RX_U4_par_err_reg/CK (SDFFRQX2M)     0.00       0.00 r
  UART_TX_RX_U0_UART_RX_U4_par_err_reg/Q (SDFFRQX2M)      0.73       0.73 f
  parity_error (out)                                      0.00       0.73 f
  data arrival time                                                  0.73

  clock Rx_clk (rise edge)                                0.00       0.00
  clock network delay (ideal)                             0.00       0.00
  clock uncertainty                                       0.10       0.10
  output external delay                                 -54.26     -54.16
  data required time                                               -54.16
  --------------------------------------------------------------------------
  data required time                                               -54.16
  data arrival time                                                 -0.73
  --------------------------------------------------------------------------
  slack (MET)                                                       54.89


  Startpoint: FIFO_u_U2_WRptr_sync_s0_reg_0_
              (rising edge-triggered flip-flop clocked by Tx_clk)
  Endpoint: FIFO_u_U2_WRptr_sync_s1_reg_0_
            (rising edge-triggered flip-flop clocked by Tx_clk)
  Path Group: Tx_clk
  Path Type: min

  Point                                                   Incr       Path
  --------------------------------------------------------------------------
  clock Tx_clk (rise edge)                                0.00       0.00
  clock network delay (ideal)                             0.00       0.00
  FIFO_u_U2_WRptr_sync_s0_reg_0_/CK (SDFFRQX1M)           0.00       0.00 r
  FIFO_u_U2_WRptr_sync_s0_reg_0_/Q (SDFFRQX1M)            0.40       0.40 f
  FIFO_u_U2_WRptr_sync_s1_reg_0_/D (DFFRQX1M)             0.00       0.40 f
  data arrival time                                                  0.40

  clock Tx_clk (rise edge)                                0.00       0.00
  clock network delay (ideal)                             0.00       0.00
  clock uncertainty                                       0.10       0.10
  FIFO_u_U2_WRptr_sync_s1_reg_0_/CK (DFFRQX1M)            0.00       0.10 r
  library hold time                                      -0.01       0.09
  data required time                                                 0.09
  --------------------------------------------------------------------------
  data required time                                                 0.09
  data arrival time                                                 -0.40
  --------------------------------------------------------------------------
  slack (MET)                                                        0.31


  Startpoint: FIFO_u_U2_WRptr_sync_s0_reg_2_
              (rising edge-triggered flip-flop clocked by Tx_clk)
  Endpoint: FIFO_u_U2_WRptr_sync_s1_reg_2_
            (rising edge-triggered flip-flop clocked by Tx_clk)
  Path Group: Tx_clk
  Path Type: min

  Point                                                   Incr       Path
  --------------------------------------------------------------------------
  clock Tx_clk (rise edge)                                0.00       0.00
  clock network delay (ideal)                             0.00       0.00
  FIFO_u_U2_WRptr_sync_s0_reg_2_/CK (SDFFRQX1M)           0.00       0.00 r
  FIFO_u_U2_WRptr_sync_s0_reg_2_/Q (SDFFRQX1M)            0.40       0.40 f
  FIFO_u_U2_WRptr_sync_s1_reg_2_/D (DFFRQX1M)             0.00       0.40 f
  data arrival time                                                  0.40

  clock Tx_clk (rise edge)                                0.00       0.00
  clock network delay (ideal)                             0.00       0.00
  clock uncertainty                                       0.10       0.10
  FIFO_u_U2_WRptr_sync_s1_reg_2_/CK (DFFRQX1M)            0.00       0.10 r
  library hold time                                      -0.01       0.09
  data required time                                                 0.09
  --------------------------------------------------------------------------
  data required time                                                 0.09
  data arrival time                                                 -0.40
  --------------------------------------------------------------------------
  slack (MET)                                                        0.31


  Startpoint: FIFO_u_U2_WRptr_sync_s0_reg_1_
              (rising edge-triggered flip-flop clocked by Tx_clk)
  Endpoint: FIFO_u_U2_WRptr_sync_s1_reg_1_
            (rising edge-triggered flip-flop clocked by Tx_clk)
  Path Group: Tx_clk
  Path Type: min

  Point                                                   Incr       Path
  --------------------------------------------------------------------------
  clock Tx_clk (rise edge)                                0.00       0.00
  clock network delay (ideal)                             0.00       0.00
  FIFO_u_U2_WRptr_sync_s0_reg_1_/CK (SDFFRQX1M)           0.00       0.00 r
  FIFO_u_U2_WRptr_sync_s0_reg_1_/Q (SDFFRQX1M)            0.40       0.40 f
  FIFO_u_U2_WRptr_sync_s1_reg_1_/D (DFFRQX1M)             0.00       0.40 f
  data arrival time                                                  0.40

  clock Tx_clk (rise edge)                                0.00       0.00
  clock network delay (ideal)                             0.00       0.00
  clock uncertainty                                       0.10       0.10
  FIFO_u_U2_WRptr_sync_s1_reg_1_/CK (DFFRQX1M)            0.00       0.10 r
  library hold time                                      -0.01       0.09
  data required time                                                 0.09
  --------------------------------------------------------------------------
  data required time                                                 0.09
  data arrival time                                                 -0.40
  --------------------------------------------------------------------------
  slack (MET)                                                        0.31


  Startpoint: FIFO_u_U2_WRptr_sync_s0_reg_3_
              (rising edge-triggered flip-flop clocked by Tx_clk)
  Endpoint: FIFO_u_U2_WRptr_sync_s1_reg_3_
            (rising edge-triggered flip-flop clocked by Tx_clk)
  Path Group: Tx_clk
  Path Type: min

  Point                                                   Incr       Path
  --------------------------------------------------------------------------
  clock Tx_clk (rise edge)                                0.00       0.00
  clock network delay (ideal)                             0.00       0.00
  FIFO_u_U2_WRptr_sync_s0_reg_3_/CK (SDFFRQX1M)           0.00       0.00 r
  FIFO_u_U2_WRptr_sync_s0_reg_3_/Q (SDFFRQX1M)            0.40       0.40 f
  FIFO_u_U2_WRptr_sync_s1_reg_3_/D (DFFRQX1M)             0.00       0.40 f
  data arrival time                                                  0.40

  clock Tx_clk (rise edge)                                0.00       0.00
  clock network delay (ideal)                             0.00       0.00
  clock uncertainty                                       0.10       0.10
  FIFO_u_U2_WRptr_sync_s1_reg_3_/CK (DFFRQX1M)            0.00       0.10 r
  library hold time                                      -0.01       0.09
  data required time                                                 0.09
  --------------------------------------------------------------------------
  data required time                                                 0.09
  data arrival time                                                 -0.40
  --------------------------------------------------------------------------
  slack (MET)                                                        0.31


  Startpoint: tx_rst_sync_n_synch_reg_1_
              (rising edge-triggered flip-flop clocked by Tx_clk)
  Endpoint: tx_rst_sync_n_synch_reg_2_
            (rising edge-triggered flip-flop clocked by Tx_clk)
  Path Group: Tx_clk
  Path Type: min

  Point                                                   Incr       Path
  --------------------------------------------------------------------------
  clock Tx_clk (rise edge)                                0.00       0.00
  clock network delay (ideal)                             0.00       0.00
  tx_rst_sync_n_synch_reg_1_/CK (SDFFRQX1M)               0.00       0.00 r
  tx_rst_sync_n_synch_reg_1_/Q (SDFFRQX1M)                0.40       0.40 f
  tx_rst_sync_n_synch_reg_2_/D (DFFRQX1M)                 0.00       0.40 f
  data arrival time                                                  0.40

  clock Tx_clk (rise edge)                                0.00       0.00
  clock network delay (ideal)                             0.00       0.00
  clock uncertainty                                       0.10       0.10
  tx_rst_sync_n_synch_reg_2_/CK (DFFRQX1M)                0.00       0.10 r
  library hold time                                      -0.01       0.09
  data required time                                                 0.09
  --------------------------------------------------------------------------
  data required time                                                 0.09
  data arrival time                                                 -0.40
  --------------------------------------------------------------------------
  slack (MET)                                                        0.31


  Startpoint: Pulse_U_rcv_flop_reg
              (rising edge-triggered flip-flop clocked by Tx_clk)
  Endpoint: Pulse_U_pls_flop_reg
            (rising edge-triggered flip-flop clocked by Tx_clk)
  Path Group: Tx_clk
  Path Type: min

  Point                                    Incr       Path
  -----------------------------------------------------------
  clock Tx_clk (rise edge)                 0.00       0.00
  clock network delay (ideal)              0.00       0.00
  Pulse_U_rcv_flop_reg/CK (SDFFRQX1M)      0.00       0.00 r
  Pulse_U_rcv_flop_reg/Q (SDFFRQX1M)       0.41       0.41 f
  Pulse_U_pls_flop_reg/D (DFFRQX1M)        0.00       0.41 f
  data arrival time                                   0.41

  clock Tx_clk (rise edge)                 0.00       0.00
  clock network delay (ideal)              0.00       0.00
  clock uncertainty                        0.10       0.10
  Pulse_U_pls_flop_reg/CK (DFFRQX1M)       0.00       0.10 r
  library hold time                       -0.01       0.09
  data required time                                  0.09
  -----------------------------------------------------------
  data required time                                  0.09
  data arrival time                                  -0.41
  -----------------------------------------------------------
  slack (MET)                                         0.33


  Startpoint: tx_rst_sync_n_synch_reg_0_/CK
              (internal path startpoint clocked by Tx_clk)
  Endpoint: tx_rst_sync_n_synch_reg_1_
            (rising edge-triggered flip-flop clocked by Tx_clk)
  Path Group: Tx_clk
  Path Type: min

  Point                                                   Incr       Path
  --------------------------------------------------------------------------
  clock Tx_clk (rise edge)                                0.00       0.00
  clock network delay (ideal)                             0.00       0.00
  input external delay                                    0.00       0.00 r
  tx_rst_sync_n_synch_reg_0_/CK (SDFFRQX1M)               0.00       0.00 r
  tx_rst_sync_n_synch_reg_0_/Q (SDFFRQX1M)                0.36       0.36 r
  tx_rst_sync_n_synch_reg_1_/D (SDFFRQX1M)                0.00       0.36 r
  data arrival time                                                  0.36

  clock Tx_clk (rise edge)                                0.00       0.00
  clock network delay (ideal)                             0.00       0.00
  clock uncertainty                                       0.10       0.10
  tx_rst_sync_n_synch_reg_1_/CK (SDFFRQX1M)               0.00       0.10 r
  library hold time                                      -0.18      -0.08
  data required time                                                -0.08
  --------------------------------------------------------------------------
  data required time                                                -0.08
  data arrival time                                                 -0.36
  --------------------------------------------------------------------------
  slack (MET)                                                        0.44


  Startpoint: UART_TX_RX_U0_UART_TX_U2_current_state_reg_1_
              (rising edge-triggered flip-flop clocked by Tx_clk)
  Endpoint: Pulse_U_rcv_flop_reg
            (rising edge-triggered flip-flop clocked by Tx_clk)
  Path Group: Tx_clk
  Path Type: min

  Point                                                   Incr       Path
  --------------------------------------------------------------------------
  clock Tx_clk (rise edge)                                0.00       0.00
  clock network delay (ideal)                             0.00       0.00
  UART_TX_RX_U0_UART_TX_U2_current_state_reg_1_/CK (SDFFRX1M)
                                                          0.00       0.00 r
  UART_TX_RX_U0_UART_TX_U2_current_state_reg_1_/QN (SDFFRX1M)
                                                          0.31       0.31 r
  U1996/Y (OAI21XLM)                                      0.12       0.43 f
  Pulse_U_rcv_flop_reg/D (SDFFRQX1M)                      0.00       0.43 f
  data arrival time                                                  0.43

  clock Tx_clk (rise edge)                                0.00       0.00
  clock network delay (ideal)                             0.00       0.00
  clock uncertainty                                       0.10       0.10
  Pulse_U_rcv_flop_reg/CK (SDFFRQX1M)                     0.00       0.10 r
  library hold time                                      -0.22      -0.12
  data required time                                                -0.12
  --------------------------------------------------------------------------
  data required time                                                -0.12
  data arrival time                                                 -0.43
  --------------------------------------------------------------------------
  slack (MET)                                                        0.55


  Startpoint: UART_TX_RX_U0_UART_TX_U2_current_state_reg_1_
              (rising edge-triggered flip-flop clocked by Tx_clk)
  Endpoint: UART_TX_RX_U0_UART_TX_U2_current_state_reg_0_
            (rising edge-triggered flip-flop clocked by Tx_clk)
  Path Group: Tx_clk
  Path Type: min

  Point                                                   Incr       Path
  --------------------------------------------------------------------------
  clock Tx_clk (rise edge)                                0.00       0.00
  clock network delay (ideal)                             0.00       0.00
  UART_TX_RX_U0_UART_TX_U2_current_state_reg_1_/CK (SDFFRX1M)
                                                          0.00       0.00 r
  UART_TX_RX_U0_UART_TX_U2_current_state_reg_1_/QN (SDFFRX1M)
                                                          0.31       0.31 r
  U1610/Y (OAI21XLM)                                      0.11       0.42 f
  U1611/Y (OAI31XLM)                                      0.08       0.50 r
  UART_TX_RX_U0_UART_TX_U2_current_state_reg_0_/D (SDFFRX1M)
                                                          0.00       0.50 r
  data arrival time                                                  0.50

  clock Tx_clk (rise edge)                                0.00       0.00
  clock network delay (ideal)                             0.00       0.00
  clock uncertainty                                       0.10       0.10
  UART_TX_RX_U0_UART_TX_U2_current_state_reg_0_/CK (SDFFRX1M)
                                                          0.00       0.10 r
  library hold time                                      -0.18      -0.08
  data required time                                                -0.08
  --------------------------------------------------------------------------
  data required time                                                -0.08
  data arrival time                                                 -0.50
  --------------------------------------------------------------------------
  slack (MET)                                                        0.58


  Startpoint: UART_TX_RX_U0_UART_TX_U1_mem_reg_2_
              (rising edge-triggered flip-flop clocked by Tx_clk)
  Endpoint: UART_TX_RX_U0_UART_TX_U1_mem_reg_2_
            (rising edge-triggered flip-flop clocked by Tx_clk)
  Path Group: Tx_clk
  Path Type: min

  Point                                                   Incr       Path
  --------------------------------------------------------------------------
  clock Tx_clk (rise edge)                                0.00       0.00
  clock network delay (ideal)                             0.00       0.00
  UART_TX_RX_U0_UART_TX_U1_mem_reg_2_/CK (SDFFRQX1M)      0.00       0.00 r
  UART_TX_RX_U0_UART_TX_U1_mem_reg_2_/Q (SDFFRQX1M)       0.38       0.38 r
  U2200/Y (AOI2BB2XLM)                                    0.14       0.52 r
  UART_TX_RX_U0_UART_TX_U1_mem_reg_2_/D (SDFFRQX1M)       0.00       0.52 r
  data arrival time                                                  0.52

  clock Tx_clk (rise edge)                                0.00       0.00
  clock network delay (ideal)                             0.00       0.00
  clock uncertainty                                       0.10       0.10
  UART_TX_RX_U0_UART_TX_U1_mem_reg_2_/CK (SDFFRQX1M)      0.00       0.10 r
  library hold time                                      -0.18      -0.08
  data required time                                                -0.08
  --------------------------------------------------------------------------
  data required time                                                -0.08
  data arrival time                                                 -0.52
  --------------------------------------------------------------------------
  slack (MET)                                                        0.60


  Startpoint: UART_TX_RX_U0_UART_TX_U1_mem_reg_3_
              (rising edge-triggered flip-flop clocked by Tx_clk)
  Endpoint: UART_TX_RX_U0_UART_TX_U1_mem_reg_3_
            (rising edge-triggered flip-flop clocked by Tx_clk)
  Path Group: Tx_clk
  Path Type: min

  Point                                                   Incr       Path
  --------------------------------------------------------------------------
  clock Tx_clk (rise edge)                                0.00       0.00
  clock network delay (ideal)                             0.00       0.00
  UART_TX_RX_U0_UART_TX_U1_mem_reg_3_/CK (SDFFRQX1M)      0.00       0.00 r
  UART_TX_RX_U0_UART_TX_U1_mem_reg_3_/Q (SDFFRQX1M)       0.38       0.38 r
  U2192/Y (AOI2BB2XLM)                                    0.14       0.52 r
  UART_TX_RX_U0_UART_TX_U1_mem_reg_3_/D (SDFFRQX1M)       0.00       0.52 r
  data arrival time                                                  0.52

  clock Tx_clk (rise edge)                                0.00       0.00
  clock network delay (ideal)                             0.00       0.00
  clock uncertainty                                       0.10       0.10
  UART_TX_RX_U0_UART_TX_U1_mem_reg_3_/CK (SDFFRQX1M)      0.00       0.10 r
  library hold time                                      -0.18      -0.08
  data required time                                                -0.08
  --------------------------------------------------------------------------
  data required time                                                -0.08
  data arrival time                                                 -0.52
  --------------------------------------------------------------------------
  slack (MET)                                                        0.60


  Startpoint: UART_TX_RX_U0_UART_TX_U1_mem_reg_4_
              (rising edge-triggered flip-flop clocked by Tx_clk)
  Endpoint: UART_TX_RX_U0_UART_TX_U1_mem_reg_4_
            (rising edge-triggered flip-flop clocked by Tx_clk)
  Path Group: Tx_clk
  Path Type: min

  Point                                                   Incr       Path
  --------------------------------------------------------------------------
  clock Tx_clk (rise edge)                                0.00       0.00
  clock network delay (ideal)                             0.00       0.00
  UART_TX_RX_U0_UART_TX_U1_mem_reg_4_/CK (SDFFRQX1M)      0.00       0.00 r
  UART_TX_RX_U0_UART_TX_U1_mem_reg_4_/Q (SDFFRQX1M)       0.38       0.38 r
  U2185/Y (AOI2BB2XLM)                                    0.14       0.52 r
  UART_TX_RX_U0_UART_TX_U1_mem_reg_4_/D (SDFFRQX1M)       0.00       0.52 r
  data arrival time                                                  0.52

  clock Tx_clk (rise edge)                                0.00       0.00
  clock network delay (ideal)                             0.00       0.00
  clock uncertainty                                       0.10       0.10
  UART_TX_RX_U0_UART_TX_U1_mem_reg_4_/CK (SDFFRQX1M)      0.00       0.10 r
  library hold time                                      -0.18      -0.08
  data required time                                                -0.08
  --------------------------------------------------------------------------
  data required time                                                -0.08
  data arrival time                                                 -0.52
  --------------------------------------------------------------------------
  slack (MET)                                                        0.60


  Startpoint: UART_TX_RX_U0_UART_TX_U1_mem_reg_5_
              (rising edge-triggered flip-flop clocked by Tx_clk)
  Endpoint: UART_TX_RX_U0_UART_TX_U1_mem_reg_5_
            (rising edge-triggered flip-flop clocked by Tx_clk)
  Path Group: Tx_clk
  Path Type: min

  Point                                                   Incr       Path
  --------------------------------------------------------------------------
  clock Tx_clk (rise edge)                                0.00       0.00
  clock network delay (ideal)                             0.00       0.00
  UART_TX_RX_U0_UART_TX_U1_mem_reg_5_/CK (SDFFRQX1M)      0.00       0.00 r
  UART_TX_RX_U0_UART_TX_U1_mem_reg_5_/Q (SDFFRQX1M)       0.38       0.38 r
  U2177/Y (AOI2BB2XLM)                                    0.14       0.52 r
  UART_TX_RX_U0_UART_TX_U1_mem_reg_5_/D (SDFFRQX1M)       0.00       0.52 r
  data arrival time                                                  0.52

  clock Tx_clk (rise edge)                                0.00       0.00
  clock network delay (ideal)                             0.00       0.00
  clock uncertainty                                       0.10       0.10
  UART_TX_RX_U0_UART_TX_U1_mem_reg_5_/CK (SDFFRQX1M)      0.00       0.10 r
  library hold time                                      -0.18      -0.08
  data required time                                                -0.08
  --------------------------------------------------------------------------
  data required time                                                -0.08
  data arrival time                                                 -0.52
  --------------------------------------------------------------------------
  slack (MET)                                                        0.60


  Startpoint: UART_TX_RX_U0_UART_TX_U1_mem_reg_6_
              (rising edge-triggered flip-flop clocked by Tx_clk)
  Endpoint: UART_TX_RX_U0_UART_TX_U1_mem_reg_6_
            (rising edge-triggered flip-flop clocked by Tx_clk)
  Path Group: Tx_clk
  Path Type: min

  Point                                                   Incr       Path
  --------------------------------------------------------------------------
  clock Tx_clk (rise edge)                                0.00       0.00
  clock network delay (ideal)                             0.00       0.00
  UART_TX_RX_U0_UART_TX_U1_mem_reg_6_/CK (SDFFRQX1M)      0.00       0.00 r
  UART_TX_RX_U0_UART_TX_U1_mem_reg_6_/Q (SDFFRQX1M)       0.38       0.38 r
  U2169/Y (AOI2BB2XLM)                                    0.14       0.52 r
  UART_TX_RX_U0_UART_TX_U1_mem_reg_6_/D (SDFFRQX1M)       0.00       0.52 r
  data arrival time                                                  0.52

  clock Tx_clk (rise edge)                                0.00       0.00
  clock network delay (ideal)                             0.00       0.00
  clock uncertainty                                       0.10       0.10
  UART_TX_RX_U0_UART_TX_U1_mem_reg_6_/CK (SDFFRQX1M)      0.00       0.10 r
  library hold time                                      -0.18      -0.08
  data required time                                                -0.08
  --------------------------------------------------------------------------
  data required time                                                -0.08
  data arrival time                                                 -0.52
  --------------------------------------------------------------------------
  slack (MET)                                                        0.60


  Startpoint: UART_TX_RX_U0_UART_TX_U1_mem_reg_7_
              (rising edge-triggered flip-flop clocked by Tx_clk)
  Endpoint: UART_TX_RX_U0_UART_TX_U1_mem_reg_7_
            (rising edge-triggered flip-flop clocked by Tx_clk)
  Path Group: Tx_clk
  Path Type: min

  Point                                                   Incr       Path
  --------------------------------------------------------------------------
  clock Tx_clk (rise edge)                                0.00       0.00
  clock network delay (ideal)                             0.00       0.00
  UART_TX_RX_U0_UART_TX_U1_mem_reg_7_/CK (SDFFRQX1M)      0.00       0.00 r
  UART_TX_RX_U0_UART_TX_U1_mem_reg_7_/Q (SDFFRQX1M)       0.38       0.38 r
  U2162/Y (AOI2BB2XLM)                                    0.14       0.52 r
  UART_TX_RX_U0_UART_TX_U1_mem_reg_7_/D (SDFFRQX1M)       0.00       0.52 r
  data arrival time                                                  0.52

  clock Tx_clk (rise edge)                                0.00       0.00
  clock network delay (ideal)                             0.00       0.00
  clock uncertainty                                       0.10       0.10
  UART_TX_RX_U0_UART_TX_U1_mem_reg_7_/CK (SDFFRQX1M)      0.00       0.10 r
  library hold time                                      -0.18      -0.08
  data required time                                                -0.08
  --------------------------------------------------------------------------
  data required time                                                -0.08
  data arrival time                                                 -0.52
  --------------------------------------------------------------------------
  slack (MET)                                                        0.60


  Startpoint: UART_TX_RX_U0_UART_TX_U1_mem_reg_1_
              (rising edge-triggered flip-flop clocked by Tx_clk)
  Endpoint: UART_TX_RX_U0_UART_TX_U1_mem_reg_1_
            (rising edge-triggered flip-flop clocked by Tx_clk)
  Path Group: Tx_clk
  Path Type: min

  Point                                                   Incr       Path
  --------------------------------------------------------------------------
  clock Tx_clk (rise edge)                                0.00       0.00
  clock network delay (ideal)                             0.00       0.00
  UART_TX_RX_U0_UART_TX_U1_mem_reg_1_/CK (SDFFRQX1M)      0.00       0.00 r
  UART_TX_RX_U0_UART_TX_U1_mem_reg_1_/Q (SDFFRQX1M)       0.38       0.38 r
  U2208/Y (AOI2BB2XLM)                                    0.14       0.52 r
  UART_TX_RX_U0_UART_TX_U1_mem_reg_1_/D (SDFFRQX1M)       0.00       0.52 r
  data arrival time                                                  0.52

  clock Tx_clk (rise edge)                                0.00       0.00
  clock network delay (ideal)                             0.00       0.00
  clock uncertainty                                       0.10       0.10
  UART_TX_RX_U0_UART_TX_U1_mem_reg_1_/CK (SDFFRQX1M)      0.00       0.10 r
  library hold time                                      -0.18      -0.08
  data required time                                                -0.08
  --------------------------------------------------------------------------
  data required time                                                -0.08
  data arrival time                                                 -0.52
  --------------------------------------------------------------------------
  slack (MET)                                                        0.60


  Startpoint: UART_TX_RX_U0_UART_TX_U1_mem_reg_0_
              (rising edge-triggered flip-flop clocked by Tx_clk)
  Endpoint: UART_TX_RX_U0_UART_TX_U1_mem_reg_0_
            (rising edge-triggered flip-flop clocked by Tx_clk)
  Path Group: Tx_clk
  Path Type: min

  Point                                                   Incr       Path
  --------------------------------------------------------------------------
  clock Tx_clk (rise edge)                                0.00       0.00
  clock network delay (ideal)                             0.00       0.00
  UART_TX_RX_U0_UART_TX_U1_mem_reg_0_/CK (SDFFRQX1M)      0.00       0.00 r
  UART_TX_RX_U0_UART_TX_U1_mem_reg_0_/Q (SDFFRQX1M)       0.38       0.38 r
  U2155/Y (AOI2BB2XLM)                                    0.14       0.52 r
  UART_TX_RX_U0_UART_TX_U1_mem_reg_0_/D (SDFFRQX1M)       0.00       0.52 r
  data arrival time                                                  0.52

  clock Tx_clk (rise edge)                                0.00       0.00
  clock network delay (ideal)                             0.00       0.00
  clock uncertainty                                       0.10       0.10
  UART_TX_RX_U0_UART_TX_U1_mem_reg_0_/CK (SDFFRQX1M)      0.00       0.10 r
  library hold time                                      -0.18      -0.08
  data required time                                                -0.08
  --------------------------------------------------------------------------
  data required time                                                -0.08
  data arrival time                                                 -0.52
  --------------------------------------------------------------------------
  slack (MET)                                                        0.60


  Startpoint: UART_TX_RX_U0_UART_TX_U1_counter_reg_1_
              (rising edge-triggered flip-flop clocked by Tx_clk)
  Endpoint: UART_TX_RX_U0_UART_TX_U1_counter_reg_1_
            (rising edge-triggered flip-flop clocked by Tx_clk)
  Path Group: Tx_clk
  Path Type: min

  Point                                                   Incr       Path
  --------------------------------------------------------------------------
  clock Tx_clk (rise edge)                                0.00       0.00
  clock network delay (ideal)                             0.00       0.00
  UART_TX_RX_U0_UART_TX_U1_counter_reg_1_/CK (SDFFRQX1M)
                                                          0.00       0.00 r
  UART_TX_RX_U0_UART_TX_U1_counter_reg_1_/Q (SDFFRQX1M)
                                                          0.41       0.41 r
  U1802/Y (AOI22XLM)                                      0.09       0.50 f
  UART_TX_RX_U0_UART_TX_U1_counter_reg_1_/D (SDFFRQX1M)
                                                          0.00       0.50 f
  data arrival time                                                  0.50

  clock Tx_clk (rise edge)                                0.00       0.00
  clock network delay (ideal)                             0.00       0.00
  clock uncertainty                                       0.10       0.10
  UART_TX_RX_U0_UART_TX_U1_counter_reg_1_/CK (SDFFRQX1M)
                                                          0.00       0.10 r
  library hold time                                      -0.23      -0.13
  data required time                                                -0.13
  --------------------------------------------------------------------------
  data required time                                                -0.13
  data arrival time                                                 -0.50
  --------------------------------------------------------------------------
  slack (MET)                                                        0.62


  Startpoint: UART_TX_RX_U0_UART_TX_U1_ser_done_reg
              (rising edge-triggered flip-flop clocked by Tx_clk)
  Endpoint: UART_TX_RX_U0_UART_TX_U1_ser_done_reg
            (rising edge-triggered flip-flop clocked by Tx_clk)
  Path Group: Tx_clk
  Path Type: min

  Point                                                   Incr       Path
  --------------------------------------------------------------------------
  clock Tx_clk (rise edge)                                0.00       0.00
  clock network delay (ideal)                             0.00       0.00
  UART_TX_RX_U0_UART_TX_U1_ser_done_reg/CK (SDFFRQX1M)
                                                          0.00       0.00 r
  UART_TX_RX_U0_UART_TX_U1_ser_done_reg/Q (SDFFRQX1M)     0.38       0.38 r
  U1997/Y (AO2B2XLM)                                      0.18       0.55 r
  UART_TX_RX_U0_UART_TX_U1_ser_done_reg/D (SDFFRQX1M)     0.00       0.55 r
  data arrival time                                                  0.55

  clock Tx_clk (rise edge)                                0.00       0.00
  clock network delay (ideal)                             0.00       0.00
  clock uncertainty                                       0.10       0.10
  UART_TX_RX_U0_UART_TX_U1_ser_done_reg/CK (SDFFRQX1M)
                                                          0.00       0.10 r
  library hold time                                      -0.18      -0.08
  data required time                                                -0.08
  --------------------------------------------------------------------------
  data required time                                                -0.08
  data arrival time                                                 -0.55
  --------------------------------------------------------------------------
  slack (MET)                                                        0.63


  Startpoint: FIFO_u_U5_RD_PTR_BIN_reg_3_
              (rising edge-triggered flip-flop clocked by Tx_clk)
  Endpoint: FIFO_u_U5_RD_PTR_GRAY_reg_2_
            (rising edge-triggered flip-flop clocked by Tx_clk)
  Path Group: Tx_clk
  Path Type: min

  Point                                                   Incr       Path
  --------------------------------------------------------------------------
  clock Tx_clk (rise edge)                                0.00       0.00
  clock network delay (ideal)                             0.00       0.00
  FIFO_u_U5_RD_PTR_BIN_reg_3_/CK (SDFFRQX1M)              0.00       0.00 r
  FIFO_u_U5_RD_PTR_BIN_reg_3_/Q (SDFFRQX1M)               0.40       0.40 r
  U1635/Y (AOI22XLM)                                      0.11       0.51 f
  FIFO_u_U5_RD_PTR_GRAY_reg_2_/D (SDFFRQX1M)              0.00       0.51 f
  data arrival time                                                  0.51

  clock Tx_clk (rise edge)                                0.00       0.00
  clock network delay (ideal)                             0.00       0.00
  clock uncertainty                                       0.10       0.10
  FIFO_u_U5_RD_PTR_GRAY_reg_2_/CK (SDFFRQX1M)             0.00       0.10 r
  library hold time                                      -0.23      -0.13
  data required time                                                -0.13
  --------------------------------------------------------------------------
  data required time                                                -0.13
  data arrival time                                                 -0.51
  --------------------------------------------------------------------------
  slack (MET)                                                        0.64


  Startpoint: UART_TX_RX_U0_UART_TX_U3_par_bit_reg
              (rising edge-triggered flip-flop clocked by Tx_clk)
  Endpoint: UART_TX_RX_U0_UART_TX_U3_par_bit_reg
            (rising edge-triggered flip-flop clocked by Tx_clk)
  Path Group: Tx_clk
  Path Type: min

  Point                                                   Incr       Path
  --------------------------------------------------------------------------
  clock Tx_clk (rise edge)                                0.00       0.00
  clock network delay (ideal)                             0.00       0.00
  UART_TX_RX_U0_UART_TX_U3_par_bit_reg/CK (SDFFRQX1M)     0.00       0.00 r
  UART_TX_RX_U0_UART_TX_U3_par_bit_reg/Q (SDFFRQX1M)      0.39       0.39 r
  U2229/Y (AO21XLM)                                       0.17       0.56 r
  UART_TX_RX_U0_UART_TX_U3_par_bit_reg/D (SDFFRQX1M)      0.00       0.56 r
  data arrival time                                                  0.56

  clock Tx_clk (rise edge)                                0.00       0.00
  clock network delay (ideal)                             0.00       0.00
  clock uncertainty                                       0.10       0.10
  UART_TX_RX_U0_UART_TX_U3_par_bit_reg/CK (SDFFRQX1M)     0.00       0.10 r
  library hold time                                      -0.18      -0.08
  data required time                                                -0.08
  --------------------------------------------------------------------------
  data required time                                                -0.08
  data arrival time                                                 -0.56
  --------------------------------------------------------------------------
  slack (MET)                                                        0.64


  Startpoint: UART_TX_RX_U0_UART_TX_U2_current_state_reg_1_
              (rising edge-triggered flip-flop clocked by Tx_clk)
  Endpoint: UART_TX_RX_U0_UART_TX_U2_current_state_reg_2_
            (rising edge-triggered flip-flop clocked by Tx_clk)
  Path Group: Tx_clk
  Path Type: min

  Point                                                   Incr       Path
  --------------------------------------------------------------------------
  clock Tx_clk (rise edge)                                0.00       0.00
  clock network delay (ideal)                             0.00       0.00
  UART_TX_RX_U0_UART_TX_U2_current_state_reg_1_/CK (SDFFRX1M)
                                                          0.00       0.00 r
  UART_TX_RX_U0_UART_TX_U2_current_state_reg_1_/QN (SDFFRX1M)
                                                          0.31       0.31 r
  U1607/Y (OR2X1M)                                        0.15       0.46 r
  U2079/Y (AOI221XLM)                                     0.06       0.52 f
  UART_TX_RX_U0_UART_TX_U2_current_state_reg_2_/D (SDFFRX1M)
                                                          0.00       0.52 f
  data arrival time                                                  0.52

  clock Tx_clk (rise edge)                                0.00       0.00
  clock network delay (ideal)                             0.00       0.00
  clock uncertainty                                       0.10       0.10
  UART_TX_RX_U0_UART_TX_U2_current_state_reg_2_/CK (SDFFRX1M)
                                                          0.00       0.10 r
  library hold time                                      -0.23      -0.13
  data required time                                                -0.13
  --------------------------------------------------------------------------
  data required time                                                -0.13
  data arrival time                                                 -0.52
  --------------------------------------------------------------------------
  slack (MET)                                                        0.65


  Startpoint: UART_TX_RX_U0_UART_TX_U2_current_state_reg_1_
              (rising edge-triggered flip-flop clocked by Tx_clk)
  Endpoint: UART_TX_RX_U0_UART_TX_U2_current_state_reg_1_
            (rising edge-triggered flip-flop clocked by Tx_clk)
  Path Group: Tx_clk
  Path Type: min

  Point                                                   Incr       Path
  --------------------------------------------------------------------------
  clock Tx_clk (rise edge)                                0.00       0.00
  clock network delay (ideal)                             0.00       0.00
  UART_TX_RX_U0_UART_TX_U2_current_state_reg_1_/CK (SDFFRX1M)
                                                          0.00       0.00 r
  UART_TX_RX_U0_UART_TX_U2_current_state_reg_1_/QN (SDFFRX1M)
                                                          0.31       0.31 r
  U1607/Y (OR2X1M)                                        0.15       0.46 r
  U1608/Y (NAND2XLM)                                      0.07       0.53 f
  UART_TX_RX_U0_UART_TX_U2_current_state_reg_1_/D (SDFFRX1M)
                                                          0.00       0.53 f
  data arrival time                                                  0.53

  clock Tx_clk (rise edge)                                0.00       0.00
  clock network delay (ideal)                             0.00       0.00
  clock uncertainty                                       0.10       0.10
  UART_TX_RX_U0_UART_TX_U2_current_state_reg_1_/CK (SDFFRX1M)
                                                          0.00       0.10 r
  library hold time                                      -0.23      -0.13
  data required time                                                -0.13
  --------------------------------------------------------------------------
  data required time                                                -0.13
  data arrival time                                                 -0.53
  --------------------------------------------------------------------------
  slack (MET)                                                        0.67


  Startpoint: UART_TX_RX_U0_UART_TX_U1_loading_reg
              (rising edge-triggered flip-flop clocked by Tx_clk)
  Endpoint: UART_TX_RX_U0_UART_TX_U1_ser_data_reg
            (rising edge-triggered flip-flop clocked by Tx_clk)
  Path Group: Tx_clk
  Path Type: min

  Point                                                   Incr       Path
  --------------------------------------------------------------------------
  clock Tx_clk (rise edge)                                0.00       0.00
  clock network delay (ideal)                             0.00       0.00
  UART_TX_RX_U0_UART_TX_U1_loading_reg/CK (SDFFRQX1M)     0.00       0.00 r
  UART_TX_RX_U0_UART_TX_U1_loading_reg/Q (SDFFRQX1M)      0.42       0.42 r
  U2097/Y (OAI2BB2XLM)                                    0.18       0.59 r
  UART_TX_RX_U0_UART_TX_U1_ser_data_reg/D (SDFFRQX1M)     0.00       0.59 r
  data arrival time                                                  0.59

  clock Tx_clk (rise edge)                                0.00       0.00
  clock network delay (ideal)                             0.00       0.00
  clock uncertainty                                       0.10       0.10
  UART_TX_RX_U0_UART_TX_U1_ser_data_reg/CK (SDFFRQX1M)
                                                          0.00       0.10 r
  library hold time                                      -0.18      -0.08
  data required time                                                -0.08
  --------------------------------------------------------------------------
  data required time                                                -0.08
  data arrival time                                                 -0.59
  --------------------------------------------------------------------------
  slack (MET)                                                        0.68


  Startpoint: UART_TX_RX_U0_UART_TX_U1_loading_reg
              (rising edge-triggered flip-flop clocked by Tx_clk)
  Endpoint: UART_TX_RX_U0_UART_TX_U1_counter_reg_0_
            (rising edge-triggered flip-flop clocked by Tx_clk)
  Path Group: Tx_clk
  Path Type: min

  Point                                                   Incr       Path
  --------------------------------------------------------------------------
  clock Tx_clk (rise edge)                                0.00       0.00
  clock network delay (ideal)                             0.00       0.00
  UART_TX_RX_U0_UART_TX_U1_loading_reg/CK (SDFFRQX1M)     0.00       0.00 r
  UART_TX_RX_U0_UART_TX_U1_loading_reg/Q (SDFFRQX1M)      0.42       0.42 r
  U1629/Y (OAI21XLM)                                      0.11       0.52 f
  U1630/Y (NAND2XLM)                                      0.08       0.61 r
  UART_TX_RX_U0_UART_TX_U1_counter_reg_0_/D (SDFFRQX1M)
                                                          0.00       0.61 r
  data arrival time                                                  0.61

  clock Tx_clk (rise edge)                                0.00       0.00
  clock network delay (ideal)                             0.00       0.00
  clock uncertainty                                       0.10       0.10
  UART_TX_RX_U0_UART_TX_U1_counter_reg_0_/CK (SDFFRQX1M)
                                                          0.00       0.10 r
  library hold time                                      -0.18      -0.08
  data required time                                                -0.08
  --------------------------------------------------------------------------
  data required time                                                -0.08
  data arrival time                                                 -0.61
  --------------------------------------------------------------------------
  slack (MET)                                                        0.69


  Startpoint: FIFO_u_U5_RD_PTR_BIN_reg_3_
              (rising edge-triggered flip-flop clocked by Tx_clk)
  Endpoint: FIFO_u_U5_RD_PTR_BIN_reg_3_
            (rising edge-triggered flip-flop clocked by Tx_clk)
  Path Group: Tx_clk
  Path Type: min

  Point                                                   Incr       Path
  --------------------------------------------------------------------------
  clock Tx_clk (rise edge)                                0.00       0.00
  clock network delay (ideal)                             0.00       0.00
  FIFO_u_U5_RD_PTR_BIN_reg_3_/CK (SDFFRQX1M)              0.00       0.00 r
  FIFO_u_U5_RD_PTR_BIN_reg_3_/Q (SDFFRQX1M)               0.40       0.40 r
  U1634/Y (XOR2XLM)                                       0.13       0.53 f
  U1929/Y (INVXLM)                                        0.09       0.62 r
  FIFO_u_U5_RD_PTR_BIN_reg_3_/D (SDFFRQX1M)               0.00       0.62 r
  data arrival time                                                  0.62

  clock Tx_clk (rise edge)                                0.00       0.00
  clock network delay (ideal)                             0.00       0.00
  clock uncertainty                                       0.10       0.10
  FIFO_u_U5_RD_PTR_BIN_reg_3_/CK (SDFFRQX1M)              0.00       0.10 r
  library hold time                                      -0.18      -0.08
  data required time                                                -0.08
  --------------------------------------------------------------------------
  data required time                                                -0.08
  data arrival time                                                 -0.62
  --------------------------------------------------------------------------
  slack (MET)                                                        0.70


  Startpoint: UART_TX_RX_U0_UART_TX_U1_loading_reg
              (rising edge-triggered flip-flop clocked by Tx_clk)
  Endpoint: UART_TX_RX_U0_UART_TX_U1_loading_reg
            (rising edge-triggered flip-flop clocked by Tx_clk)
  Path Group: Tx_clk
  Path Type: min

  Point                                                   Incr       Path
  --------------------------------------------------------------------------
  clock Tx_clk (rise edge)                                0.00       0.00
  clock network delay (ideal)                             0.00       0.00
  UART_TX_RX_U0_UART_TX_U1_loading_reg/CK (SDFFRQX1M)     0.00       0.00 r
  UART_TX_RX_U0_UART_TX_U1_loading_reg/Q (SDFFRQX1M)      0.42       0.42 r
  U1810/Y (INVXLM)                                        0.08       0.50 f
  U1803/Y (AOI32XLM)                                      0.12       0.62 r
  UART_TX_RX_U0_UART_TX_U1_loading_reg/D (SDFFRQX1M)      0.00       0.62 r
  data arrival time                                                  0.62

  clock Tx_clk (rise edge)                                0.00       0.00
  clock network delay (ideal)                             0.00       0.00
  clock uncertainty                                       0.10       0.10
  UART_TX_RX_U0_UART_TX_U1_loading_reg/CK (SDFFRQX1M)     0.00       0.10 r
  library hold time                                      -0.19      -0.09
  data required time                                                -0.09
  --------------------------------------------------------------------------
  data required time                                                -0.09
  data arrival time                                                 -0.62
  --------------------------------------------------------------------------
  slack (MET)                                                        0.71


  Startpoint: UART_TX_RX_U0_UART_TX_U1_loading_reg
              (rising edge-triggered flip-flop clocked by Tx_clk)
  Endpoint: UART_TX_RX_U0_UART_TX_U1_counter_reg_2_
            (rising edge-triggered flip-flop clocked by Tx_clk)
  Path Group: Tx_clk
  Path Type: min

  Point                                                   Incr       Path
  --------------------------------------------------------------------------
  clock Tx_clk (rise edge)                                0.00       0.00
  clock network delay (ideal)                             0.00       0.00
  UART_TX_RX_U0_UART_TX_U1_loading_reg/CK (SDFFRQX1M)     0.00       0.00 r
  UART_TX_RX_U0_UART_TX_U1_loading_reg/Q (SDFFRQX1M)      0.42       0.42 r
  U1810/Y (INVXLM)                                        0.08       0.50 f
  U1801/Y (OAI22XLM)                                      0.12       0.63 r
  UART_TX_RX_U0_UART_TX_U1_counter_reg_2_/D (SDFFRQX1M)
                                                          0.00       0.63 r
  data arrival time                                                  0.63

  clock Tx_clk (rise edge)                                0.00       0.00
  clock network delay (ideal)                             0.00       0.00
  clock uncertainty                                       0.10       0.10
  UART_TX_RX_U0_UART_TX_U1_counter_reg_2_/CK (SDFFRQX1M)
                                                          0.00       0.10 r
  library hold time                                      -0.19      -0.09
  data required time                                                -0.09
  --------------------------------------------------------------------------
  data required time                                                -0.09
  data arrival time                                                 -0.63
  --------------------------------------------------------------------------
  slack (MET)                                                        0.72


  Startpoint: FIFO_u_U5_RD_PTR_BIN_reg_0_
              (rising edge-triggered flip-flop clocked by Tx_clk)
  Endpoint: FIFO_u_U5_RD_PTR_BIN_reg_0_
            (rising edge-triggered flip-flop clocked by Tx_clk)
  Path Group: Tx_clk
  Path Type: min

  Point                                                   Incr       Path
  --------------------------------------------------------------------------
  clock Tx_clk (rise edge)                                0.00       0.00
  clock network delay (ideal)                             0.00       0.00
  FIFO_u_U5_RD_PTR_BIN_reg_0_/CK (SDFFRQX1M)              0.00       0.00 r
  FIFO_u_U5_RD_PTR_BIN_reg_0_/Q (SDFFRQX1M)               0.43       0.43 r
  U1617/Y (OAI21XLM)                                      0.14       0.57 f
  U1948/Y (INVXLM)                                        0.09       0.66 r
  FIFO_u_U5_RD_PTR_BIN_reg_0_/D (SDFFRQX1M)               0.00       0.66 r
  data arrival time                                                  0.66

  clock Tx_clk (rise edge)                                0.00       0.00
  clock network delay (ideal)                             0.00       0.00
  clock uncertainty                                       0.10       0.10
  FIFO_u_U5_RD_PTR_BIN_reg_0_/CK (SDFFRQX1M)              0.00       0.10 r
  library hold time                                      -0.18      -0.08
  data required time                                                -0.08
  --------------------------------------------------------------------------
  data required time                                                -0.08
  data arrival time                                                 -0.66
  --------------------------------------------------------------------------
  slack (MET)                                                        0.75


  Startpoint: FIFO_u_U5_RD_PTR_BIN_reg_2_
              (rising edge-triggered flip-flop clocked by Tx_clk)
  Endpoint: FIFO_u_U5_RD_PTR_GRAY_reg_1_
            (rising edge-triggered flip-flop clocked by Tx_clk)
  Path Group: Tx_clk
  Path Type: min

  Point                                                   Incr       Path
  --------------------------------------------------------------------------
  clock Tx_clk (rise edge)                                0.00       0.00
  clock network delay (ideal)                             0.00       0.00
  FIFO_u_U5_RD_PTR_BIN_reg_2_/CK (SDFFRQX1M)              0.00       0.00 r
  FIFO_u_U5_RD_PTR_BIN_reg_2_/Q (SDFFRQX1M)               0.59       0.59 r
  U1932/Y (OAI2B2XLM)                                     0.13       0.72 f
  FIFO_u_U5_RD_PTR_GRAY_reg_1_/D (SDFFRQX1M)              0.00       0.72 f
  data arrival time                                                  0.72

  clock Tx_clk (rise edge)                                0.00       0.00
  clock network delay (ideal)                             0.00       0.00
  clock uncertainty                                       0.10       0.10
  FIFO_u_U5_RD_PTR_GRAY_reg_1_/CK (SDFFRQX1M)             0.00       0.10 r
  library hold time                                      -0.23      -0.13
  data required time                                                -0.13
  --------------------------------------------------------------------------
  data required time                                                -0.13
  data arrival time                                                 -0.72
  --------------------------------------------------------------------------
  slack (MET)                                                        0.85


  Startpoint: FIFO_u_U2_WRptr_sync_s1_reg_0_
              (rising edge-triggered flip-flop clocked by Tx_clk)
  Endpoint: FIFO_u_U5_empty_reg
            (rising edge-triggered flip-flop clocked by Tx_clk)
  Path Group: Tx_clk
  Path Type: min

  Point                                                   Incr       Path
  --------------------------------------------------------------------------
  clock Tx_clk (rise edge)                                0.00       0.00
  clock network delay (ideal)                             0.00       0.00
  FIFO_u_U2_WRptr_sync_s1_reg_0_/CK (DFFRQX1M)            0.00       0.00 r
  FIFO_u_U2_WRptr_sync_s1_reg_0_/Q (DFFRQX1M)             0.43       0.43 r
  U1999/Y (OAI22XLM)                                      0.08       0.51 f
  U2000/Y (AOI221XLM)                                     0.14       0.65 r
  U2004/Y (AND2X1M)                                       0.16       0.81 r
  FIFO_u_U5_empty_reg/D (SDFFSQX1M)                       0.00       0.81 r
  data arrival time                                                  0.81

  clock Tx_clk (rise edge)                                0.00       0.00
  clock network delay (ideal)                             0.00       0.00
  clock uncertainty                                       0.10       0.10
  FIFO_u_U5_empty_reg/CK (SDFFSQX1M)                      0.00       0.10 r
  library hold time                                      -0.16      -0.06
  data required time                                                -0.06
  --------------------------------------------------------------------------
  data required time                                                -0.06
  data arrival time                                                 -0.81
  --------------------------------------------------------------------------
  slack (MET)                                                        0.87


  Startpoint: FIFO_u_U5_RD_PTR_BIN_reg_1_
              (rising edge-triggered flip-flop clocked by Tx_clk)
  Endpoint: FIFO_u_U5_RD_PTR_GRAY_reg_0_
            (rising edge-triggered flip-flop clocked by Tx_clk)
  Path Group: Tx_clk
  Path Type: min

  Point                                                   Incr       Path
  --------------------------------------------------------------------------
  clock Tx_clk (rise edge)                                0.00       0.00
  clock network delay (ideal)                             0.00       0.00
  FIFO_u_U5_RD_PTR_BIN_reg_1_/CK (SDFFRQX1M)              0.00       0.00 r
  FIFO_u_U5_RD_PTR_BIN_reg_1_/Q (SDFFRQX1M)               0.44       0.44 f
  U1793/Y (INVXLM)                                        0.15       0.58 r
  U1619/Y (OAI22XLM)                                      0.14       0.72 f
  U1947/Y (INVXLM)                                        0.08       0.80 r
  FIFO_u_U5_RD_PTR_GRAY_reg_0_/D (SDFFRQX1M)              0.00       0.80 r
  data arrival time                                                  0.80

  clock Tx_clk (rise edge)                                0.00       0.00
  clock network delay (ideal)                             0.00       0.00
  clock uncertainty                                       0.10       0.10
  FIFO_u_U5_RD_PTR_GRAY_reg_0_/CK (SDFFRQX1M)             0.00       0.10 r
  library hold time                                      -0.18      -0.08
  data required time                                                -0.08
  --------------------------------------------------------------------------
  data required time                                                -0.08
  data arrival time                                                 -0.80
  --------------------------------------------------------------------------
  slack (MET)                                                        0.88


  Startpoint: FIFO_u_U5_RD_PTR_BIN_reg_1_
              (rising edge-triggered flip-flop clocked by Tx_clk)
  Endpoint: FIFO_u_U5_RD_PTR_BIN_reg_1_
            (rising edge-triggered flip-flop clocked by Tx_clk)
  Path Group: Tx_clk
  Path Type: min

  Point                                                   Incr       Path
  --------------------------------------------------------------------------
  clock Tx_clk (rise edge)                                0.00       0.00
  clock network delay (ideal)                             0.00       0.00
  FIFO_u_U5_RD_PTR_BIN_reg_1_/CK (SDFFRQX1M)              0.00       0.00 r
  FIFO_u_U5_RD_PTR_BIN_reg_1_/Q (SDFFRQX1M)               0.44       0.44 f
  U1793/Y (INVXLM)                                        0.15       0.58 r
  U1616/Y (AOI21XLM)                                      0.18       0.77 f
  FIFO_u_U5_RD_PTR_BIN_reg_1_/D (SDFFRQX1M)               0.00       0.77 f
  data arrival time                                                  0.77

  clock Tx_clk (rise edge)                                0.00       0.00
  clock network delay (ideal)                             0.00       0.00
  clock uncertainty                                       0.10       0.10
  FIFO_u_U5_RD_PTR_BIN_reg_1_/CK (SDFFRQX1M)              0.00       0.10 r
  library hold time                                      -0.24      -0.14
  data required time                                                -0.14
  --------------------------------------------------------------------------
  data required time                                                -0.14
  data arrival time                                                 -0.77
  --------------------------------------------------------------------------
  slack (MET)                                                        0.91


  Startpoint: FIFO_u_U5_RD_PTR_BIN_reg_2_
              (rising edge-triggered flip-flop clocked by Tx_clk)
  Endpoint: FIFO_u_U5_RD_PTR_BIN_reg_2_
            (rising edge-triggered flip-flop clocked by Tx_clk)
  Path Group: Tx_clk
  Path Type: min

  Point                                                   Incr       Path
  --------------------------------------------------------------------------
  clock Tx_clk (rise edge)                                0.00       0.00
  clock network delay (ideal)                             0.00       0.00
  FIFO_u_U5_RD_PTR_BIN_reg_2_/CK (SDFFRQX1M)              0.00       0.00 r
  FIFO_u_U5_RD_PTR_BIN_reg_2_/Q (SDFFRQX1M)               0.59       0.59 r
  U1632/Y (OAI21XLM)                                      0.19       0.78 f
  U1934/Y (INVXLM)                                        0.10       0.88 r
  FIFO_u_U5_RD_PTR_BIN_reg_2_/D (SDFFRQX1M)               0.00       0.88 r
  data arrival time                                                  0.88

  clock Tx_clk (rise edge)                                0.00       0.00
  clock network delay (ideal)                             0.00       0.00
  clock uncertainty                                       0.10       0.10
  FIFO_u_U5_RD_PTR_BIN_reg_2_/CK (SDFFRQX1M)              0.00       0.10 r
  library hold time                                      -0.18      -0.08
  data required time                                                -0.08
  --------------------------------------------------------------------------
  data required time                                                -0.08
  data arrival time                                                 -0.88
  --------------------------------------------------------------------------
  slack (MET)                                                        0.96


  Startpoint: UART_TX_RX_U0_UART_TX_U2_current_state_reg_0_
              (rising edge-triggered flip-flop clocked by Tx_clk)
  Endpoint: UART_TX_O (output port clocked by Tx_clk)
  Path Group: Tx_clk
  Path Type: min

  Point                                                   Incr       Path
  --------------------------------------------------------------------------
  clock Tx_clk (rise edge)                                0.00       0.00
  clock network delay (ideal)                             0.00       0.00
  UART_TX_RX_U0_UART_TX_U2_current_state_reg_0_/CK (SDFFRX1M)
                                                          0.00       0.00 r
  UART_TX_RX_U0_UART_TX_U2_current_state_reg_0_/QN (SDFFRX1M)
                                                          0.27       0.27 f
  U1334/Y (OAI2BB2X4M)                                    0.33       0.60 f
  UART_TX_O (out)                                         0.00       0.60 f
  data arrival time                                                  0.60

  clock Tx_clk (rise edge)                                0.00       0.00
  clock network delay (ideal)                             0.00       0.00
  clock uncertainty                                       0.10       0.10
  output external delay                               -1736.30   -1736.20
  data required time                                             -1736.20
  --------------------------------------------------------------------------
  data required time                                             -1736.20
  data arrival time                                                 -0.60
  --------------------------------------------------------------------------
  slack (MET)                                                     1736.80


  Startpoint: uart_rst_sync_n_synch_reg_1_
              (rising edge-triggered flip-flop clocked by UART_clk)
  Endpoint: uart_rst_sync_n_synch_reg_2_
            (rising edge-triggered flip-flop clocked by UART_clk)
  Path Group: UART_clk
  Path Type: min

  Point                                                   Incr       Path
  --------------------------------------------------------------------------
  clock UART_clk (rise edge)                              0.00       0.00
  clock network delay (ideal)                             0.00       0.00
  uart_rst_sync_n_synch_reg_1_/CK (SDFFRQX1M)             0.00       0.00 r
  uart_rst_sync_n_synch_reg_1_/Q (SDFFRQX1M)              0.41       0.41 f
  uart_rst_sync_n_synch_reg_2_/D (DFFRQX2M)               0.00       0.41 f
  data arrival time                                                  0.41

  clock UART_clk (rise edge)                              0.00       0.00
  clock network delay (ideal)                             0.00       0.00
  clock uncertainty                                       0.10       0.10
  uart_rst_sync_n_synch_reg_2_/CK (DFFRQX2M)              0.00       0.10 r
  library hold time                                      -0.02       0.08
  data required time                                                 0.08
  --------------------------------------------------------------------------
  data required time                                                 0.08
  data arrival time                                                 -0.41
  --------------------------------------------------------------------------
  slack (MET)                                                        0.33


  Startpoint: uart_rst_sync_n_synch_reg_0_/CK
              (internal path startpoint clocked by UART_clk)
  Endpoint: uart_rst_sync_n_synch_reg_1_
            (rising edge-triggered flip-flop clocked by UART_clk)
  Path Group: UART_clk
  Path Type: min

  Point                                                   Incr       Path
  --------------------------------------------------------------------------
  clock UART_clk (rise edge)                              0.00       0.00
  clock network delay (ideal)                             0.00       0.00
  input external delay                                    0.00       0.00 r
  uart_rst_sync_n_synch_reg_0_/CK (SDFFRQX1M)             0.00       0.00 r
  uart_rst_sync_n_synch_reg_0_/Q (SDFFRQX1M)              0.37       0.37 r
  uart_rst_sync_n_synch_reg_1_/D (SDFFRQX1M)              0.00       0.37 r
  data arrival time                                                  0.37

  clock UART_clk (rise edge)                              0.00       0.00
  clock network delay (ideal)                             0.00       0.00
  clock uncertainty                                       0.10       0.10
  uart_rst_sync_n_synch_reg_1_/CK (SDFFRQX1M)             0.00       0.10 r
  library hold time                                      -0.18      -0.08
  data required time                                                -0.08
  --------------------------------------------------------------------------
  data required time                                                -0.08
  data arrival time                                                 -0.37
  --------------------------------------------------------------------------
  slack (MET)                                                        0.45


  Startpoint: TX_CLK/count_reg_0_
              (rising edge-triggered flip-flop clocked by UART_clk)
  Endpoint: TX_CLK/count_reg_0_
            (rising edge-triggered flip-flop clocked by UART_clk)
  Path Group: UART_clk
  Path Type: min

  Point                                    Incr       Path
  -----------------------------------------------------------
  clock UART_clk (rise edge)               0.00       0.00
  clock network delay (ideal)              0.00       0.00
  TX_CLK/count_reg_0_/CK (SDFFSQX1M)       0.00       0.00 r
  TX_CLK/count_reg_0_/Q (SDFFSQX1M)        0.47       0.47 f
  TX_CLK/U28/Y (NAND2XLM)                  0.10       0.58 r
  TX_CLK/count_reg_0_/D (SDFFSQX1M)        0.00       0.58 r
  data arrival time                                   0.58

  clock UART_clk (rise edge)               0.00       0.00
  clock network delay (ideal)              0.00       0.00
  clock uncertainty                        0.10       0.10
  TX_CLK/count_reg_0_/CK (SDFFSQX1M)       0.00       0.10 r
  library hold time                       -0.16      -0.06
  data required time                                 -0.06
  -----------------------------------------------------------
  data required time                                 -0.06
  data arrival time                                  -0.58
  -----------------------------------------------------------
  slack (MET)                                         0.64


  Startpoint: RX_CLK/div_clk_reg_reg
              (rising edge-triggered flip-flop clocked by UART_clk)
  Endpoint: RX_CLK/div_clk_reg_reg
            (rising edge-triggered flip-flop clocked by UART_clk)
  Path Group: UART_clk
  Path Type: min

  Point                                                   Incr       Path
  --------------------------------------------------------------------------
  clock UART_clk (rise edge)                              0.00       0.00
  clock network delay (ideal)                             0.00       0.00
  RX_CLK/div_clk_reg_reg/CK (SDFFRQX1M)                   0.00       0.00 r
  RX_CLK/div_clk_reg_reg/Q (SDFFRQX1M)                    0.42       0.42 r
  RX_CLK/U17/Y (AOI221XLM)                                0.12       0.54 f
  RX_CLK/div_clk_reg_reg/D (SDFFRQX1M)                    0.00       0.54 f
  data arrival time                                                  0.54

  clock UART_clk (rise edge)                              0.00       0.00
  clock network delay (ideal)                             0.00       0.00
  clock uncertainty                                       0.10       0.10
  RX_CLK/div_clk_reg_reg/CK (SDFFRQX1M)                   0.00       0.10 r
  library hold time                                      -0.22      -0.12
  data required time                                                -0.12
  --------------------------------------------------------------------------
  data required time                                                -0.12
  data arrival time                                                 -0.54
  --------------------------------------------------------------------------
  slack (MET)                                                        0.66


  Startpoint: RX_CLK/count_reg_0_
              (rising edge-triggered flip-flop clocked by UART_clk)
  Endpoint: RX_CLK/count_reg_0_
            (rising edge-triggered flip-flop clocked by UART_clk)
  Path Group: UART_clk
  Path Type: min

  Point                                    Incr       Path
  -----------------------------------------------------------
  clock UART_clk (rise edge)               0.00       0.00
  clock network delay (ideal)              0.00       0.00
  RX_CLK/count_reg_0_/CK (SDFFSQX1M)       0.00       0.00 r
  RX_CLK/count_reg_0_/Q (SDFFSQX1M)        0.47       0.47 f
  RX_CLK/U10/Y (NAND2XLM)                  0.12       0.60 r
  RX_CLK/count_reg_0_/D (SDFFSQX1M)        0.00       0.60 r
  data arrival time                                   0.60

  clock UART_clk (rise edge)               0.00       0.00
  clock network delay (ideal)              0.00       0.00
  clock uncertainty                        0.10       0.10
  RX_CLK/count_reg_0_/CK (SDFFSQX1M)       0.00       0.10 r
  library hold time                       -0.17      -0.07
  data required time                                 -0.07
  -----------------------------------------------------------
  data required time                                 -0.07
  data arrival time                                  -0.60
  -----------------------------------------------------------
  slack (MET)                                         0.66


  Startpoint: TX_CLK/div_clk_reg_reg
              (rising edge-triggered flip-flop clocked by UART_clk)
  Endpoint: TX_CLK/div_clk_reg_reg
            (rising edge-triggered flip-flop clocked by UART_clk)
  Path Group: UART_clk
  Path Type: min

  Point                                                   Incr       Path
  --------------------------------------------------------------------------
  clock UART_clk (rise edge)                              0.00       0.00
  clock network delay (ideal)                             0.00       0.00
  TX_CLK/div_clk_reg_reg/CK (SDFFRQX1M)                   0.00       0.00 r
  TX_CLK/div_clk_reg_reg/Q (SDFFRQX1M)                    0.43       0.43 r
  TX_CLK/U44/Y (AOI221XLM)                                0.12       0.55 f
  TX_CLK/div_clk_reg_reg/D (SDFFRQX1M)                    0.00       0.55 f
  data arrival time                                                  0.55

  clock UART_clk (rise edge)                              0.00       0.00
  clock network delay (ideal)                             0.00       0.00
  clock uncertainty                                       0.10       0.10
  TX_CLK/div_clk_reg_reg/CK (SDFFRQX1M)                   0.00       0.10 r
  library hold time                                      -0.22      -0.12
  data required time                                                -0.12
  --------------------------------------------------------------------------
  data required time                                                -0.12
  data arrival time                                                 -0.55
  --------------------------------------------------------------------------
  slack (MET)                                                        0.67


  Startpoint: TX_CLK/count_reg_4_
              (rising edge-triggered flip-flop clocked by UART_clk)
  Endpoint: TX_CLK/count_reg_5_
            (rising edge-triggered flip-flop clocked by UART_clk)
  Path Group: UART_clk
  Path Type: min

  Point                                    Incr       Path
  -----------------------------------------------------------
  clock UART_clk (rise edge)               0.00       0.00
  clock network delay (ideal)              0.00       0.00
  TX_CLK/count_reg_4_/CK (SDFFRQX1M)       0.00       0.00 r
  TX_CLK/count_reg_4_/Q (SDFFRQX1M)        0.38       0.38 r
  TX_CLK/U33/Y (INVXLM)                    0.09       0.47 f
  TX_CLK/U41/Y (NOR2XLM)                   0.16       0.62 r
  TX_CLK/count_reg_5_/D (SDFFRQX1M)        0.00       0.62 r
  data arrival time                                   0.62

  clock UART_clk (rise edge)               0.00       0.00
  clock network delay (ideal)              0.00       0.00
  clock uncertainty                        0.10       0.10
  TX_CLK/count_reg_5_/CK (SDFFRQX1M)       0.00       0.10 r
  library hold time                       -0.20      -0.10
  data required time                                 -0.10
  -----------------------------------------------------------
  data required time                                 -0.10
  data arrival time                                  -0.62
  -----------------------------------------------------------
  slack (MET)                                         0.72


  Startpoint: RX_CLK/count_reg_1_
              (rising edge-triggered flip-flop clocked by UART_clk)
  Endpoint: RX_CLK/count_reg_2_
            (rising edge-triggered flip-flop clocked by UART_clk)
  Path Group: UART_clk
  Path Type: min

  Point                                    Incr       Path
  -----------------------------------------------------------
  clock UART_clk (rise edge)               0.00       0.00
  clock network delay (ideal)              0.00       0.00
  RX_CLK/count_reg_1_/CK (SDFFRQX1M)       0.00       0.00 r
  RX_CLK/count_reg_1_/Q (SDFFRQX1M)        0.43       0.43 f
  RX_CLK/U11/Y (NAND2XLM)                  0.09       0.53 r
  RX_CLK/U12/Y (NOR2XLM)                   0.08       0.61 f
  RX_CLK/count_reg_2_/D (SDFFRQX1M)        0.00       0.61 f
  data arrival time                                   0.61

  clock UART_clk (rise edge)               0.00       0.00
  clock network delay (ideal)              0.00       0.00
  clock uncertainty                        0.10       0.10
  RX_CLK/count_reg_2_/CK (SDFFRQX1M)       0.00       0.10 r
  library hold time                       -0.22      -0.12
  data required time                                 -0.12
  -----------------------------------------------------------
  data required time                                 -0.12
  data arrival time                                  -0.61
  -----------------------------------------------------------
  slack (MET)                                         0.72


  Startpoint: RX_CLK/count_reg_1_
              (rising edge-triggered flip-flop clocked by UART_clk)
  Endpoint: RX_CLK/count_reg_1_
            (rising edge-triggered flip-flop clocked by UART_clk)
  Path Group: UART_clk
  Path Type: min

  Point                                    Incr       Path
  -----------------------------------------------------------
  clock UART_clk (rise edge)               0.00       0.00
  clock network delay (ideal)              0.00       0.00
  RX_CLK/count_reg_1_/CK (SDFFRQX1M)       0.00       0.00 r
  RX_CLK/count_reg_1_/Q (SDFFRQX1M)        0.39       0.39 r
  RX_CLK/U11/Y (NAND2XLM)                  0.10       0.49 f
  RX_CLK/U13/Y (AOI21XLM)                  0.17       0.65 r
  RX_CLK/count_reg_1_/D (SDFFRQX1M)        0.00       0.65 r
  data arrival time                                   0.65

  clock UART_clk (rise edge)               0.00       0.00
  clock network delay (ideal)              0.00       0.00
  clock uncertainty                        0.10       0.10
  RX_CLK/count_reg_1_/CK (SDFFRQX1M)       0.00       0.10 r
  library hold time                       -0.18      -0.08
  data required time                                 -0.08
  -----------------------------------------------------------
  data required time                                 -0.08
  data arrival time                                  -0.65
  -----------------------------------------------------------
  slack (MET)                                         0.74


  Startpoint: TX_CLK/count_reg_1_
              (rising edge-triggered flip-flop clocked by UART_clk)
  Endpoint: TX_CLK/count_reg_1_
            (rising edge-triggered flip-flop clocked by UART_clk)
  Path Group: UART_clk
  Path Type: min

  Point                                    Incr       Path
  -----------------------------------------------------------
  clock UART_clk (rise edge)               0.00       0.00
  clock network delay (ideal)              0.00       0.00
  TX_CLK/count_reg_1_/CK (SDFFRQX1M)       0.00       0.00 r
  TX_CLK/count_reg_1_/Q (SDFFRQX1M)        0.46       0.46 f
  TX_CLK/U31/Y (NAND2XLM)                  0.08       0.54 r
  TX_CLK/U8/Y (AOI21XLM)                   0.09       0.63 f
  TX_CLK/count_reg_1_/D (SDFFRQX1M)        0.00       0.63 f
  data arrival time                                   0.63

  clock UART_clk (rise edge)               0.00       0.00
  clock network delay (ideal)              0.00       0.00
  clock uncertainty                        0.10       0.10
  TX_CLK/count_reg_1_/CK (SDFFRQX1M)       0.00       0.10 r
  library hold time                       -0.21      -0.11
  data required time                                 -0.11
  -----------------------------------------------------------
  data required time                                 -0.11
  data arrival time                                  -0.63
  -----------------------------------------------------------
  slack (MET)                                         0.75


  Startpoint: TX_CLK/count_reg_2_
              (rising edge-triggered flip-flop clocked by UART_clk)
  Endpoint: TX_CLK/count_reg_2_
            (rising edge-triggered flip-flop clocked by UART_clk)
  Path Group: UART_clk
  Path Type: min

  Point                                    Incr       Path
  -----------------------------------------------------------
  clock UART_clk (rise edge)               0.00       0.00
  clock network delay (ideal)              0.00       0.00
  TX_CLK/count_reg_2_/CK (SDFFRQX1M)       0.00       0.00 r
  TX_CLK/count_reg_2_/Q (SDFFRQX1M)        0.38       0.38 r
  TX_CLK/U14/Y (INVXLM)                    0.10       0.48 f
  TX_CLK/U7/Y (NAND2XLM)                   0.10       0.58 r
  TX_CLK/U34/Y (OAI31XLM)                  0.06       0.64 f
  TX_CLK/count_reg_2_/D (SDFFRQX1M)        0.00       0.64 f
  data arrival time                                   0.64

  clock UART_clk (rise edge)               0.00       0.00
  clock network delay (ideal)              0.00       0.00
  clock uncertainty                        0.10       0.10
  TX_CLK/count_reg_2_/CK (SDFFRQX1M)       0.00       0.10 r
  library hold time                       -0.21      -0.11
  data required time                                 -0.11
  -----------------------------------------------------------
  data required time                                 -0.11
  data arrival time                                  -0.64
  -----------------------------------------------------------
  slack (MET)                                         0.75


  Startpoint: TX_CLK/count_reg_3_
              (rising edge-triggered flip-flop clocked by UART_clk)
  Endpoint: TX_CLK/count_reg_3_
            (rising edge-triggered flip-flop clocked by UART_clk)
  Path Group: UART_clk
  Path Type: min

  Point                                    Incr       Path
  -----------------------------------------------------------
  clock UART_clk (rise edge)               0.00       0.00
  clock network delay (ideal)              0.00       0.00
  TX_CLK/count_reg_3_/CK (SDFFRQX1M)       0.00       0.00 r
  TX_CLK/count_reg_3_/Q (SDFFRQX1M)        0.42       0.42 r
  TX_CLK/U43/Y (INVXLM)                    0.08       0.50 f
  TX_CLK/U37/Y (NAND2XLM)                  0.08       0.58 r
  TX_CLK/U38/Y (OAI31XLM)                  0.06       0.64 f
  TX_CLK/count_reg_3_/D (SDFFRQX1M)        0.00       0.64 f
  data arrival time                                   0.64

  clock UART_clk (rise edge)               0.00       0.00
  clock network delay (ideal)              0.00       0.00
  clock uncertainty                        0.10       0.10
  TX_CLK/count_reg_3_/CK (SDFFRQX1M)       0.00       0.10 r
  library hold time                       -0.21      -0.11
  data required time                                 -0.11
  -----------------------------------------------------------
  data required time                                 -0.11
  data arrival time                                  -0.64
  -----------------------------------------------------------
  slack (MET)                                         0.75


  Startpoint: TX_CLK/count_reg_4_
              (rising edge-triggered flip-flop clocked by UART_clk)
  Endpoint: TX_CLK/count_reg_4_
            (rising edge-triggered flip-flop clocked by UART_clk)
  Path Group: UART_clk
  Path Type: min

  Point                                    Incr       Path
  -----------------------------------------------------------
  clock UART_clk (rise edge)               0.00       0.00
  clock network delay (ideal)              0.00       0.00
  TX_CLK/count_reg_4_/CK (SDFFRQX1M)       0.00       0.00 r
  TX_CLK/count_reg_4_/Q (SDFFRQX1M)        0.42       0.42 f
  TX_CLK/U33/Y (INVXLM)                    0.12       0.55 r
  TX_CLK/U42/Y (AOI211XLM)                 0.12       0.67 f
  TX_CLK/count_reg_4_/D (SDFFRQX1M)        0.00       0.67 f
  data arrival time                                   0.67

  clock UART_clk (rise edge)               0.00       0.00
  clock network delay (ideal)              0.00       0.00
  clock uncertainty                        0.10       0.10
  TX_CLK/count_reg_4_/CK (SDFFRQX1M)       0.00       0.10 r
  library hold time                       -0.22      -0.12
  data required time                                 -0.12
  -----------------------------------------------------------
  data required time                                 -0.12
  data arrival time                                  -0.67
  -----------------------------------------------------------
  slack (MET)                                         0.79


1
