Checking out Encounter license ...
SOC_Encounter_GXL 8.1 license checkout succeeded.
This Encounter release has been compiled with OA version 22.04-p032.
sourcing /usr/Cadence/SOC/etc/fe/rdaDSL.tcl
*******************************************************************
*   Copyright (c)  Cadence Design Systems, Inc.  1996 - 2008.     *
*                     All rights reserved.                        *
*                                                                 *
*                                                                 *
*                                                                 *
* This program contains confidential and trade secret information *
* of Cadence Design Systems, Inc. and is protected by copyright   *
* law and international treaties.  Any reproduction, use,         *
* distribution or disclosure of this program or any portion of it,*
* or any attempt to obtain a human-readable version of this       *
* program, without the express, prior written consent of          *
* Cadence Design Systems, Inc., is strictly prohibited.           *
*                                                                 *
*                 Cadence Design Systems, Inc.                    *
*                    2655 Seely Avenue                            *
*                   San Jose, CA 95134,  USA                      *
*                                                                 *
*                                                                 *
*******************************************************************

@(#)CDS: First Encounter v08.10-p004_1 (32bit) 11/04/2008 14:34 (Linux 2.6)
@(#)CDS: NanoRoute v08.10-p008 NR081027-0018/USR58-UB (database version 2.30, 67.1.1) {superthreading v1.11}
@(#)CDS: CeltIC v08.10-p002_1 (32bit) 10/23/2008 22:04:14 (Linux 2.6.9-67.0.10.ELsmp)
@(#)CDS: CTE v08.10-p016_1 (32bit) Oct 26 2008 15:11:51 (Linux 2.6.9-67.0.10.ELsmp)
@(#)CDS: CPE v08.10-p009
--- Starting "First Encounter v08.10-p004_1" on Mon Oct  5 00:47:56 2026 (mem=62.2M) ---
--- Running on linux.local (x86_64 w/Linux 2.6.32-431.29.2.el6.x86_64) ---
This version was compiled on Tue Nov 4 14:34:21 PST 2008.
Set DBUPerIGU to 1000.
Set Default Mode Total Cap Scale Factor to 1.00
Set Detail Mode Total Cap Scale Factor to 1.00
Set Coupling Total Cap Scale Factor to 1.00
Set Total Res Scale Factor to 1.00
Set net toggle Scale Factor to 1.00
Set Shrink Factor to 1.00000
<CMD> encMessage warning 0
Suppress "**WARN ..." messages.
<CMD> encMessage debug 0
<CMD> encMessage info 0
Reading config file - /home/ahesham/Projects/System/System_pnr/pnr/sys_top_post_power.enc.dat/sys_top.conf
**WARN: (SOCLF-246):	The 'UNITS' attribute should be set
in the first lef file (technology lef). There is an attempt to set it
in subsequent lef files which will be ignored.
**WARN: (SOCLF-46):	Class CORE macro 'sys_top' has no SITE statement defined.
Class CORE macros require a SITE statement. The SITE FE_CORE_0 was
created and will be used for this macro, using height 180.6000 that
matches the macro SIZE height, and width 0.4100 that matches the
m2 routing pitch. Define the site explicitly in the LEF file, to
this message in the future.
**WARN: (SOCSYC-2):	Timing is not defined for cell sys_top.
*** End library_loading (cpu=0.08min, mem=91.0M, fe_cpu=0.12min, fe_mem=280.2M) ***
**WARN: (TCLCMD-1013):	The SDC set_operating_conditions assertion is not supported. Please use the Encounter setOpCond command to specify library and operating condition information. Use the setAnalysisMode command to control single vs. bestCase/worstCase vs. on-chip variation timing analysis. (File /home/ahesham/Projects/System/System_pnr/pnr/../DFT/sdc/sys_top_DFT.sdc, Line 12).

**WARN: (SOCCTE-286):	Library scmetro_tsmc_cl013g_rvt_ss_1p08v_125c is not in the min library list.
**WARN: (SOCCTE-289):	set_driving_cell :  Use the cell in library scmetro_tsmc_cl013g_rvt_ss_1p08v_125c.
**WARN: (SOCCTE-286):	Library scmetro_tsmc_cl013g_rvt_ss_1p08v_125c is not in the min library list.
**WARN: (SOCCTE-289):	set_driving_cell :  Use the cell in library scmetro_tsmc_cl013g_rvt_ss_1p08v_125c.
**WARN: (SOCCTE-286):	Library scmetro_tsmc_cl013g_rvt_ss_1p08v_125c is not in the min library list.
**WARN: (SOCCTE-289):	set_driving_cell :  Use the cell in library scmetro_tsmc_cl013g_rvt_ss_1p08v_125c.
**WARN: (SOCCTE-286):	Library scmetro_tsmc_cl013g_rvt_ss_1p08v_125c is not in the min library list.
**WARN: (SOCCTE-289):	set_driving_cell :  Use the cell in library scmetro_tsmc_cl013g_rvt_ss_1p08v_125c.
**WARN: (SOCCTE-286):	Library scmetro_tsmc_cl013g_rvt_ss_1p08v_125c is not in the min library list.
**WARN: (SOCCTE-289):	set_driving_cell :  Use the cell in library scmetro_tsmc_cl013g_rvt_ss_1p08v_125c.
**WARN: (SOCCTE-286):	Library scmetro_tsmc_cl013g_rvt_ss_1p08v_125c is not in the min library list.
**WARN: (SOCCTE-289):	set_driving_cell :  Use the cell in library scmetro_tsmc_cl013g_rvt_ss_1p08v_125c.
**WARN: (SOCCTE-286):	Library scmetro_tsmc_cl013g_rvt_ss_1p08v_125c is not in the min library list.
**WARN: (SOCCTE-289):	set_driving_cell :  Use the cell in library scmetro_tsmc_cl013g_rvt_ss_1p08v_125c.
**WARN: (SOCCTE-286):	Library scmetro_tsmc_cl013g_rvt_ss_1p08v_125c is not in the min library list.
**WARN: (SOCCTE-289):	set_driving_cell :  Use the cell in library scmetro_tsmc_cl013g_rvt_ss_1p08v_125c.
**WARN: (SOCCTE-286):	Library scmetro_tsmc_cl013g_rvt_ss_1p08v_125c is not in the min library list.
**WARN: (SOCCTE-289):	set_driving_cell :  Use the cell in library scmetro_tsmc_cl013g_rvt_ss_1p08v_125c.
**WARN: (SOCCTE-286):	Library scmetro_tsmc_cl013g_rvt_ss_1p08v_125c is not in the min library list.
**WARN: (SOCCTE-289):	set_driving_cell :  Use the cell in library scmetro_tsmc_cl013g_rvt_ss_1p08v_125c.
**WARN: (SOCCTE-286):	Library scmetro_tsmc_cl013g_rvt_ss_1p08v_125c is not in the min library list.
**WARN: (SOCCTE-289):	set_driving_cell :  Use the cell in library scmetro_tsmc_cl013g_rvt_ss_1p08v_125c.
**WARN: (SOCCTE-286):	Library scmetro_tsmc_cl013g_rvt_ss_1p08v_125c is not in the min library list.
**WARN: (SOCCTE-289):	set_driving_cell :  Use the cell in library scmetro_tsmc_cl013g_rvt_ss_1p08v_125c.
**WARN: (TCLCMD-1068):	One or more of the target pins given with create_clock/create_generated_clock for clock 'Gated_clk' are hierarchical pins. Tool has mapped these hierarchical pins to their respective flat pin(s). 'report_clocks -clocks' can be used to know the mapped flat pins for given clock. (File /home/ahesham/Projects/System/System_pnr/pnr/../DFT/sdc/sys_top_DFT.sdc, Line 48).

**WARN: (TCLCMD-1068):	One or more of the target pins given with create_clock/create_generated_clock for clock 'Tx_clk' are hierarchical pins. Tool has mapped these hierarchical pins to their respective flat pin(s). 'report_clocks -clocks' can be used to know the mapped flat pins for given clock. (File /home/ahesham/Projects/System/System_pnr/pnr/../DFT/sdc/sys_top_DFT.sdc, Line 51).

**WARN: (TCLCMD-1068):	One or more of the target pins given with create_clock/create_generated_clock for clock 'Rx_clk' are hierarchical pins. Tool has mapped these hierarchical pins to their respective flat pin(s). 'report_clocks -clocks' can be used to know the mapped flat pins for given clock. (File /home/ahesham/Projects/System/System_pnr/pnr/../DFT/sdc/sys_top_DFT.sdc, Line 54).

#WARNING (NRDB-21) The number of routing layer 7 in the database does not match with the value of 10 in the Extended Cap Table file.
Loading preference file /home/ahesham/Projects/System/System_pnr/pnr/sys_top_post_power.enc.dat/enc.pref.tcl ...
#WARNING (NRDB-21) The number of routing layer 7 in the database does not match with the value of 10 in the Extended Cap Table file.
**WARN: (TCLCMD-1014):	The SDC set_operating_conditions assertion is not supported. Please use the create_delay_corner command to specify the desired operating enviroment. Use the setAnalysisMode command to control single vs. bestCase/worstCase vs. on-chip variation timing analysis. (File ../DFT/sdc/sys_top_DFT_func.sdc, Line 12).

**WARN: (SOCCTE-286):	Library scmetro_tsmc_cl013g_rvt_ss_1p08v_125c is not in the min library list.
**WARN: (SOCCTE-289):	set_driving_cell :  Use the cell in library scmetro_tsmc_cl013g_rvt_ss_1p08v_125c.
**WARN: (SOCCTE-286):	Library scmetro_tsmc_cl013g_rvt_ss_1p08v_125c is not in the min library list.
**WARN: (SOCCTE-289):	set_driving_cell :  Use the cell in library scmetro_tsmc_cl013g_rvt_ss_1p08v_125c.
**WARN: (SOCCTE-286):	Library scmetro_tsmc_cl013g_rvt_ss_1p08v_125c is not in the min library list.
**WARN: (SOCCTE-289):	set_driving_cell :  Use the cell in library scmetro_tsmc_cl013g_rvt_ss_1p08v_125c.
**WARN: (SOCCTE-286):	Library scmetro_tsmc_cl013g_rvt_ss_1p08v_125c is not in the min library list.
**WARN: (SOCCTE-289):	set_driving_cell :  Use the cell in library scmetro_tsmc_cl013g_rvt_ss_1p08v_125c.
**WARN: (SOCCTE-286):	Library scmetro_tsmc_cl013g_rvt_ss_1p08v_125c is not in the min library list.
**WARN: (SOCCTE-289):	set_driving_cell :  Use the cell in library scmetro_tsmc_cl013g_rvt_ss_1p08v_125c.
**WARN: (SOCCTE-286):	Library scmetro_tsmc_cl013g_rvt_ss_1p08v_125c is not in the min library list.
**WARN: (SOCCTE-289):	set_driving_cell :  Use the cell in library scmetro_tsmc_cl013g_rvt_ss_1p08v_125c.
**WARN: (SOCCTE-286):	Library scmetro_tsmc_cl013g_rvt_ss_1p08v_125c is not in the min library list.
**WARN: (SOCCTE-289):	set_driving_cell :  Use the cell in library scmetro_tsmc_cl013g_rvt_ss_1p08v_125c.
**WARN: (SOCCTE-286):	Library scmetro_tsmc_cl013g_rvt_ss_1p08v_125c is not in the min library list.
**WARN: (SOCCTE-289):	set_driving_cell :  Use the cell in library scmetro_tsmc_cl013g_rvt_ss_1p08v_125c.
**WARN: (EMS-27):	Message (SOCCTE-286) has exceeded the current message display limit of 20.
To increase the message display limit, refer to the product command reference manual.
**WARN: (EMS-27):	Message (SOCCTE-289) has exceeded the current message display limit of 20.
To increase the message display limit, refer to the product command reference manual.
**WARN: (TCLCMD-1068):	One or more of the target pins given with create_clock/create_generated_clock for clock 'Gated_clk' are hierarchical pins. Tool has mapped these hierarchical pins to their respective flat pin(s). 'report_clocks -clocks' can be used to know the mapped flat pins for given clock. (File ../DFT/sdc/sys_top_DFT_func.sdc, Line 45).

**WARN: (TCLCMD-1068):	One or more of the target pins given with create_clock/create_generated_clock for clock 'Tx_clk' are hierarchical pins. Tool has mapped these hierarchical pins to their respective flat pin(s). 'report_clocks -clocks' can be used to know the mapped flat pins for given clock. (File ../DFT/sdc/sys_top_DFT_func.sdc, Line 48).

**WARN: (TCLCMD-1068):	One or more of the target pins given with create_clock/create_generated_clock for clock 'Rx_clk' are hierarchical pins. Tool has mapped these hierarchical pins to their respective flat pin(s). 'report_clocks -clocks' can be used to know the mapped flat pins for given clock. (File ../DFT/sdc/sys_top_DFT_func.sdc, Line 51).

**WARN: (TCLCMD-1014):	The SDC set_operating_conditions assertion is not supported. Please use the create_delay_corner command to specify the desired operating enviroment. Use the setAnalysisMode command to control single vs. bestCase/worstCase vs. on-chip variation timing analysis. (File ../DFT/sdc/sys_top_DFT_capture.sdc, Line 12).

**WARN: (TCLCMD-1068):	One or more of the target pins given with create_clock/create_generated_clock for clock 'Gated_clk' are hierarchical pins. Tool has mapped these hierarchical pins to their respective flat pin(s). 'report_clocks -clocks' can be used to know the mapped flat pins for given clock. (File ../DFT/sdc/sys_top_DFT_capture.sdc, Line 45).

**WARN: (TCLCMD-1068):	One or more of the target pins given with create_clock/create_generated_clock for clock 'Tx_clk' are hierarchical pins. Tool has mapped these hierarchical pins to their respective flat pin(s). 'report_clocks -clocks' can be used to know the mapped flat pins for given clock. (File ../DFT/sdc/sys_top_DFT_capture.sdc, Line 48).

**WARN: (TCLCMD-1068):	One or more of the target pins given with create_clock/create_generated_clock for clock 'Rx_clk' are hierarchical pins. Tool has mapped these hierarchical pins to their respective flat pin(s). 'report_clocks -clocks' can be used to know the mapped flat pins for given clock. (File ../DFT/sdc/sys_top_DFT_capture.sdc, Line 51).

**WARN: (TCLCMD-1014):	The SDC set_operating_conditions assertion is not supported. Please use the create_delay_corner command to specify the desired operating enviroment. Use the setAnalysisMode command to control single vs. bestCase/worstCase vs. on-chip variation timing analysis. (File ../DFT/sdc/sys_top_DFT_scan.sdc, Line 12).

**WARN: (TCLCMD-1068):	One or more of the target pins given with create_clock/create_generated_clock for clock 'Gated_clk' are hierarchical pins. Tool has mapped these hierarchical pins to their respective flat pin(s). 'report_clocks -clocks' can be used to know the mapped flat pins for given clock. (File ../DFT/sdc/sys_top_DFT_scan.sdc, Line 45).

**WARN: (TCLCMD-1068):	One or more of the target pins given with create_clock/create_generated_clock for clock 'Tx_clk' are hierarchical pins. Tool has mapped these hierarchical pins to their respective flat pin(s). 'report_clocks -clocks' can be used to know the mapped flat pins for given clock. (File ../DFT/sdc/sys_top_DFT_scan.sdc, Line 48).

**WARN: (TCLCMD-1068):	One or more of the target pins given with create_clock/create_generated_clock for clock 'Rx_clk' are hierarchical pins. Tool has mapped these hierarchical pins to their respective flat pin(s). 'report_clocks -clocks' can be used to know the mapped flat pins for given clock. (File ../DFT/sdc/sys_top_DFT_scan.sdc, Line 51).

**WARN: (TCLCMD-1014):	The SDC set_operating_conditions assertion is not supported. Please use the create_delay_corner command to specify the desired operating enviroment. Use the setAnalysisMode command to control single vs. bestCase/worstCase vs. on-chip variation timing analysis. (File ../DFT/sdc/sys_top_DFT_func.sdc, Line 12).

**WARN: (TCLCMD-1068):	One or more of the target pins given with create_clock/create_generated_clock for clock 'Gated_clk' are hierarchical pins. Tool has mapped these hierarchical pins to their respective flat pin(s). 'report_clocks -clocks' can be used to know the mapped flat pins for given clock. (File ../DFT/sdc/sys_top_DFT_func.sdc, Line 45).

**WARN: (TCLCMD-1068):	One or more of the target pins given with create_clock/create_generated_clock for clock 'Tx_clk' are hierarchical pins. Tool has mapped these hierarchical pins to their respective flat pin(s). 'report_clocks -clocks' can be used to know the mapped flat pins for given clock. (File ../DFT/sdc/sys_top_DFT_func.sdc, Line 48).

**WARN: (TCLCMD-1068):	One or more of the target pins given with create_clock/create_generated_clock for clock 'Rx_clk' are hierarchical pins. Tool has mapped these hierarchical pins to their respective flat pin(s). 'report_clocks -clocks' can be used to know the mapped flat pins for given clock. (File ../DFT/sdc/sys_top_DFT_func.sdc, Line 51).

**WARN: (TCLCMD-1014):	The SDC set_operating_conditions assertion is not supported. Please use the create_delay_corner command to specify the desired operating enviroment. Use the setAnalysisMode command to control single vs. bestCase/worstCase vs. on-chip variation timing analysis. (File ../DFT/sdc/sys_top_DFT_capture.sdc, Line 12).

**WARN: (TCLCMD-1068):	One or more of the target pins given with create_clock/create_generated_clock for clock 'Gated_clk' are hierarchical pins. Tool has mapped these hierarchical pins to their respective flat pin(s). 'report_clocks -clocks' can be used to know the mapped flat pins for given clock. (File ../DFT/sdc/sys_top_DFT_capture.sdc, Line 45).

**WARN: (TCLCMD-1068):	One or more of the target pins given with create_clock/create_generated_clock for clock 'Tx_clk' are hierarchical pins. Tool has mapped these hierarchical pins to their respective flat pin(s). 'report_clocks -clocks' can be used to know the mapped flat pins for given clock. (File ../DFT/sdc/sys_top_DFT_capture.sdc, Line 48).

**WARN: (TCLCMD-1068):	One or more of the target pins given with create_clock/create_generated_clock for clock 'Rx_clk' are hierarchical pins. Tool has mapped these hierarchical pins to their respective flat pin(s). 'report_clocks -clocks' can be used to know the mapped flat pins for given clock. (File ../DFT/sdc/sys_top_DFT_capture.sdc, Line 51).

**WARN: (TCLCMD-1014):	The SDC set_operating_conditions assertion is not supported. Please use the create_delay_corner command to specify the desired operating enviroment. Use the setAnalysisMode command to control single vs. bestCase/worstCase vs. on-chip variation timing analysis. (File ../DFT/sdc/sys_top_DFT_scan.sdc, Line 12).

**WARN: (TCLCMD-1068):	One or more of the target pins given with create_clock/create_generated_clock for clock 'Gated_clk' are hierarchical pins. Tool has mapped these hierarchical pins to their respective flat pin(s). 'report_clocks -clocks' can be used to know the mapped flat pins for given clock. (File ../DFT/sdc/sys_top_DFT_scan.sdc, Line 45).

**WARN: (TCLCMD-1068):	One or more of the target pins given with create_clock/create_generated_clock for clock 'Tx_clk' are hierarchical pins. Tool has mapped these hierarchical pins to their respective flat pin(s). 'report_clocks -clocks' can be used to know the mapped flat pins for given clock. (File ../DFT/sdc/sys_top_DFT_scan.sdc, Line 48).

**WARN: (TCLCMD-1068):	One or more of the target pins given with create_clock/create_generated_clock for clock 'Rx_clk' are hierarchical pins. Tool has mapped these hierarchical pins to their respective flat pin(s). 'report_clocks -clocks' can be used to know the mapped flat pins for given clock. (File ../DFT/sdc/sys_top_DFT_scan.sdc, Line 51).

loading place ...
loading route ...
<CMD> verifyGeometry -noMinArea
 *** Starting Verify Geometry (MEM: 305.1) ***

  VERIFY GEOMETRY ...... Starting Verification
  VERIFY GEOMETRY ...... Initializing
  VERIFY GEOMETRY ...... Deleting Existing Violations
  VERIFY GEOMETRY ...... Creating Sub-Areas
                  ...... bin size: 8000
  VERIFY GEOMETRY ...... SubArea : 1 of 1
  VERIFY GEOMETRY ...... Cells          :  0 Viols.
  VERIFY GEOMETRY ...... SameNet        :  0 Viols.
  VERIFY GEOMETRY ...... Wiring         :  0 Viols.
  VERIFY GEOMETRY ...... Antenna        :  0 Viols.
  VERIFY GEOMETRY ...... Sub-Area : 1 complete 0 Viols. 0 Wrngs.
VG: elapsed time: 0.00
Begin Summary ...
  Cells       : 0
  SameNet     : 0
  Wiring      : 0
  Antenna     : 0
  Short       : 0
  Overlap     : 0
End Summary

  Verification Complete : 0 Viols.  0 Wrngs.

**********End: VERIFY GEOMETRY**********
 *** verify geometry (CPU: 0:00:00.0  MEM: 1.8M)

<CMD> verifyConnectivity -type all -noAntenna -error 1000 -warning 50

******** Start: VERIFY CONNECTIVITY ********
Start Time: Mon Oct  5 00:48:25 2026

Design Name: sys_top
Database Units: 2000
Design Boundary: (0.0000, 0.0000) (240.4700, 160.4700)
Error Limit = 1000; Warning Limit = 50
Check all nets
Net REF_CLK: Found a geometry with bounding box (-0.10,50.10) (0.10,50.30) outside design boundary.
Violations for such geometries will be reported.

Begin Summary 
  Found no problems or warnings.
End Summary

End Time: Mon Oct  5 00:48:25 2026
******** End: VERIFY CONNECTIVITY ********
  Verification Complete : 0 Viols.  0 Wrngs.
  (CPU Time: 0:00:00.0  MEM: 0.000M)

<CMD> placeDesign -inPlaceOpt -prePlaceOpt
*** Starting placeDesign concurrent flow ***
*** Start deleteBufferTree ***
Info: Detect buffers to remove automatically.
Analyzing netlist ...
Updating netlist
*summary: 4 instances (buffers/inverters) removed
*** Finish deleteBufferTree (0:00:00.1) ***
*** Starting "NanoPlace(TM) placement v0.845 (mem=306.4M)" ...
*** Build Buffered Sizing Timing Model (Used Compact Buffer Set) ...(cpu=0:00:03.1 mem=367.4M) ***
*** Build Virtual Sizing Timing Model
(cpu=0:00:03.7 mem=382.5M) ***
Options: timingDriven ignoreScan ignoreSpare pinGuide gpeffort=medium 
**WARN: (SOCDB-2082):	Scan chains were not defined, -ignoreScan option will be ignored. 
Please first define the scan chains before using this option.
**WARN: (SOCCTE-286):	Library scmetro_tsmc_cl013g_rvt_ss_1p08v_125c is not in the min library list.
**WARN: (SOCCTE-289):	set_driving_cell :  Use the cell in library scmetro_tsmc_cl013g_rvt_ss_1p08v_125c.
**WARN: (SOCCTE-286):	Library scmetro_tsmc_cl013g_rvt_ss_1p08v_125c is not in the min library list.
**WARN: (SOCCTE-289):	set_driving_cell :  Use the cell in library scmetro_tsmc_cl013g_rvt_ss_1p08v_125c.
**WARN: (SOCCTE-286):	Library scmetro_tsmc_cl013g_rvt_ss_1p08v_125c is not in the min library list.
**WARN: (SOCCTE-289):	set_driving_cell :  Use the cell in library scmetro_tsmc_cl013g_rvt_ss_1p08v_125c.
**WARN: (SOCCTE-286):	Library scmetro_tsmc_cl013g_rvt_ss_1p08v_125c is not in the min library list.
**WARN: (SOCCTE-289):	set_driving_cell :  Use the cell in library scmetro_tsmc_cl013g_rvt_ss_1p08v_125c.
**WARN: (SOCCTE-286):	Library scmetro_tsmc_cl013g_rvt_ss_1p08v_125c is not in the min library list.
**WARN: (SOCCTE-289):	set_driving_cell :  Use the cell in library scmetro_tsmc_cl013g_rvt_ss_1p08v_125c.
**WARN: (SOCCTE-286):	Library scmetro_tsmc_cl013g_rvt_ss_1p08v_125c is not in the min library list.
**WARN: (SOCCTE-289):	set_driving_cell :  Use the cell in library scmetro_tsmc_cl013g_rvt_ss_1p08v_125c.
**WARN: (SOCCTE-286):	Library scmetro_tsmc_cl013g_rvt_ss_1p08v_125c is not in the min library list.
**WARN: (SOCCTE-289):	set_driving_cell :  Use the cell in library scmetro_tsmc_cl013g_rvt_ss_1p08v_125c.
**WARN: (SOCCTE-286):	Library scmetro_tsmc_cl013g_rvt_ss_1p08v_125c is not in the min library list.
**WARN: (SOCCTE-289):	set_driving_cell :  Use the cell in library scmetro_tsmc_cl013g_rvt_ss_1p08v_125c.
**WARN: (SOCCTE-286):	Library scmetro_tsmc_cl013g_rvt_ss_1p08v_125c is not in the min library list.
**WARN: (SOCCTE-289):	set_driving_cell :  Use the cell in library scmetro_tsmc_cl013g_rvt_ss_1p08v_125c.
**WARN: (SOCCTE-286):	Library scmetro_tsmc_cl013g_rvt_ss_1p08v_125c is not in the min library list.
**WARN: (SOCCTE-289):	set_driving_cell :  Use the cell in library scmetro_tsmc_cl013g_rvt_ss_1p08v_125c.
**WARN: (SOCCTE-286):	Library scmetro_tsmc_cl013g_rvt_ss_1p08v_125c is not in the min library list.
**WARN: (SOCCTE-289):	set_driving_cell :  Use the cell in library scmetro_tsmc_cl013g_rvt_ss_1p08v_125c.
**WARN: (SOCCTE-286):	Library scmetro_tsmc_cl013g_rvt_ss_1p08v_125c is not in the min library list.
**WARN: (SOCCTE-289):	set_driving_cell :  Use the cell in library scmetro_tsmc_cl013g_rvt_ss_1p08v_125c.
**WARN: (SOCCTE-286):	Library scmetro_tsmc_cl013g_rvt_ss_1p08v_125c is not in the min library list.
**WARN: (SOCCTE-289):	set_driving_cell :  Use the cell in library scmetro_tsmc_cl013g_rvt_ss_1p08v_125c.
**WARN: (SOCCTE-286):	Library scmetro_tsmc_cl013g_rvt_ss_1p08v_125c is not in the min library list.
**WARN: (SOCCTE-289):	set_driving_cell :  Use the cell in library scmetro_tsmc_cl013g_rvt_ss_1p08v_125c.
**WARN: (SOCCTE-286):	Library scmetro_tsmc_cl013g_rvt_ss_1p08v_125c is not in the min library list.
**WARN: (SOCCTE-289):	set_driving_cell :  Use the cell in library scmetro_tsmc_cl013g_rvt_ss_1p08v_125c.
**WARN: (SOCCTE-286):	Library scmetro_tsmc_cl013g_rvt_ss_1p08v_125c is not in the min library list.
**WARN: (SOCCTE-289):	set_driving_cell :  Use the cell in library scmetro_tsmc_cl013g_rvt_ss_1p08v_125c.
**WARN: (SOCCTE-286):	Library scmetro_tsmc_cl013g_rvt_ss_1p08v_125c is not in the min library list.
**WARN: (SOCCTE-289):	set_driving_cell :  Use the cell in library scmetro_tsmc_cl013g_rvt_ss_1p08v_125c.
**WARN: (SOCCTE-286):	Library scmetro_tsmc_cl013g_rvt_ss_1p08v_125c is not in the min library list.
**WARN: (SOCCTE-289):	set_driving_cell :  Use the cell in library scmetro_tsmc_cl013g_rvt_ss_1p08v_125c.
**WARN: (SOCCTE-286):	Library scmetro_tsmc_cl013g_rvt_ss_1p08v_125c is not in the min library list.
**WARN: (SOCCTE-289):	set_driving_cell :  Use the cell in library scmetro_tsmc_cl013g_rvt_ss_1p08v_125c.
**WARN: (SOCCTE-286):	Library scmetro_tsmc_cl013g_rvt_ss_1p08v_125c is not in the min library list.
**WARN: (SOCCTE-289):	set_driving_cell :  Use the cell in library scmetro_tsmc_cl013g_rvt_ss_1p08v_125c.
#std cell=1846 #block=0 (0 floating + 0 preplaced) #ioInst=0 #net=1899 #term=7752 #term/net=4.08, #fixedIo=0, #floatIo=0, #fixedPin=19, #floatPin=0
stdCell: 1846 single + 0 double + 0 multi
Total standard cell length = 7.6067 (mm), area = 0.0218 (mm^2)
Average module density = 0.654.
Density for the design = 0.654.
       = stdcell_area 18553 (21831 um^2) / alloc_area 28356 (33367 um^2).
Pin Density = 0.418.
            = total # of pins 7752 / total Instance area 18553.
Iteration  1: Total net bbox = 5.345e+03 (4.16e+03 1.18e+03)
              Est.  stn bbox = 5.345e+03 (4.16e+03 1.18e+03)
              cpu = 0:00:00.0 real = 0:00:00.0 mem = 387.6M
Iteration  2: Total net bbox = 5.345e+03 (4.16e+03 1.18e+03)
              Est.  stn bbox = 5.345e+03 (4.16e+03 1.18e+03)
              cpu = 0:00:00.0 real = 0:00:00.0 mem = 387.6M
Iteration  3: Total net bbox = 5.447e+03 (3.99e+03 1.46e+03)
              Est.  stn bbox = 5.447e+03 (3.99e+03 1.46e+03)
              cpu = 0:00:00.0 real = 0:00:00.0 mem = 387.6M
Iteration  4: Total net bbox = 3.122e+04 (1.85e+04 1.27e+04)
              Est.  stn bbox = 3.122e+04 (1.85e+04 1.27e+04)
              cpu = 0:00:00.3 real = 0:00:00.0 mem = 387.6M
Iteration  5: Total net bbox = 3.825e+04 (1.88e+04 1.95e+04)
              Est.  stn bbox = 3.825e+04 (1.88e+04 1.95e+04)
              cpu = 0:00:00.3 real = 0:00:00.0 mem = 387.6M
Iteration  6: Total net bbox = 4.275e+04 (2.29e+04 1.99e+04)
              Est.  stn bbox = 4.275e+04 (2.29e+04 1.99e+04)
              cpu = 0:00:00.2 real = 0:00:01.0 mem = 387.7M
Iteration  7: Total net bbox = 4.411e+04 (2.42e+04 1.99e+04)
              Est.  stn bbox = 5.714e+04 (3.14e+04 2.57e+04)
              cpu = 0:00:00.9 real = 0:00:01.0 mem = 387.0M
Iteration  8: Total net bbox = 4.411e+04 (2.42e+04 1.99e+04)
              Est.  stn bbox = 5.714e+04 (3.14e+04 2.57e+04)
              cpu = 0:00:00.3 real = 0:00:00.0 mem = 387.4M
Iteration  9: Total net bbox = 4.599e+04 (2.46e+04 2.14e+04)
              Est.  stn bbox = 4.599e+04 (2.46e+04 2.14e+04)
              cpu = 0:00:00.2 real = 0:00:00.0 mem = 388.3M
Iteration 10: Total net bbox = 4.832e+04 (2.69e+04 2.14e+04)
              Est.  stn bbox = 6.146e+04 (3.41e+04 2.73e+04)
              cpu = 0:00:00.6 real = 0:00:00.0 mem = 388.3M
Iteration 11: Total net bbox = 5.179e+04 (3.04e+04 2.14e+04)
              Est.  stn bbox = 6.503e+04 (3.77e+04 2.73e+04)
              cpu = 0:00:00.0 real = 0:00:00.0 mem = 388.3M
*** cost = 5.179e+04 (3.04e+04 2.14e+04) (cpu for global=0:00:01.8) real=0:00:01.0***
Core Placement runtime cpu: 0:00:01.5 real: 0:00:01.0
Starting refinePlace ...
Placement tweakage begins.
wire length = 5.175e+04 = 3.029e+04 H + 2.146e+04 V
wire length = 4.668e+04 = 2.535e+04 H + 2.133e+04 V
Placement tweakage ends.
Statistics of distance of Instance movement in detailed placement:
  maximum (X+Y) =        25.42 um
  inst (U2232) with max move: (88.15, 129.56) -> (65.6, 132.43)
  mean    (X+Y) =         5.36 um
Total instances flipped : 45
Total instances moved : 974
*** cpu=0:00:00.0   mem=387.7M  mem(used)=0.0M***
Total net length = 4.672e+04 (2.537e+04 2.135e+04) (ext = 2.520e+03)
*** End of Placement (cpu=0:00:06.0, real=0:00:06.0, mem=387.7M) ***
default core: bins with density >  0.75 = 20.8 % ( 10 / 48 )
*** Free Virtual Timing Model ...(mem=387.7M)
Starting IO pin assignment...
**WARN: (SOCSP-9025):	No scan chain specified/traced.
setAnalysisMode  -domain allClockDomain -checkType setup -skew true -usefulSkew false -log true -warn true -caseAnalysis true -sequentialConstProp false -moduleIOCstr true -clockPropagation forcedIdeal -clkSrcPath false -timingSelfLoopsNoSkew false -asyncChecks async -useOutputPinCap true -latch true -latchDelayCalIteration 2 -timeBorrowing true -latchFullDelayCal false -clockGatingCheck true -enableMultipleDriveNet true -analysisType bcWc -cppr false -clkNetsMarking beforeConstProp -honorVirtualPartition false -honorClockDomains true
**optDesign ... cpu = 0:00:00, real = 0:00:00, mem = 387.7M **
Added -handlePreroute to trialRouteMode
*** optDesign -preCTS ***
DRC Margin: user margin 0.0; extra margin 0.2
Setup Target Slack: user slack 0.0; extra slack 0.1
Hold Target Slack: user slack 0.0
*info: Setting setup target slack to 0.100
*info: Hold target slack is 0.000
*** CTE mode ***
*** Starting trialRoute (mem=387.7M) ***

There are 0 pin guide points passed to trialRoute.
Options:  -handlePreroute -noPinGuide

Nr of prerouted/Fixed nets = 0
routingBox: (0 0) (480940 320940)
coreBox:    (12300 12300) (468940 308940)
Number of multi-gpin terms=129, multi-gpins=264, moved blk term=0/0

Phase 1a route (0:00:00.0 387.7M):
Est net length = 6.081e+04um = 3.174e+04H + 2.907e+04V
Usage: (16.7%H 18.5%V) = (3.754e+04um 4.792e+04um) = (18232 16696)
Obstruct: 0 = 0 (0.0%H) + 0 (0.0%V)
Overflow: 2 = 0 (0.00% H) + 2 (0.04% V)

Phase 1b route (0:00:00.0 387.7M):
Usage: (16.6%H 18.5%V) = (3.740e+04um 4.791e+04um) = (18163 16695)
Overflow: 2 = 0 (0.00% H) + 2 (0.04% V)

Phase 1c route (0:00:00.0 387.7M):
Usage: (16.6%H 18.5%V) = (3.731e+04um 4.784e+04um) = (18121 16669)
Overflow: 2 = 0 (0.00% H) + 2 (0.04% V)

Phase 1d route (0:00:00.0 387.7M):
Usage: (16.6%H 18.5%V) = (3.731e+04um 4.784e+04um) = (18122 16669)
Overflow: 2 = 0 (0.00% H) + 2 (0.04% V)

Phase 1e route (0:00:00.0 387.7M):
Usage: (16.6%H 18.5%V) = (3.732e+04um 4.784e+04um) = (18124 16670)
Overflow: 2 = 0 (0.00% H) + 2 (0.03% V)

Phase 1f route (0:00:00.0 387.7M):
Usage: (16.6%H 18.5%V) = (3.732e+04um 4.785e+04um) = (18126 16671)
Overflow: 0 = 0 (0.00% H) + 0 (0.00% V)

Congestion distribution:

Remain	cntH		cntV
--------------------------------------
--------------------------------------
  0:	0	 0.00%	12	 0.19%
  1:	0	 0.00%	23	 0.36%
  2:	0	 0.00%	28	 0.44%
  3:	0	 0.00%	72	 1.14%
  4:	0	 0.00%	119	 1.88%
  5:	0	 0.00%	126	 1.99%
  6:	4	 0.06%	133	 2.10%
  7:	12	 0.19%	215	 3.40%
  8:	28	 0.44%	200	 3.16%
  9:	59	 0.93%	345	 5.45%
 10:	254	 4.02%	540	 8.54%
 11:	326	 5.15%	763	12.06%
 12:	674	10.66%	957	15.13%
 13:	843	13.33%	994	15.72%
 14:	1154	18.25%	806	12.74%
 15:	1130	17.87%	852	13.47%
 16:	846	13.38%	14	 0.22%
 17:	649	10.26%	5	 0.08%
 18:	231	 3.65%	11	 0.17%
 19:	0	 0.00%	52	 0.82%
 20:	115	 1.82%	58	 0.92%



*** Memory Usage v0.144 (Current mem = 387.672M, initial mem = 62.238M) ***
Phase 1l route (0:00:00.0 387.7M):


*** After '-updateRemainTrks' operation: 

Usage: (17.3%H 19.3%V) = (3.890e+04um 5.001e+04um) = (18885 17425)
Overflow: 20 = 0 (0.00% H) + 20 (0.32% V)

Congestion distribution:

Remain	cntH		cntV
--------------------------------------
 -4:	0	 0.00%	1	 0.02%
 -3:	0	 0.00%	2	 0.03%
 -2:	0	 0.00%	6	 0.09%
 -1:	0	 0.00%	6	 0.09%
--------------------------------------
  0:	0	 0.00%	15	 0.24%
  1:	0	 0.00%	31	 0.49%
  2:	0	 0.00%	36	 0.57%
  3:	0	 0.00%	68	 1.08%
  4:	0	 0.00%	133	 2.10%
  5:	0	 0.00%	131	 2.07%
  6:	9	 0.14%	147	 2.32%
  7:	15	 0.24%	225	 3.56%
  8:	43	 0.68%	223	 3.53%
  9:	84	 1.33%	342	 5.41%
 10:	281	 4.44%	541	 8.55%
 11:	342	 5.41%	720	11.38%
 12:	718	11.35%	947	14.97%
 13:	872	13.79%	966	15.27%
 14:	1106	17.49%	794	12.55%
 15:	1067	16.87%	851	13.45%
 16:	827	13.08%	14	 0.22%
 17:	622	 9.83%	5	 0.08%
 18:	224	 3.54%	11	 0.17%
 19:	0	 0.00%	52	 0.82%
 20:	115	 1.82%	58	 0.92%



*** Completed Phase 1 route (0:00:00.1 387.7M) ***


Total length: 6.317e+04um, number of vias: 16625
M1(H) length: 4.258e+00um, number of vias: 7733
M2(V) length: 2.072e+04um, number of vias: 7020
M3(H) length: 2.712e+04um, number of vias: 1348
M4(V) length: 9.678e+03um, number of vias: 396
M5(H) length: 4.446e+03um, number of vias: 128
M6(V) length: 1.203e+03um, number of vias: 0
M7(H) length: 0.000e+00um
*** Completed Phase 2 route (0:00:00.0 387.7M) ***

*** Finished all Phases (cpu=0:00:00.1 mem=387.7M) ***
Peak Memory Usage was 387.7M 
*** Finished trialRoute (cpu=0:00:00.1 mem=387.7M) ***

Default RC Extraction called for design sys_top.
RC Extraction called in multi-corner(1) mode.
RCMode: Default
      RC Corner Indexes            0   
Capacitance Scaling Factor   : 1.00000 
Coupling Cap. Scaling Factor : 1.00000 
Resistance Scaling Factor    : 1.00000 
Shrink Factor                : 1.00000
Default RC extraction is honoring NDR/Shielding/ExtraSpace for clock nets.
Using detail cap. scale factor for clock nets.
Initializing multi-corner capacitance tables ... 
Initializing multi-corner resistance tables ...
Default RC Extraction DONE (CPU Time: 0:00:00.0  Real Time: 0:00:00.0  MEM: 387.672M)
Calculate delays in BcWc mode...
Topological Sorting (CPU = 0:00:00.0, MEM = 387.7M)
Number of Loop : 0
Start delay calculation (mem=387.672M)...
Delay calculation completed.
(0:00:00.1 387.672M 0)
Calculate delays in BcWc mode...
Topological Sorting (CPU = 0:00:00.0, MEM = 387.7M)
Number of Loop : 0
Start delay calculation (mem=387.672M)...
Delay calculation completed.
(0:00:00.1 387.672M 0)
Calculate delays in BcWc mode...
Topological Sorting (CPU = 0:00:00.0, MEM = 387.7M)
Number of Loop : 0
Start delay calculation (mem=387.672M)...
Delay calculation completed.
(0:00:00.1 387.672M 0)
*** CDM Built up (cpu=0:00:00.3  mem= 387.7M) ***
*info: Start fixing DRV (Mem = 387.67M) ...
*info: Options = -maxCap -maxTran -noMaxFanout -sensitivity -backward -reduceBuffer -maxIter 1
*info: Start fixing DRV iteration 1 ...
*** Starting dpFixDRCViolation (387.7M)
*info: 12 clock nets excluded
*info: 2 special nets excluded.
*info: 2 no-driver nets excluded.
*** Starting multi-driver net buffering ***
*summary: 0 non-ignored multi-driver nets.
*** Finished buffering multi-driver nets (CPU=0:00:00.0, MEM=387.7M) ***
*info: There are 80 candidate Buffer cells
*info: There are 80 candidate Inverter cells
Initializing placement sections/sites ...
Density before buffering = 0.654288
Start fixing design rules ... (0:00:00.0 387.7M)
Done fixing design rule (0:00:01.0 387.7M)

Summary:
16 buffers added on 15 nets (with 78 drivers resized)

Density after buffering = 0.657356
*** Completed dpFixDRCViolation (0:00:01.0 387.7M)

*** Starting trialRoute (mem=387.7M) ***

There are 0 pin guide points passed to trialRoute.
Options:  -handlePreroute -keepMarkedOptRoutes -noPinGuide

Nr of prerouted/Fixed nets = 0
routingBox: (0 0) (480940 320940)
coreBox:    (12300 12300) (468940 308940)
Number of multi-gpin terms=134, multi-gpins=274, moved blk term=0/0

Phase 1a route (0:00:00.0 387.7M):
Est net length = 6.082e+04um = 3.173e+04H + 2.908e+04V
Usage: (16.7%H 18.6%V) = (3.757e+04um 4.802e+04um) = (18246 16733)
Obstruct: 0 = 0 (0.0%H) + 0 (0.0%V)
Overflow: 2 = 0 (0.00% H) + 2 (0.04% V)

Phase 1b route (0:00:00.0 387.7M):
Usage: (16.6%H 18.6%V) = (3.742e+04um 4.802e+04um) = (18176 16732)
Overflow: 2 = 0 (0.00% H) + 2 (0.04% V)

Phase 1c route (0:00:00.0 387.7M):
Usage: (16.6%H 18.5%V) = (3.734e+04um 4.796e+04um) = (18134 16710)
Overflow: 2 = 0 (0.00% H) + 2 (0.04% V)

Phase 1d route (0:00:00.0 387.7M):
Usage: (16.6%H 18.5%V) = (3.734e+04um 4.796e+04um) = (18135 16710)
Overflow: 2 = 0 (0.00% H) + 2 (0.04% V)

Phase 1e route (0:00:00.0 387.7M):
Usage: (16.6%H 18.5%V) = (3.734e+04um 4.796e+04um) = (18137 16711)
Overflow: 2 = 0 (0.00% H) + 2 (0.03% V)

Phase 1f route (0:00:00.0 387.7M):
Usage: (16.6%H 18.5%V) = (3.735e+04um 4.796e+04um) = (18139 16712)
Overflow: 0 = 0 (0.00% H) + 0 (0.00% V)

Congestion distribution:

Remain	cntH		cntV
--------------------------------------
--------------------------------------
  0:	0	 0.00%	12	 0.19%
  1:	0	 0.00%	24	 0.38%
  2:	0	 0.00%	29	 0.46%
  3:	0	 0.00%	69	 1.09%
  4:	0	 0.00%	122	 1.93%
  5:	0	 0.00%	127	 2.01%
  6:	5	 0.08%	131	 2.07%
  7:	13	 0.21%	210	 3.32%
  8:	23	 0.36%	204	 3.23%
  9:	59	 0.93%	350	 5.53%
 10:	254	 4.02%	541	 8.55%
 11:	306	 4.84%	764	12.08%
 12:	684	10.81%	963	15.23%
 13:	863	13.64%	984	15.56%
 14:	1140	18.02%	805	12.73%
 15:	1156	18.28%	851	13.45%
 16:	856	13.53%	13	 0.21%
 17:	627	 9.91%	5	 0.08%
 18:	224	 3.54%	11	 0.17%
 19:	0	 0.00%	52	 0.82%
 20:	115	 1.82%	58	 0.92%


Using detail cap. scale factor for clock nets.
Initializing multi-corner capacitance tables ... 
Initializing multi-corner resistance tables ...

*** Memory Usage v0.144 (Current mem = 387.672M, initial mem = 62.238M) ***
Phase 1l route (0:00:00.1 387.7M):


*** After '-updateRemainTrks' operation: 

Usage: (17.3%H 19.4%V) = (3.891e+04um 5.010e+04um) = (18891 17455)
Overflow: 20 = 0 (0.00% H) + 20 (0.32% V)

Congestion distribution:

Remain	cntH		cntV
--------------------------------------
 -4:	0	 0.00%	1	 0.02%
 -3:	0	 0.00%	2	 0.03%
 -2:	0	 0.00%	6	 0.09%
 -1:	0	 0.00%	6	 0.09%
--------------------------------------
  0:	0	 0.00%	17	 0.27%
  1:	0	 0.00%	31	 0.49%
  2:	0	 0.00%	36	 0.57%
  3:	0	 0.00%	67	 1.06%
  4:	0	 0.00%	131	 2.07%
  5:	1	 0.02%	133	 2.10%
  6:	9	 0.14%	146	 2.31%
  7:	19	 0.30%	231	 3.65%
  8:	32	 0.51%	213	 3.37%
  9:	86	 1.36%	349	 5.52%
 10:	278	 4.40%	540	 8.54%
 11:	328	 5.19%	721	11.40%
 12:	729	11.53%	954	15.08%
 13:	883	13.96%	957	15.13%
 14:	1101	17.41%	794	12.55%
 15:	1089	17.22%	851	13.45%
 16:	836	13.22%	13	 0.21%
 17:	600	 9.49%	5	 0.08%
 18:	219	 3.46%	11	 0.17%
 19:	0	 0.00%	52	 0.82%
 20:	115	 1.82%	58	 0.92%



*** Completed Phase 1 route (0:00:00.1 387.7M) ***


Total length: 6.315e+04um, number of vias: 16673
M1(H) length: 3.690e+00um, number of vias: 7765
M2(V) length: 2.074e+04um, number of vias: 7043
M3(H) length: 2.722e+04um, number of vias: 1348
M4(V) length: 9.644e+03um, number of vias: 386
M5(H) length: 4.323e+03um, number of vias: 131
M6(V) length: 1.221e+03um, number of vias: 0
M7(H) length: 0.000e+00um
*** Completed Phase 2 route (0:00:00.0 387.7M) ***

*** Finished all Phases (cpu=0:00:00.1 mem=387.7M) ***
Peak Memory Usage was 387.7M 
*** Finished trialRoute (cpu=0:00:00.1 mem=387.7M) ***

Default RC Extraction called for design sys_top.
RC Extraction called in multi-corner(1) mode.
RCMode: Default
      RC Corner Indexes            0   
Capacitance Scaling Factor   : 1.00000 
Coupling Cap. Scaling Factor : 1.00000 
Resistance Scaling Factor    : 1.00000 
Shrink Factor                : 1.00000
Default RC extraction is honoring NDR/Shielding/ExtraSpace for clock nets.
Using detail cap. scale factor for clock nets.
Initializing multi-corner capacitance tables ... 
Initializing multi-corner resistance tables ...
Default RC Extraction DONE (CPU Time: 0:00:00.0  Real Time: 0:00:01.0  MEM: 387.672M)
Calculate delays in BcWc mode...
Topological Sorting (CPU = 0:00:00.0, MEM = 387.7M)
Number of Loop : 0
Start delay calculation (mem=387.672M)...
Delay calculation completed.
(0:00:00.1 387.672M 0)
Calculate delays in BcWc mode...
Topological Sorting (CPU = 0:00:00.0, MEM = 387.7M)
Number of Loop : 0
Start delay calculation (mem=387.672M)...
Delay calculation completed.
(0:00:00.1 387.672M 0)
Calculate delays in BcWc mode...
Topological Sorting (CPU = 0:00:00.0, MEM = 387.7M)
Number of Loop : 0
Start delay calculation (mem=387.672M)...
Delay calculation completed.
(0:00:00.1 387.672M 0)
*** CDM Built up (cpu=0:00:00.3  mem= 387.7M) ***
*info: DRV Fixing Iteration 1.
*info: Remaining violations:
*info:   Max cap violations:    0
*info:   Max tran violations:   0
*info:   Prev Max cap violations:    33
*info:   Prev Max tran violations:   1335
*info:
*info: Completed fixing DRV (CPU Time = 0:00:02, Mem = 387.67M).
**optDesign ... cpu = 0:00:02, real = 0:00:02, mem = 387.7M **
*** Starting optFanout (387.7M)
*info: 12 clock nets excluded
*info: 2 special nets excluded.
*info: 2 no-driver nets excluded.
*** Starting multi-driver net buffering ***
*summary: 0 non-ignored multi-driver nets.
*** Finished buffering multi-driver nets (CPU=0:00:00.0, MEM=387.7M) ***
Start fixing timing ... (0:00:00.0 387.7M)

Start clock batches slack = -2.895ns
End batches slack = -2.500ns
*info: Buffered 0 large fanout net (> 100 terms)
Done fixing timing (0:00:00.2 387.7M)

Summary:
9 buffers added on 9 nets (with 6 drivers resized)

Density after buffering = 0.661694
*** Completed optFanout (0:00:00.3 387.7M)

*** Starting trialRoute (mem=387.7M) ***

There are 0 pin guide points passed to trialRoute.
Options:  -handlePreroute -keepMarkedOptRoutes -noPinGuide

Nr of prerouted/Fixed nets = 0
routingBox: (0 0) (480940 320940)
coreBox:    (12300 12300) (468940 308940)
Number of multi-gpin terms=146, multi-gpins=298, moved blk term=0/0

Phase 1a route (0:00:00.0 387.7M):
Est net length = 6.082e+04um = 3.174e+04H + 2.907e+04V
Usage: (16.7%H 18.6%V) = (3.758e+04um 4.806e+04um) = (18252 16747)
Obstruct: 0 = 0 (0.0%H) + 0 (0.0%V)
Overflow: 2 = 0 (0.00% H) + 2 (0.04% V)

Phase 1b route (0:00:00.0 387.7M):
Usage: (16.6%H 18.6%V) = (3.744e+04um 4.806e+04um) = (18183 16746)
Overflow: 2 = 0 (0.00% H) + 2 (0.04% V)

Phase 1c route (0:00:00.0 387.7M):
Usage: (16.6%H 18.6%V) = (3.735e+04um 4.800e+04um) = (18141 16723)
Overflow: 2 = 0 (0.00% H) + 2 (0.04% V)

Phase 1d route (0:00:00.0 387.7M):
Usage: (16.6%H 18.6%V) = (3.735e+04um 4.800e+04um) = (18142 16723)
Overflow: 2 = 0 (0.00% H) + 2 (0.04% V)

Phase 1e route (0:00:00.0 387.7M):
Usage: (16.6%H 18.6%V) = (3.736e+04um 4.800e+04um) = (18144 16724)
Overflow: 2 = 0 (0.00% H) + 2 (0.03% V)

Phase 1f route (0:00:00.0 387.7M):
Usage: (16.6%H 18.6%V) = (3.736e+04um 4.800e+04um) = (18146 16725)
Overflow: 0 = 0 (0.00% H) + 0 (0.00% V)

Congestion distribution:

Remain	cntH		cntV
--------------------------------------
--------------------------------------
  0:	0	 0.00%	12	 0.19%
  1:	0	 0.00%	24	 0.38%
  2:	0	 0.00%	30	 0.47%
  3:	0	 0.00%	69	 1.09%
  4:	0	 0.00%	121	 1.91%
  5:	0	 0.00%	127	 2.01%
  6:	5	 0.08%	128	 2.02%
  7:	13	 0.21%	214	 3.38%
  8:	23	 0.36%	210	 3.32%
  9:	59	 0.93%	346	 5.47%
 10:	251	 3.97%	542	 8.57%
 11:	307	 4.85%	763	12.06%
 12:	684	10.81%	960	15.18%
 13:	862	13.63%	981	15.51%
 14:	1155	18.26%	807	12.76%
 15:	1149	18.17%	852	13.47%
 16:	851	13.45%	13	 0.21%
 17:	627	 9.91%	5	 0.08%
 18:	224	 3.54%	11	 0.17%
 19:	0	 0.00%	52	 0.82%
 20:	115	 1.82%	58	 0.92%


Using detail cap. scale factor for clock nets.
Initializing multi-corner capacitance tables ... 
Initializing multi-corner resistance tables ...

*** Memory Usage v0.144 (Current mem = 387.672M, initial mem = 62.238M) ***
Phase 1l route (0:00:00.1 387.7M):


*** After '-updateRemainTrks' operation: 

Usage: (17.3%H 19.4%V) = (3.893e+04um 5.011e+04um) = (18900 17460)
Overflow: 20 = 0 (0.00% H) + 20 (0.32% V)

Congestion distribution:

Remain	cntH		cntV
--------------------------------------
 -4:	0	 0.00%	1	 0.02%
 -3:	0	 0.00%	2	 0.03%
 -2:	0	 0.00%	6	 0.09%
 -1:	0	 0.00%	6	 0.09%
--------------------------------------
  0:	0	 0.00%	17	 0.27%
  1:	0	 0.00%	31	 0.49%
  2:	0	 0.00%	37	 0.58%
  3:	0	 0.00%	68	 1.08%
  4:	0	 0.00%	126	 1.99%
  5:	1	 0.02%	135	 2.13%
  6:	9	 0.14%	145	 2.29%
  7:	19	 0.30%	241	 3.81%
  8:	31	 0.49%	207	 3.27%
  9:	85	 1.34%	352	 5.57%
 10:	275	 4.35%	534	 8.44%
 11:	332	 5.25%	724	11.45%
 12:	733	11.59%	951	15.04%
 13:	883	13.96%	952	15.05%
 14:	1107	17.50%	799	12.63%
 15:	1084	17.14%	852	13.47%
 16:	830	13.12%	13	 0.21%
 17:	603	 9.53%	5	 0.08%
 18:	218	 3.45%	11	 0.17%
 19:	0	 0.00%	52	 0.82%
 20:	115	 1.82%	58	 0.92%



*** Completed Phase 1 route (0:00:00.1 387.7M) ***


Total length: 6.314e+04um, number of vias: 16695
M1(H) length: 3.690e+00um, number of vias: 7783
M2(V) length: 2.060e+04um, number of vias: 7042
M3(H) length: 2.718e+04um, number of vias: 1352
M4(V) length: 9.737e+03um, number of vias: 387
M5(H) length: 4.398e+03um, number of vias: 131
M6(V) length: 1.228e+03um, number of vias: 0
M7(H) length: 0.000e+00um
*** Completed Phase 2 route (0:00:00.0 387.7M) ***

*** Finished all Phases (cpu=0:00:00.1 mem=387.7M) ***
Peak Memory Usage was 387.7M 
*** Finished trialRoute (cpu=0:00:00.2 mem=387.7M) ***

Default RC Extraction called for design sys_top.
RC Extraction called in multi-corner(1) mode.
RCMode: Default
      RC Corner Indexes            0   
Capacitance Scaling Factor   : 1.00000 
Coupling Cap. Scaling Factor : 1.00000 
Resistance Scaling Factor    : 1.00000 
Shrink Factor                : 1.00000
Default RC extraction is honoring NDR/Shielding/ExtraSpace for clock nets.
Using detail cap. scale factor for clock nets.
Initializing multi-corner capacitance tables ... 
Initializing multi-corner resistance tables ...
Default RC Extraction DONE (CPU Time: 0:00:00.0  Real Time: 0:00:00.0  MEM: 387.672M)
Calculate delays in BcWc mode...
Topological Sorting (CPU = 0:00:00.0, MEM = 387.7M)
Number of Loop : 0
Start delay calculation (mem=387.672M)...
Delay calculation completed.
(0:00:00.1 387.672M 0)
Calculate delays in BcWc mode...
Topological Sorting (CPU = 0:00:00.0, MEM = 387.7M)
Number of Loop : 0
Start delay calculation (mem=387.672M)...
Delay calculation completed.
(0:00:00.1 387.672M 0)
Calculate delays in BcWc mode...
Topological Sorting (CPU = 0:00:00.0, MEM = 387.7M)
Number of Loop : 0
Start delay calculation (mem=387.672M)...
Delay calculation completed.
(0:00:00.1 387.672M 0)
*** CDM Built up (cpu=0:00:00.3  mem= 387.7M) ***
**optDesign ... cpu = 0:00:03, real = 0:00:03, mem = 387.7M **
*** Timing NOT met, worst failing slack is -2.607
*** Check timing (0:00:00.0)
************ Recovering area ***************
Info: 12 clock nets excluded from IPO operation.
*** Starting Area Reclaim ***
** Density before area reclaim = 66.169% **

*** starting 1-st reclaim pass: 1507 instances 
*** starting 2-nd reclaim pass: 301 instances 
*** starting 3-rd reclaim pass: 195 instances 
*** starting 4-th reclaim pass: 29 instances 


** Area Reclaim Summary: Buffer Deletion = 0 Declone = 0 Downsize = 123 **
** Density Change = 0.187% **
** Density after area reclaim = 65.983% **
*** Finished Area Reclaim (0:00:00.9) ***
*** Starting sequential cell resizing ***
density before resizing = 65.983%
*summary:      4 instances changed cell type
density after resizing = 66.025%
*** Finish sequential cell resizing (cpu=0:00:00.2 mem=387.7M) ***
density before resizing = 66.025%
* summary of transition time violation fixes:
*summary:      6 instances changed cell type
density after resizing = 66.057%
*** Starting trialRoute (mem=387.7M) ***

There are 0 pin guide points passed to trialRoute.
Options:  -handlePreroute -keepMarkedOptRoutes -noPinGuide

Nr of prerouted/Fixed nets = 0
routingBox: (0 0) (480940 320940)
coreBox:    (12300 12300) (468940 308940)
Number of multi-gpin terms=154, multi-gpins=314, moved blk term=0/0

Phase 1a route (0:00:00.0 387.7M):
Est net length = 6.083e+04um = 3.175e+04H + 2.908e+04V
Usage: (16.7%H 18.6%V) = (3.760e+04um 4.809e+04um) = (18259 16756)
Obstruct: 0 = 0 (0.0%H) + 0 (0.0%V)
Overflow: 2 = 0 (0.00% H) + 2 (0.04% V)

Phase 1b route (0:00:00.0 387.7M):
Usage: (16.6%H 18.6%V) = (3.746e+04um 4.809e+04um) = (18192 16755)
Overflow: 2 = 0 (0.00% H) + 2 (0.04% V)

Phase 1c route (0:00:00.0 387.7M):
Usage: (16.6%H 18.6%V) = (3.737e+04um 4.802e+04um) = (18148 16730)
Overflow: 2 = 0 (0.00% H) + 2 (0.04% V)

Phase 1d route (0:00:00.0 387.7M):
Usage: (16.6%H 18.6%V) = (3.737e+04um 4.802e+04um) = (18149 16730)
Overflow: 2 = 0 (0.00% H) + 2 (0.04% V)

Phase 1e route (0:00:00.0 387.7M):
Usage: (16.6%H 18.6%V) = (3.737e+04um 4.802e+04um) = (18151 16731)
Overflow: 2 = 0 (0.00% H) + 2 (0.03% V)

Phase 1f route (0:00:00.0 387.7M):
Usage: (16.6%H 18.6%V) = (3.738e+04um 4.802e+04um) = (18153 16732)
Overflow: 0 = 0 (0.00% H) + 0 (0.00% V)

Congestion distribution:

Remain	cntH		cntV
--------------------------------------
--------------------------------------
  0:	0	 0.00%	12	 0.19%
  1:	0	 0.00%	25	 0.40%
  2:	0	 0.00%	28	 0.44%
  3:	0	 0.00%	69	 1.09%
  4:	0	 0.00%	125	 1.98%
  5:	0	 0.00%	124	 1.96%
  6:	5	 0.08%	128	 2.02%
  7:	13	 0.21%	212	 3.35%
  8:	23	 0.36%	208	 3.29%
  9:	59	 0.93%	350	 5.53%
 10:	250	 3.95%	547	 8.65%
 11:	313	 4.95%	759	12.00%
 12:	684	10.81%	962	15.21%
 13:	874	13.82%	980	15.49%
 14:	1142	18.06%	805	12.73%
 15:	1142	18.06%	852	13.47%
 16:	845	13.36%	13	 0.21%
 17:	625	 9.88%	5	 0.08%
 18:	235	 3.72%	11	 0.17%
 19:	0	 0.00%	52	 0.82%
 20:	115	 1.82%	58	 0.92%


Using detail cap. scale factor for clock nets.
Initializing multi-corner capacitance tables ... 
Initializing multi-corner resistance tables ...

*** Memory Usage v0.144 (Current mem = 387.672M, initial mem = 62.238M) ***
Phase 1l route (0:00:00.1 387.7M):


*** After '-updateRemainTrks' operation: 

Usage: (17.3%H 19.4%V) = (3.894e+04um 5.012e+04um) = (18905 17462)
Overflow: 21 = 0 (0.00% H) + 21 (0.33% V)

Congestion distribution:

Remain	cntH		cntV
--------------------------------------
 -4:	0	 0.00%	1	 0.02%
 -3:	0	 0.00%	2	 0.03%
 -2:	0	 0.00%	6	 0.09%
 -1:	0	 0.00%	7	 0.11%
--------------------------------------
  0:	0	 0.00%	15	 0.24%
  1:	0	 0.00%	32	 0.51%
  2:	0	 0.00%	35	 0.55%
  3:	0	 0.00%	69	 1.09%
  4:	0	 0.00%	128	 2.02%
  5:	1	 0.02%	136	 2.15%
  6:	9	 0.14%	142	 2.25%
  7:	19	 0.30%	237	 3.75%
  8:	31	 0.49%	212	 3.35%
  9:	84	 1.33%	350	 5.53%
 10:	270	 4.27%	541	 8.55%
 11:	342	 5.41%	716	11.32%
 12:	742	11.73%	957	15.13%
 13:	884	13.98%	953	15.07%
 14:	1094	17.30%	796	12.58%
 15:	1082	17.11%	851	13.45%
 16:	823	13.01%	13	 0.21%
 17:	600	 9.49%	5	 0.08%
 18:	229	 3.62%	11	 0.17%
 19:	0	 0.00%	52	 0.82%
 20:	115	 1.82%	58	 0.92%



*** Completed Phase 1 route (0:00:00.1 387.7M) ***


Total length: 6.315e+04um, number of vias: 16697
M1(H) length: 2.893e+00um, number of vias: 7783
M2(V) length: 2.062e+04um, number of vias: 7050
M3(H) length: 2.730e+04um, number of vias: 1355
M4(V) length: 9.793e+03um, number of vias: 381
M5(H) length: 4.267e+03um, number of vias: 128
M6(V) length: 1.168e+03um, number of vias: 0
M7(H) length: 0.000e+00um
*** Completed Phase 2 route (0:00:00.0 387.7M) ***

*** Finished all Phases (cpu=0:00:00.1 mem=387.7M) ***
Peak Memory Usage was 387.7M 
*** Finished trialRoute (cpu=0:00:00.1 mem=387.7M) ***

Default RC Extraction called for design sys_top.
RC Extraction called in multi-corner(1) mode.
RCMode: Default
      RC Corner Indexes            0   
Capacitance Scaling Factor   : 1.00000 
Coupling Cap. Scaling Factor : 1.00000 
Resistance Scaling Factor    : 1.00000 
Shrink Factor                : 1.00000
Default RC extraction is honoring NDR/Shielding/ExtraSpace for clock nets.
Using detail cap. scale factor for clock nets.
Initializing multi-corner capacitance tables ... 
Initializing multi-corner resistance tables ...
Default RC Extraction DONE (CPU Time: 0:00:00.0  Real Time: 0:00:00.0  MEM: 387.672M)
Calculate delays in BcWc mode...
Topological Sorting (CPU = 0:00:00.0, MEM = 387.7M)
Number of Loop : 0
Start delay calculation (mem=387.672M)...
Delay calculation completed.
(0:00:00.1 387.672M 0)
Calculate delays in BcWc mode...
Topological Sorting (CPU = 0:00:00.0, MEM = 387.7M)
Number of Loop : 0
Start delay calculation (mem=387.672M)...
Delay calculation completed.
(0:00:00.1 387.672M 0)
Calculate delays in BcWc mode...
Topological Sorting (CPU = 0:00:00.0, MEM = 387.7M)
Number of Loop : 0
Start delay calculation (mem=387.672M)...
Delay calculation completed.
(0:00:00.1 387.672M 0)
*** CDM Built up (cpu=0:00:00.3  mem= 387.7M) ***
**optDesign ... cpu = 0:00:05, real = 0:00:05, mem = 387.7M **
*** Timing Is met
*** Check timing (0:00:00.0)
setClockDomains -fromType register -toType register 
**WARN: (SOCCTE-318):	Paths not in the reg2reg domain will be added 1000ns slack adjustment
*** Timing Is met
*** Check timing (0:00:00.1)
**optDesign ... cpu = 0:00:05, real = 0:00:05, mem = 387.7M **
*** Finished optDesign ***
*** Starting "NanoPlace(TM) placement v0.845 (mem=387.7M)" ...
*** Build Buffered Sizing Timing Model (Used Compact Buffer Set) ...(cpu=0:00:03.1 mem=387.7M) ***
*** Build Virtual Sizing Timing Model
(cpu=0:00:03.6 mem=388.3M) ***
Options: timingDriven ignoreSpare pinGuide gpeffort=medium 
#std cell=1871 #block=0 (0 floating + 0 preplaced) #ioInst=0 #net=1924 #term=7802 #term/net=4.06, #fixedIo=0, #floatIo=0, #fixedPin=19, #floatPin=0
stdCell: 1871 single + 0 double + 0 multi
Total standard cell length = 7.6797 (mm), area = 0.0220 (mm^2)
Average module density = 0.661.
Density for the design = 0.661.
       = stdcell_area 18731 (22041 um^2) / alloc_area 28356 (33367 um^2).
Pin Density = 0.417.
            = total # of pins 7802 / total Instance area 18731.
Iteration 11: Total net bbox = 4.884e+04 (2.71e+04 2.17e+04)
              Est.  stn bbox = 6.212e+04 (3.44e+04 2.78e+04)
              cpu = 0:00:00.4 real = 0:00:01.0 mem = 392.0M
Iteration 12: Total net bbox = 5.211e+04 (3.04e+04 2.18e+04)
              Est.  stn bbox = 6.546e+04 (3.77e+04 2.78e+04)
              cpu = 0:00:00.0 real = 0:00:00.0 mem = 392.0M
*** cost = 5.211e+04 (3.04e+04 2.18e+04) (cpu for global=0:00:00.5) real=0:00:01.0***
Core Placement runtime cpu: 0:00:00.4 real: 0:00:01.0
Starting refinePlace ...
Placement tweakage begins.
wire length = 5.225e+04 = 3.046e+04 H + 2.179e+04 V
wire length = 4.697e+04 = 2.539e+04 H + 2.158e+04 V
Placement tweakage ends.
Statistics of distance of Instance movement in detailed placement:
  maximum (X+Y) =        42.23 um
  inst (U1734) with max move: (162.36, 57.81) -> (123, 54.94)
  mean    (X+Y) =         5.33 um
Total instances flipped : 35
Total instances moved : 1037
*** cpu=0:00:00.0   mem=390.3M  mem(used)=0.1M***
Total net length = 4.706e+04 (2.542e+04 2.164e+04) (ext = 2.388e+03)
*** End of Placement (cpu=0:00:04.9, real=0:00:05.0, mem=390.3M) ***
default core: bins with density >  0.75 = 22.9 % ( 11 / 48 )
*** Free Virtual Timing Model ...(mem=390.3M)
Starting IO pin assignment...
**WARN: (SOCSP-9025):	No scan chain specified/traced.
*** Finishing placeDesign concurrent flow ***
**placeDesign ... cpu = 0: 0:16, real = 0: 0:17, mem = 390.3M **
<CMD> addTieHiLo -cell TIELOM -prefix LTIE
No constraint set for distance
No constraint set for fanout
Existing tie instances of cell TIELOM, if found would be deleted
Deleted 0 physical inst  (cell TIELOM / prefix -).
Deleted 0 logical insts of cell TIELOM with prefix LTIE
INFO: Total Number of Tie Cells (TIELOM) placed: 0
<CMD> addTieHiLo -cell TIEHIM -prefix HTIE
No constraint set for distance
No constraint set for fanout
Existing tie instances of cell TIEHIM, if found would be deleted
Deleted 0 physical inst  (cell TIEHIM / prefix -).
Deleted 0 logical insts of cell TIEHIM with prefix HTIE
INFO: Total Number of Tie Cells (TIEHIM) placed: 1
<CMD> globalNetConnect VDD -type pgpin -pin VDD -inst *
<CMD> globalNetConnect VSS -type pgpin -pin VSS -inst *
<CMD> verifyGeometry -noMinArea
 *** Starting Verify Geometry (MEM: 390.3) ***

  VERIFY GEOMETRY ...... Starting Verification
  VERIFY GEOMETRY ...... Initializing
  VERIFY GEOMETRY ...... Deleting Existing Violations
  VERIFY GEOMETRY ...... Creating Sub-Areas
                  ...... bin size: 8000
  VERIFY GEOMETRY ...... SubArea : 1 of 1
  VERIFY GEOMETRY ...... Cells          :  0 Viols.
  VERIFY GEOMETRY ...... SameNet        :  0 Viols.
  VERIFY GEOMETRY ...... Wiring         :  0 Viols.
  VERIFY GEOMETRY ...... Antenna        :  0 Viols.
  VERIFY GEOMETRY ...... Sub-Area : 1 complete 0 Viols. 0 Wrngs.
VG: elapsed time: 0.00
Begin Summary ...
  Cells       : 0
  SameNet     : 0
  Wiring      : 0
  Antenna     : 0
  Short       : 0
  Overlap     : 0
End Summary

  Verification Complete : 0 Viols.  0 Wrngs.

**********End: VERIFY GEOMETRY**********
 *** verify geometry (CPU: 0:00:00.3  MEM: 0.0M)

<CMD> verifyConnectivity -type all -noAntenna -error 1000 -warning 50

******** Start: VERIFY CONNECTIVITY ********
Start Time: Mon Oct  5 00:48:57 2026

Design Name: sys_top
Database Units: 2000
Design Boundary: (0.0000, 0.0000) (240.4700, 160.4700)
Error Limit = 1000; Warning Limit = 50
Check all nets
Net HTIE_LTIEHI_NET: no routing.
Net FE_OFN24_n1641: no routing.
Net FE_OFN23_reg1_5_: no routing.
Net FE_OFN22_reg0_4_: no routing.
Net FE_OFN21_reg0_5_: no routing.
Net FE_OFN20_reg0_6_: no routing.
Net FE_OFN19_reg1_4_: no routing.
Net FE_OFN18_reg1_6_: no routing.
Net FE_OFN17_reg0_7_: no routing.
Net FE_OFN16_reg1_7_: no routing.
Net FE_OFN15_SE: no routing.
Net FE_OFN14_n1737: no routing.
Net FE_OFN13_n1741: no routing.
Net FE_OFN12_n1795: no routing.
Net FE_OFN11_n1743: no routing.
Net FE_OFN10_n1794: no routing.
Net FE_OFN9_n1786: no routing.
Net FE_OFN8_n1778: no routing.
Net FE_OFN7_n1770: no routing.
Net FE_OFN6_n1762: no routing.
Net FE_OFN5_n1754: no routing.
Net FE_OFN4_n1746: no routing.
Net FE_OFN3_UART_TX_O: no routing.
Net FE_OFN2_n1745: no routing.
Net FE_OFN1_ref_rst: no routing.
Net FE_OFN0_ref_rst: no routing.
Net REF_CLK: Found a geometry with bounding box (-0.10,50.10) (0.10,50.30) outside design boundary.
Violations for such geometries will be reported.
Net REF_CLK: no routing.
Net UART_CLK: no routing.
Net RST_N: no routing.
Net UART_RX_IN: no routing.
Net scan_clk: no routing.
Net scan_rst: no routing.
Net test_mode: no routing.
Net SE: no routing.
Net SI[3]: no routing.
Net SI[2]: no routing.
Net SI[1]: no routing.
Net SI[0]: no routing.
Net SO[3]: no routing.
Net SO[2]: no routing.
Net SO[1]: no routing.
Net SO[0]: no routing.
Net UART_TX_O: no routing.
Net parity_error: no routing.
Net framing_error: no routing.
Net clk_m_UART: no routing.
Net clk_m_REF: no routing.
Net ref_rst: no routing.
Net ref_func_rst: no routing.
Net uart_rst: no routing.
Net tx_rst: no routing.
Net tx_func_rst: no routing.
Net rx_rst: no routing.
Net rx_func_rst: no routing.
Net rst_m: no routing.
Net alu_clk_en_test: no routing.
Net tx_clk: no routing.
Net rx_clk: no routing.
Net busy: no routing.
Net fifo_full: no routing.
Net fifo_empty: no routing.
Net alu_cg: no routing.
Net alu_out_v: no routing.
Net rd_data_vld: no routing.
Net rx_out_v: no routing.
Net Pulse_U_rcv_flop: no routing.
Net Pulse_U_pls_flop: no routing.
Net Regfile_u_reg_file_15__0_: no routing.
Net Regfile_u_reg_file_15__1_: no routing.
Net Regfile_u_reg_file_15__2_: no routing.
Net Regfile_u_reg_file_15__3_: no routing.
Net Regfile_u_reg_file_15__4_: no routing.
Net Regfile_u_reg_file_15__5_: no routing.
Net Regfile_u_reg_file_15__6_: no routing.
Net Regfile_u_reg_file_15__7_: no routing.
Net Regfile_u_reg_file_14__0_: no routing.
Net Regfile_u_reg_file_14__1_: no routing.
Net Regfile_u_reg_file_14__2_: no routing.
Net Regfile_u_reg_file_14__3_: no routing.
Net Regfile_u_reg_file_14__4_: no routing.
Net Regfile_u_reg_file_14__5_: no routing.
Net Regfile_u_reg_file_14__6_: no routing.
Net Regfile_u_reg_file_14__7_: no routing.
Net Regfile_u_reg_file_13__0_: no routing.
Net Regfile_u_reg_file_13__1_: no routing.
Net Regfile_u_reg_file_13__2_: no routing.
Net Regfile_u_reg_file_13__3_: no routing.
Net Regfile_u_reg_file_13__4_: no routing.
Net Regfile_u_reg_file_13__5_: no routing.
Net Regfile_u_reg_file_13__6_: no routing.
Net Regfile_u_reg_file_13__7_: no routing.
Net Regfile_u_reg_file_12__0_: no routing.
Net Regfile_u_reg_file_12__1_: no routing.
Net Regfile_u_reg_file_12__2_: no routing.
Net Regfile_u_reg_file_12__3_: no routing.
Net Regfile_u_reg_file_12__4_: no routing.
Net Regfile_u_reg_file_12__5_: no routing.
Net Regfile_u_reg_file_12__6_: no routing.
Net Regfile_u_reg_file_12__7_: no routing.
Net Regfile_u_reg_file_11__0_: no routing.
Net Regfile_u_reg_file_11__1_: no routing.
Net Regfile_u_reg_file_11__2_: no routing.
Net Regfile_u_reg_file_11__3_: no routing.
Net Regfile_u_reg_file_11__4_: no routing.
Net Regfile_u_reg_file_11__5_: no routing.
Net Regfile_u_reg_file_11__6_: no routing.
Net Regfile_u_reg_file_11__7_: no routing.
Net Regfile_u_reg_file_10__0_: no routing.
Net Regfile_u_reg_file_10__1_: no routing.
Net Regfile_u_reg_file_10__2_: no routing.
Net Regfile_u_reg_file_10__3_: no routing.
Net Regfile_u_reg_file_10__4_: no routing.
Net Regfile_u_reg_file_10__5_: no routing.
Net Regfile_u_reg_file_10__6_: no routing.
Net Regfile_u_reg_file_10__7_: no routing.
Net Regfile_u_reg_file_9__0_: no routing.
Net Regfile_u_reg_file_9__1_: no routing.
Net Regfile_u_reg_file_9__2_: no routing.
Net Regfile_u_reg_file_9__3_: no routing.
Net Regfile_u_reg_file_9__4_: no routing.
Net Regfile_u_reg_file_9__5_: no routing.
Net Regfile_u_reg_file_9__6_: no routing.
Net Regfile_u_reg_file_9__7_: no routing.
Net Regfile_u_reg_file_8__0_: no routing.
Net Regfile_u_reg_file_8__1_: no routing.
Net Regfile_u_reg_file_8__2_: no routing.
Net Regfile_u_reg_file_8__3_: no routing.
Net Regfile_u_reg_file_8__4_: no routing.
Net Regfile_u_reg_file_8__5_: no routing.
Net Regfile_u_reg_file_8__6_: no routing.
Net Regfile_u_reg_file_8__7_: no routing.
Net Regfile_u_reg_file_7__0_: no routing.
Net Regfile_u_reg_file_7__1_: no routing.
Net Regfile_u_reg_file_7__2_: no routing.
Net Regfile_u_reg_file_7__3_: no routing.
Net Regfile_u_reg_file_7__4_: no routing.
Net Regfile_u_reg_file_7__5_: no routing.
Net Regfile_u_reg_file_7__6_: no routing.
Net Regfile_u_reg_file_7__7_: no routing.
Net Regfile_u_reg_file_6__0_: no routing.
Net Regfile_u_reg_file_6__1_: no routing.
Net Regfile_u_reg_file_6__2_: no routing.
Net Regfile_u_reg_file_6__3_: no routing.
Net Regfile_u_reg_file_6__4_: no routing.
Net Regfile_u_reg_file_6__5_: no routing.
Net Regfile_u_reg_file_6__6_: no routing.
Net Regfile_u_reg_file_6__7_: no routing.
Net Regfile_u_reg_file_5__0_: no routing.
Net Regfile_u_reg_file_5__1_: no routing.
Net Regfile_u_reg_file_5__2_: no routing.
Net Regfile_u_reg_file_5__3_: no routing.
Net Regfile_u_reg_file_5__4_: no routing.
Net Regfile_u_reg_file_5__5_: no routing.
Net Regfile_u_reg_file_5__6_: no routing.
Net Regfile_u_reg_file_5__7_: no routing.
Net Regfile_u_reg_file_4__0_: no routing.
Net Regfile_u_reg_file_4__1_: no routing.
Net Regfile_u_reg_file_4__2_: no routing.
Net Regfile_u_reg_file_4__3_: no routing.
Net Regfile_u_reg_file_4__4_: no routing.
Net Regfile_u_reg_file_4__6_: no routing.
Net Regfile_u_reg_file_4__7_: no routing.
Net Regfile_u_n18: no routing.
Net Regfile_u_n17: no routing.
Net sys_ctrl_u_reg3_cfg: no routing.
Net sys_ctrl_u_reg2_cfg: no routing.
Net sys_ctrl_u_cfg_locked: no routing.
Net Rx2SysCtrl_pulse_out: no routing.
Net FIFO_u_U4_WR_PTR_BIN_3_: no routing.
Net FIFO_u_U5_RD_PTR_BIN_3_: no routing.
Net UART_TX_RX_U0_UART_TX_par_bit: no routing.
Net UART_TX_RX_U0_UART_TX_ser_data: no routing.
Net UART_TX_RX_U0_UART_TX_ser_done: no routing.
Net UART_TX_RX_U0_UART_RX_samp_b: no routing.
Net UART_TX_RX_U0_UART_RX_stp_chk_en: no routing.
Net UART_TX_RX_U0_UART_RX_strt_glitch: no routing.
Net UART_TX_RX_U0_UART_RX_stp_done: no routing.
Net UART_TX_RX_U0_UART_RX_par_done: no routing.
Net UART_TX_RX_U0_UART_RX_samp_valid: no routing.
Net UART_TX_RX_U0_UART_TX_U1_loading: no routing.
Net UART_TX_RX_U0_UART_RX_U7_data_valid_next: no routing.
Net UART_TX_RX_U0_UART_RX_U7_sample_valid_d: no routing.
Net UART_TX_RX_U0_UART_RX_U7_n_state_0_: no routing.
Net UART_TX_RX_U0_UART_RX_U6_N5: no routing.
Net UART_TX_RX_U0_UART_RX_U5_N4: no routing.
Net UART_TX_RX_U0_UART_RX_U4_par_done_next: no routing.
Net UART_TX_RX_U0_UART_RX_U4_parity_reg: no routing.
Net UART_TX_RX_U0_UART_RX_U1_N116: no routing.
Net UART_TX_RX_U0_UART_RX_U1_N115: no routing.
Net UART_TX_RX_U0_UART_RX_U1_N114: no routing.
Net UART_TX_RX_U0_UART_RX_U1_N113: no routing.
Net UART_TX_RX_U0_UART_RX_U1_N112: no routing.
Net UART_TX_RX_U0_UART_RX_U1_N111: no routing.
Net UART_TX_RX_U0_UART_RX_U2_N39: no routing.
Net UART_TX_RX_U0_UART_RX_U2_s1: no routing.
Net UART_TX_RX_U0_UART_RX_U2_s0: no routing.
Net C118_DATA15_0: no routing.
Net C118_DATA15_1: no routing.
Net C118_DATA15_2: no routing.
Net C118_DATA15_3: no routing.
Net C118_DATA15_4: no routing.
Net C118_DATA15_5: no routing.
Net C118_DATA15_6: no routing.
Net C118_DATA15_7: no routing.
Net eq_x_40_n25: no routing.
Net eq_x_37_n25: no routing.
Net n613: no routing.
Net n616: no routing.
Net n617: no routing.
Net n618: no routing.
Net n619: no routing.
Net n620: no routing.
Net n621: no routing.
Net n622: no routing.
Net n623: no routing.
Net n624: no routing.
Net n625: no routing.
Net n626: no routing.
Net n627: no routing.
Net n628: no routing.
Net n629: no routing.
Net n630: no routing.
Net n631: no routing.
Net n632: no routing.
Net n633: no routing.
Net n634: no routing.
Net n635: no routing.
Net n636: no routing.
Net n637: no routing.
Net n638: no routing.
Net n639: no routing.
Net n640: no routing.
Net n641: no routing.
Net n642: no routing.
Net n643: no routing.
Net n645: no routing.
Net n646: no routing.
Net n647: no routing.
Net n648: no routing.
Net n649: no routing.
Net n650: no routing.
Net n651: no routing.
Net n652: no routing.
Net n653: no routing.
Net n654: no routing.
Net n655: no routing.
Net n656: no routing.
Net n657: no routing.
Net n658: no routing.
Net n659: no routing.
Net n660: no routing.
Net n661: no routing.
Net n662: no routing.
Net n663: no routing.
Net n664: no routing.
Net n665: no routing.
Net n666: no routing.
Net n667: no routing.
Net n668: no routing.
Net n669: no routing.
Net n670: no routing.
Net n671: no routing.
Net n672: no routing.
Net n673: no routing.
Net n674: no routing.
Net n675: no routing.
Net n676: no routing.
Net n677: no routing.
Net n678: no routing.
Net n679: no routing.
Net n680: no routing.
Net n681: no routing.
Net n682: no routing.
Net n683: no routing.
Net n684: no routing.
Net n685: no routing.
Net n686: no routing.
Net n687: no routing.
Net n688: no routing.
Net n689: no routing.
Net n690: no routing.
Net n691: no routing.
Net n692: no routing.
Net n693: no routing.
Net n694: no routing.
Net n695: no routing.
Net n696: no routing.
Net n697: no routing.
Net n698: no routing.
Net n699: no routing.
Net n700: no routing.
Net n701: no routing.
Net n702: no routing.
Net n703: no routing.
Net n704: no routing.
Net n705: no routing.
Net n706: no routing.
Net n707: no routing.
Net n708: no routing.
Net n709: no routing.
Net n710: no routing.
Net n711: no routing.
Net n712: no routing.
Net n713: no routing.
Net n714: no routing.
Net n715: no routing.
Net n716: no routing.
Net n717: no routing.
Net n718: no routing.
Net n719: no routing.
Net n720: no routing.
Net n721: no routing.
Net n722: no routing.
Net n723: no routing.
Net n724: no routing.
Net n725: no routing.
Net n726: no routing.
Net n727: no routing.
Net n728: no routing.
Net n729: no routing.
Net n730: no routing.
Net n731: no routing.
Net n732: no routing.
Net n733: no routing.
Net n734: no routing.
Net n735: no routing.
Net n736: no routing.
Net n737: no routing.
Net n738: no routing.
Net n739: no routing.
Net n740: no routing.
Net n741: no routing.
Net n742: no routing.
Net n743: no routing.
Net n744: no routing.
Net n745: no routing.
Net n746: no routing.
Net n747: no routing.
Net n748: no routing.
Net n749: no routing.
Net n750: no routing.
Net n751: no routing.
Net n752: no routing.
Net n753: no routing.
Net n754: no routing.
Net n755: no routing.
Net n756: no routing.
Net n757: no routing.
Net n758: no routing.
Net n759: no routing.
Net n760: no routing.
Net n761: no routing.
Net n762: no routing.
Net n763: no routing.
Net n764: no routing.
Net n765: no routing.
Net n766: no routing.
Net n767: no routing.
Net n768: no routing.
Net n769: no routing.
Net n770: no routing.
Net n771: no routing.
Net n772: no routing.
Net n773: no routing.
Net n774: no routing.
Net n775: no routing.
Net n776: no routing.
Net n777: no routing.
Net n778: no routing.
Net n779: no routing.
Net n780: no routing.
Net n781: no routing.
Net n782: no routing.
Net n783: no routing.
Net n784: no routing.
Net n785: no routing.
Net n786: no routing.
Net n787: no routing.
Net n788: no routing.
Net n789: no routing.
Net n790: no routing.
Net n791: no routing.
Net n792: no routing.
Net n793: no routing.
Net n794: no routing.
Net n795: no routing.
Net n796: no routing.
Net n797: no routing.
Net n798: no routing.
Net n799: no routing.
Net n800: no routing.
Net n801: no routing.
Net n802: no routing.
Net n803: no routing.
Net n804: no routing.
Net n805: no routing.
Net n806: no routing.
Net n807: no routing.
Net n808: no routing.
Net n809: no routing.
Net n810: no routing.
Net n811: no routing.
Net n812: no routing.
Net n813: no routing.
Net n814: no routing.
Net n815: no routing.
Net n816: no routing.
Net n817: no routing.
Net n818: no routing.
Net n819: no routing.
Net n820: no routing.
Net n821: no routing.
Net n822: no routing.
Net n823: no routing.
Net n824: no routing.
Net n825: no routing.
Net n826: no routing.
Net n827: no routing.
Net n828: no routing.
Net n829: no routing.
Net n830: no routing.
Net n831: no routing.
Net n832: no routing.
Net n833: no routing.
Net n834: no routing.
Net n835: no routing.
Net n836: no routing.
Net n837: no routing.
Net n838: no routing.
Net n839: no routing.
Net n840: no routing.
Net n841: no routing.
Net n842: no routing.
Net n843: no routing.
Net n844: no routing.
Net n845: no routing.
Net n846: no routing.
Net n847: no routing.
Net n848: no routing.
Net n849: no routing.
Net n850: no routing.
Net n851: no routing.
Net n852: no routing.
Net n853: no routing.
Net n854: no routing.
Net n855: no routing.
Net n856: no routing.
Net n857: no routing.
Net n858: no routing.
Net n859: no routing.
Net n860: no routing.
Net n861: no routing.
Net n862: no routing.
Net n863: no routing.
Net n864: no routing.
Net n865: no routing.
Net n866: no routing.
Net n867: no routing.
Net n868: no routing.
Net n869: no routing.
Net n870: no routing.
Net n871: no routing.
Net n872: no routing.
Net n873: no routing.
Net n874: no routing.
Net n875: no routing.
Net n876: no routing.
Net n877: no routing.
Net n878: no routing.
Net n879: no routing.
Net n881: no routing.
Net n882: no routing.
Net n883: no routing.
Net n884: no routing.
Net n885: no routing.
Net DP_OP_196J1_124_5161_n43: no routing.
Net DP_OP_196J1_124_5161_n29: no routing.
Net DP_OP_196J1_124_5161_n28: no routing.
Net DP_OP_196J1_124_5161_n27: no routing.
Net DP_OP_196J1_124_5161_n26: no routing.
Net DP_OP_196J1_124_5161_n25: no routing.
Net DP_OP_196J1_124_5161_n24: no routing.
Net DP_OP_196J1_124_5161_n23: no routing.
Net DP_OP_196J1_124_5161_n22: no routing.
Net DP_OP_196J1_124_5161_n16: no routing.
Net DP_OP_196J1_124_5161_n15: no routing.
Net DP_OP_196J1_124_5161_n14: no routing.
Net DP_OP_196J1_124_5161_n13: no routing.
Net DP_OP_196J1_124_5161_n12: no routing.
Net DP_OP_196J1_124_5161_n11: no routing.
Net DP_OP_196J1_124_5161_n10: no routing.
Net DP_OP_196J1_124_5161_n9: no routing.
Net intadd_0_A_4_: no routing.
Net intadd_0_A_3_: no routing.
Net intadd_0_A_2_: no routing.
Net intadd_0_A_1_: no routing.
Net intadd_0_A_0_: no routing.
Net intadd_0_B_4_: no routing.
Net intadd_0_B_3_: no routing.
Net intadd_0_B_2_: no routing.
Net intadd_0_SUM_4_: no routing.
Net intadd_0_SUM_3_: no routing.
Net intadd_0_SUM_2_: no routing.
Net intadd_0_SUM_1_: no routing.
Net intadd_0_SUM_0_: no routing.
Net intadd_0_n5: no routing.
Net intadd_0_n4: no routing.
Net intadd_0_n3: no routing.
Net intadd_0_n2: no routing.
Net intadd_0_n1: no routing.
Net intadd_1_A_3_: no routing.
Net intadd_1_A_2_: no routing.
Net intadd_1_A_1_: no routing.
Net intadd_1_A_0_: no routing.
Net intadd_1_B_4_: no routing.
Net intadd_1_B_3_: no routing.
Net intadd_1_B_2_: no routing.
Net intadd_1_SUM_4_: no routing.
Net intadd_1_SUM_3_: no routing.
Net intadd_1_SUM_2_: no routing.
Net intadd_1_SUM_1_: no routing.
Net intadd_1_SUM_0_: no routing.
Net intadd_1_n5: no routing.
Net intadd_1_n4: no routing.
Net intadd_1_n3: no routing.
Net intadd_1_n2: no routing.
Net intadd_1_n1: no routing.
Net intadd_2_A_3_: no routing.
Net intadd_2_A_2_: no routing.
Net intadd_2_A_1_: no routing.
Net intadd_2_B_3_: no routing.
Net intadd_2_B_2_: no routing.
Net intadd_2_SUM_3_: no routing.
Net intadd_2_SUM_2_: no routing.
Net intadd_2_SUM_1_: no routing.
Net intadd_2_SUM_0_: no routing.
Net intadd_2_n4: no routing.
Net intadd_2_n3: no routing.
Net intadd_2_n2: no routing.
Net intadd_2_n1: no routing.
Net intadd_3_A_3_: no routing.
Net intadd_3_A_2_: no routing.
Net intadd_3_B_2_: no routing.
Net intadd_3_B_0_: no routing.
Net intadd_3_SUM_2_: no routing.
Net intadd_3_SUM_0_: no routing.
Net intadd_3_n4: no routing.
Net intadd_3_n3: no routing.
Net intadd_3_n2: no routing.
Net intadd_3_n1: no routing.
Net intadd_4_A_0_: no routing.
Net intadd_4_B_1_: no routing.
Net intadd_4_CI: no routing.
Net intadd_4_SUM_0_: no routing.
Net intadd_4_n3: no routing.
Net intadd_4_n2: no routing.
Net intadd_4_n1: no routing.
Net intadd_5_A_2_: no routing.
Net intadd_5_B_1_: no routing.
Net intadd_5_n3: no routing.
Net intadd_5_n2: no routing.
Net intadd_5_n1: no routing.
Net intadd_6_A_2_: no routing.
Net intadd_6_A_0_: no routing.
Net intadd_6_B_2_: no routing.
Net intadd_6_B_1_: no routing.
Net intadd_6_B_0_: no routing.
Net intadd_6_SUM_2_: no routing.
Net intadd_6_SUM_1_: no routing.
Net intadd_6_SUM_0_: no routing.
Net intadd_6_n3: no routing.
Net intadd_6_n2: no routing.
Net intadd_6_n1: no routing.
Net intadd_7_A_1_: no routing.
Net intadd_7_A_0_: no routing.
Net intadd_7_B_2_: no routing.
Net intadd_7_B_1_: no routing.
Net intadd_7_B_0_: no routing.
Net intadd_7_CI: no routing.
Net intadd_7_SUM_2_: no routing.
Net intadd_7_SUM_1_: no routing.
Net intadd_7_SUM_0_: no routing.
Net intadd_7_n3: no routing.
Net intadd_7_n2: no routing.
Net intadd_7_n1: no routing.
Net n887: no routing.
Net n888: no routing.
Net n889: no routing.
Net n890: no routing.
Net n891: no routing.
Net n892: no routing.
Net n893: no routing.
Net n894: no routing.
Net n895: no routing.
Net n896: no routing.
Net n897: no routing.
Net n898: no routing.
Net n899: no routing.
Net n900: no routing.
Net n902: no routing.
Net n903: no routing.
Net n904: no routing.
Net n905: no routing.
Net n906: no routing.
Net n907: no routing.
Net n908: no routing.
Net n909: no routing.
Net n910: no routing.
Net n911: no routing.
Net n912: no routing.
Net n913: no routing.
Net n914: no routing.
Net n915: no routing.
Net n916: no routing.
Net n917: no routing.
Net n918: no routing.
Net n919: no routing.
Net n920: no routing.
Net n921: no routing.
Net n922: no routing.
Net n923: no routing.
Net n924: no routing.
Net n925: no routing.
Net n926: no routing.
Net n927: no routing.
Net n928: no routing.
Net n929: no routing.
Net n930: no routing.
Net n931: no routing.
Net n933: no routing.
Net n934: no routing.
Net n935: no routing.
Net n936: no routing.
Net n938: no routing.
Net n939: no routing.
Net n940: no routing.
Net n941: no routing.
Net n942: no routing.
Net n943: no routing.
Net n944: no routing.
Net n945: no routing.
Net n946: no routing.
Net n947: no routing.
Net n948: no routing.
Net n949: no routing.
Net n950: no routing.
Net n951: no routing.
Net n952: no routing.
Net n953: no routing.
Net n954: no routing.
Net n955: no routing.
Net n956: no routing.
Net n957: no routing.
Net n958: no routing.
Net n959: no routing.
Net n960: no routing.
Net n961: no routing.
Net n962: no routing.
Net n963: no routing.
Net n964: no routing.
Net n965: no routing.
Net n966: no routing.
Net n967: no routing.
Net n968: no routing.
Net n969: no routing.
Net n970: no routing.
Net n971: no routing.
Net n972: no routing.
Net n973: no routing.
Net n974: no routing.
Net n975: no routing.
Net n976: no routing.
Net n977: no routing.
Net n978: no routing.
Net n979: no routing.
Net n980: no routing.
Net n981: no routing.
Net n982: no routing.
Net n983: no routing.
Net n984: no routing.
Net n985: no routing.
Net n986: no routing.
Net n987: no routing.
Net n988: no routing.
Net n989: no routing.
Net n990: no routing.
Net n991: no routing.
Net n992: no routing.
Net n993: no routing.
Net n994: no routing.
Net n995: no routing.
Net n996: no routing.
Net n997: no routing.
Net n998: no routing.
Net n999: no routing.
Net n1000: no routing.
Net n1001: no routing.
Net n1002: no routing.
Net n1003: no routing.
Net n1004: no routing.
Net n1005: no routing.
Net n1006: no routing.
Net n1007: no routing.
Net n1008: no routing.
Net n1009: no routing.
Net n1010: no routing.
Net n1011: no routing.
Net n1012: no routing.
Net n1013: no routing.
Net n1014: no routing.
Net n1015: no routing.
Net n1016: no routing.
Net n1017: no routing.
Net n1018: no routing.
Net n1019: no routing.
Net n1020: no routing.
Net n1021: no routing.
Net n1022: no routing.
Net n1023: no routing.
Net n1024: no routing.
Net n1025: no routing.
Net n1026: no routing.
Net n1027: no routing.
Net n1028: no routing.
Net n1029: no routing.
Net n1030: no routing.
Net n1031: no routing.
Net n1032: no routing.
Net n1033: no routing.
Net n1034: no routing.
Net n1035: no routing.
Net n1036: no routing.
Net n1037: no routing.
Net n1038: no routing.
Net n1039: no routing.
Net n1040: no routing.
Net n1041: no routing.
Net n1042: no routing.
Net n1043: no routing.
Net n1044: no routing.
Net n1045: no routing.
Net n1046: no routing.
Net n1047: no routing.
Net n1048: no routing.
Net n1049: no routing.
Net n1050: no routing.
Net n1051: no routing.
Net n1052: no routing.
Net n1053: no routing.
Net n1054: no routing.
Net n1055: no routing.
Net n1056: no routing.
Net n1057: no routing.
Net n1058: no routing.
Net n1059: no routing.
Net n1060: no routing.
Net n1061: no routing.
Net n1062: no routing.
Net n1063: no routing.
Net n1064: no routing.
Net n1065: no routing.
Net n1066: no routing.
Net n1067: no routing.
Net n1069: no routing.
Net n1070: no routing.
Net n1071: no routing.
Net n1072: no routing.
Net n1073: no routing.
Net n1074: no routing.
Net n1075: no routing.
Net n1076: no routing.
Net n1077: no routing.
Net n1078: no routing.
Net n1079: no routing.
Net n1080: no routing.
Net n1081: no routing.
Net n1082: no routing.
Net n1083: no routing.
Net n1084: no routing.
Net n1085: no routing.
Net n1086: no routing.
Net n1087: no routing.
Net n1088: no routing.
Net n1089: no routing.
Net n1090: no routing.
Net n1091: no routing.
Net n1092: no routing.
Net n1093: no routing.
Net n1094: no routing.
Net n1095: no routing.
Net n1096: no routing.
Net n1097: no routing.
Net n1098: no routing.
Net n1099: no routing.
Net n1100: no routing.
Net n1101: no routing.
Net n1102: no routing.
Net n1103: no routing.
Net n1104: no routing.
Net n1105: no routing.
Net n1106: no routing.
Net n1107: no routing.
Net n1108: no routing.
Net n1109: no routing.
Net n1110: no routing.
Net n1111: no routing.
Net n1112: no routing.
Net n1113: no routing.
Net n1114: no routing.
Net n1116: no routing.
Net n1117: no routing.
Net n1118: no routing.
Net n1119: no routing.
Net n1120: no routing.
Net n1121: no routing.
Net n1122: no routing.
Net n1123: no routing.
Net n1124: no routing.
Net n1125: no routing.
Net n1126: no routing.
Net n1127: no routing.
Net n1128: no routing.
Net n1129: no routing.
Net n1130: no routing.
Net n1131: no routing.
Net n1132: no routing.
Net n1133: no routing.
Net n1134: no routing.
Net n1135: no routing.
Net n1136: no routing.
Net n1137: no routing.
Net n1138: no routing.
Net n1139: no routing.
Net n1140: no routing.
Net n1141: no routing.
Net n1142: no routing.
Net n1143: no routing.
Net n1144: no routing.
Net n1145: no routing.
Net n1146: no routing.
Net n1147: no routing.
Net n1148: no routing.
Net n1149: no routing.
Net n1150: no routing.
Net n1151: no routing.
Net n1152: no routing.
Net n1153: no routing.
Net n1154: no routing.
Net n1155: no routing.
Net n1156: no routing.
Net n1157: no routing.
Net n1158: no routing.
Net n1159: no routing.
Net n1160: no routing.
Net n1161: no routing.
Net n1162: no routing.
Net n1163: no routing.
Net n1164: no routing.
Net n1165: no routing.
Net n1166: no routing.
Net n1167: no routing.
Net n1169: no routing.
Net n1170: no routing.
Net n1171: no routing.
Net n1173: no routing.
Net n1174: no routing.
Net n1175: no routing.
Net n1176: no routing.
Net n1177: no routing.
Net n1178: no routing.
Net n1179: no routing.
Net n1180: no routing.
Net n1181: no routing.
Net n1182: no routing.
Net n1183: no routing.
Net n1184: no routing.
Net n1185: no routing.
Net n1186: no routing.
Net n1187: no routing.
Net n1188: no routing.
Net n1189: no routing.
Net n1190: no routing.
Net n1191: no routing.
Net n1192: no routing.
Net n1193: no routing.
Net n1194: no routing.
Net n1195: no routing.
Net n1196: no routing.
Net n1197: no routing.
Net n1199: no routing.
Net n1200: no routing.
Net n1201: no routing.
Net n1202: no routing.
Net n1203: no routing.
Net n1204: no routing.
Net n1205: no routing.
Net n1206: no routing.
Net n1207: no routing.
Net n1208: no routing.
Net n1209: no routing.
Net n1210: no routing.
Net n1211: no routing.
Net n1212: no routing.
Net n1213: no routing.
Net n1214: no routing.
Net n1215: no routing.
Net n1216: no routing.
Net n1217: no routing.
Net n1218: no routing.
Net n1219: no routing.
Net n1220: no routing.
Net n1221: no routing.
Net n1222: no routing.
Net n1223: no routing.
Net n1224: no routing.
Net n1225: no routing.
Net n1226: no routing.
Net n1227: no routing.
Net n1228: no routing.
Net n1229: no routing.
Net n1230: no routing.
Net n1231: no routing.
Net n1232: no routing.
Net n1233: no routing.
Net n1234: no routing.
Net n1235: no routing.
Net n1236: no routing.
Net n1237: no routing.
Net n1238: no routing.
Net n1239: no routing.
Net n1240: no routing.
Net n1241: no routing.
Net n1242: no routing.
Net n1243: no routing.
Net n1244: no routing.
Net n1245: no routing.
Net n1246: no routing.
Net n1247: no routing.
Net n1248: no routing.
Net n1249: no routing.
Net n1250: no routing.
Net n1251: no routing.
Net n1252: no routing.
Net n1253: no routing.
Net n1255: no routing.
Net n1256: no routing.
Net n1257: no routing.
Net n1258: no routing.
Net n1259: no routing.
Net n1260: no routing.
Net n1261: no routing.
Net n1262: no routing.
Net n1263: no routing.
Net n1264: no routing.
Net n1265: no routing.
Net n1266: no routing.
Net n1267: no routing.
Net n1268: no routing.
Net n1269: no routing.
Net n1270: no routing.
Net n1271: no routing.
Net n1272: no routing.
Net n1273: no routing.
Net n1274: no routing.
Net n1275: no routing.
Net n1276: no routing.
Net n1277: no routing.
Net n1278: no routing.
Net n1279: no routing.
Net n1280: no routing.
Net n1281: no routing.
Net n1282: no routing.
Net n1283: no routing.
Net n1284: no routing.
Net n1285: no routing.
Net n1286: no routing.
Net n1287: no routing.
Net n1288: no routing.
Net n1289: no routing.
Net n1290: no routing.
Net n1291: no routing.
Net n1292: no routing.
Net n1293: no routing.
Net n1294: no routing.
Net n1295: no routing.
Net n1296: no routing.
Net n1297: no routing.
Net n1298: no routing.
Net n1299: no routing.
Net n1300: no routing.
Net n1301: no routing.
Net n1302: no routing.
Net n1303: no routing.
Net n1304: no routing.
Net n1305: no routing.
Net n1306: no routing.
Net n1307: no routing.
Net n1308: no routing.
Net n1309: no routing.
Net n1310: no routing.
**WARN: (SOCVFC-3):	Verify Connectivity stopped: Number of errors exceeds the limit 1000

Begin Summary 
    1000 Problem(s) [ 98]: Net has no global routing and no special routing.
    1000 total info(s) created.
End Summary

End Time: Mon Oct  5 00:48:57 2026
******** End: VERIFY CONNECTIVITY ********
  Verification Complete : 1000 Viols.  0 Wrngs.
  (CPU Time: 0:00:00.0  MEM: 0.000M)

<CMD> setDrawView place
<CMD> verifyConnectivity -type all -noAntenna -error 1000 -warning 50

******** Start: VERIFY CONNECTIVITY ********
Start Time: Mon Oct  5 00:49:42 2026

Design Name: sys_top
Database Units: 2000
Design Boundary: (0.0000, 0.0000) (240.4700, 160.4700)
Error Limit = 1000; Warning Limit = 50
Check all nets
Net HTIE_LTIEHI_NET: no routing.
Net FE_OFN24_n1641: no routing.
Net FE_OFN23_reg1_5_: no routing.
Net FE_OFN22_reg0_4_: no routing.
Net FE_OFN21_reg0_5_: no routing.
Net FE_OFN20_reg0_6_: no routing.
Net FE_OFN19_reg1_4_: no routing.
Net FE_OFN18_reg1_6_: no routing.
Net FE_OFN17_reg0_7_: no routing.
Net FE_OFN16_reg1_7_: no routing.
Net FE_OFN15_SE: no routing.
Net FE_OFN14_n1737: no routing.
Net FE_OFN13_n1741: no routing.
Net FE_OFN12_n1795: no routing.
Net FE_OFN11_n1743: no routing.
Net FE_OFN10_n1794: no routing.
Net FE_OFN9_n1786: no routing.
Net FE_OFN8_n1778: no routing.
Net FE_OFN7_n1770: no routing.
Net FE_OFN6_n1762: no routing.
Net FE_OFN5_n1754: no routing.
Net FE_OFN4_n1746: no routing.
Net FE_OFN3_UART_TX_O: no routing.
Net FE_OFN2_n1745: no routing.
Net FE_OFN1_ref_rst: no routing.
Net FE_OFN0_ref_rst: no routing.
Net REF_CLK: Found a geometry with bounding box (-0.10,50.10) (0.10,50.30) outside design boundary.
Violations for such geometries will be reported.
Net REF_CLK: no routing.
Net UART_CLK: no routing.
Net RST_N: no routing.
Net UART_RX_IN: no routing.
Net scan_clk: no routing.
Net scan_rst: no routing.
Net test_mode: no routing.
Net SE: no routing.
Net SI[3]: no routing.
Net SI[2]: no routing.
Net SI[1]: no routing.
Net SI[0]: no routing.
Net SO[3]: no routing.
Net SO[2]: no routing.
Net SO[1]: no routing.
Net SO[0]: no routing.
Net UART_TX_O: no routing.
Net parity_error: no routing.
Net framing_error: no routing.
Net clk_m_UART: no routing.
Net clk_m_REF: no routing.
Net ref_rst: no routing.
Net ref_func_rst: no routing.
Net uart_rst: no routing.
Net tx_rst: no routing.
Net tx_func_rst: no routing.
Net rx_rst: no routing.
Net rx_func_rst: no routing.
Net rst_m: no routing.
Net alu_clk_en_test: no routing.
Net tx_clk: no routing.
Net rx_clk: no routing.
Net busy: no routing.
Net fifo_full: no routing.
Net fifo_empty: no routing.
Net alu_cg: no routing.
Net alu_out_v: no routing.
Net rd_data_vld: no routing.
Net rx_out_v: no routing.
Net Pulse_U_rcv_flop: no routing.
Net Pulse_U_pls_flop: no routing.
Net Regfile_u_reg_file_15__0_: no routing.
Net Regfile_u_reg_file_15__1_: no routing.
Net Regfile_u_reg_file_15__2_: no routing.
Net Regfile_u_reg_file_15__3_: no routing.
Net Regfile_u_reg_file_15__4_: no routing.
Net Regfile_u_reg_file_15__5_: no routing.
Net Regfile_u_reg_file_15__6_: no routing.
Net Regfile_u_reg_file_15__7_: no routing.
Net Regfile_u_reg_file_14__0_: no routing.
Net Regfile_u_reg_file_14__1_: no routing.
Net Regfile_u_reg_file_14__2_: no routing.
Net Regfile_u_reg_file_14__3_: no routing.
Net Regfile_u_reg_file_14__4_: no routing.
Net Regfile_u_reg_file_14__5_: no routing.
Net Regfile_u_reg_file_14__6_: no routing.
Net Regfile_u_reg_file_14__7_: no routing.
Net Regfile_u_reg_file_13__0_: no routing.
Net Regfile_u_reg_file_13__1_: no routing.
Net Regfile_u_reg_file_13__2_: no routing.
Net Regfile_u_reg_file_13__3_: no routing.
Net Regfile_u_reg_file_13__4_: no routing.
Net Regfile_u_reg_file_13__5_: no routing.
Net Regfile_u_reg_file_13__6_: no routing.
Net Regfile_u_reg_file_13__7_: no routing.
Net Regfile_u_reg_file_12__0_: no routing.
Net Regfile_u_reg_file_12__1_: no routing.
Net Regfile_u_reg_file_12__2_: no routing.
Net Regfile_u_reg_file_12__3_: no routing.
Net Regfile_u_reg_file_12__4_: no routing.
Net Regfile_u_reg_file_12__5_: no routing.
Net Regfile_u_reg_file_12__6_: no routing.
Net Regfile_u_reg_file_12__7_: no routing.
Net Regfile_u_reg_file_11__0_: no routing.
Net Regfile_u_reg_file_11__1_: no routing.
Net Regfile_u_reg_file_11__2_: no routing.
Net Regfile_u_reg_file_11__3_: no routing.
Net Regfile_u_reg_file_11__4_: no routing.
Net Regfile_u_reg_file_11__5_: no routing.
Net Regfile_u_reg_file_11__6_: no routing.
Net Regfile_u_reg_file_11__7_: no routing.
Net Regfile_u_reg_file_10__0_: no routing.
Net Regfile_u_reg_file_10__1_: no routing.
Net Regfile_u_reg_file_10__2_: no routing.
Net Regfile_u_reg_file_10__3_: no routing.
Net Regfile_u_reg_file_10__4_: no routing.
Net Regfile_u_reg_file_10__5_: no routing.
Net Regfile_u_reg_file_10__6_: no routing.
Net Regfile_u_reg_file_10__7_: no routing.
Net Regfile_u_reg_file_9__0_: no routing.
Net Regfile_u_reg_file_9__1_: no routing.
Net Regfile_u_reg_file_9__2_: no routing.
Net Regfile_u_reg_file_9__3_: no routing.
Net Regfile_u_reg_file_9__4_: no routing.
Net Regfile_u_reg_file_9__5_: no routing.
Net Regfile_u_reg_file_9__6_: no routing.
Net Regfile_u_reg_file_9__7_: no routing.
Net Regfile_u_reg_file_8__0_: no routing.
Net Regfile_u_reg_file_8__1_: no routing.
Net Regfile_u_reg_file_8__2_: no routing.
Net Regfile_u_reg_file_8__3_: no routing.
Net Regfile_u_reg_file_8__4_: no routing.
Net Regfile_u_reg_file_8__5_: no routing.
Net Regfile_u_reg_file_8__6_: no routing.
Net Regfile_u_reg_file_8__7_: no routing.
Net Regfile_u_reg_file_7__0_: no routing.
Net Regfile_u_reg_file_7__1_: no routing.
Net Regfile_u_reg_file_7__2_: no routing.
Net Regfile_u_reg_file_7__3_: no routing.
Net Regfile_u_reg_file_7__4_: no routing.
Net Regfile_u_reg_file_7__5_: no routing.
Net Regfile_u_reg_file_7__6_: no routing.
Net Regfile_u_reg_file_7__7_: no routing.
Net Regfile_u_reg_file_6__0_: no routing.
Net Regfile_u_reg_file_6__1_: no routing.
Net Regfile_u_reg_file_6__2_: no routing.
Net Regfile_u_reg_file_6__3_: no routing.
Net Regfile_u_reg_file_6__4_: no routing.
Net Regfile_u_reg_file_6__5_: no routing.
Net Regfile_u_reg_file_6__6_: no routing.
Net Regfile_u_reg_file_6__7_: no routing.
Net Regfile_u_reg_file_5__0_: no routing.
Net Regfile_u_reg_file_5__1_: no routing.
Net Regfile_u_reg_file_5__2_: no routing.
Net Regfile_u_reg_file_5__3_: no routing.
Net Regfile_u_reg_file_5__4_: no routing.
Net Regfile_u_reg_file_5__5_: no routing.
Net Regfile_u_reg_file_5__6_: no routing.
Net Regfile_u_reg_file_5__7_: no routing.
Net Regfile_u_reg_file_4__0_: no routing.
Net Regfile_u_reg_file_4__1_: no routing.
Net Regfile_u_reg_file_4__2_: no routing.
Net Regfile_u_reg_file_4__3_: no routing.
Net Regfile_u_reg_file_4__4_: no routing.
Net Regfile_u_reg_file_4__6_: no routing.
Net Regfile_u_reg_file_4__7_: no routing.
Net Regfile_u_n18: no routing.
Net Regfile_u_n17: no routing.
Net sys_ctrl_u_reg3_cfg: no routing.
Net sys_ctrl_u_reg2_cfg: no routing.
Net sys_ctrl_u_cfg_locked: no routing.
Net Rx2SysCtrl_pulse_out: no routing.
Net FIFO_u_U4_WR_PTR_BIN_3_: no routing.
Net FIFO_u_U5_RD_PTR_BIN_3_: no routing.
Net UART_TX_RX_U0_UART_TX_par_bit: no routing.
Net UART_TX_RX_U0_UART_TX_ser_data: no routing.
Net UART_TX_RX_U0_UART_TX_ser_done: no routing.
Net UART_TX_RX_U0_UART_RX_samp_b: no routing.
Net UART_TX_RX_U0_UART_RX_stp_chk_en: no routing.
Net UART_TX_RX_U0_UART_RX_strt_glitch: no routing.
Net UART_TX_RX_U0_UART_RX_stp_done: no routing.
Net UART_TX_RX_U0_UART_RX_par_done: no routing.
Net UART_TX_RX_U0_UART_RX_samp_valid: no routing.
Net UART_TX_RX_U0_UART_TX_U1_loading: no routing.
Net UART_TX_RX_U0_UART_RX_U7_data_valid_next: no routing.
Net UART_TX_RX_U0_UART_RX_U7_sample_valid_d: no routing.
Net UART_TX_RX_U0_UART_RX_U7_n_state_0_: no routing.
Net UART_TX_RX_U0_UART_RX_U6_N5: no routing.
Net UART_TX_RX_U0_UART_RX_U5_N4: no routing.
Net UART_TX_RX_U0_UART_RX_U4_par_done_next: no routing.
Net UART_TX_RX_U0_UART_RX_U4_parity_reg: no routing.
Net UART_TX_RX_U0_UART_RX_U1_N116: no routing.
Net UART_TX_RX_U0_UART_RX_U1_N115: no routing.
Net UART_TX_RX_U0_UART_RX_U1_N114: no routing.
Net UART_TX_RX_U0_UART_RX_U1_N113: no routing.
Net UART_TX_RX_U0_UART_RX_U1_N112: no routing.
Net UART_TX_RX_U0_UART_RX_U1_N111: no routing.
Net UART_TX_RX_U0_UART_RX_U2_N39: no routing.
Net UART_TX_RX_U0_UART_RX_U2_s1: no routing.
Net UART_TX_RX_U0_UART_RX_U2_s0: no routing.
Net C118_DATA15_0: no routing.
Net C118_DATA15_1: no routing.
Net C118_DATA15_2: no routing.
Net C118_DATA15_3: no routing.
Net C118_DATA15_4: no routing.
Net C118_DATA15_5: no routing.
Net C118_DATA15_6: no routing.
Net C118_DATA15_7: no routing.
Net eq_x_40_n25: no routing.
Net eq_x_37_n25: no routing.
Net n613: no routing.
Net n616: no routing.
Net n617: no routing.
Net n618: no routing.
Net n619: no routing.
Net n620: no routing.
Net n621: no routing.
Net n622: no routing.
Net n623: no routing.
Net n624: no routing.
Net n625: no routing.
Net n626: no routing.
Net n627: no routing.
Net n628: no routing.
Net n629: no routing.
Net n630: no routing.
Net n631: no routing.
Net n632: no routing.
Net n633: no routing.
Net n634: no routing.
Net n635: no routing.
Net n636: no routing.
Net n637: no routing.
Net n638: no routing.
Net n639: no routing.
Net n640: no routing.
Net n641: no routing.
Net n642: no routing.
Net n643: no routing.
Net n645: no routing.
Net n646: no routing.
Net n647: no routing.
Net n648: no routing.
Net n649: no routing.
Net n650: no routing.
Net n651: no routing.
Net n652: no routing.
Net n653: no routing.
Net n654: no routing.
Net n655: no routing.
Net n656: no routing.
Net n657: no routing.
Net n658: no routing.
Net n659: no routing.
Net n660: no routing.
Net n661: no routing.
Net n662: no routing.
Net n663: no routing.
Net n664: no routing.
Net n665: no routing.
Net n666: no routing.
Net n667: no routing.
Net n668: no routing.
Net n669: no routing.
Net n670: no routing.
Net n671: no routing.
Net n672: no routing.
Net n673: no routing.
Net n674: no routing.
Net n675: no routing.
Net n676: no routing.
Net n677: no routing.
Net n678: no routing.
Net n679: no routing.
Net n680: no routing.
Net n681: no routing.
Net n682: no routing.
Net n683: no routing.
Net n684: no routing.
Net n685: no routing.
Net n686: no routing.
Net n687: no routing.
Net n688: no routing.
Net n689: no routing.
Net n690: no routing.
Net n691: no routing.
Net n692: no routing.
Net n693: no routing.
Net n694: no routing.
Net n695: no routing.
Net n696: no routing.
Net n697: no routing.
Net n698: no routing.
Net n699: no routing.
Net n700: no routing.
Net n701: no routing.
Net n702: no routing.
Net n703: no routing.
Net n704: no routing.
Net n705: no routing.
Net n706: no routing.
Net n707: no routing.
Net n708: no routing.
Net n709: no routing.
Net n710: no routing.
Net n711: no routing.
Net n712: no routing.
Net n713: no routing.
Net n714: no routing.
Net n715: no routing.
Net n716: no routing.
Net n717: no routing.
Net n718: no routing.
Net n719: no routing.
Net n720: no routing.
Net n721: no routing.
Net n722: no routing.
Net n723: no routing.
Net n724: no routing.
Net n725: no routing.
Net n726: no routing.
Net n727: no routing.
Net n728: no routing.
Net n729: no routing.
Net n730: no routing.
Net n731: no routing.
Net n732: no routing.
Net n733: no routing.
Net n734: no routing.
Net n735: no routing.
Net n736: no routing.
Net n737: no routing.
Net n738: no routing.
Net n739: no routing.
Net n740: no routing.
Net n741: no routing.
Net n742: no routing.
Net n743: no routing.
Net n744: no routing.
Net n745: no routing.
Net n746: no routing.
Net n747: no routing.
Net n748: no routing.
Net n749: no routing.
Net n750: no routing.
Net n751: no routing.
Net n752: no routing.
Net n753: no routing.
Net n754: no routing.
Net n755: no routing.
Net n756: no routing.
Net n757: no routing.
Net n758: no routing.
Net n759: no routing.
Net n760: no routing.
Net n761: no routing.
Net n762: no routing.
Net n763: no routing.
Net n764: no routing.
Net n765: no routing.
Net n766: no routing.
Net n767: no routing.
Net n768: no routing.
Net n769: no routing.
Net n770: no routing.
Net n771: no routing.
Net n772: no routing.
Net n773: no routing.
Net n774: no routing.
Net n775: no routing.
Net n776: no routing.
Net n777: no routing.
Net n778: no routing.
Net n779: no routing.
Net n780: no routing.
Net n781: no routing.
Net n782: no routing.
Net n783: no routing.
Net n784: no routing.
Net n785: no routing.
Net n786: no routing.
Net n787: no routing.
Net n788: no routing.
Net n789: no routing.
Net n790: no routing.
Net n791: no routing.
Net n792: no routing.
Net n793: no routing.
Net n794: no routing.
Net n795: no routing.
Net n796: no routing.
Net n797: no routing.
Net n798: no routing.
Net n799: no routing.
Net n800: no routing.
Net n801: no routing.
Net n802: no routing.
Net n803: no routing.
Net n804: no routing.
Net n805: no routing.
Net n806: no routing.
Net n807: no routing.
Net n808: no routing.
Net n809: no routing.
Net n810: no routing.
Net n811: no routing.
Net n812: no routing.
Net n813: no routing.
Net n814: no routing.
Net n815: no routing.
Net n816: no routing.
Net n817: no routing.
Net n818: no routing.
Net n819: no routing.
Net n820: no routing.
Net n821: no routing.
Net n822: no routing.
Net n823: no routing.
Net n824: no routing.
Net n825: no routing.
Net n826: no routing.
Net n827: no routing.
Net n828: no routing.
Net n829: no routing.
Net n830: no routing.
Net n831: no routing.
Net n832: no routing.
Net n833: no routing.
Net n834: no routing.
Net n835: no routing.
Net n836: no routing.
Net n837: no routing.
Net n838: no routing.
Net n839: no routing.
Net n840: no routing.
Net n841: no routing.
Net n842: no routing.
Net n843: no routing.
Net n844: no routing.
Net n845: no routing.
Net n846: no routing.
Net n847: no routing.
Net n848: no routing.
Net n849: no routing.
Net n850: no routing.
Net n851: no routing.
Net n852: no routing.
Net n853: no routing.
Net n854: no routing.
Net n855: no routing.
Net n856: no routing.
Net n857: no routing.
Net n858: no routing.
Net n859: no routing.
Net n860: no routing.
Net n861: no routing.
Net n862: no routing.
Net n863: no routing.
Net n864: no routing.
Net n865: no routing.
Net n866: no routing.
Net n867: no routing.
Net n868: no routing.
Net n869: no routing.
Net n870: no routing.
Net n871: no routing.
Net n872: no routing.
Net n873: no routing.
Net n874: no routing.
Net n875: no routing.
Net n876: no routing.
Net n877: no routing.
Net n878: no routing.
Net n879: no routing.
Net n881: no routing.
Net n882: no routing.
Net n883: no routing.
Net n884: no routing.
Net n885: no routing.
Net DP_OP_196J1_124_5161_n43: no routing.
Net DP_OP_196J1_124_5161_n29: no routing.
Net DP_OP_196J1_124_5161_n28: no routing.
Net DP_OP_196J1_124_5161_n27: no routing.
Net DP_OP_196J1_124_5161_n26: no routing.
Net DP_OP_196J1_124_5161_n25: no routing.
Net DP_OP_196J1_124_5161_n24: no routing.
Net DP_OP_196J1_124_5161_n23: no routing.
Net DP_OP_196J1_124_5161_n22: no routing.
Net DP_OP_196J1_124_5161_n16: no routing.
Net DP_OP_196J1_124_5161_n15: no routing.
Net DP_OP_196J1_124_5161_n14: no routing.
Net DP_OP_196J1_124_5161_n13: no routing.
Net DP_OP_196J1_124_5161_n12: no routing.
Net DP_OP_196J1_124_5161_n11: no routing.
Net DP_OP_196J1_124_5161_n10: no routing.
Net DP_OP_196J1_124_5161_n9: no routing.
Net intadd_0_A_4_: no routing.
Net intadd_0_A_3_: no routing.
Net intadd_0_A_2_: no routing.
Net intadd_0_A_1_: no routing.
Net intadd_0_A_0_: no routing.
Net intadd_0_B_4_: no routing.
Net intadd_0_B_3_: no routing.
Net intadd_0_B_2_: no routing.
Net intadd_0_SUM_4_: no routing.
Net intadd_0_SUM_3_: no routing.
Net intadd_0_SUM_2_: no routing.
Net intadd_0_SUM_1_: no routing.
Net intadd_0_SUM_0_: no routing.
Net intadd_0_n5: no routing.
Net intadd_0_n4: no routing.
Net intadd_0_n3: no routing.
Net intadd_0_n2: no routing.
Net intadd_0_n1: no routing.
Net intadd_1_A_3_: no routing.
Net intadd_1_A_2_: no routing.
Net intadd_1_A_1_: no routing.
Net intadd_1_A_0_: no routing.
Net intadd_1_B_4_: no routing.
Net intadd_1_B_3_: no routing.
Net intadd_1_B_2_: no routing.
Net intadd_1_SUM_4_: no routing.
Net intadd_1_SUM_3_: no routing.
Net intadd_1_SUM_2_: no routing.
Net intadd_1_SUM_1_: no routing.
Net intadd_1_SUM_0_: no routing.
Net intadd_1_n5: no routing.
Net intadd_1_n4: no routing.
Net intadd_1_n3: no routing.
Net intadd_1_n2: no routing.
Net intadd_1_n1: no routing.
Net intadd_2_A_3_: no routing.
Net intadd_2_A_2_: no routing.
Net intadd_2_A_1_: no routing.
Net intadd_2_B_3_: no routing.
Net intadd_2_B_2_: no routing.
Net intadd_2_SUM_3_: no routing.
Net intadd_2_SUM_2_: no routing.
Net intadd_2_SUM_1_: no routing.
Net intadd_2_SUM_0_: no routing.
Net intadd_2_n4: no routing.
Net intadd_2_n3: no routing.
Net intadd_2_n2: no routing.
Net intadd_2_n1: no routing.
Net intadd_3_A_3_: no routing.
Net intadd_3_A_2_: no routing.
Net intadd_3_B_2_: no routing.
Net intadd_3_B_0_: no routing.
Net intadd_3_SUM_2_: no routing.
Net intadd_3_SUM_0_: no routing.
Net intadd_3_n4: no routing.
Net intadd_3_n3: no routing.
Net intadd_3_n2: no routing.
Net intadd_3_n1: no routing.
Net intadd_4_A_0_: no routing.
Net intadd_4_B_1_: no routing.
Net intadd_4_CI: no routing.
Net intadd_4_SUM_0_: no routing.
Net intadd_4_n3: no routing.
Net intadd_4_n2: no routing.
Net intadd_4_n1: no routing.
Net intadd_5_A_2_: no routing.
Net intadd_5_B_1_: no routing.
Net intadd_5_n3: no routing.
Net intadd_5_n2: no routing.
Net intadd_5_n1: no routing.
Net intadd_6_A_2_: no routing.
Net intadd_6_A_0_: no routing.
Net intadd_6_B_2_: no routing.
Net intadd_6_B_1_: no routing.
Net intadd_6_B_0_: no routing.
Net intadd_6_SUM_2_: no routing.
Net intadd_6_SUM_1_: no routing.
Net intadd_6_SUM_0_: no routing.
Net intadd_6_n3: no routing.
Net intadd_6_n2: no routing.
Net intadd_6_n1: no routing.
Net intadd_7_A_1_: no routing.
Net intadd_7_A_0_: no routing.
Net intadd_7_B_2_: no routing.
Net intadd_7_B_1_: no routing.
Net intadd_7_B_0_: no routing.
Net intadd_7_CI: no routing.
Net intadd_7_SUM_2_: no routing.
Net intadd_7_SUM_1_: no routing.
Net intadd_7_SUM_0_: no routing.
Net intadd_7_n3: no routing.
Net intadd_7_n2: no routing.
Net intadd_7_n1: no routing.
Net n887: no routing.
Net n888: no routing.
Net n889: no routing.
Net n890: no routing.
Net n891: no routing.
Net n892: no routing.
Net n893: no routing.
Net n894: no routing.
Net n895: no routing.
Net n896: no routing.
Net n897: no routing.
Net n898: no routing.
Net n899: no routing.
Net n900: no routing.
Net n902: no routing.
Net n903: no routing.
Net n904: no routing.
Net n905: no routing.
Net n906: no routing.
Net n907: no routing.
Net n908: no routing.
Net n909: no routing.
Net n910: no routing.
Net n911: no routing.
Net n912: no routing.
Net n913: no routing.
Net n914: no routing.
Net n915: no routing.
Net n916: no routing.
Net n917: no routing.
Net n918: no routing.
Net n919: no routing.
Net n920: no routing.
Net n921: no routing.
Net n922: no routing.
Net n923: no routing.
Net n924: no routing.
Net n925: no routing.
Net n926: no routing.
Net n927: no routing.
Net n928: no routing.
Net n929: no routing.
Net n930: no routing.
Net n931: no routing.
Net n933: no routing.
Net n934: no routing.
Net n935: no routing.
Net n936: no routing.
Net n938: no routing.
Net n939: no routing.
Net n940: no routing.
Net n941: no routing.
Net n942: no routing.
Net n943: no routing.
Net n944: no routing.
Net n945: no routing.
Net n946: no routing.
Net n947: no routing.
Net n948: no routing.
Net n949: no routing.
Net n950: no routing.
Net n951: no routing.
Net n952: no routing.
Net n953: no routing.
Net n954: no routing.
Net n955: no routing.
Net n956: no routing.
Net n957: no routing.
Net n958: no routing.
Net n959: no routing.
Net n960: no routing.
Net n961: no routing.
Net n962: no routing.
Net n963: no routing.
Net n964: no routing.
Net n965: no routing.
Net n966: no routing.
Net n967: no routing.
Net n968: no routing.
Net n969: no routing.
Net n970: no routing.
Net n971: no routing.
Net n972: no routing.
Net n973: no routing.
Net n974: no routing.
Net n975: no routing.
Net n976: no routing.
Net n977: no routing.
Net n978: no routing.
Net n979: no routing.
Net n980: no routing.
Net n981: no routing.
Net n982: no routing.
Net n983: no routing.
Net n984: no routing.
Net n985: no routing.
Net n986: no routing.
Net n987: no routing.
Net n988: no routing.
Net n989: no routing.
Net n990: no routing.
Net n991: no routing.
Net n992: no routing.
Net n993: no routing.
Net n994: no routing.
Net n995: no routing.
Net n996: no routing.
Net n997: no routing.
Net n998: no routing.
Net n999: no routing.
Net n1000: no routing.
Net n1001: no routing.
Net n1002: no routing.
Net n1003: no routing.
Net n1004: no routing.
Net n1005: no routing.
Net n1006: no routing.
Net n1007: no routing.
Net n1008: no routing.
Net n1009: no routing.
Net n1010: no routing.
Net n1011: no routing.
Net n1012: no routing.
Net n1013: no routing.
Net n1014: no routing.
Net n1015: no routing.
Net n1016: no routing.
Net n1017: no routing.
Net n1018: no routing.
Net n1019: no routing.
Net n1020: no routing.
Net n1021: no routing.
Net n1022: no routing.
Net n1023: no routing.
Net n1024: no routing.
Net n1025: no routing.
Net n1026: no routing.
Net n1027: no routing.
Net n1028: no routing.
Net n1029: no routing.
Net n1030: no routing.
Net n1031: no routing.
Net n1032: no routing.
Net n1033: no routing.
Net n1034: no routing.
Net n1035: no routing.
Net n1036: no routing.
Net n1037: no routing.
Net n1038: no routing.
Net n1039: no routing.
Net n1040: no routing.
Net n1041: no routing.
Net n1042: no routing.
Net n1043: no routing.
Net n1044: no routing.
Net n1045: no routing.
Net n1046: no routing.
Net n1047: no routing.
Net n1048: no routing.
Net n1049: no routing.
Net n1050: no routing.
Net n1051: no routing.
Net n1052: no routing.
Net n1053: no routing.
Net n1054: no routing.
Net n1055: no routing.
Net n1056: no routing.
Net n1057: no routing.
Net n1058: no routing.
Net n1059: no routing.
Net n1060: no routing.
Net n1061: no routing.
Net n1062: no routing.
Net n1063: no routing.
Net n1064: no routing.
Net n1065: no routing.
Net n1066: no routing.
Net n1067: no routing.
Net n1069: no routing.
Net n1070: no routing.
Net n1071: no routing.
Net n1072: no routing.
Net n1073: no routing.
Net n1074: no routing.
Net n1075: no routing.
Net n1076: no routing.
Net n1077: no routing.
Net n1078: no routing.
Net n1079: no routing.
Net n1080: no routing.
Net n1081: no routing.
Net n1082: no routing.
Net n1083: no routing.
Net n1084: no routing.
Net n1085: no routing.
Net n1086: no routing.
Net n1087: no routing.
Net n1088: no routing.
Net n1089: no routing.
Net n1090: no routing.
Net n1091: no routing.
Net n1092: no routing.
Net n1093: no routing.
Net n1094: no routing.
Net n1095: no routing.
Net n1096: no routing.
Net n1097: no routing.
Net n1098: no routing.
Net n1099: no routing.
Net n1100: no routing.
Net n1101: no routing.
Net n1102: no routing.
Net n1103: no routing.
Net n1104: no routing.
Net n1105: no routing.
Net n1106: no routing.
Net n1107: no routing.
Net n1108: no routing.
Net n1109: no routing.
Net n1110: no routing.
Net n1111: no routing.
Net n1112: no routing.
Net n1113: no routing.
Net n1114: no routing.
Net n1116: no routing.
Net n1117: no routing.
Net n1118: no routing.
Net n1119: no routing.
Net n1120: no routing.
Net n1121: no routing.
Net n1122: no routing.
Net n1123: no routing.
Net n1124: no routing.
Net n1125: no routing.
Net n1126: no routing.
Net n1127: no routing.
Net n1128: no routing.
Net n1129: no routing.
Net n1130: no routing.
Net n1131: no routing.
Net n1132: no routing.
Net n1133: no routing.
Net n1134: no routing.
Net n1135: no routing.
Net n1136: no routing.
Net n1137: no routing.
Net n1138: no routing.
Net n1139: no routing.
Net n1140: no routing.
Net n1141: no routing.
Net n1142: no routing.
Net n1143: no routing.
Net n1144: no routing.
Net n1145: no routing.
Net n1146: no routing.
Net n1147: no routing.
Net n1148: no routing.
Net n1149: no routing.
Net n1150: no routing.
Net n1151: no routing.
Net n1152: no routing.
Net n1153: no routing.
Net n1154: no routing.
Net n1155: no routing.
Net n1156: no routing.
Net n1157: no routing.
Net n1158: no routing.
Net n1159: no routing.
Net n1160: no routing.
Net n1161: no routing.
Net n1162: no routing.
Net n1163: no routing.
Net n1164: no routing.
Net n1165: no routing.
Net n1166: no routing.
Net n1167: no routing.
Net n1169: no routing.
Net n1170: no routing.
Net n1171: no routing.
Net n1173: no routing.
Net n1174: no routing.
Net n1175: no routing.
Net n1176: no routing.
Net n1177: no routing.
Net n1178: no routing.
Net n1179: no routing.
Net n1180: no routing.
Net n1181: no routing.
Net n1182: no routing.
Net n1183: no routing.
Net n1184: no routing.
Net n1185: no routing.
Net n1186: no routing.
Net n1187: no routing.
Net n1188: no routing.
Net n1189: no routing.
Net n1190: no routing.
Net n1191: no routing.
Net n1192: no routing.
Net n1193: no routing.
Net n1194: no routing.
Net n1195: no routing.
Net n1196: no routing.
Net n1197: no routing.
Net n1199: no routing.
Net n1200: no routing.
Net n1201: no routing.
Net n1202: no routing.
Net n1203: no routing.
Net n1204: no routing.
Net n1205: no routing.
Net n1206: no routing.
Net n1207: no routing.
Net n1208: no routing.
Net n1209: no routing.
Net n1210: no routing.
Net n1211: no routing.
Net n1212: no routing.
Net n1213: no routing.
Net n1214: no routing.
Net n1215: no routing.
Net n1216: no routing.
Net n1217: no routing.
Net n1218: no routing.
Net n1219: no routing.
Net n1220: no routing.
Net n1221: no routing.
Net n1222: no routing.
Net n1223: no routing.
Net n1224: no routing.
Net n1225: no routing.
Net n1226: no routing.
Net n1227: no routing.
Net n1228: no routing.
Net n1229: no routing.
Net n1230: no routing.
Net n1231: no routing.
Net n1232: no routing.
Net n1233: no routing.
Net n1234: no routing.
Net n1235: no routing.
Net n1236: no routing.
Net n1237: no routing.
Net n1238: no routing.
Net n1239: no routing.
Net n1240: no routing.
Net n1241: no routing.
Net n1242: no routing.
Net n1243: no routing.
Net n1244: no routing.
Net n1245: no routing.
Net n1246: no routing.
Net n1247: no routing.
Net n1248: no routing.
Net n1249: no routing.
Net n1250: no routing.
Net n1251: no routing.
Net n1252: no routing.
Net n1253: no routing.
Net n1255: no routing.
Net n1256: no routing.
Net n1257: no routing.
Net n1258: no routing.
Net n1259: no routing.
Net n1260: no routing.
Net n1261: no routing.
Net n1262: no routing.
Net n1263: no routing.
Net n1264: no routing.
Net n1265: no routing.
Net n1266: no routing.
Net n1267: no routing.
Net n1268: no routing.
Net n1269: no routing.
Net n1270: no routing.
Net n1271: no routing.
Net n1272: no routing.
Net n1273: no routing.
Net n1274: no routing.
Net n1275: no routing.
Net n1276: no routing.
Net n1277: no routing.
Net n1278: no routing.
Net n1279: no routing.
Net n1280: no routing.
Net n1281: no routing.
Net n1282: no routing.
Net n1283: no routing.
Net n1284: no routing.
Net n1285: no routing.
Net n1286: no routing.
Net n1287: no routing.
Net n1288: no routing.
Net n1289: no routing.
Net n1290: no routing.
Net n1291: no routing.
Net n1292: no routing.
Net n1293: no routing.
Net n1294: no routing.
Net n1295: no routing.
Net n1296: no routing.
Net n1297: no routing.
Net n1298: no routing.
Net n1299: no routing.
Net n1300: no routing.
Net n1301: no routing.
Net n1302: no routing.
Net n1303: no routing.
Net n1304: no routing.
Net n1305: no routing.
Net n1306: no routing.
Net n1307: no routing.
Net n1308: no routing.
Net n1309: no routing.
Net n1310: no routing.
**WARN: (SOCVFC-3):	Verify Connectivity stopped: Number of errors exceeds the limit 1000

Begin Summary 
    1000 Problem(s) [ 98]: Net has no global routing and no special routing.
    1000 total info(s) created.
End Summary

End Time: Mon Oct  5 00:49:42 2026
******** End: VERIFY CONNECTIVITY ********
  Verification Complete : 1000 Viols.  0 Wrngs.
  (CPU Time: 0:00:00.0  MEM: 0.000M)

<CMD> clearClockDomains
<CMD> setClockDomains -all
setClockDomains -all 
**WARN: (SOCSYC-1873):	The setClockDomains -all option is unsupported in CTE mode 
<CMD> timeDesign -preCTS -idealClock -pathReports -drvReports -slackReports -numPaths 50 -prefix sys_top_preCTS -outDir timingReports
-engine default                        # enums={feDC signalStorm default}, default=default, user setting
-signOff false                         # bool, default=false
*** Starting trialRoute (mem=390.3M) ***

There are 0 pin guide points passed to trialRoute.
Options:  -handlePreroute -keepMarkedOptRoutes -noPinGuide

Nr of prerouted/Fixed nets = 0
routingBox: (0 0) (480940 320940)
coreBox:    (12300 12300) (468940 308940)
Number of multi-gpin terms=150, multi-gpins=310, moved blk term=0/0

Phase 1a route (0:00:00.0 390.3M):
Est net length = 6.092e+04um = 3.193e+04H + 2.898e+04V
Usage: (16.8%H 18.5%V) = (3.783e+04um 4.792e+04um) = (18377 16696)
Obstruct: 0 = 0 (0.0%H) + 0 (0.0%V)
Overflow: 13 = 0 (0.00% H) + 13 (0.20% V)

Phase 1b route (0:00:00.0 390.3M):
Usage: (16.7%H 18.5%V) = (3.771e+04um 4.792e+04um) = (18319 16696)
Overflow: 13 = 0 (0.00% H) + 13 (0.20% V)

Phase 1c route (0:00:00.0 390.3M):
Usage: (16.7%H 18.5%V) = (3.759e+04um 4.787e+04um) = (18259 16678)
Overflow: 6 = 0 (0.00% H) + 6 (0.09% V)

Phase 1d route (0:00:00.0 390.3M):
Usage: (16.7%H 18.5%V) = (3.759e+04um 4.787e+04um) = (18259 16678)
Overflow: 6 = 0 (0.00% H) + 6 (0.09% V)

Phase 1e route (0:00:00.0 390.3M):
Usage: (16.7%H 18.5%V) = (3.759e+04um 4.787e+04um) = (18261 16678)
Overflow: 4 = 0 (0.00% H) + 4 (0.06% V)

Phase 1f route (0:00:00.0 390.3M):
Usage: (16.7%H 18.5%V) = (3.760e+04um 4.787e+04um) = (18265 16680)
Overflow: 1 = 0 (0.00% H) + 1 (0.02% V)

Congestion distribution:

Remain	cntH		cntV
--------------------------------------
 -1:	0	 0.00%	1	 0.02%
--------------------------------------
  0:	0	 0.00%	15	 0.24%
  1:	0	 0.00%	36	 0.57%
  2:	0	 0.00%	32	 0.51%
  3:	0	 0.00%	58	 0.92%
  4:	0	 0.00%	110	 1.74%
  5:	0	 0.00%	135	 2.13%
  6:	2	 0.03%	102	 1.61%
  7:	12	 0.19%	215	 3.40%
  8:	39	 0.62%	247	 3.91%
  9:	93	 1.47%	356	 5.63%
 10:	297	 4.70%	543	 8.58%
 11:	335	 5.30%	757	11.97%
 12:	669	10.58%	892	14.10%
 13:	811	12.82%	1013	16.02%
 14:	1059	16.74%	787	12.44%
 15:	1094	17.30%	861	13.61%
 16:	841	13.30%	30	 0.47%
 17:	677	10.70%	8	 0.13%
 18:	281	 4.44%	17	 0.27%
 19:	0	 0.00%	52	 0.82%
 20:	115	 1.82%	58	 0.92%


Using detail cap. scale factor for clock nets.
Initializing multi-corner capacitance tables ... 
Initializing multi-corner resistance tables ...

*** Memory Usage v0.144 (Current mem = 390.309M, initial mem = 62.238M) ***
Phase 1l route (0:00:00.1 390.3M):


*** After '-updateRemainTrks' operation: 

Usage: (17.5%H 19.5%V) = (3.937e+04um 5.034e+04um) = (19123 17540)
Overflow: 31 = 0 (0.00% H) + 31 (0.49% V)

Congestion distribution:

Remain	cntH		cntV
--------------------------------------
 -4:	0	 0.00%	2	 0.03%
 -3:	0	 0.00%	3	 0.05%
 -2:	0	 0.00%	6	 0.09%
 -1:	0	 0.00%	13	 0.21%
--------------------------------------
  0:	0	 0.00%	25	 0.40%
  1:	0	 0.00%	35	 0.55%
  2:	0	 0.00%	29	 0.46%
  3:	1	 0.02%	68	 1.08%
  4:	0	 0.00%	121	 1.91%
  5:	4	 0.06%	123	 1.94%
  6:	7	 0.11%	123	 1.94%
  7:	26	 0.41%	238	 3.76%
  8:	54	 0.85%	278	 4.40%
  9:	105	 1.66%	353	 5.58%
 10:	339	 5.36%	528	 8.35%
 11:	362	 5.72%	746	11.79%
 12:	660	10.43%	845	13.36%
 13:	853	13.49%	990	15.65%
 14:	1037	16.40%	775	12.25%
 15:	1045	16.52%	860	13.60%
 16:	789	12.47%	29	 0.46%
 17:	654	10.34%	8	 0.13%
 18:	274	 4.33%	17	 0.27%
 19:	0	 0.00%	52	 0.82%
 20:	115	 1.82%	58	 0.92%



*** Completed Phase 1 route (0:00:00.1 390.3M) ***


Total length: 6.331e+04um, number of vias: 16945
M1(H) length: 3.663e+00um, number of vias: 7788
M2(V) length: 2.026e+04um, number of vias: 7094
M3(H) length: 2.712e+04um, number of vias: 1415
M4(V) length: 1.009e+04um, number of vias: 490
M5(H) length: 4.631e+03um, number of vias: 158
M6(V) length: 1.212e+03um, number of vias: 0
M7(H) length: 0.000e+00um
*** Completed Phase 2 route (0:00:00.0 390.3M) ***

*** Finished all Phases (cpu=0:00:00.1 mem=390.3M) ***
Peak Memory Usage was 390.3M 
*** Finished trialRoute (cpu=0:00:00.1 mem=390.3M) ***

Default RC Extraction called for design sys_top.
RC Extraction called in multi-corner(1) mode.
RCMode: Default
      RC Corner Indexes            0   
Capacitance Scaling Factor   : 1.00000 
Coupling Cap. Scaling Factor : 1.00000 
Resistance Scaling Factor    : 1.00000 
Shrink Factor                : 1.00000
Default RC extraction is honoring NDR/Shielding/ExtraSpace for clock nets.
Using detail cap. scale factor for clock nets.
Initializing multi-corner capacitance tables ... 
Initializing multi-corner resistance tables ...
Default RC Extraction DONE (CPU Time: 0:00:00.0  Real Time: 0:00:00.0  MEM: 390.309M)
Found active setup analysis view setup1_analysis_view
Found active setup analysis view setup2_analysis_view
Found active setup analysis view setup3_analysis_view
Found active hold analysis view hold1_analysis_view
Found active hold analysis view hold2_analysis_view
Found active hold analysis view hold3_analysis_view

------------------------------------------------------------
          timeDesign Summary                             
------------------------------------------------------------

+--------------------+---------+---------+---------+---------+---------+---------+
|     Setup mode     |   all   | reg2reg | in2reg  | reg2out | in2out  | clkgate |
+--------------------+---------+---------+---------+---------+---------+---------+
|           WNS (ns):|  0.138  |  0.138  |  6.957  | 78.476  |   N/A   |  4.449  |
|           TNS (ns):|  0.000  |  0.000  |  0.000  |  0.000  |   N/A   |  0.000  |
|    Violating Paths:|    0    |    0    |    0    |    0    |   N/A   |    0    |
|          All Paths:|  1010   |   993   |   307   |    6    |   N/A   |    1    |
+--------------------+---------+---------+---------+---------+---------+---------+

+----------------+---------------------------+--------------+
|                |            Real           |     Total    |
|    DRVs        +--------------+------------+--------------|
|                |Nr nets(terms)| Worst Vio  |Nr nets(terms)|
+----------------+--------------+------------+--------------+
|   max_cap      |    0 (0)     |   0.000    |    2 (2)     |
|   max_tran     |    0 (0)     |   0.000    |    0 (0)     |
|   max_fanout   |    0 (0)     |     0      |    0 (0)     |
+----------------+--------------+------------+--------------+

Density: 66.067%
Routing Overflow: 0.00% H and 0.49% V
------------------------------------------------------------
Reported timing to dir timingReports
Total CPU time: 0.76 sec
Total Real time: 1.0 sec
Total Memory Usage: 390.308594 Mbytes
<CMD> clockDesign -genSpecOnly Clock.ctstch
<clockDesign INFO> 'setCTSMode -routeClkNet true' is set inside clockDesign.

<clockDesign CMD> createClockTreeSpec -output Clock.ctstch

******* createClockTreeSpec begin *******
Options:  -output Clock.ctstch 
createClockTreeSpec extracts the buffer list automatically.
CTE Mode
*Info: Try to find ThroughPin for generated clock Rx_clk
*Info: Found ThroughPin: RX_CLK/div_clk_reg_reg (CK->Q)
*Info: Try to find ThroughPin for generated clock Tx_clk
*Info: Found ThroughPin: TX_CLK/div_clk_reg_reg (CK->Q)
*Info: Try to find ThroughPin for generated clock Gated_clk
*Info: Found ThroughPin: ALU_CG/Latch_Out_reg (GN->Q)
*Info: Try to find ThroughPin for generated clock Rx_clk
*Info: Found ThroughPin: RX_CLK/div_clk_reg_reg (CK->Q)
*Info: Try to find ThroughPin for generated clock Tx_clk
*Info: Found ThroughPin: TX_CLK/div_clk_reg_reg (CK->Q)
*Info: Try to find ThroughPin for generated clock Gated_clk
*Info: Found ThroughPin: ALU_CG/Latch_Out_reg (GN->Q)
*Info: Try to find ThroughPin for generated clock Rx_clk
*Info: Found ThroughPin: RX_CLK/div_clk_reg_reg (CK->Q)
*Info: Try to find ThroughPin for generated clock Tx_clk
*Info: Found ThroughPin: TX_CLK/div_clk_reg_reg (CK->Q)
*Info: Try to find ThroughPin for generated clock Gated_clk
*Info: Found ThroughPin: ALU_CG/Latch_Out_reg (GN->Q)
*Info: Try to find ThroughPin for generated clock Rx_clk
*Info: Found ThroughPin: RX_CLK/div_clk_reg_reg (CK->Q)
*Info: Try to find ThroughPin for generated clock Tx_clk
*Info: Found ThroughPin: TX_CLK/div_clk_reg_reg (CK->Q)
*Info: Try to find ThroughPin for generated clock Gated_clk
*Info: Found ThroughPin: ALU_CG/Latch_Out_reg (GN->Q)
*Info: Try to find ThroughPin for generated clock Rx_clk
*Info: Found ThroughPin: RX_CLK/div_clk_reg_reg (CK->Q)
*Info: Try to find ThroughPin for generated clock Tx_clk
*Info: Found ThroughPin: TX_CLK/div_clk_reg_reg (CK->Q)
*Info: Try to find ThroughPin for generated clock Gated_clk
*Info: Found ThroughPin: ALU_CG/Latch_Out_reg (GN->Q)
*Info: Try to find ThroughPin for generated clock Rx_clk
*Info: Found ThroughPin: RX_CLK/div_clk_reg_reg (CK->Q)
*Info: Try to find ThroughPin for generated clock Tx_clk
*Info: Found ThroughPin: TX_CLK/div_clk_reg_reg (CK->Q)
*Info: Try to find ThroughPin for generated clock Gated_clk
*Info: Found ThroughPin: ALU_CG/Latch_Out_reg (GN->Q)
Total 3 clock roots are extracted.
*** End createClockTreeSpec (cpu=0:00:00.0, real=0:00:00.0, mem=390.3M) ***
<CMD> clockDesign -specFile Clock.ctstch -outDir clock_report -fixedInstBeforeCTS
<clockDesign INFO> 'setCTSMode -routeClkNet true' is set inside clockDesign.

<clockDesign CMD> cleanupSpecifyClockTree
<clockDesign CMD> specifyClockTree -file Clock.ctstch

Reading clock tree spec file 'Clock.ctstch' ...

RouteType               : FE_CTS_DEFAULT
PreferredExtraSpace     : 1
Shield                  : NONE
PreferLayer             : M3 M4 
RC Information for View setup1_analysis_view :
Est. Cap                : 0.146248(V=0.139886 H=0.15261) (ff/um) [7.31238e-05]
Est. Res                : 1.15(V=1.05 H=1.25)(ohm/um) [0.000575]
Est. Via Res            : 4(ohm) [7.75]
Est. Via Cap            : 0.154152(ff)
M1(H) w=0.16(um) s=0.18(um) p=0.41(um) es=0.66(um) cap=0.157(ff/um) res=2.38(ohm/um) viaRes=0(ohm) viaCap=0(ff)
M2(V) w=0.2(um) s=0.21(um) p=0.41(um) es=0.62(um) cap=0.153(ff/um) res=1.25(ohm/um) viaRes=3.75(ohm) viaCap=0.164232(ff)
M3(H) w=0.2(um) s=0.21(um) p=0.41(um) es=0.62(um) cap=0.153(ff/um) res=1.25(ohm/um) viaRes=4(ohm) viaCap=0.160393(ff)
M4(V) w=0.2(um) s=0.21(um) p=0.41(um) es=0.62(um) cap=0.14(ff/um) res=1.05(ohm/um) viaRes=4(ohm) viaCap=0.154152(ff)
M5(H) w=0.2(um) s=0.21(um) p=0.41(um) es=0.62(um) cap=0.106(ff/um) res=1.05(ohm/um) viaRes=2.4(ohm) viaCap=0.130276(ff)
M6(V) w=0.2(um) s=0.21(um) p=0.41(um) es=0.62(um) cap=0.106(ff/um) res=1.05(ohm/um) viaRes=2.4(ohm) viaCap=0.110787(ff)
M7(H) w=0.4(um) s=0.42(um) p=0.82(um) es=1.24(um) cap=0.133(ff/um) res=0.188(ohm/um) viaRes=2.33333(ohm) viaCap=0.220695(ff)

RC Information for View setup2_analysis_view :
Est. Cap                : 0.146248(V=0.139886 H=0.15261) (ff/um) [7.31238e-05]
Est. Res                : 1.15(V=1.05 H=1.25)(ohm/um) [0.000575]
Est. Via Res            : 4(ohm) [7.75]
Est. Via Cap            : 0.154152(ff)
M1(H) w=0.16(um) s=0.18(um) p=0.41(um) es=0.66(um) cap=0.157(ff/um) res=2.38(ohm/um) viaRes=0(ohm) viaCap=0(ff)
M2(V) w=0.2(um) s=0.21(um) p=0.41(um) es=0.62(um) cap=0.153(ff/um) res=1.25(ohm/um) viaRes=3.75(ohm) viaCap=0.164232(ff)
M3(H) w=0.2(um) s=0.21(um) p=0.41(um) es=0.62(um) cap=0.153(ff/um) res=1.25(ohm/um) viaRes=4(ohm) viaCap=0.160393(ff)
M4(V) w=0.2(um) s=0.21(um) p=0.41(um) es=0.62(um) cap=0.14(ff/um) res=1.05(ohm/um) viaRes=4(ohm) viaCap=0.154152(ff)
M5(H) w=0.2(um) s=0.21(um) p=0.41(um) es=0.62(um) cap=0.106(ff/um) res=1.05(ohm/um) viaRes=2.4(ohm) viaCap=0.130276(ff)
M6(V) w=0.2(um) s=0.21(um) p=0.41(um) es=0.62(um) cap=0.106(ff/um) res=1.05(ohm/um) viaRes=2.4(ohm) viaCap=0.110787(ff)
M7(H) w=0.4(um) s=0.42(um) p=0.82(um) es=1.24(um) cap=0.133(ff/um) res=0.188(ohm/um) viaRes=2.33333(ohm) viaCap=0.220695(ff)

RC Information for View setup3_analysis_view :
Est. Cap                : 0.146248(V=0.139886 H=0.15261) (ff/um) [7.31238e-05]
Est. Res                : 1.15(V=1.05 H=1.25)(ohm/um) [0.000575]
Est. Via Res            : 4(ohm) [7.75]
Est. Via Cap            : 0.154152(ff)
M1(H) w=0.16(um) s=0.18(um) p=0.41(um) es=0.66(um) cap=0.157(ff/um) res=2.38(ohm/um) viaRes=0(ohm) viaCap=0(ff)
M2(V) w=0.2(um) s=0.21(um) p=0.41(um) es=0.62(um) cap=0.153(ff/um) res=1.25(ohm/um) viaRes=3.75(ohm) viaCap=0.164232(ff)
M3(H) w=0.2(um) s=0.21(um) p=0.41(um) es=0.62(um) cap=0.153(ff/um) res=1.25(ohm/um) viaRes=4(ohm) viaCap=0.160393(ff)
M4(V) w=0.2(um) s=0.21(um) p=0.41(um) es=0.62(um) cap=0.14(ff/um) res=1.05(ohm/um) viaRes=4(ohm) viaCap=0.154152(ff)
M5(H) w=0.2(um) s=0.21(um) p=0.41(um) es=0.62(um) cap=0.106(ff/um) res=1.05(ohm/um) viaRes=2.4(ohm) viaCap=0.130276(ff)
M6(V) w=0.2(um) s=0.21(um) p=0.41(um) es=0.62(um) cap=0.106(ff/um) res=1.05(ohm/um) viaRes=2.4(ohm) viaCap=0.110787(ff)
M7(H) w=0.4(um) s=0.42(um) p=0.82(um) es=1.24(um) cap=0.133(ff/um) res=0.188(ohm/um) viaRes=2.33333(ohm) viaCap=0.220695(ff)

RC Information for View hold1_analysis_view :
Est. Cap                : 0.146248(V=0.139886 H=0.15261) (ff/um) [7.31238e-05]
Est. Res                : 1.15(V=1.05 H=1.25)(ohm/um) [0.000575]
Est. Via Res            : 4(ohm) [7.75]
Est. Via Cap            : 0.154152(ff)
M1(H) w=0.16(um) s=0.18(um) p=0.41(um) es=0.66(um) cap=0.157(ff/um) res=2.38(ohm/um) viaRes=0(ohm) viaCap=0(ff)
M2(V) w=0.2(um) s=0.21(um) p=0.41(um) es=0.62(um) cap=0.153(ff/um) res=1.25(ohm/um) viaRes=3.75(ohm) viaCap=0.164232(ff)
M3(H) w=0.2(um) s=0.21(um) p=0.41(um) es=0.62(um) cap=0.153(ff/um) res=1.25(ohm/um) viaRes=4(ohm) viaCap=0.160393(ff)
M4(V) w=0.2(um) s=0.21(um) p=0.41(um) es=0.62(um) cap=0.14(ff/um) res=1.05(ohm/um) viaRes=4(ohm) viaCap=0.154152(ff)
M5(H) w=0.2(um) s=0.21(um) p=0.41(um) es=0.62(um) cap=0.106(ff/um) res=1.05(ohm/um) viaRes=2.4(ohm) viaCap=0.130276(ff)
M6(V) w=0.2(um) s=0.21(um) p=0.41(um) es=0.62(um) cap=0.106(ff/um) res=1.05(ohm/um) viaRes=2.4(ohm) viaCap=0.110787(ff)
M7(H) w=0.4(um) s=0.42(um) p=0.82(um) es=1.24(um) cap=0.133(ff/um) res=0.188(ohm/um) viaRes=2.33333(ohm) viaCap=0.220695(ff)

RC Information for View hold2_analysis_view :
Est. Cap                : 0.146248(V=0.139886 H=0.15261) (ff/um) [7.31238e-05]
Est. Res                : 1.15(V=1.05 H=1.25)(ohm/um) [0.000575]
Est. Via Res            : 4(ohm) [7.75]
Est. Via Cap            : 0.154152(ff)
M1(H) w=0.16(um) s=0.18(um) p=0.41(um) es=0.66(um) cap=0.157(ff/um) res=2.38(ohm/um) viaRes=0(ohm) viaCap=0(ff)
M2(V) w=0.2(um) s=0.21(um) p=0.41(um) es=0.62(um) cap=0.153(ff/um) res=1.25(ohm/um) viaRes=3.75(ohm) viaCap=0.164232(ff)
M3(H) w=0.2(um) s=0.21(um) p=0.41(um) es=0.62(um) cap=0.153(ff/um) res=1.25(ohm/um) viaRes=4(ohm) viaCap=0.160393(ff)
M4(V) w=0.2(um) s=0.21(um) p=0.41(um) es=0.62(um) cap=0.14(ff/um) res=1.05(ohm/um) viaRes=4(ohm) viaCap=0.154152(ff)
M5(H) w=0.2(um) s=0.21(um) p=0.41(um) es=0.62(um) cap=0.106(ff/um) res=1.05(ohm/um) viaRes=2.4(ohm) viaCap=0.130276(ff)
M6(V) w=0.2(um) s=0.21(um) p=0.41(um) es=0.62(um) cap=0.106(ff/um) res=1.05(ohm/um) viaRes=2.4(ohm) viaCap=0.110787(ff)
M7(H) w=0.4(um) s=0.42(um) p=0.82(um) es=1.24(um) cap=0.133(ff/um) res=0.188(ohm/um) viaRes=2.33333(ohm) viaCap=0.220695(ff)

RC Information for View hold3_analysis_view :
Est. Cap                : 0.146248(V=0.139886 H=0.15261) (ff/um) [7.31238e-05]
Est. Res                : 1.15(V=1.05 H=1.25)(ohm/um) [0.000575]
Est. Via Res            : 4(ohm) [7.75]
Est. Via Cap            : 0.154152(ff)
M1(H) w=0.16(um) s=0.18(um) p=0.41(um) es=0.66(um) cap=0.157(ff/um) res=2.38(ohm/um) viaRes=0(ohm) viaCap=0(ff)
M2(V) w=0.2(um) s=0.21(um) p=0.41(um) es=0.62(um) cap=0.153(ff/um) res=1.25(ohm/um) viaRes=3.75(ohm) viaCap=0.164232(ff)
M3(H) w=0.2(um) s=0.21(um) p=0.41(um) es=0.62(um) cap=0.153(ff/um) res=1.25(ohm/um) viaRes=4(ohm) viaCap=0.160393(ff)
M4(V) w=0.2(um) s=0.21(um) p=0.41(um) es=0.62(um) cap=0.14(ff/um) res=1.05(ohm/um) viaRes=4(ohm) viaCap=0.154152(ff)
M5(H) w=0.2(um) s=0.21(um) p=0.41(um) es=0.62(um) cap=0.106(ff/um) res=1.05(ohm/um) viaRes=2.4(ohm) viaCap=0.130276(ff)
M6(V) w=0.2(um) s=0.21(um) p=0.41(um) es=0.62(um) cap=0.106(ff/um) res=1.05(ohm/um) viaRes=2.4(ohm) viaCap=0.110787(ff)
M7(H) w=0.4(um) s=0.42(um) p=0.82(um) es=1.24(um) cap=0.133(ff/um) res=0.188(ohm/um) viaRes=2.33333(ohm) viaCap=0.220695(ff)

RouteType               : FE_CTS_DEFAULT_LEAF
PreferredExtraSpace     : 1
Shield                  : NONE
PreferLayer             : M3 M4 
RC Information for View setup1_analysis_view :
Est. Cap                : 0.146248(V=0.139886 H=0.15261) (ff/um) [7.31238e-05]
Est. Res                : 1.15(V=1.05 H=1.25)(ohm/um) [0.000575]
Est. Via Res            : 4(ohm) [7.75]
Est. Via Cap            : 0.154152(ff)
M1(H) w=0.16(um) s=0.18(um) p=0.41(um) es=0.66(um) cap=0.157(ff/um) res=2.38(ohm/um) viaRes=0(ohm) viaCap=0(ff)
M2(V) w=0.2(um) s=0.21(um) p=0.41(um) es=0.62(um) cap=0.153(ff/um) res=1.25(ohm/um) viaRes=3.75(ohm) viaCap=0.164232(ff)
M3(H) w=0.2(um) s=0.21(um) p=0.41(um) es=0.62(um) cap=0.153(ff/um) res=1.25(ohm/um) viaRes=4(ohm) viaCap=0.160393(ff)
M4(V) w=0.2(um) s=0.21(um) p=0.41(um) es=0.62(um) cap=0.14(ff/um) res=1.05(ohm/um) viaRes=4(ohm) viaCap=0.154152(ff)
M5(H) w=0.2(um) s=0.21(um) p=0.41(um) es=0.62(um) cap=0.106(ff/um) res=1.05(ohm/um) viaRes=2.4(ohm) viaCap=0.130276(ff)
M6(V) w=0.2(um) s=0.21(um) p=0.41(um) es=0.62(um) cap=0.106(ff/um) res=1.05(ohm/um) viaRes=2.4(ohm) viaCap=0.110787(ff)
M7(H) w=0.4(um) s=0.42(um) p=0.82(um) es=1.24(um) cap=0.133(ff/um) res=0.188(ohm/um) viaRes=2.33333(ohm) viaCap=0.220695(ff)

RC Information for View setup2_analysis_view :
Est. Cap                : 0.146248(V=0.139886 H=0.15261) (ff/um) [7.31238e-05]
Est. Res                : 1.15(V=1.05 H=1.25)(ohm/um) [0.000575]
Est. Via Res            : 4(ohm) [7.75]
Est. Via Cap            : 0.154152(ff)
M1(H) w=0.16(um) s=0.18(um) p=0.41(um) es=0.66(um) cap=0.157(ff/um) res=2.38(ohm/um) viaRes=0(ohm) viaCap=0(ff)
M2(V) w=0.2(um) s=0.21(um) p=0.41(um) es=0.62(um) cap=0.153(ff/um) res=1.25(ohm/um) viaRes=3.75(ohm) viaCap=0.164232(ff)
M3(H) w=0.2(um) s=0.21(um) p=0.41(um) es=0.62(um) cap=0.153(ff/um) res=1.25(ohm/um) viaRes=4(ohm) viaCap=0.160393(ff)
M4(V) w=0.2(um) s=0.21(um) p=0.41(um) es=0.62(um) cap=0.14(ff/um) res=1.05(ohm/um) viaRes=4(ohm) viaCap=0.154152(ff)
M5(H) w=0.2(um) s=0.21(um) p=0.41(um) es=0.62(um) cap=0.106(ff/um) res=1.05(ohm/um) viaRes=2.4(ohm) viaCap=0.130276(ff)
M6(V) w=0.2(um) s=0.21(um) p=0.41(um) es=0.62(um) cap=0.106(ff/um) res=1.05(ohm/um) viaRes=2.4(ohm) viaCap=0.110787(ff)
M7(H) w=0.4(um) s=0.42(um) p=0.82(um) es=1.24(um) cap=0.133(ff/um) res=0.188(ohm/um) viaRes=2.33333(ohm) viaCap=0.220695(ff)

RC Information for View setup3_analysis_view :
Est. Cap                : 0.146248(V=0.139886 H=0.15261) (ff/um) [7.31238e-05]
Est. Res                : 1.15(V=1.05 H=1.25)(ohm/um) [0.000575]
Est. Via Res            : 4(ohm) [7.75]
Est. Via Cap            : 0.154152(ff)
M1(H) w=0.16(um) s=0.18(um) p=0.41(um) es=0.66(um) cap=0.157(ff/um) res=2.38(ohm/um) viaRes=0(ohm) viaCap=0(ff)
M2(V) w=0.2(um) s=0.21(um) p=0.41(um) es=0.62(um) cap=0.153(ff/um) res=1.25(ohm/um) viaRes=3.75(ohm) viaCap=0.164232(ff)
M3(H) w=0.2(um) s=0.21(um) p=0.41(um) es=0.62(um) cap=0.153(ff/um) res=1.25(ohm/um) viaRes=4(ohm) viaCap=0.160393(ff)
M4(V) w=0.2(um) s=0.21(um) p=0.41(um) es=0.62(um) cap=0.14(ff/um) res=1.05(ohm/um) viaRes=4(ohm) viaCap=0.154152(ff)
M5(H) w=0.2(um) s=0.21(um) p=0.41(um) es=0.62(um) cap=0.106(ff/um) res=1.05(ohm/um) viaRes=2.4(ohm) viaCap=0.130276(ff)
M6(V) w=0.2(um) s=0.21(um) p=0.41(um) es=0.62(um) cap=0.106(ff/um) res=1.05(ohm/um) viaRes=2.4(ohm) viaCap=0.110787(ff)
M7(H) w=0.4(um) s=0.42(um) p=0.82(um) es=1.24(um) cap=0.133(ff/um) res=0.188(ohm/um) viaRes=2.33333(ohm) viaCap=0.220695(ff)

RC Information for View hold1_analysis_view :
Est. Cap                : 0.146248(V=0.139886 H=0.15261) (ff/um) [7.31238e-05]
Est. Res                : 1.15(V=1.05 H=1.25)(ohm/um) [0.000575]
Est. Via Res            : 4(ohm) [7.75]
Est. Via Cap            : 0.154152(ff)
M1(H) w=0.16(um) s=0.18(um) p=0.41(um) es=0.66(um) cap=0.157(ff/um) res=2.38(ohm/um) viaRes=0(ohm) viaCap=0(ff)
M2(V) w=0.2(um) s=0.21(um) p=0.41(um) es=0.62(um) cap=0.153(ff/um) res=1.25(ohm/um) viaRes=3.75(ohm) viaCap=0.164232(ff)
M3(H) w=0.2(um) s=0.21(um) p=0.41(um) es=0.62(um) cap=0.153(ff/um) res=1.25(ohm/um) viaRes=4(ohm) viaCap=0.160393(ff)
M4(V) w=0.2(um) s=0.21(um) p=0.41(um) es=0.62(um) cap=0.14(ff/um) res=1.05(ohm/um) viaRes=4(ohm) viaCap=0.154152(ff)
M5(H) w=0.2(um) s=0.21(um) p=0.41(um) es=0.62(um) cap=0.106(ff/um) res=1.05(ohm/um) viaRes=2.4(ohm) viaCap=0.130276(ff)
M6(V) w=0.2(um) s=0.21(um) p=0.41(um) es=0.62(um) cap=0.106(ff/um) res=1.05(ohm/um) viaRes=2.4(ohm) viaCap=0.110787(ff)
M7(H) w=0.4(um) s=0.42(um) p=0.82(um) es=1.24(um) cap=0.133(ff/um) res=0.188(ohm/um) viaRes=2.33333(ohm) viaCap=0.220695(ff)

RC Information for View hold2_analysis_view :
Est. Cap                : 0.146248(V=0.139886 H=0.15261) (ff/um) [7.31238e-05]
Est. Res                : 1.15(V=1.05 H=1.25)(ohm/um) [0.000575]
Est. Via Res            : 4(ohm) [7.75]
Est. Via Cap            : 0.154152(ff)
M1(H) w=0.16(um) s=0.18(um) p=0.41(um) es=0.66(um) cap=0.157(ff/um) res=2.38(ohm/um) viaRes=0(ohm) viaCap=0(ff)
M2(V) w=0.2(um) s=0.21(um) p=0.41(um) es=0.62(um) cap=0.153(ff/um) res=1.25(ohm/um) viaRes=3.75(ohm) viaCap=0.164232(ff)
M3(H) w=0.2(um) s=0.21(um) p=0.41(um) es=0.62(um) cap=0.153(ff/um) res=1.25(ohm/um) viaRes=4(ohm) viaCap=0.160393(ff)
M4(V) w=0.2(um) s=0.21(um) p=0.41(um) es=0.62(um) cap=0.14(ff/um) res=1.05(ohm/um) viaRes=4(ohm) viaCap=0.154152(ff)
M5(H) w=0.2(um) s=0.21(um) p=0.41(um) es=0.62(um) cap=0.106(ff/um) res=1.05(ohm/um) viaRes=2.4(ohm) viaCap=0.130276(ff)
M6(V) w=0.2(um) s=0.21(um) p=0.41(um) es=0.62(um) cap=0.106(ff/um) res=1.05(ohm/um) viaRes=2.4(ohm) viaCap=0.110787(ff)
M7(H) w=0.4(um) s=0.42(um) p=0.82(um) es=1.24(um) cap=0.133(ff/um) res=0.188(ohm/um) viaRes=2.33333(ohm) viaCap=0.220695(ff)

RC Information for View hold3_analysis_view :
Est. Cap                : 0.146248(V=0.139886 H=0.15261) (ff/um) [7.31238e-05]
Est. Res                : 1.15(V=1.05 H=1.25)(ohm/um) [0.000575]
Est. Via Res            : 4(ohm) [7.75]
Est. Via Cap            : 0.154152(ff)
M1(H) w=0.16(um) s=0.18(um) p=0.41(um) es=0.66(um) cap=0.157(ff/um) res=2.38(ohm/um) viaRes=0(ohm) viaCap=0(ff)
M2(V) w=0.2(um) s=0.21(um) p=0.41(um) es=0.62(um) cap=0.153(ff/um) res=1.25(ohm/um) viaRes=3.75(ohm) viaCap=0.164232(ff)
M3(H) w=0.2(um) s=0.21(um) p=0.41(um) es=0.62(um) cap=0.153(ff/um) res=1.25(ohm/um) viaRes=4(ohm) viaCap=0.160393(ff)
M4(V) w=0.2(um) s=0.21(um) p=0.41(um) es=0.62(um) cap=0.14(ff/um) res=1.05(ohm/um) viaRes=4(ohm) viaCap=0.154152(ff)
M5(H) w=0.2(um) s=0.21(um) p=0.41(um) es=0.62(um) cap=0.106(ff/um) res=1.05(ohm/um) viaRes=2.4(ohm) viaCap=0.130276(ff)
M6(V) w=0.2(um) s=0.21(um) p=0.41(um) es=0.62(um) cap=0.106(ff/um) res=1.05(ohm/um) viaRes=2.4(ohm) viaCap=0.110787(ff)
M7(H) w=0.4(um) s=0.42(um) p=0.82(um) es=1.24(um) cap=0.133(ff/um) res=0.188(ohm/um) viaRes=2.33333(ohm) viaCap=0.220695(ff)

Active Analysis Views for CTS are,
#1 setup1_analysis_view
#2 setup2_analysis_view
#3 setup3_analysis_view
#4 hold1_analysis_view
#5 hold2_analysis_view
#6 hold3_analysis_view
Default Analysis Views is setup1_analysis_view


****** AutoClockRootPin ******
AutoClockRootPin 1: scan_clk
# NoGating         NO
# SetDPinAsSync    NO
# SetIoPinAsSync   NO
# SetAsyncSRPinAsSync   NO
# SetTriStEnPinAsSync   NO
# SetBBoxPinAsSync   NO
# RouteClkNet      YES
# PostOpt          YES
# RouteType        FE_CTS_DEFAULT
# LeafRouteType    FE_CTS_DEFAULT_LEAF
AutoClockRootPin 2: UART_CLK
# NoGating         NO
# SetDPinAsSync    NO
# SetIoPinAsSync   NO
# SetAsyncSRPinAsSync   NO
# SetTriStEnPinAsSync   NO
# SetBBoxPinAsSync   NO
# RouteClkNet      YES
# PostOpt          YES
# RouteType        FE_CTS_DEFAULT
# LeafRouteType    FE_CTS_DEFAULT_LEAF
AutoClockRootPin 3: REF_CLK
# NoGating         NO
# SetDPinAsSync    NO
# SetIoPinAsSync   NO
# SetAsyncSRPinAsSync   NO
# SetTriStEnPinAsSync   NO
# SetBBoxPinAsSync   NO
# RouteClkNet      YES
# PostOpt          YES
# RouteType        FE_CTS_DEFAULT
# LeafRouteType    FE_CTS_DEFAULT_LEAF

***** !! NOTE !! *****

CTS treats D-pins and I/O pins as non-synchronous pins by default.
If you want to change the behavior, you need to use the SetDPinAsSync
or SetIoPinAsSync statement in the clock tree specification file,
or use the setCTSMode -traceDPinAsLeaf {true|false} command,
or use the setCTSMode -traceIoPinAsLeaf {true|false} command
before specifyClockTree command.

*** End specifyClockTree (cpu=0:00:00.0, real=0:00:00.0, mem=390.3M) ***
<clockDesign CMD> changeClockStatus -all -fixedBuffers
Redoing specifyClockTree  -file Clock.ctstch  ...

changeClockStatus Option :  -all -fixedBuffers 
*** Changed status on (273) instances, and (0) nets in Clock REF_CLK.
*** Changed status on (105) instances, and (0) nets in Clock UART_CLK.
*** Changed status on (0) instances, and (0) nets in Clock scan_clk.
*** End changeClockStatus (cpu=0:00:00.0, real=0:00:00.0, mem=390.3M) ***
<clockDesign CMD> deleteClockTree -all
Redoing specifyClockTree  -file Clock.ctstch  ...

deleteClockTree Option :  -all 
*** 0 Buffers found to be either having FIXED attribute or constraints on it. deleteClockTree may not delete them.*** 
*** Use changeClockStatus to change the FIXED status. ***
*** Removed (0) buffers and (0) inverters in Clock REF_CLK.
*** 2 Buffers found to be either having FIXED attribute or constraints on it. deleteClockTree may not delete them.*** 
*** Use changeClockStatus to change the FIXED status. ***
*** Removed (0) buffers and (0) inverters in Clock UART_CLK.
*** 2 Buffers found to be either having FIXED attribute or constraints on it. deleteClockTree may not delete them.*** 
*** Use changeClockStatus to change the FIXED status. ***
*** Removed (0) buffers and (0) inverters in Clock scan_clk.
***** Delete Clock Tree Finished (CPU Time: 0:00:00.0  MEM: 390.309M)
*** End deleteClockTree (cpu=0:00:00.0, real=0:00:00.0, mem=390.3M) ***
<clockDesign CMD> ckSynthesis -report clock_report/clock.report -forceReconvergent -breakLoop
Redoing specifyClockTree  -file Clock.ctstch  ...


ckSynthesis Option :  -report clock_report/clock.report -forceReconvergent -breakLoop 
***** Allocate Placement Memory Finished (MEM: 390.309M)

Start to trace clock trees ...
*** Begin Tracer (mem=390.3M) ***
Tracing Clock scan_clk ...
Tracing Clock UART_CLK ...
 ** Pin U947/Y is a crossover pin between Clock scan_clk and UART_CLK
Tracing Clock REF_CLK ...
 ** Pin U760/Y is a crossover pin between Clock scan_clk and REF_CLK
*** End Tracer (mem=390.3M) ***
***** Allocate Obstruction Memory  Finished (MEM: 390.309M)

****** Clock Tree (scan_clk) Structure
Max. Skew           : 300(ps)
Max. Sink Transition: 400(ps)
Max. Buf Transition : 400(ps)
Max. Delay          : 100000(ps)
Min. Delay          : 0(ps)
Buffer              : (INVXLM) (CLKBUFX1M) (CLKINVX1M) (INVX1M) (BUFX2M) (CLKBUFX2M) (INVX2M) (CLKINVX2M) (CLKBUFX3M) (BUFX3M) (INVX3M) (CLKINVX3M) (BUFX4M) (CLKBUFX4M) (INVX4M) (CLKINVX4M) (BUFX5M) (INVX5M) (CLKBUFX6M) (BUFX6M) (INVX6M) (CLKINVX6M) (BUFX8M) (CLKBUFX8M) (CLKINVX8M) (INVX8M) (BUFX10M) (INVX10M) (CLKINVX12M) (BUFX12M) (CLKBUFX12M) (INVX12M) (BUFX14M) (INVX14M) (CLKBUFX16M) (BUFX16M) (INVX16M) (CLKINVX16M) (INVX18M) (BUFX18M) (BUFX20M) (CLKINVX20M) (INVX20M) (CLKBUFX20M) (CLKBUFX24M) (BUFX24M) (CLKINVX24M) (INVX24M) (CLKBUFX32M) (BUFX32M) (INVX32M) (CLKINVX32M) (CLKBUFX40M) (CLKINVX40M) 
Nr. Subtrees                    : 11
Nr. Sinks                       : 361
Nr.          Rising  Sync Pins  : 361
Nr. Inverter Rising  Sync Pins  : 0
Nr.          Falling Sync Pins  : 0
Nr. Inverter Falling Sync Pins  : 0
***********************************************************
SubTree No: 0

Input_Pin:  (U954/A)
Output_Pin: (U954/Y)
Output_Net: (rx_clk)   
**** CK_START: TopDown Tree Construction for rx_clk (40-leaf) (maxFan=50) (mem=390.3M)

Find 0 route_obs, 1 place_obs, 0 cut_obs  1 fence channel(s), 
 1 channel(s).
Trig. Edge Skew=6[451,457] N40 B1 G1 A8(8.0) L[2,2] score=1106 cpu=0:00:00.0 mem=390M 

**** CK_END: TopDown Tree Construction for rx_clk (cpu=0:00:00.3, real=0:00:01.0, mem=390.3M)



**** CK_START: Update Database (mem=390.3M)
1 Clock Buffers/Inverters inserted.
**** CK_END: Update Database (cpu=0:00:00.0, real=0:00:00.0, mem=390.3M)
**** CK_START: Macro Models Generation (mem=390.3M)

**** CK_END: Macro Models Generation (cpu=0:00:00.0, real=0:00:00.0, mem=390.3M)
SubTree No: 1

Input_Pin:  (RX_CLK/U18/A)
Output_Pin: (RX_CLK/U18/Y)
Output_Net: (n884)   
**** CK_START: Macro Models Generation (mem=390.3M)

**** CK_END: Macro Models Generation (cpu=0:00:00.0, real=0:00:00.0, mem=390.3M)
SubTree No: 2

Input_Pin:  (RX_CLK/div_clk_reg_reg/CK)
Output_Pin: (RX_CLK/div_clk_reg_reg/Q)
Output_Net: (n1907)   
*** Find 4 Excluded Nodes.


**** CK_START: Update Database (mem=390.3M)
0 Clock Buffers/Inverters inserted.
**** CK_END: Update Database (cpu=0:00:00.0, real=0:00:00.0, mem=390.3M)
**** CK_START: Macro Models Generation (mem=390.3M)

**** CK_END: Macro Models Generation (cpu=0:00:00.0, real=0:00:00.0, mem=390.3M)
SubTree No: 3

Input_Pin:  (U954/A)
Output_Pin: (U954/Y)
Output_Net: (rx_clk)   
SubTree No: 4

Input_Pin:  (RX_CLK/U18/B)
Output_Pin: (RX_CLK/U18/Y)
Output_Net: (n884)   
**** CK_START: Macro Models Generation (mem=390.3M)

**** CK_END: Macro Models Generation (cpu=0:00:00.0, real=0:00:00.0, mem=390.3M)
SubTree No: 5

Input_Pin:  (U953/A)
Output_Pin: (U953/Y)
Output_Net: (tx_clk)   
**** CK_START: TopDown Tree Construction for tx_clk (39-leaf) (maxFan=50) (mem=390.3M)

Trig. Edge Skew=6[454,459] N39 B1 G1 A8(8.0) L[2,2] score=1103 cpu=0:00:00.0 mem=390M 

**** CK_END: TopDown Tree Construction for tx_clk (cpu=0:00:00.3, real=0:00:00.0, mem=390.3M)



**** CK_START: Update Database (mem=390.3M)
1 Clock Buffers/Inverters inserted.
**** CK_END: Update Database (cpu=0:00:00.0, real=0:00:00.0, mem=390.3M)
**** CK_START: Macro Models Generation (mem=390.3M)

**** CK_END: Macro Models Generation (cpu=0:00:00.0, real=0:00:00.0, mem=390.3M)
SubTree No: 6

Input_Pin:  (TX_CLK/U40/A)
Output_Pin: (TX_CLK/U40/Y)
Output_Net: (n885)   
**** CK_START: Macro Models Generation (mem=390.3M)

**** CK_END: Macro Models Generation (cpu=0:00:00.0, real=0:00:00.0, mem=390.3M)
SubTree No: 7

Input_Pin:  (TX_CLK/div_clk_reg_reg/CK)
Output_Pin: (TX_CLK/div_clk_reg_reg/Q)
Output_Net: (n1904)   
*** Find 5 Excluded Nodes.


**** CK_START: Update Database (mem=390.3M)
0 Clock Buffers/Inverters inserted.
**** CK_END: Update Database (cpu=0:00:00.0, real=0:00:00.0, mem=390.3M)
**** CK_START: Macro Models Generation (mem=390.3M)

**** CK_END: Macro Models Generation (cpu=0:00:00.0, real=0:00:00.0, mem=390.3M)
SubTree No: 8

Input_Pin:  (U953/A)
Output_Pin: (U953/Y)
Output_Net: (tx_clk)   
SubTree No: 9

Input_Pin:  (TX_CLK/U40/B)
Output_Pin: (TX_CLK/U40/Y)
Output_Net: (n885)   
**** CK_START: Macro Models Generation (mem=390.3M)

**** CK_END: Macro Models Generation (cpu=0:00:00.0, real=0:00:00.0, mem=390.3M)
SubTree No: 10

Input_Pin:  (U947/B)
Output_Pin: (U947/Y)
Output_Net: (clk_m_UART)   
**** CK_START: TopDown Tree Construction for clk_m_UART (16-leaf) (4 macro model) (maxFan=50) (mem=390.3M)

1: ckNode L0_0_INVX2M: loc not Legalized (134910 147211)=>(136120 144320) 2um
2: ckNode L0_0_INVX2M: loc not Legalized (141471 95548)=>(141040 86920) 4um
3: ckNode L0_0_INVX2M: loc not Legalized (149670 89799)=>(145960 86920) 3um
Trig. Edge Skew=61[1515,1576] N16 B8 G5 A32(31.7) L[1,6] C0/4 score=7840 cpu=0:00:00.0 mem=390M 

**** CK_END: TopDown Tree Construction for clk_m_UART (cpu=0:00:00.2, real=0:00:00.0, mem=390.3M)



**** CK_START: Update Database (mem=390.3M)
8 Clock Buffers/Inverters inserted.
**** CK_END: Update Database (cpu=0:00:00.0, real=0:00:00.0, mem=390.3M)
**** CK_START: Macro Models Generation (mem=390.3M)

**** CK_END: Macro Models Generation (cpu=0:00:00.0, real=0:00:00.0, mem=390.3M)
SubTree No: 11

Input_Pin:  (U954/B)
Output_Pin: (U954/Y)
Output_Net: (rx_clk)   
**** CK_START: Macro Models Generation (mem=390.3M)

**** CK_END: Macro Models Generation (cpu=0:00:00.0, real=0:00:00.0, mem=390.3M)
SubTree No: 12

Input_Pin:  (U953/B)
Output_Pin: (U953/Y)
Output_Net: (tx_clk)   
**** CK_START: Macro Models Generation (mem=390.3M)

**** CK_END: Macro Models Generation (cpu=0:00:00.0, real=0:00:00.0, mem=390.3M)
SubTree No: 13

Input_Pin:  (ALU_CG/U2/A)
Output_Pin: (ALU_CG/U2/Y)
Output_Net: (alu_cg)   
**** CK_START: TopDown Tree Construction for alu_cg (17-leaf) (maxFan=50) (mem=390.3M)

Trig. Edge Skew=1[394,395] N17 B1 G1 A8(8.0) L[2,2] score=1067 cpu=0:00:00.0 mem=390M 

**** CK_END: TopDown Tree Construction for alu_cg (cpu=0:00:00.1, real=0:00:00.0, mem=390.3M)



**** CK_START: Update Database (mem=390.3M)
1 Clock Buffers/Inverters inserted.
**** CK_END: Update Database (cpu=0:00:00.0, real=0:00:00.0, mem=390.3M)
**** CK_START: Macro Models Generation (mem=390.3M)

**** CK_END: Macro Models Generation (cpu=0:00:00.0, real=0:00:00.0, mem=390.3M)
SubTree No: 14

Input_Pin:  (ALU_CG/Latch_Out_reg/GN)
Output_Pin: (ALU_CG/Latch_Out_reg/Q)
Output_Net: (ALU_CG/Latch_Out)   
**** CK_START: Macro Models Generation (mem=390.3M)

**** CK_END: Macro Models Generation (cpu=0:00:00.0, real=0:00:00.0, mem=390.3M)
SubTree No: 15

Input_Pin:  (ALU_CG/U2/B)
Output_Pin: (ALU_CG/U2/Y)
Output_Net: (alu_cg)   
**** CK_START: Macro Models Generation (mem=390.3M)

**** CK_END: Macro Models Generation (cpu=0:00:00.0, real=0:00:00.0, mem=390.3M)
SubTree No: 16

Input_Pin:  (U760/A1)
Output_Pin: (U760/Y)
Output_Net: (clk_m_REF)   
**** CK_START: TopDown Tree Construction for clk_m_REF (255-leaf) (2 macro model) (maxFan=50) (mem=390.3M)

4: ckNode L0_0_CLKINVX12M: loc not Legalized (319405 135720)=>(321440 132840) 2um
5: ckNode L0_0_CLKINVX12M: loc not Legalized (298079 124245)=>(291100 121360) 4um
Trig. Edge Skew=70[1253,1324] N255 B7 G3 A32(31.7) L[3,7] C2/2 score=6847 cpu=0:00:08.0 mem=390M 

**** CK_END: TopDown Tree Construction for clk_m_REF (cpu=0:00:08.2, real=0:00:08.0, mem=390.3M)



**** CK_START: Update Database (mem=390.3M)
7 Clock Buffers/Inverters inserted.
**** CK_END: Update Database (cpu=0:00:00.0, real=0:00:00.0, mem=390.3M)
**** CK_START: Macro Models Generation (mem=390.3M)

**** CK_END: Macro Models Generation (cpu=0:00:00.0, real=0:00:01.0, mem=390.3M)
SubTree No: 17

Input_Pin:  (NULL)
Output_Pin: (scan_clk)
Output_Net: (scan_clk)   
**** CK_START: TopDown Tree Construction for scan_clk (4-leaf) (4 macro model) (maxFan=50) (mem=390.3M)

6: ckNode L0_0_INVX2M: loc not Legalized (47979 118490)=>(44280 115620) 3um
Trig. Edge Skew=86[1591,1678] N4 B12 G5 A31(30.7) L[3,8] C1/6 score=9268 cpu=0:00:00.0 mem=390M 

**** CK_END: TopDown Tree Construction for scan_clk (cpu=0:00:00.1, real=0:00:00.0, mem=390.3M)



**** CK_START: Update Database (mem=390.3M)
12 Clock Buffers/Inverters inserted.
**** CK_END: Update Database (cpu=0:00:00.0, real=0:00:00.0, mem=390.3M)

****** Clock Tree (UART_CLK) Structure
Max. Skew           : 200(ps)
Max. Sink Transition: 50(ps)
Max. Buf Transition : 50(ps)
Max. Delay          : 271290(ps)
Min. Delay          : 0(ps)
Buffer              : (CLKINVX6M) (BUFX8M) (CLKINVX8M) (BUFX10M) (CLKINVX12M) (BUFX12M) (CLKBUFX12M) (BUFX14M) (CLKBUFX16M) (BUFX16M) (CLKINVX16M) (BUFX18M) (BUFX20M) (CLKINVX20M) (CLKBUFX20M) (CLKBUFX24M) (BUFX24M) (CLKINVX24M) (CLKBUFX32M) (BUFX32M) (CLKINVX32M) (CLKBUFX40M) (CLKINVX40M) 
Nr. Subtrees                    : 8
Nr. Sinks                       : 91
Nr.          Rising  Sync Pins  : 99
Nr. Inverter Rising  Sync Pins  : 0
Nr.          Falling Sync Pins  : 0
Nr. Inverter Falling Sync Pins  : 0
***********************************************************
SubTree No: 0

Input_Pin:  (U954/A)
Output_Pin: (U954/Y)
Output_Net: (rx_clk)   
SubTree No: 1

Input_Pin:  (RX_CLK/U18/A)
Output_Pin: (RX_CLK/U18/Y)
Output_Net: (n884)   
SubTree No: 2

Input_Pin:  (RX_CLK/div_clk_reg_reg/CK)
Output_Pin: (RX_CLK/div_clk_reg_reg/Q)
Output_Net: (n1907)   
*** Find 4 Excluded Nodes.
SubTree No: 3

Input_Pin:  (U954/A)
Output_Pin: (U954/Y)
Output_Net: (rx_clk)   
SubTree No: 4

Input_Pin:  (RX_CLK/U18/B)
Output_Pin: (RX_CLK/U18/Y)
Output_Net: (n884)   
SubTree No: 5

Input_Pin:  (U953/A)
Output_Pin: (U953/Y)
Output_Net: (tx_clk)   
SubTree No: 6

Input_Pin:  (TX_CLK/U40/A)
Output_Pin: (TX_CLK/U40/Y)
Output_Net: (n885)   
SubTree No: 7

Input_Pin:  (TX_CLK/div_clk_reg_reg/CK)
Output_Pin: (TX_CLK/div_clk_reg_reg/Q)
Output_Net: (n1904)   
*** Find 5 Excluded Nodes.
SubTree No: 8

Input_Pin:  (U953/A)
Output_Pin: (U953/Y)
Output_Net: (tx_clk)   
SubTree No: 9

Input_Pin:  (TX_CLK/U40/B)
Output_Pin: (TX_CLK/U40/Y)
Output_Net: (n885)   
SubTree No: 10

Input_Pin:  (U947/A)
Output_Pin: (U947/Y)
Output_Net: (clk_m_UART)   
**** CK_START: Macro Models Generation (mem=390.3M)

*  sink: max rise/fall tran=[103,90], (bnd=50ps) 
*buffer: max rise/fall tran=[396,306], (bnd=50ps) 
**** CK_END: Macro Models Generation (cpu=0:00:00.0, real=0:00:00.0, mem=390.3M)
SubTree No: 11

Input_Pin:  (NULL)
Output_Pin: (UART_CLK)
Output_Net: (UART_CLK)   
**** CK_START: TopDown Tree Construction for UART_CLK (1-leaf) (1 macro model) (maxFan=50) (mem=390.3M)

Trig. Edge Skew=61[1581,1642] N1 B2 G2 A8(8.4) L[3,3] C3/0 score=2091 cpu=0:00:00.0 mem=390M 

**** CK_END: TopDown Tree Construction for UART_CLK (cpu=0:00:00.0, real=0:00:00.0, mem=390.3M)



**** CK_START: Update Database (mem=390.3M)
2 Clock Buffers/Inverters inserted.
**** CK_END: Update Database (cpu=0:00:00.0, real=0:00:00.0, mem=390.3M)

****** Clock Tree (REF_CLK) Structure
Max. Skew           : 200(ps)
Max. Sink Transition: 50(ps)
Max. Buf Transition : 50(ps)
Max. Delay          : 10000(ps)
Min. Delay          : 0(ps)
Buffer              : (CLKINVX6M) (BUFX8M) (CLKINVX8M) (BUFX10M) (CLKINVX12M) (BUFX12M) (CLKBUFX12M) (BUFX14M) (CLKBUFX16M) (BUFX16M) (CLKINVX16M) (BUFX18M) (BUFX20M) (CLKINVX20M) (CLKBUFX20M) (CLKBUFX24M) (BUFX24M) (CLKINVX24M) (CLKBUFX32M) (BUFX32M) (CLKINVX32M) (CLKBUFX40M) (CLKINVX40M) 
Nr. Subtrees                    : 4
Nr. Sinks                       : 270
Nr.          Rising  Sync Pins  : 273
Nr. Inverter Rising  Sync Pins  : 0
Nr.          Falling Sync Pins  : 0
Nr. Inverter Falling Sync Pins  : 0
***********************************************************
SubTree No: 0

Input_Pin:  (ALU_CG/U2/A)
Output_Pin: (ALU_CG/U2/Y)
Output_Net: (alu_cg)   
SubTree No: 1

Input_Pin:  (ALU_CG/Latch_Out_reg/GN)
Output_Pin: (ALU_CG/Latch_Out_reg/Q)
Output_Net: (ALU_CG/Latch_Out)   
SubTree No: 2

Input_Pin:  (ALU_CG/U2/B)
Output_Pin: (ALU_CG/U2/Y)
Output_Net: (alu_cg)   
SubTree No: 3

Input_Pin:  (U760/B1)
Output_Pin: (U760/Y)
Output_Net: (clk_m_REF)   
**** CK_START: Macro Models Generation (mem=390.3M)

*  sink: max rise/fall tran=[225,209], (bnd=50ps) 
*buffer: max rise/fall tran=[356,345], (bnd=50ps) 
**** CK_END: Macro Models Generation (cpu=0:00:00.0, real=0:00:00.0, mem=390.3M)
SubTree No: 4

Input_Pin:  (NULL)
Output_Pin: (REF_CLK)
Output_Net: (REF_CLK)   
**** CK_START: TopDown Tree Construction for REF_CLK (1-leaf) (1 macro model) (maxFan=50) (mem=390.3M)

Trig. Edge Skew=102[1328,1430] N1 B2 G2 A6(5.8) L[3,3] C3/0 score=2796 cpu=0:00:00.0 mem=390M 

**** CK_END: TopDown Tree Construction for REF_CLK (cpu=0:00:00.0, real=0:00:00.0, mem=390.3M)



**** CK_START: Update Database (mem=390.3M)
2 Clock Buffers/Inverters inserted.
**** CK_END: Update Database (cpu=0:00:00.0, real=0:00:00.0, mem=390.3M)
***** Start Refine Placement.....
Starting refinePlace ...
Statistics of distance of Instance movement in detailed placement:
  maximum (X+Y) =        17.22 um
  inst (scan_clk__L2_I1) with max move: (10.25, 86.51) -> (24.6, 83.64)
  mean    (X+Y) =         4.68 um
Total instances moved : 101
*** cpu=0:00:00.0   mem=390.3M  mem(used)=0.0M***
***** Refine Placement Finished (CPU Time: 0:00:00.0  MEM: 390.309M)
Resetting all latency settings from fanout cone of port 'REF_CLK'
Resetting all latency settings from fanout cone of port 'UART_CLK'
Resetting all latency settings from fanout cone of port 'scan_clk'
Resetting all latency settings from fanout cone of pin 'ALU_CG/U2/Y'
Resetting all latency settings from fanout cone of pin 'ALU_CG/U2/Y'
Resetting all latency settings from fanout cone of pin 'RX_CLK/U18/Y'
Resetting all latency settings from fanout cone of pin 'TX_CLK/U40/Y'
Resetting all latency settings from fanout cone of pin 'RX_CLK/U18/Y'
Resetting all latency settings from fanout cone of pin 'TX_CLK/U40/Y'
Resetting all latency settings from fanout cone of pin 'RX_CLK/U18/Y'
Resetting all latency settings from fanout cone of pin 'TX_CLK/U40/Y'
Resetting all latency settings from fanout cone of pin 'ALU_CG/U2/Y'
Resetting all latency settings from fanout cone of pin 'RX_CLK/U18/Y'
Resetting all latency settings from fanout cone of pin 'TX_CLK/U40/Y'
Resetting all latency settings from fanout cone of pin 'ALU_CG/U2/Y'
***** Start Refine Placement.....
Starting refinePlace ...
Statistics of distance of Instance movement in detailed placement:
  maximum (X+Y) =         0.00 um
  mean    (X+Y) =         0.00 um
Total instances moved : 0
*** cpu=0:00:00.0   mem=390.3M  mem(used)=0.0M***
***** Refine Placement Finished (CPU Time: 0:00:00.0  MEM: 390.312M)
All-RC-Corners-Per-Net-In-Memory is turned ON...

# Analysis View: setup1_analysis_view
********** Clock scan_clk Pre-Route Timing Analysis **********
Nr. of Subtrees                : 16
Nr. of Sinks                   : 361
Nr. of Buffer                  : 30
Nr. of Level (including gates) : 12
Root Rise Input Tran           : 0.1(ps)
Root Fall Input Tran           : 0.1(ps)
Max trig. edge delay at sink(R): ALU_u_ALU_OUT_reg_11_/CK 1681.4(ps)
Min trig. edge delay at sink(R): RX_CLK/count_reg_2_/CK 1609.1(ps)


                                 (Actual)               (Required)          
Rise Phase Delay               : 1609.1~1681.4(ps)      0~100000(ps)        
Fall Phase Delay               : 1679.8~1861.3(ps)      0~100000(ps)        
Trig. Edge Skew                : 72.3(ps)               300(ps)             
Rise Skew                      : 72.3(ps)               
Fall Skew                      : 181.5(ps)              
Max. Rise Buffer Tran.         : 396.6(ps)              400(ps)             
Max. Fall Buffer Tran.         : 339.6(ps)              400(ps)             
Max. Rise Sink Tran.           : 224.8(ps)              400(ps)             
Max. Fall Sink Tran.           : 208.8(ps)              400(ps)             
Min. Rise Buffer Tran.         : 18.9(ps)               0(ps)               
Min. Fall Buffer Tran.         : 16.9(ps)               0(ps)               
Min. Rise Sink Tran.           : 62.4(ps)               0(ps)               
Min. Fall Sink Tran.           : 54.2(ps)               0(ps)               

view setup1_analysis_view : skew = 72.3ps (required = 300ps)
view setup2_analysis_view : skew = 72.3ps (required = 300ps)
view setup3_analysis_view : skew = 72.3ps (required = 300ps)
view hold1_analysis_view : skew = 76.3ps (required = 300ps)
view hold2_analysis_view : skew = 76.3ps (required = 300ps)
view hold3_analysis_view : skew = 76.3ps (required = 300ps)



# Analysis View: setup1_analysis_view
********** Clock UART_CLK Pre-Route Timing Analysis **********
Nr. of Subtrees                : 10
Nr. of Sinks                   : 91
Nr. of Buffer                  : 12
Nr. of Level (including gates) : 10
Root Rise Input Tran           : 0.1(ps)
Root Fall Input Tran           : 0.1(ps)
Max trig. edge delay at sink(R): FIFO_u_U5_RD_PTR_BIN_reg_1_/CK 1643.2(ps)
Min trig. edge delay at sink(R): RX_CLK/count_reg_2_/CK 1585.3(ps)


                                 (Actual)               (Required)          
Rise Phase Delay               : 1585.3~1643.2(ps)      0~271290(ps)        
Fall Phase Delay               : 1671.6~1845.8(ps)      0~271290(ps)        
Trig. Edge Skew                : 57.9(ps)               200(ps)             
Rise Skew                      : 57.9(ps)               
Fall Skew                      : 174.2(ps)              
Max. Rise Buffer Tran.         : 396.2(ps)              50(ps)              
Max. Fall Buffer Tran.         : 305.6(ps)              50(ps)              
Max. Rise Sink Tran.           : 102.9(ps)              50(ps)              
Max. Fall Sink Tran.           : 89.8(ps)               50(ps)              
Min. Rise Buffer Tran.         : 19.6(ps)               0(ps)               
Min. Fall Buffer Tran.         : 17.5(ps)               0(ps)               
Min. Rise Sink Tran.           : 62.4(ps)               0(ps)               
Min. Fall Sink Tran.           : 54.2(ps)               0(ps)               

view setup1_analysis_view : skew = 57.9ps (required = 200ps)
view setup2_analysis_view : skew = 57.9ps (required = 200ps)
view setup3_analysis_view : skew = 57.9ps (required = 200ps)
view hold1_analysis_view : skew = 28.3ps (required = 200ps)
view hold2_analysis_view : skew = 28.3ps (required = 200ps)
view hold3_analysis_view : skew = 28.3ps (required = 200ps)



# Analysis View: setup1_analysis_view
********** Clock REF_CLK Pre-Route Timing Analysis **********
Nr. of Subtrees                : 5
Nr. of Sinks                   : 270
Nr. of Buffer                  : 10
Nr. of Level (including gates) : 9
Root Rise Input Tran           : 0.1(ps)
Root Fall Input Tran           : 0.1(ps)
Max trig. edge delay at sink(R): ALU_u_ALU_OUT_reg_11_/CK 1427.3(ps)
Min trig. edge delay at sink(R): Regfile_u_reg_file_reg_7__6_/CK 1315.2(ps)


                                 (Actual)               (Required)          
Rise Phase Delay               : 1315.2~1427.3(ps)      0~10000(ps)         
Fall Phase Delay               : 1500.5~1587.3(ps)      0~10000(ps)         
Trig. Edge Skew                : 112.1(ps)              200(ps)             
Rise Skew                      : 112.1(ps)              
Fall Skew                      : 86.8(ps)               
Max. Rise Buffer Tran.         : 341.2(ps)              50(ps)              
Max. Fall Buffer Tran.         : 339.6(ps)              50(ps)              
Max. Rise Sink Tran.           : 224.8(ps)              50(ps)              
Max. Fall Sink Tran.           : 208.8(ps)              50(ps)              
Min. Rise Buffer Tran.         : 23.7(ps)               0(ps)               
Min. Fall Buffer Tran.         : 22.5(ps)               0(ps)               
Min. Rise Sink Tran.           : 64.6(ps)               0(ps)               
Min. Fall Sink Tran.           : 55.5(ps)               0(ps)               

view setup1_analysis_view : skew = 112.1ps (required = 200ps)
view setup2_analysis_view : skew = 112.1ps (required = 200ps)
view setup3_analysis_view : skew = 112.1ps (required = 200ps)
view hold1_analysis_view : skew = 22.2ps (required = 200ps)
view hold2_analysis_view : skew = 22.2ps (required = 200ps)
view hold3_analysis_view : skew = 22.2ps (required = 200ps)


Clock Analysis (CPU Time 0:00:00.3)


All-RC-Corners-Per-Net-In-Memory is turned OFF...

globalDetailRoute

#Start globalDetailRoute on Mon Oct  5 00:50:38 2026
#
#cpu time = 00:00:00, elapsed time = 00:00:00, memory = 390.00 (Mb)
Using detail cap. scale factor for clock nets.
Initializing multi-corner capacitance tables ... 
Initializing multi-corner resistance tables ...
#NanoRoute Version v08.10-p008 NR081027-0018/USR58-UB
#Merging special wires...
#reading routing guides ......
#Number of eco nets is 0
#
#Start data preparation...
#Auto generating G-grids with size=15 tracks, using layer METAL2's pitch = 0.410.
#Using automatically generated G-grids.
#
#Data preparation is done.
#
#  Resource Analysis:
#
#               Routing  #Avail      #Track     #Total     %Gcell
#  Layer      Direction   Track     Blocked      Gcell    Blocked
#  --------------------------------------------------------------
#  Metal 1        H         391           0        1014    74.56%
#  Metal 2        V         587           0        1014     0.00%
#  Metal 3        H         391           0        1014     0.00%
#  Metal 4        V         587           0        1014     0.00%
#  Metal 5        H         391           0        1014     0.00%
#  Metal 6        V         587           0        1014     0.00%
#  Metal 7        H         195           0        1014     0.00%
#  --------------------------------------------------------------
#  Total                   3129       0.00%        7098    10.65%
#
#  47 nets (2.39%) with 1 preferred extra spacing.
#
#
#Routing guide is on
#cpu time = 00:00:00, elapsed time = 00:00:00, memory = 390.00 (Mb)
#
#start global routing iteration 1...
#cpu time = 00:00:00, elapsed time = 00:00:00, memory = 390.00 (Mb)
#
#start global routing iteration 2...
#cpu time = 00:00:00, elapsed time = 00:00:00, memory = 390.00 (Mb)
#
#start global routing iteration 3...
#cpu time = 00:00:00, elapsed time = 00:00:00, memory = 390.00 (Mb)
#
#
#  Congestion Analysis: (blocked Gcells are excluded from the statistics)
#
#                 OverCon          
#                  #Gcell    %Gcell
#     Layer           (1)   OverCon
#  --------------------------------
#   Metal 1      0(0.00%)   (0.00%)
#   Metal 2      0(0.00%)   (0.00%)
#   Metal 3      0(0.00%)   (0.00%)
#   Metal 4      0(0.00%)   (0.00%)
#   Metal 5      0(0.00%)   (0.00%)
#   Metal 6      0(0.00%)   (0.00%)
#   Metal 7      0(0.00%)   (0.00%)
#  --------------------------------
#     Total      0(0.00%)   (0.00%)
#
#  The worst congested Gcell overcon (routing demand over resource in number of tracks) = 1
#
#Complete Global Routing.
#Total wire length = 4631 um.
#Total half perimeter of net bounding box = 2656 um.
#Total wire length on LAYER METAL1 = 0 um.
#Total wire length on LAYER METAL2 = 301 um.
#Total wire length on LAYER METAL3 = 2639 um.
#Total wire length on LAYER METAL4 = 1660 um.
#Total wire length on LAYER METAL5 = 31 um.
#Total wire length on LAYER METAL6 = 0 um.
#Total wire length on LAYER METAL7 = 0 um.
#Total number of vias = 1026
#Up-Via Summary (total 1026):
#           
#-----------------------
#  Metal 1          399
#  Metal 2          376
#  Metal 3          245
#  Metal 4            6
#-----------------------
#                  1026 
#
#Max overcon = 0 track.
#Total overcon = 0.00%.
#Worst layer Gcell overcon rate = 0.00%.
#Cpu time = 00:00:01
#Elapsed time = 00:00:01
#Increased memory = 0.00 (Mb)
#Total memory = 390.00 (Mb)
#Peak memory = 422.00 (Mb)
#
#Start Detail Routing.
#start initial detail routing ...
# ECO: 0.0% of the total area was rechecked for DRC, and 83.3% required routing.
#    number of violations = 0
#cpu time = 00:00:01, elapsed time = 00:00:01, memory = 390.00 (Mb)
#start 1st optimization iteration ...
#    number of violations = 0
#cpu time = 00:00:00, elapsed time = 00:00:00, memory = 390.00 (Mb)
#Complete Detail Routing.
#Total wire length = 4538 um.
#Total half perimeter of net bounding box = 2656 um.
#Total wire length on LAYER METAL1 = 1 um.
#Total wire length on LAYER METAL2 = 78 um.
#Total wire length on LAYER METAL3 = 2343 um.
#Total wire length on LAYER METAL4 = 2116 um.
#Total wire length on LAYER METAL5 = 0 um.
#Total wire length on LAYER METAL6 = 0 um.
#Total wire length on LAYER METAL7 = 0 um.
#Total number of vias = 1460
#Up-Via Summary (total 1460):
#           
#-----------------------
#  Metal 1          463
#  Metal 2          453
#  Metal 3          544
#-----------------------
#                  1460 
#
#Total number of DRC violations = 0
#Total number of violations on LAYER METAL1 = 0
#Total number of violations on LAYER METAL2 = 0
#Total number of violations on LAYER METAL3 = 0
#Total number of violations on LAYER METAL4 = 0
#Total number of violations on LAYER METAL5 = 0
#Total number of violations on LAYER METAL6 = 0
#Total number of violations on LAYER METAL7 = 0
#detailRoute Statistics:
#Cpu time = 00:00:01
#Elapsed time = 00:00:06
#Increased memory = 0.00 (Mb)
#Total memory = 390.00 (Mb)
#Peak memory = 422.00 (Mb)
#
#globalDetailRoute statistics:
#Cpu time = 00:00:02
#Elapsed time = 00:00:07
#Increased memory = 0.00 (Mb)
#Total memory = 390.00 (Mb)
#Peak memory = 422.00 (Mb)
#Number of warnings = 0
#Total number of warnings = 2
#Number of fails = 0
#Total number of fails = 0
#Complete globalDetailRoute on Mon Oct  5 00:50:45 2026
#
*** Look For Un-Routed Clock Tree Net ***
All-RC-Corners-Per-Net-In-Memory is turned ON...

# Analysis View: setup1_analysis_view
********** Clock scan_clk Clk-Route-Only Timing Analysis **********
Nr. of Subtrees                : 16
Nr. of Sinks                   : 361
Nr. of Buffer                  : 30
Nr. of Level (including gates) : 12
Root Rise Input Tran           : 0.1(ps)
Root Fall Input Tran           : 0.1(ps)
Max trig. edge delay at sink(R): FIFO_u_U5_RD_PTR_BIN_reg_1_/CK 1708.9(ps)
Min trig. edge delay at sink(R): TX_CLK/count_reg_2_/CK 1622.9(ps)


                                 (Actual)               (Required)          
Rise Phase Delay               : 1622.9~1708.9(ps)      0~100000(ps)        
Fall Phase Delay               : 1683.1~1885.4(ps)      0~100000(ps)        
Trig. Edge Skew                : 86(ps)                 300(ps)             
Rise Skew                      : 86(ps)                 
Fall Skew                      : 202.3(ps)              
Max. Rise Buffer Tran.         : 419.6(ps)              400(ps)             
Max. Fall Buffer Tran.         : 339.7(ps)              400(ps)             
Max. Rise Sink Tran.           : 223.7(ps)              400(ps)             
Max. Fall Sink Tran.           : 208(ps)                400(ps)             
Min. Rise Buffer Tran.         : 19(ps)                 0(ps)               
Min. Fall Buffer Tran.         : 17(ps)                 0(ps)               
Min. Rise Sink Tran.           : 63.1(ps)               0(ps)               
Min. Fall Sink Tran.           : 54.8(ps)               0(ps)               

view setup1_analysis_view : skew = 86ps (required = 300ps)
view setup2_analysis_view : skew = 86ps (required = 300ps)
view setup3_analysis_view : skew = 86ps (required = 300ps)
view hold1_analysis_view : skew = 78.1ps (required = 300ps)
view hold2_analysis_view : skew = 78.1ps (required = 300ps)
view hold3_analysis_view : skew = 78.1ps (required = 300ps)



# Analysis View: setup1_analysis_view
********** Clock UART_CLK Clk-Route-Only Timing Analysis **********
Nr. of Subtrees                : 10
Nr. of Sinks                   : 91
Nr. of Buffer                  : 12
Nr. of Level (including gates) : 10
Root Rise Input Tran           : 0.1(ps)
Root Fall Input Tran           : 0.1(ps)
Max trig. edge delay at sink(R): FIFO_u_U5_RD_PTR_BIN_reg_1_/CK 1685.4(ps)
Min trig. edge delay at sink(R): TX_CLK/count_reg_2_/CK 1599.3(ps)


                                 (Actual)               (Required)          
Rise Phase Delay               : 1599.3~1685.4(ps)      0~271290(ps)        
Fall Phase Delay               : 1684.8~1861.9(ps)      0~271290(ps)        
Trig. Edge Skew                : 86.1(ps)               200(ps)             
Rise Skew                      : 86.1(ps)               
Fall Skew                      : 177.1(ps)              
Max. Rise Buffer Tran.         : 419.3(ps)              50(ps)              
Max. Fall Buffer Tran.         : 318.5(ps)              50(ps)              
Max. Rise Sink Tran.           : 105.1(ps)              50(ps)              
Max. Fall Sink Tran.           : 91.5(ps)               50(ps)              
Min. Rise Buffer Tran.         : 19.6(ps)               0(ps)               
Min. Fall Buffer Tran.         : 17.5(ps)               0(ps)               
Min. Rise Sink Tran.           : 63.1(ps)               0(ps)               
Min. Fall Sink Tran.           : 54.8(ps)               0(ps)               

view setup1_analysis_view : skew = 86.1ps (required = 200ps)
view setup2_analysis_view : skew = 86.1ps (required = 200ps)
view setup3_analysis_view : skew = 86.1ps (required = 200ps)
view hold1_analysis_view : skew = 18ps (required = 200ps)
view hold2_analysis_view : skew = 18ps (required = 200ps)
view hold3_analysis_view : skew = 18ps (required = 200ps)



# Analysis View: setup1_analysis_view
********** Clock REF_CLK Clk-Route-Only Timing Analysis **********
Nr. of Subtrees                : 5
Nr. of Sinks                   : 270
Nr. of Buffer                  : 10
Nr. of Level (including gates) : 9
Root Rise Input Tran           : 0.1(ps)
Root Fall Input Tran           : 0.1(ps)
Max trig. edge delay at sink(R): ALU_u_OUT_VALID_reg/CK 1429.3(ps)
Min trig. edge delay at sink(R): Regfile_u_reg_file_reg_15__7_/CK 1322.7(ps)


                                 (Actual)               (Required)          
Rise Phase Delay               : 1322.7~1429.3(ps)      0~10000(ps)         
Fall Phase Delay               : 1507.4~1590.3(ps)      0~10000(ps)         
Trig. Edge Skew                : 106.6(ps)              200(ps)             
Rise Skew                      : 106.6(ps)              
Fall Skew                      : 82.9(ps)               
Max. Rise Buffer Tran.         : 341.5(ps)              50(ps)              
Max. Fall Buffer Tran.         : 339.7(ps)              50(ps)              
Max. Rise Sink Tran.           : 223.7(ps)              50(ps)              
Max. Fall Sink Tran.           : 208(ps)                50(ps)              
Min. Rise Buffer Tran.         : 23.7(ps)               0(ps)               
Min. Fall Buffer Tran.         : 22.5(ps)               0(ps)               
Min. Rise Sink Tran.           : 65.3(ps)               0(ps)               
Min. Fall Sink Tran.           : 56.2(ps)               0(ps)               

view setup1_analysis_view : skew = 106.6ps (required = 200ps)
view setup2_analysis_view : skew = 106.6ps (required = 200ps)
view setup3_analysis_view : skew = 106.6ps (required = 200ps)
view hold1_analysis_view : skew = 35.4ps (required = 200ps)
view hold2_analysis_view : skew = 35.4ps (required = 200ps)
view hold3_analysis_view : skew = 35.4ps (required = 200ps)


Clock Analysis (CPU Time 0:00:00.0)


All-RC-Corners-Per-Net-In-Memory is turned OFF...
setting up for view 'setup1_analysis_view'...
setting up for view 'setup2_analysis_view'...
setting up for view 'setup3_analysis_view'...
setting up for view 'hold1_analysis_view'...
setting up for view 'hold2_analysis_view'...
setting up for view 'hold3_analysis_view'...
View 'setup2_analysis_view' in clock tree 'scan_clk' is redundant
View 'setup3_analysis_view' in clock tree 'scan_clk' is redundant
View 'hold2_analysis_view' in clock tree 'scan_clk' is redundant
View 'hold3_analysis_view' in clock tree 'scan_clk' is redundant
setting up for view 'setup1_analysis_view'...
setting up for view 'setup2_analysis_view'...
setting up for view 'setup3_analysis_view'...
setting up for view 'hold1_analysis_view'...
setting up for view 'hold2_analysis_view'...
setting up for view 'hold3_analysis_view'...
View 'setup2_analysis_view' in clock tree 'UART_CLK' is redundant
View 'setup3_analysis_view' in clock tree 'UART_CLK' is redundant
View 'hold2_analysis_view' in clock tree 'UART_CLK' is redundant
View 'hold3_analysis_view' in clock tree 'UART_CLK' is redundant
setting up for view 'setup1_analysis_view'...
setting up for view 'setup2_analysis_view'...
setting up for view 'setup3_analysis_view'...
setting up for view 'hold1_analysis_view'...
setting up for view 'hold2_analysis_view'...
setting up for view 'hold3_analysis_view'...
View 'setup2_analysis_view' in clock tree 'REF_CLK' is redundant
View 'setup3_analysis_view' in clock tree 'REF_CLK' is redundant
View 'hold2_analysis_view' in clock tree 'REF_CLK' is redundant
View 'hold3_analysis_view' in clock tree 'REF_CLK' is redundant
Selecting the worst MMMC view of clock tree 'scan_clk' ...
resized 0 standard cell(s).
inserted 0 standard cell(s).
*** Gated Clock Tree Optimization (cpu=0:00:00.0 mem=390.3M) ***
Selecting the worst MMMC view of clock tree 'UART_CLK' ...
resized 0 standard cell(s).
inserted 0 standard cell(s).
*** Gated Clock Tree Optimization (cpu=0:00:00.0 mem=390.3M) ***
Selecting the worst MMMC view of clock tree 'REF_CLK' ...
resized 0 standard cell(s).
inserted 0 standard cell(s).
*** Gated Clock Tree Optimization (cpu=0:00:00.0 mem=390.3M) ***

None of the clock tree buffers/gates are modified by the skew optimization.

Switching to the default view 'setup1_analysis_view' ...
The clock tree scan_clk has crossover cell(s).
The clock tree UART_CLK has crossover cell(s).
The clock tree REF_CLK has crossover cell(s).

*** None of the buffer chains at roots are modified by the fine-tune process.

All-RC-Corners-Per-Net-In-Memory is turned ON...
*** Look For Reconvergent Clock Component ***
The clock tree scan_clk has reconvergent cell(s).

# Analysis View: setup1_analysis_view
********** Clock scan_clk Clk-Route-Only Timing Analysis **********
Nr. of Subtrees                : 16
Nr. of Sinks                   : 361
Nr. of Buffer                  : 30
Nr. of Level (including gates) : 12
Root Rise Input Tran           : 0.1(ps)
Root Fall Input Tran           : 0.1(ps)
Max trig. edge delay at sink(R): FIFO_u_U5_RD_PTR_BIN_reg_1_/CK 1708.9(ps)
Min trig. edge delay at sink(R): TX_CLK/count_reg_2_/CK 1622.9(ps)


                                 (Actual)               (Required)          
Rise Phase Delay               : 1622.9~1708.9(ps)      0~100000(ps)        
Fall Phase Delay               : 1683.1~1885.4(ps)      0~100000(ps)        
Trig. Edge Skew                : 86(ps)                 300(ps)             
Rise Skew                      : 86(ps)                 
Fall Skew                      : 202.3(ps)              
Max. Rise Buffer Tran.         : 419.6(ps)              400(ps)             
Max. Fall Buffer Tran.         : 339.7(ps)              400(ps)             
Max. Rise Sink Tran.           : 223.7(ps)              400(ps)             
Max. Fall Sink Tran.           : 208(ps)                400(ps)             
Min. Rise Buffer Tran.         : 19(ps)                 0(ps)               
Min. Fall Buffer Tran.         : 17(ps)                 0(ps)               
Min. Rise Sink Tran.           : 63.1(ps)               0(ps)               
Min. Fall Sink Tran.           : 54.8(ps)               0(ps)               

view setup1_analysis_view : skew = 86ps (required = 300ps)
view setup2_analysis_view : skew = 86ps (required = 300ps)
view setup3_analysis_view : skew = 86ps (required = 300ps)
view hold1_analysis_view : skew = 78.1ps (required = 300ps)
view hold2_analysis_view : skew = 78.1ps (required = 300ps)
view hold3_analysis_view : skew = 78.1ps (required = 300ps)


Clock scan_clk has been routed. Routing guide will not be generated.
enter checking logic.
*** Look For Reconvergent Clock Component ***
The clock tree UART_CLK has reconvergent cell(s).

# Analysis View: setup1_analysis_view
********** Clock UART_CLK Clk-Route-Only Timing Analysis **********
Nr. of Subtrees                : 10
Nr. of Sinks                   : 91
Nr. of Buffer                  : 12
Nr. of Level (including gates) : 10
Root Rise Input Tran           : 0.1(ps)
Root Fall Input Tran           : 0.1(ps)
Max trig. edge delay at sink(R): FIFO_u_U5_RD_PTR_BIN_reg_1_/CK 1685.4(ps)
Min trig. edge delay at sink(R): TX_CLK/count_reg_2_/CK 1599.3(ps)


                                 (Actual)               (Required)          
Rise Phase Delay               : 1599.3~1685.4(ps)      0~271290(ps)        
Fall Phase Delay               : 1684.8~1861.9(ps)      0~271290(ps)        
Trig. Edge Skew                : 86.1(ps)               200(ps)             
Rise Skew                      : 86.1(ps)               
Fall Skew                      : 177.1(ps)              
Max. Rise Buffer Tran.         : 419.3(ps)              50(ps)              
Max. Fall Buffer Tran.         : 318.5(ps)              50(ps)              
Max. Rise Sink Tran.           : 105.1(ps)              50(ps)              
Max. Fall Sink Tran.           : 91.5(ps)               50(ps)              
Min. Rise Buffer Tran.         : 19.6(ps)               0(ps)               
Min. Fall Buffer Tran.         : 17.5(ps)               0(ps)               
Min. Rise Sink Tran.           : 63.1(ps)               0(ps)               
Min. Fall Sink Tran.           : 54.8(ps)               0(ps)               

view setup1_analysis_view : skew = 86.1ps (required = 200ps)
view setup2_analysis_view : skew = 86.1ps (required = 200ps)
view setup3_analysis_view : skew = 86.1ps (required = 200ps)
view hold1_analysis_view : skew = 18ps (required = 200ps)
view hold2_analysis_view : skew = 18ps (required = 200ps)
view hold3_analysis_view : skew = 18ps (required = 200ps)


Clock UART_CLK has been routed. Routing guide will not be generated.
enter checking logic.
*** Look For Reconvergent Clock Component ***
The clock tree REF_CLK has reconvergent cell(s).

# Analysis View: setup1_analysis_view
********** Clock REF_CLK Clk-Route-Only Timing Analysis **********
Nr. of Subtrees                : 5
Nr. of Sinks                   : 270
Nr. of Buffer                  : 10
Nr. of Level (including gates) : 9
Root Rise Input Tran           : 0.1(ps)
Root Fall Input Tran           : 0.1(ps)
Max trig. edge delay at sink(R): ALU_u_OUT_VALID_reg/CK 1429.3(ps)
Min trig. edge delay at sink(R): Regfile_u_reg_file_reg_15__7_/CK 1322.7(ps)


                                 (Actual)               (Required)          
Rise Phase Delay               : 1322.7~1429.3(ps)      0~10000(ps)         
Fall Phase Delay               : 1507.4~1590.3(ps)      0~10000(ps)         
Trig. Edge Skew                : 106.6(ps)              200(ps)             
Rise Skew                      : 106.6(ps)              
Fall Skew                      : 82.9(ps)               
Max. Rise Buffer Tran.         : 341.5(ps)              50(ps)              
Max. Fall Buffer Tran.         : 339.7(ps)              50(ps)              
Max. Rise Sink Tran.           : 223.7(ps)              50(ps)              
Max. Fall Sink Tran.           : 208(ps)                50(ps)              
Min. Rise Buffer Tran.         : 23.7(ps)               0(ps)               
Min. Fall Buffer Tran.         : 22.5(ps)               0(ps)               
Min. Rise Sink Tran.           : 65.3(ps)               0(ps)               
Min. Fall Sink Tran.           : 56.2(ps)               0(ps)               

view setup1_analysis_view : skew = 106.6ps (required = 200ps)
view setup2_analysis_view : skew = 106.6ps (required = 200ps)
view setup3_analysis_view : skew = 106.6ps (required = 200ps)
view hold1_analysis_view : skew = 35.4ps (required = 200ps)
view hold2_analysis_view : skew = 35.4ps (required = 200ps)
view hold3_analysis_view : skew = 35.4ps (required = 200ps)


Clock REF_CLK has been routed. Routing guide will not be generated.
enter checking logic.
Generating Clock Analysis Report clock_report/clock.report ....
Generating Clock Routing Guide sys_top.rguide ....
Clock Analysis (CPU Time 0:00:00.1)


All-RC-Corners-Per-Net-In-Memory is turned OFF...
*** End ckSynthesis (cpu=0:00:11.6, real=0:00:17.0, mem=390.3M) ***
<clockDesign CMD> timeDesign -postCTS -outDir clock_report
-engine default                        # enums={feDC signalStorm default}, default=default, user setting
-signOff false                         # bool, default=false
*** Starting trialRoute (mem=390.3M) ***

There are 0 pin guide points passed to trialRoute.
Options:  -handlePreroute -keepMarkedOptRoutes -noPinGuide

Nr of prerouted/Fixed nets = 47
There are 47 nets with 1 extra space.
routingBox: (0 0) (480940 320940)
coreBox:    (12300 12300) (468940 308940)
There are 47 prerouted nets with extraSpace.
Number of multi-gpin terms=151, multi-gpins=312, moved blk term=0/0

Phase 1a route (0:00:00.0 390.3M):
Est net length = 5.829e+04um = 3.072e+04H + 2.757e+04V
Usage: (20.1%H 21.5%V) = (4.532e+04um 5.567e+04um) = (22019 19396)
Obstruct: 0 = 0 (0.0%H) + 0 (0.0%V)
Overflow: 22 = 0 (0.00% H) + 22 (0.35% V)

Phase 1b route (0:00:00.0 390.3M):
Usage: (20.1%H 21.5%V) = (4.520e+04um 5.567e+04um) = (21957 19396)
Overflow: 22 = 0 (0.00% H) + 22 (0.35% V)

Phase 1c route (0:00:00.0 390.3M):
Usage: (20.0%H 21.5%V) = (4.511e+04um 5.563e+04um) = (21915 19385)
Overflow: 17 = 0 (0.00% H) + 17 (0.27% V)

Phase 1d route (0:00:00.0 390.3M):
Usage: (20.0%H 21.5%V) = (4.511e+04um 5.563e+04um) = (21916 19384)
Overflow: 17 = 0 (0.00% H) + 17 (0.27% V)

Phase 1e route (0:00:00.0 390.3M):
Usage: (20.0%H 21.5%V) = (4.513e+04um 5.564e+04um) = (21926 19388)
Overflow: 8 = 0 (0.00% H) + 8 (0.13% V)

Phase 1f route (0:00:00.0 390.3M):
Usage: (20.0%H 21.5%V) = (4.515e+04um 5.566e+04um) = (21934 19395)
Overflow: 3 = 0 (0.00% H) + 3 (0.05% V)

Congestion distribution:

Remain	cntH		cntV
--------------------------------------
 -1:	0	 0.00%	3	 0.05%
--------------------------------------
  0:	0	 0.00%	21	 0.33%
  1:	0	 0.00%	43	 0.68%
  2:	0	 0.00%	49	 0.77%
  3:	2	 0.03%	67	 1.06%
  4:	9	 0.14%	130	 2.06%
  5:	17	 0.27%	170	 2.69%
  6:	41	 0.65%	136	 2.15%
  7:	63	 1.00%	278	 4.40%
  8:	119	 1.88%	332	 5.25%
  9:	196	 3.10%	447	 7.07%
 10:	375	 5.93%	626	 9.90%
 11:	510	 8.06%	756	11.95%
 12:	797	12.60%	794	12.55%
 13:	724	11.45%	842	13.31%
 14:	884	13.98%	648	10.25%
 15:	884	13.98%	819	12.95%
 16:	715	11.30%	29	 0.46%
 17:	613	 9.69%	10	 0.16%
 18:	261	 4.13%	21	 0.33%
 19:	0	 0.00%	46	 0.73%
 20:	115	 1.82%	58	 0.92%


Using detail cap. scale factor for clock nets.
Initializing multi-corner capacitance tables ... 
Initializing multi-corner resistance tables ...

*** Memory Usage v0.144 (Current mem = 390.312M, initial mem = 62.238M) ***
Phase 1l route (0:00:00.1 390.3M):
There are 47 prerouted nets with extraSpace.


*** After '-updateRemainTrks' operation: 

Usage: (20.8%H 22.4%V) = (4.678e+04um 5.790e+04um) = (22722 20173)
Overflow: 37 = 0 (0.00% H) + 37 (0.59% V)

Congestion distribution:

Remain	cntH		cntV
--------------------------------------
 -6:	0	 0.00%	1	 0.02%
 -5:	0	 0.00%	1	 0.02%
 -4:	0	 0.00%	2	 0.03%
 -3:	0	 0.00%	2	 0.03%
 -2:	0	 0.00%	7	 0.11%
 -1:	0	 0.00%	15	 0.24%
--------------------------------------
  0:	0	 0.00%	24	 0.38%
  1:	0	 0.00%	47	 0.74%
  2:	3	 0.05%	41	 0.65%
  3:	3	 0.05%	79	 1.25%
  4:	13	 0.21%	150	 2.37%
  5:	22	 0.35%	162	 2.56%
  6:	47	 0.74%	138	 2.18%
  7:	70	 1.11%	319	 5.04%
  8:	150	 2.37%	331	 5.23%
  9:	198	 3.13%	439	 6.94%
 10:	409	 6.47%	631	 9.98%
 11:	522	 8.25%	731	11.56%
 12:	792	12.52%	757	11.97%
 13:	743	11.75%	830	13.12%
 14:	863	13.64%	636	10.06%
 15:	847	13.39%	819	12.95%
 16:	671	10.61%	28	 0.44%
 17:	602	 9.52%	10	 0.16%
 18:	255	 4.03%	21	 0.33%
 19:	0	 0.00%	46	 0.73%
 20:	115	 1.82%	58	 0.92%



*** Completed Phase 1 route (0:00:00.1 390.3M) ***


Total length: 6.579e+04um, number of vias: 17485
M1(H) length: 4.482e+00um, number of vias: 7865
M2(V) length: 1.987e+04um, number of vias: 7163
M3(H) length: 2.884e+04um, number of vias: 1884
M4(V) length: 1.185e+04um, number of vias: 432
M5(H) length: 4.098e+03um, number of vias: 141
M6(V) length: 1.119e+03um, number of vias: 0
M7(H) length: 0.000e+00um
*** Completed Phase 2 route (0:00:00.0 390.3M) ***

*** Finished all Phases (cpu=0:00:00.1 mem=390.3M) ***
Peak Memory Usage was 390.3M 
*** Finished trialRoute (cpu=0:00:00.1 mem=390.3M) ***

Default RC Extraction called for design sys_top.
RC Extraction called in multi-corner(1) mode.
RCMode: Default
      RC Corner Indexes            0   
Capacitance Scaling Factor   : 1.00000 
Coupling Cap. Scaling Factor : 1.00000 
Resistance Scaling Factor    : 1.00000 
Shrink Factor                : 1.00000
Default RC extraction is honoring NDR/Shielding/ExtraSpace for clock nets.
Using detail cap. scale factor for clock nets.
Initializing multi-corner capacitance tables ... 
Initializing multi-corner resistance tables ...
Default RC Extraction DONE (CPU Time: 0:00:00.0  Real Time: 0:00:00.0  MEM: 390.312M)
Found active setup analysis view setup1_analysis_view
Found active setup analysis view setup2_analysis_view
Found active setup analysis view setup3_analysis_view
Found active hold analysis view hold1_analysis_view
Found active hold analysis view hold2_analysis_view
Found active hold analysis view hold3_analysis_view

------------------------------------------------------------
          timeDesign Summary                             
------------------------------------------------------------

+--------------------+---------+---------+---------+---------+---------+---------+
|     Setup mode     |   all   | reg2reg | in2reg  | reg2out | in2out  | clkgate |
+--------------------+---------+---------+---------+---------+---------+---------+
|           WNS (ns):|  0.154  |  0.154  |  7.128  | 76.782  |   N/A   |  4.608  |
|           TNS (ns):|  0.000  |  0.000  |  0.000  |  0.000  |   N/A   |  0.000  |
|    Violating Paths:|    0    |    0    |    0    |    0    |   N/A   |    0    |
|          All Paths:|  1010   |   993   |   307   |    6    |   N/A   |    1    |
+--------------------+---------+---------+---------+---------+---------+---------+

+----------------+---------------------------+--------------+
|                |            Real           |     Total    |
|    DRVs        +--------------+------------+--------------|
|                |Nr nets(terms)| Worst Vio  |Nr nets(terms)|
+----------------+--------------+------------+--------------+
|   max_cap      |    0 (0)     |   0.000    |    0 (0)     |
|   max_tran     |    0 (0)     |   0.000    |    0 (0)     |
|   max_fanout   |    0 (0)     |     0      |    0 (0)     |
+----------------+--------------+------------+--------------+

Density: 67.554%
Routing Overflow: 0.00% H and 0.59% V
------------------------------------------------------------
Reported timing to dir clock_report
Total CPU time: 0.73 sec
Total Real time: 1.0 sec
Total Memory Usage: 390.3125 Mbytes
<CMD> refinePlace -preserveRouting
Starting refinePlace ...
Statistics of distance of Instance movement in detailed placement:
  maximum (X+Y) =         0.00 um
  mean    (X+Y) =         0.00 um
Total instances moved : 0
*** cpu=0:00:00.0   mem=390.3M  mem(used)=0.0M***
Total net length = 5.113e+04 (2.750e+04 2.362e+04) (ext = 2.319e+03)
default core: bins with density >  0.75 =    0 % ( 0 / 48 )
<CMD> setNanoRouteMode -routeWithEco true
<CMD> routeDesign -globalDetail -viaOpt -wireOpt
Begin checking placement ...
*info: Placed = 1494
*info: Unplaced = 0
Placement Density:67.55%(22513/33325)
Redoing specifyClockTree  -file Clock.ctstch  ...

changeUseClockNetStatus Option :  -noFixedNetWires 
*** Changed status on (47) nets in Clock.
*** End changeUseClockNetStatus (cpu=0:00:00.0, real=0:00:00.0, mem=390.3M) ***

globalDetailRoute

#Start globalDetailRoute on Mon Oct  5 00:50:56 2026
#
Using detail cap. scale factor for clock nets.
Initializing multi-corner capacitance tables ... 
Initializing multi-corner resistance tables ...
#NanoRoute Version v08.10-p008 NR081027-0018/USR58-UB
#Merging special wires...
#Number of eco nets is 0
#
#Start data preparation...
#
#Data preparation is done.
#
#  Resource Analysis:
#
#               Routing  #Avail      #Track     #Total     %Gcell
#  Layer      Direction   Track     Blocked      Gcell    Blocked
#  --------------------------------------------------------------
#  Metal 1        H         391           0        1014    74.56%
#  Metal 2        V         587           0        1014     0.00%
#  Metal 3        H         391           0        1014     0.00%
#  Metal 4        V         587           0        1014     0.00%
#  Metal 5        H         391           0        1014     0.00%
#  Metal 6        V         587           0        1014     0.00%
#  Metal 7        H         195           0        1014     0.00%
#  --------------------------------------------------------------
#  Total                   3129       0.00%        7098    10.65%
#
#  47 nets (2.39%) with 1 preferred extra spacing.
#
#
#cpu time = 00:00:00, elapsed time = 00:00:00, memory = 390.00 (Mb)
#
#start global routing iteration 1...
#cpu time = 00:00:00, elapsed time = 00:00:00, memory = 390.00 (Mb)
#
#start global routing iteration 2...
#cpu time = 00:00:00, elapsed time = 00:00:00, memory = 390.00 (Mb)
#
#start global routing iteration 3...
#cpu time = 00:00:00, elapsed time = 00:00:00, memory = 390.00 (Mb)
#
#start global routing iteration 4...
#cpu time = 00:00:00, elapsed time = 00:00:00, memory = 390.00 (Mb)
#
#
#  Congestion Analysis: (blocked Gcells are excluded from the statistics)
#
#                 OverCon       OverCon       OverCon       OverCon          
#                  #Gcell        #Gcell        #Gcell        #Gcell    %Gcell
#     Layer         (1-2)         (3-4)         (5-6)         (7-8)   OverCon
#  --------------------------------------------------------------------------
#   Metal 1      0(0.00%)      0(0.00%)      0(0.00%)      0(0.00%)   (0.00%)
#   Metal 2     19(1.87%)      9(0.89%)      3(0.30%)      2(0.20%)   (3.25%)
#   Metal 3      1(0.10%)      0(0.00%)      0(0.00%)      0(0.00%)   (0.10%)
#   Metal 4      0(0.00%)      0(0.00%)      0(0.00%)      0(0.00%)   (0.00%)
#   Metal 5      0(0.00%)      0(0.00%)      0(0.00%)      0(0.00%)   (0.00%)
#   Metal 6      0(0.00%)      0(0.00%)      0(0.00%)      0(0.00%)   (0.00%)
#   Metal 7      0(0.00%)      0(0.00%)      0(0.00%)      0(0.00%)   (0.00%)
#  --------------------------------------------------------------------------
#     Total     20(0.30%)      9(0.14%)      3(0.05%)      2(0.03%)   (0.52%)
#
#  The worst congested Gcell overcon (routing demand over resource in number of tracks) = 8
#
#Complete Global Routing.
#Total wire length = 68683 um.
#Total half perimeter of net bounding box = 52102 um.
#Total wire length on LAYER METAL1 = 874 um.
#Total wire length on LAYER METAL2 = 19943 um.
#Total wire length on LAYER METAL3 = 26025 um.
#Total wire length on LAYER METAL4 = 13606 um.
#Total wire length on LAYER METAL5 = 6544 um.
#Total wire length on LAYER METAL6 = 1550 um.
#Total wire length on LAYER METAL7 = 141 um.
#Total number of vias = 13087
#Up-Via Summary (total 13087):
#           
#-----------------------
#  Metal 1         6253
#  Metal 2         4758
#  Metal 3         1556
#  Metal 4          431
#  Metal 5           81
#  Metal 6            8
#-----------------------
#                 13087 
#
#Max overcon = 8 tracks.
#Total overcon = 0.52%.
#Worst layer Gcell overcon rate = 3.25%.
#Cpu time = 00:00:00
#Elapsed time = 00:00:00
#Increased memory = 0.00 (Mb)
#Total memory = 390.00 (Mb)
#Peak memory = 422.00 (Mb)
#
#Start Detail Routing.
#start initial detail routing ...
# ECO: 0.0% of the total area was rechecked for DRC, and 100.0% required routing.
#    number of violations = 17
#cpu time = 00:00:03, elapsed time = 00:00:03, memory = 391.00 (Mb)
#start 1st optimization iteration ...
#    number of violations = 6
#cpu time = 00:00:00, elapsed time = 00:00:00, memory = 391.00 (Mb)
#start 2nd optimization iteration ...
#    number of violations = 2
#cpu time = 00:00:00, elapsed time = 00:00:00, memory = 391.00 (Mb)
#start 3rd optimization iteration ...
#    number of violations = 2
#cpu time = 00:00:00, elapsed time = 00:00:00, memory = 391.00 (Mb)
#start 4th optimization iteration ...
#    number of violations = 2
#cpu time = 00:00:00, elapsed time = 00:00:00, memory = 391.00 (Mb)
#start 5th optimization iteration ...
#    number of violations = 2
#cpu time = 00:00:00, elapsed time = 00:00:00, memory = 391.00 (Mb)
#start 6th optimization iteration ...
#    number of violations = 3
#cpu time = 00:00:00, elapsed time = 00:00:00, memory = 391.00 (Mb)
#start 7th optimization iteration ...
#    number of violations = 2
#cpu time = 00:00:00, elapsed time = 00:00:00, memory = 391.00 (Mb)
#start 8th optimization iteration ...
#    number of violations = 3
#cpu time = 00:00:00, elapsed time = 00:00:00, memory = 391.00 (Mb)
#start 9th optimization iteration ...
#    number of violations = 3
#cpu time = 00:00:00, elapsed time = 00:00:00, memory = 391.00 (Mb)
#start 10th optimization iteration ...
#    number of violations = 3
#cpu time = 00:00:00, elapsed time = 00:00:00, memory = 391.00 (Mb)
#start 11th optimization iteration ...
#    number of violations = 2
#cpu time = 00:00:00, elapsed time = 00:00:00, memory = 391.00 (Mb)
#start 12th optimization iteration ...
#    number of violations = 3
#cpu time = 00:00:00, elapsed time = 00:00:00, memory = 391.00 (Mb)
#start 13th optimization iteration ...
#    number of violations = 3
#cpu time = 00:00:00, elapsed time = 00:00:00, memory = 391.00 (Mb)
#start 14th optimization iteration ...
#    number of violations = 3
#cpu time = 00:00:00, elapsed time = 00:00:00, memory = 391.00 (Mb)
#start 15th optimization iteration ...
#    number of violations = 2
#cpu time = 00:00:00, elapsed time = 00:00:00, memory = 391.00 (Mb)
#start 16th optimization iteration ...
#    number of violations = 3
#cpu time = 00:00:00, elapsed time = 00:00:00, memory = 391.00 (Mb)
#start 17th optimization iteration ...
#    number of violations = 3
#cpu time = 00:00:00, elapsed time = 00:00:00, memory = 391.00 (Mb)
#start 18th optimization iteration ...
#    number of violations = 2
#cpu time = 00:00:00, elapsed time = 00:00:00, memory = 391.00 (Mb)
#start 19th optimization iteration ...
#    number of violations = 3
#cpu time = 00:00:00, elapsed time = 00:00:00, memory = 392.00 (Mb)
#start 20th optimization iteration ...
#    number of violations = 3
#cpu time = 00:00:00, elapsed time = 00:00:00, memory = 392.00 (Mb)
#Complete Detail Routing.
#Total wire length = 67331 um.
#Total half perimeter of net bounding box = 52102 um.
#Total wire length on LAYER METAL1 = 2877 um.
#Total wire length on LAYER METAL2 = 19373 um.
#Total wire length on LAYER METAL3 = 25998 um.
#Total wire length on LAYER METAL4 = 12076 um.
#Total wire length on LAYER METAL5 = 5452 um.
#Total wire length on LAYER METAL6 = 1469 um.
#Total wire length on LAYER METAL7 = 87 um.
#Total number of vias = 19307
#Total number of multi-cut vias = 1 (  0.0%)
#Total number of single cut vias = 19306 (100.0%)
#Up-Via Summary (total 19307):
#                   single-cut          multi-cut      Total
#-----------------------------------------------------------
#  Metal 1        8207 (100.0%)         1 (  0.0%)       8208
#  Metal 2        8224 (100.0%)         0 (  0.0%)       8224
#  Metal 3        2293 (100.0%)         0 (  0.0%)       2293
#  Metal 4         491 (100.0%)         0 (  0.0%)        491
#  Metal 5          87 (100.0%)         0 (  0.0%)         87
#  Metal 6           4 (100.0%)         0 (  0.0%)          4
#-----------------------------------------------------------
#                19306 (100.0%)         1 (  0.0%)      19307 
#
#Total number of DRC violations = 3
#Total number of violations on LAYER METAL1 = 2
#Total number of violations on LAYER METAL2 = 1
#Total number of violations on LAYER METAL3 = 0
#Total number of violations on LAYER METAL4 = 0
#Total number of violations on LAYER METAL5 = 0
#Total number of violations on LAYER METAL6 = 0
#Total number of violations on LAYER METAL7 = 0
#Cpu time = 00:00:05
#Elapsed time = 00:00:05
#Increased memory = 2.00 (Mb)
#Total memory = 392.00 (Mb)
#Peak memory = 422.00 (Mb)
#
#Start Post Routing Optimization.
#start 1st post routing optimization iteration ...
#    number of DRC violations = 2
#cpu time = 00:00:01, elapsed time = 00:00:01, memory = 393.00 (Mb)
#start 2nd post routing optimization iteration ...
#    number of DRC violations = 2
#cpu time = 00:00:01, elapsed time = 00:00:01, memory = 391.00 (Mb)
#start 3rd post routing optimization iteration ...
#    number of DRC violations = 2
#cpu time = 00:00:01, elapsed time = 00:00:01, memory = 391.00 (Mb)
#Complete Post Routing Optimization.
#Cpu time = 00:00:03
#Elapsed time = 00:00:03
#Increased memory = -1.00 (Mb)
#Total memory = 391.00 (Mb)
#Peak memory = 422.00 (Mb)
#Total wire length = 67332 um.
#Total half perimeter of net bounding box = 52102 um.
#Total wire length on LAYER METAL1 = 2884 um.
#Total wire length on LAYER METAL2 = 19373 um.
#Total wire length on LAYER METAL3 = 25992 um.
#Total wire length on LAYER METAL4 = 12075 um.
#Total wire length on LAYER METAL5 = 5452 um.
#Total wire length on LAYER METAL6 = 1469 um.
#Total wire length on LAYER METAL7 = 87 um.
#Total number of vias = 19307
#Total number of multi-cut vias = 1 (  0.0%)
#Total number of single cut vias = 19306 (100.0%)
#Up-Via Summary (total 19307):
#                   single-cut          multi-cut      Total
#-----------------------------------------------------------
#  Metal 1        8207 (100.0%)         1 (  0.0%)       8208
#  Metal 2        8225 (100.0%)         0 (  0.0%)       8225
#  Metal 3        2292 (100.0%)         0 (  0.0%)       2292
#  Metal 4         491 (100.0%)         0 (  0.0%)        491
#  Metal 5          87 (100.0%)         0 (  0.0%)         87
#  Metal 6           4 (100.0%)         0 (  0.0%)          4
#-----------------------------------------------------------
#                19306 (100.0%)         1 (  0.0%)      19307 
#
#Total number of DRC violations = 2
#Total number of violations on LAYER METAL1 = 1
#Total number of violations on LAYER METAL2 = 1
#Total number of violations on LAYER METAL3 = 0
#Total number of violations on LAYER METAL4 = 0
#Total number of violations on LAYER METAL5 = 0
#Total number of violations on LAYER METAL6 = 0
#Total number of violations on LAYER METAL7 = 0
#
#start routing for process antenna violation fix ...
#cpu time = 00:00:00, elapsed time = 00:00:00, memory = 402.00 (Mb)
#
#Total wire length = 67332 um.
#Total half perimeter of net bounding box = 52102 um.
#Total wire length on LAYER METAL1 = 2884 um.
#Total wire length on LAYER METAL2 = 19373 um.
#Total wire length on LAYER METAL3 = 25991 um.
#Total wire length on LAYER METAL4 = 12075 um.
#Total wire length on LAYER METAL5 = 5452 um.
#Total wire length on LAYER METAL6 = 1469 um.
#Total wire length on LAYER METAL7 = 87 um.
#Total number of vias = 19307
#Total number of multi-cut vias = 1 (  0.0%)
#Total number of single cut vias = 19306 (100.0%)
#Up-Via Summary (total 19307):
#                   single-cut          multi-cut      Total
#-----------------------------------------------------------
#  Metal 1        8207 (100.0%)         1 (  0.0%)       8208
#  Metal 2        8225 (100.0%)         0 (  0.0%)       8225
#  Metal 3        2292 (100.0%)         0 (  0.0%)       2292
#  Metal 4         491 (100.0%)         0 (  0.0%)        491
#  Metal 5          87 (100.0%)         0 (  0.0%)         87
#  Metal 6           4 (100.0%)         0 (  0.0%)          4
#-----------------------------------------------------------
#                19306 (100.0%)         1 (  0.0%)      19307 
#
#Total number of DRC violations = 2
#Total number of net violated process antenna rule = 0
#Total number of violations on LAYER METAL1 = 1
#Total number of violations on LAYER METAL2 = 1
#Total number of violations on LAYER METAL3 = 0
#Total number of violations on LAYER METAL4 = 0
#Total number of violations on LAYER METAL5 = 0
#Total number of violations on LAYER METAL6 = 0
#Total number of violations on LAYER METAL7 = 0
#
#detailRoute Statistics:
#Cpu time = 00:00:08
#Elapsed time = 00:00:08
#Increased memory = 12.00 (Mb)
#Total memory = 402.00 (Mb)
#Peak memory = 422.00 (Mb)
#
#globalDetailRoute statistics:
#Cpu time = 00:00:08
#Elapsed time = 00:00:08
#Increased memory = 12.00 (Mb)
#Total memory = 402.00 (Mb)
#Peak memory = 422.00 (Mb)
#Number of warnings = 0
#Total number of warnings = 2
#Number of fails = 0
#Total number of fails = 0
#Complete globalDetailRoute on Mon Oct  5 00:51:04 2026
#

detailRoute

#Start detailRoute on Mon Oct  5 00:51:04 2026
#
Using detail cap. scale factor for clock nets.
Initializing multi-corner capacitance tables ... 
Initializing multi-corner resistance tables ...
#NanoRoute Version v08.10-p008 NR081027-0018/USR58-UB
#Merging special wires...
#
#Start Detail Routing.
#start initial detail routing ...
#    number of violations = 3
#cpu time = 00:00:00, elapsed time = 00:00:00, memory = 402.00 (Mb)
#start 1st optimization iteration ...
#    number of violations = 2
#cpu time = 00:00:00, elapsed time = 00:00:00, memory = 402.00 (Mb)
#start 2nd optimization iteration ...
#    number of violations = 2
#cpu time = 00:00:00, elapsed time = 00:00:00, memory = 402.00 (Mb)
#start 3rd optimization iteration ...
#    number of violations = 2
#cpu time = 00:00:00, elapsed time = 00:00:00, memory = 402.00 (Mb)
#start 4th optimization iteration ...
#    number of violations = 2
#cpu time = 00:00:00, elapsed time = 00:00:00, memory = 402.00 (Mb)
#start 5th optimization iteration ...
#    number of violations = 2
#cpu time = 00:00:00, elapsed time = 00:00:00, memory = 402.00 (Mb)
#start 6th optimization iteration ...
#    number of violations = 3
#cpu time = 00:00:00, elapsed time = 00:00:00, memory = 402.00 (Mb)
#start 7th optimization iteration ...
#    number of violations = 2
#cpu time = 00:00:00, elapsed time = 00:00:00, memory = 402.00 (Mb)
#start 8th optimization iteration ...
#    number of violations = 3
#cpu time = 00:00:00, elapsed time = 00:00:00, memory = 402.00 (Mb)
#start 9th optimization iteration ...
#    number of violations = 3
#cpu time = 00:00:00, elapsed time = 00:00:00, memory = 402.00 (Mb)
#start 10th optimization iteration ...
#    number of violations = 3
#cpu time = 00:00:00, elapsed time = 00:00:00, memory = 402.00 (Mb)
#start 11th optimization iteration ...
#    number of violations = 2
#cpu time = 00:00:00, elapsed time = 00:00:00, memory = 402.00 (Mb)
#start 12th optimization iteration ...
#    number of violations = 3
#cpu time = 00:00:00, elapsed time = 00:00:00, memory = 402.00 (Mb)
#start 13th optimization iteration ...
#    number of violations = 3
#cpu time = 00:00:00, elapsed time = 00:00:00, memory = 402.00 (Mb)
#start 14th optimization iteration ...
#    number of violations = 3
#cpu time = 00:00:00, elapsed time = 00:00:00, memory = 402.00 (Mb)
#start 15th optimization iteration ...
#    number of violations = 2
#cpu time = 00:00:00, elapsed time = 00:00:00, memory = 402.00 (Mb)
#start 16th optimization iteration ...
#    number of violations = 3
#cpu time = 00:00:00, elapsed time = 00:00:00, memory = 403.00 (Mb)
#start 17th optimization iteration ...
#    number of violations = 3
#cpu time = 00:00:00, elapsed time = 00:00:00, memory = 403.00 (Mb)
#start 18th optimization iteration ...
#    number of violations = 2
#cpu time = 00:00:00, elapsed time = 00:00:00, memory = 403.00 (Mb)
#start 19th optimization iteration ...
#    number of violations = 3
#cpu time = 00:00:00, elapsed time = 00:00:00, memory = 403.00 (Mb)
#start 20th optimization iteration ...
#    number of violations = 3
#cpu time = 00:00:00, elapsed time = 00:00:00, memory = 403.00 (Mb)
#Complete Detail Routing.
#Total wire length = 67331 um.
#Total half perimeter of net bounding box = 52102 um.
#Total wire length on LAYER METAL1 = 2877 um.
#Total wire length on LAYER METAL2 = 19373 um.
#Total wire length on LAYER METAL3 = 25998 um.
#Total wire length on LAYER METAL4 = 12076 um.
#Total wire length on LAYER METAL5 = 5452 um.
#Total wire length on LAYER METAL6 = 1469 um.
#Total wire length on LAYER METAL7 = 87 um.
#Total number of vias = 19307
#Total number of multi-cut vias = 1 (  0.0%)
#Total number of single cut vias = 19306 (100.0%)
#Up-Via Summary (total 19307):
#                   single-cut          multi-cut      Total
#-----------------------------------------------------------
#  Metal 1        8207 (100.0%)         1 (  0.0%)       8208
#  Metal 2        8224 (100.0%)         0 (  0.0%)       8224
#  Metal 3        2293 (100.0%)         0 (  0.0%)       2293
#  Metal 4         491 (100.0%)         0 (  0.0%)        491
#  Metal 5          87 (100.0%)         0 (  0.0%)         87
#  Metal 6           4 (100.0%)         0 (  0.0%)          4
#-----------------------------------------------------------
#                19306 (100.0%)         1 (  0.0%)      19307 
#
#Total number of DRC violations = 3
#Total number of violations on LAYER METAL1 = 2
#Total number of violations on LAYER METAL2 = 1
#Total number of violations on LAYER METAL3 = 0
#Total number of violations on LAYER METAL4 = 0
#Total number of violations on LAYER METAL5 = 0
#Total number of violations on LAYER METAL6 = 0
#Total number of violations on LAYER METAL7 = 0
#Cpu time = 00:00:02
#Elapsed time = 00:00:02
#Increased memory = 1.00 (Mb)
#Total memory = 403.00 (Mb)
#Peak memory = 423.00 (Mb)
#
#Start Post Routing Optimization.
#start 1st post routing optimization iteration ...
#    number of DRC violations = 2
#cpu time = 00:00:01, elapsed time = 00:00:01, memory = 402.00 (Mb)
#start 2nd post routing optimization iteration ...
#    number of DRC violations = 2
#cpu time = 00:00:01, elapsed time = 00:00:01, memory = 402.00 (Mb)
#start 3rd post routing optimization iteration ...
#    number of DRC violations = 2
#cpu time = 00:00:01, elapsed time = 00:00:01, memory = 402.00 (Mb)
#Complete Post Routing Optimization.
#Cpu time = 00:00:03
#Elapsed time = 00:00:03
#Increased memory = -1.00 (Mb)
#Total memory = 402.00 (Mb)
#Peak memory = 424.00 (Mb)
#Total wire length = 67332 um.
#Total half perimeter of net bounding box = 52102 um.
#Total wire length on LAYER METAL1 = 2884 um.
#Total wire length on LAYER METAL2 = 19373 um.
#Total wire length on LAYER METAL3 = 25992 um.
#Total wire length on LAYER METAL4 = 12075 um.
#Total wire length on LAYER METAL5 = 5452 um.
#Total wire length on LAYER METAL6 = 1469 um.
#Total wire length on LAYER METAL7 = 87 um.
#Total number of vias = 19307
#Total number of multi-cut vias = 1 (  0.0%)
#Total number of single cut vias = 19306 (100.0%)
#Up-Via Summary (total 19307):
#                   single-cut          multi-cut      Total
#-----------------------------------------------------------
#  Metal 1        8207 (100.0%)         1 (  0.0%)       8208
#  Metal 2        8225 (100.0%)         0 (  0.0%)       8225
#  Metal 3        2292 (100.0%)         0 (  0.0%)       2292
#  Metal 4         491 (100.0%)         0 (  0.0%)        491
#  Metal 5          87 (100.0%)         0 (  0.0%)         87
#  Metal 6           4 (100.0%)         0 (  0.0%)          4
#-----------------------------------------------------------
#                19306 (100.0%)         1 (  0.0%)      19307 
#
#Total number of DRC violations = 2
#Total number of violations on LAYER METAL1 = 1
#Total number of violations on LAYER METAL2 = 1
#Total number of violations on LAYER METAL3 = 0
#Total number of violations on LAYER METAL4 = 0
#Total number of violations on LAYER METAL5 = 0
#Total number of violations on LAYER METAL6 = 0
#Total number of violations on LAYER METAL7 = 0
#
#start routing for via minimization ...
#Total wire length = 67818 um.
#Total half perimeter of net bounding box = 52102 um.
#Total wire length on LAYER METAL1 = 2095 um.
#Total wire length on LAYER METAL2 = 24691 um.
#Total wire length on LAYER METAL3 = 24707 um.
#Total wire length on LAYER METAL4 = 10338 um.
#Total wire length on LAYER METAL5 = 4544 um.
#Total wire length on LAYER METAL6 = 1330 um.
#Total wire length on LAYER METAL7 = 114 um.
#Total number of vias = 15917
#Total number of multi-cut vias = 1 (  0.0%)
#Total number of single cut vias = 15916 (100.0%)
#Up-Via Summary (total 15917):
#                   single-cut          multi-cut      Total
#-----------------------------------------------------------
#  Metal 1        7955 (100.0%)         1 (  0.0%)       7956
#  Metal 2        6092 (100.0%)         0 (  0.0%)       6092
#  Metal 3        1513 (100.0%)         0 (  0.0%)       1513
#  Metal 4         288 (100.0%)         0 (  0.0%)        288
#  Metal 5          64 (100.0%)         0 (  0.0%)         64
#  Metal 6           4 (100.0%)         0 (  0.0%)          4
#-----------------------------------------------------------
#                15916 (100.0%)         1 (  0.0%)      15917 
#
#Total number of DRC violations = 3
#Total number of violations on LAYER METAL1 = 2
#Total number of violations on LAYER METAL2 = 1
#Total number of violations on LAYER METAL3 = 0
#Total number of violations on LAYER METAL4 = 0
#Total number of violations on LAYER METAL5 = 0
#Total number of violations on LAYER METAL6 = 0
#Total number of violations on LAYER METAL7 = 0
#Complete routing via minimization.
#
#start routing for process antenna violation fix ...
#cpu time = 00:00:00, elapsed time = 00:00:00, memory = 402.00 (Mb)
#
#Total wire length = 67818 um.
#Total half perimeter of net bounding box = 52102 um.
#Total wire length on LAYER METAL1 = 2095 um.
#Total wire length on LAYER METAL2 = 24691 um.
#Total wire length on LAYER METAL3 = 24707 um.
#Total wire length on LAYER METAL4 = 10338 um.
#Total wire length on LAYER METAL5 = 4544 um.
#Total wire length on LAYER METAL6 = 1330 um.
#Total wire length on LAYER METAL7 = 114 um.
#Total number of vias = 15917
#Total number of multi-cut vias = 1 (  0.0%)
#Total number of single cut vias = 15916 (100.0%)
#Up-Via Summary (total 15917):
#                   single-cut          multi-cut      Total
#-----------------------------------------------------------
#  Metal 1        7955 (100.0%)         1 (  0.0%)       7956
#  Metal 2        6092 (100.0%)         0 (  0.0%)       6092
#  Metal 3        1513 (100.0%)         0 (  0.0%)       1513
#  Metal 4         288 (100.0%)         0 (  0.0%)        288
#  Metal 5          64 (100.0%)         0 (  0.0%)         64
#  Metal 6           4 (100.0%)         0 (  0.0%)          4
#-----------------------------------------------------------
#                15916 (100.0%)         1 (  0.0%)      15917 
#
#Total number of DRC violations = 2
#Total number of net violated process antenna rule = 0
#Total number of violations on LAYER METAL1 = 1
#Total number of violations on LAYER METAL2 = 1
#Total number of violations on LAYER METAL3 = 0
#Total number of violations on LAYER METAL4 = 0
#Total number of violations on LAYER METAL5 = 0
#Total number of violations on LAYER METAL6 = 0
#Total number of violations on LAYER METAL7 = 0
#
#
#detailRoute statistics:
#Cpu time = 00:00:08
#Elapsed time = 00:00:08
#Increased memory = 0.00 (Mb)
#Total memory = 402.00 (Mb)
#Peak memory = 424.00 (Mb)
#Number of warnings = 0
#Total number of warnings = 4
#Number of fails = 0
#Total number of fails = 0
#Complete detailRoute on Mon Oct  5 00:51:12 2026
#

detailRoute

#Start detailRoute on Mon Oct  5 00:51:12 2026
#
Using detail cap. scale factor for clock nets.
Initializing multi-corner capacitance tables ... 
Initializing multi-corner resistance tables ...
#NanoRoute Version v08.10-p008 NR081027-0018/USR58-UB
#Merging special wires...
#    number of violations = 3
#cpu time = 00:00:01, elapsed time = 00:00:01, memory = 402.00 (Mb)
#Start search and repair to fix violations ... Done
#Total wire length = 67818 um.
#Total half perimeter of net bounding box = 52102 um.
#Total wire length on LAYER METAL1 = 2095 um.
#Total wire length on LAYER METAL2 = 24690 um.
#Total wire length on LAYER METAL3 = 24707 um.
#Total wire length on LAYER METAL4 = 10338 um.
#Total wire length on LAYER METAL5 = 4544 um.
#Total wire length on LAYER METAL6 = 1330 um.
#Total wire length on LAYER METAL7 = 114 um.
#Total number of vias = 15917
#Total number of multi-cut vias = 5097 ( 32.0%)
#Total number of single cut vias = 10820 ( 68.0%)
#Up-Via Summary (total 15917):
#                   single-cut          multi-cut      Total
#-----------------------------------------------------------
#  Metal 1        5940 ( 74.7%)      2016 ( 25.3%)       7956
#  Metal 2        3967 ( 65.1%)      2125 ( 34.9%)       6092
#  Metal 3         886 ( 58.6%)       627 ( 41.4%)       1513
#  Metal 4          26 (  9.0%)       262 ( 91.0%)        288
#  Metal 5           1 (  1.6%)        63 ( 98.4%)         64
#  Metal 6           0 (  0.0%)         4 (100.0%)          4
#-----------------------------------------------------------
#                10820 ( 68.0%)      5097 ( 32.0%)      15917 
#
#    number of violations = 3
#cpu time = 00:00:01, elapsed time = 00:00:01, memory = 402.00 (Mb)
#CELL_VIEW sys_top,init has 3 DRC violations
#Total number of DRC violations = 3
#Total number of net violated process antenna rule = 0
#Total number of violations on LAYER METAL1 = 1
#Total number of violations on LAYER METAL2 = 2
#Total number of violations on LAYER METAL3 = 0
#Total number of violations on LAYER METAL4 = 0
#Total number of violations on LAYER METAL5 = 0
#Total number of violations on LAYER METAL6 = 0
#Total number of violations on LAYER METAL7 = 0
#Post Route via swapping is done.
#
#detailRoute statistics:
#Cpu time = 00:00:01
#Elapsed time = 00:00:01
#Increased memory = 0.00 (Mb)
#Total memory = 402.00 (Mb)
#Peak memory = 424.00 (Mb)
#Number of warnings = 0
#Total number of warnings = 5
#Number of fails = 0
#Total number of fails = 0
#Complete detailRoute on Mon Oct  5 00:51:13 2026
#

detailRoute

#Start detailRoute on Mon Oct  5 00:51:13 2026
#
Using detail cap. scale factor for clock nets.
Initializing multi-corner capacitance tables ... 
Initializing multi-corner resistance tables ...
#NanoRoute Version v08.10-p008 NR081027-0018/USR58-UB
#Merging special wires...
#
#Start Detail Routing.
#start initial detail routing ...
#    number of violations = 3
#cpu time = 00:00:00, elapsed time = 00:00:00, memory = 402.00 (Mb)
#start 1st optimization iteration ...
#    number of violations = 2
#cpu time = 00:00:00, elapsed time = 00:00:00, memory = 402.00 (Mb)
#start 2nd optimization iteration ...
#    number of violations = 2
#cpu time = 00:00:00, elapsed time = 00:00:00, memory = 402.00 (Mb)
#start 3rd optimization iteration ...
#    number of violations = 2
#cpu time = 00:00:00, elapsed time = 00:00:00, memory = 402.00 (Mb)
#start 4th optimization iteration ...
#    number of violations = 2
#cpu time = 00:00:00, elapsed time = 00:00:00, memory = 402.00 (Mb)
#start 5th optimization iteration ...
#    number of violations = 2
#cpu time = 00:00:00, elapsed time = 00:00:00, memory = 402.00 (Mb)
#start 6th optimization iteration ...
#    number of violations = 3
#cpu time = 00:00:00, elapsed time = 00:00:00, memory = 402.00 (Mb)
#start 7th optimization iteration ...
#    number of violations = 2
#cpu time = 00:00:00, elapsed time = 00:00:00, memory = 402.00 (Mb)
#start 8th optimization iteration ...
#    number of violations = 3
#cpu time = 00:00:00, elapsed time = 00:00:00, memory = 402.00 (Mb)
#start 9th optimization iteration ...
#    number of violations = 2
#cpu time = 00:00:00, elapsed time = 00:00:00, memory = 402.00 (Mb)
#start 10th optimization iteration ...
#    number of violations = 3
#cpu time = 00:00:00, elapsed time = 00:00:00, memory = 402.00 (Mb)
#start 11th optimization iteration ...
#    number of violations = 2
#cpu time = 00:00:00, elapsed time = 00:00:00, memory = 402.00 (Mb)
#start 12th optimization iteration ...
#    number of violations = 3
#cpu time = 00:00:00, elapsed time = 00:00:00, memory = 402.00 (Mb)
#start 13th optimization iteration ...
#    number of violations = 2
#cpu time = 00:00:00, elapsed time = 00:00:00, memory = 402.00 (Mb)
#start 14th optimization iteration ...
#    number of violations = 3
#cpu time = 00:00:00, elapsed time = 00:00:00, memory = 402.00 (Mb)
#start 15th optimization iteration ...
#    number of violations = 3
#cpu time = 00:00:00, elapsed time = 00:00:00, memory = 402.00 (Mb)
#start 16th optimization iteration ...
#    number of violations = 2
#cpu time = 00:00:00, elapsed time = 00:00:00, memory = 403.00 (Mb)
#start 17th optimization iteration ...
#    number of violations = 3
#cpu time = 00:00:00, elapsed time = 00:00:00, memory = 403.00 (Mb)
#start 18th optimization iteration ...
#    number of violations = 3
#cpu time = 00:00:00, elapsed time = 00:00:00, memory = 403.00 (Mb)
#start 19th optimization iteration ...
#    number of violations = 2
#cpu time = 00:00:00, elapsed time = 00:00:00, memory = 403.00 (Mb)
#start 20th optimization iteration ...
#    number of violations = 3
#cpu time = 00:00:00, elapsed time = 00:00:00, memory = 403.00 (Mb)
#Complete Detail Routing.
#Total wire length = 67802 um.
#Total half perimeter of net bounding box = 52102 um.
#Total wire length on LAYER METAL1 = 2097 um.
#Total wire length on LAYER METAL2 = 24593 um.
#Total wire length on LAYER METAL3 = 24734 um.
#Total wire length on LAYER METAL4 = 10381 um.
#Total wire length on LAYER METAL5 = 4559 um.
#Total wire length on LAYER METAL6 = 1324 um.
#Total wire length on LAYER METAL7 = 114 um.
#Total number of vias = 15976
#Total number of multi-cut vias = 5049 ( 31.6%)
#Total number of single cut vias = 10927 ( 68.4%)
#Up-Via Summary (total 15976):
#                   single-cut          multi-cut      Total
#-----------------------------------------------------------
#  Metal 1        5966 ( 75.0%)      1989 ( 25.0%)       7955
#  Metal 2        4027 ( 65.7%)      2107 ( 34.3%)       6134
#  Metal 3         905 ( 59.2%)       624 ( 40.8%)       1529
#  Metal 4          28 (  9.7%)       262 ( 90.3%)        290
#  Metal 5           1 (  1.6%)        63 ( 98.4%)         64
#  Metal 6           0 (  0.0%)         4 (100.0%)          4
#-----------------------------------------------------------
#                10927 ( 68.4%)      5049 ( 31.6%)      15976 
#
#Total number of DRC violations = 3
#Total number of violations on LAYER METAL1 = 2
#Total number of violations on LAYER METAL2 = 1
#Total number of violations on LAYER METAL3 = 0
#Total number of violations on LAYER METAL4 = 0
#Total number of violations on LAYER METAL5 = 0
#Total number of violations on LAYER METAL6 = 0
#Total number of violations on LAYER METAL7 = 0
#Cpu time = 00:00:02
#Elapsed time = 00:00:02
#Increased memory = 1.00 (Mb)
#Total memory = 403.00 (Mb)
#Peak memory = 425.00 (Mb)
#
#Start Post Routing Optimization.
#start 1st post routing optimization iteration ...
#    number of DRC violations = 2
#cpu time = 00:00:01, elapsed time = 00:00:01, memory = 403.00 (Mb)
#start 2nd post routing optimization iteration ...
#    number of DRC violations = 2
#cpu time = 00:00:01, elapsed time = 00:00:01, memory = 402.00 (Mb)
#start 3rd post routing optimization iteration ...
#    number of DRC violations = 2
#cpu time = 00:00:01, elapsed time = 00:00:01, memory = 402.00 (Mb)
#Complete Post Routing Optimization.
#Cpu time = 00:00:04
#Elapsed time = 00:00:04
#Increased memory = -1.00 (Mb)
#Total memory = 402.00 (Mb)
#Peak memory = 425.00 (Mb)
#Total wire length = 67802 um.
#Total half perimeter of net bounding box = 52102 um.
#Total wire length on LAYER METAL1 = 2097 um.
#Total wire length on LAYER METAL2 = 24593 um.
#Total wire length on LAYER METAL3 = 24734 um.
#Total wire length on LAYER METAL4 = 10381 um.
#Total wire length on LAYER METAL5 = 4559 um.
#Total wire length on LAYER METAL6 = 1324 um.
#Total wire length on LAYER METAL7 = 114 um.
#Total number of vias = 15976
#Total number of multi-cut vias = 5049 ( 31.6%)
#Total number of single cut vias = 10927 ( 68.4%)
#Up-Via Summary (total 15976):
#                   single-cut          multi-cut      Total
#-----------------------------------------------------------
#  Metal 1        5966 ( 75.0%)      1989 ( 25.0%)       7955
#  Metal 2        4027 ( 65.7%)      2107 ( 34.3%)       6134
#  Metal 3         905 ( 59.2%)       624 ( 40.8%)       1529
#  Metal 4          28 (  9.7%)       262 ( 90.3%)        290
#  Metal 5           1 (  1.6%)        63 ( 98.4%)         64
#  Metal 6           0 (  0.0%)         4 (100.0%)          4
#-----------------------------------------------------------
#                10927 ( 68.4%)      5049 ( 31.6%)      15976 
#
#Total number of DRC violations = 2
#Total number of violations on LAYER METAL1 = 1
#Total number of violations on LAYER METAL2 = 1
#Total number of violations on LAYER METAL3 = 0
#Total number of violations on LAYER METAL4 = 0
#Total number of violations on LAYER METAL5 = 0
#Total number of violations on LAYER METAL6 = 0
#Total number of violations on LAYER METAL7 = 0
#
#start routing for process antenna violation fix ...
#cpu time = 00:00:00, elapsed time = 00:00:00, memory = 402.00 (Mb)
#
#Total wire length = 67802 um.
#Total half perimeter of net bounding box = 52102 um.
#Total wire length on LAYER METAL1 = 2097 um.
#Total wire length on LAYER METAL2 = 24593 um.
#Total wire length on LAYER METAL3 = 24734 um.
#Total wire length on LAYER METAL4 = 10381 um.
#Total wire length on LAYER METAL5 = 4559 um.
#Total wire length on LAYER METAL6 = 1324 um.
#Total wire length on LAYER METAL7 = 114 um.
#Total number of vias = 15976
#Total number of multi-cut vias = 5049 ( 31.6%)
#Total number of single cut vias = 10927 ( 68.4%)
#Up-Via Summary (total 15976):
#                   single-cut          multi-cut      Total
#-----------------------------------------------------------
#  Metal 1        5966 ( 75.0%)      1989 ( 25.0%)       7955
#  Metal 2        4027 ( 65.7%)      2107 ( 34.3%)       6134
#  Metal 3         905 ( 59.2%)       624 ( 40.8%)       1529
#  Metal 4          28 (  9.7%)       262 ( 90.3%)        290
#  Metal 5           1 (  1.6%)        63 ( 98.4%)         64
#  Metal 6           0 (  0.0%)         4 (100.0%)          4
#-----------------------------------------------------------
#                10927 ( 68.4%)      5049 ( 31.6%)      15976 
#
#Total number of DRC violations = 2
#Total number of net violated process antenna rule = 0
#Total number of violations on LAYER METAL1 = 1
#Total number of violations on LAYER METAL2 = 1
#Total number of violations on LAYER METAL3 = 0
#Total number of violations on LAYER METAL4 = 0
#Total number of violations on LAYER METAL5 = 0
#Total number of violations on LAYER METAL6 = 0
#Total number of violations on LAYER METAL7 = 0
#
#
#detailRoute statistics:
#Cpu time = 00:00:06
#Elapsed time = 00:00:06
#Increased memory = 0.00 (Mb)
#Total memory = 402.00 (Mb)
#Peak memory = 425.00 (Mb)
#Number of warnings = 0
#Total number of warnings = 6
#Number of fails = 0
#Total number of fails = 0
#Complete detailRoute on Mon Oct  5 00:51:19 2026
#
<CMD> clearDrc
<CMD> verifyGeometry -noMinArea
 *** Starting Verify Geometry (MEM: 402.3) ***

  VERIFY GEOMETRY ...... Starting Verification
  VERIFY GEOMETRY ...... Initializing
  VERIFY GEOMETRY ...... Deleting Existing Violations
  VERIFY GEOMETRY ...... Creating Sub-Areas
                  ...... bin size: 8000
  VERIFY GEOMETRY ...... SubArea : 1 of 1
  VERIFY GEOMETRY ...... Cells          :  0 Viols.
  VERIFY GEOMETRY ...... SameNet        :  0 Viols.
  VERIFY GEOMETRY ...... Wiring         :  1 Viols.
  VERIFY GEOMETRY ...... Antenna        :  0 Viols.
  VERIFY GEOMETRY ...... Sub-Area : 1 complete 1 Viols. 0 Wrngs.
VG: elapsed time: 0.00
Begin Summary ...
  Cells       : 0
  SameNet     : 0
  Wiring      : 1
  Antenna     : 0
  Short       : 0
  Overlap     : 0
End Summary

  Verification Complete : 1 Viols.  0 Wrngs.

**********End: VERIFY GEOMETRY**********
 *** verify geometry (CPU: 0:00:00.6  MEM: 24.8M)

<CMD> verifyConnectivity -type all -noAntenna -error 1000 -warning 50

******** Start: VERIFY CONNECTIVITY ********
Start Time: Mon Oct  5 00:51:32 2026

Design Name: sys_top
Database Units: 2000
Design Boundary: (0.0000, 0.0000) (240.4700, 160.4700)
Error Limit = 1000; Warning Limit = 50
Check all nets
Net REF_CLK: Found a geometry with bounding box (-0.10,50.10) (0.10,50.30) outside design boundary.
Violations for such geometries will be reported.

Begin Summary 
  Found no problems or warnings.
End Summary

End Time: Mon Oct  5 00:51:32 2026
******** End: VERIFY CONNECTIVITY ********
  Verification Complete : 0 Viols.  0 Wrngs.
  (CPU Time: 0:00:00.1  MEM: 0.000M)

<CMD> zoomBox -5.901 46.607 33.676 8.487
<CMD> zoomBox -2.184 41.311 7.306 36.749
<CMD> zoomBox -0.354 40.797 1.171 39.660
<CMD> selectWire 0.2500 0.2500 1.2500 160.2200 4 VDD
<CMD> deselectAll
<CMD> selectWire 0.2500 0.2500 1.2500 160.2200 4 VDD
<CMD> setLayerPreference allM4 -isVisible 0
<CMD> deselectAll
<CMD> selectVia 0.2500 40.4450 1.1400 40.7350 4 VDD
<CMD> setLayerPreference allM4Cont -isVisible 0
<CMD> deselectAll
<CMD> selectVia 0.3100 40.4450 1.1400 40.7350 3 VDD
<CMD> deselectAll
<CMD> selectVia 0.2500 40.4600 1.1400 40.7200 2 VDD
<CMD> deselectAll
<CMD> selectVia 0.2500 40.4600 1.1400 40.7200 2 VDD
<CMD> setLayerPreference allM2Cont -isVisible 0
<CMD> deselectAll
<CMD> selectVia 0.3100 40.4450 1.1400 40.7350 3 VDD
<CMD> setLayerPreference allM3Cont -isVisible 0
<CMD> deselectAll
<CMD> selectWire 0.2500 40.4600 6.2800 40.7200 1 VDD
<CMD> deselectAll
<CMD> setLayerPreference allM3Cont -isVisible 1
<CMD> selectVia 0.3100 40.4450 1.1400 40.7350 3 VDD
<CMD> deselectAll
<CMD> setLayerPreference allM2Cont -isVisible 1
<CMD> setLayerPreference allM2Cont -isVisible 0
<CMD> selectVia 0.3100 40.4450 1.1400 40.7350 3 VDD
<CMD> deselectAll
<CMD> selectWire 0.2500 40.4600 6.2800 40.7200 1 VDD
<CMD> deselectAll
<CMD> selectPhyPin -0.1000 40.1000 0.1000 40.3000 2 UART_RX_IN
<CMD> deselectAll
<CMD> setLayerPreference allM2Cont -isVisible 1
<CMD> setLayerPreference allM2 -isVisible 0
<CMD> setLayerPreference allM2 -isVisible 1
<CMD> setLayerPreference allM2 -isVisible 0
<CMD> setLayerPreference allM2 -isVisible 1
<CMD> setLayerPreference allM3Cont -isVisible 0
<CMD> selectVia 0.2500 40.4600 1.1400 40.7200 2 VDD
<CMD_INTERNAL> uiSetTool move
<CMD> saveDesign /home/ahesham/Projects/System/System_pnr/pnr/sys_top_post_route.enc
Redoing specifyClockTree  -file Clock.ctstch  ...
Writing Netlist "/home/ahesham/Projects/System/System_pnr/pnr/sys_top_post_route.enc.dat/sys_top.v" ...
Saving clock tree spec file '/home/ahesham/Projects/System/System_pnr/pnr/sys_top_post_route.enc.dat/sys_top.ctstch' ...
Saving configuration ...
Saving preference file /home/ahesham/Projects/System/System_pnr/pnr/sys_top_post_route.enc.dat/enc.pref.tcl ...
Saving SI fix option to '/home/ahesham/Projects/System/System_pnr/pnr/sys_top_post_route.enc.dat/siFix.option'...
Saving floorplan ...
Saving Drc markers ...
... 1 Drc markers are saved ...
Saving placement ...
*** Completed savePlace (cpu=0:00:00.0 real=0:00:00.0 mem=427.0M) ***
Saving route ...
*** Completed saveRoute (cpu=0:00:00.0 real=0:00:00.0 mem=427.0M) ***
*** Completed saveYieldMap (cpu=: 0:00:00.0 real=0:00:00.0 mem=: 0.000M) ***
Creating constraint file...
<CMD> editMove 0.0175 -0.0015
<CMD_INTERNAL> uiSetTool select
<CMD> deselectAll
<CMD> verifyGeometry -noMinArea
 *** Starting Verify Geometry (MEM: 427.0) ***

  VERIFY GEOMETRY ...... Starting Verification
  VERIFY GEOMETRY ...... Initializing
  VERIFY GEOMETRY ...... Deleting Existing Violations
  VERIFY GEOMETRY ...... Creating Sub-Areas
                  ...... bin size: 8000
  VERIFY GEOMETRY ...... SubArea : 1 of 1
  VERIFY GEOMETRY ...... Cells          :  0 Viols.
  VERIFY GEOMETRY ...... SameNet        :  0 Viols.
  VERIFY GEOMETRY ...... Wiring         :  0 Viols.
  VERIFY GEOMETRY ...... Antenna        :  0 Viols.
  VERIFY GEOMETRY ...... Sub-Area : 1 complete 0 Viols. 0 Wrngs.
VG: elapsed time: 1.00
Begin Summary ...
  Cells       : 0
  SameNet     : 0
  Wiring      : 0
  Antenna     : 0
  Short       : 0
  Overlap     : 0
End Summary

  Verification Complete : 0 Viols.  0 Wrngs.

**********End: VERIFY GEOMETRY**********
 *** verify geometry (CPU: 0:00:00.6  MEM: 15.9M)

<CMD> verifyConnectivity -type all -noAntenna -error 1000 -warning 50

******** Start: VERIFY CONNECTIVITY ********
Start Time: Mon Oct  5 00:53:37 2026

Design Name: sys_top
Database Units: 2000
Design Boundary: (0.0000, 0.0000) (240.4700, 160.4700)
Error Limit = 1000; Warning Limit = 50
Check all nets
Net REF_CLK: Found a geometry with bounding box (-0.10,50.10) (0.10,50.30) outside design boundary.
Violations for such geometries will be reported.

Begin Summary 
  Found no problems or warnings.
End Summary

End Time: Mon Oct  5 00:53:37 2026
******** End: VERIFY CONNECTIVITY ********
  Verification Complete : 0 Viols.  0 Wrngs.
  (CPU Time: 0:00:00.1  MEM: 0.000M)

<CMD> setLayerPreference allM3Cont -isVisible 1
<CMD> setLayerPreference allM4 -isVisible 1
<CMD> setLayerPreference allM4Cont -isVisible 1
<CMD> clearClockDomains
<CMD> setClockDomains -all
setClockDomains -all 
**WARN: (SOCSYC-1873):	The setClockDomains -all option is unsupported in CTE mode 
<CMD> timeDesign -postRoute -pathReports -drvReports -slackReports -numPaths 50 -prefix sys_top_postRoute -outDir timingReports
-engine default                        # enums={feDC signalStorm default}, default=default, user setting
-signOff false                         # bool, default=false
Detail RC Extraction called for design sys_top.
RC Extraction called in multi-corner(1) mode.
Process corner(s) are loaded.
 Corner: RCcorner
extractDetailRC Option : -outfile ./sys_top_3VkHaS_6862.rcdb.d  -extended
RC Mode: Detail [Extended CapTable, RC Table Resistances]
      RC Corner Indexes            0   
Capacitance Scaling Factor   : 1.00000 
Coupling Cap. Scaling Factor : 1.00000 
Resistance Scaling Factor    : 1.00000 
Shrink Factor                : 1.00000
Initializing multi-corner capacitance tables ... 
Initializing multi-corner resistance tables ...
Checking LVS Completed (CPU Time= 0:00:00.0  MEM= 427.2M)
Creating parasitic data file './sys_top_3VkHaS_6862.rcdb.d/header.da' in memory efficient access mode for storing RC.
Write RCDB with uncompressed RC data. Compressed RCDB mode disabled.
Extracted 10.0095% (CPU Time= 0:00:00.0  MEM= 427.2M)
Extracted 20.0085% (CPU Time= 0:00:00.0  MEM= 427.2M)
Extracted 30.0074% (CPU Time= 0:00:00.0  MEM= 427.2M)
Extracted 40.0063% (CPU Time= 0:00:00.0  MEM= 427.2M)
Extracted 50.0106% (CPU Time= 0:00:00.1  MEM= 427.2M)
Extracted 60.0095% (CPU Time= 0:00:00.1  MEM= 427.2M)
Extracted 70.0085% (CPU Time= 0:00:00.1  MEM= 427.2M)
Extracted 80.0074% (CPU Time= 0:00:00.1  MEM= 427.2M)
Extracted 90.0063% (CPU Time= 0:00:00.1  MEM= 427.2M)
Extracted 100% (CPU Time= 0:00:00.1  MEM= 427.2M)
Nr. Extracted Resistors     : 34908
Nr. Extracted Ground Cap.   : 36869
Nr. Extracted Coupling Cap. : 0
Detail RC Extraction DONE (CPU Time: 0:00:00.1  Real Time: 0:00:01.0  MEM: 427.160M)
Found active setup analysis view setup1_analysis_view
Found active setup analysis view setup2_analysis_view
Found active setup analysis view setup3_analysis_view
Found active hold analysis view hold1_analysis_view
Found active hold analysis view hold2_analysis_view
Found active hold analysis view hold3_analysis_view

------------------------------------------------------------
          timeDesign Summary                             
------------------------------------------------------------

+--------------------+---------+---------+---------+---------+---------+---------+
|     Setup mode     |   all   | reg2reg | in2reg  | reg2out | in2out  | clkgate |
+--------------------+---------+---------+---------+---------+---------+---------+
|           WNS (ns):|  0.290  |  0.290  |  7.237  | 77.026  |   N/A   |  4.554  |
|           TNS (ns):|  0.000  |  0.000  |  0.000  |  0.000  |   N/A   |  0.000  |
|    Violating Paths:|    0    |    0    |    0    |    0    |   N/A   |    0    |
|          All Paths:|  1010   |   993   |   307   |    6    |   N/A   |    1    |
+--------------------+---------+---------+---------+---------+---------+---------+

+----------------+---------------------------+--------------+
|                |            Real           |     Total    |
|    DRVs        +--------------+------------+--------------|
|                |Nr nets(terms)| Worst Vio  |Nr nets(terms)|
+----------------+--------------+------------+--------------+
|   max_cap      |    0 (0)     |   0.000    |    0 (0)     |
|   max_tran     |    0 (0)     |   0.000    |    0 (0)     |
|   max_fanout   |    0 (0)     |     0      |    0 (0)     |
+----------------+--------------+------------+--------------+

Density: 67.554%
------------------------------------------------------------
Reported timing to dir timingReports
Total CPU time: 0.71 sec
Total Real time: 1.0 sec
Total Memory Usage: 427.164062 Mbytes
<CMD> clearClockDomains
<CMD> setClockDomains -all
setClockDomains -all 
**WARN: (SOCSYC-1873):	The setClockDomains -all option is unsupported in CTE mode 
<CMD> timeDesign -postRoute -hold -pathReports -slackReports -numPaths 50 -prefix sys_top_postRoute -outDir timingReports
-engine default                        # enums={feDC signalStorm default}, default=default, user setting
-signOff false                         # bool, default=false
Detail RC Extraction called for design sys_top.
RC Extraction called in multi-corner(1) mode.
Process corner(s) are loaded.
 Corner: RCcorner
extractDetailRC Option : -outfile ./sys_top_3VkHaS_6862.rcdb.d -maxResLength 200  -extended
RC Mode: Detail [Extended CapTable, RC Table Resistances]
      RC Corner Indexes            0   
Capacitance Scaling Factor   : 1.00000 
Coupling Cap. Scaling Factor : 1.00000 
Resistance Scaling Factor    : 1.00000 
Shrink Factor                : 1.00000
Initializing multi-corner capacitance tables ... 
Initializing multi-corner resistance tables ...
Checking LVS Completed (CPU Time= 0:00:00.0  MEM= 427.2M)
Closing parasitic data file './sys_top_3VkHaS_6862.rcdb.d'. 1961 times net's RC data read were performed.
Creating parasitic data file './sys_top_3VkHaS_6862.rcdb.d/header.da' in memory efficient access mode for storing RC.
Write RCDB with uncompressed RC data. Compressed RCDB mode disabled.
Extracted 10.0095% (CPU Time= 0:00:00.1  MEM= 427.2M)
Extracted 20.0085% (CPU Time= 0:00:00.1  MEM= 427.2M)
Extracted 30.0074% (CPU Time= 0:00:00.1  MEM= 427.2M)
Extracted 40.0063% (CPU Time= 0:00:00.1  MEM= 427.2M)
Extracted 50.0106% (CPU Time= 0:00:00.1  MEM= 427.2M)
Extracted 60.0095% (CPU Time= 0:00:00.1  MEM= 427.2M)
Extracted 70.0085% (CPU Time= 0:00:00.1  MEM= 427.2M)
Extracted 80.0074% (CPU Time= 0:00:00.1  MEM= 427.2M)
Extracted 90.0063% (CPU Time= 0:00:00.1  MEM= 427.2M)
Extracted 100% (CPU Time= 0:00:00.1  MEM= 427.2M)
Nr. Extracted Resistors     : 34908
Nr. Extracted Ground Cap.   : 36869
Nr. Extracted Coupling Cap. : 0
Detail RC Extraction DONE (CPU Time: 0:00:00.1  Real Time: 0:00:00.0  MEM: 427.160M)
Found active setup analysis view setup1_analysis_view
Found active setup analysis view setup2_analysis_view
Found active setup analysis view setup3_analysis_view
Found active hold analysis view hold1_analysis_view
Found active hold analysis view hold2_analysis_view
Found active hold analysis view hold3_analysis_view

------------------------------------------------------------
          timeDesign Summary                             
------------------------------------------------------------

+--------------------+---------+---------+---------+---------+---------+---------+
|     Hold mode      |   all   | reg2reg | in2reg  | reg2out | in2out  | clkgate |
+--------------------+---------+---------+---------+---------+---------+---------+
|           WNS (ns):| -0.500  | -0.124  | -0.500  | 20.993  |   N/A   | -0.143  |
|           TNS (ns):| -38.789 | -0.182  | -38.464 |  0.000  |   N/A   | -0.143  |
|    Violating Paths:|   164   |    2    |   161   |    0    |   N/A   |    1    |
|          All Paths:|  1010   |   993   |   307   |    6    |   N/A   |    1    |
+--------------------+---------+---------+---------+---------+---------+---------+

Density: 67.554%
------------------------------------------------------------
Reported timing to dir timingReports
Total CPU time: 0.69 sec
Total Real time: 1.0 sec
Total Memory Usage: 427.164062 Mbytes
<CMD> optDesign -postRoute -hold
**optDesign ... cpu = 0:00:00, real = 0:00:00, mem = 427.2M **
Begin checking placement ...
*info: Placed = 1494
*info: Unplaced = 0
Placement Density:67.55%(22513/33325)
setExtractRCMode -reduce 0.0 -coupled false
*** optDesign -postRoute ***
DRC Margin: user margin 0.0; extra margin 0
Setup Target Slack: user slack 0.0
Hold Target Slack: user slack 0.0
*info: Setting setup target slack to 0.000
*info: Hold target slack is 0.000
*** CTE mode ***
All-RC-Corners-Per-Net-In-Memory is turned ON...
*info: All cells identified as Buffer and Delay cells:
*info: --------------------------------------------------
*info:           DLY4X1M         -   scmetro_tsmc_cl013g_rvt_ff_1p32v_m40c
*info:           DLY3X1M         -   scmetro_tsmc_cl013g_rvt_ff_1p32v_m40c
*info:           DLY2X1M         -   scmetro_tsmc_cl013g_rvt_ff_1p32v_m40c
*info:           DLY1X1M         -   scmetro_tsmc_cl013g_rvt_ff_1p32v_m40c
*info:           DLY4X4M         -   scmetro_tsmc_cl013g_rvt_ff_1p32v_m40c
*info:           DLY3X4M         -   scmetro_tsmc_cl013g_rvt_ff_1p32v_m40c
*info:           DLY2X4M         -   scmetro_tsmc_cl013g_rvt_ff_1p32v_m40c
*info:           DLY1X4M         -   scmetro_tsmc_cl013g_rvt_ff_1p32v_m40c
*info:           DLY4X1M         -   scmetro_tsmc_cl013g_rvt_ff_1p32v_m40c
*info:           DLY3X1M         -   scmetro_tsmc_cl013g_rvt_ff_1p32v_m40c
*info:           DLY2X1M         -   scmetro_tsmc_cl013g_rvt_ff_1p32v_m40c
*info:           DLY1X1M         -   scmetro_tsmc_cl013g_rvt_ff_1p32v_m40c
*info:           DLY4X4M         -   scmetro_tsmc_cl013g_rvt_ff_1p32v_m40c
*info:           DLY3X4M         -   scmetro_tsmc_cl013g_rvt_ff_1p32v_m40c
*info:           DLY2X4M         -   scmetro_tsmc_cl013g_rvt_ff_1p32v_m40c
*info:           DLY1X4M         -   scmetro_tsmc_cl013g_rvt_ff_1p32v_m40c
*info:           DLY4X1M         -   scmetro_tsmc_cl013g_rvt_ff_1p32v_m40c
*info:           DLY3X1M         -   scmetro_tsmc_cl013g_rvt_ff_1p32v_m40c
*info:           DLY2X1M         -   scmetro_tsmc_cl013g_rvt_ff_1p32v_m40c
*info:           DLY1X1M         -   scmetro_tsmc_cl013g_rvt_ff_1p32v_m40c
*info:           DLY4X4M         -   scmetro_tsmc_cl013g_rvt_ff_1p32v_m40c
*info:           DLY3X4M         -   scmetro_tsmc_cl013g_rvt_ff_1p32v_m40c
*info:           DLY2X4M         -   scmetro_tsmc_cl013g_rvt_ff_1p32v_m40c
*info:           DLY1X4M         -   scmetro_tsmc_cl013g_rvt_ff_1p32v_m40c
*info:           DLY4X1M         -   scmetro_tsmc_cl013g_rvt_ff_1p32v_m40c
*info:           DLY3X1M         -   scmetro_tsmc_cl013g_rvt_ff_1p32v_m40c
*info:           DLY2X1M         -   scmetro_tsmc_cl013g_rvt_ff_1p32v_m40c
*info:           DLY1X1M         -   scmetro_tsmc_cl013g_rvt_ff_1p32v_m40c
*info:           DLY4X4M         -   scmetro_tsmc_cl013g_rvt_ff_1p32v_m40c
*info:           DLY3X4M         -   scmetro_tsmc_cl013g_rvt_ff_1p32v_m40c
*info:           DLY2X4M         -   scmetro_tsmc_cl013g_rvt_ff_1p32v_m40c
*info:           DLY1X4M         -   scmetro_tsmc_cl013g_rvt_ff_1p32v_m40c
*info:         CLKBUFX1M         -   scmetro_tsmc_cl013g_rvt_ff_1p32v_m40c
*info:            BUFX2M         -   scmetro_tsmc_cl013g_rvt_ff_1p32v_m40c
*info:         CLKBUFX2M         -   scmetro_tsmc_cl013g_rvt_ff_1p32v_m40c
*info:         CLKBUFX3M         -   scmetro_tsmc_cl013g_rvt_ff_1p32v_m40c
*info:            BUFX3M         -   scmetro_tsmc_cl013g_rvt_ff_1p32v_m40c
*info:            BUFX4M         -   scmetro_tsmc_cl013g_rvt_ff_1p32v_m40c
*info:         CLKBUFX4M         -   scmetro_tsmc_cl013g_rvt_ff_1p32v_m40c
*info:            BUFX5M         -   scmetro_tsmc_cl013g_rvt_ff_1p32v_m40c
*info:         CLKBUFX6M         -   scmetro_tsmc_cl013g_rvt_ff_1p32v_m40c
*info:            BUFX6M         -   scmetro_tsmc_cl013g_rvt_ff_1p32v_m40c
*info:            BUFX8M         -   scmetro_tsmc_cl013g_rvt_ff_1p32v_m40c
*info:         CLKBUFX8M         -   scmetro_tsmc_cl013g_rvt_ff_1p32v_m40c
*info:           BUFX10M         -   scmetro_tsmc_cl013g_rvt_ff_1p32v_m40c
*info:           BUFX12M         -   scmetro_tsmc_cl013g_rvt_ff_1p32v_m40c
*info:        CLKBUFX12M         -   scmetro_tsmc_cl013g_rvt_ff_1p32v_m40c
*info:           BUFX14M         -   scmetro_tsmc_cl013g_rvt_ff_1p32v_m40c
*info:        CLKBUFX16M         -   scmetro_tsmc_cl013g_rvt_ff_1p32v_m40c
*info:           BUFX16M         -   scmetro_tsmc_cl013g_rvt_ff_1p32v_m40c
*info:           BUFX18M         -   scmetro_tsmc_cl013g_rvt_ff_1p32v_m40c
*info:           BUFX20M         -   scmetro_tsmc_cl013g_rvt_ff_1p32v_m40c
*info:        CLKBUFX20M         -   scmetro_tsmc_cl013g_rvt_ff_1p32v_m40c
*info:        CLKBUFX24M         -   scmetro_tsmc_cl013g_rvt_ff_1p32v_m40c
*info:           BUFX24M         -   scmetro_tsmc_cl013g_rvt_ff_1p32v_m40c
*info:        CLKBUFX32M         -   scmetro_tsmc_cl013g_rvt_ff_1p32v_m40c
*info:           BUFX32M         -   scmetro_tsmc_cl013g_rvt_ff_1p32v_m40c
*info:        CLKBUFX40M         -   scmetro_tsmc_cl013g_rvt_ff_1p32v_m40c
*info:         CLKBUFX1M         -   scmetro_tsmc_cl013g_rvt_ff_1p32v_m40c
*info:            BUFX2M         -   scmetro_tsmc_cl013g_rvt_ff_1p32v_m40c
*info:         CLKBUFX2M         -   scmetro_tsmc_cl013g_rvt_ff_1p32v_m40c
*info:         CLKBUFX3M         -   scmetro_tsmc_cl013g_rvt_ff_1p32v_m40c
*info:            BUFX3M         -   scmetro_tsmc_cl013g_rvt_ff_1p32v_m40c
*info:            BUFX4M         -   scmetro_tsmc_cl013g_rvt_ff_1p32v_m40c
*info:         CLKBUFX4M         -   scmetro_tsmc_cl013g_rvt_ff_1p32v_m40c
*info:            BUFX5M         -   scmetro_tsmc_cl013g_rvt_ff_1p32v_m40c
*info:         CLKBUFX6M         -   scmetro_tsmc_cl013g_rvt_ff_1p32v_m40c
*info:            BUFX6M         -   scmetro_tsmc_cl013g_rvt_ff_1p32v_m40c
*info:            BUFX8M         -   scmetro_tsmc_cl013g_rvt_ff_1p32v_m40c
*info:         CLKBUFX8M         -   scmetro_tsmc_cl013g_rvt_ff_1p32v_m40c
*info:           BUFX10M         -   scmetro_tsmc_cl013g_rvt_ff_1p32v_m40c
*info:           BUFX12M         -   scmetro_tsmc_cl013g_rvt_ff_1p32v_m40c
*info:        CLKBUFX12M         -   scmetro_tsmc_cl013g_rvt_ff_1p32v_m40c
*info:           BUFX14M         -   scmetro_tsmc_cl013g_rvt_ff_1p32v_m40c
*info:        CLKBUFX16M         -   scmetro_tsmc_cl013g_rvt_ff_1p32v_m40c
*info:           BUFX16M         -   scmetro_tsmc_cl013g_rvt_ff_1p32v_m40c
*info:           BUFX18M         -   scmetro_tsmc_cl013g_rvt_ff_1p32v_m40c
*info:           BUFX20M         -   scmetro_tsmc_cl013g_rvt_ff_1p32v_m40c
*info:        CLKBUFX20M         -   scmetro_tsmc_cl013g_rvt_ff_1p32v_m40c
*info:        CLKBUFX24M         -   scmetro_tsmc_cl013g_rvt_ff_1p32v_m40c
*info:           BUFX24M         -   scmetro_tsmc_cl013g_rvt_ff_1p32v_m40c
*info:        CLKBUFX32M         -   scmetro_tsmc_cl013g_rvt_ff_1p32v_m40c
*info:           BUFX32M         -   scmetro_tsmc_cl013g_rvt_ff_1p32v_m40c
*info:        CLKBUFX40M         -   scmetro_tsmc_cl013g_rvt_ff_1p32v_m40c
*info:         CLKBUFX1M         -   scmetro_tsmc_cl013g_rvt_ff_1p32v_m40c
*info:            BUFX2M         -   scmetro_tsmc_cl013g_rvt_ff_1p32v_m40c
*info:         CLKBUFX2M         -   scmetro_tsmc_cl013g_rvt_ff_1p32v_m40c
*info:         CLKBUFX3M         -   scmetro_tsmc_cl013g_rvt_ff_1p32v_m40c
*info:            BUFX3M         -   scmetro_tsmc_cl013g_rvt_ff_1p32v_m40c
*info:            BUFX4M         -   scmetro_tsmc_cl013g_rvt_ff_1p32v_m40c
*info:         CLKBUFX4M         -   scmetro_tsmc_cl013g_rvt_ff_1p32v_m40c
*info:            BUFX5M         -   scmetro_tsmc_cl013g_rvt_ff_1p32v_m40c
*info:         CLKBUFX6M         -   scmetro_tsmc_cl013g_rvt_ff_1p32v_m40c
*info:            BUFX6M         -   scmetro_tsmc_cl013g_rvt_ff_1p32v_m40c
*info:            BUFX8M         -   scmetro_tsmc_cl013g_rvt_ff_1p32v_m40c
*info:         CLKBUFX8M         -   scmetro_tsmc_cl013g_rvt_ff_1p32v_m40c
*info:           BUFX10M         -   scmetro_tsmc_cl013g_rvt_ff_1p32v_m40c
*info:           BUFX12M         -   scmetro_tsmc_cl013g_rvt_ff_1p32v_m40c
*info:        CLKBUFX12M         -   scmetro_tsmc_cl013g_rvt_ff_1p32v_m40c
*info:           BUFX14M         -   scmetro_tsmc_cl013g_rvt_ff_1p32v_m40c
*info:        CLKBUFX16M         -   scmetro_tsmc_cl013g_rvt_ff_1p32v_m40c
*info:           BUFX16M         -   scmetro_tsmc_cl013g_rvt_ff_1p32v_m40c
*info:           BUFX18M         -   scmetro_tsmc_cl013g_rvt_ff_1p32v_m40c
*info:           BUFX20M         -   scmetro_tsmc_cl013g_rvt_ff_1p32v_m40c
*info:        CLKBUFX20M         -   scmetro_tsmc_cl013g_rvt_ff_1p32v_m40c
*info:        CLKBUFX24M         -   scmetro_tsmc_cl013g_rvt_ff_1p32v_m40c
*info:           BUFX24M         -   scmetro_tsmc_cl013g_rvt_ff_1p32v_m40c
*info:        CLKBUFX32M         -   scmetro_tsmc_cl013g_rvt_ff_1p32v_m40c
*info:           BUFX32M         -   scmetro_tsmc_cl013g_rvt_ff_1p32v_m40c
*info:        CLKBUFX40M         -   scmetro_tsmc_cl013g_rvt_ff_1p32v_m40c
*info:         CLKBUFX1M         -   scmetro_tsmc_cl013g_rvt_ff_1p32v_m40c
*info:            BUFX2M         -   scmetro_tsmc_cl013g_rvt_ff_1p32v_m40c
*info:         CLKBUFX2M         -   scmetro_tsmc_cl013g_rvt_ff_1p32v_m40c
*info:         CLKBUFX3M         -   scmetro_tsmc_cl013g_rvt_ff_1p32v_m40c
*info:            BUFX3M         -   scmetro_tsmc_cl013g_rvt_ff_1p32v_m40c
*info:            BUFX4M         -   scmetro_tsmc_cl013g_rvt_ff_1p32v_m40c
*info:         CLKBUFX4M         -   scmetro_tsmc_cl013g_rvt_ff_1p32v_m40c
*info:            BUFX5M         -   scmetro_tsmc_cl013g_rvt_ff_1p32v_m40c
*info:         CLKBUFX6M         -   scmetro_tsmc_cl013g_rvt_ff_1p32v_m40c
*info:            BUFX6M         -   scmetro_tsmc_cl013g_rvt_ff_1p32v_m40c
*info:            BUFX8M         -   scmetro_tsmc_cl013g_rvt_ff_1p32v_m40c
*info:         CLKBUFX8M         -   scmetro_tsmc_cl013g_rvt_ff_1p32v_m40c
*info:           BUFX10M         -   scmetro_tsmc_cl013g_rvt_ff_1p32v_m40c
*info:           BUFX12M         -   scmetro_tsmc_cl013g_rvt_ff_1p32v_m40c
*info:        CLKBUFX12M         -   scmetro_tsmc_cl013g_rvt_ff_1p32v_m40c
*info:           BUFX14M         -   scmetro_tsmc_cl013g_rvt_ff_1p32v_m40c
*info:        CLKBUFX16M         -   scmetro_tsmc_cl013g_rvt_ff_1p32v_m40c
*info:           BUFX16M         -   scmetro_tsmc_cl013g_rvt_ff_1p32v_m40c
*info:           BUFX18M         -   scmetro_tsmc_cl013g_rvt_ff_1p32v_m40c
*info:           BUFX20M         -   scmetro_tsmc_cl013g_rvt_ff_1p32v_m40c
*info:        CLKBUFX20M         -   scmetro_tsmc_cl013g_rvt_ff_1p32v_m40c
*info:        CLKBUFX24M         -   scmetro_tsmc_cl013g_rvt_ff_1p32v_m40c
*info:           BUFX24M         -   scmetro_tsmc_cl013g_rvt_ff_1p32v_m40c
*info:        CLKBUFX32M         -   scmetro_tsmc_cl013g_rvt_ff_1p32v_m40c
*info:           BUFX32M         -   scmetro_tsmc_cl013g_rvt_ff_1p32v_m40c
*info:        CLKBUFX40M         -   scmetro_tsmc_cl013g_rvt_ff_1p32v_m40c
-holdSdfFile {}                         # string, default=""
Detail RC Extraction called for design sys_top.
RC Extraction called in multi-corner(1) mode.
Process corner(s) are loaded.
 Corner: RCcorner
extractDetailRC Option : -outfile ./sys_top_3VkHaS_6862.rcdb.d -maxResLength 200  -extended
RC Mode: Detail [Extended CapTable, RC Table Resistances]
      RC Corner Indexes            0   
Capacitance Scaling Factor   : 1.00000 
Coupling Cap. Scaling Factor : 1.00000 
Resistance Scaling Factor    : 1.00000 
Shrink Factor                : 1.00000
Initializing multi-corner capacitance tables ... 
Initializing multi-corner resistance tables ...
Checking LVS Completed (CPU Time= 0:00:00.0  MEM= 427.2M)
Closing parasitic data file './sys_top_3VkHaS_6862.rcdb.d'. 1961 times net's RC data read were performed.
Creating parasitic data file './sys_top_3VkHaS_6862.rcdb.d/header.da' in memory efficient access mode for storing RC.
Write RCDB with uncompressed RC data. Compressed RCDB mode disabled.
Extracted 10.0095% (CPU Time= 0:00:00.0  MEM= 427.2M)
Extracted 20.0085% (CPU Time= 0:00:00.0  MEM= 427.2M)
Extracted 30.0074% (CPU Time= 0:00:00.0  MEM= 427.2M)
Extracted 40.0063% (CPU Time= 0:00:00.0  MEM= 427.2M)
Extracted 50.0106% (CPU Time= 0:00:00.1  MEM= 427.2M)
Extracted 60.0095% (CPU Time= 0:00:00.1  MEM= 427.2M)
Extracted 70.0085% (CPU Time= 0:00:00.1  MEM= 427.2M)
Extracted 80.0074% (CPU Time= 0:00:00.1  MEM= 427.2M)
Extracted 90.0063% (CPU Time= 0:00:00.1  MEM= 427.2M)
Extracted 100% (CPU Time= 0:00:00.1  MEM= 427.2M)
Nr. Extracted Resistors     : 34908
Nr. Extracted Ground Cap.   : 36869
Nr. Extracted Coupling Cap. : 0
Detail RC Extraction DONE (CPU Time: 0:00:00.1  Real Time: 0:00:00.0  MEM: 427.160M)
*** Started fixing hold violations - preprocessing (totcpu=0:01:40, mem=427.2M)
Setting analysis mode to hold ...
Calculate delays in BcWc mode...
Topological Sorting (CPU = 0:00:00.0, MEM = 427.2M)
Number of Loop : 0
Start delay calculation (mem=427.160M)...
*** Calculating scaling factor for min libraries using the default operating condition of each library.
delayCal using detail RC...
Opening parasitic data file './sys_top_3VkHaS_6862.rcdb.d' for reading.
Read RCDB with uncompressed RC data. Compressed RCDB mode disabled.
Using Direct Access RCDB ...
RC Database In Completed (CPU Time= 0:00:00.0  MEM= 427.2M)
Initializing multi-corner capacitance tables ... 
Initializing multi-corner resistance tables ...
Delay calculation completed.
(0:00:00.1 427.164M 0)
Calculate delays in BcWc mode...
Topological Sorting (CPU = 0:00:00.0, MEM = 427.2M)
Number of Loop : 0
Start delay calculation (mem=427.164M)...
delayCal using detail RC...
Delay calculation completed.
(0:00:00.0 427.164M 0)
Calculate delays in BcWc mode...
Topological Sorting (CPU = 0:00:00.0, MEM = 427.2M)
Number of Loop : 0
Start delay calculation (mem=427.164M)...
delayCal using detail RC...
Delay calculation completed.
(0:00:00.0 427.164M 0)
*** CDM Built up (cpu=0:00:00.3  mem= 427.2M) ***
--------------------------------------------------- 
   Hold Violation Summary with Target Slack 
--------------------------------------------------- 
 Target slack: 0.000 ns
 Worst Slack : -0.500 ns 
 TNS         : -38.788 ns 
 Viol paths  : 164 
 Max Local density  : 0.980 

 TNS and Viol paths do not include clock gating violations.
--------------------------------------------------- 
*** Started fixing hold violations, collecting hold timing (totcpu=0:01:41, mem=427.2M)
Setting analysis mode to setup ...
Info: 46 clock nets excluded from IPO operation.
setClockDomains -fromType register -toType register 
**WARN: (SOCCTE-318):	Paths not in the reg2reg domain will be added 1000ns slack adjustment
--------------------------------------------------- 
   Setup Violation Summary with Target Slack (0.000 ns)
--------------------------------------------------- 
    WNS         reg2regWns    view
    0.291 ns      0.291 ns  setup1_analysis_view
    7.237 ns     93.852 ns  setup2_analysis_view
    7.237 ns      8.790 ns  setup3_analysis_view
--------------------------------------------------- 
 reg2reg Best WS  : 93.852 ns 
 reg2reg WS  : 0.291 ns 
 reg2reg Viol paths  : 0 
 Worst Slack : 0.291 ns 
 Viol paths  : 0 
--------------------------------------------------- 
*** Started fixing hold violations, collecting setup timing (totcpu=0:01:41, mem=427.2M)

------------------------------------------------------------
            Initial Summary                              
------------------------------------------------------------

+--------------------+---------+
|     Setup mode     |   all   |
+--------------------+---------+
|           WNS (ns):|  0.290  |
|           TNS (ns):|  0.000  |
|    Violating Paths:|    0    |
|          All Paths:|  1010   |
+--------------------+---------+

+--------------------+---------+
|     Hold mode      |   all   |
+--------------------+---------+
|           WNS (ns):| -0.500  |
|           TNS (ns):| -38.789 |
|    Violating Paths:|   164   |
|          All Paths:|  1010   |
+--------------------+---------+

+----------------+---------------------------+--------------+
|                |            Real           |     Total    |
|    DRVs        +--------------+------------+--------------|
|                |Nr nets(terms)| Worst Vio  |Nr nets(terms)|
+----------------+--------------+------------+--------------+
|   max_cap      |    0 (0)     |   0.000    |    0 (0)     |
|   max_tran     |    0 (0)     |   0.000    |    0 (0)     |
|   max_fanout   |    0 (0)     |     0      |    0 (0)     |
+----------------+--------------+------------+--------------+

Density: 67.554%
------------------------------------------------------------
Info: 46 clock nets excluded from IPO operation.
*** Started fixing hold violations (CPU=0:00:01.0, totcpu=0:01:41, mem=427.2M)
Density before buffering = 0.676 (fixHold)
*info:
*Info: The following delay and buffer cells will be used for hold fixing
*Info:    cell  igArea   setupDelay f/r(inTran f/r, load)    holdDelay (inTran f/r, load)
*Info:                     nanoSecond  ( nanoSecond  PF )    nanoSecond (nanoSecond  PF )
*Info:   DLY4X1M    8.0   0.971/0.956 (0.200/0.200, 0.011)   0.391/0.396 (0.089/0.089, 0.011)
*Info:   DLY3X1M    8.0   0.778/0.734 (0.200/0.200, 0.011)   0.313/0.299 (0.089/0.089, 0.011)
*Info:   DLY2X1M    8.0   0.594/0.535 (0.200/0.200, 0.011)   0.239/0.215 (0.089/0.089, 0.011)
*Info:   DLY1X1M    8.0   0.420/0.369 (0.200/0.200, 0.011)   0.167/0.147 (0.089/0.089, 0.011)
*Info:   DLY4X4M    10.0   0.957/0.853 (0.200/0.200, 0.044)   0.423/0.381 (0.089/0.089, 0.044)
*Info:   DLY3X4M    10.0   0.768/0.648 (0.200/0.200, 0.044)   0.340/0.285 (0.089/0.089, 0.044)
*Info:   DLY2X4M    10.0   0.591/0.471 (0.200/0.200, 0.044)   0.261/0.203 (0.089/0.089, 0.044)
*Info:   DLY1X4M    10.0   0.425/0.330 (0.200/0.200, 0.044)   0.185/0.139 (0.089/0.089, 0.044)
*Info: 
*Info:   CLKBUFX1M    4.0   0.230/0.224 (0.200/0.200, 0.011)   0.096/0.092 (0.089/0.089, 0.011)
*Info:   BUFX2M    4.0   0.237/0.231 (0.200/0.200, 0.022)   0.102/0.098 (0.089/0.089, 0.022)
*Info:   CLKBUFX2M    4.0   0.274/0.241 (0.200/0.200, 0.022)   0.117/0.100 (0.089/0.089, 0.022)
*Info:   CLKBUFX3M    5.0   0.300/0.262 (0.200/0.200, 0.033)   0.131/0.109 (0.089/0.089, 0.033)
*Info:   BUFX3M    5.0   0.227/0.235 (0.200/0.200, 0.033)   0.100/0.101 (0.089/0.089, 0.033)
*Info:   BUFX4M    5.0   0.221/0.232 (0.200/0.200, 0.044)   0.097/0.100 (0.089/0.089, 0.044)
*Info:   CLKBUFX4M    5.0   0.308/0.266 (0.200/0.200, 0.044)   0.136/0.112 (0.089/0.089, 0.044)
*Info:   BUFX5M    6.0   0.223/0.238 (0.200/0.200, 0.055)   0.098/0.103 (0.089/0.089, 0.055)
*Info:   CLKBUFX6M    6.0   0.286/0.282 (0.200/0.200, 0.066)   0.126/0.121 (0.089/0.089, 0.066)
*Info:   BUFX6M    7.0   0.216/0.229 (0.200/0.200, 0.066)   0.096/0.098 (0.089/0.089, 0.066)
*Info:   BUFX8M    8.0   0.214/0.236 (0.200/0.200, 0.088)   0.095/0.103 (0.089/0.089, 0.088)
*Info:   CLKBUFX8M    8.0   0.288/0.277 (0.200/0.200, 0.088)   0.128/0.120 (0.089/0.089, 0.088)
*info:
*info: Hold fixing prefix "FE_PHC" starts with 0
--------------------------------------------------- 
   Hold Timing Summary (with Target-Slack) - Before NR 
--------------------------------------------------- 
View: hold1_analysis_view 
	WNS: 0.034 
	TNS: 0.000 
	VP: 0 
	WNS-Term: ALU_CG/U2/A 
View: hold2_analysis_view 
	WNS: 0.004 
	TNS: 0.000 
	VP: 0 
	WNS-Term: FIFO_u_U5_empty_reg/SN 
View: hold3_analysis_view 
	WNS: 0.004 
	TNS: 0.000 
	VP: 0 
	WNS-Term: FIFO_u_U5_empty_reg/SN 
--------------------------------------------------- 
   Setup Timing Summary (with Target-Slack) - Before NR 
--------------------------------------------------- 
View: setup1_analysis_view 
	WNS: 0.291 
	TNS: 0.000 
	VP: 0 
	WNS-Term:Regfile_u_reg_file_reg_1__7_/Q 
View: setup2_analysis_view 
	WNS: 5.478 
	TNS: 0.000 
	VP: 0 
	WNS-Term:scan_rst 
View: setup3_analysis_view 
	WNS: 5.478 
	TNS: 0.000 
	VP: 0 
	WNS-Term:scan_rst 
--------------------------------------------------- 
Density after buffering = 0.679 (fixHold)
*info:
*info: A total of 6 net(s) have been evaluated for adding cells
*info:            6 net(s): Added a total of 14 cells to fix/reduce hold violation
*info:
*info:
*info: Summary: 
*info:            9 cells of type 'DLY4X1M' used
*info:            1 cell  of type 'DLY3X1M' used
*info:            3 cells of type 'DLY2X1M' used
*info:            1 cell  of type 'DLY1X1M' used
*info:
*** Finished hold time fix (CPU=0:00:02.1, totcpu=0:01:42, mem=427.2M) ***
Starting refinePlace ...
Statistics of distance of Instance movement in detailed placement:
  maximum (X+Y) =         0.00 um
  mean    (X+Y) =         0.00 um
Total instances moved : 0
*** cpu=0:00:00.0   mem=427.2M  mem(used)=0.0M***
Total net length = 5.164e+04 (2.744e+04 2.419e+04) (ext = 2.467e+03)
default core: bins with density >  0.75 =    0 % ( 0 / 48 )
**optDesign ... cpu = 0:00:02, real = 0:00:03, mem = 427.2M **
-routeWithEco true                       # bool, default=false, user setting
-routeSelectedNetOnly false              # bool, default=false
-routeWithTimingDriven false             # bool, default=false
-routeWithSiDriven false                 # bool, default=false
-drouteStartIteration 0                  # int, default=0, user setting
-drouteStartIteration 0                  # int, default=0

globalDetailRoute

#Start globalDetailRoute on Mon Oct  5 00:54:36 2026
#
Closing parasitic data file './sys_top_3VkHaS_6862.rcdb.d'. 1961 times net's RC data read were performed.
Initializing multi-corner capacitance tables ... 
Initializing multi-corner resistance tables ...
#NanoRoute Version v08.10-p008 NR081027-0018/USR58-UB
#Merging special wires...
#6 routed nets are extracted.
#    6 (0.30%) extracted nets are partially routed.
#1955 routed nets are imported.
#14 (0.71%) nets are without wires.
#2 routed nets are fixed|skipped|trivial (not extracted).
#Total number of nets = 1977.
#Number of eco nets is 6
#
#Start data preparation...
#
#Data preparation is done.
#
#  Resource Analysis:
#
#               Routing  #Avail      #Track     #Total     %Gcell
#  Layer      Direction   Track     Blocked      Gcell    Blocked
#  --------------------------------------------------------------
#  Metal 1        H         391           0        1014    74.85%
#  Metal 2        V         587           0        1014     0.00%
#  Metal 3        H         391           0        1014     0.00%
#  Metal 4        V         587           0        1014     0.00%
#  Metal 5        H         391           0        1014     0.00%
#  Metal 6        V         587           0        1014     0.00%
#  Metal 7        H         195           0        1014     0.00%
#  --------------------------------------------------------------
#  Total                   3129       0.00%        7098    10.69%
#
#  48 nets (2.43%) with 1 preferred extra spacing.
#
#
#cpu time = 00:00:00, elapsed time = 00:00:00, memory = 427.00 (Mb)
#
#start global routing iteration 1...
#cpu time = 00:00:00, elapsed time = 00:00:00, memory = 427.00 (Mb)
#
#
#  Congestion Analysis: (blocked Gcells are excluded from the statistics)
#
#                 OverCon       OverCon       OverCon          
#                  #Gcell        #Gcell        #Gcell    %Gcell
#     Layer           (1)           (2)           (3)   OverCon
#  ------------------------------------------------------------
#   Metal 1      0(0.00%)      0(0.00%)      0(0.00%)   (0.00%)
#   Metal 2     10(0.99%)      3(0.30%)      2(0.20%)   (1.48%)
#   Metal 3      0(0.00%)      0(0.00%)      0(0.00%)   (0.00%)
#   Metal 4      0(0.00%)      0(0.00%)      0(0.00%)   (0.00%)
#   Metal 5      0(0.00%)      0(0.00%)      0(0.00%)   (0.00%)
#   Metal 6      0(0.00%)      0(0.00%)      0(0.00%)   (0.00%)
#   Metal 7      0(0.00%)      0(0.00%)      0(0.00%)   (0.00%)
#  ------------------------------------------------------------
#     Total     10(0.15%)      3(0.05%)      2(0.03%)   (0.23%)
#
#  The worst congested Gcell overcon (routing demand over resource in number of tracks) = 3
#
#Complete Global Routing.
#Total wire length = 67971 um.
#Total half perimeter of net bounding box = 52294 um.
#Total wire length on LAYER METAL1 = 2097 um.
#Total wire length on LAYER METAL2 = 24660 um.
#Total wire length on LAYER METAL3 = 24805 um.
#Total wire length on LAYER METAL4 = 10400 um.
#Total wire length on LAYER METAL5 = 4572 um.
#Total wire length on LAYER METAL6 = 1324 um.
#Total wire length on LAYER METAL7 = 114 um.
#Total number of vias = 16026
#Total number of multi-cut vias = 5048 ( 31.5%)
#Total number of single cut vias = 10978 ( 68.5%)
#Up-Via Summary (total 16026):
#                   single-cut          multi-cut      Total
#-----------------------------------------------------------
#  Metal 1        5991 ( 75.1%)      1989 ( 24.9%)       7980
#  Metal 2        4047 ( 65.8%)      2106 ( 34.2%)       6153
#  Metal 3         909 ( 59.3%)       624 ( 40.7%)       1533
#  Metal 4          30 ( 10.3%)       262 ( 89.7%)        292
#  Metal 5           1 (  1.6%)        63 ( 98.4%)         64
#  Metal 6           0 (  0.0%)         4 (100.0%)          4
#-----------------------------------------------------------
#                10978 ( 68.5%)      5048 ( 31.5%)      16026 
#
#Max overcon = 3 tracks.
#Total overcon = 0.23%.
#Worst layer Gcell overcon rate = 1.48%.
#Cpu time = 00:00:00
#Elapsed time = 00:00:00
#Increased memory = 0.00 (Mb)
#Total memory = 427.00 (Mb)
#Peak memory = 459.00 (Mb)
#
#Start Detail Routing.
#start initial detail routing ...
# ECO: 37.5% of the total area was rechecked for DRC, and 29.2% required routing.
#9.0% of the total area is being checked for drcs
#    number of violations = 85
#cpu time = 00:00:00, elapsed time = 00:00:00, memory = 427.00 (Mb)
#start 1st optimization iteration ...
#    number of violations = 11
#cpu time = 00:00:00, elapsed time = 00:00:00, memory = 427.00 (Mb)
#start 2nd optimization iteration ...
#    number of violations = 4
#cpu time = 00:00:00, elapsed time = 00:00:00, memory = 427.00 (Mb)
#start 3rd optimization iteration ...
#    number of violations = 2
#cpu time = 00:00:00, elapsed time = 00:00:00, memory = 427.00 (Mb)
#start 4th optimization iteration ...
#    number of violations = 2
#cpu time = 00:00:00, elapsed time = 00:00:00, memory = 427.00 (Mb)
#start 5th optimization iteration ...
#    number of violations = 2
#cpu time = 00:00:00, elapsed time = 00:00:00, memory = 427.00 (Mb)
#start 6th optimization iteration ...
#    number of violations = 3
#cpu time = 00:00:00, elapsed time = 00:00:00, memory = 427.00 (Mb)
#start 7th optimization iteration ...
#    number of violations = 2
#cpu time = 00:00:00, elapsed time = 00:00:00, memory = 427.00 (Mb)
#start 8th optimization iteration ...
#    number of violations = 3
#cpu time = 00:00:00, elapsed time = 00:00:00, memory = 427.00 (Mb)
#start 9th optimization iteration ...
#    number of violations = 2
#cpu time = 00:00:00, elapsed time = 00:00:00, memory = 427.00 (Mb)
#start 10th optimization iteration ...
#    number of violations = 3
#cpu time = 00:00:00, elapsed time = 00:00:00, memory = 427.00 (Mb)
#start 11th optimization iteration ...
#    number of violations = 2
#cpu time = 00:00:00, elapsed time = 00:00:00, memory = 427.00 (Mb)
#start 12th optimization iteration ...
#    number of violations = 3
#cpu time = 00:00:00, elapsed time = 00:00:00, memory = 427.00 (Mb)
#start 13th optimization iteration ...
#    number of violations = 2
#cpu time = 00:00:00, elapsed time = 00:00:00, memory = 427.00 (Mb)
#start 14th optimization iteration ...
#    number of violations = 3
#cpu time = 00:00:00, elapsed time = 00:00:00, memory = 427.00 (Mb)
#start 15th optimization iteration ...
#    number of violations = 3
#cpu time = 00:00:00, elapsed time = 00:00:00, memory = 427.00 (Mb)
#start 16th optimization iteration ...
#    number of violations = 2
#cpu time = 00:00:00, elapsed time = 00:00:00, memory = 427.00 (Mb)
#start 17th optimization iteration ...
#    number of violations = 3
#cpu time = 00:00:00, elapsed time = 00:00:00, memory = 427.00 (Mb)
#start 18th optimization iteration ...
#    number of violations = 3
#cpu time = 00:00:00, elapsed time = 00:00:00, memory = 427.00 (Mb)
#start 19th optimization iteration ...
#    number of violations = 2
#cpu time = 00:00:00, elapsed time = 00:00:00, memory = 427.00 (Mb)
#start 20th optimization iteration ...
#    number of violations = 3
#cpu time = 00:00:00, elapsed time = 00:00:00, memory = 427.00 (Mb)
#Complete Detail Routing.
#Total wire length = 67962 um.
#Total half perimeter of net bounding box = 52294 um.
#Total wire length on LAYER METAL1 = 2118 um.
#Total wire length on LAYER METAL2 = 24291 um.
#Total wire length on LAYER METAL3 = 25018 um.
#Total wire length on LAYER METAL4 = 10506 um.
#Total wire length on LAYER METAL5 = 4616 um.
#Total wire length on LAYER METAL6 = 1314 um.
#Total wire length on LAYER METAL7 = 99 um.
#Total number of vias = 16299
#Total number of multi-cut vias = 4916 ( 30.2%)
#Total number of single cut vias = 11383 ( 69.8%)
#Up-Via Summary (total 16299):
#                   single-cut          multi-cut      Total
#-----------------------------------------------------------
#  Metal 1        6102 ( 76.2%)      1906 ( 23.8%)       8008
#  Metal 2        4272 ( 67.4%)      2062 ( 32.6%)       6334
#  Metal 3         960 ( 60.7%)       621 ( 39.3%)       1581
#  Metal 4          42 ( 13.8%)       262 ( 86.2%)        304
#  Metal 5           5 (  7.6%)        61 ( 92.4%)         66
#  Metal 6           2 ( 33.3%)         4 ( 66.7%)          6
#-----------------------------------------------------------
#                11383 ( 69.8%)      4916 ( 30.2%)      16299 
#
#Total number of DRC violations = 3
#Total number of violations on LAYER METAL1 = 2
#Total number of violations on LAYER METAL2 = 1
#Total number of violations on LAYER METAL3 = 0
#Total number of violations on LAYER METAL4 = 0
#Total number of violations on LAYER METAL5 = 0
#Total number of violations on LAYER METAL6 = 0
#Total number of violations on LAYER METAL7 = 0
#Cpu time = 00:00:03
#Elapsed time = 00:00:03
#Increased memory = 0.00 (Mb)
#Total memory = 427.00 (Mb)
#Peak memory = 459.00 (Mb)
#
#Start Post Routing Optimization.
#start 1st post routing optimization iteration ...
#    number of DRC violations = 2
#cpu time = 00:00:01, elapsed time = 00:00:01, memory = 427.00 (Mb)
#start 2nd post routing optimization iteration ...
#    number of DRC violations = 2
#cpu time = 00:00:01, elapsed time = 00:00:01, memory = 427.00 (Mb)
#start 3rd post routing optimization iteration ...
#    number of DRC violations = 2
#cpu time = 00:00:01, elapsed time = 00:00:01, memory = 427.00 (Mb)
#Complete Post Routing Optimization.
#Cpu time = 00:00:03
#Elapsed time = 00:00:04
#Increased memory = 0.00 (Mb)
#Total memory = 427.00 (Mb)
#Peak memory = 459.00 (Mb)
#Total wire length = 67962 um.
#Total half perimeter of net bounding box = 52294 um.
#Total wire length on LAYER METAL1 = 2118 um.
#Total wire length on LAYER METAL2 = 24291 um.
#Total wire length on LAYER METAL3 = 25018 um.
#Total wire length on LAYER METAL4 = 10507 um.
#Total wire length on LAYER METAL5 = 4616 um.
#Total wire length on LAYER METAL6 = 1314 um.
#Total wire length on LAYER METAL7 = 99 um.
#Total number of vias = 16299
#Total number of multi-cut vias = 4916 ( 30.2%)
#Total number of single cut vias = 11383 ( 69.8%)
#Up-Via Summary (total 16299):
#                   single-cut          multi-cut      Total
#-----------------------------------------------------------
#  Metal 1        6102 ( 76.2%)      1906 ( 23.8%)       8008
#  Metal 2        4272 ( 67.4%)      2062 ( 32.6%)       6334
#  Metal 3         960 ( 60.7%)       621 ( 39.3%)       1581
#  Metal 4          42 ( 13.8%)       262 ( 86.2%)        304
#  Metal 5           5 (  7.6%)        61 ( 92.4%)         66
#  Metal 6           2 ( 33.3%)         4 ( 66.7%)          6
#-----------------------------------------------------------
#                11383 ( 69.8%)      4916 ( 30.2%)      16299 
#
#Total number of DRC violations = 2
#Total number of violations on LAYER METAL1 = 1
#Total number of violations on LAYER METAL2 = 1
#Total number of violations on LAYER METAL3 = 0
#Total number of violations on LAYER METAL4 = 0
#Total number of violations on LAYER METAL5 = 0
#Total number of violations on LAYER METAL6 = 0
#Total number of violations on LAYER METAL7 = 0
#
#start routing for process antenna violation fix ...
#cpu time = 00:00:00, elapsed time = 00:00:00, memory = 427.00 (Mb)
#
#Total wire length = 67962 um.
#Total half perimeter of net bounding box = 52294 um.
#Total wire length on LAYER METAL1 = 2118 um.
#Total wire length on LAYER METAL2 = 24291 um.
#Total wire length on LAYER METAL3 = 25018 um.
#Total wire length on LAYER METAL4 = 10507 um.
#Total wire length on LAYER METAL5 = 4616 um.
#Total wire length on LAYER METAL6 = 1314 um.
#Total wire length on LAYER METAL7 = 99 um.
#Total number of vias = 16299
#Total number of multi-cut vias = 4916 ( 30.2%)
#Total number of single cut vias = 11383 ( 69.8%)
#Up-Via Summary (total 16299):
#                   single-cut          multi-cut      Total
#-----------------------------------------------------------
#  Metal 1        6102 ( 76.2%)      1906 ( 23.8%)       8008
#  Metal 2        4272 ( 67.4%)      2062 ( 32.6%)       6334
#  Metal 3         960 ( 60.7%)       621 ( 39.3%)       1581
#  Metal 4          42 ( 13.8%)       262 ( 86.2%)        304
#  Metal 5           5 (  7.6%)        61 ( 92.4%)         66
#  Metal 6           2 ( 33.3%)         4 ( 66.7%)          6
#-----------------------------------------------------------
#                11383 ( 69.8%)      4916 ( 30.2%)      16299 
#
#Total number of DRC violations = 2
#Total number of net violated process antenna rule = 0
#Total number of violations on LAYER METAL1 = 1
#Total number of violations on LAYER METAL2 = 1
#Total number of violations on LAYER METAL3 = 0
#Total number of violations on LAYER METAL4 = 0
#Total number of violations on LAYER METAL5 = 0
#Total number of violations on LAYER METAL6 = 0
#Total number of violations on LAYER METAL7 = 0
#
#detailRoute Statistics:
#Cpu time = 00:00:06
#Elapsed time = 00:00:06
#Increased memory = 0.00 (Mb)
#Total memory = 427.00 (Mb)
#Peak memory = 459.00 (Mb)
#
#globalDetailRoute statistics:
#Cpu time = 00:00:07
#Elapsed time = 00:00:07
#Increased memory = 0.00 (Mb)
#Total memory = 427.00 (Mb)
#Peak memory = 459.00 (Mb)
#Number of warnings = 0
#Total number of warnings = 6
#Number of fails = 0
#Total number of fails = 0
#Complete globalDetailRoute on Mon Oct  5 00:54:42 2026
#
**optDesign ... cpu = 0:00:09, real = 0:00:09, mem = 427.2M **
-routeWithEco true                       # bool, default=false, user setting
-routeSelectedNetOnly false              # bool, default=false
-routeWithTimingDriven false             # bool, default=false
-routeWithSiDriven false                 # bool, default=false
-drouteStartIteration 0                  # int, default=0, user setting
Detail RC Extraction called for design sys_top.
RC Extraction called in multi-corner(1) mode.
Process corner(s) are loaded.
 Corner: RCcorner
extractDetailRC Option : -outfile ./sys_top_3VkHaS_6862.rcdb.d -maxResLength 200  -extended
RC Mode: Detail [Extended CapTable, RC Table Resistances]
      RC Corner Indexes            0   
Capacitance Scaling Factor   : 1.00000 
Coupling Cap. Scaling Factor : 1.00000 
Resistance Scaling Factor    : 1.00000 
Shrink Factor                : 1.00000
Initializing multi-corner capacitance tables ... 
Initializing multi-corner resistance tables ...
Checking LVS Completed (CPU Time= 0:00:00.0  MEM= 427.2M)
Creating parasitic data file './sys_top_3VkHaS_6862.rcdb.d/header.da' in memory efficient access mode for storing RC.
Write RCDB with uncompressed RC data. Compressed RCDB mode disabled.
Extracted 10.0069% (CPU Time= 0:00:00.0  MEM= 427.2M)
Extracted 20.0085% (CPU Time= 0:00:00.0  MEM= 427.2M)
Extracted 30.01% (CPU Time= 0:00:00.0  MEM= 427.2M)
Extracted 40.0063% (CPU Time= 0:00:00.1  MEM= 427.2M)
Extracted 50.0079% (CPU Time= 0:00:00.1  MEM= 427.2M)
Extracted 60.0095% (CPU Time= 0:00:00.1  MEM= 427.2M)
Extracted 70.0058% (CPU Time= 0:00:00.1  MEM= 427.2M)
Extracted 80.0074% (CPU Time= 0:00:00.1  MEM= 427.2M)
Extracted 90.009% (CPU Time= 0:00:00.1  MEM= 427.2M)
Extracted 100% (CPU Time= 0:00:00.1  MEM= 427.2M)
Nr. Extracted Resistors     : 35216
Nr. Extracted Ground Cap.   : 37191
Nr. Extracted Coupling Cap. : 0
Detail RC Extraction DONE (CPU Time: 0:00:00.1  Real Time: 0:00:00.0  MEM: 427.160M)
Reported timing to dir ./timingReports
**optDesign ... cpu = 0:00:09, real = 0:00:09, mem = 427.2M **
Found active setup analysis view setup1_analysis_view
Found active setup analysis view setup2_analysis_view
Found active setup analysis view setup3_analysis_view
Found active hold analysis view hold1_analysis_view
Found active hold analysis view hold2_analysis_view
Found active hold analysis view hold3_analysis_view

------------------------------------------------------------
     optDesign Final Summary                             
------------------------------------------------------------

+--------------------+---------+---------+---------+---------+---------+---------+
|     Setup mode     |   all   | reg2reg | in2reg  | reg2out | in2out  | clkgate |
+--------------------+---------+---------+---------+---------+---------+---------+
|           WNS (ns):|  0.290  |  0.290  |  5.492  | 77.027  |   N/A   |  4.067  |
|           TNS (ns):|  0.000  |  0.000  |  0.000  |  0.000  |   N/A   |  0.000  |
|    Violating Paths:|    0    |    0    |    0    |    0    |   N/A   |    0    |
|          All Paths:|  1010   |   993   |   307   |    6    |   N/A   |    1    |
+--------------------+---------+---------+---------+---------+---------+---------+

+--------------------+---------+---------+---------+---------+---------+---------+
|     Hold mode      |   all   | reg2reg | in2reg  | reg2out | in2out  | clkgate |
+--------------------+---------+---------+---------+---------+---------+---------+
|           WNS (ns):|  0.033  |  0.038  |  0.040  | 20.992  |   N/A   |  0.033  |
|           TNS (ns):|  0.000  |  0.000  |  0.000  |  0.000  |   N/A   |  0.000  |
|    Violating Paths:|    0    |    0    |    0    |    0    |   N/A   |    0    |
|          All Paths:|  1010   |   993   |   307   |    6    |   N/A   |    1    |
+--------------------+---------+---------+---------+---------+---------+---------+

+----------------+---------------------------+--------------+
|                |            Real           |     Total    |
|    DRVs        +--------------+------------+--------------|
|                |Nr nets(terms)| Worst Vio  |Nr nets(terms)|
+----------------+--------------+------------+--------------+
|   max_cap      |    0 (0)     |   0.000    |    0 (0)     |
|   max_tran     |    0 (0)     |   0.000    |    0 (0)     |
|   max_fanout   |    0 (0)     |     0      |    0 (0)     |
+----------------+--------------+------------+--------------+

Density: 67.950%
------------------------------------------------------------
**optDesign ... cpu = 0:00:10, real = 0:00:10, mem = 427.2M **
*** Finished optDesign ***
<CMD> clearDrc
<CMD> verifyGeometry -noMinArea
 *** Starting Verify Geometry (MEM: 423.1) ***

  VERIFY GEOMETRY ...... Starting Verification
  VERIFY GEOMETRY ...... Initializing
  VERIFY GEOMETRY ...... Deleting Existing Violations
  VERIFY GEOMETRY ...... Creating Sub-Areas
                  ...... bin size: 8000
  VERIFY GEOMETRY ...... SubArea : 1 of 1
  VERIFY GEOMETRY ...... Cells          :  0 Viols.
  VERIFY GEOMETRY ...... SameNet        :  0 Viols.
  VERIFY GEOMETRY ...... Wiring         :  0 Viols.
  VERIFY GEOMETRY ...... Antenna        :  0 Viols.
  VERIFY GEOMETRY ...... Sub-Area : 1 complete 0 Viols. 0 Wrngs.
VG: elapsed time: 1.00
Begin Summary ...
  Cells       : 0
  SameNet     : 0
  Wiring      : 0
  Antenna     : 0
  Short       : 0
  Overlap     : 0
End Summary

  Verification Complete : 0 Viols.  0 Wrngs.

**********End: VERIFY GEOMETRY**********
 *** verify geometry (CPU: 0:00:00.6  MEM: 21.7M)

<CMD> verifyConnectivity -type all -noAntenna -error 1000 -warning 50

******** Start: VERIFY CONNECTIVITY ********
Start Time: Mon Oct  5 00:54:56 2026

Design Name: sys_top
Database Units: 2000
Design Boundary: (0.0000, 0.0000) (240.4700, 160.4700)
Error Limit = 1000; Warning Limit = 50
Check all nets
Net REF_CLK: Found a geometry with bounding box (-0.10,50.10) (0.10,50.30) outside design boundary.
Violations for such geometries will be reported.

Begin Summary 
  Found no problems or warnings.
End Summary

End Time: Mon Oct  5 00:54:56 2026
******** End: VERIFY CONNECTIVITY ********
  Verification Complete : 0 Viols.  0 Wrngs.
  (CPU Time: 0:00:00.1  MEM: 0.000M)

<CMD> zoomBox -12.699 49.520 62.812 -14.094
<CMD> zoomBox -5.176 30.270 22.913 -2.719
<CMD> clearDrc
<CMD> verifyGeometry -noMinArea
 *** Starting Verify Geometry (MEM: 423.1) ***

  VERIFY GEOMETRY ...... Starting Verification
  VERIFY GEOMETRY ...... Initializing
  VERIFY GEOMETRY ...... Deleting Existing Violations
  VERIFY GEOMETRY ...... Creating Sub-Areas
                  ...... bin size: 8000
  VERIFY GEOMETRY ...... SubArea : 1 of 1
  VERIFY GEOMETRY ...... Cells          :  0 Viols.
  VERIFY GEOMETRY ...... SameNet        :  0 Viols.
  VERIFY GEOMETRY ...... Wiring         :  0 Viols.
  VERIFY GEOMETRY ...... Antenna        :  0 Viols.
  VERIFY GEOMETRY ...... Sub-Area : 1 complete 0 Viols. 0 Wrngs.
VG: elapsed time: 1.00
Begin Summary ...
  Cells       : 0
  SameNet     : 0
  Wiring      : 0
  Antenna     : 0
  Short       : 0
  Overlap     : 0
End Summary

  Verification Complete : 0 Viols.  0 Wrngs.

**********End: VERIFY GEOMETRY**********
 *** verify geometry (CPU: 0:00:00.6  MEM: 21.7M)

<CMD> clearClockDomains
<CMD> setClockDomains -all
setClockDomains -all 
**WARN: (SOCSYC-1873):	The setClockDomains -all option is unsupported in CTE mode 
<CMD> timeDesign -postRoute -hold -pathReports -slackReports -numPaths 50 -prefix sys_top_postRoute -outDir timingReports
-engine default                        # enums={feDC signalStorm default}, default=default, user setting
-signOff false                         # bool, default=false
Detail RC Extraction called for design sys_top.
RC Extraction called in multi-corner(1) mode.
Process corner(s) are loaded.
 Corner: RCcorner
extractDetailRC Option : -outfile ./sys_top_3VkHaS_6862.rcdb.d -maxResLength 200  -extended
RC Mode: Detail [Extended CapTable, RC Table Resistances]
      RC Corner Indexes            0   
Capacitance Scaling Factor   : 1.00000 
Coupling Cap. Scaling Factor : 1.00000 
Resistance Scaling Factor    : 1.00000 
Shrink Factor                : 1.00000
Initializing multi-corner capacitance tables ... 
Initializing multi-corner resistance tables ...
Checking LVS Completed (CPU Time= 0:00:00.0  MEM= 423.1M)
Closing parasitic data file './sys_top_3VkHaS_6862.rcdb.d'. 1975 times net's RC data read were performed.
Creating parasitic data file './sys_top_3VkHaS_6862.rcdb.d/header.da' in memory efficient access mode for storing RC.
Write RCDB with uncompressed RC data. Compressed RCDB mode disabled.
Extracted 10.0069% (CPU Time= 0:00:00.0  MEM= 423.1M)
Extracted 20.0085% (CPU Time= 0:00:00.0  MEM= 423.1M)
Extracted 30.01% (CPU Time= 0:00:00.0  MEM= 423.1M)
Extracted 40.0063% (CPU Time= 0:00:00.1  MEM= 423.1M)
Extracted 50.0079% (CPU Time= 0:00:00.1  MEM= 423.1M)
Extracted 60.0095% (CPU Time= 0:00:00.1  MEM= 423.1M)
Extracted 70.0058% (CPU Time= 0:00:00.1  MEM= 423.1M)
Extracted 80.0074% (CPU Time= 0:00:00.1  MEM= 423.1M)
Extracted 90.009% (CPU Time= 0:00:00.1  MEM= 423.1M)
Extracted 100% (CPU Time= 0:00:00.1  MEM= 423.1M)
Nr. Extracted Resistors     : 35216
Nr. Extracted Ground Cap.   : 37191
Nr. Extracted Coupling Cap. : 0
Detail RC Extraction DONE (CPU Time: 0:00:00.1  Real Time: 0:00:00.0  MEM: 423.113M)
Found active setup analysis view setup1_analysis_view
Found active setup analysis view setup2_analysis_view
Found active setup analysis view setup3_analysis_view
Found active hold analysis view hold1_analysis_view
Found active hold analysis view hold2_analysis_view
Found active hold analysis view hold3_analysis_view

------------------------------------------------------------
          timeDesign Summary                             
------------------------------------------------------------

+--------------------+---------+---------+---------+---------+---------+---------+
|     Hold mode      |   all   | reg2reg | in2reg  | reg2out | in2out  | clkgate |
+--------------------+---------+---------+---------+---------+---------+---------+
|           WNS (ns):|  0.033  |  0.038  |  0.040  | 20.992  |   N/A   |  0.033  |
|           TNS (ns):|  0.000  |  0.000  |  0.000  |  0.000  |   N/A   |  0.000  |
|    Violating Paths:|    0    |    0    |    0    |    0    |   N/A   |    0    |
|          All Paths:|  1010   |   993   |   307   |    6    |   N/A   |    1    |
+--------------------+---------+---------+---------+---------+---------+---------+

Density: 67.950%
------------------------------------------------------------
Reported timing to dir timingReports
Total CPU time: 0.69 sec
Total Real time: 1.0 sec
Total Memory Usage: 423.117188 Mbytes
<CMD> clearClockDomains
<CMD> setClockDomains -all
setClockDomains -all 
**WARN: (SOCSYC-1873):	The setClockDomains -all option is unsupported in CTE mode 
<CMD> timeDesign -postRoute -pathReports -slackReports -numPaths 50 -prefix sys_top_postRoute -outDir timingReports
-engine default                        # enums={feDC signalStorm default}, default=default, user setting
-signOff false                         # bool, default=false
Detail RC Extraction called for design sys_top.
RC Extraction called in multi-corner(1) mode.
Process corner(s) are loaded.
 Corner: RCcorner
extractDetailRC Option : -outfile ./sys_top_3VkHaS_6862.rcdb.d -maxResLength 200  -extended
RC Mode: Detail [Extended CapTable, RC Table Resistances]
      RC Corner Indexes            0   
Capacitance Scaling Factor   : 1.00000 
Coupling Cap. Scaling Factor : 1.00000 
Resistance Scaling Factor    : 1.00000 
Shrink Factor                : 1.00000
Initializing multi-corner capacitance tables ... 
Initializing multi-corner resistance tables ...
Checking LVS Completed (CPU Time= 0:00:00.0  MEM= 423.1M)
Closing parasitic data file './sys_top_3VkHaS_6862.rcdb.d'. 1975 times net's RC data read were performed.
Creating parasitic data file './sys_top_3VkHaS_6862.rcdb.d/header.da' in memory efficient access mode for storing RC.
Write RCDB with uncompressed RC data. Compressed RCDB mode disabled.
Extracted 10.0069% (CPU Time= 0:00:00.0  MEM= 423.1M)
Extracted 20.0085% (CPU Time= 0:00:00.0  MEM= 423.1M)
Extracted 30.01% (CPU Time= 0:00:00.0  MEM= 423.1M)
Extracted 40.0063% (CPU Time= 0:00:00.0  MEM= 423.1M)
Extracted 50.0079% (CPU Time= 0:00:00.0  MEM= 423.1M)
Extracted 60.0095% (CPU Time= 0:00:00.0  MEM= 423.1M)
Extracted 70.0058% (CPU Time= 0:00:00.1  MEM= 423.1M)
Extracted 80.0074% (CPU Time= 0:00:00.1  MEM= 423.1M)
Extracted 90.009% (CPU Time= 0:00:00.1  MEM= 423.1M)
Extracted 100% (CPU Time= 0:00:00.1  MEM= 423.1M)
Nr. Extracted Resistors     : 35216
Nr. Extracted Ground Cap.   : 37191
Nr. Extracted Coupling Cap. : 0
Detail RC Extraction DONE (CPU Time: 0:00:00.1  Real Time: 0:00:00.0  MEM: 423.113M)
Found active setup analysis view setup1_analysis_view
Found active setup analysis view setup2_analysis_view
Found active setup analysis view setup3_analysis_view
Found active hold analysis view hold1_analysis_view
Found active hold analysis view hold2_analysis_view
Found active hold analysis view hold3_analysis_view

------------------------------------------------------------
          timeDesign Summary                             
------------------------------------------------------------

+--------------------+---------+---------+---------+---------+---------+---------+
|     Setup mode     |   all   | reg2reg | in2reg  | reg2out | in2out  | clkgate |
+--------------------+---------+---------+---------+---------+---------+---------+
|           WNS (ns):|  0.290  |  0.290  |  5.492  | 77.027  |   N/A   |  4.067  |
|           TNS (ns):|  0.000  |  0.000  |  0.000  |  0.000  |   N/A   |  0.000  |
|    Violating Paths:|    0    |    0    |    0    |    0    |   N/A   |    0    |
|          All Paths:|  1010   |   993   |   307   |    6    |   N/A   |    1    |
+--------------------+---------+---------+---------+---------+---------+---------+

+----------------+---------------------------+--------------+
|                |            Real           |     Total    |
|    DRVs        +--------------+------------+--------------|
|                |Nr nets(terms)| Worst Vio  |Nr nets(terms)|
+----------------+--------------+------------+--------------+
|   max_cap      |    0 (0)     |   0.000    |    0 (0)     |
|   max_tran     |    0 (0)     |   0.000    |    0 (0)     |
|   max_fanout   |    0 (0)     |     0      |    0 (0)     |
+----------------+--------------+------------+--------------+

Density: 67.950%
------------------------------------------------------------
Reported timing to dir timingReports
Total CPU time: 0.77 sec
Total Real time: 1.0 sec
Total Memory Usage: 423.117188 Mbytes
<CMD> panCenter -30.181 98.323
<CMD> saveDesign /home/ahesham/Projects/System/System_pnr/pnr/sys_top_pre_finish.enc
Redoing specifyClockTree  -file Clock.ctstch  ...
Writing Netlist "/home/ahesham/Projects/System/System_pnr/pnr/sys_top_pre_finish.enc.dat/sys_top.v" ...
Saving clock tree spec file '/home/ahesham/Projects/System/System_pnr/pnr/sys_top_pre_finish.enc.dat/sys_top.ctstch' ...
Saving configuration ...
Saving preference file /home/ahesham/Projects/System/System_pnr/pnr/sys_top_pre_finish.enc.dat/enc.pref.tcl ...
Saving SI fix option to '/home/ahesham/Projects/System/System_pnr/pnr/sys_top_pre_finish.enc.dat/siFix.option'...
Saving floorplan ...
Saving Drc markers ...
... No Drc file written since there is no markers found.
Saving placement ...
*** Completed savePlace (cpu=0:00:00.0 real=0:00:00.0 mem=423.1M) ***
Saving route ...
*** Completed saveRoute (cpu=0:00:00.0 real=0:00:00.0 mem=423.1M) ***
*** Completed saveYieldMap (cpu=: 0:00:00.0 real=0:00:00.0 mem=: 0.000M) ***
Creating constraint file...
<CMD> addFiller -cell {FILL1M FILL2M FILL4M FILL8M FILL16M FILL32M FILL64M} -prefix FILLER -markFixed
**WARN: (SOCSP-9057):	Fillers being added in a FIXED mode to the whole design. Some subsequent
operations, such as antenna fixing, may fail due to fillers being marked
as 'FIXED'. If this was not intended, use deleteFiller command to undo.
*INFO:   Added 17 filler insts (cell FILL64M / prefix FILLER).
*INFO:   Added 13 filler insts (cell FILL32M / prefix FILLER).
*INFO:   Added 57 filler insts (cell FILL16M / prefix FILLER).
*INFO:   Added 244 filler insts (cell FILL8M / prefix FILLER).
*INFO:   Added 596 filler insts (cell FILL4M / prefix FILLER).
*INFO:   Added 745 filler insts (cell FILL2M / prefix FILLER).
*INFO:   Added 835 filler insts (cell FILL1M / prefix FILLER).
*INFO: Total 2507 filler insts added - prefix FILLER (CPU: 0:00:00.0).
*INFO: Checking for DRC violations on added fillers.
*INFO: Iteration 0-#1, Found 1 DRC violation  (CPU: 0:00:00.2).
*INFO: Found no DRC violations to fix.
*INFO:   Added 0 filler inst  (cell FILL1M / prefix FILLER).
*INFO: Iteration 1-#1, Found 1 DRC violation  (CPU: 0:00:00.2).
*INFO: End DRC Checks. (CPU: 0:00:00.4 MEM: 5.1M).
<CMD> verifyGeometry -noMinArea
 *** Starting Verify Geometry (MEM: 428.2) ***

  VERIFY GEOMETRY ...... Starting Verification
  VERIFY GEOMETRY ...... Initializing
  VERIFY GEOMETRY ...... Deleting Existing Violations
  VERIFY GEOMETRY ...... Creating Sub-Areas
                  ...... bin size: 8000
  VERIFY GEOMETRY ...... SubArea : 1 of 1
  VERIFY GEOMETRY ...... Cells          :  0 Viols.
  VERIFY GEOMETRY ...... SameNet        :  0 Viols.
  VERIFY GEOMETRY ...... Wiring         :  0 Viols.
  VERIFY GEOMETRY ...... Antenna        :  0 Viols.
  VERIFY GEOMETRY ...... Sub-Area : 1 complete 0 Viols. 0 Wrngs.
VG: elapsed time: 1.00
Begin Summary ...
  Cells       : 0
  SameNet     : 0
  Wiring      : 0
  Antenna     : 0
  Short       : 0
  Overlap     : 0
End Summary

  Verification Complete : 0 Viols.  0 Wrngs.

**********End: VERIFY GEOMETRY**********
 *** verify geometry (CPU: 0:00:00.6  MEM: 22.0M)

<CMD> verifyConnectivity -type all -noAntenna -error 1000 -warning 50

******** Start: VERIFY CONNECTIVITY ********
Start Time: Mon Oct  5 00:57:57 2026

Design Name: sys_top
Database Units: 2000
Design Boundary: (0.0000, 0.0000) (240.4700, 160.4700)
Error Limit = 1000; Warning Limit = 50
Check all nets
Net REF_CLK: Found a geometry with bounding box (-0.10,50.10) (0.10,50.30) outside design boundary.
Violations for such geometries will be reported.

Begin Summary 
  Found no problems or warnings.
End Summary

End Time: Mon Oct  5 00:57:57 2026
******** End: VERIFY CONNECTIVITY ********
  Verification Complete : 0 Viols.  0 Wrngs.
  (CPU Time: 0:00:00.1  MEM: 0.000M)

<CMD> clearClockDomains
<CMD> setClockDomains -all
setClockDomains -all 
**WARN: (SOCSYC-1873):	The setClockDomains -all option is unsupported in CTE mode 
<CMD> timeDesign -postRoute -hold -pathReports -slackReports -numPaths 50 -prefix sys_top_postRoute -outDir timingReports
-engine default                        # enums={feDC signalStorm default}, default=default, user setting
-signOff false                         # bool, default=false
Detail RC Extraction called for design sys_top.
RC Extraction called in multi-corner(1) mode.
Process corner(s) are loaded.
 Corner: RCcorner
extractDetailRC Option : -outfile ./sys_top_3VkHaS_6862.rcdb.d -maxResLength 200  -extended
RC Mode: Detail [Extended CapTable, RC Table Resistances]
      RC Corner Indexes            0   
Capacitance Scaling Factor   : 1.00000 
Coupling Cap. Scaling Factor : 1.00000 
Resistance Scaling Factor    : 1.00000 
Shrink Factor                : 1.00000
Initializing multi-corner capacitance tables ... 
Initializing multi-corner resistance tables ...
Checking LVS Completed (CPU Time= 0:00:00.0  MEM= 428.2M)
Closing parasitic data file './sys_top_3VkHaS_6862.rcdb.d'. 1975 times net's RC data read were performed.
Creating parasitic data file './sys_top_3VkHaS_6862.rcdb.d/header.da' in memory efficient access mode for storing RC.
Write RCDB with uncompressed RC data. Compressed RCDB mode disabled.
Extracted 10.0069% (CPU Time= 0:00:00.0  MEM= 428.2M)
Extracted 20.0085% (CPU Time= 0:00:00.0  MEM= 428.2M)
Extracted 30.01% (CPU Time= 0:00:00.0  MEM= 428.2M)
Extracted 40.0063% (CPU Time= 0:00:00.0  MEM= 428.2M)
Extracted 50.0079% (CPU Time= 0:00:00.0  MEM= 428.2M)
Extracted 60.0095% (CPU Time= 0:00:00.1  MEM= 428.2M)
Extracted 70.0058% (CPU Time= 0:00:00.1  MEM= 428.2M)
Extracted 80.0074% (CPU Time= 0:00:00.1  MEM= 428.2M)
Extracted 90.009% (CPU Time= 0:00:00.1  MEM= 428.2M)
Extracted 100% (CPU Time= 0:00:00.1  MEM= 428.2M)
Nr. Extracted Resistors     : 35216
Nr. Extracted Ground Cap.   : 37191
Nr. Extracted Coupling Cap. : 0
Detail RC Extraction DONE (CPU Time: 0:00:00.1  Real Time: 0:00:00.0  MEM: 428.188M)
Found active setup analysis view setup1_analysis_view
Found active setup analysis view setup2_analysis_view
Found active setup analysis view setup3_analysis_view
Found active hold analysis view hold1_analysis_view
Found active hold analysis view hold2_analysis_view
Found active hold analysis view hold3_analysis_view

------------------------------------------------------------
          timeDesign Summary                             
------------------------------------------------------------

+--------------------+---------+---------+---------+---------+---------+---------+
|     Hold mode      |   all   | reg2reg | in2reg  | reg2out | in2out  | clkgate |
+--------------------+---------+---------+---------+---------+---------+---------+
|           WNS (ns):|  0.033  |  0.038  |  0.040  | 20.992  |   N/A   |  0.033  |
|           TNS (ns):|  0.000  |  0.000  |  0.000  |  0.000  |   N/A   |  0.000  |
|    Violating Paths:|    0    |    0    |    0    |    0    |   N/A   |    0    |
|          All Paths:|  1010   |   993   |   307   |    6    |   N/A   |    1    |
+--------------------+---------+---------+---------+---------+---------+---------+

Density: 100.000%
------------------------------------------------------------
Reported timing to dir timingReports
Total CPU time: 0.72 sec
Total Real time: 1.0 sec
Total Memory Usage: 428.191406 Mbytes
<CMD> clearClockDomains
<CMD> setClockDomains -all
setClockDomains -all 
**WARN: (SOCSYC-1873):	The setClockDomains -all option is unsupported in CTE mode 
<CMD> timeDesign -postRoute -pathReports -drvReports -slackReports -numPaths 50 -prefix sys_top_postRoute -outDir timingReports
-engine default                        # enums={feDC signalStorm default}, default=default, user setting
-signOff false                         # bool, default=false
Detail RC Extraction called for design sys_top.
RC Extraction called in multi-corner(1) mode.
Process corner(s) are loaded.
 Corner: RCcorner
extractDetailRC Option : -outfile ./sys_top_3VkHaS_6862.rcdb.d -maxResLength 200  -extended
RC Mode: Detail [Extended CapTable, RC Table Resistances]
      RC Corner Indexes            0   
Capacitance Scaling Factor   : 1.00000 
Coupling Cap. Scaling Factor : 1.00000 
Resistance Scaling Factor    : 1.00000 
Shrink Factor                : 1.00000
Initializing multi-corner capacitance tables ... 
Initializing multi-corner resistance tables ...
Checking LVS Completed (CPU Time= 0:00:00.0  MEM= 428.2M)
Closing parasitic data file './sys_top_3VkHaS_6862.rcdb.d'. 1975 times net's RC data read were performed.
Creating parasitic data file './sys_top_3VkHaS_6862.rcdb.d/header.da' in memory efficient access mode for storing RC.
Write RCDB with uncompressed RC data. Compressed RCDB mode disabled.
Extracted 10.0069% (CPU Time= 0:00:00.1  MEM= 428.2M)
Extracted 20.0085% (CPU Time= 0:00:00.1  MEM= 428.2M)
Extracted 30.01% (CPU Time= 0:00:00.1  MEM= 428.2M)
Extracted 40.0063% (CPU Time= 0:00:00.1  MEM= 428.2M)
Extracted 50.0079% (CPU Time= 0:00:00.1  MEM= 428.2M)
Extracted 60.0095% (CPU Time= 0:00:00.1  MEM= 428.2M)
Extracted 70.0058% (CPU Time= 0:00:00.1  MEM= 428.2M)
Extracted 80.0074% (CPU Time= 0:00:00.1  MEM= 428.2M)
Extracted 90.009% (CPU Time= 0:00:00.1  MEM= 428.2M)
Extracted 100% (CPU Time= 0:00:00.1  MEM= 428.2M)
Nr. Extracted Resistors     : 35216
Nr. Extracted Ground Cap.   : 37191
Nr. Extracted Coupling Cap. : 0
Detail RC Extraction DONE (CPU Time: 0:00:00.1  Real Time: 0:00:00.0  MEM: 428.188M)
Found active setup analysis view setup1_analysis_view
Found active setup analysis view setup2_analysis_view
Found active setup analysis view setup3_analysis_view
Found active hold analysis view hold1_analysis_view
Found active hold analysis view hold2_analysis_view
Found active hold analysis view hold3_analysis_view

------------------------------------------------------------
          timeDesign Summary                             
------------------------------------------------------------

+--------------------+---------+---------+---------+---------+---------+---------+
|     Setup mode     |   all   | reg2reg | in2reg  | reg2out | in2out  | clkgate |
+--------------------+---------+---------+---------+---------+---------+---------+
|           WNS (ns):|  0.290  |  0.290  |  5.492  | 77.027  |   N/A   |  4.067  |
|           TNS (ns):|  0.000  |  0.000  |  0.000  |  0.000  |   N/A   |  0.000  |
|    Violating Paths:|    0    |    0    |    0    |    0    |   N/A   |    0    |
|          All Paths:|  1010   |   993   |   307   |    6    |   N/A   |    1    |
+--------------------+---------+---------+---------+---------+---------+---------+

+----------------+---------------------------+--------------+
|                |            Real           |     Total    |
|    DRVs        +--------------+------------+--------------|
|                |Nr nets(terms)| Worst Vio  |Nr nets(terms)|
+----------------+--------------+------------+--------------+
|   max_cap      |    0 (0)     |   0.000    |    0 (0)     |
|   max_tran     |    0 (0)     |   0.000    |    0 (0)     |
|   max_fanout   |    0 (0)     |     0      |    0 (0)     |
+----------------+--------------+------------+--------------+

Density: 100.000%
------------------------------------------------------------
Reported timing to dir timingReports
Total CPU time: 0.79 sec
Total Real time: 1.0 sec
Total Memory Usage: 428.191406 Mbytes
<CMD> saveNetlist export/sys_top.v
Writing Netlist "export/sys_top.v" ...
<CMD> saveNetlist export/sys_top_pg.v -includePowerGround
Writing Netlist "export/sys_top_pg.v" ...
**WARN: (SOCVL-516):	No Power/Ground connections in top module (sys_top).
Pwr name (VDD).
Gnd name (VSS).
1 Pwr names and 1 Gnd names.
Creating all pg connections for top cell (sys_top).
<CMD> rcOut -spf export/sys_top.spf
Cleaning up IPDB random ...
Closing parasitic data file './sys_top_3VkHaS_6862.rcdb.d'. 1975 times net's RC data read were performed.
Opening parasitic data file './sys_top_3VkHaS_6862.rcdb.d' for reading.
Read RCDB with uncompressed RC data. Compressed RCDB mode disabled.
RC Out has the following PVT Info:
   RC:RCcorner
Printing *|NET...
Detail RC Out Completed (CPU Time= 0:00:00.1  MEM= 428.2M)
Closing parasitic data file './sys_top_3VkHaS_6862.rcdb.d'. 1975 times net's RC data read were performed.
<CMD> delayCal -sdf export/sys_top.sdf -version 3.0
delayCal Option :  -sdf export/sys_top.sdf -version 3.0 
delayCal Mode   : 'setDelayCalMode -engine default -signOff false -ecsmType ecsmOnDemand'
Topological Sorting (CPU = 0:00:00.0, MEM = 428.2M)
Number of Loop : 0
Start delay calculation (mem=428.188M)...
delayCal using detail RC...
Opening parasitic data file './sys_top_3VkHaS_6862.rcdb.d' for reading.
Read RCDB with uncompressed RC data. Compressed RCDB mode disabled.
RC Database In Completed (CPU Time= 0:00:00.0  MEM= 428.2M)
Initializing multi-corner capacitance tables ... 
Initializing multi-corner resistance tables ...
Handling High Fanin Net......
Handling 0 High Fanin Net (CPU = 0:00:00.0) 

Printing SDF File.....
Delay calculation completed.
(0:00:00.2 428.195M 0)


Delay Calculation Summary:
   Number of nets with pin count greater than 100  : 2
   Number of nets using excludenet file            : 0
   Number of nets using set_resistance             : 0
   Number of nets using default delay              : 0
   CPU Time (0:00:00.2)
<CMD> report_power -outfile report/power.rpt
Start force assigning power rail voltages for view setup1_analysis_view
Finished assigning power rail voltages

CPE found ground net: VSS
CPE found power net: VDD  voltage: 1.08V
Calculate delays in BcWc mode...
Topological Sorting (CPU = 0:00:00.0, MEM = 428.2M)
Number of Loop : 0
Start delay calculation (mem=428.191M)...
delayCal using detail RC...
Delay calculation completed.
(0:00:00.1 428.191M 0)
Calculate delays in BcWc mode...
Topological Sorting (CPU = 0:00:00.0, MEM = 428.2M)
Number of Loop : 0
Start delay calculation (mem=428.191M)...
delayCal using detail RC...
Delay calculation completed.
(0:00:00.0 428.191M 0)
Calculate delays in BcWc mode...
Topological Sorting (CPU = 0:00:00.0, MEM = 428.2M)
Number of Loop : 0
Start delay calculation (mem=428.191M)...
delayCal using detail RC...
Delay calculation completed.
(0:00:00.0 428.191M 0)
*** CDM Built up (cpu=0:00:00.3  mem= 428.2M) ***
Start force assigning power rail voltages for view setup1_analysis_view
Finished assigning power rail voltages

CPE found ground net: VSS
CPE found power net: VDD  voltage: 1.08V
INFO (POWER-1606): Found clock 'Ref_clk' with frequency 100MHz from SDC file.

INFO (POWER-1606): Found clock 'Gated_clk' with frequency 100MHz from SDC file.

INFO (POWER-1606): Found clock 'scan_clk' with frequency 10MHz from SDC file.

INFO (POWER-1606): Found clock 'UART_clk' with frequency 3.68609MHz from SDC file.

INFO (POWER-1606): Found clock 'Rx_clk' with frequency 3.68609MHz from SDC file.

INFO (POWER-1606): Found clock 'Tx_clk' with frequency 115190Hz from SDC file.


Propagating signal activity...


Starting Levelizing
2026-Oct-05 00:58:39 (2026-Oct-04 22:58:39 GMT)
2026-Oct-05 00:58:39 (2026-Oct-04 22:58:39 GMT): 5%
2026-Oct-05 00:58:39 (2026-Oct-04 22:58:39 GMT): 10%
2026-Oct-05 00:58:39 (2026-Oct-04 22:58:39 GMT): 15%
2026-Oct-05 00:58:39 (2026-Oct-04 22:58:39 GMT): 20%
2026-Oct-05 00:58:39 (2026-Oct-04 22:58:39 GMT): 25%
2026-Oct-05 00:58:39 (2026-Oct-04 22:58:39 GMT): 30%
2026-Oct-05 00:58:39 (2026-Oct-04 22:58:39 GMT): 35%
2026-Oct-05 00:58:39 (2026-Oct-04 22:58:39 GMT): 40%
2026-Oct-05 00:58:39 (2026-Oct-04 22:58:39 GMT): 45%
2026-Oct-05 00:58:39 (2026-Oct-04 22:58:39 GMT): 50%
2026-Oct-05 00:58:39 (2026-Oct-04 22:58:39 GMT): 55%
2026-Oct-05 00:58:39 (2026-Oct-04 22:58:39 GMT): 60%
2026-Oct-05 00:58:39 (2026-Oct-04 22:58:39 GMT): 65%
2026-Oct-05 00:58:39 (2026-Oct-04 22:58:39 GMT): 70%
2026-Oct-05 00:58:39 (2026-Oct-04 22:58:39 GMT): 75%
2026-Oct-05 00:58:39 (2026-Oct-04 22:58:39 GMT): 80%
2026-Oct-05 00:58:39 (2026-Oct-04 22:58:39 GMT): 85%
2026-Oct-05 00:58:39 (2026-Oct-04 22:58:39 GMT): 90%
2026-Oct-05 00:58:39 (2026-Oct-04 22:58:39 GMT): 95%

Finished Levelizing
2026-Oct-05 00:58:39 (2026-Oct-04 22:58:39 GMT)

Starting Activity Propagation
2026-Oct-05 00:58:39 (2026-Oct-04 22:58:39 GMT)
INFO (POWER-1356):   No default input activity has been set.  Defaulting to 0.2.

2026-Oct-05 00:58:39 (2026-Oct-04 22:58:39 GMT): 5%
2026-Oct-05 00:58:39 (2026-Oct-04 22:58:39 GMT): 10%
2026-Oct-05 00:58:39 (2026-Oct-04 22:58:39 GMT): 15%
2026-Oct-05 00:58:39 (2026-Oct-04 22:58:39 GMT): 20%
2026-Oct-05 00:58:39 (2026-Oct-04 22:58:39 GMT): 25%
2026-Oct-05 00:58:39 (2026-Oct-04 22:58:39 GMT): 30%
2026-Oct-05 00:58:39 (2026-Oct-04 22:58:39 GMT): 35%
2026-Oct-05 00:58:39 (2026-Oct-04 22:58:39 GMT): 40%
2026-Oct-05 00:58:39 (2026-Oct-04 22:58:39 GMT): 45%
2026-Oct-05 00:58:39 (2026-Oct-04 22:58:39 GMT): 50%
2026-Oct-05 00:58:39 (2026-Oct-04 22:58:39 GMT): 55%
2026-Oct-05 00:58:39 (2026-Oct-04 22:58:39 GMT): 60%
2026-Oct-05 00:58:39 (2026-Oct-04 22:58:39 GMT): 65%
2026-Oct-05 00:58:39 (2026-Oct-04 22:58:39 GMT): 70%
2026-Oct-05 00:58:39 (2026-Oct-04 22:58:39 GMT): 75%
2026-Oct-05 00:58:39 (2026-Oct-04 22:58:39 GMT): 80%
2026-Oct-05 00:58:39 (2026-Oct-04 22:58:39 GMT): 85%
2026-Oct-05 00:58:39 (2026-Oct-04 22:58:39 GMT): 90%

Finished Activity Propagation
2026-Oct-05 00:58:39 (2026-Oct-04 22:58:39 GMT)
WARNING (POWER-1500): 1 cell(s) in the design have timing library models but
do not have internal power data.  Internal power will not be calculated for these cells:

  TIEHIM
WARNING (POWER-1501): 1 cell(s) in the design have timing library models but
do not have leakage power data.  Leakage power will not be calculated for these cells:

  TIEHIM

Starting Calculating power
2026-Oct-05 00:58:39 (2026-Oct-04 22:58:39 GMT)

Calculating power dissipation...

 ... Calculating switching power
2026-Oct-05 00:58:39 (2026-Oct-04 22:58:39 GMT): 5%
2026-Oct-05 00:58:39 (2026-Oct-04 22:58:39 GMT): 10%
2026-Oct-05 00:58:39 (2026-Oct-04 22:58:39 GMT): 15%
2026-Oct-05 00:58:39 (2026-Oct-04 22:58:39 GMT): 20%
2026-Oct-05 00:58:39 (2026-Oct-04 22:58:39 GMT): 25%
2026-Oct-05 00:58:39 (2026-Oct-04 22:58:39 GMT): 30%
2026-Oct-05 00:58:39 (2026-Oct-04 22:58:39 GMT): 35%
2026-Oct-05 00:58:39 (2026-Oct-04 22:58:39 GMT): 40%
2026-Oct-05 00:58:39 (2026-Oct-04 22:58:39 GMT): 45%
2026-Oct-05 00:58:39 (2026-Oct-04 22:58:39 GMT): 50%
 ... Calculating internal and leakage power
2026-Oct-05 00:58:39 (2026-Oct-04 22:58:39 GMT): 55%
2026-Oct-05 00:58:40 (2026-Oct-04 22:58:40 GMT): 60%
2026-Oct-05 00:58:40 (2026-Oct-04 22:58:40 GMT): 65%
2026-Oct-05 00:58:40 (2026-Oct-04 22:58:40 GMT): 70%
2026-Oct-05 00:58:40 (2026-Oct-04 22:58:40 GMT): 75%
2026-Oct-05 00:58:40 (2026-Oct-04 22:58:40 GMT): 80%
2026-Oct-05 00:58:40 (2026-Oct-04 22:58:40 GMT): 85%
2026-Oct-05 00:58:40 (2026-Oct-04 22:58:40 GMT): 90%
2026-Oct-05 00:58:40 (2026-Oct-04 22:58:40 GMT): 95%

Finished Calculating power
2026-Oct-05 00:58:40 (2026-Oct-04 22:58:40 GMT)
WARNING (POWER-1216): The total clock network power in the report may be higher than the actual total clock network power in the design.
Instances that are part of multiple clock networks may be counted multiple times in this total.

report_power consumed time 00:00:01 : increased peak memory (616M) by 0
Output file is report/power.rpt.
<CMD> streamOut export/sys_top.gds -mapFile ./import/gds2InLayer.map -libName DesignLib -stripes 1 -units 2000 -mode ALL
Parse map file...
**ERROR: (SOCOGDS-1556):	 Line 1: Incorrect map ;Avanti!Layer GDS2Layer[:GDS2DataType]
....check the number of fields on this line
**ERROR: (SOCOGDS-1556):	 Line 3: Incorrect map 1:0    1:0       ; DNW        Converts GDS2 layer 01     to Apollo layer 01
....check the number of fields on this line
**ERROR: (SOCOGDS-1556):	 Line 4: Incorrect map 3:0    3:0       ; NWELL      Converts GDS2 layer 03     to Apollo layer 03
....check the number of fields on this line
**ERROR: (SOCOGDS-1556):	 Line 5: Incorrect map 6:0    6:0       ; DIFF       Converts GDS2 layer 06     to Apollo layer 06
....check the number of fields on this line
**ERROR: (SOCOGDS-1556):	 Line 6: Incorrect map 15:0  15:0       ; OD2        Converts GDS2 layer 15     to Apollo layer 15
....check the number of fields on this line
**ERROR: (SOCOGDS-1556):	 Line 7: Incorrect map 17:0  17:0       ; POLY1      Converts GDS2 layer 17     to Apollo layer 17
....check the number of fields on this line
**ERROR: (SOCOGDS-1556):	 Line 8: Incorrect map 25:0  25:0       ; PIMP       Converts GDS2 layer 25     to Apollo layer 25
....check the number of fields on this line
**ERROR: (SOCOGDS-1556):	 Line 9: Incorrect map 26:0  26:0       ; NIMP       Converts GDS2 layer 26     to Apollo layer 26
....check the number of fields on this line
**ERROR: (SOCOGDS-1556):	 Line 10: Incorrect map 30:0  30:0       ; CONT       Converts GDS2 layer 30     to Apollo layer 30
....check the number of fields on this line
**ERROR: (SOCOGDS-1556):	 Line 11: Incorrect map 31:0  31:0       ; METAL1     Converts GDS2 layer 31     to Apollo layer 31
....check the number of fields on this line
**ERROR: (SOCOGDS-1556):	 Line 12: Incorrect map 131:0 131:0      ; METAL1 txt Converts GDS2 layer 131    to Apollo layer 131
....check the number of fields on this line
**ERROR: (SOCOGDS-1556):	 Line 13: Incorrect map 51:0  51:0       ; VIA12      Converts GDS2 layer 51     to Apollo layer 51
....check the number of fields on this line
**ERROR: (SOCOGDS-1556):	 Line 14: Incorrect map 32:0  32:0       ; METAL2     Converts GDS2 layer 32     to Apollo layer 32
....check the number of fields on this line
**ERROR: (SOCOGDS-1556):	 Line 15: Incorrect map 132:0 132:0      ; METAL2 txt Converts GDS2 layer 132    to Apollo layer 132
....check the number of fields on this line
**ERROR: (SOCOGDS-1556):	 Line 16: Incorrect map 52:0  52:0       ; VIA23      Converts GDS2 layer 52     to Apollo layer 52
....check the number of fields on this line
**ERROR: (SOCOGDS-1556):	 Line 17: Incorrect map 33:0  33:0       ; METAL3     Converts GDS2 layer 33     to Apollo layer 33
....check the number of fields on this line
**ERROR: (SOCOGDS-1556):	 Line 18: Incorrect map 133:0 133:0      ; METAL3 txt Converts GDS2 layer 133    to Apollo layer 133
....check the number of fields on this line
**ERROR: (SOCOGDS-1556):	 Line 19: Incorrect map 53:0  53:0       ; VIA34      Converts GDS2 layer 53     to Apollo layer 53
....check the number of fields on this line
**ERROR: (SOCOGDS-1556):	 Line 20: Incorrect map 34:0  34:0       ; METAL4     Converts GDS2 layer 34     to Apollo layer 34
....check the number of fields on this line
**ERROR: (SOCOGDS-1556):	 Line 21: Incorrect map 134:0 134:0      ; METAL4 txt Converts GDS2 layer 134    to Apollo layer 134
....check the number of fields on this line
**WARN: (EMS-27):	Message (SOCOGDS-1556) has exceeded the current message display limit of 20.
To increase the message display limit, refer to the product command reference manual.
Writing GDSII file ...
	****** db unit per micron = 2000 ******
	****** output gds2 file unit per micron = 2000 ******
	****** unit scaling factor = 1 ******
Output for instance
Output for bump
Output for tile
Output for via structure generation
Statistics for GDS generated (version 3)
----------------------------------------
Stream Out Layer Mapping Information:
GDS Layer Number          GDS Layer Name
----------------------------------------


Stream Out Information Processed for GDS version 3:
Units: 2000 DBU

Object                             Count
----------------------------------------
Instances                           4429

Ports/Pins                             0

Nets                                   0

    Via Instances                      0

Special Nets                           0

    Via Instances                      0

Metal Fills                            0

    Via Instances                      0

Metal FillOPCs                         0

    Via Instances                      0

Text                                   0


Blockages                              0


Custom Text                            0


Custom Box                             0

######Streamout is finished!
<CMD> saveDesign /home/ahesham/Projects/System/System_pnr/pnr/sys_top_signoff.enc
Redoing specifyClockTree  -file Clock.ctstch  ...
Writing Netlist "/home/ahesham/Projects/System/System_pnr/pnr/sys_top_signoff.enc.dat/sys_top.v" ...
Saving clock tree spec file '/home/ahesham/Projects/System/System_pnr/pnr/sys_top_signoff.enc.dat/sys_top.ctstch' ...
Saving configuration ...
Saving preference file /home/ahesham/Projects/System/System_pnr/pnr/sys_top_signoff.enc.dat/enc.pref.tcl ...
Saving SI fix option to '/home/ahesham/Projects/System/System_pnr/pnr/sys_top_signoff.enc.dat/siFix.option'...
Saving floorplan ...
Saving Drc markers ...
... No Drc file written since there is no markers found.
Saving placement ...
*** Completed savePlace (cpu=0:00:00.0 real=0:00:00.0 mem=428.2M) ***
Saving route ...
*** Completed saveRoute (cpu=0:00:00.0 real=0:00:00.0 mem=428.2M) ***
*** Completed saveYieldMap (cpu=: 0:00:00.0 real=0:00:00.0 mem=: 0.000M) ***
Creating constraint file...

*** Memory Usage v0.144 (Current mem = 428.191M, initial mem = 62.238M) ***
--- Ending "First Encounter" (totcpu=0:02:20, real=0:11:24, mem=428.2M) ---
