current_goal: info: loading goal `lint/lint_rtl' with top `sys_top' (in progress)
current_goal: info: finished loading goal `lint/lint_rtl' (ok)
./spyglass-1/sys_top/lint/lint_rtl/spyglass-1_waiver_file.awl
INFO:    SpyGlass will run goal(s) 'lint/lint_rtl'.


 Auto-compiling gates libraries

        "../System_pnr/std_cells/libs/scmetro_tsmc_cl013g_rvt_ss_1p08v_125c.lib"
        "../System_pnr/std_cells/libs/scmetro_tsmc_cl013g_rvt_tt_1p2v_25c.lib"
        "../System_pnr/std_cells/libs/scmetro_tsmc_cl013g_rvt_ff_1p32v_m40c.lib"
    to
        "./lint_cdc/spyglass_cache/autogenerated_sglib/aggregate.sglib" ...done

 (Please refer to `./lint_cdc/spyglass_cache/autogenerated_sglib/lc/spyglass_lc_aggregate_reports/moresimple.rpt' for auto-compilation details)

 Using above compiled sglib for the current run ...

RULE-CHECKING IN MIXED MODE
Loading spyglass (SpyGlass_vL-2016.06) ... (picked from /home/synopsys/SpyGlass-L2016.06/SPYGLASS_HOME/policies/spyglass)
Loading openmore (SpyGlass_vL-2016.06) ... (picked from /home/synopsys/SpyGlass-L2016.06/SPYGLASS_HOME/policies/openmore)
Loading starc (SpyGlass_vL-2016.06) ... (picked from /home/synopsys/SpyGlass-L2016.06/SPYGLASS_HOME/policies/starc)
Loading starc2005 (SpyGlass_vL-2016.06) ... (picked from /home/synopsys/SpyGlass-L2016.06/SPYGLASS_HOME/policies/starc2005)
Loading erc (SpyGlass_vL-2016.06) ... (picked from /home/synopsys/SpyGlass-L2016.06/SPYGLASS_HOME/policies/erc)
Loading simulation (SpyGlass_vL-2016.06) ... (picked from /home/synopsys/SpyGlass-L2016.06/SPYGLASS_HOME/policies/simulation)
Loading lint (SpyGlass_vL-2016.06) ... (picked from /home/synopsys/SpyGlass-L2016.06/SPYGLASS_HOME/policies/lint)
Loading latch (SpyGlass_vL-2016.06) ... (picked from /home/synopsys/SpyGlass-L2016.06/SPYGLASS_HOME/policies/latch)
Loading morelint (SpyGlass_vL-2016.06) ... (picked from /home/synopsys/SpyGlass-L2016.06/SPYGLASS_HOME/policies/morelint)
Loading timing (SpyGlass_vL-2016.06) ... (picked from /home/synopsys/SpyGlass-L2016.06/SPYGLASS_HOME/policies/timing)
Loading starc2002 (SpyGlass_vL-2016.06) ... (picked from /home/synopsys/SpyGlass-L2016.06/SPYGLASS_HOME/policies/starc2002)
Loading Audits (SpyGlass_vL-2016.06) ... (picked from /home/synopsys/SpyGlass-L2016.06/SPYGLASS_HOME/policies/Audits)
Loading area (SpyGlass_vL-2016.06) ... (picked from /home/synopsys/SpyGlass-L2016.06/SPYGLASS_HOME/policies/area)
Loading miscellaneous (SpyGlass_vL-2016.06) ... (picked from /home/synopsys/SpyGlass-L2016.06/SPYGLASS_HOME/policies/miscellaneous)
Loading starcad-21 (SpyGlass_vL-2016.06) ... (picked from /home/synopsys/SpyGlass-L2016.06/SPYGLASS_HOME/policies/starcad-21)
Loading txv (SpyGlass_vL-2016.06) ... (picked from /home/synopsys/SpyGlass-L2016.06/SPYGLASS_HOME/policies/txv)

TXV_INFO Parameter txv_extract_domain will be renamed to txv_domain_mode in future!

Loading power_est (SpyGlass_vL-2016.06) ... (picked from /home/synopsys/SpyGlass-L2016.06/SPYGLASS_HOME/policies/power_est)
Loading lowpower (SpyGlass_vL-2016.06) ... (picked from /home/synopsys/SpyGlass-L2016.06/SPYGLASS_HOME/policies/lowpower)
Loading dft_dsm (SpyGlass_vL-2016.06) ... (picked from /home/synopsys/SpyGlass-L2016.06/SPYGLASS_HOME/policies/dft_dsm)
Loading dft (SpyGlass_vL-2016.06) ... (picked from /home/synopsys/SpyGlass-L2016.06/SPYGLASS_HOME/policies/dft)
Loading constraints (SpyGlass_vL-2016.06) ... (picked from /home/synopsys/SpyGlass-L2016.06/SPYGLASS_HOME/policies/constraints)
Loading const_intern1 (SpyGlass_vL-2016.06) ... (picked from /home/synopsys/SpyGlass-L2016.06/SPYGLASS_HOME/policies/constraints)
Loading clock-reset (SpyGlass_vL-2016.06) ... (picked from /home/synopsys/SpyGlass-L2016.06/SPYGLASS_HOME/policies/clock)
Reading specified sglib files(s) ....
   Processing library: 'scmetro_tsmc_cl013g_rvt_ss_1p08v_125c' .... done
   Processing library: 'scmetro_tsmc_cl013g_rvt_tt_1p2v_25c' .... done
   Processing library: 'scmetro_tsmc_cl013g_rvt_ff_1p32v_m40c' .... done
Checking Rule AutoGenerateSglib (Rule 1 of total 279) .... done (Time = 0.00s, Memory = 0.0K)

INFO [6]    Work Directory `./lint_cdc/sys_top/WORK' does not exist.

INFO [75]    Creating the Work Directory `./lint_cdc/sys_top/WORK/64' for 64bit  precompiled dump.
Checking Rule SGDC_power_est29 (Rule 2 of total 279) .... done (Time = 0.00s, Memory = 72.4K)
Checking Rule PECHECK04 (Rule 3 of total 279) .... done (Time = 0.00s, Memory = 54.8K)
Checking Rule PECHECK18 (Rule 4 of total 279) .... done (Time = 0.00s, Memory = -7.6K)
Checking Rule PEMVDD01 (Rule 5 of total 279) .... done (Time = 0.00s, Memory = 39.0K)
Checking Rule PrecompileLibCheck01 (Rule 6 of total 279) .... done (Time = 0.00s, Memory = 0.0K)
Checking Rule PrecompileLibCheck02 (Rule 7 of total 279) .... done (Time = 0.00s, Memory = 0.0K)
Checking Rule PrecompileLibCheck03 (Rule 8 of total 279) .... done (Time = 0.00s, Memory = 0.0K)
Checking Rule PrecompileLibCheck04 (Rule 9 of total 279) .... done (Time = 0.00s, Memory = 0.0K)
Checking Rule ReportSglibVersionSummary (Rule 10 of total 279) .... done (Time = 0.00s, Memory = 0.0K)
Checking Rule SGDC_assume_path01 (Rule 11 of total 279) .... done (Time = 0.00s, Memory = 0.0K)
Checking Rule SGDC_sdcschema02 (Rule 12 of total 279) .... done (Time = 0.00s, Memory = 0.0K)
Checking Rule SGDC_clock05 (Rule 13 of total 279) .... done (Time = 0.00s, Memory = 0.0K)
Checking Rule SGDC_clock09 (Rule 14 of total 279) .... done (Time = 0.00s, Memory = 0.0K)
Checking Rule SGDC_force_ta05 (Rule 15 of total 279) .... done (Time = 0.00s, Memory = -17.0K)
Checking Rule SGDC_require_path03 (Rule 16 of total 279) .... done (Time = 0.00s, Memory = 0.0K)
Checking Rule SGDC_require_value03 (Rule 17 of total 279) .... done (Time = 0.00s, Memory = 7.5K)
Checking Rule SGDC_voltagedomain05 (Rule 18 of total 279) .... done (Time = 0.00s, Memory = 9.1K)
Checking Rule SGDC_voltagedomain06 (Rule 19 of total 279) .... done (Time = 0.00s, Memory = 4.0K)
Checking Rule SGDC_voltagedomain07 (Rule 20 of total 279) .... done (Time = 0.00s, Memory = 0.0K)
Checking Rule SGDC_powerdomainoutputs02 (Rule 21 of total 279) .... done (Time = 0.00s, Memory = 4.3K)
Checking Rule SGDC_supply01 (Rule 22 of total 279) .... done (Time = 0.00s, Memory = 7.5K)
Checking Rule SGDC_waive01 (Rule 23 of total 279) .... done (Time = 0.00s, Memory = 0.0K)
Checking Rule SGDC_waive02 (Rule 24 of total 279) .... done (Time = 0.00s, Memory = 0.0K)
Checking Rule SGDC_waive03 (Rule 25 of total 279) .... done (Time = 0.00s, Memory = 0.0K)
Checking Rule SGDC_waive04 (Rule 26 of total 279) .... done (Time = 0.00s, Memory = 0.0K)
Checking Rule SGDC_waive05 (Rule 27 of total 279) .... done (Time = 0.00s, Memory = 0.0K)
Checking Rule SGDC_waive06 (Rule 28 of total 279) .... done (Time = 0.00s, Memory = 0.0K)
Checking Rule SGDC_waive07 (Rule 29 of total 279) .... done (Time = 0.00s, Memory = 1.6K)
Checking Rule SGDC_waive08 (Rule 30 of total 279) .... done (Time = 0.00s, Memory = 0.0K)
Checking Rule SGDC_waive09 (Rule 31 of total 279) .... done (Time = 0.00s, Memory = 0.0K)
Checking Rule SGDC_waive10 (Rule 32 of total 279) .... done (Time = 0.00s, Memory = 0.0K)
Checking Rule SGDC_waive11 (Rule 33 of total 279) .... done (Time = 0.00s, Memory = 0.0K)
Checking Rule SGDC_waive12 (Rule 34 of total 279) .... done (Time = 0.00s, Memory = 0.0K)
Checking Rule SGDC_waive13 (Rule 35 of total 279) .... done (Time = 0.00s, Memory = 0.0K)
Checking Rule SGDC_waive21 (Rule 36 of total 279) .... done (Time = 0.00s, Memory = 0.0K)
Checking Rule SGDC_waive22 (Rule 37 of total 279) .... done (Time = 0.00s, Memory = 0.0K)
Checking Rule SGDC_waive30 (Rule 38 of total 279) .... done (Time = 0.00s, Memory = 0.0K)
Checking Rule SGDC_waive32 (Rule 39 of total 279) .... done (Time = 0.00s, Memory = 0.0K)
Checking Rule SGDC_waive33 (Rule 40 of total 279) .... done (Time = 0.00s, Memory = 0.0K)
Checking Rule SGDC_waive36 (Rule 41 of total 279) .... done (Time = 0.00s, Memory = 0.0K)
Checking Rule SGDC_waive38 (Rule 42 of total 279) .... done (Time = 0.00s, Memory = 0.1K)
Checking Rule SGDC_fifo01 (Rule 43 of total 279) .... done (Time = 0.00s, Memory = 8.5K)
Checking Rule SGDC_libgroup01 (Rule 44 of total 279) .... done (Time = 0.00s, Memory = 0.0K)
Checking Rule SGDC_libgroup02 (Rule 45 of total 279) .... done (Time = 0.00s, Memory = 0.0K)
Checking Rule SGDC_libgroup04 (Rule 46 of total 279) .... done (Time = 0.00s, Memory = 21.5K)
Checking Rule SGDC_power_data01 (Rule 47 of total 279) .... done (Time = 0.00s, Memory = 0.0K)
Checking Rule SGDC_ungroup01 (Rule 48 of total 279) .... done (Time = 0.00s, Memory = 7.5K)
Checking Rule SGDC_abstract_port06 (Rule 49 of total 279) .... done (Time = 0.00s, Memory = 9.1K)
Checking Rule SGDC_abstract_port14 (Rule 50 of total 279) .... done (Time = 0.00s, Memory = 15.5K)
Checking Rule SGDC_abstract_port15 (Rule 51 of total 279) .... done (Time = 0.00s, Memory = -20.0K)
Checking Rule SGDC_abstract_port18 (Rule 52 of total 279) .... done (Time = 0.00s, Memory = 11.2K)
Checking Rule sdc_init_rule (Rule 53 of total 279) .... done (Time = 0.00s, Memory = 4.2K)
Checking Rule CMD_ignorelibs01 (Rule 54 of total 279) .... done (Time = 0.00s, Memory = -7.9K)
Checking Rule ReportRuleNotRun (Rule 55 of total 279) .... done (Time = 0.01s, Memory = 0.8K)
Checking Rule STARC05-2.3.1.2c (Rule 56 of total 279) .... done (Time = 0.00s, Memory = 0.0K)
Checking Rule W442a (Rule 57 of total 279) .... done (Time = 0.00s, Memory = 0.0K)
Checking Rule W442b (Rule 58 of total 279) .... done (Time = 0.00s, Memory = 0.0K)
Checking Rule W442c (Rule 59 of total 279) .... done (Time = 0.00s, Memory = 0.0K)
Checking Rule W442f (Rule 60 of total 279) .... done (Time = 0.00s, Memory = 0.0K)
Checking Rule mixedsenselist (Rule 61 of total 279) .... done (Time = 0.00s, Memory = 0.0K)
Checking Rule badimplicitSM1 (Rule 62 of total 279) .... done (Time = 0.00s, Memory = 0.0K)
Checking Rule badimplicitSM2 (Rule 63 of total 279) .... done (Time = 0.00s, Memory = 0.0K)
Checking Rule badimplicitSM4 (Rule 64 of total 279) .... done (Time = 0.00s, Memory = 0.0K)
Checking Rule bothedges (Rule 65 of total 279) .... done (Time = 0.00s, Memory = 0.0K)
Checking Rule BlockHeader (Rule 66 of total 279) .... done (Time = 0.00s, Memory = -0.8K)
Checking Rule W421 (Rule 67 of total 279) .... done (Time = 0.00s, Memory = 0.0K)
Checking Rule STARC05-2.1.6.5 (Rule 68 of total 279) .... done (Time = 0.00s, Memory = 0.0K)
Checking Rule ReportStopSummary (Rule 69 of total 279) .... done (Time = 0.00s, Memory = 0.1K)
Checking Rule ReportIgnoreSummary (Rule 70 of total 279) .... done (Time = 0.00s, Memory = 0.0K)
 Analyzing source file "../rtl/UART/Package.sv" ....
 Analyzing source file "../rtl/UART/Serializer.v" ....
 Analyzing source file "../rtl/UART/Stp_Chk.v" ....
 Analyzing source file "../rtl/UART/Strt_Chk.v" ....
 Analyzing source file "../rtl/UART/TX_FSM.sv" ....
 Analyzing source file "../rtl/UART/TX_TOP.sv" ....
 Analyzing source file "../rtl/UART/UART.v" ....
 Analyzing source file "../rtl/UART/UART_RX.sv" ....
 Analyzing source file "../rtl/UART/Data_Sampling.v" ....
 Analyzing source file "../rtl/UART/DATA_SYNC.v" ....
 Analyzing source file "../rtl/UART/DeSerializer.v" ....
 Analyzing source file "../rtl/UART/Edge_Bit_Counter.v" ....
 Analyzing source file "../rtl/UART/MUX.sv" ....
 Analyzing source file "../rtl/UART/Parity_Calc.v" ....
 Analyzing source file "../rtl/UART/Parity_Chk.v" ....
 Analyzing source file "../rtl/UART/RX_FSM.sv" ....
 Analyzing source file "../rtl/ALU/ALU.v" ....
 Analyzing source file "../rtl/ClkDiv_ClkGate/Clk_divider.sv" ....
 Analyzing source file "../rtl/ClkDiv_ClkGate/CLK_GATE.v" ....
 Analyzing source file "../rtl/DataSynch_RstSynch_PulseGen/DATA_SYNCH.v" ....
 Analyzing source file "../rtl/DataSynch_RstSynch_PulseGen/PULSE_GEN.v" ....
 Analyzing source file "../rtl/DataSynch_RstSynch_PulseGen/RST_SYNCH.v" ....
 Analyzing source file "../rtl/FIFO/Async_FIFO.v" ....
 Analyzing source file "../rtl/FIFO/DF_SYNC.v" ....
 Analyzing source file "../rtl/FIFO/FIFO_MEM_CNTRL.v" ....
 Analyzing source file "../rtl/FIFO/FIFO_RD.v" ....
 Analyzing source file "../rtl/FIFO/FIFO_WR.v" ....
 Analyzing source file "../rtl/SYS_Control_RegisterFile/Register.v" ....
 Analyzing source file "../rtl/SYS_Control_RegisterFile/SYS_CTRL.sv" ....
 Analyzing source file "../rtl/System_Top/SYS_TOP_dft.v" ....
 Elaborating Top Verilog Design Unit 'sys_top' ..... done
Checking Rule ElabSummary (Rule 71 of total 279) .... done (Time = 0.00s, Memory = -20.4K)
Checking Rule ReportCheckDataSummary (Rule 72 of total 279) .... done (Time = 0.00s, Memory = 0.0K)
Checking Rule IgnoredLibCells (Rule 73 of total 279) .... done (Time = 0.01s, Memory = 1.8K)
 Reading waiver file "./lint_cdc/sys_top/lint/lint_rtl/spyglass_spysch/constraint/spg_autogenerated_waivers.sgdc" ...
 Generating SGDC file "./lint_cdc/sys_top/lint/lint_rtl/spyglass_spysch/constraint/pragma2Constraint.sgdc" from pragmas in HDL source files ....
 Generating WAIVER file "./lint_cdc/sys_top/lint/lint_rtl/spyglass_spysch/waiver/pragma2Waiver.swl" from pragmas in HDL source files ....
Checking Rule DetectTopDesignUnits (Rule 74 of total 279)
 Detected 1 top level design units:
     sys_top
 .... done (Time = 0.00s, Memory = 1.9K)
Performing semantic checks on SGDC contents
Checking Rule SGDC_testmode03 (Rule 75 of total 279) .... done (Time = 0.00s, Memory = 0.0K)
Checking Rule PECHECK09 (Rule 76 of total 279) .... done (Time = 0.00s, Memory = -2.6K)
Checking Rule Ac_multitop01 (Rule 77 of total 279) .... done (Time = 0.00s, Memory = -1.1K)
Checking Rule ReportObsoletePragmas (Rule 78 of total 279) .... done (Time = 0.00s, Memory = 0.0K)
Checking Rule GenerateConfMap (Rule 79 of total 279) .... done (Time = 0.00s, Memory = 0.0K)
Checking Rule HdlLibDuCheck (Rule 80 of total 279) .... done (Time = 0.00s, Memory = -0.5K)
Checking Rule RtlDesignInfo (Rule 81 of total 279) .... done (Time = 0.00s, Memory = 12.5K)
Checking Rule sim_race02 (Rule 82 of total 279) .... done (Time = 0.00s, Memory = -46.9K)
Checking Rule W339a (Rule 83 of total 279) .... done (Time = 0.00s, Memory = -1.4K)
Checking Rule W416 (Rule 84 of total 279) .... done (Time = 0.00s, Memory = 0.0K)
Checking Rule mixedsenselist (Rule 85 of total 279) .... done (Time = 0.00s, Memory = 0.0K)
Checking Rule W110a (Rule 86 of total 279) .... done (Time = 0.00s, Memory = 0.0K)
Checking Rule Pragma_setupa (Rule 87 of total 279) .... done (Time = 0.00s, Memory = 1.6K)
Checking Rule _deltaDelay (Rule 88 of total 279) .... done (Time = 0.00s, Memory = 1.9K)
Checking Rule _deltaDelay (Rule 89 of total 279) .... done (Time = 0.00s, Memory = 4.7K)
Checking Rule preReq_ConsCase2 (Rule 90 of total 279) .... done (Time = 0.00s, Memory = 0.0K)
Checking Rule preReq_ConsCase (Rule 91 of total 279) .... done (Time = 0.00s, Memory = 0.0K)
Checking Rule STARC05-AlwaysParamSetup (Rule 92 of total 279) .... done (Time = 0.00s, Memory = 0.0K)
Checking Rule STARC05-ProcessParamSetup (Rule 93 of total 279) .... done (Time = 0.00s, Memory = 0.0K)
Checking Rule Latch_VePreReqRule (Rule 94 of total 279) .... done (Time = 0.00s, Memory = 10.7K)
Checking Rule CheckCelldefine (Rule 95 of total 279) .... done (Time = 0.00s, Memory = 24.0K)
Checking Rule Prereqs_RegOutputs (Rule 96 of total 279) .... done (Time = 0.00s, Memory = 0.0K)
Checking Rule STARC05-2.1.4.5 (Rule 97 of total 279) .... done (Time = 0.00s, Memory = 0.0K)
Checking Rule STARC05-2.3.1.5b (Rule 98 of total 279) .... done (Time = 0.00s, Memory = 0.0K)
Checking Rule STARC05-2.3.3.1 (Rule 99 of total 279) .... done (Time = 0.00s, Memory = 0.2K)
Checking Rule STARC05-2.3.3.1 (Rule 100 of total 279) .... done (Time = 0.00s, Memory = 0.0K)
Checking Rule STARC05-2.11.3.1 (Rule 101 of total 279) .... done (Time = 0.00s, Memory = 0.0K)
Checking Rule Prereqs_STARC05-1.6.2.1 (Rule 102 of total 279) .... done (Time = 0.00s, Memory = 0.0K)
Checking Rule Prereqs_STARC-1.6.2.1 (Rule 103 of total 279) .... done (Time = 0.00s, Memory = 0.0K)
Checking Rule STARC05-2.10.1.4a (Rule 104 of total 279) .... done (Time = 0.00s, Memory = 3.7K)
Checking Rule W496b (Rule 105 of total 279) .... done (Time = 0.00s, Memory = -0.2K)
Checking Rule W317 (Rule 106 of total 279) .... done (Time = 0.00s, Memory = 0.9K)
Checking Rule W422 (Rule 107 of total 279) .... done (Time = 0.00s, Memory = 24.0K)
Checking Rule W426 (Rule 108 of total 279) .... done (Time = 0.00s, Memory = -0.5K)
Checking Rule W480 (Rule 109 of total 279) .... done (Time = 0.00s, Memory = -22.4K)
Checking Rule W481a (Rule 110 of total 279) .... done (Time = 0.00s, Memory = 27.5K)
Checking Rule W481b (Rule 111 of total 279) .... done (Time = 0.00s, Memory = 33.2K)
Checking Rule W422 (Rule 112 of total 279) .... done (Time = 0.00s, Memory = 0.0K)
Checking Rule W156 (Rule 113 of total 279) .... done (Time = 0.00s, Memory = 0.0K)
Checking Rule W292 (Rule 114 of total 279) .... done (Time = 0.00s, Memory = 0.0K)
Checking Rule W71 (Rule 115 of total 279) .... done (Time = 0.00s, Memory = 0.0K)
Checking Rule W287b (Rule 116 of total 279) .... done (Time = 0.00s, Memory = -3.9K)
Checking Rule W293 (Rule 117 of total 279) .... done (Time = 0.00s, Memory = 0.0K)
Checking Rule W398 (Rule 118 of total 279) .... done (Time = 0.00s, Memory = 0.0K)
Checking Rule W421 (Rule 119 of total 279) .... done (Time = 0.00s, Memory = -2.7K)
Checking Rule W424 (Rule 120 of total 279) .... done (Time = 0.00s, Memory = 0.0K)
Checking Rule W467 (Rule 121 of total 279) .... done (Time = 0.00s, Memory = 0.0K)
Checking Rule Prereqs_RegInputOutputs (Rule 122 of total 279) .... done (Time = 0.00s, Memory = 0.0K)
Checking Rule PragmaComments-ML (Rule 123 of total 279) .... done (Time = 0.00s, Memory = 70.1K)
Checking Rule PragmaComments-ML (Rule 124 of total 279) .... done (Time = 0.00s, Memory = 0.0K)
Checking Rule CheckDelayTimescale-ML (Rule 125 of total 279) .... done (Time = 0.00s, Memory = -18.8K)
Checking Rule Prereqs_InclFileSetup-ML (Rule 126 of total 279) .... done (Time = 0.00s, Memory = 0.0K)
Checking ELABDU Rules for designUnit sys_top
    Checking Rule syncRstReq (Rule 127 of total 279) .... done (Time = 0.00s, Memory = 0.0K)
    Checking Rule syncRstReq (Rule 128 of total 279) .... done (Time = 0.00s, Memory = 0.0K)
    Checking Rule AcOvlRtl (Rule 129 of total 279) .... done (Time = 0.00s, Memory = 0.0K)
    Checking Rule AcOvlRtl (Rule 130 of total 279) .... done (Time = 0.00s, Memory = 0.0K)
    Checking Rule Prereqs_STARC-2.3.6.1 (Rule 131 of total 279) .... done (Time = 0.00s, Memory = -32.0K)
    Checking Rule GenTopLevelBlocksForAutoSoc (Rule 132 of total 279) .... done (Time = 0.00s, Memory = 2.1K)
    Checking Rule STARC05-2.1.5.3 (Rule 133 of total 279) .... done (Time = 0.00s, Memory = 0.0K)
    Checking Rule STARC05-2.2.3.3 (Rule 134 of total 279) .... done (Time = 0.00s, Memory = 5.6K)
    Checking Rule STARC05-2.3.1.6 (Rule 135 of total 279) .... done (Time = 0.00s, Memory = 0.0K)
    Checking Rule STARC05-2.10.2.3 (Rule 136 of total 279) .... done (Time = 0.00s, Memory = 0.0K)
    Checking Rule STARC05-2.10.3.2a (Rule 137 of total 279) .... done (Time = 0.00s, Memory = 0.9K)
    Checking Rule STARC05-2.11.3.1 (Rule 138 of total 279) .... done (Time = 0.00s, Memory = 6.1K)
    Checking Rule STARC05-2.1.3.1 (Rule 139 of total 279) .... done (Time = 0.00s, Memory = 1.0K)
    Checking Rule STARC05-2.10.1.4b (Rule 140 of total 279) .... done (Time = 0.00s, Memory = 0.0K)
    Checking Rule W110 (Rule 141 of total 279) .... done (Time = 0.00s, Memory = 1.0K)
    Checking Rule W122 (Rule 142 of total 279) .... done (Time = 0.00s, Memory = 2.1K)
    Checking Rule W496a (Rule 143 of total 279) .... done (Time = 0.00s, Memory = 24.0K)
    Checking Rule W19 (Rule 144 of total 279) .... done (Time = 0.00s, Memory = 7.2K)
    Checking Rule W66 (Rule 145 of total 279) .... done (Time = 0.00s, Memory = -8.0K)
    Checking Rule W116 (Rule 146 of total 279) .... done (Time = 0.00s, Memory = -6.6K)
    Checking Rule W123 (Rule 147 of total 279) .... done (Time = 0.00s, Memory = 21.9K)
    Checking Rule W156 (Rule 148 of total 279) .... done (Time = 0.00s, Memory = -4.4K)
    Checking Rule W215 (Rule 149 of total 279) .... done (Time = 0.00s, Memory = -2.3K)
    Checking Rule W216 (Rule 150 of total 279) .... done (Time = 0.00s, Memory = -0.6K)
    Checking Rule W218 (Rule 151 of total 279) .... done (Time = 0.00s, Memory = 4.0K)
    Checking Rule W224 (Rule 152 of total 279) .... done (Time = 0.00s, Memory = 0.0K)
    Checking Rule W263 (Rule 153 of total 279) .... done (Time = 0.00s, Memory = 35.6K)
    Checking Rule W289 (Rule 154 of total 279) .... done (Time = 0.00s, Memory = -3.0K)
    Checking Rule W337 (Rule 155 of total 279) .... done (Time = 0.00s, Memory = -8.0K)
    Checking Rule W352 (Rule 156 of total 279) .... done (Time = 0.00s, Memory = 0.0K)
    Checking Rule W362 (Rule 157 of total 279) .... done (Time = 0.00s, Memory = 2.0K)
    Checking Rule W415a (Rule 158 of total 279) .... done (Time = 0.00s, Memory = 0.0K)
    Checking Rule W486 (Rule 159 of total 279) .... done (Time = 0.00s, Memory = 0.0K)
    Checking Rule W499 (Rule 160 of total 279) .... done (Time = 0.00s, Memory = 0.7K)
    Checking Rule W502 (Rule 161 of total 279) .... done (Time = 0.00s, Memory = 6.5K)
    Checking Rule W116 (Rule 162 of total 279) .... done (Time = 0.00s, Memory = 0.5K)
    Checking Rule W122 (Rule 163 of total 279) .... done (Time = 0.00s, Memory = 0.2K)
    Checking Rule W123 (Rule 164 of total 279) .... done (Time = 0.00s, Memory = 1.1K)
    Checking Rule W71 (Rule 165 of total 279) .... done (Time = 0.00s, Memory = -2.2K)
    Checking Rule W240 (Rule 166 of total 279) .... done (Time = 0.00s, Memory = 0.2K)
    Checking Rule W240 (Rule 167 of total 279) .... done (Time = 0.00s, Memory = 0.2K)
    Checking Rule W287a (Rule 168 of total 279) .... done (Time = 0.00s, Memory = 26.2K)
    Checking Rule W293 (Rule 169 of total 279) .... done (Time = 0.00s, Memory = 0.0K)
    Checking Rule W398 (Rule 170 of total 279) .... done (Time = 0.00s, Memory = 3.1K)
    Checking Rule W424 (Rule 171 of total 279) .... done (Time = 0.00s, Memory = 3.9K)
    Checking Rule W467 (Rule 172 of total 279) .... done (Time = 0.00s, Memory = 3.5K)
    Checking Rule W505 (Rule 173 of total 279) .... done (Time = 0.00s, Memory = 0.0K)
    Checking Rule W505 (Rule 174 of total 279) .... done (Time = 0.00s, Memory = 0.0K)
    Checking Rule W528 (Rule 175 of total 279) .... done (Time = 0.00s, Memory = -0.4K)
    Checking Rule W528 (Rule 176 of total 279) .... done (Time = 0.00s, Memory = 645.8K)
    Checking Rule Prereqs_Usage (Rule 177 of total 279) .... done (Time = 0.00s, Memory = -16.0K)
    Checking Rule Postreqs_CheckFuncTask (Rule 178 of total 279) .... done (Time = 0.00s, Memory = 0.0K)
    Checking Rule Prereqs_ConstantInput-ML (Rule 179 of total 279) .... done (Time = 0.00s, Memory = 0.0K)
    Checking Rule Prereqs_ConstantInput-ML (Rule 180 of total 279) .... done (Time = 0.00s, Memory = 0.0K)
    Checking Rule ReportPortInfo-ML (Rule 181 of total 279) .... done (Time = 0.00s, Memory = 3.8K)
    Checking Rule NoAssignX-ML (Rule 182 of total 279) .... done (Time = 0.00s, Memory = 0.0K)
    Checking Rule ParamWidthMismatch-ML (Rule 183 of total 279) .... done (Time = 0.00s, Memory = 0.0K)
    Checking Rule Postreqs_Usage_ML (Rule 184 of total 279) .... done (Time = 0.00s, Memory = 0.0K)
    Checking Rule NoXInCase-ML (Rule 185 of total 279) .... done (Time = 0.00s, Memory = 0.0K)
Checking ELABDU Rules for designUnit PULSE_GEN
    Checking Rule syncRstReq (Rule 127 of total 279) .... done (Time = 0.00s, Memory = 0.0K)
    Checking Rule syncRstReq (Rule 128 of total 279) .... done (Time = 0.00s, Memory = 0.0K)
    Checking Rule AcOvlRtl (Rule 129 of total 279) .... done (Time = 0.00s, Memory = 0.0K)
    Checking Rule AcOvlRtl (Rule 130 of total 279) .... done (Time = 0.00s, Memory = 0.0K)
    Checking Rule Prereqs_STARC-2.3.6.1 (Rule 131 of total 279) .... done (Time = 0.00s, Memory = 0.0K)
    Checking Rule GenTopLevelBlocksForAutoSoc (Rule 132 of total 279) .... done (Time = 0.00s, Memory = 0.0K)
    Checking Rule STARC05-2.1.5.3 (Rule 133 of total 279) .... done (Time = 0.00s, Memory = 0.0K)
    Checking Rule STARC05-2.2.3.3 (Rule 134 of total 279) .... done (Time = 0.00s, Memory = 8.5K)
    Checking Rule STARC05-2.3.1.6 (Rule 135 of total 279) .... done (Time = 0.00s, Memory = -8.0K)
    Checking Rule STARC05-2.10.2.3 (Rule 136 of total 279) .... done (Time = 0.00s, Memory = -8.0K)
    Checking Rule STARC05-2.10.3.2a (Rule 137 of total 279) .... done (Time = 0.00s, Memory = 0.5K)
    Checking Rule STARC05-2.11.3.1 (Rule 138 of total 279) .... done (Time = 0.00s, Memory = -0.2K)
    Checking Rule STARC05-2.1.3.1 (Rule 139 of total 279) .... done (Time = 0.00s, Memory = 2.9K)
    Checking Rule STARC05-2.10.1.4b (Rule 140 of total 279) .... done (Time = 0.00s, Memory = 0.0K)
    Checking Rule W110 (Rule 141 of total 279) .... done (Time = 0.00s, Memory = 0.0K)
    Checking Rule W122 (Rule 142 of total 279) .... done (Time = 0.00s, Memory = 0.8K)
    Checking Rule W496a (Rule 143 of total 279) .... done (Time = 0.00s, Memory = 0.0K)
    Checking Rule W19 (Rule 144 of total 279) .... done (Time = 0.00s, Memory = 0.0K)
    Checking Rule W66 (Rule 145 of total 279) .... done (Time = 0.00s, Memory = -32.0K)
    Checking Rule W116 (Rule 146 of total 279) .... done (Time = 0.00s, Memory = -0.4K)
    Checking Rule W123 (Rule 147 of total 279) .... done (Time = 0.00s, Memory = 16.0K)
    Checking Rule W156 (Rule 148 of total 279) .... done (Time = 0.00s, Memory = 0.0K)
    Checking Rule W215 (Rule 149 of total 279) .... done (Time = 0.00s, Memory = 0.0K)
    Checking Rule W216 (Rule 150 of total 279) .... done (Time = 0.00s, Memory = 0.0K)
    Checking Rule W218 (Rule 151 of total 279) .... done (Time = 0.00s, Memory = 0.0K)
    Checking Rule W224 (Rule 152 of total 279) .... done (Time = 0.00s, Memory = 0.0K)
    Checking Rule W263 (Rule 153 of total 279) .... done (Time = 0.00s, Memory = 0.0K)
    Checking Rule W289 (Rule 154 of total 279) .... done (Time = 0.00s, Memory = 0.0K)
    Checking Rule W337 (Rule 155 of total 279) .... done (Time = 0.00s, Memory = 0.0K)
    Checking Rule W352 (Rule 156 of total 279) .... done (Time = 0.00s, Memory = 0.0K)
    Checking Rule W362 (Rule 157 of total 279) .... done (Time = 0.00s, Memory = 0.0K)
    Checking Rule W415a (Rule 158 of total 279) .... done (Time = 0.00s, Memory = -0.6K)
    Checking Rule W486 (Rule 159 of total 279) .... done (Time = 0.00s, Memory = 24.0K)
    Checking Rule W499 (Rule 160 of total 279) .... done (Time = 0.00s, Memory = 0.0K)
    Checking Rule W502 (Rule 161 of total 279) .... done (Time = 0.00s, Memory = 0.0K)
    Checking Rule W116 (Rule 162 of total 279) .... done (Time = 0.00s, Memory = 0.5K)
    Checking Rule W122 (Rule 163 of total 279) .... done (Time = 0.00s, Memory = 0.2K)
    Checking Rule W123 (Rule 164 of total 279) .... done (Time = 0.00s, Memory = 1.1K)
    Checking Rule W71 (Rule 165 of total 279) .... done (Time = 0.00s, Memory = 0.0K)
    Checking Rule W240 (Rule 166 of total 279) .... done (Time = 0.00s, Memory = 0.0K)
    Checking Rule W240 (Rule 167 of total 279) .... done (Time = 0.00s, Memory = 0.2K)
    Checking Rule W287a (Rule 168 of total 279) .... done (Time = 0.00s, Memory = 0.0K)
    Checking Rule W293 (Rule 169 of total 279) .... done (Time = 0.00s, Memory = -0.8K)
    Checking Rule W398 (Rule 170 of total 279) .... done (Time = 0.00s, Memory = -0.9K)
    Checking Rule W424 (Rule 171 of total 279) .... done (Time = 0.00s, Memory = 0.0K)
    Checking Rule W467 (Rule 172 of total 279) .... done (Time = 0.00s, Memory = 3.9K)
    Checking Rule W505 (Rule 173 of total 279) .... done (Time = 0.00s, Memory = 4.7K)
    Checking Rule W505 (Rule 174 of total 279) .... done (Time = 0.00s, Memory = 0.0K)
    Checking Rule W528 (Rule 175 of total 279) .... done (Time = 0.00s, Memory = 0.0K)
    Checking Rule W528 (Rule 176 of total 279) .... done (Time = 0.00s, Memory = 645.8K)
    Checking Rule Prereqs_Usage (Rule 177 of total 279) .... done (Time = 0.00s, Memory = -16.0K)
    Checking Rule Postreqs_CheckFuncTask (Rule 178 of total 279) .... done (Time = 0.00s, Memory = 0.0K)
    Checking Rule Prereqs_ConstantInput-ML (Rule 179 of total 279) .... done (Time = 0.00s, Memory = 0.0K)
    Checking Rule Prereqs_ConstantInput-ML (Rule 180 of total 279) .... done (Time = 0.00s, Memory = 0.0K)
    Checking Rule ReportPortInfo-ML (Rule 181 of total 279) .... done (Time = 0.00s, Memory = 0.0K)
    Checking Rule NoAssignX-ML (Rule 182 of total 279) .... done (Time = 0.00s, Memory = 0.0K)
    Checking Rule ParamWidthMismatch-ML (Rule 183 of total 279) .... done (Time = 0.00s, Memory = 4.0K)
    Checking Rule Postreqs_Usage_ML (Rule 184 of total 279) .... done (Time = 0.00s, Memory = 18.0K)
    Checking Rule NoXInCase-ML (Rule 185 of total 279) .... done (Time = 0.00s, Memory = 0.0K)
Checking ELABDU Rules for designUnit FIFO_TOP
    Checking Rule syncRstReq (Rule 127 of total 279) .... done (Time = 0.00s, Memory = 0.0K)
    Checking Rule syncRstReq (Rule 128 of total 279) .... done (Time = 0.00s, Memory = 0.0K)
    Checking Rule AcOvlRtl (Rule 129 of total 279) .... done (Time = 0.00s, Memory = 0.0K)
    Checking Rule AcOvlRtl (Rule 130 of total 279) .... done (Time = 0.00s, Memory = 0.0K)
    Checking Rule Prereqs_STARC-2.3.6.1 (Rule 131 of total 279) .... done (Time = 0.00s, Memory = 0.0K)
    Checking Rule GenTopLevelBlocksForAutoSoc (Rule 132 of total 279) .... done (Time = 0.00s, Memory = 0.0K)
    Checking Rule STARC05-2.1.5.3 (Rule 133 of total 279) .... done (Time = 0.00s, Memory = 0.0K)
    Checking Rule STARC05-2.2.3.3 (Rule 134 of total 279) .... done (Time = 0.00s, Memory = 0.0K)
    Checking Rule STARC05-2.3.1.6 (Rule 135 of total 279) .... done (Time = 0.00s, Memory = 0.0K)
    Checking Rule STARC05-2.10.2.3 (Rule 136 of total 279) .... done (Time = 0.00s, Memory = 23.0K)
    Checking Rule STARC05-2.10.3.2a (Rule 137 of total 279) .... done (Time = 0.00s, Memory = 4.0K)
    Checking Rule STARC05-2.11.3.1 (Rule 138 of total 279) .... done (Time = 0.00s, Memory = -8.0K)
    Checking Rule STARC05-2.1.3.1 (Rule 139 of total 279) .... done (Time = 0.00s, Memory = 8.0K)
    Checking Rule STARC05-2.10.1.4b (Rule 140 of total 279) .... done (Time = 0.00s, Memory = 0.0K)
    Checking Rule W110 (Rule 141 of total 279) .... done (Time = 0.00s, Memory = 0.0K)
    Checking Rule W122 (Rule 142 of total 279) .... done (Time = 0.00s, Memory = 0.0K)
    Checking Rule W496a (Rule 143 of total 279) .... done (Time = 0.00s, Memory = -0.6K)
    Checking Rule W19 (Rule 144 of total 279) .... done (Time = 0.00s, Memory = 3.1K)
    Checking Rule W66 (Rule 145 of total 279) .... done (Time = 0.00s, Memory = 0.0K)
    Checking Rule W116 (Rule 146 of total 279) .... done (Time = 0.00s, Memory = -1.4K)
    Checking Rule W123 (Rule 147 of total 279) .... done (Time = 0.01s, Memory = 9.7K)
    Checking Rule W156 (Rule 148 of total 279) .... done (Time = 0.00s, Memory = 0.0K)
    Checking Rule W215 (Rule 149 of total 279) .... done (Time = 0.00s, Memory = 0.0K)
    Checking Rule W216 (Rule 150 of total 279) .... done (Time = 0.00s, Memory = 8.0K)
    Checking Rule W218 (Rule 151 of total 279) .... done (Time = 0.00s, Memory = 0.0K)
    Checking Rule W224 (Rule 152 of total 279) .... done (Time = 0.00s, Memory = 8.0K)
    Checking Rule W263 (Rule 153 of total 279) .... done (Time = 0.00s, Memory = -8.0K)
    Checking Rule W289 (Rule 154 of total 279) .... done (Time = 0.00s, Memory = -0.7K)
    Checking Rule W337 (Rule 155 of total 279) .... done (Time = 0.00s, Memory = -64.0K)
    Checking Rule W352 (Rule 156 of total 279) .... done (Time = 0.00s, Memory = -0.3K)
    Checking Rule W362 (Rule 157 of total 279) .... done (Time = 0.00s, Memory = -0.4K)
    Checking Rule W415a (Rule 158 of total 279) .... done (Time = 0.00s, Memory = -0.6K)
    Checking Rule W486 (Rule 159 of total 279) .... done (Time = 0.00s, Memory = -0.6K)
    Checking Rule W499 (Rule 160 of total 279) .... done (Time = 0.00s, Memory = 0.0K)
    Checking Rule W502 (Rule 161 of total 279) .... done (Time = 0.00s, Memory = 0.0K)
    Checking Rule W116 (Rule 162 of total 279) .... done (Time = 0.00s, Memory = 0.5K)
    Checking Rule W122 (Rule 163 of total 279) .... done (Time = 0.00s, Memory = 0.2K)
    Checking Rule W123 (Rule 164 of total 279) .... done (Time = 0.00s, Memory = 1.1K)
    Checking Rule W71 (Rule 165 of total 279) .... done (Time = 0.00s, Memory = 0.0K)
    Checking Rule W240 (Rule 166 of total 279) .... done (Time = 0.00s, Memory = 0.0K)
    Checking Rule W240 (Rule 167 of total 279) .... done (Time = 0.00s, Memory = 0.2K)
    Checking Rule W287a (Rule 168 of total 279) .... done (Time = 0.00s, Memory = 1.0K)
    Checking Rule W293 (Rule 169 of total 279) .... done (Time = 0.00s, Memory = 0.0K)
    Checking Rule W398 (Rule 170 of total 279) .... done (Time = 0.00s, Memory = 0.0K)
    Checking Rule W424 (Rule 171 of total 279) .... done (Time = 0.00s, Memory = 0.0K)
    Checking Rule W467 (Rule 172 of total 279) .... done (Time = 0.00s, Memory = 1.6K)
    Checking Rule W505 (Rule 173 of total 279) .... done (Time = 0.00s, Memory = 0.0K)
    Checking Rule W505 (Rule 174 of total 279) .... done (Time = 0.00s, Memory = 0.0K)
    Checking Rule W528 (Rule 175 of total 279) .... done (Time = 0.00s, Memory = -24.0K)
    Checking Rule W528 (Rule 176 of total 279) .... done (Time = 0.00s, Memory = 645.8K)
    Checking Rule Prereqs_Usage (Rule 177 of total 279) .... done (Time = 0.00s, Memory = -16.0K)
    Checking Rule Postreqs_CheckFuncTask (Rule 178 of total 279) .... done (Time = 0.00s, Memory = 4.3K)
    Checking Rule Prereqs_ConstantInput-ML (Rule 179 of total 279) .... done (Time = 0.00s, Memory = 0.0K)
    Checking Rule Prereqs_ConstantInput-ML (Rule 180 of total 279) .... done (Time = 0.00s, Memory = 0.0K)
    Checking Rule ReportPortInfo-ML (Rule 181 of total 279) .... done (Time = 0.00s, Memory = 0.0K)
    Checking Rule NoAssignX-ML (Rule 182 of total 279) .... done (Time = 0.00s, Memory = 0.2K)
    Checking Rule ParamWidthMismatch-ML (Rule 183 of total 279) .... done (Time = 0.00s, Memory = -0.9K)
    Checking Rule Postreqs_Usage_ML (Rule 184 of total 279) .... done (Time = 0.00s, Memory = 0.0K)
    Checking Rule NoXInCase-ML (Rule 185 of total 279) .... done (Time = 0.00s, Memory = 0.0K)
Checking ELABDU Rules for designUnit FIFO_MEM_CNTRL
    Checking Rule syncRstReq (Rule 127 of total 279) .... done (Time = 0.00s, Memory = 0.0K)
    Checking Rule syncRstReq (Rule 128 of total 279) .... done (Time = 0.00s, Memory = 0.0K)
    Checking Rule AcOvlRtl (Rule 129 of total 279) .... done (Time = 0.00s, Memory = 0.0K)
    Checking Rule AcOvlRtl (Rule 130 of total 279) .... done (Time = 0.00s, Memory = 0.0K)
    Checking Rule Prereqs_STARC-2.3.6.1 (Rule 131 of total 279) .... done (Time = 0.00s, Memory = 0.0K)
    Checking Rule GenTopLevelBlocksForAutoSoc (Rule 132 of total 279) .... done (Time = 0.00s, Memory = 0.0K)
    Checking Rule STARC05-2.1.5.3 (Rule 133 of total 279) .... done (Time = 0.00s, Memory = 0.0K)
    Checking Rule STARC05-2.2.3.3 (Rule 134 of total 279) .... done (Time = 0.00s, Memory = 24.0K)
    Checking Rule STARC05-2.3.1.6 (Rule 135 of total 279) .... done (Time = 0.00s, Memory = 0.0K)
    Checking Rule STARC05-2.10.2.3 (Rule 136 of total 279) .... done (Time = 0.00s, Memory = 8.0K)
    Checking Rule STARC05-2.10.3.2a (Rule 137 of total 279) .... done (Time = 0.00s, Memory = 0.0K)
    Checking Rule STARC05-2.11.3.1 (Rule 138 of total 279) .... done (Time = 0.00s, Memory = 8.0K)
    Checking Rule STARC05-2.1.3.1 (Rule 139 of total 279) .... done (Time = 0.00s, Memory = 140.0K)
    Checking Rule STARC05-2.10.1.4b (Rule 140 of total 279) .... done (Time = 0.00s, Memory = 0.0K)
    Checking Rule W110 (Rule 141 of total 279) .... done (Time = 0.00s, Memory = -8.0K)
    Checking Rule W122 (Rule 142 of total 279) .... done (Time = 0.00s, Memory = 31.5K)
    Checking Rule W496a (Rule 143 of total 279) .... done (Time = 0.00s, Memory = -0.8K)
    Checking Rule W19 (Rule 144 of total 279) .... done (Time = 0.00s, Memory = 0.0K)
    Checking Rule W66 (Rule 145 of total 279) .... done (Time = 0.00s, Memory = 0.0K)
    Checking Rule W116 (Rule 146 of total 279) .... done (Time = 0.00s, Memory = 0.0K)
    Checking Rule W123 (Rule 147 of total 279) .... done (Time = 0.00s, Memory = 17.0K)
    Checking Rule W156 (Rule 148 of total 279) .... done (Time = 0.00s, Memory = 0.0K)
    Checking Rule W215 (Rule 149 of total 279) .... done (Time = 0.00s, Memory = 0.0K)
    Checking Rule W216 (Rule 150 of total 279) .... done (Time = 0.00s, Memory = 26.5K)
    Checking Rule W218 (Rule 151 of total 279) .... done (Time = 0.00s, Memory = 0.0K)
    Checking Rule W224 (Rule 152 of total 279) .... done (Time = 0.00s, Memory = 0.0K)
    Checking Rule W263 (Rule 153 of total 279) .... done (Time = 0.00s, Memory = 0.0K)
    Checking Rule W289 (Rule 154 of total 279) .... done (Time = 0.00s, Memory = 4.0K)
    Checking Rule W337 (Rule 155 of total 279) .... done (Time = 0.00s, Memory = 0.0K)
    Checking Rule W352 (Rule 156 of total 279) .... done (Time = 0.00s, Memory = 0.0K)
    Checking Rule W362 (Rule 157 of total 279) .... done (Time = 0.00s, Memory = 0.0K)
    Checking Rule W415a (Rule 158 of total 279) .... done (Time = 0.00s, Memory = -1.0K)
    Checking Rule W486 (Rule 159 of total 279) .... done (Time = 0.00s, Memory = 0.0K)
    Checking Rule W499 (Rule 160 of total 279) .... done (Time = 0.00s, Memory = 0.0K)
    Checking Rule W502 (Rule 161 of total 279) .... done (Time = 0.00s, Memory = 0.0K)
    Checking Rule W116 (Rule 162 of total 279) .... done (Time = 0.00s, Memory = 0.5K)
    Checking Rule W122 (Rule 163 of total 279) .... done (Time = 0.00s, Memory = 0.2K)
    Checking Rule W123 (Rule 164 of total 279) .... done (Time = 0.00s, Memory = 1.1K)
    Checking Rule W71 (Rule 165 of total 279) .... done (Time = 0.00s, Memory = 0.0K)
    Checking Rule W240 (Rule 166 of total 279) .... done (Time = 0.00s, Memory = 3.1K)
    Checking Rule W240 (Rule 167 of total 279) .... done (Time = 0.00s, Memory = 0.2K)
    Checking Rule W287a (Rule 168 of total 279) .... done (Time = 0.00s, Memory = 0.0K)
    Checking Rule W293 (Rule 169 of total 279) .... done (Time = 0.00s, Memory = 0.0K)
    Checking Rule W398 (Rule 170 of total 279) .... done (Time = 0.00s, Memory = 29.6K)
    Checking Rule W424 (Rule 171 of total 279) .... done (Time = 0.00s, Memory = 4.7K)
    Checking Rule W467 (Rule 172 of total 279) .... done (Time = 0.00s, Memory = 0.0K)
    Checking Rule W505 (Rule 173 of total 279) .... done (Time = 0.00s, Memory = 0.0K)
    Checking Rule W505 (Rule 174 of total 279) .... done (Time = 0.00s, Memory = 0.0K)
    Checking Rule W528 (Rule 175 of total 279) .... done (Time = 0.00s, Memory = -24.0K)
    Checking Rule W528 (Rule 176 of total 279) .... done (Time = 0.00s, Memory = 645.8K)
    Checking Rule Prereqs_Usage (Rule 177 of total 279) .... done (Time = 0.00s, Memory = -16.0K)
    Checking Rule Postreqs_CheckFuncTask (Rule 178 of total 279) .... done (Time = 0.00s, Memory = 0.0K)
    Checking Rule Prereqs_ConstantInput-ML (Rule 179 of total 279) .... done (Time = 0.00s, Memory = 0.0K)
    Checking Rule Prereqs_ConstantInput-ML (Rule 180 of total 279) .... done (Time = 0.00s, Memory = 0.0K)
    Checking Rule ReportPortInfo-ML (Rule 181 of total 279) .... done (Time = 0.00s, Memory = 0.0K)
    Checking Rule NoAssignX-ML (Rule 182 of total 279) .... done (Time = 0.00s, Memory = 32.0K)
    Checking Rule ParamWidthMismatch-ML (Rule 183 of total 279) .... done (Time = 0.00s, Memory = 0.0K)
    Checking Rule Postreqs_Usage_ML (Rule 184 of total 279) .... done (Time = 0.00s, Memory = 0.0K)
    Checking Rule NoXInCase-ML (Rule 185 of total 279) .... done (Time = 0.00s, Memory = 0.0K)
Checking ELABDU Rules for designUnit DF_SYNC
    Checking Rule syncRstReq (Rule 127 of total 279) .... done (Time = 0.00s, Memory = 0.0K)
    Checking Rule syncRstReq (Rule 128 of total 279) .... done (Time = 0.00s, Memory = 0.0K)
    Checking Rule AcOvlRtl (Rule 129 of total 279) .... done (Time = 0.00s, Memory = 0.0K)
    Checking Rule AcOvlRtl (Rule 130 of total 279) .... done (Time = 0.00s, Memory = 0.0K)
    Checking Rule Prereqs_STARC-2.3.6.1 (Rule 131 of total 279) .... done (Time = 0.00s, Memory = 24.0K)
    Checking Rule GenTopLevelBlocksForAutoSoc (Rule 132 of total 279) .... done (Time = 0.00s, Memory = 0.0K)
    Checking Rule STARC05-2.1.5.3 (Rule 133 of total 279) .... done (Time = 0.00s, Memory = 0.0K)
    Checking Rule STARC05-2.2.3.3 (Rule 134 of total 279) .... done (Time = 0.00s, Memory = 0.0K)
    Checking Rule STARC05-2.3.1.6 (Rule 135 of total 279) .... done (Time = 0.00s, Memory = 8.0K)
    Checking Rule STARC05-2.10.2.3 (Rule 136 of total 279) .... done (Time = 0.00s, Memory = 0.0K)
    Checking Rule STARC05-2.10.3.2a (Rule 137 of total 279) .... done (Time = 0.00s, Memory = 0.0K)
    Checking Rule STARC05-2.11.3.1 (Rule 138 of total 279) .... done (Time = 0.00s, Memory = 0.0K)
    Checking Rule STARC05-2.1.3.1 (Rule 139 of total 279) .... done (Time = 0.00s, Memory = 0.0K)
    Checking Rule STARC05-2.10.1.4b (Rule 140 of total 279) .... done (Time = 0.00s, Memory = 0.0K)
    Checking Rule W110 (Rule 141 of total 279) .... done (Time = 0.00s, Memory = 0.0K)
    Checking Rule W122 (Rule 142 of total 279) .... done (Time = 0.00s, Memory = 0.0K)
    Checking Rule W496a (Rule 143 of total 279) .... done (Time = 0.00s, Memory = 0.0K)
    Checking Rule W19 (Rule 144 of total 279) .... done (Time = 0.00s, Memory = 0.0K)
    Checking Rule W66 (Rule 145 of total 279) .... done (Time = 0.00s, Memory = 0.0K)
    Checking Rule W116 (Rule 146 of total 279) .... done (Time = 0.00s, Memory = 3.2K)
    Checking Rule W123 (Rule 147 of total 279) .... done (Time = 0.00s, Memory = 8.0K)
    Checking Rule W156 (Rule 148 of total 279) .... done (Time = 0.00s, Memory = 8.0K)
    Checking Rule W215 (Rule 149 of total 279) .... done (Time = 0.00s, Memory = 0.0K)
    Checking Rule W216 (Rule 150 of total 279) .... done (Time = 0.00s, Memory = -8.0K)
    Checking Rule W218 (Rule 151 of total 279) .... done (Time = 0.00s, Memory = 32.0K)
    Checking Rule W224 (Rule 152 of total 279) .... done (Time = 0.00s, Memory = 0.0K)
    Checking Rule W263 (Rule 153 of total 279) .... done (Time = 0.00s, Memory = 0.0K)
    Checking Rule W289 (Rule 154 of total 279) .... done (Time = 0.00s, Memory = 0.0K)
    Checking Rule W337 (Rule 155 of total 279) .... done (Time = 0.00s, Memory = 0.0K)
    Checking Rule W352 (Rule 156 of total 279) .... done (Time = 0.00s, Memory = 0.0K)
    Checking Rule W362 (Rule 157 of total 279) .... done (Time = 0.00s, Memory = -2.5K)
    Checking Rule W415a (Rule 158 of total 279) .... done (Time = 0.00s, Memory = 5.8K)
    Checking Rule W486 (Rule 159 of total 279) .... done (Time = 0.00s, Memory = 0.0K)
    Checking Rule W499 (Rule 160 of total 279) .... done (Time = 0.00s, Memory = -1.3K)
    Checking Rule W502 (Rule 161 of total 279) .... done (Time = 0.00s, Memory = 0.0K)
    Checking Rule W116 (Rule 162 of total 279) .... done (Time = 0.00s, Memory = 0.5K)
    Checking Rule W122 (Rule 163 of total 279) .... done (Time = 0.00s, Memory = 0.2K)
    Checking Rule W123 (Rule 164 of total 279) .... done (Time = 0.00s, Memory = 1.1K)
    Checking Rule W71 (Rule 165 of total 279) .... done (Time = 0.00s, Memory = -2.3K)
    Checking Rule W240 (Rule 166 of total 279) .... done (Time = 0.00s, Memory = 0.0K)
    Checking Rule W240 (Rule 167 of total 279) .... done (Time = 0.00s, Memory = 0.2K)
    Checking Rule W287a (Rule 168 of total 279) .... done (Time = 0.00s, Memory = 0.0K)
    Checking Rule W293 (Rule 169 of total 279) .... done (Time = 0.00s, Memory = 0.0K)
    Checking Rule W398 (Rule 170 of total 279) .... done (Time = 0.00s, Memory = -0.8K)
    Checking Rule W424 (Rule 171 of total 279) .... done (Time = 0.00s, Memory = 0.0K)
    Checking Rule W467 (Rule 172 of total 279) .... done (Time = 0.00s, Memory = 0.0K)
    Checking Rule W505 (Rule 173 of total 279) .... done (Time = 0.00s, Memory = 0.0K)
    Checking Rule W505 (Rule 174 of total 279) .... done (Time = 0.00s, Memory = 0.0K)
    Checking Rule W528 (Rule 175 of total 279) .... done (Time = 0.00s, Memory = -0.1K)
    Checking Rule W528 (Rule 176 of total 279) .... done (Time = 0.00s, Memory = 645.8K)
    Checking Rule Prereqs_Usage (Rule 177 of total 279) .... done (Time = 0.00s, Memory = -18.0K)
    Checking Rule Postreqs_CheckFuncTask (Rule 178 of total 279) .... done (Time = 0.00s, Memory = 0.0K)
    Checking Rule Prereqs_ConstantInput-ML (Rule 179 of total 279) .... done (Time = 0.00s, Memory = 0.0K)
    Checking Rule Prereqs_ConstantInput-ML (Rule 180 of total 279) .... done (Time = 0.00s, Memory = 0.0K)
    Checking Rule ReportPortInfo-ML (Rule 181 of total 279) .... done (Time = 0.00s, Memory = 0.0K)
    Checking Rule NoAssignX-ML (Rule 182 of total 279) .... done (Time = 0.00s, Memory = 0.0K)
    Checking Rule ParamWidthMismatch-ML (Rule 183 of total 279) .... done (Time = 0.00s, Memory = 0.0K)
    Checking Rule Postreqs_Usage_ML (Rule 184 of total 279) .... done (Time = 0.00s, Memory = 3.1K)
    Checking Rule NoXInCase-ML (Rule 185 of total 279) .... done (Time = 0.00s, Memory = 0.0K)
Checking ELABDU Rules for designUnit FIFO_WR
    Checking Rule syncRstReq (Rule 127 of total 279) .... done (Time = 0.00s, Memory = 0.0K)
    Checking Rule syncRstReq (Rule 128 of total 279) .... done (Time = 0.00s, Memory = 0.0K)
    Checking Rule AcOvlRtl (Rule 129 of total 279) .... done (Time = 0.00s, Memory = 0.0K)
    Checking Rule AcOvlRtl (Rule 130 of total 279) .... done (Time = 0.00s, Memory = 0.0K)
    Checking Rule Prereqs_STARC-2.3.6.1 (Rule 131 of total 279) .... done (Time = 0.00s, Memory = 4.7K)
    Checking Rule GenTopLevelBlocksForAutoSoc (Rule 132 of total 279) .... done (Time = 0.00s, Memory = 0.0K)
    Checking Rule STARC05-2.1.5.3 (Rule 133 of total 279) .... done (Time = 0.00s, Memory = 0.0K)
    Checking Rule STARC05-2.2.3.3 (Rule 134 of total 279) .... done (Time = 0.00s, Memory = 0.0K)
    Checking Rule STARC05-2.3.1.6 (Rule 135 of total 279) .... done (Time = 0.00s, Memory = 8.0K)
    Checking Rule STARC05-2.10.2.3 (Rule 136 of total 279) .... done (Time = 0.00s, Memory = 0.0K)
    Checking Rule STARC05-2.10.3.2a (Rule 137 of total 279) .... done (Time = 0.00s, Memory = -3.8K)
    Checking Rule STARC05-2.11.3.1 (Rule 138 of total 279) .... done (Time = 0.00s, Memory = 0.0K)
    Checking Rule STARC05-2.1.3.1 (Rule 139 of total 279) .... done (Time = 0.00s, Memory = 2.4K)
    Checking Rule STARC05-2.10.1.4b (Rule 140 of total 279) .... done (Time = 0.00s, Memory = 0.0K)
    Checking Rule W110 (Rule 141 of total 279) .... done (Time = 0.00s, Memory = 0.0K)
    Checking Rule W122 (Rule 142 of total 279) .... done (Time = 0.00s, Memory = 0.0K)
    Checking Rule W496a (Rule 143 of total 279) .... done (Time = 0.00s, Memory = -1.5K)
    Checking Rule W19 (Rule 144 of total 279) .... done (Time = 0.00s, Memory = 0.0K)
    Checking Rule W66 (Rule 145 of total 279) .... done (Time = 0.00s, Memory = 0.0K)
    Checking Rule W116 (Rule 146 of total 279) .... done (Time = 0.00s, Memory = 0.2K)
    Checking Rule W123 (Rule 147 of total 279) .... done (Time = 0.00s, Memory = 24.2K)
    Checking Rule W156 (Rule 148 of total 279) .... done (Time = 0.00s, Memory = -31.1K)
    Checking Rule W215 (Rule 149 of total 279) .... done (Time = 0.00s, Memory = 0.0K)
    Checking Rule W216 (Rule 150 of total 279) .... done (Time = 0.00s, Memory = 0.0K)
    Checking Rule W218 (Rule 151 of total 279) .... done (Time = 0.00s, Memory = 0.0K)
    Checking Rule W224 (Rule 152 of total 279) .... done (Time = 0.00s, Memory = 0.0K)
    Checking Rule W263 (Rule 153 of total 279) .... done (Time = 0.00s, Memory = 0.0K)
    Checking Rule W289 (Rule 154 of total 279) .... done (Time = 0.01s, Memory = 0.0K)
    Checking Rule W337 (Rule 155 of total 279) .... done (Time = 0.00s, Memory = 0.0K)
    Checking Rule W352 (Rule 156 of total 279) .... done (Time = 0.00s, Memory = -1.3K)
    Checking Rule W362 (Rule 157 of total 279) .... done (Time = 0.00s, Memory = 32.1K)
    Checking Rule W415a (Rule 158 of total 279) .... done (Time = 0.00s, Memory = -9.9K)
    Checking Rule W486 (Rule 159 of total 279) .... done (Time = 0.00s, Memory = -2.1K)
    Checking Rule W499 (Rule 160 of total 279) .... done (Time = 0.00s, Memory = -19.3K)
    Checking Rule W502 (Rule 161 of total 279) .... done (Time = 0.00s, Memory = 0.0K)
    Checking Rule W116 (Rule 162 of total 279) .... done (Time = 0.00s, Memory = 0.5K)
    Checking Rule W122 (Rule 163 of total 279) .... done (Time = 0.00s, Memory = 0.2K)
    Checking Rule W123 (Rule 164 of total 279) .... done (Time = 0.00s, Memory = 1.1K)
    Checking Rule W71 (Rule 165 of total 279) .... done (Time = 0.00s, Memory = 0.0K)
    Checking Rule W240 (Rule 166 of total 279) .... done (Time = 0.00s, Memory = 0.0K)
    Checking Rule W240 (Rule 167 of total 279) .... done (Time = 0.00s, Memory = 0.2K)
    Checking Rule W287a (Rule 168 of total 279) .... done (Time = 0.00s, Memory = 0.0K)
    Checking Rule W293 (Rule 169 of total 279) .... done (Time = 0.00s, Memory = 0.0K)
    Checking Rule W398 (Rule 170 of total 279) .... done (Time = 0.00s, Memory = -2.7K)
    Checking Rule W424 (Rule 171 of total 279) .... done (Time = 0.00s, Memory = 0.0K)
    Checking Rule W467 (Rule 172 of total 279) .... done (Time = 0.00s, Memory = 1.6K)
    Checking Rule W505 (Rule 173 of total 279) .... done (Time = 0.00s, Memory = 0.4K)
    Checking Rule W505 (Rule 174 of total 279) .... done (Time = 0.00s, Memory = 0.0K)
    Checking Rule W528 (Rule 175 of total 279) .... done (Time = 0.00s, Memory = 0.0K)
    Checking Rule W528 (Rule 176 of total 279) .... done (Time = 0.00s, Memory = 645.8K)
    Checking Rule Prereqs_Usage (Rule 177 of total 279) .... done (Time = 0.00s, Memory = -12.0K)
    Checking Rule Postreqs_CheckFuncTask (Rule 178 of total 279) .... done (Time = 0.00s, Memory = 0.0K)
    Checking Rule Prereqs_ConstantInput-ML (Rule 179 of total 279) .... done (Time = 0.00s, Memory = 0.0K)
    Checking Rule Prereqs_ConstantInput-ML (Rule 180 of total 279) .... done (Time = 0.00s, Memory = 0.0K)
    Checking Rule ReportPortInfo-ML (Rule 181 of total 279) .... done (Time = 0.00s, Memory = 0.0K)
    Checking Rule NoAssignX-ML (Rule 182 of total 279) .... done (Time = 0.00s, Memory = 0.0K)
    Checking Rule ParamWidthMismatch-ML (Rule 183 of total 279) .... done (Time = 0.00s, Memory = 0.0K)
    Checking Rule Postreqs_Usage_ML (Rule 184 of total 279) .... done (Time = 0.00s, Memory = -1.2K)
    Checking Rule NoXInCase-ML (Rule 185 of total 279) .... done (Time = 0.00s, Memory = 0.0K)
Checking ELABDU Rules for designUnit FIFO_RD
    Checking Rule syncRstReq (Rule 127 of total 279) .... done (Time = 0.00s, Memory = 0.0K)
    Checking Rule syncRstReq (Rule 128 of total 279) .... done (Time = 0.00s, Memory = 0.0K)
    Checking Rule AcOvlRtl (Rule 129 of total 279) .... done (Time = 0.00s, Memory = 0.0K)
    Checking Rule AcOvlRtl (Rule 130 of total 279) .... done (Time = 0.00s, Memory = 0.0K)
    Checking Rule Prereqs_STARC-2.3.6.1 (Rule 131 of total 279) .... done (Time = 0.00s, Memory = 0.0K)
    Checking Rule GenTopLevelBlocksForAutoSoc (Rule 132 of total 279) .... done (Time = 0.00s, Memory = 0.0K)
    Checking Rule STARC05-2.1.5.3 (Rule 133 of total 279) .... done (Time = 0.00s, Memory = -5.9K)
    Checking Rule STARC05-2.2.3.3 (Rule 134 of total 279) .... done (Time = 0.00s, Memory = 0.0K)
    Checking Rule STARC05-2.3.1.6 (Rule 135 of total 279) .... done (Time = 0.00s, Memory = 1.6K)
    Checking Rule STARC05-2.10.2.3 (Rule 136 of total 279) .... done (Time = 0.00s, Memory = 28.7K)
    Checking Rule STARC05-2.10.3.2a (Rule 137 of total 279) .... done (Time = 0.00s, Memory = 4.0K)
    Checking Rule STARC05-2.11.3.1 (Rule 138 of total 279) .... done (Time = 0.00s, Memory = 0.0K)
    Checking Rule STARC05-2.1.3.1 (Rule 139 of total 279) .... done (Time = 0.00s, Memory = 0.0K)
    Checking Rule STARC05-2.10.1.4b (Rule 140 of total 279) .... done (Time = 0.00s, Memory = 2.8K)
    Checking Rule W110 (Rule 141 of total 279) .... done (Time = 0.00s, Memory = 0.0K)
    Checking Rule W122 (Rule 142 of total 279) .... done (Time = 0.00s, Memory = -8.0K)
    Checking Rule W496a (Rule 143 of total 279) .... done (Time = 0.00s, Memory = 0.0K)
    Checking Rule W19 (Rule 144 of total 279) .... done (Time = 0.00s, Memory = 0.0K)
    Checking Rule W66 (Rule 145 of total 279) .... done (Time = 0.00s, Memory = -32.0K)
    Checking Rule W116 (Rule 146 of total 279) .... done (Time = 0.00s, Memory = 0.0K)
    Checking Rule W123 (Rule 147 of total 279) .... done (Time = 0.00s, Memory = 16.0K)
    Checking Rule W156 (Rule 148 of total 279) .... done (Time = 0.00s, Memory = 0.0K)
    Checking Rule W215 (Rule 149 of total 279) .... done (Time = 0.00s, Memory = 0.0K)
    Checking Rule W216 (Rule 150 of total 279) .... done (Time = 0.00s, Memory = 0.0K)
    Checking Rule W218 (Rule 151 of total 279) .... done (Time = 0.00s, Memory = 0.0K)
    Checking Rule W224 (Rule 152 of total 279) .... done (Time = 0.00s, Memory = 0.0K)
    Checking Rule W263 (Rule 153 of total 279) .... done (Time = 0.00s, Memory = 0.0K)
    Checking Rule W289 (Rule 154 of total 279) .... done (Time = 0.00s, Memory = 0.0K)
    Checking Rule W337 (Rule 155 of total 279) .... done (Time = 0.00s, Memory = 0.0K)
    Checking Rule W352 (Rule 156 of total 279) .... done (Time = 0.00s, Memory = 0.0K)
    Checking Rule W362 (Rule 157 of total 279) .... done (Time = 0.00s, Memory = -8.0K)
    Checking Rule W415a (Rule 158 of total 279) .... done (Time = 0.00s, Memory = 32.0K)
    Checking Rule W486 (Rule 159 of total 279) .... done (Time = 0.00s, Memory = 0.0K)
    Checking Rule W499 (Rule 160 of total 279) .... done (Time = 0.00s, Memory = 0.0K)
    Checking Rule W502 (Rule 161 of total 279) .... done (Time = 0.00s, Memory = 0.0K)
    Checking Rule W116 (Rule 162 of total 279) .... done (Time = 0.00s, Memory = 0.5K)
    Checking Rule W122 (Rule 163 of total 279) .... done (Time = 0.00s, Memory = 0.2K)
    Checking Rule W123 (Rule 164 of total 279) .... done (Time = 0.00s, Memory = 1.1K)
    Checking Rule W71 (Rule 165 of total 279) .... done (Time = 0.00s, Memory = -2.5K)
    Checking Rule W240 (Rule 166 of total 279) .... done (Time = 0.00s, Memory = 0.0K)
    Checking Rule W240 (Rule 167 of total 279) .... done (Time = 0.00s, Memory = 0.2K)
    Checking Rule W287a (Rule 168 of total 279) .... done (Time = 0.00s, Memory = -0.0K)
    Checking Rule W293 (Rule 169 of total 279) .... done (Time = 0.00s, Memory = 0.0K)
    Checking Rule W398 (Rule 170 of total 279) .... done (Time = 0.00s, Memory = -32.0K)
    Checking Rule W424 (Rule 171 of total 279) .... done (Time = 0.00s, Memory = 0.0K)
    Checking Rule W467 (Rule 172 of total 279) .... done (Time = 0.00s, Memory = -0.4K)
    Checking Rule W505 (Rule 173 of total 279) .... done (Time = 0.00s, Memory = 3.9K)
    Checking Rule W505 (Rule 174 of total 279) .... done (Time = 0.00s, Memory = 0.0K)
    Checking Rule W528 (Rule 175 of total 279) .... done (Time = 0.00s, Memory = 0.0K)
    Checking Rule W528 (Rule 176 of total 279) .... done (Time = 0.00s, Memory = 645.8K)
    Checking Rule Prereqs_Usage (Rule 177 of total 279) .... done (Time = 0.00s, Memory = -16.0K)
    Checking Rule Postreqs_CheckFuncTask (Rule 178 of total 279) .... done (Time = 0.00s, Memory = 0.0K)
    Checking Rule Prereqs_ConstantInput-ML (Rule 179 of total 279) .... done (Time = 0.00s, Memory = 0.0K)
    Checking Rule Prereqs_ConstantInput-ML (Rule 180 of total 279) .... done (Time = 0.00s, Memory = 0.0K)
    Checking Rule ReportPortInfo-ML (Rule 181 of total 279) .... done (Time = 0.00s, Memory = 0.0K)
    Checking Rule NoAssignX-ML (Rule 182 of total 279) .... done (Time = 0.00s, Memory = 0.0K)
    Checking Rule ParamWidthMismatch-ML (Rule 183 of total 279) .... done (Time = 0.00s, Memory = 0.0K)
    Checking Rule Postreqs_Usage_ML (Rule 184 of total 279) .... done (Time = 0.00s, Memory = 0.0K)
    Checking Rule NoXInCase-ML (Rule 185 of total 279) .... done (Time = 0.00s, Memory = 0.0K)
Checking ELABDU Rules for designUnit ALU
    Checking Rule syncRstReq (Rule 127 of total 279) .... done (Time = 0.00s, Memory = 0.0K)
    Checking Rule syncRstReq (Rule 128 of total 279) .... done (Time = 0.00s, Memory = 0.0K)
    Checking Rule AcOvlRtl (Rule 129 of total 279) .... done (Time = 0.00s, Memory = 4.7K)
    Checking Rule AcOvlRtl (Rule 130 of total 279) .... done (Time = 0.00s, Memory = 0.0K)
    Checking Rule Prereqs_STARC-2.3.6.1 (Rule 131 of total 279) .... done (Time = 0.00s, Memory = 0.0K)
    Checking Rule GenTopLevelBlocksForAutoSoc (Rule 132 of total 279) .... done (Time = 0.00s, Memory = 0.0K)
    Checking Rule STARC05-2.1.5.3 (Rule 133 of total 279) .... done (Time = 0.00s, Memory = -0.1K)
    Checking Rule STARC05-2.2.3.3 (Rule 134 of total 279) .... done (Time = 0.00s, Memory = 0.0K)
    Checking Rule STARC05-2.3.1.6 (Rule 135 of total 279) .... done (Time = 0.00s, Memory = 0.0K)
    Checking Rule STARC05-2.10.2.3 (Rule 136 of total 279) .... done (Time = 0.00s, Memory = -1.2K)
    Checking Rule STARC05-2.10.3.2a (Rule 137 of total 279) .... done (Time = 0.00s, Memory = 0.0K)
    Checking Rule STARC05-2.11.3.1 (Rule 138 of total 279) .... done (Time = 0.00s, Memory = 10.0K)
    Checking Rule STARC05-2.1.3.1 (Rule 139 of total 279) .... done (Time = 0.00s, Memory = -32.6K)
    Checking Rule STARC05-2.10.1.4b (Rule 140 of total 279) .... done (Time = 0.00s, Memory = 11.8K)
    Checking Rule W110 (Rule 141 of total 279) .... done (Time = 0.00s, Memory = 0.0K)
    Checking Rule W122 (Rule 142 of total 279) .... done (Time = 0.00s, Memory = 0.0K)
    Checking Rule W496a (Rule 143 of total 279) .... done (Time = 0.00s, Memory = -3.5K)
    Checking Rule W19 (Rule 144 of total 279) .... done (Time = 0.00s, Memory = 1.0K)
    Checking Rule W66 (Rule 145 of total 279) .... done (Time = 0.00s, Memory = 0.0K)
    Checking Rule W116 (Rule 146 of total 279) .... done (Time = 0.00s, Memory = 0.0K)
    Checking Rule W123 (Rule 147 of total 279) .... done (Time = 0.00s, Memory = 14.2K)
    Checking Rule W156 (Rule 148 of total 279) .... done (Time = 0.00s, Memory = 0.0K)
    Checking Rule W215 (Rule 149 of total 279) .... done (Time = 0.00s, Memory = -5.9K)
    Checking Rule W216 (Rule 150 of total 279) .... done (Time = 0.00s, Memory = 8.0K)
    Checking Rule W218 (Rule 151 of total 279) .... done (Time = 0.00s, Memory = 0.0K)
    Checking Rule W224 (Rule 152 of total 279) .... done (Time = 0.00s, Memory = -2.2K)
    Checking Rule W263 (Rule 153 of total 279) .... done (Time = 0.00s, Memory = -8.0K)
    Checking Rule W289 (Rule 154 of total 279) .... done (Time = 0.00s, Memory = 0.0K)
    Checking Rule W337 (Rule 155 of total 279) .... done (Time = 0.00s, Memory = 0.0K)
    Checking Rule W352 (Rule 156 of total 279) .... done (Time = 0.00s, Memory = 32.0K)
    Checking Rule W362 (Rule 157 of total 279) .... done (Time = 0.00s, Memory = 0.2K)
    Checking Rule W415a (Rule 158 of total 279) .... done (Time = 0.00s, Memory = 4.2K)
    Checking Rule W486 (Rule 159 of total 279) .... done (Time = 0.00s, Memory = -6.5K)
    Checking Rule W499 (Rule 160 of total 279) .... done (Time = 0.00s, Memory = 0.0K)
    Checking Rule W502 (Rule 161 of total 279) .... done (Time = 0.00s, Memory = -7.8K)
    Checking Rule W116 (Rule 162 of total 279) .... done (Time = 0.00s, Memory = 0.5K)
    Checking Rule W122 (Rule 163 of total 279) .... done (Time = 0.00s, Memory = 0.2K)
    Checking Rule W123 (Rule 164 of total 279) .... done (Time = 0.00s, Memory = 1.1K)
    Checking Rule W71 (Rule 165 of total 279) .... done (Time = 0.00s, Memory = -0.1K)
    Checking Rule W240 (Rule 166 of total 279) .... done (Time = 0.00s, Memory = -0.1K)
    Checking Rule W240 (Rule 167 of total 279) .... done (Time = 0.00s, Memory = 0.2K)
    Checking Rule W287a (Rule 168 of total 279) .... done (Time = 0.00s, Memory = 0.0K)
    Checking Rule W293 (Rule 169 of total 279) .... done (Time = 0.00s, Memory = 0.0K)
    Checking Rule W398 (Rule 170 of total 279) .... done (Time = 0.00s, Memory = 0.8K)
    Checking Rule W424 (Rule 171 of total 279) .... done (Time = 0.00s, Memory = 0.0K)
    Checking Rule W467 (Rule 172 of total 279) .... done (Time = 0.00s, Memory = 0.0K)
    Checking Rule W505 (Rule 173 of total 279) .... done (Time = 0.00s, Memory = 0.6K)
    Checking Rule W505 (Rule 174 of total 279) .... done (Time = 0.00s, Memory = 0.0K)
    Checking Rule W528 (Rule 175 of total 279) .... done (Time = 0.00s, Memory = 0.0K)
    Checking Rule W528 (Rule 176 of total 279) .... done (Time = 0.00s, Memory = 645.8K)
    Checking Rule Prereqs_Usage (Rule 177 of total 279) .... done (Time = 0.00s, Memory = -16.0K)
    Checking Rule Postreqs_CheckFuncTask (Rule 178 of total 279) .... done (Time = 0.00s, Memory = 0.0K)
    Checking Rule Prereqs_ConstantInput-ML (Rule 179 of total 279) .... done (Time = 0.00s, Memory = 0.0K)
    Checking Rule Prereqs_ConstantInput-ML (Rule 180 of total 279) .... done (Time = 0.00s, Memory = 0.0K)
    Checking Rule ReportPortInfo-ML (Rule 181 of total 279) .... done (Time = 0.00s, Memory = 0.0K)
    Checking Rule NoAssignX-ML (Rule 182 of total 279) .... done (Time = 0.00s, Memory = -24.0K)
    Checking Rule ParamWidthMismatch-ML (Rule 183 of total 279) .... done (Time = 0.00s, Memory = 0.8K)
    Checking Rule Postreqs_Usage_ML (Rule 184 of total 279) .... done (Time = 0.00s, Memory = -32.0K)
    Checking Rule NoXInCase-ML (Rule 185 of total 279) .... done (Time = 0.00s, Memory = 0.0K)
Checking ELABDU Rules for designUnit Register
    Checking Rule syncRstReq (Rule 127 of total 279) .... done (Time = 0.00s, Memory = 0.0K)
    Checking Rule syncRstReq (Rule 128 of total 279) .... done (Time = 0.00s, Memory = 0.0K)
    Checking Rule AcOvlRtl (Rule 129 of total 279) .... done (Time = 0.00s, Memory = 0.0K)
    Checking Rule AcOvlRtl (Rule 130 of total 279) .... done (Time = 0.00s, Memory = 0.0K)
    Checking Rule Prereqs_STARC-2.3.6.1 (Rule 131 of total 279) .... done (Time = 0.00s, Memory = 0.0K)
    Checking Rule GenTopLevelBlocksForAutoSoc (Rule 132 of total 279) .... done (Time = 0.00s, Memory = 0.0K)
    Checking Rule STARC05-2.1.5.3 (Rule 133 of total 279) .... done (Time = 0.00s, Memory = 0.0K)
    Checking Rule STARC05-2.2.3.3 (Rule 134 of total 279) .... done (Time = 0.00s, Memory = 8.0K)
    Checking Rule STARC05-2.3.1.6 (Rule 135 of total 279) .... done (Time = 0.00s, Memory = -20.2K)
    Checking Rule STARC05-2.10.2.3 (Rule 136 of total 279) .... done (Time = 0.00s, Memory = -8.0K)
    Checking Rule STARC05-2.10.3.2a (Rule 137 of total 279) .... done (Time = 0.00s, Memory = 0.1K)
    Checking Rule STARC05-2.11.3.1 (Rule 138 of total 279) .... done (Time = 0.00s, Memory = 11.8K)
    Checking Rule STARC05-2.1.3.1 (Rule 139 of total 279) .... done (Time = 0.00s, Memory = 12.0K)
    Checking Rule STARC05-2.10.1.4b (Rule 140 of total 279) .... done (Time = 0.00s, Memory = 0.0K)
    Checking Rule W110 (Rule 141 of total 279) .... done (Time = 0.00s, Memory = 0.0K)
    Checking Rule W122 (Rule 142 of total 279) .... done (Time = 0.00s, Memory = 0.0K)
    Checking Rule W496a (Rule 143 of total 279) .... done (Time = 0.00s, Memory = 0.0K)
    Checking Rule W19 (Rule 144 of total 279) .... done (Time = 0.00s, Memory = -0.2K)
    Checking Rule W66 (Rule 145 of total 279) .... done (Time = 0.00s, Memory = 0.0K)
    Checking Rule W116 (Rule 146 of total 279) .... done (Time = 0.00s, Memory = 0.0K)
    Checking Rule W123 (Rule 147 of total 279) .... done (Time = 0.00s, Memory = 49.5K)
    Checking Rule W156 (Rule 148 of total 279) .... done (Time = 0.00s, Memory = 0.0K)
    Checking Rule W215 (Rule 149 of total 279) .... done (Time = 0.00s, Memory = -32.0K)
    Checking Rule W216 (Rule 150 of total 279) .... done (Time = 0.00s, Memory = -128.0K)
    Checking Rule W218 (Rule 151 of total 279) .... done (Time = 0.00s, Memory = 0.0K)
    Checking Rule W224 (Rule 152 of total 279) .... done (Time = 0.00s, Memory = -2.7K)
    Checking Rule W263 (Rule 153 of total 279) .... done (Time = 0.00s, Memory = 0.0K)
    Checking Rule W289 (Rule 154 of total 279) .... done (Time = 0.00s, Memory = 0.0K)
    Checking Rule W337 (Rule 155 of total 279) .... done (Time = 0.00s, Memory = 0.0K)
    Checking Rule W352 (Rule 156 of total 279) .... done (Time = 0.00s, Memory = 0.0K)
    Checking Rule W362 (Rule 157 of total 279) .... done (Time = 0.00s, Memory = 0.0K)
    Checking Rule W415a (Rule 158 of total 279) .... done (Time = 0.00s, Memory = 0.7K)
    Checking Rule W486 (Rule 159 of total 279) .... done (Time = 0.00s, Memory = 0.0K)
    Checking Rule W499 (Rule 160 of total 279) .... done (Time = 0.00s, Memory = 0.0K)
    Checking Rule W502 (Rule 161 of total 279) .... done (Time = 0.00s, Memory = 0.0K)
    Checking Rule W116 (Rule 162 of total 279) .... done (Time = 0.00s, Memory = 0.5K)
    Checking Rule W122 (Rule 163 of total 279) .... done (Time = 0.00s, Memory = 0.2K)
    Checking Rule W123 (Rule 164 of total 279) .... done (Time = 0.00s, Memory = 1.1K)
    Checking Rule W71 (Rule 165 of total 279) .... done (Time = 0.00s, Memory = 0.0K)
    Checking Rule W240 (Rule 166 of total 279) .... done (Time = 0.00s, Memory = -0.1K)
    Checking Rule W240 (Rule 167 of total 279) .... done (Time = 0.00s, Memory = 0.2K)
    Checking Rule W287a (Rule 168 of total 279) .... done (Time = 0.00s, Memory = 0.0K)
    Checking Rule W293 (Rule 169 of total 279) .... done (Time = 0.00s, Memory = 0.0K)
    Checking Rule W398 (Rule 170 of total 279) .... done (Time = 0.00s, Memory = 4.0K)
    Checking Rule W424 (Rule 171 of total 279) .... done (Time = 0.00s, Memory = 0.0K)
    Checking Rule W467 (Rule 172 of total 279) .... done (Time = 0.00s, Memory = 0.0K)
    Checking Rule W505 (Rule 173 of total 279) .... done (Time = 0.00s, Memory = 0.0K)
    Checking Rule W505 (Rule 174 of total 279) .... done (Time = 0.00s, Memory = 0.0K)
    Checking Rule W528 (Rule 175 of total 279) .... done (Time = 0.00s, Memory = 128.0K)
    Checking Rule W528 (Rule 176 of total 279) .... done (Time = 0.00s, Memory = 645.8K)
    Checking Rule Prereqs_Usage (Rule 177 of total 279) .... done (Time = 0.00s, Memory = -18.0K)
    Checking Rule Postreqs_CheckFuncTask (Rule 178 of total 279) .... done (Time = 0.00s, Memory = 0.0K)
    Checking Rule Prereqs_ConstantInput-ML (Rule 179 of total 279) .... done (Time = 0.00s, Memory = 0.0K)
    Checking Rule Prereqs_ConstantInput-ML (Rule 180 of total 279) .... done (Time = 0.00s, Memory = 0.0K)
    Checking Rule ReportPortInfo-ML (Rule 181 of total 279) .... done (Time = 0.00s, Memory = 32.4K)
    Checking Rule NoAssignX-ML (Rule 182 of total 279) .... done (Time = 0.00s, Memory = 0.0K)
    Checking Rule ParamWidthMismatch-ML (Rule 183 of total 279) .... done (Time = 0.00s, Memory = 0.0K)
    Checking Rule Postreqs_Usage_ML (Rule 184 of total 279) .... done (Time = 0.00s, Memory = -8.0K)
    Checking Rule NoXInCase-ML (Rule 185 of total 279) .... done (Time = 0.00s, Memory = 0.0K)
Checking ELABDU Rules for designUnit SYS_CTRL
    Checking Rule syncRstReq (Rule 127 of total 279) .... done (Time = 0.00s, Memory = 0.0K)
    Checking Rule syncRstReq (Rule 128 of total 279) .... done (Time = 0.00s, Memory = 0.0K)
    Checking Rule AcOvlRtl (Rule 129 of total 279) .... done (Time = 0.00s, Memory = 24.0K)
    Checking Rule AcOvlRtl (Rule 130 of total 279) .... done (Time = 0.00s, Memory = 0.0K)
    Checking Rule Prereqs_STARC-2.3.6.1 (Rule 131 of total 279) .... done (Time = 0.00s, Memory = 3.1K)
    Checking Rule GenTopLevelBlocksForAutoSoc (Rule 132 of total 279) .... done (Time = 0.00s, Memory = 0.0K)
    Checking Rule STARC05-2.1.5.3 (Rule 133 of total 279) .... done (Time = 0.00s, Memory = 0.0K)
    Checking Rule STARC05-2.2.3.3 (Rule 134 of total 279) .... done (Time = 0.00s, Memory = -1.6K)
    Checking Rule STARC05-2.3.1.6 (Rule 135 of total 279) .... done (Time = 0.00s, Memory = 0.0K)
    Checking Rule STARC05-2.10.2.3 (Rule 136 of total 279) .... done (Time = 0.00s, Memory = -35.0K)
    Checking Rule STARC05-2.10.3.2a (Rule 137 of total 279) .... done (Time = 0.00s, Memory = 0.4K)
    Checking Rule STARC05-2.11.3.1 (Rule 138 of total 279) .... done (Time = 0.00s, Memory = -9.0K)
    Checking Rule STARC05-2.1.3.1 (Rule 139 of total 279) .... done (Time = 0.00s, Memory = 6.0K)
    Checking Rule STARC05-2.10.1.4b (Rule 140 of total 279) .... done (Time = 0.00s, Memory = -0.4K)
    Checking Rule W110 (Rule 141 of total 279) .... done (Time = 0.00s, Memory = 0.0K)
    Checking Rule W122 (Rule 142 of total 279) .... done (Time = 0.00s, Memory = 2.0K)
    Checking Rule W496a (Rule 143 of total 279) .... done (Time = 0.00s, Memory = -0.6K)
    Checking Rule W19 (Rule 144 of total 279) .... done (Time = 0.00s, Memory = 0.6K)
    Checking Rule W66 (Rule 145 of total 279) .... done (Time = 0.00s, Memory = 0.0K)
    Checking Rule W116 (Rule 146 of total 279) .... done (Time = 0.00s, Memory = 0.0K)
    Checking Rule W123 (Rule 147 of total 279) .... done (Time = 0.00s, Memory = 17.9K)
    Checking Rule W156 (Rule 148 of total 279) .... done (Time = 0.00s, Memory = 0.0K)
    Checking Rule W215 (Rule 149 of total 279) .... done (Time = 0.00s, Memory = 9.6K)
    Checking Rule W216 (Rule 150 of total 279) .... done (Time = 0.00s, Memory = 4.7K)
    Checking Rule W218 (Rule 151 of total 279) .... done (Time = 0.00s, Memory = 0.2K)
    Checking Rule W224 (Rule 152 of total 279) .... done (Time = 0.00s, Memory = 0.0K)
    Checking Rule W263 (Rule 153 of total 279) .... done (Time = 0.00s, Memory = 0.1K)
    Checking Rule W289 (Rule 154 of total 279) .... done (Time = 0.00s, Memory = 0.0K)
    Checking Rule W337 (Rule 155 of total 279) .... done (Time = 0.00s, Memory = 0.0K)
    Checking Rule W352 (Rule 156 of total 279) .... done (Time = 0.00s, Memory = 0.0K)
    Checking Rule W362 (Rule 157 of total 279) .... done (Time = 0.01s, Memory = 0.2K)
    Checking Rule W415a (Rule 158 of total 279) .... done (Time = 0.00s, Memory = 27.2K)
    Checking Rule W486 (Rule 159 of total 279) .... done (Time = 0.00s, Memory = -0.9K)
    Checking Rule W499 (Rule 160 of total 279) .... done (Time = 0.00s, Memory = 8.0K)
    Checking Rule W502 (Rule 161 of total 279) .... done (Time = 0.00s, Memory = -11.1K)
    Checking Rule W116 (Rule 162 of total 279) .... done (Time = 0.00s, Memory = 0.5K)
    Checking Rule W122 (Rule 163 of total 279) .... done (Time = 0.00s, Memory = 0.2K)
    Checking Rule W123 (Rule 164 of total 279) .... done (Time = 0.00s, Memory = 1.1K)
    Checking Rule W71 (Rule 165 of total 279) .... done (Time = 0.00s, Memory = -8.8K)
    Checking Rule W240 (Rule 166 of total 279) .... done (Time = 0.00s, Memory = -2.1K)
    Checking Rule W240 (Rule 167 of total 279) .... done (Time = 0.00s, Memory = 0.2K)
    Checking Rule W287a (Rule 168 of total 279) .... done (Time = 0.00s, Memory = 0.0K)
    Checking Rule W293 (Rule 169 of total 279) .... done (Time = 0.00s, Memory = -39.0K)
    Checking Rule W398 (Rule 170 of total 279) .... done (Time = 0.00s, Memory = -1.3K)
    Checking Rule W424 (Rule 171 of total 279) .... done (Time = 0.00s, Memory = 0.0K)
    Checking Rule W467 (Rule 172 of total 279) .... done (Time = 0.00s, Memory = 0.0K)
    Checking Rule W505 (Rule 173 of total 279) .... done (Time = 0.00s, Memory = 1.8K)
    Checking Rule W505 (Rule 174 of total 279) .... done (Time = 0.00s, Memory = 0.0K)
    Checking Rule W528 (Rule 175 of total 279) .... done (Time = 0.00s, Memory = 0.0K)
    Checking Rule W528 (Rule 176 of total 279) .... done (Time = 0.00s, Memory = 645.8K)
    Checking Rule Prereqs_Usage (Rule 177 of total 279) .... done (Time = 0.00s, Memory = -10.2K)
    Checking Rule Postreqs_CheckFuncTask (Rule 178 of total 279) .... done (Time = 0.00s, Memory = 0.0K)
    Checking Rule Prereqs_ConstantInput-ML (Rule 179 of total 279) .... done (Time = 0.00s, Memory = 0.0K)
    Checking Rule Prereqs_ConstantInput-ML (Rule 180 of total 279) .... done (Time = 0.00s, Memory = 0.0K)
    Checking Rule ReportPortInfo-ML (Rule 181 of total 279) .... done (Time = 0.00s, Memory = 8.0K)
    Checking Rule NoAssignX-ML (Rule 182 of total 279) .... done (Time = 0.00s, Memory = 0.0K)
    Checking Rule ParamWidthMismatch-ML (Rule 183 of total 279) .... done (Time = 0.00s, Memory = 0.0K)
    Checking Rule Postreqs_Usage_ML (Rule 184 of total 279) .... done (Time = 0.00s, Memory = 0.0K)
    Checking Rule NoXInCase-ML (Rule 185 of total 279) .... done (Time = 0.00s, Memory = 0.0K)
Checking ELABDU Rules for designUnit Data_Synch
    Checking Rule syncRstReq (Rule 127 of total 279) .... done (Time = 0.00s, Memory = 4.7K)
    Checking Rule syncRstReq (Rule 128 of total 279) .... done (Time = 0.00s, Memory = 0.0K)
    Checking Rule AcOvlRtl (Rule 129 of total 279) .... done (Time = 0.00s, Memory = 0.0K)
    Checking Rule AcOvlRtl (Rule 130 of total 279) .... done (Time = 0.00s, Memory = 0.0K)
    Checking Rule Prereqs_STARC-2.3.6.1 (Rule 131 of total 279) .... done (Time = 0.00s, Memory = 0.0K)
    Checking Rule GenTopLevelBlocksForAutoSoc (Rule 132 of total 279) .... done (Time = 0.00s, Memory = -0.2K)
    Checking Rule STARC05-2.1.5.3 (Rule 133 of total 279) .... done (Time = 0.00s, Memory = -2.3K)
    Checking Rule STARC05-2.2.3.3 (Rule 134 of total 279) .... done (Time = 0.00s, Memory = 8.0K)
    Checking Rule STARC05-2.3.1.6 (Rule 135 of total 279) .... done (Time = 0.00s, Memory = 0.0K)
    Checking Rule STARC05-2.10.2.3 (Rule 136 of total 279) .... done (Time = 0.00s, Memory = -32.0K)
    Checking Rule STARC05-2.10.3.2a (Rule 137 of total 279) .... done (Time = 0.00s, Memory = 0.0K)
    Checking Rule STARC05-2.11.3.1 (Rule 138 of total 279) .... done (Time = 0.00s, Memory = 29.3K)
    Checking Rule STARC05-2.1.3.1 (Rule 139 of total 279) .... done (Time = 0.00s, Memory = 6.1K)
    Checking Rule STARC05-2.10.1.4b (Rule 140 of total 279) .... done (Time = 0.00s, Memory = 0.0K)
    Checking Rule W110 (Rule 141 of total 279) .... done (Time = 0.00s, Memory = -32.0K)
    Checking Rule W122 (Rule 142 of total 279) .... done (Time = 0.00s, Memory = 0.0K)
    Checking Rule W496a (Rule 143 of total 279) .... done (Time = 0.00s, Memory = -0.8K)
    Checking Rule W19 (Rule 144 of total 279) .... done (Time = 0.00s, Memory = -48.2K)
    Checking Rule W66 (Rule 145 of total 279) .... done (Time = 0.00s, Memory = 0.0K)
    Checking Rule W116 (Rule 146 of total 279) .... done (Time = 0.00s, Memory = 0.0K)
    Checking Rule W123 (Rule 147 of total 279) .... done (Time = 0.00s, Memory = 16.0K)
    Checking Rule W156 (Rule 148 of total 279) .... done (Time = 0.00s, Memory = 0.0K)
    Checking Rule W215 (Rule 149 of total 279) .... done (Time = 0.00s, Memory = 0.0K)
    Checking Rule W216 (Rule 150 of total 279) .... done (Time = 0.00s, Memory = -0.0K)
    Checking Rule W218 (Rule 151 of total 279) .... done (Time = 0.00s, Memory = 0.0K)
    Checking Rule W224 (Rule 152 of total 279) .... done (Time = 0.00s, Memory = 0.0K)
    Checking Rule W263 (Rule 153 of total 279) .... done (Time = 0.00s, Memory = 0.0K)
    Checking Rule W289 (Rule 154 of total 279) .... done (Time = 0.00s, Memory = -48.0K)
    Checking Rule W337 (Rule 155 of total 279) .... done (Time = 0.00s, Memory = 2.2K)
    Checking Rule W352 (Rule 156 of total 279) .... done (Time = 0.00s, Memory = 0.0K)
    Checking Rule W362 (Rule 157 of total 279) .... done (Time = 0.00s, Memory = -0.1K)
    Checking Rule W415a (Rule 158 of total 279) .... done (Time = 0.00s, Memory = 1.9K)
    Checking Rule W486 (Rule 159 of total 279) .... done (Time = 0.00s, Memory = 8.2K)
    Checking Rule W499 (Rule 160 of total 279) .... done (Time = 0.00s, Memory = 0.0K)
    Checking Rule W502 (Rule 161 of total 279) .... done (Time = 0.00s, Memory = 0.0K)
    Checking Rule W116 (Rule 162 of total 279) .... done (Time = 0.00s, Memory = 0.5K)
    Checking Rule W122 (Rule 163 of total 279) .... done (Time = 0.00s, Memory = 0.2K)
    Checking Rule W123 (Rule 164 of total 279) .... done (Time = 0.00s, Memory = 1.1K)
    Checking Rule W71 (Rule 165 of total 279) .... done (Time = 0.00s, Memory = -97.5K)
    Checking Rule W240 (Rule 166 of total 279) .... done (Time = 0.00s, Memory = -0.6K)
    Checking Rule W240 (Rule 167 of total 279) .... done (Time = 0.00s, Memory = 0.2K)
    Checking Rule W287a (Rule 168 of total 279) .... done (Time = 0.00s, Memory = 0.0K)
    Checking Rule W293 (Rule 169 of total 279) .... done (Time = 0.00s, Memory = 0.0K)
    Checking Rule W398 (Rule 170 of total 279) .... done (Time = 0.00s, Memory = 0.0K)
    Checking Rule W424 (Rule 171 of total 279) .... done (Time = 0.00s, Memory = 0.0K)
    Checking Rule W467 (Rule 172 of total 279) .... done (Time = 0.00s, Memory = -0.5K)
    Checking Rule W505 (Rule 173 of total 279) .... done (Time = 0.00s, Memory = 0.0K)
    Checking Rule W505 (Rule 174 of total 279) .... done (Time = 0.00s, Memory = 0.0K)
    Checking Rule W528 (Rule 175 of total 279) .... done (Time = 0.00s, Memory = 0.0K)
    Checking Rule W528 (Rule 176 of total 279) .... done (Time = 0.00s, Memory = 645.8K)
    Checking Rule Prereqs_Usage (Rule 177 of total 279) .... done (Time = 0.00s, Memory = -16.0K)
    Checking Rule Postreqs_CheckFuncTask (Rule 178 of total 279) .... done (Time = 0.00s, Memory = 0.0K)
    Checking Rule Prereqs_ConstantInput-ML (Rule 179 of total 279) .... done (Time = 0.00s, Memory = 0.0K)
    Checking Rule Prereqs_ConstantInput-ML (Rule 180 of total 279) .... done (Time = 0.00s, Memory = 0.0K)
    Checking Rule ReportPortInfo-ML (Rule 181 of total 279) .... done (Time = 0.00s, Memory = 0.0K)
    Checking Rule NoAssignX-ML (Rule 182 of total 279) .... done (Time = 0.00s, Memory = 0.0K)
    Checking Rule ParamWidthMismatch-ML (Rule 183 of total 279) .... done (Time = 0.00s, Memory = 0.0K)
    Checking Rule Postreqs_Usage_ML (Rule 184 of total 279) .... done (Time = 0.00s, Memory = 0.0K)
    Checking Rule NoXInCase-ML (Rule 185 of total 279) .... done (Time = 0.00s, Memory = 0.0K)
Checking ELABDU Rules for designUnit UART
    Checking Rule syncRstReq (Rule 127 of total 279) .... done (Time = 0.00s, Memory = 0.0K)
    Checking Rule syncRstReq (Rule 128 of total 279) .... done (Time = 0.00s, Memory = 0.0K)
    Checking Rule AcOvlRtl (Rule 129 of total 279) .... done (Time = 0.00s, Memory = -1.0K)
    Checking Rule AcOvlRtl (Rule 130 of total 279) .... done (Time = 0.00s, Memory = 0.0K)
    Checking Rule Prereqs_STARC-2.3.6.1 (Rule 131 of total 279) .... done (Time = 0.00s, Memory = -1.6K)
    Checking Rule GenTopLevelBlocksForAutoSoc (Rule 132 of total 279) .... done (Time = 0.00s, Memory = 8.0K)
    Checking Rule STARC05-2.1.5.3 (Rule 133 of total 279) .... done (Time = 0.00s, Memory = 0.0K)
    Checking Rule STARC05-2.2.3.3 (Rule 134 of total 279) .... done (Time = 0.00s, Memory = 0.0K)
    Checking Rule STARC05-2.3.1.6 (Rule 135 of total 279) .... done (Time = 0.00s, Memory = 8.0K)
    Checking Rule STARC05-2.10.2.3 (Rule 136 of total 279) .... done (Time = 0.00s, Memory = 0.0K)
    Checking Rule STARC05-2.10.3.2a (Rule 137 of total 279) .... done (Time = 0.00s, Memory = 0.0K)
    Checking Rule STARC05-2.11.3.1 (Rule 138 of total 279) .... done (Time = 0.00s, Memory = -96.0K)
    Checking Rule STARC05-2.1.3.1 (Rule 139 of total 279) .... done (Time = 0.00s, Memory = 0.0K)
    Checking Rule STARC05-2.10.1.4b (Rule 140 of total 279) .... done (Time = 0.00s, Memory = 0.0K)
    Checking Rule W110 (Rule 141 of total 279) .... done (Time = 0.00s, Memory = 0.0K)
    Checking Rule W122 (Rule 142 of total 279) .... done (Time = 0.00s, Memory = 0.0K)
    Checking Rule W496a (Rule 143 of total 279) .... done (Time = 0.00s, Memory = 35.0K)
    Checking Rule W19 (Rule 144 of total 279) .... done (Time = 0.00s, Memory = 0.0K)
    Checking Rule W66 (Rule 145 of total 279) .... done (Time = 0.00s, Memory = 0.0K)
    Checking Rule W116 (Rule 146 of total 279) .... done (Time = 0.00s, Memory = 8.0K)
    Checking Rule W123 (Rule 147 of total 279) .... done (Time = 0.00s, Memory = -16.0K)
    Checking Rule W156 (Rule 148 of total 279) .... done (Time = 0.00s, Memory = -1.2K)
    Checking Rule W215 (Rule 149 of total 279) .... done (Time = 0.00s, Memory = 0.0K)
    Checking Rule W216 (Rule 150 of total 279) .... done (Time = 0.00s, Memory = 0.0K)
    Checking Rule W218 (Rule 151 of total 279) .... done (Time = 0.00s, Memory = 0.0K)
    Checking Rule W224 (Rule 152 of total 279) .... done (Time = 0.00s, Memory = 0.0K)
    Checking Rule W263 (Rule 153 of total 279) .... done (Time = 0.00s, Memory = 0.0K)
    Checking Rule W289 (Rule 154 of total 279) .... done (Time = 0.00s, Memory = 0.0K)
    Checking Rule W337 (Rule 155 of total 279) .... done (Time = 0.00s, Memory = 0.0K)
    Checking Rule W352 (Rule 156 of total 279) .... done (Time = 0.00s, Memory = 0.0K)
    Checking Rule W362 (Rule 157 of total 279) .... done (Time = 0.00s, Memory = 0.0K)
    Checking Rule W415a (Rule 158 of total 279) .... done (Time = 0.00s, Memory = 2.7K)
    Checking Rule W486 (Rule 159 of total 279) .... done (Time = 0.00s, Memory = 0.0K)
    Checking Rule W499 (Rule 160 of total 279) .... done (Time = 0.00s, Memory = 0.0K)
    Checking Rule W502 (Rule 161 of total 279) .... done (Time = 0.00s, Memory = 0.0K)
    Checking Rule W116 (Rule 162 of total 279) .... done (Time = 0.00s, Memory = 0.5K)
    Checking Rule W122 (Rule 163 of total 279) .... done (Time = 0.00s, Memory = 0.2K)
    Checking Rule W123 (Rule 164 of total 279) .... done (Time = 0.00s, Memory = 1.1K)
    Checking Rule W71 (Rule 165 of total 279) .... done (Time = 0.00s, Memory = 0.0K)
    Checking Rule W240 (Rule 166 of total 279) .... done (Time = 0.00s, Memory = 0.0K)
    Checking Rule W240 (Rule 167 of total 279) .... done (Time = 0.00s, Memory = 0.2K)
    Checking Rule W287a (Rule 168 of total 279) .... done (Time = 0.00s, Memory = 0.0K)
    Checking Rule W293 (Rule 169 of total 279) .... done (Time = 0.00s, Memory = 0.0K)
    Checking Rule W398 (Rule 170 of total 279) .... done (Time = 0.00s, Memory = 0.0K)
    Checking Rule W424 (Rule 171 of total 279) .... done (Time = 0.00s, Memory = 28.0K)
    Checking Rule W467 (Rule 172 of total 279) .... done (Time = 0.00s, Memory = -0.4K)
    Checking Rule W505 (Rule 173 of total 279) .... done (Time = 0.00s, Memory = 0.0K)
    Checking Rule W505 (Rule 174 of total 279) .... done (Time = 0.00s, Memory = 0.0K)
    Checking Rule W528 (Rule 175 of total 279) .... done (Time = 0.00s, Memory = 0.0K)
    Checking Rule W528 (Rule 176 of total 279) .... done (Time = 0.00s, Memory = 645.8K)
    Checking Rule Prereqs_Usage (Rule 177 of total 279) .... done (Time = 0.00s, Memory = -38.4K)
    Checking Rule Postreqs_CheckFuncTask (Rule 178 of total 279) .... done (Time = 0.00s, Memory = -0.6K)
    Checking Rule Prereqs_ConstantInput-ML (Rule 179 of total 279) .... done (Time = 0.00s, Memory = 0.0K)
    Checking Rule Prereqs_ConstantInput-ML (Rule 180 of total 279) .... done (Time = 0.00s, Memory = 0.0K)
    Checking Rule ReportPortInfo-ML (Rule 181 of total 279) .... done (Time = 0.00s, Memory = 0.0K)
    Checking Rule NoAssignX-ML (Rule 182 of total 279) .... done (Time = 0.00s, Memory = 0.0K)
    Checking Rule ParamWidthMismatch-ML (Rule 183 of total 279) .... done (Time = 0.00s, Memory = 0.0K)
    Checking Rule Postreqs_Usage_ML (Rule 184 of total 279) .... done (Time = 0.00s, Memory = 0.0K)
    Checking Rule NoXInCase-ML (Rule 185 of total 279) .... done (Time = 0.00s, Memory = 0.0K)
Checking ELABDU Rules for designUnit TX_TOP
    Checking Rule syncRstReq (Rule 127 of total 279) .... done (Time = 0.00s, Memory = -0.7K)
    Checking Rule syncRstReq (Rule 128 of total 279) .... done (Time = 0.00s, Memory = 0.0K)
    Checking Rule AcOvlRtl (Rule 129 of total 279) .... done (Time = 0.00s, Memory = 0.0K)
    Checking Rule AcOvlRtl (Rule 130 of total 279) .... done (Time = 0.00s, Memory = 0.0K)
    Checking Rule Prereqs_STARC-2.3.6.1 (Rule 131 of total 279) .... done (Time = 0.00s, Memory = 0.0K)
    Checking Rule GenTopLevelBlocksForAutoSoc (Rule 132 of total 279) .... done (Time = 0.00s, Memory = -0.4K)
    Checking Rule STARC05-2.1.5.3 (Rule 133 of total 279) .... done (Time = 0.00s, Memory = 0.0K)
    Checking Rule STARC05-2.2.3.3 (Rule 134 of total 279) .... done (Time = 0.00s, Memory = 0.0K)
    Checking Rule STARC05-2.3.1.6 (Rule 135 of total 279) .... done (Time = 0.00s, Memory = 0.0K)
    Checking Rule STARC05-2.10.2.3 (Rule 136 of total 279) .... done (Time = 0.00s, Memory = 0.4K)
    Checking Rule STARC05-2.10.3.2a (Rule 137 of total 279) .... done (Time = 0.00s, Memory = 8.7K)
    Checking Rule STARC05-2.11.3.1 (Rule 138 of total 279) .... done (Time = 0.00s, Memory = 64.0K)
    Checking Rule STARC05-2.1.3.1 (Rule 139 of total 279) .... done (Time = 0.00s, Memory = 0.0K)
    Checking Rule STARC05-2.10.1.4b (Rule 140 of total 279) .... done (Time = 0.00s, Memory = -0.2K)
    Checking Rule W110 (Rule 141 of total 279) .... done (Time = 0.00s, Memory = 7.3K)
    Checking Rule W122 (Rule 142 of total 279) .... done (Time = 0.00s, Memory = 0.0K)
    Checking Rule W496a (Rule 143 of total 279) .... done (Time = 0.00s, Memory = -3.9K)
    Checking Rule W19 (Rule 144 of total 279) .... done (Time = 0.00s, Memory = 0.0K)
    Checking Rule W66 (Rule 145 of total 279) .... done (Time = 0.00s, Memory = 0.0K)
    Checking Rule W116 (Rule 146 of total 279) .... done (Time = 0.00s, Memory = -32.0K)
    Checking Rule W123 (Rule 147 of total 279) .... done (Time = 0.00s, Memory = 11.8K)
    Checking Rule W156 (Rule 148 of total 279) .... done (Time = 0.00s, Memory = 0.0K)
    Checking Rule W215 (Rule 149 of total 279) .... done (Time = 0.00s, Memory = 0.0K)
    Checking Rule W216 (Rule 150 of total 279) .... done (Time = 0.00s, Memory = 0.0K)
    Checking Rule W218 (Rule 151 of total 279) .... done (Time = 0.00s, Memory = 0.0K)
    Checking Rule W224 (Rule 152 of total 279) .... done (Time = 0.00s, Memory = 0.0K)
    Checking Rule W263 (Rule 153 of total 279) .... done (Time = 0.00s, Memory = 0.0K)
    Checking Rule W289 (Rule 154 of total 279) .... done (Time = 0.00s, Memory = 0.0K)
    Checking Rule W337 (Rule 155 of total 279) .... done (Time = 0.00s, Memory = 0.0K)
    Checking Rule W352 (Rule 156 of total 279) .... done (Time = 0.00s, Memory = 0.0K)
    Checking Rule W362 (Rule 157 of total 279) .... done (Time = 0.00s, Memory = 0.0K)
    Checking Rule W415a (Rule 158 of total 279) .... done (Time = 0.00s, Memory = 0.0K)
    Checking Rule W486 (Rule 159 of total 279) .... done (Time = 0.00s, Memory = 0.0K)
    Checking Rule W499 (Rule 160 of total 279) .... done (Time = 0.00s, Memory = 0.1K)
    Checking Rule W502 (Rule 161 of total 279) .... done (Time = 0.00s, Memory = 0.0K)
    Checking Rule W116 (Rule 162 of total 279) .... done (Time = 0.00s, Memory = 0.5K)
    Checking Rule W122 (Rule 163 of total 279) .... done (Time = 0.00s, Memory = 0.2K)
    Checking Rule W123 (Rule 164 of total 279) .... done (Time = 0.00s, Memory = 1.1K)
    Checking Rule W71 (Rule 165 of total 279) .... done (Time = 0.00s, Memory = 0.0K)
    Checking Rule W240 (Rule 166 of total 279) .... done (Time = 0.00s, Memory = -3.0K)
    Checking Rule W240 (Rule 167 of total 279) .... done (Time = 0.00s, Memory = 0.2K)
    Checking Rule W287a (Rule 168 of total 279) .... done (Time = 0.00s, Memory = 0.0K)
    Checking Rule W293 (Rule 169 of total 279) .... done (Time = 0.00s, Memory = 0.0K)
    Checking Rule W398 (Rule 170 of total 279) .... done (Time = 0.00s, Memory = 0.0K)
    Checking Rule W424 (Rule 171 of total 279) .... done (Time = 0.00s, Memory = -20.0K)
    Checking Rule W467 (Rule 172 of total 279) .... done (Time = 0.00s, Memory = 0.0K)
    Checking Rule W505 (Rule 173 of total 279) .... done (Time = 0.00s, Memory = 0.0K)
    Checking Rule W505 (Rule 174 of total 279) .... done (Time = 0.00s, Memory = 0.0K)
    Checking Rule W528 (Rule 175 of total 279) .... done (Time = 0.00s, Memory = 0.1K)
    Checking Rule W528 (Rule 176 of total 279) .... done (Time = 0.00s, Memory = 645.8K)
    Checking Rule Prereqs_Usage (Rule 177 of total 279) .... done (Time = 0.00s, Memory = -17.3K)
    Checking Rule Postreqs_CheckFuncTask (Rule 178 of total 279) .... done (Time = 0.00s, Memory = 11.8K)
    Checking Rule Prereqs_ConstantInput-ML (Rule 179 of total 279) .... done (Time = 0.00s, Memory = 0.0K)
    Checking Rule Prereqs_ConstantInput-ML (Rule 180 of total 279) .... done (Time = 0.00s, Memory = 0.0K)
    Checking Rule ReportPortInfo-ML (Rule 181 of total 279) .... done (Time = 0.00s, Memory = 0.0K)
    Checking Rule NoAssignX-ML (Rule 182 of total 279) .... done (Time = 0.00s, Memory = 0.0K)
    Checking Rule ParamWidthMismatch-ML (Rule 183 of total 279) .... done (Time = 0.00s, Memory = -2.9K)
    Checking Rule Postreqs_Usage_ML (Rule 184 of total 279) .... done (Time = 0.00s, Memory = 0.0K)
    Checking Rule NoXInCase-ML (Rule 185 of total 279) .... done (Time = 0.00s, Memory = 0.0K)
Checking ELABDU Rules for designUnit serializer
    Checking Rule syncRstReq (Rule 127 of total 279) .... done (Time = 0.00s, Memory = -0.7K)
    Checking Rule syncRstReq (Rule 128 of total 279) .... done (Time = 0.00s, Memory = 0.0K)
    Checking Rule AcOvlRtl (Rule 129 of total 279) .... done (Time = 0.00s, Memory = 8.0K)
    Checking Rule AcOvlRtl (Rule 130 of total 279) .... done (Time = 0.00s, Memory = 0.0K)
    Checking Rule Prereqs_STARC-2.3.6.1 (Rule 131 of total 279) .... done (Time = 0.00s, Memory = 0.0K)
    Checking Rule GenTopLevelBlocksForAutoSoc (Rule 132 of total 279) .... done (Time = 0.00s, Memory = 0.0K)
    Checking Rule STARC05-2.1.5.3 (Rule 133 of total 279) .... done (Time = 0.00s, Memory = 0.0K)
    Checking Rule STARC05-2.2.3.3 (Rule 134 of total 279) .... done (Time = 0.00s, Memory = 3.9K)
    Checking Rule STARC05-2.3.1.6 (Rule 135 of total 279) .... done (Time = 0.00s, Memory = 0.0K)
    Checking Rule STARC05-2.10.2.3 (Rule 136 of total 279) .... done (Time = 0.00s, Memory = 0.0K)
    Checking Rule STARC05-2.10.3.2a (Rule 137 of total 279) .... done (Time = 0.00s, Memory = 0.1K)
    Checking Rule STARC05-2.11.3.1 (Rule 138 of total 279) .... done (Time = 0.00s, Memory = -0.0K)
    Checking Rule STARC05-2.1.3.1 (Rule 139 of total 279) .... done (Time = 0.00s, Memory = 16.5K)
    Checking Rule STARC05-2.10.1.4b (Rule 140 of total 279) .... done (Time = 0.00s, Memory = 0.0K)
    Checking Rule W110 (Rule 141 of total 279) .... done (Time = 0.00s, Memory = 0.0K)
    Checking Rule W122 (Rule 142 of total 279) .... done (Time = 0.00s, Memory = -0.0K)
    Checking Rule W496a (Rule 143 of total 279) .... done (Time = 0.00s, Memory = -0.5K)
    Checking Rule W19 (Rule 144 of total 279) .... done (Time = 0.00s, Memory = 24.0K)
    Checking Rule W66 (Rule 145 of total 279) .... done (Time = 0.00s, Memory = -4.0K)
    Checking Rule W116 (Rule 146 of total 279) .... done (Time = 0.00s, Memory = -8.0K)
    Checking Rule W123 (Rule 147 of total 279) .... done (Time = 0.00s, Memory = 24.0K)
    Checking Rule W156 (Rule 148 of total 279) .... done (Time = 0.00s, Memory = 8.0K)
    Checking Rule W215 (Rule 149 of total 279) .... done (Time = 0.00s, Memory = 0.0K)
    Checking Rule W216 (Rule 150 of total 279) .... done (Time = 0.00s, Memory = 0.0K)
    Checking Rule W218 (Rule 151 of total 279) .... done (Time = 0.00s, Memory = 0.0K)
    Checking Rule W224 (Rule 152 of total 279) .... done (Time = 0.00s, Memory = 0.0K)
    Checking Rule W263 (Rule 153 of total 279) .... done (Time = 0.00s, Memory = 0.0K)
    Checking Rule W289 (Rule 154 of total 279) .... done (Time = 0.00s, Memory = 0.0K)
    Checking Rule W337 (Rule 155 of total 279) .... done (Time = 0.00s, Memory = 0.0K)
    Checking Rule W352 (Rule 156 of total 279) .... done (Time = 0.00s, Memory = 0.0K)
    Checking Rule W362 (Rule 157 of total 279) .... done (Time = 0.00s, Memory = 0.2K)
    Checking Rule W415a (Rule 158 of total 279) .... done (Time = 0.00s, Memory = -0.9K)
    Checking Rule W486 (Rule 159 of total 279) .... done (Time = 0.00s, Memory = 0.0K)
    Checking Rule W499 (Rule 160 of total 279) .... done (Time = 0.00s, Memory = 0.0K)
    Checking Rule W502 (Rule 161 of total 279) .... done (Time = 0.00s, Memory = 0.0K)
    Checking Rule W116 (Rule 162 of total 279) .... done (Time = 0.00s, Memory = 0.5K)
    Checking Rule W122 (Rule 163 of total 279) .... done (Time = 0.00s, Memory = 0.2K)
    Checking Rule W123 (Rule 164 of total 279) .... done (Time = 0.00s, Memory = 1.1K)
    Checking Rule W71 (Rule 165 of total 279) .... done (Time = 0.00s, Memory = 0.0K)
    Checking Rule W240 (Rule 166 of total 279) .... done (Time = 0.00s, Memory = 0.0K)
    Checking Rule W240 (Rule 167 of total 279) .... done (Time = 0.00s, Memory = 0.2K)
    Checking Rule W287a (Rule 168 of total 279) .... done (Time = 0.00s, Memory = 0.0K)
    Checking Rule W293 (Rule 169 of total 279) .... done (Time = 0.00s, Memory = 0.0K)
    Checking Rule W398 (Rule 170 of total 279) .... done (Time = 0.00s, Memory = 29.6K)
    Checking Rule W424 (Rule 171 of total 279) .... done (Time = 0.00s, Memory = 4.7K)
    Checking Rule W467 (Rule 172 of total 279) .... done (Time = 0.00s, Memory = 0.0K)
    Checking Rule W505 (Rule 173 of total 279) .... done (Time = 0.00s, Memory = 0.8K)
    Checking Rule W505 (Rule 174 of total 279) .... done (Time = 0.00s, Memory = 0.0K)
    Checking Rule W528 (Rule 175 of total 279) .... done (Time = 0.00s, Memory = -24.0K)
    Checking Rule W528 (Rule 176 of total 279) .... done (Time = 0.00s, Memory = 645.8K)
    Checking Rule Prereqs_Usage (Rule 177 of total 279) .... done (Time = 0.00s, Memory = -16.0K)
    Checking Rule Postreqs_CheckFuncTask (Rule 178 of total 279) .... done (Time = 0.00s, Memory = 15.5K)
    Checking Rule Prereqs_ConstantInput-ML (Rule 179 of total 279) .... done (Time = 0.00s, Memory = 0.9K)
    Checking Rule Prereqs_ConstantInput-ML (Rule 180 of total 279) .... done (Time = 0.00s, Memory = 0.0K)
    Checking Rule ReportPortInfo-ML (Rule 181 of total 279) .... done (Time = 0.00s, Memory = 4.5K)
    Checking Rule NoAssignX-ML (Rule 182 of total 279) .... done (Time = 0.00s, Memory = 0.0K)
    Checking Rule ParamWidthMismatch-ML (Rule 183 of total 279) .... done (Time = 0.00s, Memory = 0.0K)
    Checking Rule Postreqs_Usage_ML (Rule 184 of total 279) .... done (Time = 0.00s, Memory = 0.0K)
    Checking Rule NoXInCase-ML (Rule 185 of total 279) .... done (Time = 0.00s, Memory = 0.0K)
Checking ELABDU Rules for designUnit TX_FSM
    Checking Rule syncRstReq (Rule 127 of total 279) .... done (Time = 0.00s, Memory = 0.0K)
    Checking Rule syncRstReq (Rule 128 of total 279) .... done (Time = 0.00s, Memory = 0.0K)
    Checking Rule AcOvlRtl (Rule 129 of total 279) .... done (Time = 0.00s, Memory = 0.0K)
    Checking Rule AcOvlRtl (Rule 130 of total 279) .... done (Time = 0.00s, Memory = 0.0K)
    Checking Rule Prereqs_STARC-2.3.6.1 (Rule 131 of total 279) .... done (Time = 0.00s, Memory = 0.0K)
    Checking Rule GenTopLevelBlocksForAutoSoc (Rule 132 of total 279) .... done (Time = 0.00s, Memory = 0.0K)
    Checking Rule STARC05-2.1.5.3 (Rule 133 of total 279) .... done (Time = 0.00s, Memory = 0.0K)
    Checking Rule STARC05-2.2.3.3 (Rule 134 of total 279) .... done (Time = 0.00s, Memory = -2.1K)
    Checking Rule STARC05-2.3.1.6 (Rule 135 of total 279) .... done (Time = 0.00s, Memory = 0.0K)
    Checking Rule STARC05-2.10.2.3 (Rule 136 of total 279) .... done (Time = 0.00s, Memory = 24.0K)
    Checking Rule STARC05-2.10.3.2a (Rule 137 of total 279) .... done (Time = 0.00s, Memory = 0.0K)
    Checking Rule STARC05-2.11.3.1 (Rule 138 of total 279) .... done (Time = 0.00s, Memory = 0.0K)
    Checking Rule STARC05-2.1.3.1 (Rule 139 of total 279) .... done (Time = 0.00s, Memory = -8.0K)
    Checking Rule STARC05-2.10.1.4b (Rule 140 of total 279) .... done (Time = 0.00s, Memory = -32.0K)
    Checking Rule W110 (Rule 141 of total 279) .... done (Time = 0.00s, Memory = -1.0K)
    Checking Rule W122 (Rule 142 of total 279) .... done (Time = 0.00s, Memory = 0.0K)
    Checking Rule W496a (Rule 143 of total 279) .... done (Time = 0.00s, Memory = 0.0K)
    Checking Rule W19 (Rule 144 of total 279) .... done (Time = 0.00s, Memory = 0.2K)
    Checking Rule W66 (Rule 145 of total 279) .... done (Time = 0.00s, Memory = 0.0K)
    Checking Rule W116 (Rule 146 of total 279) .... done (Time = 0.00s, Memory = 0.0K)
    Checking Rule W123 (Rule 147 of total 279) .... done (Time = 0.00s, Memory = 16.0K)
    Checking Rule W156 (Rule 148 of total 279) .... done (Time = 0.00s, Memory = 0.0K)
    Checking Rule W215 (Rule 149 of total 279) .... done (Time = 0.00s, Memory = 0.0K)
    Checking Rule W216 (Rule 150 of total 279) .... done (Time = 0.00s, Memory = -0.1K)
    Checking Rule W218 (Rule 151 of total 279) .... done (Time = 0.00s, Memory = 0.0K)
    Checking Rule W224 (Rule 152 of total 279) .... done (Time = 0.00s, Memory = 0.0K)
    Checking Rule W263 (Rule 153 of total 279) .... done (Time = 0.00s, Memory = 0.0K)
    Checking Rule W289 (Rule 154 of total 279) .... done (Time = 0.00s, Memory = 8.0K)
    Checking Rule W337 (Rule 155 of total 279) .... done (Time = 0.00s, Memory = 4.0K)
    Checking Rule W352 (Rule 156 of total 279) .... done (Time = 0.00s, Memory = 0.0K)
    Checking Rule W362 (Rule 157 of total 279) .... done (Time = 0.00s, Memory = -23.9K)
    Checking Rule W415a (Rule 158 of total 279) .... done (Time = 0.00s, Memory = -4.5K)
    Checking Rule W486 (Rule 159 of total 279) .... done (Time = 0.00s, Memory = 4.7K)
    Checking Rule W499 (Rule 160 of total 279) .... done (Time = 0.00s, Memory = 0.0K)
    Checking Rule W502 (Rule 161 of total 279) .... done (Time = 0.00s, Memory = 0.9K)
    Checking Rule W116 (Rule 162 of total 279) .... done (Time = 0.00s, Memory = 0.5K)
    Checking Rule W122 (Rule 163 of total 279) .... done (Time = 0.00s, Memory = 0.2K)
    Checking Rule W123 (Rule 164 of total 279) .... done (Time = 0.00s, Memory = 1.1K)
    Checking Rule W71 (Rule 165 of total 279) .... done (Time = 0.00s, Memory = 0.2K)
    Checking Rule W240 (Rule 166 of total 279) .... done (Time = 0.00s, Memory = 0.0K)
    Checking Rule W240 (Rule 167 of total 279) .... done (Time = 0.00s, Memory = 0.2K)
    Checking Rule W287a (Rule 168 of total 279) .... done (Time = 0.00s, Memory = 0.0K)
    Checking Rule W293 (Rule 169 of total 279) .... done (Time = 0.00s, Memory = 0.0K)
    Checking Rule W398 (Rule 170 of total 279) .... done (Time = 0.00s, Memory = 26.4K)
    Checking Rule W424 (Rule 171 of total 279) .... done (Time = 0.00s, Memory = 0.0K)
    Checking Rule W467 (Rule 172 of total 279) .... done (Time = 0.00s, Memory = 0.1K)
    Checking Rule W505 (Rule 173 of total 279) .... done (Time = 0.00s, Memory = -24.0K)
    Checking Rule W505 (Rule 174 of total 279) .... done (Time = 0.00s, Memory = 0.0K)
    Checking Rule W528 (Rule 175 of total 279) .... done (Time = 0.00s, Memory = 0.0K)
    Checking Rule W528 (Rule 176 of total 279) .... done (Time = 0.00s, Memory = 645.8K)
    Checking Rule Prereqs_Usage (Rule 177 of total 279) .... done (Time = 0.00s, Memory = -15.2K)
    Checking Rule Postreqs_CheckFuncTask (Rule 178 of total 279) .... done (Time = 0.00s, Memory = 0.0K)
    Checking Rule Prereqs_ConstantInput-ML (Rule 179 of total 279) .... done (Time = 0.00s, Memory = 0.0K)
    Checking Rule Prereqs_ConstantInput-ML (Rule 180 of total 279) .... done (Time = 0.00s, Memory = 0.0K)
    Checking Rule ReportPortInfo-ML (Rule 181 of total 279) .... done (Time = 0.00s, Memory = 0.0K)
    Checking Rule NoAssignX-ML (Rule 182 of total 279) .... done (Time = 0.00s, Memory = 0.0K)
    Checking Rule ParamWidthMismatch-ML (Rule 183 of total 279) .... done (Time = 0.00s, Memory = 0.0K)
    Checking Rule Postreqs_Usage_ML (Rule 184 of total 279) .... done (Time = 0.00s, Memory = 0.0K)
    Checking Rule NoXInCase-ML (Rule 185 of total 279) .... done (Time = 0.00s, Memory = 0.0K)
Checking ELABDU Rules for designUnit parity
    Checking Rule syncRstReq (Rule 127 of total 279) .... done (Time = 0.00s, Memory = 0.0K)
    Checking Rule syncRstReq (Rule 128 of total 279) .... done (Time = 0.00s, Memory = 0.0K)
    Checking Rule AcOvlRtl (Rule 129 of total 279) .... done (Time = 0.00s, Memory = 0.0K)
    Checking Rule AcOvlRtl (Rule 130 of total 279) .... done (Time = 0.00s, Memory = 0.0K)
    Checking Rule Prereqs_STARC-2.3.6.1 (Rule 131 of total 279) .... done (Time = 0.00s, Memory = 3.1K)
    Checking Rule GenTopLevelBlocksForAutoSoc (Rule 132 of total 279) .... done (Time = 0.00s, Memory = 3.4K)
    Checking Rule STARC05-2.1.5.3 (Rule 133 of total 279) .... done (Time = 0.00s, Memory = 0.0K)
    Checking Rule STARC05-2.2.3.3 (Rule 134 of total 279) .... done (Time = 0.00s, Memory = 1.6K)
    Checking Rule STARC05-2.3.1.6 (Rule 135 of total 279) .... done (Time = 0.00s, Memory = -8.0K)
    Checking Rule STARC05-2.10.2.3 (Rule 136 of total 279) .... done (Time = 0.00s, Memory = -32.0K)
    Checking Rule STARC05-2.10.3.2a (Rule 137 of total 279) .... done (Time = 0.00s, Memory = 0.0K)
    Checking Rule STARC05-2.11.3.1 (Rule 138 of total 279) .... done (Time = 0.00s, Memory = 0.0K)
    Checking Rule STARC05-2.1.3.1 (Rule 139 of total 279) .... done (Time = 0.00s, Memory = 6.0K)
    Checking Rule STARC05-2.10.1.4b (Rule 140 of total 279) .... done (Time = 0.00s, Memory = 0.0K)
    Checking Rule W110 (Rule 141 of total 279) .... done (Time = 0.00s, Memory = 0.0K)
    Checking Rule W122 (Rule 142 of total 279) .... done (Time = 0.00s, Memory = 0.0K)
    Checking Rule W496a (Rule 143 of total 279) .... done (Time = 0.00s, Memory = -3.5K)
    Checking Rule W19 (Rule 144 of total 279) .... done (Time = 0.00s, Memory = 0.0K)
    Checking Rule W66 (Rule 145 of total 279) .... done (Time = 0.00s, Memory = 0.0K)
    Checking Rule W116 (Rule 146 of total 279) .... done (Time = 0.00s, Memory = -2.4K)
    Checking Rule W123 (Rule 147 of total 279) .... done (Time = 0.00s, Memory = 16.0K)
    Checking Rule W156 (Rule 148 of total 279) .... done (Time = 0.00s, Memory = -3.0K)
    Checking Rule W215 (Rule 149 of total 279) .... done (Time = 0.00s, Memory = 0.0K)
    Checking Rule W216 (Rule 150 of total 279) .... done (Time = 0.00s, Memory = 11.8K)
    Checking Rule W218 (Rule 151 of total 279) .... done (Time = 0.00s, Memory = 0.0K)
    Checking Rule W224 (Rule 152 of total 279) .... done (Time = 0.00s, Memory = 0.0K)
    Checking Rule W263 (Rule 153 of total 279) .... done (Time = 0.00s, Memory = -0.4K)
    Checking Rule W289 (Rule 154 of total 279) .... done (Time = 0.00s, Memory = 0.0K)
    Checking Rule W337 (Rule 155 of total 279) .... done (Time = 0.00s, Memory = 0.0K)
    Checking Rule W352 (Rule 156 of total 279) .... done (Time = 0.00s, Memory = 0.0K)
    Checking Rule W362 (Rule 157 of total 279) .... done (Time = 0.00s, Memory = 0.0K)
    Checking Rule W415a (Rule 158 of total 279) .... done (Time = 0.00s, Memory = 0.0K)
    Checking Rule W486 (Rule 159 of total 279) .... done (Time = 0.00s, Memory = 0.0K)
    Checking Rule W499 (Rule 160 of total 279) .... done (Time = 0.00s, Memory = 0.0K)
    Checking Rule W502 (Rule 161 of total 279) .... done (Time = 0.00s, Memory = -0.3K)
    Checking Rule W116 (Rule 162 of total 279) .... done (Time = 0.00s, Memory = 0.5K)
    Checking Rule W122 (Rule 163 of total 279) .... done (Time = 0.00s, Memory = 0.2K)
    Checking Rule W123 (Rule 164 of total 279) .... done (Time = 0.00s, Memory = 1.1K)
    Checking Rule W71 (Rule 165 of total 279) .... done (Time = 0.00s, Memory = -0.4K)
    Checking Rule W240 (Rule 166 of total 279) .... done (Time = 0.00s, Memory = 24.0K)
    Checking Rule W240 (Rule 167 of total 279) .... done (Time = 0.00s, Memory = 0.2K)
    Checking Rule W287a (Rule 168 of total 279) .... done (Time = 0.00s, Memory = 0.0K)
    Checking Rule W293 (Rule 169 of total 279) .... done (Time = 0.00s, Memory = 0.0K)
    Checking Rule W398 (Rule 170 of total 279) .... done (Time = 0.00s, Memory = 0.0K)
    Checking Rule W424 (Rule 171 of total 279) .... done (Time = 0.00s, Memory = 0.0K)
    Checking Rule W467 (Rule 172 of total 279) .... done (Time = 0.00s, Memory = 11.0K)
    Checking Rule W505 (Rule 173 of total 279) .... done (Time = 0.00s, Memory = 0.0K)
    Checking Rule W505 (Rule 174 of total 279) .... done (Time = 0.00s, Memory = 0.0K)
    Checking Rule W528 (Rule 175 of total 279) .... done (Time = 0.00s, Memory = 0.0K)
    Checking Rule W528 (Rule 176 of total 279) .... done (Time = 0.00s, Memory = 645.8K)
    Checking Rule Prereqs_Usage (Rule 177 of total 279) .... done (Time = 0.00s, Memory = -15.6K)
    Checking Rule Postreqs_CheckFuncTask (Rule 178 of total 279) .... done (Time = 0.00s, Memory = 0.0K)
    Checking Rule Prereqs_ConstantInput-ML (Rule 179 of total 279) .... done (Time = 0.00s, Memory = 0.0K)
    Checking Rule Prereqs_ConstantInput-ML (Rule 180 of total 279) .... done (Time = 0.00s, Memory = 0.0K)
    Checking Rule ReportPortInfo-ML (Rule 181 of total 279) .... done (Time = 0.00s, Memory = 8.0K)
    Checking Rule NoAssignX-ML (Rule 182 of total 279) .... done (Time = 0.00s, Memory = 0.0K)
    Checking Rule ParamWidthMismatch-ML (Rule 183 of total 279) .... done (Time = 0.00s, Memory = 0.0K)
    Checking Rule Postreqs_Usage_ML (Rule 184 of total 279) .... done (Time = 0.00s, Memory = 0.0K)
    Checking Rule NoXInCase-ML (Rule 185 of total 279) .... done (Time = 0.00s, Memory = 0.0K)
Checking ELABDU Rules for designUnit MUX
    Checking Rule syncRstReq (Rule 127 of total 279) .... done (Time = 0.00s, Memory = 24.0K)
    Checking Rule syncRstReq (Rule 128 of total 279) .... done (Time = 0.00s, Memory = 0.0K)
    Checking Rule AcOvlRtl (Rule 129 of total 279) .... done (Time = 0.00s, Memory = 0.0K)
    Checking Rule AcOvlRtl (Rule 130 of total 279) .... done (Time = 0.00s, Memory = 0.0K)
    Checking Rule Prereqs_STARC-2.3.6.1 (Rule 131 of total 279) .... done (Time = 0.00s, Memory = 0.0K)
    Checking Rule GenTopLevelBlocksForAutoSoc (Rule 132 of total 279) .... done (Time = 0.00s, Memory = 3.0K)
    Checking Rule STARC05-2.1.5.3 (Rule 133 of total 279) .... done (Time = 0.00s, Memory = -0.1K)
    Checking Rule STARC05-2.2.3.3 (Rule 134 of total 279) .... done (Time = 0.00s, Memory = 3.9K)
    Checking Rule STARC05-2.3.1.6 (Rule 135 of total 279) .... done (Time = 0.00s, Memory = 24.0K)
    Checking Rule STARC05-2.10.2.3 (Rule 136 of total 279) .... done (Time = 0.00s, Memory = 0.0K)
    Checking Rule STARC05-2.10.3.2a (Rule 137 of total 279) .... done (Time = 0.00s, Memory = 0.0K)
    Checking Rule STARC05-2.11.3.1 (Rule 138 of total 279) .... done (Time = 0.00s, Memory = 0.0K)
    Checking Rule STARC05-2.1.3.1 (Rule 139 of total 279) .... done (Time = 0.00s, Memory = 0.0K)
    Checking Rule STARC05-2.10.1.4b (Rule 140 of total 279) .... done (Time = 0.00s, Memory = 0.0K)
    Checking Rule W110 (Rule 141 of total 279) .... done (Time = 0.00s, Memory = 0.0K)
    Checking Rule W122 (Rule 142 of total 279) .... done (Time = 0.00s, Memory = 0.0K)
    Checking Rule W496a (Rule 143 of total 279) .... done (Time = 0.00s, Memory = -4.5K)
    Checking Rule W19 (Rule 144 of total 279) .... done (Time = 0.00s, Memory = 0.0K)
    Checking Rule W66 (Rule 145 of total 279) .... done (Time = 0.00s, Memory = 0.0K)
    Checking Rule W116 (Rule 146 of total 279) .... done (Time = 0.00s, Memory = -0.9K)
    Checking Rule W123 (Rule 147 of total 279) .... done (Time = 0.00s, Memory = 48.0K)
    Checking Rule W156 (Rule 148 of total 279) .... done (Time = 0.00s, Memory = 4.0K)
    Checking Rule W215 (Rule 149 of total 279) .... done (Time = 0.00s, Memory = 0.0K)
    Checking Rule W216 (Rule 150 of total 279) .... done (Time = 0.00s, Memory = 0.0K)
    Checking Rule W218 (Rule 151 of total 279) .... done (Time = 0.00s, Memory = 1.5K)
    Checking Rule W224 (Rule 152 of total 279) .... done (Time = 0.00s, Memory = -7.0K)
    Checking Rule W263 (Rule 153 of total 279) .... done (Time = 0.00s, Memory = 27.6K)
    Checking Rule W289 (Rule 154 of total 279) .... done (Time = 0.00s, Memory = -1.1K)
    Checking Rule W337 (Rule 155 of total 279) .... done (Time = 0.00s, Memory = 0.0K)
    Checking Rule W352 (Rule 156 of total 279) .... done (Time = 0.00s, Memory = -32.0K)
    Checking Rule W362 (Rule 157 of total 279) .... done (Time = 0.00s, Memory = 0.0K)
    Checking Rule W415a (Rule 158 of total 279) .... done (Time = 0.00s, Memory = -0.5K)
    Checking Rule W486 (Rule 159 of total 279) .... done (Time = 0.00s, Memory = -32.0K)
    Checking Rule W499 (Rule 160 of total 279) .... done (Time = 0.00s, Memory = 0.0K)
    Checking Rule W502 (Rule 161 of total 279) .... done (Time = 0.00s, Memory = 0.0K)
    Checking Rule W116 (Rule 162 of total 279) .... done (Time = 0.00s, Memory = 0.5K)
    Checking Rule W122 (Rule 163 of total 279) .... done (Time = 0.00s, Memory = 0.2K)
    Checking Rule W123 (Rule 164 of total 279) .... done (Time = 0.00s, Memory = 1.1K)
    Checking Rule W71 (Rule 165 of total 279) .... done (Time = 0.00s, Memory = 0.0K)
    Checking Rule W240 (Rule 166 of total 279) .... done (Time = 0.00s, Memory = 0.0K)
    Checking Rule W240 (Rule 167 of total 279) .... done (Time = 0.00s, Memory = 0.2K)
    Checking Rule W287a (Rule 168 of total 279) .... done (Time = 0.00s, Memory = 1.6K)
    Checking Rule W293 (Rule 169 of total 279) .... done (Time = 0.00s, Memory = 0.0K)
    Checking Rule W398 (Rule 170 of total 279) .... done (Time = 0.00s, Memory = 0.0K)
    Checking Rule W424 (Rule 171 of total 279) .... done (Time = 0.00s, Memory = -2.5K)
    Checking Rule W467 (Rule 172 of total 279) .... done (Time = 0.00s, Memory = 28.0K)
    Checking Rule W505 (Rule 173 of total 279) .... done (Time = 0.00s, Memory = 0.0K)
    Checking Rule W505 (Rule 174 of total 279) .... done (Time = 0.00s, Memory = 0.0K)
    Checking Rule W528 (Rule 175 of total 279) .... done (Time = 0.00s, Memory = 0.0K)
    Checking Rule W528 (Rule 176 of total 279) .... done (Time = 0.00s, Memory = 645.8K)
    Checking Rule Prereqs_Usage (Rule 177 of total 279) .... done (Time = 0.00s, Memory = -27.2K)
    Checking Rule Postreqs_CheckFuncTask (Rule 178 of total 279) .... done (Time = 0.00s, Memory = 0.0K)
    Checking Rule Prereqs_ConstantInput-ML (Rule 179 of total 279) .... done (Time = 0.00s, Memory = -2.0K)
    Checking Rule Prereqs_ConstantInput-ML (Rule 180 of total 279) .... done (Time = 0.00s, Memory = 0.0K)
    Checking Rule ReportPortInfo-ML (Rule 181 of total 279) .... done (Time = 0.00s, Memory = 0.8K)
    Checking Rule NoAssignX-ML (Rule 182 of total 279) .... done (Time = 0.00s, Memory = -8.0K)
    Checking Rule ParamWidthMismatch-ML (Rule 183 of total 279) .... done (Time = 0.00s, Memory = 0.0K)
    Checking Rule Postreqs_Usage_ML (Rule 184 of total 279) .... done (Time = 0.00s, Memory = 0.0K)
    Checking Rule NoXInCase-ML (Rule 185 of total 279) .... done (Time = 0.00s, Memory = 0.0K)
Checking ELABDU Rules for designUnit RX_TOP
    Checking Rule syncRstReq (Rule 127 of total 279) .... done (Time = 0.00s, Memory = 0.0K)
    Checking Rule syncRstReq (Rule 128 of total 279) .... done (Time = 0.00s, Memory = 0.0K)
    Checking Rule AcOvlRtl (Rule 129 of total 279) .... done (Time = 0.00s, Memory = 0.0K)
    Checking Rule AcOvlRtl (Rule 130 of total 279) .... done (Time = 0.00s, Memory = 0.0K)
    Checking Rule Prereqs_STARC-2.3.6.1 (Rule 131 of total 279) .... done (Time = 0.00s, Memory = 0.0K)
    Checking Rule GenTopLevelBlocksForAutoSoc (Rule 132 of total 279) .... done (Time = 0.00s, Memory = -0.3K)
    Checking Rule STARC05-2.1.5.3 (Rule 133 of total 279) .... done (Time = 0.00s, Memory = 0.0K)
    Checking Rule STARC05-2.2.3.3 (Rule 134 of total 279) .... done (Time = 0.00s, Memory = 8.0K)
    Checking Rule STARC05-2.3.1.6 (Rule 135 of total 279) .... done (Time = 0.00s, Memory = 8.0K)
    Checking Rule STARC05-2.10.2.3 (Rule 136 of total 279) .... done (Time = 0.00s, Memory = 7.5K)
    Checking Rule STARC05-2.10.3.2a (Rule 137 of total 279) .... done (Time = 0.00s, Memory = 0.0K)
    Checking Rule STARC05-2.11.3.1 (Rule 138 of total 279) .... done (Time = 0.00s, Memory = 24.0K)
    Checking Rule STARC05-2.1.3.1 (Rule 139 of total 279) .... done (Time = 0.00s, Memory = 0.0K)
    Checking Rule STARC05-2.10.1.4b (Rule 140 of total 279) .... done (Time = 0.00s, Memory = -25.8K)
    Checking Rule W110 (Rule 141 of total 279) .... done (Time = 0.00s, Memory = -1.3K)
    Checking Rule W122 (Rule 142 of total 279) .... done (Time = 0.00s, Memory = 0.0K)
    Checking Rule W496a (Rule 143 of total 279) .... done (Time = 0.00s, Memory = -15.5K)
    Checking Rule W19 (Rule 144 of total 279) .... done (Time = 0.00s, Memory = 6.1K)
    Checking Rule W66 (Rule 145 of total 279) .... done (Time = 0.00s, Memory = 4.7K)
    Checking Rule W116 (Rule 146 of total 279) .... done (Time = 0.00s, Memory = 0.0K)
    Checking Rule W123 (Rule 147 of total 279) .... done (Time = 0.01s, Memory = 50.3K)
    Checking Rule W156 (Rule 148 of total 279) .... done (Time = 0.00s, Memory = 32.0K)
    Checking Rule W215 (Rule 149 of total 279) .... done (Time = 0.00s, Memory = 0.0K)
    Checking Rule W216 (Rule 150 of total 279) .... done (Time = 0.00s, Memory = 32.0K)
    Checking Rule W218 (Rule 151 of total 279) .... done (Time = 0.00s, Memory = 0.2K)
    Checking Rule W224 (Rule 152 of total 279) .... done (Time = 0.00s, Memory = 0.0K)
    Checking Rule W263 (Rule 153 of total 279) .... done (Time = 0.00s, Memory = 0.0K)
    Checking Rule W289 (Rule 154 of total 279) .... done (Time = 0.00s, Memory = 29.5K)
    Checking Rule W337 (Rule 155 of total 279) .... done (Time = 0.00s, Memory = 0.0K)
    Checking Rule W352 (Rule 156 of total 279) .... done (Time = 0.00s, Memory = -3.0K)
    Checking Rule W362 (Rule 157 of total 279) .... done (Time = 0.00s, Memory = 0.2K)
    Checking Rule W415a (Rule 158 of total 279) .... done (Time = 0.00s, Memory = 0.0K)
    Checking Rule W486 (Rule 159 of total 279) .... done (Time = 0.00s, Memory = 0.0K)
    Checking Rule W499 (Rule 160 of total 279) .... done (Time = 0.00s, Memory = 0.7K)
    Checking Rule W502 (Rule 161 of total 279) .... done (Time = 0.00s, Memory = 0.0K)
    Checking Rule W116 (Rule 162 of total 279) .... done (Time = 0.00s, Memory = 0.5K)
    Checking Rule W122 (Rule 163 of total 279) .... done (Time = 0.00s, Memory = 0.2K)
    Checking Rule W123 (Rule 164 of total 279) .... done (Time = 0.00s, Memory = 1.1K)
    Checking Rule W71 (Rule 165 of total 279) .... done (Time = 0.00s, Memory = 0.0K)
    Checking Rule W240 (Rule 166 of total 279) .... done (Time = 0.00s, Memory = -22.5K)
    Checking Rule W240 (Rule 167 of total 279) .... done (Time = 0.00s, Memory = 0.2K)
    Checking Rule W287a (Rule 168 of total 279) .... done (Time = 0.00s, Memory = 2.0K)
    Checking Rule W293 (Rule 169 of total 279) .... done (Time = 0.00s, Memory = 4.0K)
    Checking Rule W398 (Rule 170 of total 279) .... done (Time = 0.00s, Memory = 0.0K)
    Checking Rule W424 (Rule 171 of total 279) .... done (Time = 0.00s, Memory = 0.0K)
    Checking Rule W467 (Rule 172 of total 279) .... done (Time = 0.00s, Memory = 0.1K)
    Checking Rule W505 (Rule 173 of total 279) .... done (Time = 0.00s, Memory = 0.0K)
    Checking Rule W505 (Rule 174 of total 279) .... done (Time = 0.00s, Memory = 0.0K)
    Checking Rule W528 (Rule 175 of total 279) .... done (Time = 0.00s, Memory = 0.0K)
    Checking Rule W528 (Rule 176 of total 279) .... done (Time = 0.00s, Memory = 645.8K)
    Checking Rule Prereqs_Usage (Rule 177 of total 279) .... done (Time = 0.00s, Memory = -16.0K)
    Checking Rule Postreqs_CheckFuncTask (Rule 178 of total 279) .... done (Time = 0.00s, Memory = -21.0K)
    Checking Rule Prereqs_ConstantInput-ML (Rule 179 of total 279) .... done (Time = 0.00s, Memory = 4.7K)
    Checking Rule Prereqs_ConstantInput-ML (Rule 180 of total 279) .... done (Time = 0.00s, Memory = 0.0K)
    Checking Rule ReportPortInfo-ML (Rule 181 of total 279) .... done (Time = 0.00s, Memory = 0.0K)
    Checking Rule NoAssignX-ML (Rule 182 of total 279) .... done (Time = 0.00s, Memory = 0.0K)
    Checking Rule ParamWidthMismatch-ML (Rule 183 of total 279) .... done (Time = 0.00s, Memory = 0.0K)
    Checking Rule Postreqs_Usage_ML (Rule 184 of total 279) .... done (Time = 0.00s, Memory = 0.0K)
    Checking Rule NoXInCase-ML (Rule 185 of total 279) .... done (Time = 0.00s, Memory = 0.0K)
Checking ELABDU Rules for designUnit RX_FSM
    Checking Rule syncRstReq (Rule 127 of total 279) .... done (Time = 0.00s, Memory = 0.0K)
    Checking Rule syncRstReq (Rule 128 of total 279) .... done (Time = 0.00s, Memory = 0.0K)
    Checking Rule AcOvlRtl (Rule 129 of total 279) .... done (Time = 0.00s, Memory = -16.0K)
    Checking Rule AcOvlRtl (Rule 130 of total 279) .... done (Time = 0.00s, Memory = 0.0K)
    Checking Rule Prereqs_STARC-2.3.6.1 (Rule 131 of total 279) .... done (Time = 0.00s, Memory = 0.0K)
    Checking Rule GenTopLevelBlocksForAutoSoc (Rule 132 of total 279) .... done (Time = 0.00s, Memory = 0.0K)
    Checking Rule STARC05-2.1.5.3 (Rule 133 of total 279) .... done (Time = 0.00s, Memory = 0.0K)
    Checking Rule STARC05-2.2.3.3 (Rule 134 of total 279) .... done (Time = 0.00s, Memory = -0.2K)
    Checking Rule STARC05-2.3.1.6 (Rule 135 of total 279) .... done (Time = 0.00s, Memory = -0.8K)
    Checking Rule STARC05-2.10.2.3 (Rule 136 of total 279) .... done (Time = 0.00s, Memory = -0.3K)
    Checking Rule STARC05-2.10.3.2a (Rule 137 of total 279) .... done (Time = 0.00s, Memory = 7.0K)
    Checking Rule STARC05-2.11.3.1 (Rule 138 of total 279) .... done (Time = 0.00s, Memory = 14.6K)
    Checking Rule STARC05-2.1.3.1 (Rule 139 of total 279) .... done (Time = 0.00s, Memory = 6.1K)
    Checking Rule STARC05-2.10.1.4b (Rule 140 of total 279) .... done (Time = 0.00s, Memory = 0.0K)
    Checking Rule W110 (Rule 141 of total 279) .... done (Time = 0.00s, Memory = 0.0K)
    Checking Rule W122 (Rule 142 of total 279) .... done (Time = 0.00s, Memory = 31.8K)
    Checking Rule W496a (Rule 143 of total 279) .... done (Time = 0.00s, Memory = 8.0K)
    Checking Rule W19 (Rule 144 of total 279) .... done (Time = 0.00s, Memory = 0.0K)
    Checking Rule W66 (Rule 145 of total 279) .... done (Time = 0.00s, Memory = 0.0K)
    Checking Rule W116 (Rule 146 of total 279) .... done (Time = 0.00s, Memory = 8.0K)
    Checking Rule W123 (Rule 147 of total 279) .... done (Time = 0.00s, Memory = 12.1K)
    Checking Rule W156 (Rule 148 of total 279) .... done (Time = 0.00s, Memory = 0.0K)
    Checking Rule W215 (Rule 149 of total 279) .... done (Time = 0.00s, Memory = 0.0K)
    Checking Rule W216 (Rule 150 of total 279) .... done (Time = 0.00s, Memory = 0.0K)
    Checking Rule W218 (Rule 151 of total 279) .... done (Time = 0.00s, Memory = 0.0K)
    Checking Rule W224 (Rule 152 of total 279) .... done (Time = 0.00s, Memory = 0.0K)
    Checking Rule W263 (Rule 153 of total 279) .... done (Time = 0.00s, Memory = 0.0K)
    Checking Rule W289 (Rule 154 of total 279) .... done (Time = 0.00s, Memory = 0.0K)
    Checking Rule W337 (Rule 155 of total 279) .... done (Time = 0.00s, Memory = 0.0K)
    Checking Rule W352 (Rule 156 of total 279) .... done (Time = 0.00s, Memory = 24.0K)
    Checking Rule W362 (Rule 157 of total 279) .... done (Time = 0.00s, Memory = 12.8K)
    Checking Rule W415a (Rule 158 of total 279) .... done (Time = 0.00s, Memory = -3.7K)
    Checking Rule W486 (Rule 159 of total 279) .... done (Time = 0.00s, Memory = 0.0K)
    Checking Rule W499 (Rule 160 of total 279) .... done (Time = 0.00s, Memory = 0.0K)
    Checking Rule W502 (Rule 161 of total 279) .... done (Time = 0.00s, Memory = 0.4K)
    Checking Rule W116 (Rule 162 of total 279) .... done (Time = 0.00s, Memory = 0.5K)
    Checking Rule W122 (Rule 163 of total 279) .... done (Time = 0.00s, Memory = 0.2K)
    Checking Rule W123 (Rule 164 of total 279) .... done (Time = 0.00s, Memory = 1.1K)
    Checking Rule W71 (Rule 165 of total 279) .... done (Time = 0.00s, Memory = -0.2K)
    Checking Rule W240 (Rule 166 of total 279) .... done (Time = 0.00s, Memory = 0.0K)
    Checking Rule W240 (Rule 167 of total 279) .... done (Time = 0.00s, Memory = 0.2K)
    Checking Rule W287a (Rule 168 of total 279) .... done (Time = 0.00s, Memory = 0.0K)
    Checking Rule W293 (Rule 169 of total 279) .... done (Time = 0.01s, Memory = 0.0K)
    Checking Rule W398 (Rule 170 of total 279) .... done (Time = 0.00s, Memory = -0.9K)
    Checking Rule W424 (Rule 171 of total 279) .... done (Time = 0.00s, Memory = 0.0K)
    Checking Rule W467 (Rule 172 of total 279) .... done (Time = 0.00s, Memory = 0.0K)
    Checking Rule W505 (Rule 173 of total 279) .... done (Time = 0.00s, Memory = 1.2K)
    Checking Rule W505 (Rule 174 of total 279) .... done (Time = 0.00s, Memory = 0.0K)
    Checking Rule W528 (Rule 175 of total 279) .... done (Time = 0.00s, Memory = 0.0K)
    Checking Rule W528 (Rule 176 of total 279) .... done (Time = 0.00s, Memory = 645.8K)
    Checking Rule Prereqs_Usage (Rule 177 of total 279) .... done (Time = 0.00s, Memory = -16.0K)
    Checking Rule Postreqs_CheckFuncTask (Rule 178 of total 279) .... done (Time = 0.00s, Memory = 0.0K)
    Checking Rule Prereqs_ConstantInput-ML (Rule 179 of total 279) .... done (Time = 0.00s, Memory = 0.0K)
    Checking Rule Prereqs_ConstantInput-ML (Rule 180 of total 279) .... done (Time = 0.00s, Memory = 0.0K)
    Checking Rule ReportPortInfo-ML (Rule 181 of total 279) .... done (Time = 0.00s, Memory = 0.0K)
    Checking Rule NoAssignX-ML (Rule 182 of total 279) .... done (Time = 0.00s, Memory = 0.0K)
    Checking Rule ParamWidthMismatch-ML (Rule 183 of total 279) .... done (Time = 0.00s, Memory = -1.3K)
    Checking Rule Postreqs_Usage_ML (Rule 184 of total 279) .... done (Time = 0.00s, Memory = -1.5K)
    Checking Rule NoXInCase-ML (Rule 185 of total 279) .... done (Time = 0.00s, Memory = 0.0K)
Checking ELABDU Rules for designUnit stp_chk
    Checking Rule syncRstReq (Rule 127 of total 279) .... done (Time = 0.00s, Memory = 0.0K)
    Checking Rule syncRstReq (Rule 128 of total 279) .... done (Time = 0.00s, Memory = 0.0K)
    Checking Rule AcOvlRtl (Rule 129 of total 279) .... done (Time = 0.00s, Memory = 0.0K)
    Checking Rule AcOvlRtl (Rule 130 of total 279) .... done (Time = 0.00s, Memory = 0.0K)
    Checking Rule Prereqs_STARC-2.3.6.1 (Rule 131 of total 279) .... done (Time = 0.00s, Memory = 0.0K)
    Checking Rule GenTopLevelBlocksForAutoSoc (Rule 132 of total 279) .... done (Time = 0.00s, Memory = -0.2K)
    Checking Rule STARC05-2.1.5.3 (Rule 133 of total 279) .... done (Time = 0.00s, Memory = 0.0K)
    Checking Rule STARC05-2.2.3.3 (Rule 134 of total 279) .... done (Time = 0.00s, Memory = 1.6K)
    Checking Rule STARC05-2.3.1.6 (Rule 135 of total 279) .... done (Time = 0.00s, Memory = 0.0K)
    Checking Rule STARC05-2.10.2.3 (Rule 136 of total 279) .... done (Time = 0.00s, Memory = 0.0K)
    Checking Rule STARC05-2.10.3.2a (Rule 137 of total 279) .... done (Time = 0.00s, Memory = 12.0K)
    Checking Rule STARC05-2.11.3.1 (Rule 138 of total 279) .... done (Time = 0.00s, Memory = 0.0K)
    Checking Rule STARC05-2.1.3.1 (Rule 139 of total 279) .... done (Time = 0.00s, Memory = -32.0K)
    Checking Rule STARC05-2.10.1.4b (Rule 140 of total 279) .... done (Time = 0.00s, Memory = 7.0K)
    Checking Rule W110 (Rule 141 of total 279) .... done (Time = 0.00s, Memory = 0.4K)
    Checking Rule W122 (Rule 142 of total 279) .... done (Time = 0.00s, Memory = 0.0K)
    Checking Rule W496a (Rule 143 of total 279) .... done (Time = 0.00s, Memory = 0.0K)
    Checking Rule W19 (Rule 144 of total 279) .... done (Time = 0.00s, Memory = 0.0K)
    Checking Rule W66 (Rule 145 of total 279) .... done (Time = 0.00s, Memory = 0.0K)
    Checking Rule W116 (Rule 146 of total 279) .... done (Time = 0.00s, Memory = 0.0K)
    Checking Rule W123 (Rule 147 of total 279) .... done (Time = 0.00s, Memory = 16.0K)
    Checking Rule W156 (Rule 148 of total 279) .... done (Time = 0.00s, Memory = 0.0K)
    Checking Rule W215 (Rule 149 of total 279) .... done (Time = 0.00s, Memory = 0.0K)
    Checking Rule W216 (Rule 150 of total 279) .... done (Time = 0.00s, Memory = 0.0K)
    Checking Rule W218 (Rule 151 of total 279) .... done (Time = 0.00s, Memory = 0.0K)
    Checking Rule W224 (Rule 152 of total 279) .... done (Time = 0.00s, Memory = 0.0K)
    Checking Rule W263 (Rule 153 of total 279) .... done (Time = 0.00s, Memory = 8.0K)
    Checking Rule W289 (Rule 154 of total 279) .... done (Time = 0.00s, Memory = 4.0K)
    Checking Rule W337 (Rule 155 of total 279) .... done (Time = 0.00s, Memory = 0.0K)
    Checking Rule W352 (Rule 156 of total 279) .... done (Time = 0.00s, Memory = 0.0K)
    Checking Rule W362 (Rule 157 of total 279) .... done (Time = 0.00s, Memory = -8.0K)
    Checking Rule W415a (Rule 158 of total 279) .... done (Time = 0.00s, Memory = 11.8K)
    Checking Rule W486 (Rule 159 of total 279) .... done (Time = 0.00s, Memory = 0.0K)
    Checking Rule W499 (Rule 160 of total 279) .... done (Time = 0.00s, Memory = 0.0K)
    Checking Rule W502 (Rule 161 of total 279) .... done (Time = 0.00s, Memory = -2.2K)
    Checking Rule W116 (Rule 162 of total 279) .... done (Time = 0.00s, Memory = 0.5K)
    Checking Rule W122 (Rule 163 of total 279) .... done (Time = 0.00s, Memory = 0.2K)
    Checking Rule W123 (Rule 164 of total 279) .... done (Time = 0.00s, Memory = 1.1K)
    Checking Rule W71 (Rule 165 of total 279) .... done (Time = 0.00s, Memory = -0.2K)
    Checking Rule W240 (Rule 166 of total 279) .... done (Time = 0.00s, Memory = 0.0K)
    Checking Rule W240 (Rule 167 of total 279) .... done (Time = 0.00s, Memory = 0.2K)
    Checking Rule W287a (Rule 168 of total 279) .... done (Time = 0.00s, Memory = 0.0K)
    Checking Rule W293 (Rule 169 of total 279) .... done (Time = 0.00s, Memory = 0.0K)
    Checking Rule W398 (Rule 170 of total 279) .... done (Time = 0.00s, Memory = 0.0K)
    Checking Rule W424 (Rule 171 of total 279) .... done (Time = 0.00s, Memory = 0.0K)
    Checking Rule W467 (Rule 172 of total 279) .... done (Time = 0.00s, Memory = -3.0K)
    Checking Rule W505 (Rule 173 of total 279) .... done (Time = 0.00s, Memory = 28.0K)
    Checking Rule W505 (Rule 174 of total 279) .... done (Time = 0.00s, Memory = 0.0K)
    Checking Rule W528 (Rule 175 of total 279) .... done (Time = 0.00s, Memory = 0.0K)
    Checking Rule W528 (Rule 176 of total 279) .... done (Time = 0.00s, Memory = 645.8K)
    Checking Rule Prereqs_Usage (Rule 177 of total 279) .... done (Time = 0.00s, Memory = -16.0K)
    Checking Rule Postreqs_CheckFuncTask (Rule 178 of total 279) .... done (Time = 0.00s, Memory = 0.0K)
    Checking Rule Prereqs_ConstantInput-ML (Rule 179 of total 279) .... done (Time = 0.00s, Memory = -22.2K)
    Checking Rule Prereqs_ConstantInput-ML (Rule 180 of total 279) .... done (Time = 0.00s, Memory = 0.0K)
    Checking Rule ReportPortInfo-ML (Rule 181 of total 279) .... done (Time = 0.00s, Memory = 0.0K)
    Checking Rule NoAssignX-ML (Rule 182 of total 279) .... done (Time = 0.00s, Memory = 0.0K)
    Checking Rule ParamWidthMismatch-ML (Rule 183 of total 279) .... done (Time = 0.00s, Memory = 0.0K)
    Checking Rule Postreqs_Usage_ML (Rule 184 of total 279) .... done (Time = 0.00s, Memory = 0.0K)
    Checking Rule NoXInCase-ML (Rule 185 of total 279) .... done (Time = 0.00s, Memory = 0.0K)
Checking ELABDU Rules for designUnit Strt_chk
    Checking Rule syncRstReq (Rule 127 of total 279) .... done (Time = 0.00s, Memory = 0.0K)
    Checking Rule syncRstReq (Rule 128 of total 279) .... done (Time = 0.00s, Memory = 0.0K)
    Checking Rule AcOvlRtl (Rule 129 of total 279) .... done (Time = 0.00s, Memory = 0.0K)
    Checking Rule AcOvlRtl (Rule 130 of total 279) .... done (Time = 0.00s, Memory = 0.0K)
    Checking Rule Prereqs_STARC-2.3.6.1 (Rule 131 of total 279) .... done (Time = 0.00s, Memory = 0.0K)
    Checking Rule GenTopLevelBlocksForAutoSoc (Rule 132 of total 279) .... done (Time = 0.00s, Memory = 0.0K)
    Checking Rule STARC05-2.1.5.3 (Rule 133 of total 279) .... done (Time = 0.00s, Memory = 0.0K)
    Checking Rule STARC05-2.2.3.3 (Rule 134 of total 279) .... done (Time = 0.00s, Memory = 7.5K)
    Checking Rule STARC05-2.3.1.6 (Rule 135 of total 279) .... done (Time = 0.00s, Memory = 0.0K)
    Checking Rule STARC05-2.10.2.3 (Rule 136 of total 279) .... done (Time = 0.00s, Memory = 8.0K)
    Checking Rule STARC05-2.10.3.2a (Rule 137 of total 279) .... done (Time = 0.00s, Memory = -0.6K)
    Checking Rule STARC05-2.11.3.1 (Rule 138 of total 279) .... done (Time = 0.00s, Memory = 515.9K)
    Checking Rule STARC05-2.1.3.1 (Rule 139 of total 279) .... done (Time = 0.00s, Memory = -248.0K)
    Checking Rule STARC05-2.10.1.4b (Rule 140 of total 279) .... done (Time = 0.00s, Memory = 0.0K)
    Checking Rule W110 (Rule 141 of total 279) .... done (Time = 0.00s, Memory = -8.0K)
    Checking Rule W122 (Rule 142 of total 279) .... done (Time = 0.00s, Memory = 0.0K)
    Checking Rule W496a (Rule 143 of total 279) .... done (Time = 0.00s, Memory = 0.0K)
    Checking Rule W19 (Rule 144 of total 279) .... done (Time = 0.00s, Memory = 0.0K)
    Checking Rule W66 (Rule 145 of total 279) .... done (Time = 0.00s, Memory = -2.0K)
    Checking Rule W116 (Rule 146 of total 279) .... done (Time = 0.00s, Memory = 0.0K)
    Checking Rule W123 (Rule 147 of total 279) .... done (Time = 0.00s, Memory = 16.0K)
    Checking Rule W156 (Rule 148 of total 279) .... done (Time = 0.00s, Memory = 0.0K)
    Checking Rule W215 (Rule 149 of total 279) .... done (Time = 0.00s, Memory = -0.7K)
    Checking Rule W216 (Rule 150 of total 279) .... done (Time = 0.00s, Memory = 2.0K)
    Checking Rule W218 (Rule 151 of total 279) .... done (Time = 0.00s, Memory = -4.8K)
    Checking Rule W224 (Rule 152 of total 279) .... done (Time = 0.00s, Memory = 0.0K)
    Checking Rule W263 (Rule 153 of total 279) .... done (Time = 0.00s, Memory = 0.0K)
    Checking Rule W289 (Rule 154 of total 279) .... done (Time = 0.00s, Memory = 0.0K)
    Checking Rule W337 (Rule 155 of total 279) .... done (Time = 0.00s, Memory = 0.0K)
    Checking Rule W352 (Rule 156 of total 279) .... done (Time = 0.00s, Memory = 1.6K)
    Checking Rule W362 (Rule 157 of total 279) .... done (Time = 0.00s, Memory = 0.0K)
    Checking Rule W415a (Rule 158 of total 279) .... done (Time = 0.00s, Memory = 0.0K)
    Checking Rule W486 (Rule 159 of total 279) .... done (Time = 0.00s, Memory = 0.0K)
    Checking Rule W499 (Rule 160 of total 279) .... done (Time = 0.00s, Memory = 0.0K)
    Checking Rule W502 (Rule 161 of total 279) .... done (Time = 0.00s, Memory = 0.0K)
    Checking Rule W116 (Rule 162 of total 279) .... done (Time = 0.00s, Memory = 0.5K)
    Checking Rule W122 (Rule 163 of total 279) .... done (Time = 0.00s, Memory = 0.2K)
    Checking Rule W123 (Rule 164 of total 279) .... done (Time = 0.00s, Memory = 1.1K)
    Checking Rule W71 (Rule 165 of total 279) .... done (Time = 0.00s, Memory = 0.0K)
    Checking Rule W240 (Rule 166 of total 279) .... done (Time = 0.00s, Memory = 0.0K)
    Checking Rule W240 (Rule 167 of total 279) .... done (Time = 0.00s, Memory = 0.2K)
    Checking Rule W287a (Rule 168 of total 279) .... done (Time = 0.00s, Memory = 0.0K)
    Checking Rule W293 (Rule 169 of total 279) .... done (Time = 0.00s, Memory = 0.0K)
    Checking Rule W398 (Rule 170 of total 279) .... done (Time = 0.00s, Memory = 0.0K)
    Checking Rule W424 (Rule 171 of total 279) .... done (Time = 0.00s, Memory = 0.0K)
    Checking Rule W467 (Rule 172 of total 279) .... done (Time = 0.00s, Memory = 0.0K)
    Checking Rule W505 (Rule 173 of total 279) .... done (Time = 0.00s, Memory = 0.0K)
    Checking Rule W505 (Rule 174 of total 279) .... done (Time = 0.00s, Memory = 0.0K)
    Checking Rule W528 (Rule 175 of total 279) .... done (Time = 0.00s, Memory = 8.0K)
    Checking Rule W528 (Rule 176 of total 279) .... done (Time = 0.00s, Memory = 645.8K)
    Checking Rule Prereqs_Usage (Rule 177 of total 279) .... done (Time = 0.00s, Memory = -16.0K)
    Checking Rule Postreqs_CheckFuncTask (Rule 178 of total 279) .... done (Time = 0.00s, Memory = 0.0K)
    Checking Rule Prereqs_ConstantInput-ML (Rule 179 of total 279) .... done (Time = 0.00s, Memory = 0.0K)
    Checking Rule Prereqs_ConstantInput-ML (Rule 180 of total 279) .... done (Time = 0.00s, Memory = 0.0K)
    Checking Rule ReportPortInfo-ML (Rule 181 of total 279) .... done (Time = 0.00s, Memory = 0.0K)
    Checking Rule NoAssignX-ML (Rule 182 of total 279) .... done (Time = 0.00s, Memory = 32.0K)
    Checking Rule ParamWidthMismatch-ML (Rule 183 of total 279) .... done (Time = 0.00s, Memory = 0.0K)
    Checking Rule Postreqs_Usage_ML (Rule 184 of total 279) .... done (Time = 0.00s, Memory = 0.0K)
    Checking Rule NoXInCase-ML (Rule 185 of total 279) .... done (Time = 0.00s, Memory = 0.0K)
Checking ELABDU Rules for designUnit Parity_chk
    Checking Rule syncRstReq (Rule 127 of total 279) .... done (Time = 0.00s, Memory = 0.0K)
    Checking Rule syncRstReq (Rule 128 of total 279) .... done (Time = 0.00s, Memory = 0.0K)
    Checking Rule AcOvlRtl (Rule 129 of total 279) .... done (Time = 0.00s, Memory = 0.0K)
    Checking Rule AcOvlRtl (Rule 130 of total 279) .... done (Time = 0.00s, Memory = 0.0K)
    Checking Rule Prereqs_STARC-2.3.6.1 (Rule 131 of total 279) .... done (Time = 0.00s, Memory = 0.0K)
    Checking Rule GenTopLevelBlocksForAutoSoc (Rule 132 of total 279) .... done (Time = 0.00s, Memory = -0.5K)
    Checking Rule STARC05-2.1.5.3 (Rule 133 of total 279) .... done (Time = 0.00s, Memory = 0.0K)
    Checking Rule STARC05-2.2.3.3 (Rule 134 of total 279) .... done (Time = 0.00s, Memory = -0.6K)
    Checking Rule STARC05-2.3.1.6 (Rule 135 of total 279) .... done (Time = 0.00s, Memory = 0.0K)
    Checking Rule STARC05-2.10.2.3 (Rule 136 of total 279) .... done (Time = 0.00s, Memory = 8.0K)
    Checking Rule STARC05-2.10.3.2a (Rule 137 of total 279) .... done (Time = 0.00s, Memory = 8.0K)
    Checking Rule STARC05-2.11.3.1 (Rule 138 of total 279) .... done (Time = 0.00s, Memory = -30.0K)
    Checking Rule STARC05-2.1.3.1 (Rule 139 of total 279) .... done (Time = 0.00s, Memory = -1.0K)
    Checking Rule STARC05-2.10.1.4b (Rule 140 of total 279) .... done (Time = 0.00s, Memory = 3.3K)
    Checking Rule W110 (Rule 141 of total 279) .... done (Time = 0.00s, Memory = 0.0K)
    Checking Rule W122 (Rule 142 of total 279) .... done (Time = 0.00s, Memory = 0.4K)
    Checking Rule W496a (Rule 143 of total 279) .... done (Time = 0.00s, Memory = -0.2K)
    Checking Rule W19 (Rule 144 of total 279) .... done (Time = 0.00s, Memory = 0.0K)
    Checking Rule W66 (Rule 145 of total 279) .... done (Time = 0.00s, Memory = -0.6K)
    Checking Rule W116 (Rule 146 of total 279) .... done (Time = 0.00s, Memory = 0.0K)
    Checking Rule W123 (Rule 147 of total 279) .... done (Time = 0.00s, Memory = 25.2K)
    Checking Rule W156 (Rule 148 of total 279) .... done (Time = 0.00s, Memory = 0.0K)
    Checking Rule W215 (Rule 149 of total 279) .... done (Time = 0.00s, Memory = 8.0K)
    Checking Rule W216 (Rule 150 of total 279) .... done (Time = 0.00s, Memory = 0.0K)
    Checking Rule W218 (Rule 151 of total 279) .... done (Time = 0.00s, Memory = 0.0K)
    Checking Rule W224 (Rule 152 of total 279) .... done (Time = 0.00s, Memory = 0.0K)
    Checking Rule W263 (Rule 153 of total 279) .... done (Time = 0.00s, Memory = 4.7K)
    Checking Rule W289 (Rule 154 of total 279) .... done (Time = 0.00s, Memory = 0.0K)
    Checking Rule W337 (Rule 155 of total 279) .... done (Time = 0.00s, Memory = 0.0K)
    Checking Rule W352 (Rule 156 of total 279) .... done (Time = 0.00s, Memory = 0.0K)
    Checking Rule W362 (Rule 157 of total 279) .... done (Time = 0.00s, Memory = -0.3K)
    Checking Rule W415a (Rule 158 of total 279) .... done (Time = 0.00s, Memory = -0.5K)
    Checking Rule W486 (Rule 159 of total 279) .... done (Time = 0.00s, Memory = 0.0K)
    Checking Rule W499 (Rule 160 of total 279) .... done (Time = 0.00s, Memory = 0.4K)
    Checking Rule W502 (Rule 161 of total 279) .... done (Time = 0.00s, Memory = 0.9K)
    Checking Rule W116 (Rule 162 of total 279) .... done (Time = 0.00s, Memory = 0.5K)
    Checking Rule W122 (Rule 163 of total 279) .... done (Time = 0.00s, Memory = 0.2K)
    Checking Rule W123 (Rule 164 of total 279) .... done (Time = 0.00s, Memory = 1.1K)
    Checking Rule W71 (Rule 165 of total 279) .... done (Time = 0.00s, Memory = 0.0K)
    Checking Rule W240 (Rule 166 of total 279) .... done (Time = 0.00s, Memory = 0.0K)
    Checking Rule W240 (Rule 167 of total 279) .... done (Time = 0.00s, Memory = 0.2K)
    Checking Rule W287a (Rule 168 of total 279) .... done (Time = 0.00s, Memory = 0.0K)
    Checking Rule W293 (Rule 169 of total 279) .... done (Time = 0.00s, Memory = -1.8K)
    Checking Rule W398 (Rule 170 of total 279) .... done (Time = 0.01s, Memory = 4.0K)
    Checking Rule W424 (Rule 171 of total 279) .... done (Time = 0.00s, Memory = 0.0K)
    Checking Rule W467 (Rule 172 of total 279) .... done (Time = 0.00s, Memory = 0.0K)
    Checking Rule W505 (Rule 173 of total 279) .... done (Time = 0.00s, Memory = -23.9K)
    Checking Rule W505 (Rule 174 of total 279) .... done (Time = 0.00s, Memory = 0.0K)
    Checking Rule W528 (Rule 175 of total 279) .... done (Time = 0.00s, Memory = 0.0K)
    Checking Rule W528 (Rule 176 of total 279) .... done (Time = 0.00s, Memory = 645.8K)
    Checking Rule Prereqs_Usage (Rule 177 of total 279) .... done (Time = 0.00s, Memory = -15.6K)
    Checking Rule Postreqs_CheckFuncTask (Rule 178 of total 279) .... done (Time = 0.00s, Memory = 0.0K)
    Checking Rule Prereqs_ConstantInput-ML (Rule 179 of total 279) .... done (Time = 0.00s, Memory = 0.0K)
    Checking Rule Prereqs_ConstantInput-ML (Rule 180 of total 279) .... done (Time = 0.00s, Memory = 0.0K)
    Checking Rule ReportPortInfo-ML (Rule 181 of total 279) .... done (Time = 0.00s, Memory = 0.0K)
    Checking Rule NoAssignX-ML (Rule 182 of total 279) .... done (Time = 0.00s, Memory = 8.0K)
    Checking Rule ParamWidthMismatch-ML (Rule 183 of total 279) .... done (Time = 0.00s, Memory = 0.0K)
    Checking Rule Postreqs_Usage_ML (Rule 184 of total 279) .... done (Time = 0.00s, Memory = 32.0K)
    Checking Rule NoXInCase-ML (Rule 185 of total 279) .... done (Time = 0.00s, Memory = 0.0K)
Checking ELABDU Rules for designUnit Edge_Bit_Counter
    Checking Rule syncRstReq (Rule 127 of total 279) .... done (Time = 0.00s, Memory = 0.0K)
    Checking Rule syncRstReq (Rule 128 of total 279) .... done (Time = 0.00s, Memory = 0.0K)
    Checking Rule AcOvlRtl (Rule 129 of total 279) .... done (Time = 0.00s, Memory = 0.0K)
    Checking Rule AcOvlRtl (Rule 130 of total 279) .... done (Time = 0.00s, Memory = 0.0K)
    Checking Rule Prereqs_STARC-2.3.6.1 (Rule 131 of total 279) .... done (Time = 0.00s, Memory = 0.0K)
    Checking Rule GenTopLevelBlocksForAutoSoc (Rule 132 of total 279) .... done (Time = 0.00s, Memory = 0.0K)
    Checking Rule STARC05-2.1.5.3 (Rule 133 of total 279) .... done (Time = 0.00s, Memory = 0.0K)
    Checking Rule STARC05-2.2.3.3 (Rule 134 of total 279) .... done (Time = 0.00s, Memory = 0.0K)
    Checking Rule STARC05-2.3.1.6 (Rule 135 of total 279) .... done (Time = 0.00s, Memory = 0.0K)
    Checking Rule STARC05-2.10.2.3 (Rule 136 of total 279) .... done (Time = 0.00s, Memory = 0.0K)
    Checking Rule STARC05-2.10.3.2a (Rule 137 of total 279) .... done (Time = 0.00s, Memory = -20.9K)
    Checking Rule STARC05-2.11.3.1 (Rule 138 of total 279) .... done (Time = 0.00s, Memory = 0.0K)
    Checking Rule STARC05-2.1.3.1 (Rule 139 of total 279) .... done (Time = 0.00s, Memory = 23.0K)
    Checking Rule STARC05-2.10.1.4b (Rule 140 of total 279) .... done (Time = 0.00s, Memory = -2.0K)
    Checking Rule W110 (Rule 141 of total 279) .... done (Time = 0.00s, Memory = 0.0K)
    Checking Rule W122 (Rule 142 of total 279) .... done (Time = 0.00s, Memory = 8.0K)
    Checking Rule W496a (Rule 143 of total 279) .... done (Time = 0.00s, Memory = -3.0K)
    Checking Rule W19 (Rule 144 of total 279) .... done (Time = 0.00s, Memory = 3.9K)
    Checking Rule W66 (Rule 145 of total 279) .... done (Time = 0.00s, Memory = 0.0K)
    Checking Rule W116 (Rule 146 of total 279) .... done (Time = 0.00s, Memory = -0.2K)
    Checking Rule W123 (Rule 147 of total 279) .... done (Time = 0.00s, Memory = 14.8K)
    Checking Rule W156 (Rule 148 of total 279) .... done (Time = 0.00s, Memory = 0.0K)
    Checking Rule W215 (Rule 149 of total 279) .... done (Time = 0.00s, Memory = 0.0K)
    Checking Rule W216 (Rule 150 of total 279) .... done (Time = 0.00s, Memory = 0.0K)
    Checking Rule W218 (Rule 151 of total 279) .... done (Time = 0.00s, Memory = 0.0K)
    Checking Rule W224 (Rule 152 of total 279) .... done (Time = 0.00s, Memory = 0.0K)
    Checking Rule W263 (Rule 153 of total 279) .... done (Time = 0.00s, Memory = 0.0K)
    Checking Rule W289 (Rule 154 of total 279) .... done (Time = 0.00s, Memory = 1.6K)
    Checking Rule W337 (Rule 155 of total 279) .... done (Time = 0.00s, Memory = 4.7K)
    Checking Rule W352 (Rule 156 of total 279) .... done (Time = 0.00s, Memory = 0.0K)
    Checking Rule W362 (Rule 157 of total 279) .... done (Time = 0.00s, Memory = -8.3K)
    Checking Rule W415a (Rule 158 of total 279) .... done (Time = 0.00s, Memory = 31.9K)
    Checking Rule W486 (Rule 159 of total 279) .... done (Time = 0.00s, Memory = 0.0K)
    Checking Rule W499 (Rule 160 of total 279) .... done (Time = 0.00s, Memory = 0.0K)
    Checking Rule W502 (Rule 161 of total 279) .... done (Time = 0.00s, Memory = -8.0K)
    Checking Rule W116 (Rule 162 of total 279) .... done (Time = 0.00s, Memory = 0.5K)
    Checking Rule W122 (Rule 163 of total 279) .... done (Time = 0.00s, Memory = 0.2K)
    Checking Rule W123 (Rule 164 of total 279) .... done (Time = 0.00s, Memory = 1.1K)
    Checking Rule W71 (Rule 165 of total 279) .... done (Time = 0.00s, Memory = -24.0K)
    Checking Rule W240 (Rule 166 of total 279) .... done (Time = 0.00s, Memory = 0.0K)
    Checking Rule W240 (Rule 167 of total 279) .... done (Time = 0.00s, Memory = 0.2K)
    Checking Rule W287a (Rule 168 of total 279) .... done (Time = 0.00s, Memory = 0.0K)
    Checking Rule W293 (Rule 169 of total 279) .... done (Time = 0.00s, Memory = 0.0K)
    Checking Rule W398 (Rule 170 of total 279) .... done (Time = 0.00s, Memory = 0.0K)
    Checking Rule W424 (Rule 171 of total 279) .... done (Time = 0.00s, Memory = 0.0K)
    Checking Rule W467 (Rule 172 of total 279) .... done (Time = 0.00s, Memory = 0.0K)
    Checking Rule W505 (Rule 173 of total 279) .... done (Time = 0.00s, Memory = 0.3K)
    Checking Rule W505 (Rule 174 of total 279) .... done (Time = 0.00s, Memory = 0.0K)
    Checking Rule W528 (Rule 175 of total 279) .... done (Time = 0.00s, Memory = 0.0K)
    Checking Rule W528 (Rule 176 of total 279) .... done (Time = 0.00s, Memory = 645.8K)
    Checking Rule Prereqs_Usage (Rule 177 of total 279) .... done (Time = 0.00s, Memory = -16.0K)
    Checking Rule Postreqs_CheckFuncTask (Rule 178 of total 279) .... done (Time = 0.00s, Memory = 0.0K)
    Checking Rule Prereqs_ConstantInput-ML (Rule 179 of total 279) .... done (Time = 0.00s, Memory = 0.0K)
    Checking Rule Prereqs_ConstantInput-ML (Rule 180 of total 279) .... done (Time = 0.00s, Memory = 0.0K)
    Checking Rule ReportPortInfo-ML (Rule 181 of total 279) .... done (Time = 0.00s, Memory = 4.0K)
    Checking Rule NoAssignX-ML (Rule 182 of total 279) .... done (Time = 0.00s, Memory = 0.0K)
    Checking Rule ParamWidthMismatch-ML (Rule 183 of total 279) .... done (Time = 0.00s, Memory = 0.0K)
    Checking Rule Postreqs_Usage_ML (Rule 184 of total 279) .... done (Time = 0.00s, Memory = 0.0K)
    Checking Rule NoXInCase-ML (Rule 185 of total 279) .... done (Time = 0.00s, Memory = 0.0K)
Checking ELABDU Rules for designUnit Data_sampling
    Checking Rule syncRstReq (Rule 127 of total 279) .... done (Time = 0.00s, Memory = 0.0K)
    Checking Rule syncRstReq (Rule 128 of total 279) .... done (Time = 0.00s, Memory = 0.0K)
    Checking Rule AcOvlRtl (Rule 129 of total 279) .... done (Time = 0.00s, Memory = -0.6K)
    Checking Rule AcOvlRtl (Rule 130 of total 279) .... done (Time = 0.00s, Memory = 0.0K)
    Checking Rule Prereqs_STARC-2.3.6.1 (Rule 131 of total 279) .... done (Time = 0.00s, Memory = 0.0K)
    Checking Rule GenTopLevelBlocksForAutoSoc (Rule 132 of total 279) .... done (Time = 0.00s, Memory = -1.8K)
    Checking Rule STARC05-2.1.5.3 (Rule 133 of total 279) .... done (Time = 0.00s, Memory = 0.0K)
    Checking Rule STARC05-2.2.3.3 (Rule 134 of total 279) .... done (Time = 0.00s, Memory = 0.0K)
    Checking Rule STARC05-2.3.1.6 (Rule 135 of total 279) .... done (Time = 0.00s, Memory = 0.0K)
    Checking Rule STARC05-2.10.2.3 (Rule 136 of total 279) .... done (Time = 0.00s, Memory = 0.0K)
    Checking Rule STARC05-2.10.3.2a (Rule 137 of total 279) .... done (Time = 0.01s, Memory = 4.0K)
    Checking Rule STARC05-2.11.3.1 (Rule 138 of total 279) .... done (Time = 0.00s, Memory = 0.0K)
    Checking Rule STARC05-2.1.3.1 (Rule 139 of total 279) .... done (Time = 0.00s, Memory = 30.0K)
    Checking Rule STARC05-2.10.1.4b (Rule 140 of total 279) .... done (Time = 0.00s, Memory = 0.0K)
    Checking Rule W110 (Rule 141 of total 279) .... done (Time = 0.00s, Memory = -24.0K)
    Checking Rule W122 (Rule 142 of total 279) .... done (Time = 0.00s, Memory = 0.0K)
    Checking Rule W496a (Rule 143 of total 279) .... done (Time = 0.00s, Memory = 0.0K)
    Checking Rule W19 (Rule 144 of total 279) .... done (Time = 0.00s, Memory = 0.0K)
    Checking Rule W66 (Rule 145 of total 279) .... done (Time = 0.00s, Memory = 32.0K)
    Checking Rule W116 (Rule 146 of total 279) .... done (Time = 0.00s, Memory = 3.9K)
    Checking Rule W123 (Rule 147 of total 279) .... done (Time = 0.00s, Memory = 12.1K)
    Checking Rule W156 (Rule 148 of total 279) .... done (Time = 0.00s, Memory = 0.0K)
    Checking Rule W215 (Rule 149 of total 279) .... done (Time = 0.00s, Memory = 0.0K)
    Checking Rule W216 (Rule 150 of total 279) .... done (Time = 0.00s, Memory = 0.0K)
    Checking Rule W218 (Rule 151 of total 279) .... done (Time = 0.00s, Memory = -2.5K)
    Checking Rule W224 (Rule 152 of total 279) .... done (Time = 0.00s, Memory = 0.0K)
    Checking Rule W263 (Rule 153 of total 279) .... done (Time = 0.00s, Memory = 0.0K)
    Checking Rule W289 (Rule 154 of total 279) .... done (Time = 0.00s, Memory = 0.0K)
    Checking Rule W337 (Rule 155 of total 279) .... done (Time = 0.00s, Memory = 3.1K)
    Checking Rule W352 (Rule 156 of total 279) .... done (Time = 0.00s, Memory = -0.7K)
    Checking Rule W362 (Rule 157 of total 279) .... done (Time = 0.00s, Memory = 32.0K)
    Checking Rule W415a (Rule 158 of total 279) .... done (Time = 0.00s, Memory = 1.6K)
    Checking Rule W486 (Rule 159 of total 279) .... done (Time = 0.00s, Memory = 4.0K)
    Checking Rule W499 (Rule 160 of total 279) .... done (Time = 0.00s, Memory = -27.0K)
    Checking Rule W502 (Rule 161 of total 279) .... done (Time = 0.00s, Memory = 0.0K)
    Checking Rule W116 (Rule 162 of total 279) .... done (Time = 0.00s, Memory = 0.5K)
    Checking Rule W122 (Rule 163 of total 279) .... done (Time = 0.00s, Memory = 0.2K)
    Checking Rule W123 (Rule 164 of total 279) .... done (Time = 0.00s, Memory = 1.1K)
    Checking Rule W71 (Rule 165 of total 279) .... done (Time = 0.00s, Memory = -1.9K)
    Checking Rule W240 (Rule 166 of total 279) .... done (Time = 0.00s, Memory = 0.0K)
    Checking Rule W240 (Rule 167 of total 279) .... done (Time = 0.00s, Memory = 0.2K)
    Checking Rule W287a (Rule 168 of total 279) .... done (Time = 0.00s, Memory = 0.0K)
    Checking Rule W293 (Rule 169 of total 279) .... done (Time = 0.00s, Memory = 0.0K)
    Checking Rule W398 (Rule 170 of total 279) .... done (Time = 0.00s, Memory = -32.2K)
    Checking Rule W424 (Rule 171 of total 279) .... done (Time = 0.00s, Memory = 0.0K)
    Checking Rule W467 (Rule 172 of total 279) .... done (Time = 0.00s, Memory = 31.9K)
    Checking Rule W505 (Rule 173 of total 279) .... done (Time = 0.00s, Memory = 28.5K)
    Checking Rule W505 (Rule 174 of total 279) .... done (Time = 0.00s, Memory = 0.0K)
    Checking Rule W528 (Rule 175 of total 279) .... done (Time = 0.00s, Memory = 0.0K)
    Checking Rule W528 (Rule 176 of total 279) .... done (Time = 0.00s, Memory = 645.8K)
    Checking Rule Prereqs_Usage (Rule 177 of total 279) .... done (Time = 0.00s, Memory = -16.0K)
    Checking Rule Postreqs_CheckFuncTask (Rule 178 of total 279) .... done (Time = 0.00s, Memory = 0.0K)
    Checking Rule Prereqs_ConstantInput-ML (Rule 179 of total 279) .... done (Time = 0.00s, Memory = 8.0K)
    Checking Rule Prereqs_ConstantInput-ML (Rule 180 of total 279) .... done (Time = 0.00s, Memory = 0.0K)
    Checking Rule ReportPortInfo-ML (Rule 181 of total 279) .... done (Time = 0.00s, Memory = 0.0K)
    Checking Rule NoAssignX-ML (Rule 182 of total 279) .... done (Time = 0.00s, Memory = 0.0K)
    Checking Rule ParamWidthMismatch-ML (Rule 183 of total 279) .... done (Time = 0.00s, Memory = 0.0K)
    Checking Rule Postreqs_Usage_ML (Rule 184 of total 279) .... done (Time = 0.00s, Memory = 0.0K)
    Checking Rule NoXInCase-ML (Rule 185 of total 279) .... done (Time = 0.00s, Memory = 0.0K)
Checking ELABDU Rules for designUnit DeSerializer
    Checking Rule syncRstReq (Rule 127 of total 279) .... done (Time = 0.00s, Memory = 0.0K)
    Checking Rule syncRstReq (Rule 128 of total 279) .... done (Time = 0.00s, Memory = 0.0K)
    Checking Rule AcOvlRtl (Rule 129 of total 279) .... done (Time = 0.00s, Memory = 0.0K)
    Checking Rule AcOvlRtl (Rule 130 of total 279) .... done (Time = 0.00s, Memory = 0.0K)
    Checking Rule Prereqs_STARC-2.3.6.1 (Rule 131 of total 279) .... done (Time = 0.00s, Memory = 0.0K)
    Checking Rule GenTopLevelBlocksForAutoSoc (Rule 132 of total 279) .... done (Time = 0.00s, Memory = 0.0K)
    Checking Rule STARC05-2.1.5.3 (Rule 133 of total 279) .... done (Time = 0.00s, Memory = 0.0K)
    Checking Rule STARC05-2.2.3.3 (Rule 134 of total 279) .... done (Time = 0.00s, Memory = 0.0K)
    Checking Rule STARC05-2.3.1.6 (Rule 135 of total 279) .... done (Time = 0.00s, Memory = 0.0K)
    Checking Rule STARC05-2.10.2.3 (Rule 136 of total 279) .... done (Time = 0.00s, Memory = 0.0K)
    Checking Rule STARC05-2.10.3.2a (Rule 137 of total 279) .... done (Time = 0.00s, Memory = 0.0K)
    Checking Rule STARC05-2.11.3.1 (Rule 138 of total 279) .... done (Time = 0.00s, Memory = 0.0K)
    Checking Rule STARC05-2.1.3.1 (Rule 139 of total 279) .... done (Time = 0.00s, Memory = 0.0K)
    Checking Rule STARC05-2.10.1.4b (Rule 140 of total 279) .... done (Time = 0.00s, Memory = 0.0K)
    Checking Rule W110 (Rule 141 of total 279) .... done (Time = 0.00s, Memory = 0.0K)
    Checking Rule W122 (Rule 142 of total 279) .... done (Time = 0.00s, Memory = 0.0K)
    Checking Rule W496a (Rule 143 of total 279) .... done (Time = 0.00s, Memory = -0.5K)
    Checking Rule W19 (Rule 144 of total 279) .... done (Time = 0.00s, Memory = 0.0K)
    Checking Rule W66 (Rule 145 of total 279) .... done (Time = 0.00s, Memory = 0.0K)
    Checking Rule W116 (Rule 146 of total 279) .... done (Time = 0.00s, Memory = 0.0K)
    Checking Rule W123 (Rule 147 of total 279) .... done (Time = 0.00s, Memory = 15.0K)
    Checking Rule W156 (Rule 148 of total 279) .... done (Time = 0.00s, Memory = 0.0K)
    Checking Rule W215 (Rule 149 of total 279) .... done (Time = 0.00s, Memory = 0.0K)
    Checking Rule W216 (Rule 150 of total 279) .... done (Time = 0.00s, Memory = 0.0K)
    Checking Rule W218 (Rule 151 of total 279) .... done (Time = 0.00s, Memory = 0.0K)
    Checking Rule W224 (Rule 152 of total 279) .... done (Time = 0.00s, Memory = 0.0K)
    Checking Rule W263 (Rule 153 of total 279) .... done (Time = 0.00s, Memory = 0.0K)
    Checking Rule W289 (Rule 154 of total 279) .... done (Time = 0.00s, Memory = 0.0K)
    Checking Rule W337 (Rule 155 of total 279) .... done (Time = 0.00s, Memory = 0.0K)
    Checking Rule W352 (Rule 156 of total 279) .... done (Time = 0.01s, Memory = 0.0K)
    Checking Rule W362 (Rule 157 of total 279) .... done (Time = 0.00s, Memory = -1.8K)
    Checking Rule W415a (Rule 158 of total 279) .... done (Time = 0.00s, Memory = -32.0K)
    Checking Rule W486 (Rule 159 of total 279) .... done (Time = 0.00s, Memory = 0.0K)
    Checking Rule W499 (Rule 160 of total 279) .... done (Time = 0.00s, Memory = 0.0K)
    Checking Rule W502 (Rule 161 of total 279) .... done (Time = 0.00s, Memory = 16.0K)
    Checking Rule W116 (Rule 162 of total 279) .... done (Time = 0.00s, Memory = 0.5K)
    Checking Rule W122 (Rule 163 of total 279) .... done (Time = 0.00s, Memory = 0.2K)
    Checking Rule W123 (Rule 164 of total 279) .... done (Time = 0.00s, Memory = 1.1K)
    Checking Rule W71 (Rule 165 of total 279) .... done (Time = 0.00s, Memory = 11.8K)
    Checking Rule W240 (Rule 166 of total 279) .... done (Time = 0.00s, Memory = 0.0K)
    Checking Rule W240 (Rule 167 of total 279) .... done (Time = 0.00s, Memory = 0.2K)
    Checking Rule W287a (Rule 168 of total 279) .... done (Time = 0.00s, Memory = 0.0K)
    Checking Rule W293 (Rule 169 of total 279) .... done (Time = 0.00s, Memory = 0.0K)
    Checking Rule W398 (Rule 170 of total 279) .... done (Time = 0.00s, Memory = 0.0K)
    Checking Rule W424 (Rule 171 of total 279) .... done (Time = 0.00s, Memory = 0.0K)
    Checking Rule W467 (Rule 172 of total 279) .... done (Time = 0.00s, Memory = 0.0K)
    Checking Rule W505 (Rule 173 of total 279) .... done (Time = 0.00s, Memory = 0.0K)
    Checking Rule W505 (Rule 174 of total 279) .... done (Time = 0.00s, Memory = 0.0K)
    Checking Rule W528 (Rule 175 of total 279) .... done (Time = 0.00s, Memory = 0.0K)
    Checking Rule W528 (Rule 176 of total 279) .... done (Time = 0.00s, Memory = 645.8K)
    Checking Rule Prereqs_Usage (Rule 177 of total 279) .... done (Time = 0.00s, Memory = -16.0K)
    Checking Rule Postreqs_CheckFuncTask (Rule 178 of total 279) .... done (Time = 0.00s, Memory = 0.0K)
    Checking Rule Prereqs_ConstantInput-ML (Rule 179 of total 279) .... done (Time = 0.00s, Memory = -22.3K)
    Checking Rule Prereqs_ConstantInput-ML (Rule 180 of total 279) .... done (Time = 0.00s, Memory = 0.0K)
    Checking Rule ReportPortInfo-ML (Rule 181 of total 279) .... done (Time = 0.00s, Memory = 32.0K)
    Checking Rule NoAssignX-ML (Rule 182 of total 279) .... done (Time = 0.00s, Memory = 0.0K)
    Checking Rule ParamWidthMismatch-ML (Rule 183 of total 279) .... done (Time = 0.00s, Memory = 0.0K)
    Checking Rule Postreqs_Usage_ML (Rule 184 of total 279) .... done (Time = 0.00s, Memory = 3.1K)
    Checking Rule NoXInCase-ML (Rule 185 of total 279) .... done (Time = 0.00s, Memory = 0.0K)
Checking ELABDU Rules for designUnit clk_div
    Checking Rule syncRstReq (Rule 127 of total 279) .... done (Time = 0.00s, Memory = 0.0K)
    Checking Rule syncRstReq (Rule 128 of total 279) .... done (Time = 0.00s, Memory = 0.0K)
    Checking Rule AcOvlRtl (Rule 129 of total 279) .... done (Time = 0.00s, Memory = 3.8K)
    Checking Rule AcOvlRtl (Rule 130 of total 279) .... done (Time = 0.00s, Memory = 0.0K)
    Checking Rule Prereqs_STARC-2.3.6.1 (Rule 131 of total 279) .... done (Time = 0.00s, Memory = 1.6K)
    Checking Rule GenTopLevelBlocksForAutoSoc (Rule 132 of total 279) .... done (Time = 0.00s, Memory = 4.7K)
    Checking Rule STARC05-2.1.5.3 (Rule 133 of total 279) .... done (Time = 0.00s, Memory = 11.0K)
    Checking Rule STARC05-2.2.3.3 (Rule 134 of total 279) .... done (Time = 0.00s, Memory = 0.0K)
    Checking Rule STARC05-2.3.1.6 (Rule 135 of total 279) .... done (Time = 0.00s, Memory = -32.0K)
    Checking Rule STARC05-2.10.2.3 (Rule 136 of total 279) .... done (Time = 0.00s, Memory = 0.0K)
    Checking Rule STARC05-2.10.3.2a (Rule 137 of total 279) .... done (Time = 0.00s, Memory = 0.3K)
    Checking Rule STARC05-2.11.3.1 (Rule 138 of total 279) .... done (Time = 0.00s, Memory = 0.0K)
    Checking Rule STARC05-2.1.3.1 (Rule 139 of total 279) .... done (Time = 0.00s, Memory = 0.0K)
    Checking Rule STARC05-2.10.1.4b (Rule 140 of total 279) .... done (Time = 0.00s, Memory = 0.0K)
    Checking Rule W110 (Rule 141 of total 279) .... done (Time = 0.00s, Memory = 0.0K)
    Checking Rule W122 (Rule 142 of total 279) .... done (Time = 0.00s, Memory = 0.0K)
    Checking Rule W496a (Rule 143 of total 279) .... done (Time = 0.00s, Memory = -33.0K)
    Checking Rule W19 (Rule 144 of total 279) .... done (Time = 0.00s, Memory = 0.0K)
    Checking Rule W66 (Rule 145 of total 279) .... done (Time = 0.00s, Memory = 0.0K)
    Checking Rule W116 (Rule 146 of total 279) .... done (Time = 0.00s, Memory = 32.0K)
    Checking Rule W123 (Rule 147 of total 279) .... done (Time = 0.00s, Memory = 21.9K)
    Checking Rule W156 (Rule 148 of total 279) .... done (Time = 0.00s, Memory = 0.0K)
    Checking Rule W215 (Rule 149 of total 279) .... done (Time = 0.00s, Memory = -32.0K)
    Checking Rule W216 (Rule 150 of total 279) .... done (Time = 0.00s, Memory = -10.5K)
    Checking Rule W218 (Rule 151 of total 279) .... done (Time = 0.00s, Memory = 0.2K)
    Checking Rule W224 (Rule 152 of total 279) .... done (Time = 0.00s, Memory = 0.0K)
    Checking Rule W263 (Rule 153 of total 279) .... done (Time = 0.00s, Memory = 0.0K)
    Checking Rule W289 (Rule 154 of total 279) .... done (Time = 0.00s, Memory = 0.0K)
    Checking Rule W337 (Rule 155 of total 279) .... done (Time = 0.00s, Memory = 0.0K)
    Checking Rule W352 (Rule 156 of total 279) .... done (Time = 0.00s, Memory = -3.9K)
    Checking Rule W362 (Rule 157 of total 279) .... done (Time = 0.00s, Memory = 0.0K)
    Checking Rule W415a (Rule 158 of total 279) .... done (Time = 0.00s, Memory = 0.9K)
    Checking Rule W486 (Rule 159 of total 279) .... done (Time = 0.00s, Memory = 0.0K)
    Checking Rule W499 (Rule 160 of total 279) .... done (Time = 0.00s, Memory = 0.2K)
    Checking Rule W502 (Rule 161 of total 279) .... done (Time = 0.00s, Memory = 0.0K)
    Checking Rule W116 (Rule 162 of total 279) .... done (Time = 0.00s, Memory = 0.5K)
    Checking Rule W122 (Rule 163 of total 279) .... done (Time = 0.00s, Memory = 0.2K)
    Checking Rule W123 (Rule 164 of total 279) .... done (Time = 0.00s, Memory = 1.1K)
    Checking Rule W71 (Rule 165 of total 279) .... done (Time = 0.00s, Memory = 0.0K)
    Checking Rule W240 (Rule 166 of total 279) .... done (Time = 0.00s, Memory = 0.0K)
    Checking Rule W240 (Rule 167 of total 279) .... done (Time = 0.00s, Memory = 0.2K)
    Checking Rule W287a (Rule 168 of total 279) .... done (Time = 0.00s, Memory = 0.0K)
    Checking Rule W293 (Rule 169 of total 279) .... done (Time = 0.00s, Memory = 0.0K)
    Checking Rule W398 (Rule 170 of total 279) .... done (Time = 0.00s, Memory = 0.0K)
    Checking Rule W424 (Rule 171 of total 279) .... done (Time = 0.00s, Memory = 0.0K)
    Checking Rule W467 (Rule 172 of total 279) .... done (Time = 0.00s, Memory = 0.0K)
    Checking Rule W505 (Rule 173 of total 279) .... done (Time = 0.00s, Memory = 9.5K)
    Checking Rule W505 (Rule 174 of total 279) .... done (Time = 0.00s, Memory = 0.0K)
    Checking Rule W528 (Rule 175 of total 279) .... done (Time = 0.00s, Memory = 11.8K)
    Checking Rule W528 (Rule 176 of total 279) .... done (Time = 0.00s, Memory = 645.8K)
    Checking Rule Prereqs_Usage (Rule 177 of total 279) .... done (Time = 0.00s, Memory = -16.0K)
    Checking Rule Postreqs_CheckFuncTask (Rule 178 of total 279) .... done (Time = 0.00s, Memory = 0.0K)
    Checking Rule Prereqs_ConstantInput-ML (Rule 179 of total 279) .... done (Time = 0.00s, Memory = 0.0K)
    Checking Rule Prereqs_ConstantInput-ML (Rule 180 of total 279) .... done (Time = 0.00s, Memory = 0.0K)
    Checking Rule ReportPortInfo-ML (Rule 181 of total 279) .... done (Time = 0.00s, Memory = 0.9K)
    Checking Rule NoAssignX-ML (Rule 182 of total 279) .... done (Time = 0.00s, Memory = -8.0K)
    Checking Rule ParamWidthMismatch-ML (Rule 183 of total 279) .... done (Time = 0.00s, Memory = 0.0K)
    Checking Rule Postreqs_Usage_ML (Rule 184 of total 279) .... done (Time = 0.00s, Memory = 0.0K)
    Checking Rule NoXInCase-ML (Rule 185 of total 279) .... done (Time = 0.00s, Memory = 0.0K)
Checking ELABDU Rules for designUnit RST_SYNCH
    Checking Rule syncRstReq (Rule 127 of total 279) .... done (Time = 0.00s, Memory = 0.0K)
    Checking Rule syncRstReq (Rule 128 of total 279) .... done (Time = 0.00s, Memory = 0.0K)
    Checking Rule AcOvlRtl (Rule 129 of total 279) .... done (Time = 0.00s, Memory = 0.0K)
    Checking Rule AcOvlRtl (Rule 130 of total 279) .... done (Time = 0.00s, Memory = 0.0K)
    Checking Rule Prereqs_STARC-2.3.6.1 (Rule 131 of total 279) .... done (Time = 0.00s, Memory = 4.7K)
    Checking Rule GenTopLevelBlocksForAutoSoc (Rule 132 of total 279) .... done (Time = 0.00s, Memory = 0.0K)
    Checking Rule STARC05-2.1.5.3 (Rule 133 of total 279) .... done (Time = 0.00s, Memory = 0.0K)
    Checking Rule STARC05-2.2.3.3 (Rule 134 of total 279) .... done (Time = 0.00s, Memory = 0.0K)
    Checking Rule STARC05-2.3.1.6 (Rule 135 of total 279) .... done (Time = 0.00s, Memory = 0.0K)
    Checking Rule STARC05-2.10.2.3 (Rule 136 of total 279) .... done (Time = 0.00s, Memory = 0.0K)
    Checking Rule STARC05-2.10.3.2a (Rule 137 of total 279) .... done (Time = 0.00s, Memory = 8.0K)
    Checking Rule STARC05-2.11.3.1 (Rule 138 of total 279) .... done (Time = 0.00s, Memory = -32.0K)
    Checking Rule STARC05-2.1.3.1 (Rule 139 of total 279) .... done (Time = 0.00s, Memory = 0.0K)
    Checking Rule STARC05-2.10.1.4b (Rule 140 of total 279) .... done (Time = 0.00s, Memory = 0.0K)
    Checking Rule W110 (Rule 141 of total 279) .... done (Time = 0.00s, Memory = 0.0K)
    Checking Rule W122 (Rule 142 of total 279) .... done (Time = 0.00s, Memory = 0.0K)
    Checking Rule W496a (Rule 143 of total 279) .... done (Time = 0.00s, Memory = -0.0K)
    Checking Rule W19 (Rule 144 of total 279) .... done (Time = 0.00s, Memory = 0.0K)
    Checking Rule W66 (Rule 145 of total 279) .... done (Time = 0.00s, Memory = 0.0K)
    Checking Rule W116 (Rule 146 of total 279) .... done (Time = 0.00s, Memory = 0.0K)
    Checking Rule W123 (Rule 147 of total 279) .... done (Time = 0.00s, Memory = 4.0K)
    Checking Rule W156 (Rule 148 of total 279) .... done (Time = 0.00s, Memory = -0.2K)
    Checking Rule W215 (Rule 149 of total 279) .... done (Time = 0.00s, Memory = 0.0K)
    Checking Rule W216 (Rule 150 of total 279) .... done (Time = 0.00s, Memory = 8.0K)
    Checking Rule W218 (Rule 151 of total 279) .... done (Time = 0.00s, Memory = 0.0K)
    Checking Rule W224 (Rule 152 of total 279) .... done (Time = 0.00s, Memory = 0.0K)
    Checking Rule W263 (Rule 153 of total 279) .... done (Time = 0.00s, Memory = -20.0K)
    Checking Rule W289 (Rule 154 of total 279) .... done (Time = 0.00s, Memory = 0.0K)
    Checking Rule W337 (Rule 155 of total 279) .... done (Time = 0.00s, Memory = 0.0K)
    Checking Rule W352 (Rule 156 of total 279) .... done (Time = 0.00s, Memory = 0.0K)
    Checking Rule W362 (Rule 157 of total 279) .... done (Time = 0.00s, Memory = 3.9K)
    Checking Rule W415a (Rule 158 of total 279) .... done (Time = 0.00s, Memory = 0.0K)
    Checking Rule W486 (Rule 159 of total 279) .... done (Time = 0.00s, Memory = 0.0K)
    Checking Rule W499 (Rule 160 of total 279) .... done (Time = 0.00s, Memory = 0.0K)
    Checking Rule W502 (Rule 161 of total 279) .... done (Time = 0.00s, Memory = 0.0K)
    Checking Rule W116 (Rule 162 of total 279) .... done (Time = 0.00s, Memory = 0.5K)
    Checking Rule W122 (Rule 163 of total 279) .... done (Time = 0.00s, Memory = 0.2K)
    Checking Rule W123 (Rule 164 of total 279) .... done (Time = 0.00s, Memory = 1.1K)
    Checking Rule W71 (Rule 165 of total 279) .... done (Time = 0.00s, Memory = 0.0K)
    Checking Rule W240 (Rule 166 of total 279) .... done (Time = 0.00s, Memory = 0.0K)
    Checking Rule W240 (Rule 167 of total 279) .... done (Time = 0.00s, Memory = 0.2K)
    Checking Rule W287a (Rule 168 of total 279) .... done (Time = 0.00s, Memory = 1.6K)
    Checking Rule W293 (Rule 169 of total 279) .... done (Time = 0.00s, Memory = 0.0K)
    Checking Rule W398 (Rule 170 of total 279) .... done (Time = 0.00s, Memory = 0.0K)
    Checking Rule W424 (Rule 171 of total 279) .... done (Time = 0.00s, Memory = 4.0K)
    Checking Rule W467 (Rule 172 of total 279) .... done (Time = 0.00s, Memory = 0.0K)
    Checking Rule W505 (Rule 173 of total 279) .... done (Time = 0.00s, Memory = 0.0K)
    Checking Rule W505 (Rule 174 of total 279) .... done (Time = 0.00s, Memory = 0.0K)
    Checking Rule W528 (Rule 175 of total 279) .... done (Time = 0.00s, Memory = -24.4K)
    Checking Rule W528 (Rule 176 of total 279) .... done (Time = 0.00s, Memory = 645.8K)
    Checking Rule Prereqs_Usage (Rule 177 of total 279) .... done (Time = 0.00s, Memory = -10.8K)
    Checking Rule Postreqs_CheckFuncTask (Rule 178 of total 279) .... done (Time = 0.00s, Memory = -0.8K)
    Checking Rule Prereqs_ConstantInput-ML (Rule 179 of total 279) .... done (Time = 0.00s, Memory = -0.6K)
    Checking Rule Prereqs_ConstantInput-ML (Rule 180 of total 279) .... done (Time = 0.00s, Memory = 0.0K)
    Checking Rule ReportPortInfo-ML (Rule 181 of total 279) .... done (Time = 0.00s, Memory = 7.2K)
    Checking Rule NoAssignX-ML (Rule 182 of total 279) .... done (Time = 0.00s, Memory = 32.0K)
    Checking Rule ParamWidthMismatch-ML (Rule 183 of total 279) .... done (Time = 0.00s, Memory = 32.0K)
    Checking Rule Postreqs_Usage_ML (Rule 184 of total 279) .... done (Time = 0.00s, Memory = 0.0K)
    Checking Rule NoXInCase-ML (Rule 185 of total 279) .... done (Time = 0.00s, Memory = 0.0K)
Checking ELABDU Rules for designUnit CLK_GATE
    Checking Rule syncRstReq (Rule 127 of total 279) .... done (Time = 0.00s, Memory = 0.0K)
    Checking Rule syncRstReq (Rule 128 of total 279) .... done (Time = 0.00s, Memory = 0.0K)
    Checking Rule AcOvlRtl (Rule 129 of total 279) .... done (Time = 0.00s, Memory = 0.0K)
    Checking Rule AcOvlRtl (Rule 130 of total 279) .... done (Time = 0.00s, Memory = 0.0K)
    Checking Rule Prereqs_STARC-2.3.6.1 (Rule 131 of total 279) .... done (Time = 0.00s, Memory = 0.0K)
    Checking Rule GenTopLevelBlocksForAutoSoc (Rule 132 of total 279) .... done (Time = 0.00s, Memory = 0.0K)
    Checking Rule STARC05-2.1.5.3 (Rule 133 of total 279) .... done (Time = 0.00s, Memory = 8.0K)
    Checking Rule STARC05-2.2.3.3 (Rule 134 of total 279) .... done (Time = 0.00s, Memory = -24.0K)
    Checking Rule STARC05-2.3.1.6 (Rule 135 of total 279) .... done (Time = 0.00s, Memory = -8.0K)
    Checking Rule STARC05-2.10.2.3 (Rule 136 of total 279) .... done (Time = 0.00s, Memory = 0.0K)
    Checking Rule STARC05-2.10.3.2a (Rule 137 of total 279) .... done (Time = 0.00s, Memory = 0.0K)
    Checking Rule STARC05-2.11.3.1 (Rule 138 of total 279) .... done (Time = 0.00s, Memory = 8.0K)
    Checking Rule STARC05-2.1.3.1 (Rule 139 of total 279) .... done (Time = 0.00s, Memory = 0.0K)
    Checking Rule STARC05-2.10.1.4b (Rule 140 of total 279) .... done (Time = 0.00s, Memory = 0.0K)
    Checking Rule W110 (Rule 141 of total 279) .... done (Time = 0.00s, Memory = 0.0K)
    Checking Rule W122 (Rule 142 of total 279) .... done (Time = 0.00s, Memory = 0.0K)
    Checking Rule W496a (Rule 143 of total 279) .... done (Time = 0.00s, Memory = 0.0K)
    Checking Rule W19 (Rule 144 of total 279) .... done (Time = 0.00s, Memory = 0.0K)
    Checking Rule W66 (Rule 145 of total 279) .... done (Time = 0.00s, Memory = 0.0K)
    Checking Rule W116 (Rule 146 of total 279) .... done (Time = 0.00s, Memory = 0.0K)
    Checking Rule W123 (Rule 147 of total 279) .... done (Time = 0.00s, Memory = 16.0K)
    Checking Rule W156 (Rule 148 of total 279) .... done (Time = 0.00s, Memory = 0.0K)
    Checking Rule W215 (Rule 149 of total 279) .... done (Time = 0.00s, Memory = 0.0K)
    Checking Rule W216 (Rule 150 of total 279) .... done (Time = 0.00s, Memory = 0.0K)
    Checking Rule W218 (Rule 151 of total 279) .... done (Time = 0.00s, Memory = 0.0K)
    Checking Rule W224 (Rule 152 of total 279) .... done (Time = 0.00s, Memory = 0.0K)
    Checking Rule W263 (Rule 153 of total 279) .... done (Time = 0.00s, Memory = 0.0K)
    Checking Rule W289 (Rule 154 of total 279) .... done (Time = 0.00s, Memory = 0.0K)
    Checking Rule W337 (Rule 155 of total 279) .... done (Time = 0.00s, Memory = 0.0K)
    Checking Rule W352 (Rule 156 of total 279) .... done (Time = 0.00s, Memory = 0.0K)
    Checking Rule W362 (Rule 157 of total 279) .... done (Time = 0.00s, Memory = 0.0K)
    Checking Rule W415a (Rule 158 of total 279) .... done (Time = 0.00s, Memory = -0.1K)
    Checking Rule W486 (Rule 159 of total 279) .... done (Time = 0.00s, Memory = 0.0K)
    Checking Rule W499 (Rule 160 of total 279) .... done (Time = 0.00s, Memory = -0.9K)
    Checking Rule W502 (Rule 161 of total 279) .... done (Time = 0.00s, Memory = 0.0K)
    Checking Rule W116 (Rule 162 of total 279) .... done (Time = 0.00s, Memory = 0.5K)
    Checking Rule W122 (Rule 163 of total 279) .... done (Time = 0.00s, Memory = 0.2K)
    Checking Rule W123 (Rule 164 of total 279) .... done (Time = 0.00s, Memory = 1.1K)
    Checking Rule W71 (Rule 165 of total 279) .... done (Time = 0.00s, Memory = 0.0K)
    Checking Rule W240 (Rule 166 of total 279) .... done (Time = 0.00s, Memory = 0.0K)
    Checking Rule W240 (Rule 167 of total 279) .... done (Time = 0.00s, Memory = 0.2K)
    Checking Rule W287a (Rule 168 of total 279) .... done (Time = 0.00s, Memory = 0.0K)
    Checking Rule W293 (Rule 169 of total 279) .... done (Time = 0.00s, Memory = 0.0K)
    Checking Rule W398 (Rule 170 of total 279) .... done (Time = 0.00s, Memory = 28.7K)
    Checking Rule W424 (Rule 171 of total 279) .... done (Time = 0.00s, Memory = 0.0K)
    Checking Rule W467 (Rule 172 of total 279) .... done (Time = 0.00s, Memory = 0.0K)
    Checking Rule W505 (Rule 173 of total 279) .... done (Time = 0.00s, Memory = 8.0K)
    Checking Rule W505 (Rule 174 of total 279) .... done (Time = 0.00s, Memory = 0.0K)
    Checking Rule W528 (Rule 175 of total 279) .... done (Time = 0.00s, Memory = 8.0K)
    Checking Rule W528 (Rule 176 of total 279) .... done (Time = 0.00s, Memory = 645.8K)
    Checking Rule Prereqs_Usage (Rule 177 of total 279) .... done (Time = 0.00s, Memory = -48.0K)
    Checking Rule Postreqs_CheckFuncTask (Rule 178 of total 279) .... done (Time = 0.00s, Memory = 0.0K)
    Checking Rule Prereqs_ConstantInput-ML (Rule 179 of total 279) .... done (Time = 0.00s, Memory = 0.0K)
    Checking Rule Prereqs_ConstantInput-ML (Rule 180 of total 279) .... done (Time = 0.00s, Memory = 0.0K)
    Checking Rule ReportPortInfo-ML (Rule 181 of total 279) .... done (Time = 0.00s, Memory = 0.0K)
    Checking Rule NoAssignX-ML (Rule 182 of total 279) .... done (Time = 0.00s, Memory = 0.0K)
    Checking Rule ParamWidthMismatch-ML (Rule 183 of total 279) .... done (Time = 0.00s, Memory = 0.0K)
    Checking Rule Postreqs_Usage_ML (Rule 184 of total 279) .... done (Time = 0.00s, Memory = 5.9K)
    Checking Rule NoXInCase-ML (Rule 185 of total 279) .... done (Time = 0.00s, Memory = 0.0K)
Checking Rule SGDC_meta_design_hier01 (Rule 186 of total 279) .... done (Time = 0.00s, Memory = 0.0K)
 Synthesizing module: CLK_GATE (elaborated name: CLK_GATE) ... (Module 1 of total 28)  done 
 Synthesizing module: RST_SYNCH (elaborated name: RST_SYNCH) ... (Module 2 of total 28)  done 
 Synthesizing module: clk_div (elaborated name: clk_div) ... (Module 3 of total 28)  done 
 Synthesizing module: DeSerializer (elaborated name: DeSerializer) ... (Module 4 of total 28)  done 
 Synthesizing module: Data_sampling (elaborated name: Data_sampling) ... (Module 5 of total 28)  done 
 Synthesizing module: Edge_Bit_Counter (elaborated name: Edge_Bit_Counter) ... (Module 6 of total 28)  done 
 Synthesizing module: Parity_chk (elaborated name: Parity_chk) ... (Module 7 of total 28)  done 
 Synthesizing module: Strt_chk (elaborated name: Strt_chk) ... (Module 8 of total 28)  done 
 Synthesizing module: stp_chk (elaborated name: stp_chk) ... (Module 9 of total 28)  done 
 Synthesizing module: RX_FSM (elaborated name: RX_FSM) ... (Module 10 of total 28)  done 
 Synthesizing module: RX_TOP (elaborated name: RX_TOP) ... (Module 11 of total 28)  done 
 Synthesizing module: MUX (elaborated name: MUX) ... (Module 12 of total 28)  done 
 Synthesizing module: parity (elaborated name: parity) ... (Module 13 of total 28)  done 
 Synthesizing module: TX_FSM (elaborated name: TX_FSM) ... (Module 14 of total 28)  done 
 Synthesizing module: serializer (elaborated name: serializer) ... (Module 15 of total 28)  done 
 Synthesizing module: TX_TOP (elaborated name: TX_TOP) ... (Module 16 of total 28)  done 
 Synthesizing module: UART (elaborated name: UART) ... (Module 17 of total 28)  done 
 Synthesizing module: Data_Synch (elaborated name: Data_Synch) ... (Module 18 of total 28)  done 
 Synthesizing module: SYS_CTRL (elaborated name: SYS_CTRL) ... (Module 19 of total 28)  done 
 Synthesizing module: Register (elaborated name: Register) ... (Module 20 of total 28)  done 
 Synthesizing module: ALU (elaborated name: ALU) ... (Module 21 of total 28)  done 
 Synthesizing module: FIFO_RD (elaborated name: FIFO_RD) ... (Module 22 of total 28)  done 
 Synthesizing module: FIFO_WR (elaborated name: FIFO_WR) ... (Module 23 of total 28)  done 
 Synthesizing module: DF_SYNC (elaborated name: DF_SYNC) ... (Module 24 of total 28)  done 
 Synthesizing module: FIFO_MEM_CNTRL (elaborated name: FIFO_MEM_CNTRL) ... (Module 25 of total 28)  done 
 Synthesizing module: FIFO_TOP (elaborated name: FIFO_TOP) ... (Module 26 of total 28)  done 
 Synthesizing module: PULSE_GEN (elaborated name: PULSE_GEN) ... (Module 27 of total 28)  done 
 Synthesizing module: sys_top (elaborated name: sys_top) ... (Module 28 of total 28)  done 
 Synthesis completed.
Checking Rule InferBlackBox (Rule 187 of total 279) .... done (Time = 0.00s, Memory = -5.6K)

INFO [234]    Saving design database in directory './lint_cdc/sys_top/.SG_SaveRestoreDB/autogenerated__default_snapshot' ...
              done

Checking Rule SGDC_waive37 (Rule 188 of total 279) .... done (Time = 0.00s, Memory = 0.0K)
Checking Rule SGDC_waive24 (Rule 189 of total 279) .... done (Time = 0.00s, Memory = -0.4K)
Checking Rule SGDC_waive25 (Rule 190 of total 279) .... done (Time = 0.00s, Memory = 32.0K)
Checking Rule SGDC_waive31 (Rule 191 of total 279) .... done (Time = 0.00s, Memory = 0.0K)
Checking Rule SGDC_waive35 (Rule 192 of total 279) .... done (Time = 0.00s, Memory = 0.0K)
Checking Rule ReportSglibSummary (Rule 193 of total 279) .... done (Time = 0.00s, Memory = 0.0K)
Checking Rule Txv_SvaSetup01 for module CLK_GATE (Rule 194 of total 279) .... done (Time = 0.00s, Memory = 0.0K)
Checking Rule PESVASETUP01 for module CLK_GATE (Rule 195 of total 279) .... done (Time = 0.00s, Memory = 0.0K)
Checking Rule _cdc_save_license01 for module CLK_GATE (Rule 196 of total 279) .... done (Time = 0.00s, Memory = 0.0K)
Checking Rule Reset_check05 for module CLK_GATE (Rule 197 of total 279) .... done (Time = 0.00s, Memory = 0.0K)
Checking Rule _syncResetStyleRTL for module CLK_GATE (Rule 198 of total 279) .... done (Time = 0.00s, Memory = 0.0K)
Checking Rule _meta_delay01 for module CLK_GATE (Rule 199 of total 279) .... done (Time = 0.00s, Memory = 0.0K)
Checking Rule Ac_svasetup01 for module CLK_GATE (Rule 200 of total 279) .... done (Time = 0.00s, Memory = 0.0K)
Checking Rule LogNMuxPrereq for module CLK_GATE (Rule 201 of total 279) .... done (Time = 0.00s, Memory = 0.0K)
Checking Rule STARC-1.3.2.2_prereq for module CLK_GATE (Rule 202 of total 279) .... done (Time = 0.00s, Memory = 0.0K)
Checking Rule W336 for module CLK_GATE (Rule 203 of total 279) .... done (Time = 0.00s, Memory = 0.0K)
Checking Rule W414 for module CLK_GATE (Rule 204 of total 279) .... done (Time = 0.00s, Memory = 0.0K)
Checking Rule W450L for module CLK_GATE (Rule 205 of total 279) .... done (Time = 0.00s, Memory = 0.0K)
Checking Rule HangingNetPreReq-ML for module CLK_GATE (Rule 206 of total 279) .... done (Time = 0.00s, Memory = 0.0K)
Checking Rule RegInputOutput-ML for module CLK_GATE (Rule 207 of total 279) .... done (Time = 0.00s, Memory = 0.0K)
Checking Rule STARC05-2.5.1.7 for module CLK_GATE (Rule 208 of total 279) .... done (Time = 0.00s, Memory = 0.0K)
Checking Rule STARC05-2.5.1.9 for module CLK_GATE (Rule 209 of total 279) .... done (Time = 0.00s, Memory = 0.0K)
Checking Rule Txv_SvaSetup01 for module RST_SYNCH (Rule 194 of total 279) .... done (Time = 0.00s, Memory = 0.0K)
Checking Rule PESVASETUP01 for module RST_SYNCH (Rule 195 of total 279) .... done (Time = 0.00s, Memory = 0.0K)
Checking Rule _cdc_save_license01 for module RST_SYNCH (Rule 196 of total 279) .... done (Time = 0.00s, Memory = 0.0K)
Checking Rule Reset_check05 for module RST_SYNCH (Rule 197 of total 279) .... done (Time = 0.00s, Memory = 0.0K)
Checking Rule _syncResetStyleRTL for module RST_SYNCH (Rule 198 of total 279) .... done (Time = 0.00s, Memory = 0.0K)
Checking Rule _meta_delay01 for module RST_SYNCH (Rule 199 of total 279) .... done (Time = 0.00s, Memory = 0.0K)
Checking Rule Ac_svasetup01 for module RST_SYNCH (Rule 200 of total 279) .... done (Time = 0.00s, Memory = 0.0K)
Checking Rule LogNMuxPrereq for module RST_SYNCH (Rule 201 of total 279) .... done (Time = 0.00s, Memory = 0.0K)
Checking Rule STARC-1.3.2.2_prereq for module RST_SYNCH (Rule 202 of total 279) .... done (Time = 0.00s, Memory = 0.0K)
Checking Rule W336 for module RST_SYNCH (Rule 203 of total 279) .... done (Time = 0.00s, Memory = 0.0K)
Checking Rule W414 for module RST_SYNCH (Rule 204 of total 279) .... done (Time = 0.00s, Memory = 0.0K)
Checking Rule W450L for module RST_SYNCH (Rule 205 of total 279) .... done (Time = 0.00s, Memory = 0.0K)
Checking Rule HangingNetPreReq-ML for module RST_SYNCH (Rule 206 of total 279) .... done (Time = 0.00s, Memory = 0.0K)
Checking Rule RegInputOutput-ML for module RST_SYNCH (Rule 207 of total 279) .... done (Time = 0.00s, Memory = 0.0K)
Checking Rule STARC05-2.5.1.7 for module RST_SYNCH (Rule 208 of total 279) .... done (Time = 0.00s, Memory = 0.0K)
Checking Rule STARC05-2.5.1.9 for module RST_SYNCH (Rule 209 of total 279) .... done (Time = 0.00s, Memory = 0.0K)
Checking Rule Txv_SvaSetup01 for module clk_div (Rule 194 of total 279) .... done (Time = 0.00s, Memory = 0.0K)
Checking Rule PESVASETUP01 for module clk_div (Rule 195 of total 279) .... done (Time = 0.00s, Memory = 0.0K)
Checking Rule _cdc_save_license01 for module clk_div (Rule 196 of total 279) .... done (Time = 0.00s, Memory = 0.0K)
Checking Rule Reset_check05 for module clk_div (Rule 197 of total 279) .... done (Time = 0.00s, Memory = 0.0K)
Checking Rule _syncResetStyleRTL for module clk_div (Rule 198 of total 279) .... done (Time = 0.00s, Memory = 0.0K)
Checking Rule _meta_delay01 for module clk_div (Rule 199 of total 279) .... done (Time = 0.00s, Memory = 0.0K)
Checking Rule Ac_svasetup01 for module clk_div (Rule 200 of total 279) .... done (Time = 0.00s, Memory = 0.0K)
Checking Rule LogNMuxPrereq for module clk_div (Rule 201 of total 279) .... done (Time = 0.00s, Memory = 0.0K)
Checking Rule STARC-1.3.2.2_prereq for module clk_div (Rule 202 of total 279) .... done (Time = 0.00s, Memory = 0.0K)
Checking Rule W336 for module clk_div (Rule 203 of total 279) .... done (Time = 0.00s, Memory = 0.0K)
Checking Rule W414 for module clk_div (Rule 204 of total 279) .... done (Time = 0.00s, Memory = 0.0K)
Checking Rule W450L for module clk_div (Rule 205 of total 279) .... done (Time = 0.00s, Memory = 0.0K)
Checking Rule HangingNetPreReq-ML for module clk_div (Rule 206 of total 279) .... done (Time = 0.00s, Memory = 0.0K)
Checking Rule RegInputOutput-ML for module clk_div (Rule 207 of total 279) .... done (Time = 0.00s, Memory = 0.0K)
Checking Rule STARC05-2.5.1.7 for module clk_div (Rule 208 of total 279) .... done (Time = 0.00s, Memory = 0.0K)
Checking Rule STARC05-2.5.1.9 for module clk_div (Rule 209 of total 279) .... done (Time = 0.00s, Memory = 0.0K)
Checking Rule Txv_SvaSetup01 for module DeSerializer (Rule 194 of total 279) .... done (Time = 0.00s, Memory = 0.0K)
Checking Rule PESVASETUP01 for module DeSerializer (Rule 195 of total 279) .... done (Time = 0.00s, Memory = 0.0K)
Checking Rule _cdc_save_license01 for module DeSerializer (Rule 196 of total 279) .... done (Time = 0.00s, Memory = 0.0K)
Checking Rule Reset_check05 for module DeSerializer (Rule 197 of total 279) .... done (Time = 0.00s, Memory = 0.0K)
Checking Rule _syncResetStyleRTL for module DeSerializer (Rule 198 of total 279) .... done (Time = 0.00s, Memory = 0.0K)
Checking Rule _meta_delay01 for module DeSerializer (Rule 199 of total 279) .... done (Time = 0.00s, Memory = 0.0K)
Checking Rule Ac_svasetup01 for module DeSerializer (Rule 200 of total 279) .... done (Time = 0.00s, Memory = 0.0K)
Checking Rule LogNMuxPrereq for module DeSerializer (Rule 201 of total 279) .... done (Time = 0.00s, Memory = 0.0K)
Checking Rule STARC-1.3.2.2_prereq for module DeSerializer (Rule 202 of total 279) .... done (Time = 0.00s, Memory = 0.0K)
Checking Rule W336 for module DeSerializer (Rule 203 of total 279) .... done (Time = 0.00s, Memory = 0.0K)
Checking Rule W414 for module DeSerializer (Rule 204 of total 279) .... done (Time = 0.00s, Memory = 0.0K)
Checking Rule W450L for module DeSerializer (Rule 205 of total 279) .... done (Time = 0.00s, Memory = 0.0K)
Checking Rule HangingNetPreReq-ML for module DeSerializer (Rule 206 of total 279) .... done (Time = 0.00s, Memory = 0.0K)
Checking Rule RegInputOutput-ML for module DeSerializer (Rule 207 of total 279) .... done (Time = 0.00s, Memory = 0.0K)
Checking Rule STARC05-2.5.1.7 for module DeSerializer (Rule 208 of total 279) .... done (Time = 0.00s, Memory = 0.0K)
Checking Rule STARC05-2.5.1.9 for module DeSerializer (Rule 209 of total 279) .... done (Time = 0.00s, Memory = 0.0K)
Checking Rule Txv_SvaSetup01 for module Data_sampling (Rule 194 of total 279) .... done (Time = 0.00s, Memory = 0.0K)
Checking Rule PESVASETUP01 for module Data_sampling (Rule 195 of total 279) .... done (Time = 0.00s, Memory = 0.0K)
Checking Rule _cdc_save_license01 for module Data_sampling (Rule 196 of total 279) .... done (Time = 0.00s, Memory = 0.0K)
Checking Rule Reset_check05 for module Data_sampling (Rule 197 of total 279) .... done (Time = 0.00s, Memory = 0.0K)
Checking Rule _syncResetStyleRTL for module Data_sampling (Rule 198 of total 279) .... done (Time = 0.00s, Memory = 0.0K)
Checking Rule _meta_delay01 for module Data_sampling (Rule 199 of total 279) .... done (Time = 0.00s, Memory = 0.0K)
Checking Rule Ac_svasetup01 for module Data_sampling (Rule 200 of total 279) .... done (Time = 0.00s, Memory = 0.0K)
Checking Rule LogNMuxPrereq for module Data_sampling (Rule 201 of total 279) .... done (Time = 0.00s, Memory = 0.0K)
Checking Rule STARC-1.3.2.2_prereq for module Data_sampling (Rule 202 of total 279) .... done (Time = 0.00s, Memory = 0.0K)
Checking Rule W336 for module Data_sampling (Rule 203 of total 279) .... done (Time = 0.00s, Memory = 0.0K)
Checking Rule W414 for module Data_sampling (Rule 204 of total 279) .... done (Time = 0.00s, Memory = 0.0K)
Checking Rule W450L for module Data_sampling (Rule 205 of total 279) .... done (Time = 0.00s, Memory = 0.0K)
Checking Rule HangingNetPreReq-ML for module Data_sampling (Rule 206 of total 279) .... done (Time = 0.00s, Memory = 0.0K)
Checking Rule RegInputOutput-ML for module Data_sampling (Rule 207 of total 279) .... done (Time = 0.00s, Memory = 0.0K)
Checking Rule STARC05-2.5.1.7 for module Data_sampling (Rule 208 of total 279) .... done (Time = 0.00s, Memory = 0.0K)
Checking Rule STARC05-2.5.1.9 for module Data_sampling (Rule 209 of total 279) .... done (Time = 0.00s, Memory = 0.0K)
Checking Rule Txv_SvaSetup01 for module Edge_Bit_Counter (Rule 194 of total 279) .... done (Time = 0.00s, Memory = 0.0K)
Checking Rule PESVASETUP01 for module Edge_Bit_Counter (Rule 195 of total 279) .... done (Time = 0.00s, Memory = 0.0K)
Checking Rule _cdc_save_license01 for module Edge_Bit_Counter (Rule 196 of total 279) .... done (Time = 0.00s, Memory = 0.0K)
Checking Rule Reset_check05 for module Edge_Bit_Counter (Rule 197 of total 279) .... done (Time = 0.00s, Memory = 0.0K)
Checking Rule _syncResetStyleRTL for module Edge_Bit_Counter (Rule 198 of total 279) .... done (Time = 0.00s, Memory = 0.0K)
Checking Rule _meta_delay01 for module Edge_Bit_Counter (Rule 199 of total 279) .... done (Time = 0.00s, Memory = 0.0K)
Checking Rule Ac_svasetup01 for module Edge_Bit_Counter (Rule 200 of total 279) .... done (Time = 0.00s, Memory = 0.0K)
Checking Rule LogNMuxPrereq for module Edge_Bit_Counter (Rule 201 of total 279) .... done (Time = 0.00s, Memory = 0.0K)
Checking Rule STARC-1.3.2.2_prereq for module Edge_Bit_Counter (Rule 202 of total 279) .... done (Time = 0.00s, Memory = 0.0K)
Checking Rule W336 for module Edge_Bit_Counter (Rule 203 of total 279) .... done (Time = 0.00s, Memory = 0.0K)
Checking Rule W414 for module Edge_Bit_Counter (Rule 204 of total 279) .... done (Time = 0.00s, Memory = 0.0K)
Checking Rule W450L for module Edge_Bit_Counter (Rule 205 of total 279) .... done (Time = 0.00s, Memory = 0.0K)
Checking Rule HangingNetPreReq-ML for module Edge_Bit_Counter (Rule 206 of total 279) .... done (Time = 0.00s, Memory = 0.0K)
Checking Rule RegInputOutput-ML for module Edge_Bit_Counter (Rule 207 of total 279) .... done (Time = 0.00s, Memory = 0.0K)
Checking Rule STARC05-2.5.1.7 for module Edge_Bit_Counter (Rule 208 of total 279) .... done (Time = 0.00s, Memory = 0.0K)
Checking Rule STARC05-2.5.1.9 for module Edge_Bit_Counter (Rule 209 of total 279) .... done (Time = 0.00s, Memory = 0.0K)
Checking Rule Txv_SvaSetup01 for module Parity_chk (Rule 194 of total 279) .... done (Time = 0.00s, Memory = 0.0K)
Checking Rule PESVASETUP01 for module Parity_chk (Rule 195 of total 279) .... done (Time = 0.00s, Memory = 0.0K)
Checking Rule _cdc_save_license01 for module Parity_chk (Rule 196 of total 279) .... done (Time = 0.00s, Memory = 0.0K)
Checking Rule Reset_check05 for module Parity_chk (Rule 197 of total 279) .... done (Time = 0.00s, Memory = 0.0K)
Checking Rule _syncResetStyleRTL for module Parity_chk (Rule 198 of total 279) .... done (Time = 0.00s, Memory = 0.0K)
Checking Rule _meta_delay01 for module Parity_chk (Rule 199 of total 279) .... done (Time = 0.00s, Memory = 0.0K)
Checking Rule Ac_svasetup01 for module Parity_chk (Rule 200 of total 279) .... done (Time = 0.00s, Memory = 0.0K)
Checking Rule LogNMuxPrereq for module Parity_chk (Rule 201 of total 279) .... done (Time = 0.00s, Memory = 0.0K)
Checking Rule STARC-1.3.2.2_prereq for module Parity_chk (Rule 202 of total 279) .... done (Time = 0.00s, Memory = 0.0K)
Checking Rule W336 for module Parity_chk (Rule 203 of total 279) .... done (Time = 0.00s, Memory = 0.0K)
Checking Rule W414 for module Parity_chk (Rule 204 of total 279) .... done (Time = 0.00s, Memory = 0.0K)
Checking Rule W450L for module Parity_chk (Rule 205 of total 279) .... done (Time = 0.00s, Memory = 0.0K)
Checking Rule HangingNetPreReq-ML for module Parity_chk (Rule 206 of total 279) .... done (Time = 0.00s, Memory = 0.0K)
Checking Rule RegInputOutput-ML for module Parity_chk (Rule 207 of total 279) .... done (Time = 0.00s, Memory = 0.0K)
Checking Rule STARC05-2.5.1.7 for module Parity_chk (Rule 208 of total 279) .... done (Time = 0.00s, Memory = 0.0K)
Checking Rule STARC05-2.5.1.9 for module Parity_chk (Rule 209 of total 279) .... done (Time = 0.00s, Memory = 0.0K)
Checking Rule Txv_SvaSetup01 for module Strt_chk (Rule 194 of total 279) .... done (Time = 0.00s, Memory = 0.0K)
Checking Rule PESVASETUP01 for module Strt_chk (Rule 195 of total 279) .... done (Time = 0.00s, Memory = 0.0K)
Checking Rule _cdc_save_license01 for module Strt_chk (Rule 196 of total 279) .... done (Time = 0.00s, Memory = 0.0K)
Checking Rule Reset_check05 for module Strt_chk (Rule 197 of total 279) .... done (Time = 0.00s, Memory = 0.0K)
Checking Rule _syncResetStyleRTL for module Strt_chk (Rule 198 of total 279) .... done (Time = 0.00s, Memory = 0.0K)
Checking Rule _meta_delay01 for module Strt_chk (Rule 199 of total 279) .... done (Time = 0.00s, Memory = 0.0K)
Checking Rule Ac_svasetup01 for module Strt_chk (Rule 200 of total 279) .... done (Time = 0.00s, Memory = 0.0K)
Checking Rule LogNMuxPrereq for module Strt_chk (Rule 201 of total 279) .... done (Time = 0.00s, Memory = 0.0K)
Checking Rule STARC-1.3.2.2_prereq for module Strt_chk (Rule 202 of total 279) .... done (Time = 0.00s, Memory = 0.0K)
Checking Rule W336 for module Strt_chk (Rule 203 of total 279) .... done (Time = 0.00s, Memory = 0.0K)
Checking Rule W414 for module Strt_chk (Rule 204 of total 279) .... done (Time = 0.00s, Memory = 0.0K)
Checking Rule W450L for module Strt_chk (Rule 205 of total 279) .... done (Time = 0.00s, Memory = 0.0K)
Checking Rule HangingNetPreReq-ML for module Strt_chk (Rule 206 of total 279) .... done (Time = 0.00s, Memory = 0.0K)
Checking Rule RegInputOutput-ML for module Strt_chk (Rule 207 of total 279) .... done (Time = 0.00s, Memory = 0.0K)
Checking Rule STARC05-2.5.1.7 for module Strt_chk (Rule 208 of total 279) .... done (Time = 0.00s, Memory = 0.0K)
Checking Rule STARC05-2.5.1.9 for module Strt_chk (Rule 209 of total 279) .... done (Time = 0.00s, Memory = 0.0K)
Checking Rule Txv_SvaSetup01 for module stp_chk (Rule 194 of total 279) .... done (Time = 0.00s, Memory = 0.0K)
Checking Rule PESVASETUP01 for module stp_chk (Rule 195 of total 279) .... done (Time = 0.00s, Memory = 0.0K)
Checking Rule _cdc_save_license01 for module stp_chk (Rule 196 of total 279) .... done (Time = 0.00s, Memory = 0.0K)
Checking Rule Reset_check05 for module stp_chk (Rule 197 of total 279) .... done (Time = 0.00s, Memory = 0.0K)
Checking Rule _syncResetStyleRTL for module stp_chk (Rule 198 of total 279) .... done (Time = 0.00s, Memory = 0.0K)
Checking Rule _meta_delay01 for module stp_chk (Rule 199 of total 279) .... done (Time = 0.00s, Memory = 0.0K)
Checking Rule Ac_svasetup01 for module stp_chk (Rule 200 of total 279) .... done (Time = 0.00s, Memory = 0.0K)
Checking Rule LogNMuxPrereq for module stp_chk (Rule 201 of total 279) .... done (Time = 0.00s, Memory = 0.0K)
Checking Rule STARC-1.3.2.2_prereq for module stp_chk (Rule 202 of total 279) .... done (Time = 0.00s, Memory = 0.0K)
Checking Rule W336 for module stp_chk (Rule 203 of total 279) .... done (Time = 0.00s, Memory = 0.0K)
Checking Rule W414 for module stp_chk (Rule 204 of total 279) .... done (Time = 0.00s, Memory = 0.0K)
Checking Rule W450L for module stp_chk (Rule 205 of total 279) .... done (Time = 0.00s, Memory = 0.0K)
Checking Rule HangingNetPreReq-ML for module stp_chk (Rule 206 of total 279) .... done (Time = 0.00s, Memory = 0.0K)
Checking Rule RegInputOutput-ML for module stp_chk (Rule 207 of total 279) .... done (Time = 0.00s, Memory = 0.0K)
Checking Rule STARC05-2.5.1.7 for module stp_chk (Rule 208 of total 279) .... done (Time = 0.00s, Memory = 0.0K)
Checking Rule STARC05-2.5.1.9 for module stp_chk (Rule 209 of total 279) .... done (Time = 0.00s, Memory = 0.0K)
Checking Rule Txv_SvaSetup01 for module RX_FSM (Rule 194 of total 279) .... done (Time = 0.00s, Memory = 0.0K)
Checking Rule PESVASETUP01 for module RX_FSM (Rule 195 of total 279) .... done (Time = 0.00s, Memory = 0.0K)
Checking Rule _cdc_save_license01 for module RX_FSM (Rule 196 of total 279) .... done (Time = 0.00s, Memory = 0.0K)
Checking Rule Reset_check05 for module RX_FSM (Rule 197 of total 279) .... done (Time = 0.00s, Memory = 0.0K)
Checking Rule _syncResetStyleRTL for module RX_FSM (Rule 198 of total 279) .... done (Time = 0.00s, Memory = 0.0K)
Checking Rule _meta_delay01 for module RX_FSM (Rule 199 of total 279) .... done (Time = 0.00s, Memory = 0.0K)
Checking Rule Ac_svasetup01 for module RX_FSM (Rule 200 of total 279) .... done (Time = 0.00s, Memory = 0.0K)
Checking Rule LogNMuxPrereq for module RX_FSM (Rule 201 of total 279) .... done (Time = 0.00s, Memory = 0.0K)
Checking Rule STARC-1.3.2.2_prereq for module RX_FSM (Rule 202 of total 279) .... done (Time = 0.00s, Memory = 0.0K)
Checking Rule W336 for module RX_FSM (Rule 203 of total 279) .... done (Time = 0.00s, Memory = 0.0K)
Checking Rule W414 for module RX_FSM (Rule 204 of total 279) .... done (Time = 0.00s, Memory = 0.0K)
Checking Rule W450L for module RX_FSM (Rule 205 of total 279) .... done (Time = 0.00s, Memory = 0.0K)
Checking Rule HangingNetPreReq-ML for module RX_FSM (Rule 206 of total 279) .... done (Time = 0.00s, Memory = 0.0K)
Checking Rule RegInputOutput-ML for module RX_FSM (Rule 207 of total 279) .... done (Time = 0.00s, Memory = 0.0K)
Checking Rule STARC05-2.5.1.7 for module RX_FSM (Rule 208 of total 279) .... done (Time = 0.00s, Memory = 0.0K)
Checking Rule STARC05-2.5.1.9 for module RX_FSM (Rule 209 of total 279) .... done (Time = 0.00s, Memory = 0.0K)
Checking Rule Txv_SvaSetup01 for module RX_TOP (Rule 194 of total 279) .... done (Time = 0.00s, Memory = 0.0K)
Checking Rule PESVASETUP01 for module RX_TOP (Rule 195 of total 279) .... done (Time = 0.00s, Memory = 0.0K)
Checking Rule _cdc_save_license01 for module RX_TOP (Rule 196 of total 279) .... done (Time = 0.00s, Memory = 0.0K)
Checking Rule Reset_check05 for module RX_TOP (Rule 197 of total 279) .... done (Time = 0.00s, Memory = 0.0K)
Checking Rule _syncResetStyleRTL for module RX_TOP (Rule 198 of total 279) .... done (Time = 0.00s, Memory = 0.0K)
Checking Rule _meta_delay01 for module RX_TOP (Rule 199 of total 279) .... done (Time = 0.00s, Memory = 0.0K)
Checking Rule Ac_svasetup01 for module RX_TOP (Rule 200 of total 279) .... done (Time = 0.00s, Memory = 0.0K)
Checking Rule LogNMuxPrereq for module RX_TOP (Rule 201 of total 279) .... done (Time = 0.00s, Memory = 0.0K)
Checking Rule STARC-1.3.2.2_prereq for module RX_TOP (Rule 202 of total 279) .... done (Time = 0.00s, Memory = 0.0K)
Checking Rule W336 for module RX_TOP (Rule 203 of total 279) .... done (Time = 0.00s, Memory = 0.0K)
Checking Rule W414 for module RX_TOP (Rule 204 of total 279) .... done (Time = 0.00s, Memory = 0.0K)
Checking Rule W450L for module RX_TOP (Rule 205 of total 279) .... done (Time = 0.00s, Memory = 0.0K)
Checking Rule HangingNetPreReq-ML for module RX_TOP (Rule 206 of total 279) .... done (Time = 0.00s, Memory = 0.0K)
Checking Rule RegInputOutput-ML for module RX_TOP (Rule 207 of total 279) .... done (Time = 0.00s, Memory = 0.0K)
Checking Rule STARC05-2.5.1.7 for module RX_TOP (Rule 208 of total 279) .... done (Time = 0.00s, Memory = 0.0K)
Checking Rule STARC05-2.5.1.9 for module RX_TOP (Rule 209 of total 279) .... done (Time = 0.00s, Memory = 0.0K)
Checking Rule Txv_SvaSetup01 for module MUX (Rule 194 of total 279) .... done (Time = 0.00s, Memory = 0.0K)
Checking Rule PESVASETUP01 for module MUX (Rule 195 of total 279) .... done (Time = 0.00s, Memory = 0.0K)
Checking Rule _cdc_save_license01 for module MUX (Rule 196 of total 279) .... done (Time = 0.00s, Memory = 0.0K)
Checking Rule Reset_check05 for module MUX (Rule 197 of total 279) .... done (Time = 0.00s, Memory = 0.0K)
Checking Rule _syncResetStyleRTL for module MUX (Rule 198 of total 279) .... done (Time = 0.00s, Memory = 0.0K)
Checking Rule _meta_delay01 for module MUX (Rule 199 of total 279) .... done (Time = 0.00s, Memory = 0.0K)
Checking Rule Ac_svasetup01 for module MUX (Rule 200 of total 279) .... done (Time = 0.00s, Memory = 0.0K)
Checking Rule LogNMuxPrereq for module MUX (Rule 201 of total 279) .... done (Time = 0.00s, Memory = 0.0K)
Checking Rule STARC-1.3.2.2_prereq for module MUX (Rule 202 of total 279) .... done (Time = 0.00s, Memory = 0.0K)
Checking Rule W336 for module MUX (Rule 203 of total 279) .... done (Time = 0.00s, Memory = 0.0K)
Checking Rule W414 for module MUX (Rule 204 of total 279) .... done (Time = 0.00s, Memory = 0.0K)
Checking Rule W450L for module MUX (Rule 205 of total 279) .... done (Time = 0.00s, Memory = 0.0K)
Checking Rule HangingNetPreReq-ML for module MUX (Rule 206 of total 279) .... done (Time = 0.00s, Memory = 0.0K)
Checking Rule RegInputOutput-ML for module MUX (Rule 207 of total 279) .... done (Time = 0.00s, Memory = 0.0K)
Checking Rule STARC05-2.5.1.7 for module MUX (Rule 208 of total 279) .... done (Time = 0.00s, Memory = 0.0K)
Checking Rule STARC05-2.5.1.9 for module MUX (Rule 209 of total 279) .... done (Time = 0.00s, Memory = 0.0K)
Checking Rule Txv_SvaSetup01 for module parity (Rule 194 of total 279) .... done (Time = 0.00s, Memory = 0.0K)
Checking Rule PESVASETUP01 for module parity (Rule 195 of total 279) .... done (Time = 0.00s, Memory = 0.0K)
Checking Rule _cdc_save_license01 for module parity (Rule 196 of total 279) .... done (Time = 0.00s, Memory = 0.0K)
Checking Rule Reset_check05 for module parity (Rule 197 of total 279) .... done (Time = 0.00s, Memory = 0.0K)
Checking Rule _syncResetStyleRTL for module parity (Rule 198 of total 279) .... done (Time = 0.00s, Memory = 0.0K)
Checking Rule _meta_delay01 for module parity (Rule 199 of total 279) .... done (Time = 0.00s, Memory = 0.0K)
Checking Rule Ac_svasetup01 for module parity (Rule 200 of total 279) .... done (Time = 0.00s, Memory = 0.0K)
Checking Rule LogNMuxPrereq for module parity (Rule 201 of total 279) .... done (Time = 0.00s, Memory = 0.0K)
Checking Rule STARC-1.3.2.2_prereq for module parity (Rule 202 of total 279) .... done (Time = 0.00s, Memory = 0.0K)
Checking Rule W336 for module parity (Rule 203 of total 279) .... done (Time = 0.00s, Memory = 0.0K)
Checking Rule W414 for module parity (Rule 204 of total 279) .... done (Time = 0.00s, Memory = 0.0K)
Checking Rule W450L for module parity (Rule 205 of total 279) .... done (Time = 0.00s, Memory = 0.0K)
Checking Rule HangingNetPreReq-ML for module parity (Rule 206 of total 279) .... done (Time = 0.00s, Memory = 0.0K)
Checking Rule RegInputOutput-ML for module parity (Rule 207 of total 279) .... done (Time = 0.00s, Memory = 0.0K)
Checking Rule STARC05-2.5.1.7 for module parity (Rule 208 of total 279) .... done (Time = 0.00s, Memory = 0.0K)
Checking Rule STARC05-2.5.1.9 for module parity (Rule 209 of total 279) .... done (Time = 0.00s, Memory = 0.0K)
Checking Rule Txv_SvaSetup01 for module TX_FSM (Rule 194 of total 279) .... done (Time = 0.00s, Memory = 0.0K)
Checking Rule PESVASETUP01 for module TX_FSM (Rule 195 of total 279) .... done (Time = 0.00s, Memory = 0.0K)
Checking Rule _cdc_save_license01 for module TX_FSM (Rule 196 of total 279) .... done (Time = 0.00s, Memory = 0.0K)
Checking Rule Reset_check05 for module TX_FSM (Rule 197 of total 279) .... done (Time = 0.00s, Memory = 0.0K)
Checking Rule _syncResetStyleRTL for module TX_FSM (Rule 198 of total 279) .... done (Time = 0.00s, Memory = 0.0K)
Checking Rule _meta_delay01 for module TX_FSM (Rule 199 of total 279) .... done (Time = 0.00s, Memory = 0.0K)
Checking Rule Ac_svasetup01 for module TX_FSM (Rule 200 of total 279) .... done (Time = 0.00s, Memory = 0.0K)
Checking Rule LogNMuxPrereq for module TX_FSM (Rule 201 of total 279) .... done (Time = 0.00s, Memory = 0.0K)
Checking Rule STARC-1.3.2.2_prereq for module TX_FSM (Rule 202 of total 279) .... done (Time = 0.00s, Memory = 0.0K)
Checking Rule W336 for module TX_FSM (Rule 203 of total 279) .... done (Time = 0.00s, Memory = 0.0K)
Checking Rule W414 for module TX_FSM (Rule 204 of total 279) .... done (Time = 0.00s, Memory = 0.0K)
Checking Rule W450L for module TX_FSM (Rule 205 of total 279) .... done (Time = 0.00s, Memory = 0.0K)
Checking Rule HangingNetPreReq-ML for module TX_FSM (Rule 206 of total 279) .... done (Time = 0.00s, Memory = 0.0K)
Checking Rule RegInputOutput-ML for module TX_FSM (Rule 207 of total 279) .... done (Time = 0.00s, Memory = 0.0K)
Checking Rule STARC05-2.5.1.7 for module TX_FSM (Rule 208 of total 279) .... done (Time = 0.00s, Memory = 0.0K)
Checking Rule STARC05-2.5.1.9 for module TX_FSM (Rule 209 of total 279) .... done (Time = 0.00s, Memory = 0.0K)
Checking Rule Txv_SvaSetup01 for module serializer (Rule 194 of total 279) .... done (Time = 0.00s, Memory = 0.0K)
Checking Rule PESVASETUP01 for module serializer (Rule 195 of total 279) .... done (Time = 0.00s, Memory = 0.0K)
Checking Rule _cdc_save_license01 for module serializer (Rule 196 of total 279) .... done (Time = 0.00s, Memory = 0.0K)
Checking Rule Reset_check05 for module serializer (Rule 197 of total 279) .... done (Time = 0.00s, Memory = 0.0K)
Checking Rule _syncResetStyleRTL for module serializer (Rule 198 of total 279) .... done (Time = 0.00s, Memory = 0.0K)
Checking Rule _meta_delay01 for module serializer (Rule 199 of total 279) .... done (Time = 0.00s, Memory = 0.0K)
Checking Rule Ac_svasetup01 for module serializer (Rule 200 of total 279) .... done (Time = 0.00s, Memory = 0.0K)
Checking Rule LogNMuxPrereq for module serializer (Rule 201 of total 279) .... done (Time = 0.00s, Memory = 0.0K)
Checking Rule STARC-1.3.2.2_prereq for module serializer (Rule 202 of total 279) .... done (Time = 0.00s, Memory = 0.0K)
Checking Rule W336 for module serializer (Rule 203 of total 279) .... done (Time = 0.00s, Memory = 0.0K)
Checking Rule W414 for module serializer (Rule 204 of total 279) .... done (Time = 0.00s, Memory = 0.0K)
Checking Rule W450L for module serializer (Rule 205 of total 279) .... done (Time = 0.00s, Memory = 0.0K)
Checking Rule HangingNetPreReq-ML for module serializer (Rule 206 of total 279) .... done (Time = 0.00s, Memory = 0.0K)
Checking Rule RegInputOutput-ML for module serializer (Rule 207 of total 279) .... done (Time = 0.00s, Memory = 0.0K)
Checking Rule STARC05-2.5.1.7 for module serializer (Rule 208 of total 279) .... done (Time = 0.00s, Memory = 0.0K)
Checking Rule STARC05-2.5.1.9 for module serializer (Rule 209 of total 279) .... done (Time = 0.00s, Memory = 0.0K)
Checking Rule Txv_SvaSetup01 for module TX_TOP (Rule 194 of total 279) .... done (Time = 0.00s, Memory = 0.0K)
Checking Rule PESVASETUP01 for module TX_TOP (Rule 195 of total 279) .... done (Time = 0.00s, Memory = 0.0K)
Checking Rule _cdc_save_license01 for module TX_TOP (Rule 196 of total 279) .... done (Time = 0.00s, Memory = 0.0K)
Checking Rule Reset_check05 for module TX_TOP (Rule 197 of total 279) .... done (Time = 0.00s, Memory = 0.0K)
Checking Rule _syncResetStyleRTL for module TX_TOP (Rule 198 of total 279) .... done (Time = 0.00s, Memory = 0.0K)
Checking Rule _meta_delay01 for module TX_TOP (Rule 199 of total 279) .... done (Time = 0.00s, Memory = 0.0K)
Checking Rule Ac_svasetup01 for module TX_TOP (Rule 200 of total 279) .... done (Time = 0.00s, Memory = 0.0K)
Checking Rule LogNMuxPrereq for module TX_TOP (Rule 201 of total 279) .... done (Time = 0.00s, Memory = 0.0K)
Checking Rule STARC-1.3.2.2_prereq for module TX_TOP (Rule 202 of total 279) .... done (Time = 0.00s, Memory = 0.0K)
Checking Rule W336 for module TX_TOP (Rule 203 of total 279) .... done (Time = 0.00s, Memory = 0.0K)
Checking Rule W414 for module TX_TOP (Rule 204 of total 279) .... done (Time = 0.00s, Memory = 0.0K)
Checking Rule W450L for module TX_TOP (Rule 205 of total 279) .... done (Time = 0.00s, Memory = 0.0K)
Checking Rule HangingNetPreReq-ML for module TX_TOP (Rule 206 of total 279) .... done (Time = 0.00s, Memory = 0.0K)
Checking Rule RegInputOutput-ML for module TX_TOP (Rule 207 of total 279) .... done (Time = 0.00s, Memory = 0.0K)
Checking Rule STARC05-2.5.1.7 for module TX_TOP (Rule 208 of total 279) .... done (Time = 0.00s, Memory = 0.0K)
Checking Rule STARC05-2.5.1.9 for module TX_TOP (Rule 209 of total 279) .... done (Time = 0.00s, Memory = 0.0K)
Checking Rule Txv_SvaSetup01 for module UART (Rule 194 of total 279) .... done (Time = 0.00s, Memory = 0.0K)
Checking Rule PESVASETUP01 for module UART (Rule 195 of total 279) .... done (Time = 0.00s, Memory = 0.0K)
Checking Rule _cdc_save_license01 for module UART (Rule 196 of total 279) .... done (Time = 0.00s, Memory = 0.0K)
Checking Rule Reset_check05 for module UART (Rule 197 of total 279) .... done (Time = 0.00s, Memory = 0.0K)
Checking Rule _syncResetStyleRTL for module UART (Rule 198 of total 279) .... done (Time = 0.00s, Memory = 0.0K)
Checking Rule _meta_delay01 for module UART (Rule 199 of total 279) .... done (Time = 0.00s, Memory = 0.0K)
Checking Rule Ac_svasetup01 for module UART (Rule 200 of total 279) .... done (Time = 0.00s, Memory = 0.0K)
Checking Rule LogNMuxPrereq for module UART (Rule 201 of total 279) .... done (Time = 0.00s, Memory = 0.0K)
Checking Rule STARC-1.3.2.2_prereq for module UART (Rule 202 of total 279) .... done (Time = 0.00s, Memory = 0.0K)
Checking Rule W336 for module UART (Rule 203 of total 279) .... done (Time = 0.00s, Memory = 0.0K)
Checking Rule W414 for module UART (Rule 204 of total 279) .... done (Time = 0.00s, Memory = 0.0K)
Checking Rule W450L for module UART (Rule 205 of total 279) .... done (Time = 0.00s, Memory = 0.0K)
Checking Rule HangingNetPreReq-ML for module UART (Rule 206 of total 279) .... done (Time = 0.00s, Memory = 0.0K)
Checking Rule RegInputOutput-ML for module UART (Rule 207 of total 279) .... done (Time = 0.00s, Memory = 0.0K)
Checking Rule STARC05-2.5.1.7 for module UART (Rule 208 of total 279) .... done (Time = 0.00s, Memory = 0.0K)
Checking Rule STARC05-2.5.1.9 for module UART (Rule 209 of total 279) .... done (Time = 0.00s, Memory = 0.0K)
Checking Rule Txv_SvaSetup01 for module Data_Synch (Rule 194 of total 279) .... done (Time = 0.00s, Memory = 0.0K)
Checking Rule PESVASETUP01 for module Data_Synch (Rule 195 of total 279) .... done (Time = 0.00s, Memory = 0.0K)
Checking Rule _cdc_save_license01 for module Data_Synch (Rule 196 of total 279) .... done (Time = 0.00s, Memory = 0.0K)
Checking Rule Reset_check05 for module Data_Synch (Rule 197 of total 279) .... done (Time = 0.00s, Memory = 0.0K)
Checking Rule _syncResetStyleRTL for module Data_Synch (Rule 198 of total 279) .... done (Time = 0.00s, Memory = 0.0K)
Checking Rule _meta_delay01 for module Data_Synch (Rule 199 of total 279) .... done (Time = 0.00s, Memory = 0.0K)
Checking Rule Ac_svasetup01 for module Data_Synch (Rule 200 of total 279) .... done (Time = 0.00s, Memory = 0.0K)
Checking Rule LogNMuxPrereq for module Data_Synch (Rule 201 of total 279) .... done (Time = 0.00s, Memory = 0.0K)
Checking Rule STARC-1.3.2.2_prereq for module Data_Synch (Rule 202 of total 279) .... done (Time = 0.00s, Memory = 0.0K)
Checking Rule W336 for module Data_Synch (Rule 203 of total 279) .... done (Time = 0.00s, Memory = 0.0K)
Checking Rule W414 for module Data_Synch (Rule 204 of total 279) .... done (Time = 0.00s, Memory = 0.0K)
Checking Rule W450L for module Data_Synch (Rule 205 of total 279) .... done (Time = 0.00s, Memory = 0.0K)
Checking Rule HangingNetPreReq-ML for module Data_Synch (Rule 206 of total 279) .... done (Time = 0.00s, Memory = 0.0K)
Checking Rule RegInputOutput-ML for module Data_Synch (Rule 207 of total 279) .... done (Time = 0.00s, Memory = 0.0K)
Checking Rule STARC05-2.5.1.7 for module Data_Synch (Rule 208 of total 279) .... done (Time = 0.00s, Memory = 0.0K)
Checking Rule STARC05-2.5.1.9 for module Data_Synch (Rule 209 of total 279) .... done (Time = 0.00s, Memory = 0.0K)
Checking Rule Txv_SvaSetup01 for module SYS_CTRL (Rule 194 of total 279) .... done (Time = 0.00s, Memory = 0.0K)
Checking Rule PESVASETUP01 for module SYS_CTRL (Rule 195 of total 279) .... done (Time = 0.00s, Memory = 0.0K)
Checking Rule _cdc_save_license01 for module SYS_CTRL (Rule 196 of total 279) .... done (Time = 0.00s, Memory = 0.0K)
Checking Rule Reset_check05 for module SYS_CTRL (Rule 197 of total 279) .... done (Time = 0.00s, Memory = 0.0K)
Checking Rule _syncResetStyleRTL for module SYS_CTRL (Rule 198 of total 279) .... done (Time = 0.00s, Memory = 0.0K)
Checking Rule _meta_delay01 for module SYS_CTRL (Rule 199 of total 279) .... done (Time = 0.00s, Memory = 0.0K)
Checking Rule Ac_svasetup01 for module SYS_CTRL (Rule 200 of total 279) .... done (Time = 0.00s, Memory = 0.0K)
Checking Rule LogNMuxPrereq for module SYS_CTRL (Rule 201 of total 279) .... done (Time = 0.00s, Memory = 0.0K)
Checking Rule STARC-1.3.2.2_prereq for module SYS_CTRL (Rule 202 of total 279) .... done (Time = 0.00s, Memory = 0.0K)
Checking Rule W336 for module SYS_CTRL (Rule 203 of total 279) .... done (Time = 0.00s, Memory = 0.0K)
Checking Rule W414 for module SYS_CTRL (Rule 204 of total 279) .... done (Time = 0.00s, Memory = 0.0K)
Checking Rule W450L for module SYS_CTRL (Rule 205 of total 279) .... done (Time = 0.00s, Memory = 0.0K)
Checking Rule HangingNetPreReq-ML for module SYS_CTRL (Rule 206 of total 279) .... done (Time = 0.00s, Memory = 0.0K)
Checking Rule RegInputOutput-ML for module SYS_CTRL (Rule 207 of total 279) .... done (Time = 0.00s, Memory = 0.0K)
Checking Rule STARC05-2.5.1.7 for module SYS_CTRL (Rule 208 of total 279) .... done (Time = 0.00s, Memory = 0.0K)
Checking Rule STARC05-2.5.1.9 for module SYS_CTRL (Rule 209 of total 279) .... done (Time = 0.00s, Memory = 0.0K)
Checking Rule Txv_SvaSetup01 for module Register (Rule 194 of total 279) .... done (Time = 0.00s, Memory = 0.0K)
Checking Rule PESVASETUP01 for module Register (Rule 195 of total 279) .... done (Time = 0.00s, Memory = 0.0K)
Checking Rule _cdc_save_license01 for module Register (Rule 196 of total 279) .... done (Time = 0.00s, Memory = 0.0K)
Checking Rule Reset_check05 for module Register (Rule 197 of total 279) .... done (Time = 0.00s, Memory = 0.0K)
Checking Rule _syncResetStyleRTL for module Register (Rule 198 of total 279) .... done (Time = 0.00s, Memory = 0.0K)
Checking Rule _meta_delay01 for module Register (Rule 199 of total 279) .... done (Time = 0.00s, Memory = 0.0K)
Checking Rule Ac_svasetup01 for module Register (Rule 200 of total 279) .... done (Time = 0.00s, Memory = 0.0K)
Checking Rule LogNMuxPrereq for module Register (Rule 201 of total 279) .... done (Time = 0.00s, Memory = 0.0K)
Checking Rule STARC-1.3.2.2_prereq for module Register (Rule 202 of total 279) .... done (Time = 0.00s, Memory = 0.0K)
Checking Rule W336 for module Register (Rule 203 of total 279) .... done (Time = 0.00s, Memory = 0.0K)
Checking Rule W414 for module Register (Rule 204 of total 279) .... done (Time = 0.00s, Memory = 0.0K)
Checking Rule W450L for module Register (Rule 205 of total 279) .... done (Time = 0.00s, Memory = 0.0K)
Checking Rule HangingNetPreReq-ML for module Register (Rule 206 of total 279) .... done (Time = 0.00s, Memory = 0.0K)
Checking Rule RegInputOutput-ML for module Register (Rule 207 of total 279) .... done (Time = 0.00s, Memory = 0.0K)
Checking Rule STARC05-2.5.1.7 for module Register (Rule 208 of total 279) .... done (Time = 0.00s, Memory = 0.0K)
Checking Rule STARC05-2.5.1.9 for module Register (Rule 209 of total 279) .... done (Time = 0.00s, Memory = 0.0K)
Checking Rule Txv_SvaSetup01 for module ALU (Rule 194 of total 279) .... done (Time = 0.00s, Memory = 0.0K)
Checking Rule PESVASETUP01 for module ALU (Rule 195 of total 279) .... done (Time = 0.00s, Memory = 0.0K)
Checking Rule _cdc_save_license01 for module ALU (Rule 196 of total 279) .... done (Time = 0.00s, Memory = 0.0K)
Checking Rule Reset_check05 for module ALU (Rule 197 of total 279) .... done (Time = 0.00s, Memory = 0.0K)
Checking Rule _syncResetStyleRTL for module ALU (Rule 198 of total 279) .... done (Time = 0.00s, Memory = 0.0K)
Checking Rule _meta_delay01 for module ALU (Rule 199 of total 279) .... done (Time = 0.00s, Memory = 0.0K)
Checking Rule Ac_svasetup01 for module ALU (Rule 200 of total 279) .... done (Time = 0.00s, Memory = 0.0K)
Checking Rule LogNMuxPrereq for module ALU (Rule 201 of total 279) .... done (Time = 0.00s, Memory = 0.0K)
Checking Rule STARC-1.3.2.2_prereq for module ALU (Rule 202 of total 279) .... done (Time = 0.00s, Memory = 0.0K)
Checking Rule W336 for module ALU (Rule 203 of total 279) .... done (Time = 0.00s, Memory = 0.0K)
Checking Rule W414 for module ALU (Rule 204 of total 279) .... done (Time = 0.00s, Memory = 0.0K)
Checking Rule W450L for module ALU (Rule 205 of total 279) .... done (Time = 0.00s, Memory = 0.0K)
Checking Rule HangingNetPreReq-ML for module ALU (Rule 206 of total 279) .... done (Time = 0.00s, Memory = 0.0K)
Checking Rule RegInputOutput-ML for module ALU (Rule 207 of total 279) .... done (Time = 0.00s, Memory = 0.0K)
Checking Rule STARC05-2.5.1.7 for module ALU (Rule 208 of total 279) .... done (Time = 0.00s, Memory = 0.0K)
Checking Rule STARC05-2.5.1.9 for module ALU (Rule 209 of total 279) .... done (Time = 0.00s, Memory = 0.0K)
Checking Rule Txv_SvaSetup01 for module FIFO_RD (Rule 194 of total 279) .... done (Time = 0.00s, Memory = 0.0K)
Checking Rule PESVASETUP01 for module FIFO_RD (Rule 195 of total 279) .... done (Time = 0.00s, Memory = 0.0K)
Checking Rule _cdc_save_license01 for module FIFO_RD (Rule 196 of total 279) .... done (Time = 0.00s, Memory = 0.0K)
Checking Rule Reset_check05 for module FIFO_RD (Rule 197 of total 279) .... done (Time = 0.00s, Memory = 0.0K)
Checking Rule _syncResetStyleRTL for module FIFO_RD (Rule 198 of total 279) .... done (Time = 0.00s, Memory = 0.0K)
Checking Rule _meta_delay01 for module FIFO_RD (Rule 199 of total 279) .... done (Time = 0.00s, Memory = 0.0K)
Checking Rule Ac_svasetup01 for module FIFO_RD (Rule 200 of total 279) .... done (Time = 0.00s, Memory = 0.0K)
Checking Rule LogNMuxPrereq for module FIFO_RD (Rule 201 of total 279) .... done (Time = 0.00s, Memory = 0.0K)
Checking Rule STARC-1.3.2.2_prereq for module FIFO_RD (Rule 202 of total 279) .... done (Time = 0.00s, Memory = 0.0K)
Checking Rule W336 for module FIFO_RD (Rule 203 of total 279) .... done (Time = 0.00s, Memory = 0.0K)
Checking Rule W414 for module FIFO_RD (Rule 204 of total 279) .... done (Time = 0.00s, Memory = 0.0K)
Checking Rule W450L for module FIFO_RD (Rule 205 of total 279) .... done (Time = 0.00s, Memory = 0.0K)
Checking Rule HangingNetPreReq-ML for module FIFO_RD (Rule 206 of total 279) .... done (Time = 0.00s, Memory = 0.0K)
Checking Rule RegInputOutput-ML for module FIFO_RD (Rule 207 of total 279) .... done (Time = 0.00s, Memory = 0.0K)
Checking Rule STARC05-2.5.1.7 for module FIFO_RD (Rule 208 of total 279) .... done (Time = 0.00s, Memory = 0.0K)
Checking Rule STARC05-2.5.1.9 for module FIFO_RD (Rule 209 of total 279) .... done (Time = 0.00s, Memory = 0.0K)
Checking Rule Txv_SvaSetup01 for module FIFO_WR (Rule 194 of total 279) .... done (Time = 0.00s, Memory = 0.0K)
Checking Rule PESVASETUP01 for module FIFO_WR (Rule 195 of total 279) .... done (Time = 0.00s, Memory = 0.0K)
Checking Rule _cdc_save_license01 for module FIFO_WR (Rule 196 of total 279) .... done (Time = 0.00s, Memory = 0.0K)
Checking Rule Reset_check05 for module FIFO_WR (Rule 197 of total 279) .... done (Time = 0.00s, Memory = 0.0K)
Checking Rule _syncResetStyleRTL for module FIFO_WR (Rule 198 of total 279) .... done (Time = 0.00s, Memory = 0.0K)
Checking Rule _meta_delay01 for module FIFO_WR (Rule 199 of total 279) .... done (Time = 0.00s, Memory = 0.0K)
Checking Rule Ac_svasetup01 for module FIFO_WR (Rule 200 of total 279) .... done (Time = 0.00s, Memory = 0.0K)
Checking Rule LogNMuxPrereq for module FIFO_WR (Rule 201 of total 279) .... done (Time = 0.00s, Memory = 0.0K)
Checking Rule STARC-1.3.2.2_prereq for module FIFO_WR (Rule 202 of total 279) .... done (Time = 0.00s, Memory = 0.0K)
Checking Rule W336 for module FIFO_WR (Rule 203 of total 279) .... done (Time = 0.00s, Memory = 0.0K)
Checking Rule W414 for module FIFO_WR (Rule 204 of total 279) .... done (Time = 0.00s, Memory = 0.0K)
Checking Rule W450L for module FIFO_WR (Rule 205 of total 279) .... done (Time = 0.00s, Memory = 0.0K)
Checking Rule HangingNetPreReq-ML for module FIFO_WR (Rule 206 of total 279) .... done (Time = 0.00s, Memory = 0.0K)
Checking Rule RegInputOutput-ML for module FIFO_WR (Rule 207 of total 279) .... done (Time = 0.00s, Memory = 0.0K)
Checking Rule STARC05-2.5.1.7 for module FIFO_WR (Rule 208 of total 279) .... done (Time = 0.00s, Memory = 0.0K)
Checking Rule STARC05-2.5.1.9 for module FIFO_WR (Rule 209 of total 279) .... done (Time = 0.00s, Memory = 0.0K)
Checking Rule Txv_SvaSetup01 for module DF_SYNC (Rule 194 of total 279) .... done (Time = 0.00s, Memory = 0.0K)
Checking Rule PESVASETUP01 for module DF_SYNC (Rule 195 of total 279) .... done (Time = 0.00s, Memory = 0.0K)
Checking Rule _cdc_save_license01 for module DF_SYNC (Rule 196 of total 279) .... done (Time = 0.00s, Memory = 0.0K)
Checking Rule Reset_check05 for module DF_SYNC (Rule 197 of total 279) .... done (Time = 0.00s, Memory = 0.0K)
Checking Rule _syncResetStyleRTL for module DF_SYNC (Rule 198 of total 279) .... done (Time = 0.00s, Memory = 0.0K)
Checking Rule _meta_delay01 for module DF_SYNC (Rule 199 of total 279) .... done (Time = 0.00s, Memory = 0.0K)
Checking Rule Ac_svasetup01 for module DF_SYNC (Rule 200 of total 279) .... done (Time = 0.00s, Memory = 0.0K)
Checking Rule LogNMuxPrereq for module DF_SYNC (Rule 201 of total 279) .... done (Time = 0.00s, Memory = 0.0K)
Checking Rule STARC-1.3.2.2_prereq for module DF_SYNC (Rule 202 of total 279) .... done (Time = 0.00s, Memory = 0.0K)
Checking Rule W336 for module DF_SYNC (Rule 203 of total 279) .... done (Time = 0.00s, Memory = 0.0K)
Checking Rule W414 for module DF_SYNC (Rule 204 of total 279) .... done (Time = 0.00s, Memory = 0.0K)
Checking Rule W450L for module DF_SYNC (Rule 205 of total 279) .... done (Time = 0.00s, Memory = 0.0K)
Checking Rule HangingNetPreReq-ML for module DF_SYNC (Rule 206 of total 279) .... done (Time = 0.00s, Memory = 0.0K)
Checking Rule RegInputOutput-ML for module DF_SYNC (Rule 207 of total 279) .... done (Time = 0.00s, Memory = 0.0K)
Checking Rule STARC05-2.5.1.7 for module DF_SYNC (Rule 208 of total 279) .... done (Time = 0.00s, Memory = 0.0K)
Checking Rule STARC05-2.5.1.9 for module DF_SYNC (Rule 209 of total 279) .... done (Time = 0.00s, Memory = 0.0K)
Checking Rule Txv_SvaSetup01 for module FIFO_MEM_CNTRL (Rule 194 of total 279) .... done (Time = 0.00s, Memory = 0.0K)
Checking Rule PESVASETUP01 for module FIFO_MEM_CNTRL (Rule 195 of total 279) .... done (Time = 0.00s, Memory = 0.0K)
Checking Rule _cdc_save_license01 for module FIFO_MEM_CNTRL (Rule 196 of total 279) .... done (Time = 0.00s, Memory = 0.0K)
Checking Rule Reset_check05 for module FIFO_MEM_CNTRL (Rule 197 of total 279) .... done (Time = 0.00s, Memory = 0.0K)
Checking Rule _syncResetStyleRTL for module FIFO_MEM_CNTRL (Rule 198 of total 279) .... done (Time = 0.00s, Memory = 0.0K)
Checking Rule _meta_delay01 for module FIFO_MEM_CNTRL (Rule 199 of total 279) .... done (Time = 0.00s, Memory = 0.0K)
Checking Rule Ac_svasetup01 for module FIFO_MEM_CNTRL (Rule 200 of total 279) .... done (Time = 0.00s, Memory = 0.0K)
Checking Rule LogNMuxPrereq for module FIFO_MEM_CNTRL (Rule 201 of total 279) .... done (Time = 0.00s, Memory = 0.0K)
Checking Rule STARC-1.3.2.2_prereq for module FIFO_MEM_CNTRL (Rule 202 of total 279) .... done (Time = 0.00s, Memory = 0.0K)
Checking Rule W336 for module FIFO_MEM_CNTRL (Rule 203 of total 279) .... done (Time = 0.00s, Memory = 0.0K)
Checking Rule W414 for module FIFO_MEM_CNTRL (Rule 204 of total 279) .... done (Time = 0.00s, Memory = 0.0K)
Checking Rule W450L for module FIFO_MEM_CNTRL (Rule 205 of total 279) .... done (Time = 0.00s, Memory = 0.0K)
Checking Rule HangingNetPreReq-ML for module FIFO_MEM_CNTRL (Rule 206 of total 279) .... done (Time = 0.00s, Memory = 0.0K)
Checking Rule RegInputOutput-ML for module FIFO_MEM_CNTRL (Rule 207 of total 279) .... done (Time = 0.00s, Memory = 0.0K)
Checking Rule STARC05-2.5.1.7 for module FIFO_MEM_CNTRL (Rule 208 of total 279) .... done (Time = 0.00s, Memory = 0.0K)
Checking Rule STARC05-2.5.1.9 for module FIFO_MEM_CNTRL (Rule 209 of total 279) .... done (Time = 0.00s, Memory = 0.0K)
Checking Rule Txv_SvaSetup01 for module FIFO_TOP (Rule 194 of total 279) .... done (Time = 0.00s, Memory = 0.0K)
Checking Rule PESVASETUP01 for module FIFO_TOP (Rule 195 of total 279) .... done (Time = 0.00s, Memory = 0.0K)
Checking Rule _cdc_save_license01 for module FIFO_TOP (Rule 196 of total 279) .... done (Time = 0.00s, Memory = 0.0K)
Checking Rule Reset_check05 for module FIFO_TOP (Rule 197 of total 279) .... done (Time = 0.00s, Memory = 0.0K)
Checking Rule _syncResetStyleRTL for module FIFO_TOP (Rule 198 of total 279) .... done (Time = 0.00s, Memory = 0.0K)
Checking Rule _meta_delay01 for module FIFO_TOP (Rule 199 of total 279) .... done (Time = 0.00s, Memory = 0.0K)
Checking Rule Ac_svasetup01 for module FIFO_TOP (Rule 200 of total 279) .... done (Time = 0.00s, Memory = 0.0K)
Checking Rule LogNMuxPrereq for module FIFO_TOP (Rule 201 of total 279) .... done (Time = 0.00s, Memory = 0.0K)
Checking Rule STARC-1.3.2.2_prereq for module FIFO_TOP (Rule 202 of total 279) .... done (Time = 0.00s, Memory = 0.0K)
Checking Rule W336 for module FIFO_TOP (Rule 203 of total 279) .... done (Time = 0.00s, Memory = 0.0K)
Checking Rule W414 for module FIFO_TOP (Rule 204 of total 279) .... done (Time = 0.00s, Memory = 0.0K)
Checking Rule W450L for module FIFO_TOP (Rule 205 of total 279) .... done (Time = 0.00s, Memory = 0.0K)
Checking Rule HangingNetPreReq-ML for module FIFO_TOP (Rule 206 of total 279) .... done (Time = 0.00s, Memory = 0.0K)
Checking Rule RegInputOutput-ML for module FIFO_TOP (Rule 207 of total 279) .... done (Time = 0.00s, Memory = 0.0K)
Checking Rule STARC05-2.5.1.7 for module FIFO_TOP (Rule 208 of total 279) .... done (Time = 0.00s, Memory = 0.0K)
Checking Rule STARC05-2.5.1.9 for module FIFO_TOP (Rule 209 of total 279) .... done (Time = 0.00s, Memory = 0.0K)
Checking Rule Txv_SvaSetup01 for module PULSE_GEN (Rule 194 of total 279) .... done (Time = 0.00s, Memory = 0.0K)
Checking Rule PESVASETUP01 for module PULSE_GEN (Rule 195 of total 279) .... done (Time = 0.00s, Memory = 0.0K)
Checking Rule _cdc_save_license01 for module PULSE_GEN (Rule 196 of total 279) .... done (Time = 0.00s, Memory = 0.0K)
Checking Rule Reset_check05 for module PULSE_GEN (Rule 197 of total 279) .... done (Time = 0.00s, Memory = 0.0K)
Checking Rule _syncResetStyleRTL for module PULSE_GEN (Rule 198 of total 279) .... done (Time = 0.00s, Memory = 0.0K)
Checking Rule _meta_delay01 for module PULSE_GEN (Rule 199 of total 279) .... done (Time = 0.00s, Memory = 0.0K)
Checking Rule Ac_svasetup01 for module PULSE_GEN (Rule 200 of total 279) .... done (Time = 0.00s, Memory = 0.0K)
Checking Rule LogNMuxPrereq for module PULSE_GEN (Rule 201 of total 279) .... done (Time = 0.00s, Memory = 0.0K)
Checking Rule STARC-1.3.2.2_prereq for module PULSE_GEN (Rule 202 of total 279) .... done (Time = 0.00s, Memory = 0.0K)
Checking Rule W336 for module PULSE_GEN (Rule 203 of total 279) .... done (Time = 0.00s, Memory = 0.0K)
Checking Rule W414 for module PULSE_GEN (Rule 204 of total 279) .... done (Time = 0.00s, Memory = 0.0K)
Checking Rule W450L for module PULSE_GEN (Rule 205 of total 279) .... done (Time = 0.00s, Memory = 0.0K)
Checking Rule HangingNetPreReq-ML for module PULSE_GEN (Rule 206 of total 279) .... done (Time = 0.00s, Memory = 0.0K)
Checking Rule RegInputOutput-ML for module PULSE_GEN (Rule 207 of total 279) .... done (Time = 0.00s, Memory = 0.0K)
Checking Rule STARC05-2.5.1.7 for module PULSE_GEN (Rule 208 of total 279) .... done (Time = 0.00s, Memory = 0.0K)
Checking Rule STARC05-2.5.1.9 for module PULSE_GEN (Rule 209 of total 279) .... done (Time = 0.00s, Memory = 0.0K)
Checking Rule Txv_SvaSetup01 for module sys_top (Rule 194 of total 279) .... done (Time = 0.00s, Memory = 0.0K)
Checking Rule PESVASETUP01 for module sys_top (Rule 195 of total 279) .... done (Time = 0.00s, Memory = 0.0K)
Checking Rule _cdc_save_license01 for module sys_top (Rule 196 of total 279) .... done (Time = 0.00s, Memory = 0.0K)
Checking Rule Reset_check05 for module sys_top (Rule 197 of total 279) .... done (Time = 0.00s, Memory = 0.0K)
Checking Rule _syncResetStyleRTL for module sys_top (Rule 198 of total 279) .... done (Time = 0.00s, Memory = 0.0K)
Checking Rule _meta_delay01 for module sys_top (Rule 199 of total 279) .... done (Time = 0.00s, Memory = 0.0K)
Checking Rule Ac_svasetup01 for module sys_top (Rule 200 of total 279) .... done (Time = 0.00s, Memory = 0.0K)
Checking Rule LogNMuxPrereq for module sys_top (Rule 201 of total 279) .... done (Time = 0.00s, Memory = 0.0K)
Checking Rule STARC-1.3.2.2_prereq for module sys_top (Rule 202 of total 279) .... done (Time = 0.00s, Memory = 0.0K)
Checking Rule W336 for module sys_top (Rule 203 of total 279) .... done (Time = 0.00s, Memory = 0.0K)
Checking Rule W414 for module sys_top (Rule 204 of total 279) .... done (Time = 0.00s, Memory = 0.0K)
Checking Rule W450L for module sys_top (Rule 205 of total 279) .... done (Time = 0.00s, Memory = 0.0K)
Checking Rule HangingNetPreReq-ML for module sys_top (Rule 206 of total 279) .... done (Time = 0.00s, Memory = 0.0K)
Checking Rule RegInputOutput-ML for module sys_top (Rule 207 of total 279) .... done (Time = 0.00s, Memory = 0.0K)
Checking Rule STARC05-2.5.1.7 for module sys_top (Rule 208 of total 279) .... done (Time = 0.00s, Memory = 0.0K)
Checking Rule STARC05-2.5.1.9 for module sys_top (Rule 209 of total 279) .... done (Time = 0.00s, Memory = 0.0K)
Performing semantic checks on SGDC contents
Checking Rule SGDC_testmode03 (Rule 75 of total 279) .... done (Time = 0.00s, Memory = 7.8K)
Checking Rule checkSGDC_01 (Rule 210 of total 279) .... done (Time = 0.00s, Memory = 0.0K)
Checking Rule checkSGDC_03 (Rule 211 of total 279) .... done (Time = 0.00s, Memory = 32.0K)
Checking Rule checkSGDC_08 (Rule 212 of total 279) .... done (Time = 0.00s, Memory = 0.0K)
Checking Rule SGDC_memorywritepin04 (Rule 213 of total 279) .... done (Time = 0.00s, Memory = 0.0K)
Checking Rule SGDC_reset02 (Rule 214 of total 279) .... done (Time = 0.00s, Memory = 0.0K)
Checking Rule SGDC_reset03 (Rule 215 of total 279) .... done (Time = 0.00s, Memory = 7.5K)
Checking Rule SGDC_waive23 (Rule 216 of total 279) .... done (Time = 0.00s, Memory = -1.1K)
Checking Rule SGDC_waive26 (Rule 217 of total 279) .... done (Time = 0.00s, Memory = 1.6K)
Checking Rule SGDC_waive27 (Rule 218 of total 279) .... done (Time = 0.00s, Memory = -0.3K)
Checking Rule SGDC_waive29 (Rule 219 of total 279) .... done (Time = 0.00s, Memory = -0.8K)
Checking Rule SGDC_libgroup03 (Rule 220 of total 279) .... done (Time = 0.00s, Memory = 0.0K)
Checking Rule SGDC_ungroup02 (Rule 221 of total 279) .... done (Time = 0.00s, Memory = -1.0K)
Checking Rule _abstractPortSGDC (Rule 222 of total 279) .... done (Time = 0.00s, Memory = 0.2K)
Checking Rule SGDC_abstract_port03 (Rule 223 of total 279) .... done (Time = 0.00s, Memory = 0.0K)
Checking Rule SGDC_abstract_port04 (Rule 224 of total 279) .... done (Time = 0.00s, Memory = 6.6K)
Checking Rule SGDC_abstract_port05 (Rule 225 of total 279) .... done (Time = 0.00s, Memory = 0.0K)
Checking Rule SGDC_abstract_port07 (Rule 226 of total 279) .... done (Time = 0.00s, Memory = 3.6K)
Checking Rule SGDC_abstract_port08 (Rule 227 of total 279) .... done (Time = 0.00s, Memory = 0.0K)
Checking Rule SGDC_abstract_port10 (Rule 228 of total 279) .... done (Time = 0.00s, Memory = 0.0K)
Checking Rule SGDC_abstract_port11 (Rule 229 of total 279) .... done (Time = 0.00s, Memory = 8.0K)
Checking Rule SGDC_abstract_port12 (Rule 230 of total 279) .... done (Time = 0.00s, Memory = 0.0K)
Checking Rule SGDC_abstract_port13 (Rule 231 of total 279) .... done (Time = 0.00s, Memory = 0.0K)
Checking Rule ReportUngroup (Rule 232 of total 279) .... done (Time = 0.00s, Memory = 4.7K)
Checking Rule LINT_portReten (Rule 233 of total 279) .... done (Time = 0.00s, Memory = 0.0K)
Checking Rule SGDC_abstract_port21 (Rule 234 of total 279) .... done (Time = 0.00s, Memory = 0.0K)
Checking Rule InferLatch (Rule 235 of total 279) .... done (Time = 0.00s, Memory = 28.0K)
Checking Rule UndrivenInTerm-ML (Rule 236 of total 279) .... done (Time = 0.00s, Memory = -11.1K)
 Flattening sys_top (.lib instances separately flattened) ....
 Flattening completed
Checking Rule SGDC_set_case_analysis_LC (Rule 237 of total 279) .... done (Time = 0.00s, Memory = 0.0K)
Checking Rule BufClock (Rule 238 of total 279) .... done (Time = 0.01s, Memory = 1001.4K)
Checking Rule CombLoop (Rule 239 of total 279) .... done (Time = 0.00s, Memory = 516.6K)
Checking Rule STARC05-2.5.1.2 (Rule 240 of total 279) .... done (Time = 0.00s, Memory = -0.6K)
Checking Rule STARC05-1.3.1.3 (Rule 241 of total 279) .... done (Time = 0.00s, Memory = 40.3K)
Checking Rule STARC05-1.4.3.4 (Rule 242 of total 279) .... done (Time = 0.01s, Memory = -23.1K)
Checking Rule FlopClockConstant (Rule 243 of total 279) .... done (Time = 0.00s, Memory = 16.0K)
Checking Rule FlopSRConst (Rule 244 of total 279) .... done (Time = 0.00s, Memory = 0.0K)
Checking Rule FlopEConst (Rule 245 of total 279) .... done (Time = 0.00s, Memory = -1.9K)
Checking Rule checkPinConnectedToSupply (Rule 246 of total 279) .... done (Time = 0.00s, Memory = -22.5K)
Checking Rule W392 (Rule 247 of total 279) .... done (Time = 0.00s, Memory = 97.1K)
Checking Rule W415 (Rule 248 of total 279) .... done (Time = 0.00s, Memory = 26.5K)
Checking Rule LatchFeedback (Rule 249 of total 279) .... done (Time = 0.01s, Memory = -2.7K)
Checking Rule STARC05-2.4.1.5 (Rule 250 of total 279) .... done (Time = 0.00s, Memory = 0.0K)
Checking Rule STARC05-1.2.1.2 (Rule 251 of total 279) .... done (Time = 0.00s, Memory = 33.3K)
Checking Rule AnalyzeBBox (Rule 252 of total 279) .... done (Time = 0.00s, Memory = -0.6K)
Checking Rule ReportCheckDataSummary (Rule 72 of total 279) .... done (Time = 0.00s, Memory = 0.0K)

Generating data for Console...

SpyGlass Rule Checking Complete.

Generating moresimple report from './lint_cdc/sys_top/lint/lint_rtl/spyglass.vdb' to './lint_cdc/sys_top/lint/lint_rtl/spyglass_reports/moresimple.rpt' ....

Generating runsummary report from './lint_cdc/sys_top/lint/lint_rtl/spyglass.vdb' ....

Generating no_msg_reporting_rules report from './lint_cdc/sys_top/lint/lint_rtl/spyglass.vdb' to './lint_cdc/sys_top/lint/lint_rtl/spyglass_reports/no_msg_reporting_rules.rpt' ....

Generating waiver report from './lint_cdc/sys_top/lint/lint_rtl/spyglass.vdb' to './lint_cdc/sys_top/lint/lint_rtl/spyglass_reports/waiver.rpt' ....

Policy specific data (reports) are present in the directory './lint_cdc/sys_top/lint/lint_rtl/spyglass_reports'.

SpyGlass critical reports for the current run are present in directory './lint_cdc/consolidated_reports/sys_top_lint_lint_rtl/'.

---------------------------------------------------------------------------------------------
Results Summary:
---------------------------------------------------------------------------------------------
   Goal Run           :      lint/lint_rtl
   Command-line read  :      0 error,      0 warning,      1 information message 
   Design Read        :      0 error,      0 warning,      3 information messages
      Found 1 top module:
         sys_top   (file: ../rtl/System_Top/SYS_TOP_dft.v)

   Blackbox Resolution:      0 error,      0 warning,      0 information message 
   SGDC Checks        :      0 error,      0 warning,      0 information message 
   Policy lint        :      0 error,      0 warning,      0 information message 
   Policy openmore    :      0 error,      0 warning,      0 information message 
   Policy starc2005   :      0 error,      0 warning,      0 information message 
   -------------------------------------------------------------------------------------
   Total              :      0 error,      0 warning,      4 information messages

  Total Number of Generated Messages     :        10 (1 error, 4 warnings, 5 Infos)
  Number of Waived Messages              :         6 (1 error, 4 warnings, 1 Info)
  Number of Reported Messages            :         4 (0 error, 0 warning, 4 Infos)

---------------------------------------------------------------------------------------------


run_goal: info: updating spyglass.log with goal summary
---------------------------------------------------------------------------------------------------
Results Summary:
---------------------------------------------------------------------------------------------------
   Goal Run           :      lint/lint_rtl
   Top Module         :      sys_top
---------------------------------------------------------------------------------------------------
   Reports Directory: 
   /home/ICer/UART_System/Spyglass2/lint_cdc/consolidated_reports/sys_top_lint_lint_rtl/ 

   SpyGlass LogFile: 
    /home/ICer/UART_System/Spyglass2/lint_cdc/sys_top/lint/lint_rtl/spyglass.log 

   Standard Reports: 
     waiver.rpt          moresimple.rpt          no_msg_reporting_rules.rpt       

   HTML report:
    /home/ICer/UART_System/Spyglass2/lint_cdc/html_reports/goals_summary.html
  

   Technology Reports:  
     <Not Available>
   
   
---------------------------------------------------------------------------------------------------
   Goal Violation Summary:
       Waived   Messages:                      1 Errors,      4 Warnings,      1 Infos
       Reported Messages:         0 Fatals,    0 Errors,      0 Warnings,      4 Infos
---------------------------------------------------------------------------------------------------
   
---------------------------------------------------------------------------------------------------
 
run_goal: info: spyglass.log successfully updated with goal summary
run_goal: info: setting design top `sys_top' as current_design
0 {Rule-checking completed without errors or warnings}current_goal: warning: design query data not saved for last active goal `lint/lint_rtl'
                       (use `save_goal' command or enable `auto_save' option to save design query data for subsequent goals)
current_goal: info: loading goal `cdc/cdc_setup_check' with top `sys_top' (in progress)
current_goal: info: finished loading goal `cdc/cdc_setup_check' (ok)

INFO:    SpyGlass will run goal(s) 'cdc/cdc_setup_check'.


 Auto-compiling gates libraries

        "../System_pnr/std_cells/libs/scmetro_tsmc_cl013g_rvt_ss_1p08v_125c.lib"
        "../System_pnr/std_cells/libs/scmetro_tsmc_cl013g_rvt_tt_1p2v_25c.lib"
        "../System_pnr/std_cells/libs/scmetro_tsmc_cl013g_rvt_ff_1p32v_m40c.lib"
    to
        "./lint_cdc/spyglass_cache/autogenerated_sglib/aggregate.sglib" ...already compiled

 Using this already compiled sglib for the current run ...

RULE-CHECKING IN MIXED MODE
Loading spyglass (SpyGlass_vL-2016.06) ... (picked from /home/synopsys/SpyGlass-L2016.06/SPYGLASS_HOME/policies/spyglass)
Loading clock-reset (SpyGlass_vL-2016.06) ... (picked from /home/synopsys/SpyGlass-L2016.06/SPYGLASS_HOME/policies/clock)
Reading specified sglib files(s) ....
   Processing library: 'scmetro_tsmc_cl013g_rvt_ss_1p08v_125c' .... done
   Processing library: 'scmetro_tsmc_cl013g_rvt_tt_1p2v_25c' .... done
   Processing library: 'scmetro_tsmc_cl013g_rvt_ff_1p32v_m40c' .... done
Checking Rule AutoGenerateSglib (Rule 1 of total 371) .... done (Time = 0.00s, Memory = 0.0K)

INFO [76]    Using `./lint_cdc/sys_top/WORK/64' as the Work Directory for 64bit precompiled dump.
Checking Rule Param_clockreset07 (Rule 2 of total 371) .... done (Time = 0.00s, Memory = 0.0K)
Checking Rule Clock_setup01 (Rule 3 of total 371) .... done (Time = 0.00s, Memory = 36.7K)
Checking Rule Param_clockreset06 (Rule 4 of total 371) .... done (Time = 0.00s, Memory = 0.0K)
Checking Rule SGDC_meta_monitor_attributes01 (Rule 5 of total 371) .... done (Time = 0.00s, Memory = 0.0K)
Checking Rule LP_POWERDATA_CHECK (Rule 6 of total 371) .... done (Time = 0.00s, Memory = 0.0K)
Checking Rule LP_POWERDATA_READ (Rule 7 of total 371) .... done (Time = 0.00s, Memory = 0.0K)
Checking Rule PrecompileLibCheck01 (Rule 8 of total 371) .... done (Time = 0.00s, Memory = 0.0K)
Checking Rule PrecompileLibCheck02 (Rule 9 of total 371) .... done (Time = 0.00s, Memory = 0.0K)
Checking Rule PrecompileLibCheck03 (Rule 10 of total 371) .... done (Time = 0.00s, Memory = 0.0K)
Checking Rule PrecompileLibCheck04 (Rule 11 of total 371) .... done (Time = 0.00s, Memory = 0.0K)
Checking Rule ElabSummary (Rule 12 of total 371) .... done (Time = 0.00s, Memory = 28.0K)
Checking Rule ReportSglibVersionSummary (Rule 13 of total 371) .... done (Time = 0.00s, Memory = -21.0K)
Checking Rule SGDC_assume_path01 (Rule 14 of total 371) .... done (Time = 0.00s, Memory = 0.0K)
Checking Rule SGDC_sdcschema02 (Rule 15 of total 371) .... done (Time = 0.00s, Memory = 11.8K)
Checking Rule SGDC_clock05 (Rule 16 of total 371) .... done (Time = 0.00s, Memory = 9.6K)
Checking Rule SGDC_clock09 (Rule 17 of total 371) .... done (Time = 0.00s, Memory = 0.3K)
Checking Rule SGDC_force_ta05 (Rule 18 of total 371) .... done (Time = 0.00s, Memory = 0.1K)
Checking Rule SGDC_require_path03 (Rule 19 of total 371) .... done (Time = 0.00s, Memory = 0.0K)
Checking Rule SGDC_require_value03 (Rule 20 of total 371) .... done (Time = 0.00s, Memory = 32.0K)
Checking Rule SGDC_voltagedomain05 (Rule 21 of total 371) .... done (Time = 0.00s, Memory = 7.2K)
Checking Rule SGDC_voltagedomain06 (Rule 22 of total 371) .... done (Time = 0.00s, Memory = 0.0K)
Checking Rule SGDC_voltagedomain07 (Rule 23 of total 371) .... done (Time = 0.00s, Memory = 7.5K)
Checking Rule SGDC_powerdomainoutputs02 (Rule 24 of total 371) .... done (Time = 0.00s, Memory = 7.4K)
Checking Rule SGDC_supply01 (Rule 25 of total 371) .... done (Time = 0.00s, Memory = -0.4K)
Checking Rule SGDC_waive01 (Rule 26 of total 371) .... done (Time = 0.00s, Memory = 0.0K)
Checking Rule SGDC_waive02 (Rule 27 of total 371) .... done (Time = 0.00s, Memory = 0.0K)
Checking Rule SGDC_waive03 (Rule 28 of total 371) .... done (Time = 0.00s, Memory = -16.2K)
Checking Rule SGDC_waive04 (Rule 29 of total 371) .... done (Time = 0.00s, Memory = 0.0K)
Checking Rule SGDC_waive05 (Rule 30 of total 371) .... done (Time = 0.00s, Memory = 0.0K)
Checking Rule SGDC_waive06 (Rule 31 of total 371) .... done (Time = 0.00s, Memory = -0.5K)
Checking Rule SGDC_waive07 (Rule 32 of total 371) .... done (Time = 0.00s, Memory = 42.0K)
Checking Rule SGDC_waive08 (Rule 33 of total 371) .... done (Time = 0.00s, Memory = 0.0K)
Checking Rule SGDC_waive09 (Rule 34 of total 371) .... done (Time = 0.00s, Memory = 0.0K)
Checking Rule SGDC_waive10 (Rule 35 of total 371) .... done (Time = 0.00s, Memory = 8.0K)
Checking Rule SGDC_waive11 (Rule 36 of total 371) .... done (Time = 0.00s, Memory = 0.0K)
Checking Rule SGDC_waive12 (Rule 37 of total 371) .... done (Time = 0.00s, Memory = 0.0K)
Checking Rule SGDC_waive13 (Rule 38 of total 371) .... done (Time = 0.00s, Memory = -24.0K)
Checking Rule SGDC_waive21 (Rule 39 of total 371) .... done (Time = 0.00s, Memory = 0.0K)
Checking Rule SGDC_waive22 (Rule 40 of total 371) .... done (Time = 0.00s, Memory = 0.0K)
Checking Rule SGDC_waive30 (Rule 41 of total 371) .... done (Time = 0.00s, Memory = 0.2K)
Checking Rule SGDC_waive32 (Rule 42 of total 371) .... done (Time = 0.00s, Memory = 0.0K)
Checking Rule SGDC_waive33 (Rule 43 of total 371) .... done (Time = 0.00s, Memory = 0.0K)
Checking Rule SGDC_waive36 (Rule 44 of total 371) .... done (Time = 0.00s, Memory = 0.0K)
Checking Rule SGDC_waive38 (Rule 45 of total 371) .... done (Time = 0.00s, Memory = 2.8K)
Checking Rule SGDC_fifo01 (Rule 46 of total 371) .... done (Time = 0.00s, Memory = 0.0K)
Checking Rule SGDC_libgroup01 (Rule 47 of total 371) .... done (Time = 0.00s, Memory = 0.0K)
Checking Rule SGDC_libgroup02 (Rule 48 of total 371) .... done (Time = 0.00s, Memory = 0.0K)
Checking Rule SGDC_libgroup04 (Rule 49 of total 371) .... done (Time = 0.00s, Memory = 0.0K)
Checking Rule SGDC_power_data01 (Rule 50 of total 371) .... done (Time = 0.00s, Memory = 7.5K)
Checking Rule SGDC_ungroup01 (Rule 51 of total 371) .... done (Time = 0.00s, Memory = 32.0K)
Checking Rule SGDC_abstract_port06 (Rule 52 of total 371) .... done (Time = 0.00s, Memory = 7.5K)
Checking Rule SGDC_abstract_port14 (Rule 53 of total 371) .... done (Time = 0.00s, Memory = 0.8K)
Checking Rule SGDC_abstract_port15 (Rule 54 of total 371) .... done (Time = 0.00s, Memory = 0.0K)
Checking Rule SGDC_abstract_port18 (Rule 55 of total 371) .... done (Time = 0.00s, Memory = 0.0K)
Checking Rule sdc_init_rule (Rule 56 of total 371) .... done (Time = 0.00s, Memory = 4.0K)
Checking Rule CMD_ignorelibs01 (Rule 57 of total 371) .... done (Time = 0.00s, Memory = 0.0K)
Checking Rule ReportRuleNotRun (Rule 58 of total 371) .... done (Time = 0.00s, Memory = -15.2K)
Checking Rule SGDC_generated_clock03 (Rule 59 of total 371) .... done (Time = 0.00s, Memory = 0.0K)
Checking Rule SGDC_generated_clock04 (Rule 60 of total 371) .... done (Time = 0.00s, Memory = 11.5K)
Checking Rule SGDC_generated_clock05 (Rule 61 of total 371) .... done (Time = 0.00s, Memory = 0.0K)
Checking Rule SGDC_quasi_static_style02 (Rule 62 of total 371) .... done (Time = 0.00s, Memory = 8.1K)
Checking Rule SGDC_syncresetstyle01 (Rule 63 of total 371) .... done (Time = 0.00s, Memory = 0.0K)
Checking Rule SGDC_network_allowed_cells01 (Rule 64 of total 371) .... done (Time = 0.00s, Memory = 11.9K)
Checking Rule SGDC_numflops01 (Rule 65 of total 371) .... done (Time = 0.00s, Memory = 0.0K)
Checking Rule SGDC_numflops07 (Rule 66 of total 371) .... done (Time = 0.00s, Memory = 0.0K)
Checking Rule SGDC_numflops08 (Rule 67 of total 371) .... done (Time = 0.00s, Memory = 4.0K)
Checking Rule SGDC_numflops09 (Rule 68 of total 371) .... done (Time = 0.00s, Memory = 10.6K)
Checking Rule SGDC_clocksense04 (Rule 69 of total 371) .... done (Time = 0.00s, Memory = 0.0K)
Checking Rule SGDC_check_clock_relation05a (Rule 70 of total 371) .... done (Time = 0.00s, Memory = 0.0K)
Checking Rule SGDC_check_clock_relation05b (Rule 71 of total 371) .... done (Time = 0.00s, Memory = 7.5K)
Checking Rule SGDC_sync_cell08a (Rule 72 of total 371) .... done (Time = 0.00s, Memory = 11.5K)
Checking Rule SGDC_sync_cell09a (Rule 73 of total 371) .... done (Time = 0.00s, Memory = 0.0K)
Checking Rule SGDC_qualifier06 (Rule 74 of total 371) .... done (Time = 0.00s, Memory = 4.9K)
Checking Rule SGDC_cdc_waive03 (Rule 75 of total 371) .... done (Time = 0.00s, Memory = 4.7K)
Checking Rule SGDC_qualifier09 (Rule 76 of total 371) .... done (Time = 0.00s, Memory = 0.5K)
Checking Rule SGDC_qualifier15 (Rule 77 of total 371) .... done (Time = 0.00s, Memory = 24.9K)
Checking Rule SGDC_allow_combo_logic01 (Rule 78 of total 371) .... done (Time = 0.00s, Memory = -1.5K)
Checking Rule SGDC_reset_filter_path01 (Rule 79 of total 371) .... done (Time = 0.00s, Memory = 16.0K)
Checking Rule SGDC_cdc_false_path05 (Rule 80 of total 371) .... done (Time = 0.00s, Memory = -1.5K)
Checking Rule Param_clockreset05 (Rule 81 of total 371) .... done (Time = 0.00s, Memory = 40.0K)
Checking Rule Ac_sanity01 (Rule 82 of total 371) .... done (Time = 0.00s, Memory = -7.1K)
Checking Rule Ac_sanity06 (Rule 83 of total 371) .... done (Time = 0.00s, Memory = -32.0K)
Checking Rule Ac_license01 (Rule 84 of total 371) .... done (Time = 0.00s, Memory = 0.0K)
Checking Rule SGDC_reset_synchronizer07 (Rule 85 of total 371) .... done (Time = 0.00s, Memory = 0.0K)
 Reading waiver file "./lint_cdc/sys_top/cdc/cdc_setup_check/spyglass_spysch/waiver/pragma2Waiver.swl" ...
 Reading included SGDC file "./lint_cdc/sys_top/cdc/cdc_setup_check/spyglass_spysch/waiver/pragma2Waiver_varfile.swl" ....
Checking Rule ReportStopSummary (Rule 86 of total 371) .... done (Time = 0.00s, Memory = 0.0K)
Checking Rule ReportIgnoreSummary (Rule 87 of total 371) .... done (Time = 0.00s, Memory = 15.5K)

INFO [235]    Restoring design database from directory './lint_cdc/sys_top/.SG_SaveRestoreDB/autogenerated__default_snapshot' ...
              done

Checking Rule InferBlackBox (Rule 88 of total 371) .... done (Time = 0.00s, Memory = 0.0K)
Checking Rule SGDC_waive37 (Rule 89 of total 371) .... done (Time = 0.00s, Memory = -1.8K)
Checking Rule SGDC_waive24 (Rule 90 of total 371) .... done (Time = 0.00s, Memory = 0.0K)
Checking Rule SGDC_waive25 (Rule 91 of total 371) .... done (Time = 0.00s, Memory = 0.0K)
Checking Rule SGDC_waive31 (Rule 92 of total 371) .... done (Time = 0.00s, Memory = 0.0K)
Checking Rule SGDC_waive35 (Rule 93 of total 371) .... done (Time = 0.00s, Memory = 0.0K)
Checking Rule ReportSglibSummary (Rule 94 of total 371) .... done (Time = 0.00s, Memory = 0.0K)
Checking Rule DetectTopDesignUnits (Rule 95 of total 371)
 Detected 1 top level design units:
     sys_top
 .... done (Time = 0.00s, Memory = 2.0K)
Checking Rule GenerateConfMap (Rule 96 of total 371) .... done (Time = 0.00s, Memory = 0.0K)
Checking Rule Pragma_setupa for module CLK_GATE (Rule 97 of total 371) .... done (Time = 0.00s, Memory = 0.0K)
Checking Rule Pragma_setupa for module RST_SYNCH (Rule 97 of total 371) .... done (Time = 0.00s, Memory = 0.0K)
Checking Rule Pragma_setupa for module clk_div (Rule 97 of total 371) .... done (Time = 0.00s, Memory = 0.0K)
Checking Rule Pragma_setupa for module DeSerializer (Rule 97 of total 371) .... done (Time = 0.00s, Memory = 0.0K)
Checking Rule Pragma_setupa for module Data_sampling (Rule 97 of total 371) .... done (Time = 0.00s, Memory = 0.0K)
Checking Rule Pragma_setupa for module Edge_Bit_Counter (Rule 97 of total 371) .... done (Time = 0.00s, Memory = 0.0K)
Checking Rule Pragma_setupa for module Parity_chk (Rule 97 of total 371) .... done (Time = 0.00s, Memory = 0.0K)
Checking Rule Pragma_setupa for module Strt_chk (Rule 97 of total 371) .... done (Time = 0.00s, Memory = 0.0K)
Checking Rule Pragma_setupa for module stp_chk (Rule 97 of total 371) .... done (Time = 0.00s, Memory = 0.0K)
Checking Rule Pragma_setupa for module RX_FSM (Rule 97 of total 371) .... done (Time = 0.00s, Memory = 0.0K)
Checking Rule Pragma_setupa for module RX_TOP (Rule 97 of total 371) .... done (Time = 0.00s, Memory = 0.0K)
Checking Rule Pragma_setupa for module MUX (Rule 97 of total 371) .... done (Time = 0.00s, Memory = 0.0K)
Checking Rule Pragma_setupa for module parity (Rule 97 of total 371) .... done (Time = 0.00s, Memory = 0.0K)
Checking Rule Pragma_setupa for module TX_FSM (Rule 97 of total 371) .... done (Time = 0.00s, Memory = 0.0K)
Checking Rule Pragma_setupa for module serializer (Rule 97 of total 371) .... done (Time = 0.00s, Memory = 0.0K)
Checking Rule Pragma_setupa for module TX_TOP (Rule 97 of total 371) .... done (Time = 0.00s, Memory = 0.0K)
Checking Rule Pragma_setupa for module UART (Rule 97 of total 371) .... done (Time = 0.00s, Memory = 0.0K)
Checking Rule Pragma_setupa for module Data_Synch (Rule 97 of total 371) .... done (Time = 0.00s, Memory = 0.0K)
Checking Rule Pragma_setupa for module SYS_CTRL (Rule 97 of total 371) .... done (Time = 0.00s, Memory = 0.0K)
Checking Rule Pragma_setupa for module Register (Rule 97 of total 371) .... done (Time = 0.00s, Memory = 0.0K)
Checking Rule Pragma_setupa for module ALU (Rule 97 of total 371) .... done (Time = 0.00s, Memory = 0.0K)
Checking Rule Pragma_setupa for module FIFO_RD (Rule 97 of total 371) .... done (Time = 0.00s, Memory = 0.0K)
Checking Rule Pragma_setupa for module FIFO_WR (Rule 97 of total 371) .... done (Time = 0.00s, Memory = 0.0K)
Checking Rule Pragma_setupa for module DF_SYNC (Rule 97 of total 371) .... done (Time = 0.00s, Memory = 0.0K)
Checking Rule Pragma_setupa for module FIFO_MEM_CNTRL (Rule 97 of total 371) .... done (Time = 0.00s, Memory = 0.0K)
Checking Rule Pragma_setupa for module FIFO_TOP (Rule 97 of total 371) .... done (Time = 0.00s, Memory = 0.0K)
Checking Rule Pragma_setupa for module PULSE_GEN (Rule 97 of total 371) .... done (Time = 0.00s, Memory = 0.0K)
Checking Rule Pragma_setupa for module sys_top (Rule 97 of total 371) .... done (Time = 0.00s, Memory = 0.0K)
Performing semantic checks on SGDC contents
Checking Rule SGDC_testmode03 (Rule 98 of total 371) .... done (Time = 0.00s, Memory = 10.6K)
Checking Rule Pragma_setupb (Rule 99 of total 371) .... done (Time = 0.00s, Memory = 0.0K)
Checking Rule _vhMeta01 (Rule 100 of total 371) .... done (Time = 0.00s, Memory = 0.0K)
Checking Rule _meta_delay01 (Rule 101 of total 371) .... done (Time = 0.00s, Memory = 0.0K)
Checking Rule CheckCelldefine (Rule 102 of total 371) .... done (Time = 0.00s, Memory = 0.0K)
Checking Rule checkSGDC_01 (Rule 103 of total 371) .... done (Time = 0.00s, Memory = 0.0K)
Checking Rule checkSGDC_03 (Rule 104 of total 371) .... done (Time = 0.00s, Memory = 0.0K)
Checking Rule checkSGDC_08 (Rule 105 of total 371) .... done (Time = 0.00s, Memory = 0.0K)
Checking Rule SGDC_memorywritepin04 (Rule 106 of total 371) .... done (Time = 0.00s, Memory = 9.1K)
Checking Rule SGDC_reset02 (Rule 107 of total 371) .... done (Time = 0.00s, Memory = 7.5K)
Checking Rule SGDC_reset03 (Rule 108 of total 371) .... done (Time = 0.00s, Memory = -4.0K)
Checking Rule SGDC_waive23 (Rule 109 of total 371) .... done (Time = 0.00s, Memory = 32.0K)
Checking Rule SGDC_waive26 (Rule 110 of total 371) .... done (Time = 0.00s, Memory = 0.0K)
Checking Rule SGDC_waive27 (Rule 111 of total 371) .... done (Time = 0.00s, Memory = 0.0K)
Checking Rule SGDC_waive29 (Rule 112 of total 371) .... done (Time = 0.00s, Memory = 0.0K)
Checking Rule SGDC_libgroup03 (Rule 113 of total 371) .... done (Time = 0.00s, Memory = 7.5K)
Checking Rule SGDC_ungroup02 (Rule 114 of total 371) .... done (Time = 0.00s, Memory = 1.5K)
Checking Rule _abstractPortSGDC (Rule 115 of total 371) .... done (Time = 0.00s, Memory = -0.3K)
Checking Rule SGDC_abstract_port03 (Rule 116 of total 371) .... done (Time = 0.00s, Memory = 0.0K)
Checking Rule SGDC_abstract_port04 (Rule 117 of total 371) .... done (Time = 0.00s, Memory = 0.0K)
Checking Rule SGDC_abstract_port05 (Rule 118 of total 371) .... done (Time = 0.00s, Memory = -2.8K)
Checking Rule SGDC_abstract_port07 (Rule 119 of total 371) .... done (Time = 0.00s, Memory = 0.0K)
Checking Rule SGDC_abstract_port08 (Rule 120 of total 371) .... done (Time = 0.00s, Memory = 0.0K)
Checking Rule SGDC_abstract_port10 (Rule 121 of total 371) .... done (Time = 0.00s, Memory = 0.0K)
Checking Rule SGDC_abstract_port11 (Rule 122 of total 371) .... done (Time = 0.00s, Memory = 0.9K)
Checking Rule SGDC_abstract_port12 (Rule 123 of total 371) .... done (Time = 0.00s, Memory = 0.0K)
Checking Rule SGDC_abstract_port13 (Rule 124 of total 371) .... done (Time = 0.00s, Memory = 0.0K)
Checking Rule _cdc_save_license01 (Rule 125 of total 371) .... done (Time = 0.00s, Memory = 0.2K)
Checking Rule syncRstReq (Rule 126 of total 371) .... done (Time = 0.00s, Memory = -0.8K)
Checking Rule syncRstReq (Rule 127 of total 371) .... done (Time = 0.00s, Memory = 30.4K)
Checking Rule _syncResetStyleRTL (Rule 128 of total 371) .... done (Time = 0.00s, Memory = -1.9K)
Checking Rule _deltaDelay (Rule 129 of total 371) .... done (Time = 0.00s, Memory = 0.0K)
Checking Rule _deltaDelay (Rule 130 of total 371) .... done (Time = 0.00s, Memory = 0.0K)
Checking Rule _deltaDelayNom (Rule 131 of total 371) .... done (Time = 0.00s, Memory = 0.0K)
Checking Rule Ac_multitop01 (Rule 132 of total 371) .... done (Time = 0.00s, Memory = 0.0K)
Checking Rule AcOvlRtl (Rule 133 of total 371) .... done (Time = 0.00s, Memory = 0.0K)
Checking Rule AcOvlRtl (Rule 134 of total 371) .... done (Time = 0.00s, Memory = 0.0K)
Checking Rule Ac_svasetup01 (Rule 135 of total 371) .... done (Time = 0.00s, Memory = 0.0K)
Checking Rule ReportUngroup (Rule 136 of total 371) .... done (Time = 0.00s, Memory = 0.0K)
Checking Rule SGDC_allow_combo_logic02 (Rule 137 of total 371) .... done (Time = 0.00s, Memory = 0.0K)
Checking Rule _portRetenClocknReset (Rule 138 of total 371) .... done (Time = 0.00s, Memory = 0.0K)
Checking Rule _portReten (Rule 139 of total 371) .... done (Time = 0.00s, Memory = 1.0K)
Checking Rule SGDC_meta_design_hier01 (Rule 140 of total 371) .... done (Time = 0.00s, Memory = 0.0K)
Checking Rule LP_POWERDATA_INFO (Rule 141 of total 371) .... done (Time = 0.00s, Memory = 0.0K)
Checking Rule SGDC_abstract_port21 (Rule 142 of total 371) .... done (Time = 0.00s, Memory = 0.9K)
Checking Rule SGDC_input02 (Rule 143 of total 371) .... done (Time = 0.00s, Memory = 0.0K)
Checking Rule SGDC_input03 (Rule 144 of total 371) .... done (Time = 0.00s, Memory = 0.0K)
Checking Rule SGDC_output02 (Rule 145 of total 371) .... done (Time = 0.00s, Memory = -8.0K)
Checking Rule SGDC_output04 (Rule 146 of total 371) .... done (Time = 0.00s, Memory = 8.0K)
Checking Rule SGDC_numflops03a (Rule 147 of total 371) .... done (Time = 0.00s, Memory = 0.0K)
Checking Rule SGDC_numflops03b (Rule 148 of total 371) .... done (Time = 0.00s, Memory = 0.0K)
Checking Rule SGDC_numflops12 (Rule 149 of total 371) .... done (Time = 0.00s, Memory = -24.0K)
Checking Rule SGDC_sync_cell02b (Rule 150 of total 371) .... done (Time = 0.00s, Memory = 9.8K)
Checking Rule SGDC_sync_cell11 (Rule 151 of total 371) .... done (Time = 0.00s, Memory = 0.0K)
Checking Rule SGDC_qualifier02c (Rule 152 of total 371) .... done (Time = 0.00s, Memory = 0.0K)
Checking Rule SGDC_qualifier03c (Rule 153 of total 371) .... done (Time = 0.00s, Memory = 3.8K)
Checking Rule LPwrRulesSetup (Rule 154 of total 371) .... done (Time = 0.00s, Memory = 0.0K)
 Flattening sys_top (.lib instances separately flattened) ....
 Flattening completed
Checking Rule SGDC_quasi_static_style01 (Rule 155 of total 371) .... done (Time = 0.00s, Memory = 0.0K)
Checking Rule SignalTypeSetup (Rule 156 of total 371) .... done (Time = 0.00s, Memory = -16.0K)
Checking Rule _allowInst (Rule 157 of total 371) .... done (Time = 0.00s, Memory = 0.0K)
Checking Rule _ipblock (Rule 158 of total 371) .... done (Time = 0.00s, Memory = 0.0K)
Checking Rule _rstSyncCellInst (Rule 159 of total 371) .... done (Time = 0.00s, Memory = 1.5K)
Checking Rule _syncCellDelayedQualifier (Rule 160 of total 371) .... done (Time = 0.00s, Memory = 0.0K)
Checking Rule _repeaterCellInst (Rule 161 of total 371) .... done (Time = 0.00s, Memory = 0.0K)
Checking Rule _abstract_port (Rule 162 of total 371) .... done (Time = 0.00s, Memory = 8.2K)
Checking Rule Clock_setup02 (Rule 163 of total 371) .... done (Time = 0.00s, Memory = 15.1K)
Checking Rule Clockmatrix01 (Rule 164 of total 371) .... done (Time = 0.00s, Memory = -0.5K)
Checking Rule Clock_prop (Rule 165 of total 371) .... done (Time = 0.00s, Memory = -5.4K)
Checking Rule Reset_prop (Rule 166 of total 371) .... done (Time = 0.00s, Memory = 9.3K)
Checking Rule SGDC_generated_clock06 (Rule 167 of total 371) .... done (Time = 0.00s, Memory = 4.7K)
Checking Rule Propagate_Clocks (Rule 168 of total 371) .... done (Time = 0.00s, Memory = 553.7K)
Checking Rule _syncreset_prop (Rule 169 of total 371) .... done (Time = 0.00s, Memory = -8.0K)
Checking Rule _syncc (Rule 170 of total 371) .... done (Time = 0.00s, Memory = -7.5K)
Checking Rule _syncb (Rule 171 of total 371) .... done (Time = 0.00s, Memory = 0.0K)
Checking Rule _resetPathCross (Rule 172 of total 371) .... done (Time = 0.00s, Memory = 0.0K)
Checking Rule FalsePathSetup (Rule 173 of total 371) .... done (Time = 0.00s, Memory = -0.3K)
Checking Rule _fifo01 (Rule 174 of total 371) .... done (Time = 0.00s, Memory = 0.5K)
Checking Rule _syncfifo (Rule 175 of total 371) .... done (Time = 0.00s, Memory = -0.5K)
Checking Rule _syncUDfifo (Rule 176 of total 371) .... done (Time = 0.00s, Memory = 0.0K)
Checking Rule _syncdw (Rule 177 of total 371) .... done (Time = 0.00s, Memory = 0.0K)
Checking Rule _syncd (Rule 178 of total 371) .... done (Time = 0.00s, Memory = 0.0K)
Checking Rule _syncg (Rule 179 of total 371) .... done (Time = 0.01s, Memory = 8.3K)
Checking Rule _sync_clock (Rule 180 of total 371) .... done (Time = 0.00s, Memory = 0.0K)
Checking Rule _sync_gp (Rule 181 of total 371) .... done (Time = 0.00s, Memory = 0.0K)
Checking Rule _sync_and (Rule 182 of total 371) .... done (Time = 0.00s, Memory = 0.0K)
Checking Rule _synci (Rule 183 of total 371) .... done (Time = 0.00s, Memory = 0.0K)
Checking Rule _sync_qualifier (Rule 184 of total 371) .... done (Time = 0.00s, Memory = 0.0K)
Checking Rule SGDC_fifo11 (Rule 185 of total 371) .... done (Time = 0.00s, Memory = 0.2K)
Checking Rule SGDC_fifo12 (Rule 186 of total 371) .... done (Time = 0.00s, Memory = 0.0K)
Checking Rule SGDC_fifo13 (Rule 187 of total 371) .... done (Time = 0.00s, Memory = 24.0K)
Checking Rule SGDC_fifo14 (Rule 188 of total 371) .... done (Time = 0.00s, Memory = 8.0K)
Checking Rule Gen_diff01 (Rule 189 of total 371) .... done (Time = 0.00s, Memory = 0.0K)
Checking Rule _debugData (Rule 190 of total 371) .... done (Time = 0.00s, Memory = 0.0K)
Checking Rule Ac_Sync_Init (Rule 191 of total 371) .... done (Time = 0.00s, Memory = -19.6K)
Checking Rule _propagate_cdcAttrib (Rule 192 of total 371) .... done (Time = 0.00s, Memory = 4.0K)
Checking Rule Ar_Cross_Init (Rule 193 of total 371) .... done (Time = 0.00s, Memory = 0.0K)
Checking Rule SGDC_cdc_define_transition01 (Rule 194 of total 371) .... done (Time = 0.00s, Memory = 0.0K)
Checking Rule UPF_lowpower08PR (Rule 195 of total 371) .... done (Time = 0.00s, Memory = 2.6K)
Checking Rule UPF_lowpower08 (Rule 196 of total 371) .... done (Time = 0.00s, Memory = 0.0K)
Checking Rule Setup_check01 (Rule 197 of total 371) .... done (Time = 0.00s, Memory = -32.0K)
Checking Rule Setup_check02 (Rule 198 of total 371) .... done (Time = 0.00s, Memory = 32.0K)
Checking Rule Info_Case_Analysis (Rule 199 of total 371) .... done (Time = 0.00s, Memory = 5.0K)
Checking Rule SGDC_set_case_analysis_LC (Rule 200 of total 371) .... done (Time = 0.00s, Memory = 0.0K)
Checking Rule SGDC_signal_in_domain02 (Rule 201 of total 371) .... done (Time = 0.00s, Memory = 0.0K)
Checking Rule SGDC_signal_in_domain04 (Rule 202 of total 371) .... done (Time = 0.00s, Memory = 0.0K)
Checking Rule SGDC_numflops03c (Rule 203 of total 371) .... done (Time = 0.00s, Memory = 0.0K)
Checking Rule SGDC_numflops04 (Rule 204 of total 371) .... done (Time = 0.00s, Memory = 0.0K)
Checking Rule SGDC_numflops05 (Rule 205 of total 371) .... done (Time = 0.00s, Memory = 0.0K)
Checking Rule SGDC_numflops06 (Rule 206 of total 371) .... done (Time = 0.00s, Memory = 0.0K)
Checking Rule SGDC_numflops11 (Rule 207 of total 371) .... done (Time = 0.00s, Memory = 0.0K)
Checking Rule SGDC_numflops13 (Rule 208 of total 371) .... done (Time = 0.00s, Memory = 0.0K)
Checking Rule SGDC_numflops14 (Rule 209 of total 371) .... done (Time = 0.00s, Memory = 0.0K)
Checking Rule SGDC_clocksense02 (Rule 210 of total 371) .... done (Time = 0.00s, Memory = 0.0K)
Checking Rule SGDC_clocksense03 (Rule 211 of total 371) .... done (Time = 0.00s, Memory = 0.0K)
Checking Rule SGDC_sgclkgroup01 (Rule 212 of total 371) .... done (Time = 0.00s, Memory = 0.0K)
Checking Rule SGDC_sgclkgroup02 (Rule 213 of total 371) .... done (Time = 0.00s, Memory = 0.0K)
Checking Rule SGDC_sgclkgroup03 (Rule 214 of total 371) .... done (Time = 0.00s, Memory = 0.0K)
Checking Rule SGDC_check_clock_relation01a (Rule 215 of total 371) .... done (Time = 0.00s, Memory = 33.5K)
Checking Rule SGDC_check_clock_relation01b (Rule 216 of total 371) .... done (Time = 0.00s, Memory = 0.0K)
Checking Rule SGDC_check_clock_relation01c (Rule 217 of total 371) .... done (Time = 0.00s, Memory = 0.0K)
Checking Rule SGDC_check_clock_relation02a (Rule 218 of total 371) .... done (Time = 0.00s, Memory = -512.0K)
Checking Rule SGDC_check_clock_relation02b (Rule 219 of total 371) .... done (Time = 0.00s, Memory = -8.0K)
Checking Rule SGDC_check_clock_relation02c (Rule 220 of total 371) .... done (Time = 0.00s, Memory = -24.0K)
Checking Rule SGDC_check_clock_relation03b (Rule 221 of total 371) .... done (Time = 0.00s, Memory = 0.0K)
Checking Rule SGDC_check_clock_relation04b (Rule 222 of total 371) .... done (Time = 0.00s, Memory = 0.0K)
Checking Rule CheckClockRelationSetup (Rule 223 of total 371) .... done (Time = 0.00s, Memory = -0.4K)
Checking Rule SGDC_gray_signals01 (Rule 224 of total 371) .... done (Time = 0.00s, Memory = 0.0K)
Checking Rule SGDC_gray_signals02 (Rule 225 of total 371) .... done (Time = 0.00s, Memory = 3.1K)
Checking Rule SGDC_gray_signals03 (Rule 226 of total 371) .... done (Time = 0.00s, Memory = 8.0K)
Checking Rule SGDC_qualifier02a (Rule 227 of total 371) .... done (Time = 0.00s, Memory = 0.0K)
Checking Rule SGDC_qualifier03a (Rule 228 of total 371) .... done (Time = 0.00s, Memory = 0.0K)
Checking Rule SGDC_qualifier04 (Rule 229 of total 371) .... done (Time = 0.00s, Memory = 0.0K)
Checking Rule SGDC_qualifier05 (Rule 230 of total 371) .... done (Time = 0.00s, Memory = 0.0K)
Checking Rule SGDC_qualifier08 (Rule 231 of total 371) .... done (Time = 0.00s, Memory = 0.0K)
Checking Rule QualifierSetup (Rule 232 of total 371) .... done (Time = 0.00s, Memory = 32.0K)
Checking Rule ResetSynchronizerSetup (Rule 233 of total 371) .... done (Time = 0.00s, Memory = -0.3K)
Checking Rule SGDC_validation_filter_path03 (Rule 234 of total 371) .... done (Time = 0.00s, Memory = 0.0K)
Checking Rule SGDC_qualifier10 (Rule 235 of total 371) .... done (Time = 0.00s, Memory = 0.0K)
Checking Rule SGDC_qualifier11 (Rule 236 of total 371) .... done (Time = 0.00s, Memory = 0.0K)
Checking Rule SGDC_qualifier12 (Rule 237 of total 371) .... done (Time = 0.00s, Memory = -0.8K)
Checking Rule SGDC_qualifier13 (Rule 238 of total 371) .... done (Time = 0.00s, Memory = 0.0K)
Checking Rule SGDC_qualifier14 (Rule 239 of total 371) .... done (Time = 0.00s, Memory = 0.0K)
Checking Rule SGDC_qualifier16 (Rule 240 of total 371) .... done (Time = 0.00s, Memory = 32.0K)
Checking Rule SGDC_qualifier18 (Rule 241 of total 371) .... done (Time = 0.00s, Memory = 0.0K)
Checking Rule SGDC_qualifier19a (Rule 242 of total 371) .... done (Time = 0.00s, Memory = -4.0K)
Checking Rule SGDC_qualifier19b (Rule 243 of total 371) .... done (Time = 0.00s, Memory = -3.0K)
Checking Rule SGDC_qualifier19c (Rule 244 of total 371) .... done (Time = 0.00s, Memory = 0.0K)
Checking Rule SGDC_qualifier20b (Rule 245 of total 371) .... done (Time = 0.00s, Memory = 0.0K)
Checking Rule SGDC_qualifier21 (Rule 246 of total 371) .... done (Time = 0.00s, Memory = -0.6K)
Checking Rule SGDC_qualifier22 (Rule 247 of total 371) .... done (Time = 0.00s, Memory = -0.6K)
Checking Rule SGDC_qualifier23 (Rule 248 of total 371) .... done (Time = 0.00s, Memory = 31.9K)
Checking Rule SGDC_virtualclock01 (Rule 249 of total 371) .... done (Time = 0.00s, Memory = -1.7K)
Checking Rule SGDC_virtualreset01 (Rule 250 of total 371) .... done (Time = 0.00s, Memory = 0.0K)
Checking Rule SGDC_abstract_port19 (Rule 251 of total 371) .... done (Time = 0.00s, Memory = 0.0K)
Checking Rule SGDC_abstract_port20 (Rule 252 of total 371) .... done (Time = 0.00s, Memory = -32.1K)
Checking Rule RFPSetup (Rule 253 of total 371) .... done (Time = 0.00s, Memory = 32.0K)
Checking Rule SGDC_reset_filter_path02a (Rule 254 of total 371) .... done (Time = 0.00s, Memory = 5.9K)
Checking Rule SGDC_reset_filter_path02b (Rule 255 of total 371) .... done (Time = 0.00s, Memory = 0.0K)
Checking Rule SGDC_reset_filter_path02c (Rule 256 of total 371) .... done (Time = 0.00s, Memory = 30.4K)
Checking Rule SGDC_reset_filter_path03a (Rule 257 of total 371) .... done (Time = 0.00s, Memory = 1.9K)
Checking Rule SGDC_reset_filter_path03b (Rule 258 of total 371) .... done (Time = 0.00s, Memory = 0.0K)
Checking Rule SGDC_reset_filter_path03c (Rule 259 of total 371) .... done (Time = 0.00s, Memory = 8.0K)
Checking Rule SGDC_reset_filter_path04b (Rule 260 of total 371) .... done (Time = 0.00s, Memory = 0.9K)
Checking Rule SGDC_reset_filter_path07a (Rule 261 of total 371) .... done (Time = 0.00s, Memory = 0.0K)
Checking Rule SGDC_reset_filter_path07b (Rule 262 of total 371) .... done (Time = 0.00s, Memory = 0.0K)
Checking Rule SGDC_reset_filter_path07c (Rule 263 of total 371) .... done (Time = 0.00s, Memory = 0.0K)
Checking Rule SGDC_define_reset_order03 (Rule 264 of total 371) .... done (Time = 0.00s, Memory = 0.0K)
Checking Rule SGDC_define_reset_order04 (Rule 265 of total 371) .... done (Time = 0.00s, Memory = 0.2K)
Checking Rule SGDC_define_reset_order05 (Rule 266 of total 371) .... done (Time = 0.00s, Memory = -1.8K)
Checking Rule SGDC_cdc_false_path06 (Rule 267 of total 371) .... done (Time = 0.00s, Memory = 2.0K)
Checking Rule SGDC_cdc_false_path07 (Rule 268 of total 371) .... done (Time = 0.00s, Memory = 0.0K)
Checking Rule SGDC_cdc_false_path08 (Rule 269 of total 371) .... done (Time = 0.00s, Memory = 0.0K)
Checking Rule CDCSet_License01 (Rule 270 of total 371) .... done (Time = 0.00s, Memory = -0.2K)
Checking Rule Clock_info03a (Rule 271 of total 371) .... done (Time = 0.01s, Memory = -16.8K)
Checking Rule Clock_info03b (Rule 272 of total 371) .... done (Time = 0.00s, Memory = -0.5K)
Checking Rule Clock_info03c (Rule 273 of total 371) .... done (Time = 0.00s, Memory = 0.0K)
Checking Rule Propagate_Resets (Rule 274 of total 371) .... done (Time = 0.00s, Memory = 0.0K)
Checking Rule _reset_sync (Rule 275 of total 371) .... done (Time = 0.00s, Memory = 0.0K)
Checking Rule Setup_port01 (Rule 276 of total 371) .... done (Time = 0.00s, Memory = 8.9K)
Checking Rule Setup_blackbox01 (Rule 277 of total 371) .... done (Time = 0.00s, Memory = 0.0K)
Checking Rule Setup_library01 (Rule 278 of total 371) .... done (Time = 0.00s, Memory = 3.1K)
Checking Rule Reset_check11 (Rule 279 of total 371) .... done (Time = 0.00s, Memory = -2.1K)
Checking Rule Reset_info09a (Rule 280 of total 371) .... done (Time = 0.00s, Memory = 6.3K)
Checking Rule Clock_info02 (Rule 281 of total 371) .... done (Time = 0.00s, Memory = 0.0K)
Checking Rule Reset_info02 (Rule 282 of total 371) .... done (Time = 0.00s, Memory = -8.0K)
Checking Rule Clock_info05 (Rule 283 of total 371) .... done (Time = 0.00s, Memory = 0.0K)
Checking Rule Clock_info05b (Rule 284 of total 371) .... done (Time = 0.00s, Memory = 0.0K)
Checking Rule Reset_check03 (Rule 285 of total 371) .... done (Time = 0.00s, Memory = 0.0K)
Checking Rule _clkWrapModules (Rule 286 of total 371) .... done (Time = 0.00s, Memory = 1.5K)
Checking Rule _clock_hier_rules (Rule 287 of total 371) .... done (Time = 0.00s, Memory = 0.0K)
Checking Rule Reset_check12 (Rule 288 of total 371) .... done (Time = 0.00s, Memory = -3.7K)
Checking Rule Ar_sync_init (Rule 289 of total 371) .... done (Time = 0.00s, Memory = 16.0K)
Checking Rule _constrCoverage (Rule 290 of total 371) .... done (Time = 0.00s, Memory = 16.0K)
Checking Rule Clock_info15 (Rule 291 of total 371) .... done (Time = 0.00s, Memory = 1.9K)
Checking Rule Reset_check10 (Rule 292 of total 371) .... done (Time = 0.00s, Memory = 32.0K)
Checking Rule SGDC_clockreset02 (Rule 293 of total 371) .... done (Time = 0.00s, Memory = 0.0K)
Checking Rule Param_clockreset02 (Rule 294 of total 371) .... done (Time = 0.00s, Memory = 0.0K)
Checking Rule Param_clockreset04 (Rule 295 of total 371) .... done (Time = 0.00s, Memory = 1.6K)
Checking Rule Setup_clockreset01 (Rule 296 of total 371) .... done (Time = 0.00s, Memory = 0.0K)
Checking Rule Clock_check07 (Rule 297 of total 371) .... done (Time = 0.00s, Memory = 0.0K)
Checking Rule Clock_check10 (Rule 298 of total 371) .... done (Time = 0.00s, Memory = 0.0K)
Checking Rule Reset_check08 (Rule 299 of total 371) .... done (Time = 0.00s, Memory = 0.0K)
Checking Rule Clock_converge01 (Rule 300 of total 371) .... done (Time = 0.00s, Memory = 0.0K)
Checking Rule Ar_converge01 (Rule 301 of total 371) .... done (Time = 0.00s, Memory = 0.0K)
Checking Rule SGDC_noclockcell_start01 (Rule 302 of total 371) .... done (Time = 0.00s, Memory = -0.2K)
Checking Rule Ac_initseq01 (Rule 303 of total 371) .... done (Time = 0.00s, Memory = 0.0K)
Checking Rule Ac_init01 (Rule 304 of total 371) .... done (Time = 0.00s, Memory = 1.6K)
Checking Rule _ac_Auxi01 (Rule 305 of total 371) .... done (Time = 0.00s, Memory = 0.0K)
Checking Rule Ac_sanity02 (Rule 306 of total 371) .... done (Time = 0.00s, Memory = 0.0K)
Checking Rule _glitch_init (Rule 307 of total 371) .... done (Time = 0.00s, Memory = 0.0K)
Checking Rule Ac_initstate01 (Rule 308 of total 371) .... done (Time = 0.00s, Memory = 0.0K)
Checking Rule Ac_conv02setup01 (Rule 309 of total 371) .... done (Time = 0.00s, Memory = 0.0K)
Checking Rule Ac_abs01 (Rule 310 of total 371) .... done (Time = 0.00s, Memory = 0.0K)
Checking Rule Ac_report01 (Rule 311 of total 371) .... done (Time = 0.00s, Memory = 0.0K)
Checking Rule AllowComboLogicSetup (Rule 312 of total 371) .... done (Time = 0.00s, Memory = 0.0K)
Checking Rule Ac_resetvalue01 (Rule 313 of total 371) .... done (Time = 0.00s, Memory = 0.0K)
Checking Rule Ac_upfsetup02 (Rule 314 of total 371) .... done (Time = 0.00s, Memory = -27.1K)
Checking Rule Ac_upfsetup01 (Rule 315 of total 371) .... done (Time = 0.00s, Memory = -8.0K)
Checking Rule Ac_psync_init (Rule 316 of total 371) .... done (Time = 0.00s, Memory = -32.0K)
Checking Rule Ac_psetup01 (Rule 317 of total 371) .... done (Time = 0.00s, Memory = 0.0K)
Checking Rule Clock_exit01 (Rule 318 of total 371) .... done (Time = 0.00s, Memory = 0.0K)
Checking Rule SGDC_reset_synchronizer02 (Rule 319 of total 371) .... done (Time = 0.00s, Memory = 0.0K)
Checking Rule SGDC_reset_synchronizer04 (Rule 320 of total 371) .... done (Time = 0.00s, Memory = 0.0K)
Checking Rule SGDC_reset_synchronizer06 (Rule 321 of total 371) .... done (Time = 0.00s, Memory = 0.0K)
Checking Rule SGDC_reset_synchronizer08 (Rule 322 of total 371) .... done (Time = 0.00s, Memory = -3.0K)
Checking Rule SGDC_reset_synchronizer10 (Rule 323 of total 371) .... done (Time = 0.00s, Memory = 0.0K)
Checking Rule AnalyzeBBox (Rule 324 of total 371) .... done (Time = 0.00s, Memory = 0.0K)
Checking Rule ReportCheckDataSummary (Rule 325 of total 371) .... done (Time = 0.00s, Memory = 0.0K)

Generating data for Console...

SpyGlass Rule Checking Complete.

Generating moresimple report from './lint_cdc/sys_top/cdc/cdc_setup_check/spyglass.vdb' to './lint_cdc/sys_top/cdc/cdc_setup_check/spyglass_reports/moresimple.rpt' ....

Generating runsummary report from './lint_cdc/sys_top/cdc/cdc_setup_check/spyglass.vdb' ....

Generating no_msg_reporting_rules report from './lint_cdc/sys_top/cdc/cdc_setup_check/spyglass.vdb' to './lint_cdc/sys_top/cdc/cdc_setup_check/spyglass_reports/no_msg_reporting_rules.rpt' ....

Generating CDC-report report from './lint_cdc/sys_top/cdc/cdc_setup_check/spyglass.vdb' to './lint_cdc/sys_top/cdc/cdc_setup_check/spyglass_reports/CDC-report.rpt' ....

Generating CKSGDCInfo report from './lint_cdc/sys_top/cdc/cdc_setup_check/spyglass.vdb' to './lint_cdc/sys_top/cdc/cdc_setup_check/spyglass_reports/CKSGDCInfo.rpt' ....

Generating RSTree report from './lint_cdc/sys_top/cdc/cdc_setup_check/spyglass.vdb' to './lint_cdc/sys_top/cdc/cdc_setup_check/spyglass_reports/RSTree.rpt' ....

Generating CKTree report from './lint_cdc/sys_top/cdc/cdc_setup_check/spyglass.vdb' to './lint_cdc/sys_top/cdc/cdc_setup_check/spyglass_reports/CKTree.rpt' ....

Policy specific data (reports) are present in the directory './lint_cdc/sys_top/cdc/cdc_setup_check/spyglass_reports'.

SpyGlass critical reports for the current run are present in directory './lint_cdc/consolidated_reports/sys_top_cdc_cdc_setup_check/'.

---------------------------------------------------------------------------------------------
Results Summary:
---------------------------------------------------------------------------------------------
   Goal Run           :      cdc/cdc_setup_check
   Command-line read  :      0 error,      0 warning,      1 information message 
   Design Read        :      0 error,      0 warning,      3 information messages
      Found 1 top module:
         sys_top   (file: ../rtl/System_Top/SYS_TOP_dft.v)

   Blackbox Resolution:      0 error,      0 warning,      0 information message 
   SGDC Checks        :      0 error,      0 warning,      0 information message 
** Policy clock-reset :     11 errors,     2 warnings,     0 information message 
   -------------------------------------------------------------------------------------
   Total              :     11 errors,     2 warnings,     4 information messages

  Total Number of Generated Messages     :        17 (11 errors, 2 warnings, 4 Infos)
  Number of Reported Messages            :        17 (11 errors, 2 warnings, 4 Infos)

  NOTE: It is recommended to first fix/reconcile fatals/errors reported on
        lines starting with ** as subsequent issues might be related to it.
        Please re-run SpyGlass once ** prefixed lines are fatal/error clean.

---------------------------------------------------------------------------------------------


run_goal: info: updating spyglass.log with goal summary
---------------------------------------------------------------------------------------------------
Results Summary:
---------------------------------------------------------------------------------------------------
   Goal Run           :      cdc/cdc_setup_check
   Top Module         :      sys_top
---------------------------------------------------------------------------------------------------
   Reports Directory: 
   /home/ICer/UART_System/Spyglass2/lint_cdc/consolidated_reports/sys_top_cdc_cdc_setup_check/ 

   SpyGlass LogFile: 
    /home/ICer/UART_System/Spyglass2/lint_cdc/sys_top/cdc/cdc_setup_check/spyglass.log 

   Standard Reports: 
     moresimple.rpt          no_msg_reporting_rules.rpt       

   HTML report:
    /home/ICer/UART_System/Spyglass2/lint_cdc/html_reports/goals_summary.html
  

   Technology Reports:    CDC( Advance CDC  Setup Check )
     CDC-report.rpt          CKSGDCInfo.rpt          CKTree.rpt      
     RSTree.rpt        
   
---------------------------------------------------------------------------------------------------
   Goal Violation Summary:
       Waived   Messages:                      0 Errors,      0 Warnings,      0 Infos
       Reported Messages:         0 Fatals,   11 Errors,      2 Warnings,      4 Infos
---------------------------------------------------------------------------------------------------
   
   Technology Summary: CDC( Advance CDC  Setup Check )   
       Unclocked Registers= 5
---------------------------------------------------------------------------------------------------
 
run_goal: info: spyglass.log successfully updated with goal summary
0 {Rule-checking completed with errors}current_goal: warning: design query data not saved for last active goal `cdc/cdc_setup_check'
                       (use `save_goal' command or enable `auto_save' option to save design query data for subsequent goals)
current_goal: info: loading goal `cdc/clock_reset_integrity' with top `sys_top' (in progress)
current_goal: info: finished loading goal `cdc/clock_reset_integrity' (ok)

INFO:    SpyGlass will run goal(s) 'cdc/clock_reset_integrity'.


 Auto-compiling gates libraries

        "../System_pnr/std_cells/libs/scmetro_tsmc_cl013g_rvt_ss_1p08v_125c.lib"
        "../System_pnr/std_cells/libs/scmetro_tsmc_cl013g_rvt_tt_1p2v_25c.lib"
        "../System_pnr/std_cells/libs/scmetro_tsmc_cl013g_rvt_ff_1p32v_m40c.lib"
    to
        "./lint_cdc/spyglass_cache/autogenerated_sglib/aggregate.sglib" ...already compiled

 Using this already compiled sglib for the current run ...

RULE-CHECKING IN MIXED MODE
Loading spyglass (SpyGlass_vL-2016.06) ... (picked from /home/synopsys/SpyGlass-L2016.06/SPYGLASS_HOME/policies/spyglass)
Loading clock-reset (SpyGlass_vL-2016.06) ... (picked from /home/synopsys/SpyGlass-L2016.06/SPYGLASS_HOME/policies/clock)
Loading timing (SpyGlass_vL-2016.06) ... (picked from /home/synopsys/SpyGlass-L2016.06/SPYGLASS_HOME/policies/timing)
Reading specified sglib files(s) ....
   Processing library: 'scmetro_tsmc_cl013g_rvt_ss_1p08v_125c' .... done
   Processing library: 'scmetro_tsmc_cl013g_rvt_tt_1p2v_25c' .... done
   Processing library: 'scmetro_tsmc_cl013g_rvt_ff_1p32v_m40c' .... done
Checking Rule AutoGenerateSglib (Rule 1 of total 370) .... done (Time = 0.00s, Memory = 0.0K)

INFO [76]    Using `./lint_cdc/sys_top/WORK/64' as the Work Directory for 64bit precompiled dump.
Checking Rule Param_clockreset07 (Rule 2 of total 370) .... done (Time = 0.00s, Memory = 0.0K)
Checking Rule Clock_setup01 (Rule 3 of total 370) .... done (Time = 0.02s, Memory = 32.0K)
Checking Rule Param_clockreset06 (Rule 4 of total 370) .... done (Time = 0.00s, Memory = 0.0K)
Checking Rule SGDC_meta_monitor_attributes01 (Rule 5 of total 370) .... done (Time = 0.00s, Memory = 0.0K)
Checking Rule LP_POWERDATA_CHECK (Rule 6 of total 370) .... done (Time = 0.00s, Memory = 0.0K)
Checking Rule LP_POWERDATA_READ (Rule 7 of total 370) .... done (Time = 0.00s, Memory = 0.0K)
Checking Rule PrecompileLibCheck01 (Rule 8 of total 370) .... done (Time = 0.00s, Memory = 0.0K)
Checking Rule PrecompileLibCheck02 (Rule 9 of total 370) .... done (Time = 0.00s, Memory = 0.0K)
Checking Rule PrecompileLibCheck03 (Rule 10 of total 370) .... done (Time = 0.00s, Memory = 0.0K)
Checking Rule PrecompileLibCheck04 (Rule 11 of total 370) .... done (Time = 0.00s, Memory = 8.0K)
Checking Rule ElabSummary (Rule 12 of total 370) .... done (Time = 0.00s, Memory = 3.1K)
Checking Rule ReportSglibVersionSummary (Rule 13 of total 370) .... done (Time = 0.00s, Memory = -8.8K)
Checking Rule SGDC_assume_path01 (Rule 14 of total 370) .... done (Time = 0.00s, Memory = 3.1K)
Checking Rule SGDC_sdcschema02 (Rule 15 of total 370) .... done (Time = 0.00s, Memory = 0.0K)
Checking Rule SGDC_clock05 (Rule 16 of total 370) .... done (Time = 0.00s, Memory = 1.6K)
Checking Rule SGDC_clock09 (Rule 17 of total 370) .... done (Time = 0.00s, Memory = 0.0K)
Checking Rule SGDC_force_ta05 (Rule 18 of total 370) .... done (Time = 0.00s, Memory = -8.0K)
Checking Rule SGDC_require_path03 (Rule 19 of total 370) .... done (Time = 0.00s, Memory = 0.0K)
Checking Rule SGDC_require_value03 (Rule 20 of total 370) .... done (Time = 0.00s, Memory = -30.4K)
Checking Rule SGDC_voltagedomain05 (Rule 21 of total 370) .... done (Time = 0.00s, Memory = 7.2K)
Checking Rule SGDC_voltagedomain06 (Rule 22 of total 370) .... done (Time = 0.00s, Memory = 0.0K)
Checking Rule SGDC_voltagedomain07 (Rule 23 of total 370) .... done (Time = 0.00s, Memory = 7.6K)
Checking Rule SGDC_powerdomainoutputs02 (Rule 24 of total 370) .... done (Time = 0.00s, Memory = 7.6K)
Checking Rule SGDC_supply01 (Rule 25 of total 370) .... done (Time = 0.00s, Memory = 0.0K)
Checking Rule SGDC_waive01 (Rule 26 of total 370) .... done (Time = 0.00s, Memory = -1.0K)
Checking Rule SGDC_waive02 (Rule 27 of total 370) .... done (Time = 0.00s, Memory = 0.1K)
Checking Rule SGDC_waive03 (Rule 28 of total 370) .... done (Time = 0.00s, Memory = 0.0K)
Checking Rule SGDC_waive04 (Rule 29 of total 370) .... done (Time = 0.00s, Memory = 0.0K)
Checking Rule SGDC_waive05 (Rule 30 of total 370) .... done (Time = 0.00s, Memory = 0.0K)
Checking Rule SGDC_waive06 (Rule 31 of total 370) .... done (Time = 0.00s, Memory = 8.0K)
Checking Rule SGDC_waive07 (Rule 32 of total 370) .... done (Time = 0.00s, Memory = 0.0K)
Checking Rule SGDC_waive08 (Rule 33 of total 370) .... done (Time = 0.00s, Memory = 0.0K)
Checking Rule SGDC_waive09 (Rule 34 of total 370) .... done (Time = 0.00s, Memory = 1.6K)
Checking Rule SGDC_waive10 (Rule 35 of total 370) .... done (Time = 0.00s, Memory = 0.0K)
Checking Rule SGDC_waive11 (Rule 36 of total 370) .... done (Time = 0.00s, Memory = 0.0K)
Checking Rule SGDC_waive12 (Rule 37 of total 370) .... done (Time = 0.00s, Memory = 0.0K)
Checking Rule SGDC_waive13 (Rule 38 of total 370) .... done (Time = 0.00s, Memory = 0.0K)
Checking Rule SGDC_waive21 (Rule 39 of total 370) .... done (Time = 0.00s, Memory = -0.1K)
Checking Rule SGDC_waive22 (Rule 40 of total 370) .... done (Time = 0.00s, Memory = 0.0K)
Checking Rule SGDC_waive30 (Rule 41 of total 370) .... done (Time = 0.00s, Memory = -29.0K)
Checking Rule SGDC_waive32 (Rule 42 of total 370) .... done (Time = 0.00s, Memory = 0.0K)
Checking Rule SGDC_waive33 (Rule 43 of total 370) .... done (Time = 0.00s, Memory = -20.0K)
Checking Rule SGDC_waive36 (Rule 44 of total 370) .... done (Time = 0.00s, Memory = 0.0K)
Checking Rule SGDC_waive38 (Rule 45 of total 370) .... done (Time = 0.00s, Memory = -0.3K)
Checking Rule SGDC_fifo01 (Rule 46 of total 370) .... done (Time = 0.00s, Memory = 0.0K)
Checking Rule SGDC_libgroup01 (Rule 47 of total 370) .... done (Time = 0.00s, Memory = 0.0K)
Checking Rule SGDC_libgroup02 (Rule 48 of total 370) .... done (Time = 0.00s, Memory = 0.0K)
Checking Rule SGDC_libgroup04 (Rule 49 of total 370) .... done (Time = 0.00s, Memory = 0.0K)
Checking Rule SGDC_power_data01 (Rule 50 of total 370) .... done (Time = 0.00s, Memory = 8.3K)
Checking Rule SGDC_ungroup01 (Rule 51 of total 370) .... done (Time = 0.00s, Memory = 0.0K)
Checking Rule SGDC_abstract_port06 (Rule 52 of total 370) .... done (Time = 0.00s, Memory = 7.5K)
Checking Rule SGDC_abstract_port14 (Rule 53 of total 370) .... done (Time = 0.00s, Memory = 24.0K)
Checking Rule SGDC_abstract_port15 (Rule 54 of total 370) .... done (Time = 0.00s, Memory = 0.0K)
Checking Rule SGDC_abstract_port18 (Rule 55 of total 370) .... done (Time = 0.00s, Memory = 0.0K)
Checking Rule sdc_init_rule (Rule 56 of total 370) .... done (Time = 0.00s, Memory = -32.1K)
Checking Rule CMD_ignorelibs01 (Rule 57 of total 370) .... done (Time = 0.00s, Memory = 0.0K)
Checking Rule ReportRuleNotRun (Rule 58 of total 370) .... done (Time = 0.01s, Memory = 3.9K)
Checking Rule SGDC_generated_clock03 (Rule 59 of total 370) .... done (Time = 0.00s, Memory = 0.7K)
Checking Rule SGDC_generated_clock04 (Rule 60 of total 370) .... done (Time = 0.00s, Memory = 11.5K)
Checking Rule SGDC_generated_clock05 (Rule 61 of total 370) .... done (Time = 0.00s, Memory = 0.0K)
Checking Rule SGDC_quasi_static_style02 (Rule 62 of total 370) .... done (Time = 0.00s, Memory = 9.6K)
Checking Rule SGDC_syncresetstyle01 (Rule 63 of total 370) .... done (Time = 0.00s, Memory = 0.0K)
Checking Rule SGDC_network_allowed_cells01 (Rule 64 of total 370) .... done (Time = 0.00s, Memory = 11.5K)
Checking Rule SGDC_numflops01 (Rule 65 of total 370) .... done (Time = 0.00s, Memory = 0.0K)
Checking Rule SGDC_numflops07 (Rule 66 of total 370) .... done (Time = 0.00s, Memory = 0.0K)
Checking Rule SGDC_numflops08 (Rule 67 of total 370) .... done (Time = 0.00s, Memory = 4.0K)
Checking Rule SGDC_numflops09 (Rule 68 of total 370) .... done (Time = 0.00s, Memory = 7.5K)
Checking Rule SGDC_clocksense04 (Rule 69 of total 370) .... done (Time = 0.00s, Memory = 12.7K)
Checking Rule SGDC_check_clock_relation05a (Rule 70 of total 370) .... done (Time = 0.00s, Memory = 0.0K)
Checking Rule SGDC_check_clock_relation05b (Rule 71 of total 370) .... done (Time = 0.00s, Memory = -20.5K)
Checking Rule SGDC_sync_cell08a (Rule 72 of total 370) .... done (Time = 0.00s, Memory = 11.9K)
Checking Rule SGDC_sync_cell09a (Rule 73 of total 370) .... done (Time = 0.00s, Memory = 0.0K)
Checking Rule SGDC_qualifier06 (Rule 74 of total 370) .... done (Time = 0.00s, Memory = 4.0K)
Checking Rule SGDC_cdc_waive03 (Rule 75 of total 370) .... done (Time = 0.00s, Memory = 32.0K)
Checking Rule SGDC_qualifier09 (Rule 76 of total 370) .... done (Time = 0.00s, Memory = 0.5K)
Checking Rule SGDC_qualifier15 (Rule 77 of total 370) .... done (Time = 0.00s, Memory = 0.9K)
Checking Rule SGDC_allow_combo_logic01 (Rule 78 of total 370) .... done (Time = 0.00s, Memory = 0.0K)
Checking Rule SGDC_reset_filter_path01 (Rule 79 of total 370) .... done (Time = 0.00s, Memory = 0.0K)
Checking Rule SGDC_cdc_false_path05 (Rule 80 of total 370) .... done (Time = 0.00s, Memory = 7.5K)
Checking Rule Param_clockreset05 (Rule 81 of total 370) .... done (Time = 0.00s, Memory = 0.0K)
Checking Rule Ac_sanity01 (Rule 82 of total 370) .... done (Time = 0.00s, Memory = 24.0K)
Checking Rule Ac_sanity06 (Rule 83 of total 370) .... done (Time = 0.00s, Memory = 0.0K)
Checking Rule Ac_license01 (Rule 84 of total 370) .... done (Time = 0.00s, Memory = 0.0K)
Checking Rule SGDC_reset_synchronizer07 (Rule 85 of total 370) .... done (Time = 0.00s, Memory = 8.0K)
 Reading waiver file "./lint_cdc/sys_top/cdc/clock_reset_integrity/spyglass_spysch/waiver/pragma2Waiver.swl" ...
 Reading included SGDC file "./lint_cdc/sys_top/cdc/clock_reset_integrity/spyglass_spysch/waiver/pragma2Waiver_varfile.swl" ....
Checking Rule ReportStopSummary (Rule 86 of total 370) .... done (Time = 0.00s, Memory = 0.0K)
Checking Rule ReportIgnoreSummary (Rule 87 of total 370) .... done (Time = 0.00s, Memory = -32.0K)

INFO [235]    Restoring design database from directory './lint_cdc/sys_top/.SG_SaveRestoreDB/autogenerated__default_snapshot' ...
              done

Checking Rule InferBlackBox (Rule 88 of total 370) .... done (Time = 0.00s, Memory = 0.0K)
Checking Rule SGDC_waive37 (Rule 89 of total 370) .... done (Time = 0.00s, Memory = 0.0K)
Checking Rule SGDC_waive24 (Rule 90 of total 370) .... done (Time = 0.00s, Memory = -35.1K)
Checking Rule SGDC_waive25 (Rule 91 of total 370) .... done (Time = 0.00s, Memory = 0.0K)
Checking Rule SGDC_waive31 (Rule 92 of total 370) .... done (Time = 0.00s, Memory = 0.0K)
Checking Rule SGDC_waive35 (Rule 93 of total 370) .... done (Time = 0.00s, Memory = 0.8K)
Checking Rule ReportSglibSummary (Rule 94 of total 370) .... done (Time = 0.00s, Memory = 0.0K)
Checking Rule DetectTopDesignUnits (Rule 95 of total 370)
 Detected 1 top level design units:
     sys_top
 .... done (Time = 0.00s, Memory = 0.0K)
Checking Rule GenerateConfMap (Rule 96 of total 370) .... done (Time = 0.00s, Memory = 0.0K)
Checking Rule Pragma_setupa for module CLK_GATE (Rule 97 of total 370) .... done (Time = 0.00s, Memory = 0.0K)
Checking Rule Reset_check01 for module CLK_GATE (Rule 98 of total 370) .... done (Time = 0.00s, Memory = 0.0K)
Checking Rule Pragma_setupa for module RST_SYNCH (Rule 97 of total 370) .... done (Time = 0.00s, Memory = 0.0K)
Checking Rule Reset_check01 for module RST_SYNCH (Rule 98 of total 370) .... done (Time = 0.00s, Memory = 0.0K)
Checking Rule Pragma_setupa for module clk_div (Rule 97 of total 370) .... done (Time = 0.00s, Memory = 0.0K)
Checking Rule Reset_check01 for module clk_div (Rule 98 of total 370) .... done (Time = 0.00s, Memory = 0.0K)
Checking Rule Pragma_setupa for module DeSerializer (Rule 97 of total 370) .... done (Time = 0.00s, Memory = 0.0K)
Checking Rule Reset_check01 for module DeSerializer (Rule 98 of total 370) .... done (Time = 0.00s, Memory = 0.0K)
Checking Rule Pragma_setupa for module Data_sampling (Rule 97 of total 370) .... done (Time = 0.00s, Memory = 0.0K)
Checking Rule Reset_check01 for module Data_sampling (Rule 98 of total 370) .... done (Time = 0.00s, Memory = 0.0K)
Checking Rule Pragma_setupa for module Edge_Bit_Counter (Rule 97 of total 370) .... done (Time = 0.00s, Memory = 0.0K)
Checking Rule Reset_check01 for module Edge_Bit_Counter (Rule 98 of total 370) .... done (Time = 0.00s, Memory = 0.0K)
Checking Rule Pragma_setupa for module Parity_chk (Rule 97 of total 370) .... done (Time = 0.00s, Memory = 0.0K)
Checking Rule Reset_check01 for module Parity_chk (Rule 98 of total 370) .... done (Time = 0.00s, Memory = 0.0K)
Checking Rule Pragma_setupa for module Strt_chk (Rule 97 of total 370) .... done (Time = 0.00s, Memory = 0.0K)
Checking Rule Reset_check01 for module Strt_chk (Rule 98 of total 370) .... done (Time = 0.00s, Memory = 0.0K)
Checking Rule Pragma_setupa for module stp_chk (Rule 97 of total 370) .... done (Time = 0.00s, Memory = 0.0K)
Checking Rule Reset_check01 for module stp_chk (Rule 98 of total 370) .... done (Time = 0.00s, Memory = 0.0K)
Checking Rule Pragma_setupa for module RX_FSM (Rule 97 of total 370) .... done (Time = 0.00s, Memory = 0.0K)
Checking Rule Reset_check01 for module RX_FSM (Rule 98 of total 370) .... done (Time = 0.00s, Memory = 0.0K)
Checking Rule Pragma_setupa for module RX_TOP (Rule 97 of total 370) .... done (Time = 0.00s, Memory = 0.0K)
Checking Rule Reset_check01 for module RX_TOP (Rule 98 of total 370) .... done (Time = 0.00s, Memory = 0.0K)
Checking Rule Pragma_setupa for module MUX (Rule 97 of total 370) .... done (Time = 0.00s, Memory = 0.0K)
Checking Rule Reset_check01 for module MUX (Rule 98 of total 370) .... done (Time = 0.00s, Memory = 0.0K)
Checking Rule Pragma_setupa for module parity (Rule 97 of total 370) .... done (Time = 0.00s, Memory = 0.0K)
Checking Rule Reset_check01 for module parity (Rule 98 of total 370) .... done (Time = 0.00s, Memory = 0.0K)
Checking Rule Pragma_setupa for module TX_FSM (Rule 97 of total 370) .... done (Time = 0.00s, Memory = 0.0K)
Checking Rule Reset_check01 for module TX_FSM (Rule 98 of total 370) .... done (Time = 0.00s, Memory = 0.0K)
Checking Rule Pragma_setupa for module serializer (Rule 97 of total 370) .... done (Time = 0.00s, Memory = 0.0K)
Checking Rule Reset_check01 for module serializer (Rule 98 of total 370) .... done (Time = 0.00s, Memory = 0.0K)
Checking Rule Pragma_setupa for module TX_TOP (Rule 97 of total 370) .... done (Time = 0.00s, Memory = 0.0K)
Checking Rule Reset_check01 for module TX_TOP (Rule 98 of total 370) .... done (Time = 0.00s, Memory = 0.0K)
Checking Rule Pragma_setupa for module UART (Rule 97 of total 370) .... done (Time = 0.00s, Memory = 0.0K)
Checking Rule Reset_check01 for module UART (Rule 98 of total 370) .... done (Time = 0.00s, Memory = 0.0K)
Checking Rule Pragma_setupa for module Data_Synch (Rule 97 of total 370) .... done (Time = 0.00s, Memory = 0.0K)
Checking Rule Reset_check01 for module Data_Synch (Rule 98 of total 370) .... done (Time = 0.00s, Memory = 0.0K)
Checking Rule Pragma_setupa for module SYS_CTRL (Rule 97 of total 370) .... done (Time = 0.00s, Memory = 0.0K)
Checking Rule Reset_check01 for module SYS_CTRL (Rule 98 of total 370) .... done (Time = 0.00s, Memory = 0.0K)
Checking Rule Pragma_setupa for module Register (Rule 97 of total 370) .... done (Time = 0.00s, Memory = 0.0K)
Checking Rule Reset_check01 for module Register (Rule 98 of total 370) .... done (Time = 0.00s, Memory = 0.0K)
Checking Rule Pragma_setupa for module ALU (Rule 97 of total 370) .... done (Time = 0.00s, Memory = 0.0K)
Checking Rule Reset_check01 for module ALU (Rule 98 of total 370) .... done (Time = 0.00s, Memory = 0.0K)
Checking Rule Pragma_setupa for module FIFO_RD (Rule 97 of total 370) .... done (Time = 0.00s, Memory = 0.0K)
Checking Rule Reset_check01 for module FIFO_RD (Rule 98 of total 370) .... done (Time = 0.00s, Memory = 0.0K)
Checking Rule Pragma_setupa for module FIFO_WR (Rule 97 of total 370) .... done (Time = 0.00s, Memory = 0.0K)
Checking Rule Reset_check01 for module FIFO_WR (Rule 98 of total 370) .... done (Time = 0.00s, Memory = 0.0K)
Checking Rule Pragma_setupa for module DF_SYNC (Rule 97 of total 370) .... done (Time = 0.00s, Memory = 0.0K)
Checking Rule Reset_check01 for module DF_SYNC (Rule 98 of total 370) .... done (Time = 0.00s, Memory = 0.0K)
Checking Rule Pragma_setupa for module FIFO_MEM_CNTRL (Rule 97 of total 370) .... done (Time = 0.00s, Memory = 0.0K)
Checking Rule Reset_check01 for module FIFO_MEM_CNTRL (Rule 98 of total 370) .... done (Time = 0.00s, Memory = 0.0K)
Checking Rule Pragma_setupa for module FIFO_TOP (Rule 97 of total 370) .... done (Time = 0.00s, Memory = 0.0K)
Checking Rule Reset_check01 for module FIFO_TOP (Rule 98 of total 370) .... done (Time = 0.00s, Memory = 0.0K)
Checking Rule Pragma_setupa for module PULSE_GEN (Rule 97 of total 370) .... done (Time = 0.00s, Memory = 0.0K)
Checking Rule Reset_check01 for module PULSE_GEN (Rule 98 of total 370) .... done (Time = 0.00s, Memory = 0.0K)
Checking Rule Pragma_setupa for module sys_top (Rule 97 of total 370) .... done (Time = 0.00s, Memory = 0.0K)
Checking Rule Reset_check01 for module sys_top (Rule 98 of total 370) .... done (Time = 0.00s, Memory = 0.0K)
Performing semantic checks on SGDC contents
Checking Rule SGDC_testmode03 (Rule 99 of total 370) .... done (Time = 0.00s, Memory = 1.0K)
Checking Rule Pragma_setupb (Rule 100 of total 370) .... done (Time = 0.00s, Memory = 0.0K)
Checking Rule _vhMeta01 (Rule 101 of total 370) .... done (Time = 0.00s, Memory = 0.0K)
Checking Rule _meta_delay01 (Rule 102 of total 370) .... done (Time = 0.00s, Memory = 0.0K)
Checking Rule LogNMuxPrereq (Rule 103 of total 370) .... done (Time = 0.00s, Memory = -0.4K)
Checking Rule CheckCelldefine (Rule 104 of total 370) .... done (Time = 0.00s, Memory = 0.0K)
Checking Rule checkSGDC_01 (Rule 105 of total 370) .... done (Time = 0.00s, Memory = 0.0K)
Checking Rule checkSGDC_03 (Rule 106 of total 370) .... done (Time = 0.00s, Memory = -0.6K)
Checking Rule checkSGDC_08 (Rule 107 of total 370) .... done (Time = 0.00s, Memory = 0.0K)
Checking Rule SGDC_memorywritepin04 (Rule 108 of total 370) .... done (Time = 0.00s, Memory = 7.5K)
Checking Rule SGDC_reset02 (Rule 109 of total 370) .... done (Time = 0.00s, Memory = 7.5K)
Checking Rule SGDC_reset03 (Rule 110 of total 370) .... done (Time = 0.00s, Memory = -24.0K)
Checking Rule SGDC_waive23 (Rule 111 of total 370) .... done (Time = 0.00s, Memory = -0.1K)
Checking Rule SGDC_waive26 (Rule 112 of total 370) .... done (Time = 0.00s, Memory = 0.0K)
Checking Rule SGDC_waive27 (Rule 113 of total 370) .... done (Time = 0.00s, Memory = 0.0K)
Checking Rule SGDC_waive29 (Rule 114 of total 370) .... done (Time = 0.00s, Memory = 1.9K)
Checking Rule SGDC_libgroup03 (Rule 115 of total 370) .... done (Time = 0.00s, Memory = 0.0K)
Checking Rule SGDC_ungroup02 (Rule 116 of total 370) .... done (Time = 0.00s, Memory = 0.0K)
Checking Rule _abstractPortSGDC (Rule 117 of total 370) .... done (Time = 0.00s, Memory = -0.7K)
Checking Rule SGDC_abstract_port03 (Rule 118 of total 370) .... done (Time = 0.00s, Memory = 0.0K)
Checking Rule SGDC_abstract_port04 (Rule 119 of total 370) .... done (Time = 0.00s, Memory = 0.0K)
Checking Rule SGDC_abstract_port05 (Rule 120 of total 370) .... done (Time = 0.00s, Memory = -0.4K)
Checking Rule SGDC_abstract_port07 (Rule 121 of total 370) .... done (Time = 0.00s, Memory = 18.5K)
Checking Rule SGDC_abstract_port08 (Rule 122 of total 370) .... done (Time = 0.00s, Memory = 0.0K)
Checking Rule SGDC_abstract_port10 (Rule 123 of total 370) .... done (Time = 0.00s, Memory = 8.0K)
Checking Rule SGDC_abstract_port11 (Rule 124 of total 370) .... done (Time = 0.00s, Memory = 0.0K)
Checking Rule SGDC_abstract_port12 (Rule 125 of total 370) .... done (Time = 0.00s, Memory = -1.2K)
Checking Rule SGDC_abstract_port13 (Rule 126 of total 370) .... done (Time = 0.00s, Memory = 8.0K)
Checking Rule _cdc_save_license01 (Rule 127 of total 370) .... done (Time = 0.00s, Memory = 0.2K)
Checking Rule syncRstReq (Rule 128 of total 370) .... done (Time = 0.00s, Memory = -2.2K)
Checking Rule syncRstReq (Rule 129 of total 370) .... done (Time = 0.00s, Memory = 7.9K)
Checking Rule _syncResetStyleRTL (Rule 130 of total 370) .... done (Time = 0.00s, Memory = 0.0K)
Checking Rule _deltaDelay (Rule 131 of total 370) .... done (Time = 0.00s, Memory = 0.0K)
Checking Rule _deltaDelay (Rule 132 of total 370) .... done (Time = 0.00s, Memory = 0.0K)
Checking Rule _deltaDelayNom (Rule 133 of total 370) .... done (Time = 0.00s, Memory = 0.0K)
Checking Rule Ac_multitop01 (Rule 134 of total 370) .... done (Time = 0.00s, Memory = 0.0K)
Checking Rule AcOvlRtl (Rule 135 of total 370) .... done (Time = 0.00s, Memory = 24.0K)
Checking Rule AcOvlRtl (Rule 136 of total 370) .... done (Time = 0.00s, Memory = 0.0K)
Checking Rule Ac_svasetup01 (Rule 137 of total 370) .... done (Time = 0.00s, Memory = 0.0K)
Checking Rule ReportUngroup (Rule 138 of total 370) .... done (Time = 0.00s, Memory = 14.3K)
Checking Rule SGDC_allow_combo_logic02 (Rule 139 of total 370) .... done (Time = 0.00s, Memory = 0.0K)
Checking Rule _portRetenClocknReset (Rule 140 of total 370) .... done (Time = 0.00s, Memory = 2.0K)
Checking Rule _portReten (Rule 141 of total 370) .... done (Time = 0.00s, Memory = 33.0K)
Checking Rule SGDC_meta_design_hier01 (Rule 142 of total 370) .... done (Time = 0.00s, Memory = -1.8K)
Checking Rule LP_POWERDATA_INFO (Rule 143 of total 370) .... done (Time = 0.00s, Memory = 0.0K)
Checking Rule SGDC_abstract_port21 (Rule 144 of total 370) .... done (Time = 0.00s, Memory = 4.7K)
Checking Rule SGDC_input02 (Rule 145 of total 370) .... done (Time = 0.00s, Memory = 0.0K)
Checking Rule SGDC_input03 (Rule 146 of total 370) .... done (Time = 0.00s, Memory = 0.0K)
Checking Rule SGDC_output02 (Rule 147 of total 370) .... done (Time = 0.00s, Memory = 32.0K)
Checking Rule SGDC_output04 (Rule 148 of total 370) .... done (Time = 0.00s, Memory = 0.0K)
Checking Rule SGDC_numflops03a (Rule 149 of total 370) .... done (Time = 0.00s, Memory = 0.0K)
Checking Rule SGDC_numflops03b (Rule 150 of total 370) .... done (Time = 0.00s, Memory = -8.0K)
Checking Rule SGDC_numflops12 (Rule 151 of total 370) .... done (Time = 0.00s, Memory = 0.0K)
Checking Rule SGDC_sync_cell02b (Rule 152 of total 370) .... done (Time = 0.00s, Memory = 0.0K)
Checking Rule SGDC_sync_cell11 (Rule 153 of total 370) .... done (Time = 0.00s, Memory = 0.5K)
Checking Rule SGDC_qualifier02c (Rule 154 of total 370) .... done (Time = 0.00s, Memory = 32.0K)
Checking Rule SGDC_qualifier03c (Rule 155 of total 370) .... done (Time = 0.00s, Memory = 0.0K)
Checking Rule LPwrRulesSetup (Rule 156 of total 370) .... done (Time = 0.00s, Memory = -0.6K)
 Flattening sys_top (.lib instances separately flattened) ....
 Flattening completed
Checking Rule SGDC_quasi_static_style01 (Rule 157 of total 370) .... done (Time = 0.00s, Memory = -8.0K)
Checking Rule SignalTypeSetup (Rule 158 of total 370) .... done (Time = 0.00s, Memory = 8.0K)
Checking Rule _allowInst (Rule 159 of total 370) .... done (Time = 0.00s, Memory = 8.0K)
Checking Rule _ipblock (Rule 160 of total 370) .... done (Time = 0.00s, Memory = 0.0K)
Checking Rule _rstSyncCellInst (Rule 161 of total 370) .... done (Time = 0.00s, Memory = 1.5K)
Checking Rule _syncCellDelayedQualifier (Rule 162 of total 370) .... done (Time = 0.00s, Memory = -32.0K)
Checking Rule _repeaterCellInst (Rule 163 of total 370) .... done (Time = 0.00s, Memory = 0.0K)
Checking Rule _abstract_port (Rule 164 of total 370) .... done (Time = 0.00s, Memory = 2.7K)
Checking Rule Clock_setup02 (Rule 165 of total 370) .... done (Time = 0.00s, Memory = 48.9K)
Checking Rule Clockmatrix01 (Rule 166 of total 370) .... done (Time = 0.00s, Memory = 0.0K)
Checking Rule Clock_prop (Rule 167 of total 370) .... done (Time = 0.00s, Memory = 11.9K)
Checking Rule Reset_prop (Rule 168 of total 370) .... done (Time = 0.00s, Memory = 5.7K)
Checking Rule SGDC_generated_clock06 (Rule 169 of total 370) .... done (Time = 0.00s, Memory = 0.0K)
Checking Rule Propagate_Clocks (Rule 170 of total 370) .... done (Time = 0.00s, Memory = 528.7K)
Checking Rule _syncreset_prop (Rule 171 of total 370) .... done (Time = 0.00s, Memory = 16.0K)
Checking Rule _syncc (Rule 172 of total 370) .... done (Time = 0.00s, Memory = 0.1K)
Checking Rule _syncb (Rule 173 of total 370) .... done (Time = 0.00s, Memory = 0.0K)
Checking Rule _resetPathCross (Rule 174 of total 370) .... done (Time = 0.00s, Memory = 0.0K)
Checking Rule FalsePathSetup (Rule 175 of total 370) .... done (Time = 0.00s, Memory = 0.0K)
Checking Rule _fifo01 (Rule 176 of total 370) .... done (Time = 0.00s, Memory = 0.0K)
Checking Rule _syncfifo (Rule 177 of total 370) .... done (Time = 0.00s, Memory = 0.0K)
Checking Rule _syncUDfifo (Rule 178 of total 370) .... done (Time = 0.00s, Memory = 0.0K)
Checking Rule _syncdw (Rule 179 of total 370) .... done (Time = 0.00s, Memory = 4.0K)
Checking Rule _syncd (Rule 180 of total 370) .... done (Time = 0.00s, Memory = 4.7K)
Checking Rule _syncg (Rule 181 of total 370) .... done (Time = 0.00s, Memory = -11.1K)
Checking Rule _sync_clock (Rule 182 of total 370) .... done (Time = 0.00s, Memory = 0.0K)
Checking Rule _sync_gp (Rule 183 of total 370) .... done (Time = 0.00s, Memory = 0.0K)
Checking Rule _sync_and (Rule 184 of total 370) .... done (Time = 0.00s, Memory = 0.0K)
Checking Rule _synci (Rule 185 of total 370) .... done (Time = 0.00s, Memory = 0.0K)
Checking Rule _sync_qualifier (Rule 186 of total 370) .... done (Time = 0.00s, Memory = 0.0K)
Checking Rule SGDC_fifo11 (Rule 187 of total 370) .... done (Time = 0.00s, Memory = 24.2K)
Checking Rule SGDC_fifo12 (Rule 188 of total 370) .... done (Time = 0.00s, Memory = 8.0K)
Checking Rule SGDC_fifo13 (Rule 189 of total 370) .... done (Time = 0.00s, Memory = 0.0K)
Checking Rule SGDC_fifo14 (Rule 190 of total 370) .... done (Time = 0.00s, Memory = 0.0K)
Checking Rule Gen_diff01 (Rule 191 of total 370) .... done (Time = 0.00s, Memory = 9.8K)
Checking Rule _debugData (Rule 192 of total 370) .... done (Time = 0.00s, Memory = 0.0K)
Checking Rule Ac_Sync_Init (Rule 193 of total 370) .... done (Time = 0.00s, Memory = 0.0K)
Checking Rule _propagate_cdcAttrib (Rule 194 of total 370) .... done (Time = 0.00s, Memory = 0.0K)
Checking Rule Ar_Cross_Init (Rule 195 of total 370) .... done (Time = 0.00s, Memory = 0.0K)
Checking Rule SGDC_cdc_define_transition01 (Rule 196 of total 370) .... done (Time = 0.00s, Memory = 0.0K)
Checking Rule UPF_lowpower08PR (Rule 197 of total 370) .... done (Time = 0.00s, Memory = 0.6K)
Checking Rule UPF_lowpower08 (Rule 198 of total 370) .... done (Time = 0.00s, Memory = 0.0K)
Checking Rule Setup_check01 (Rule 199 of total 370) .... done (Time = 0.00s, Memory = 0.0K)
Checking Rule Setup_check02 (Rule 200 of total 370) .... done (Time = 0.00s, Memory = 0.0K)
Checking Rule Info_Case_Analysis (Rule 201 of total 370) .... done (Time = 0.00s, Memory = -0.7K)
Checking Rule SGDC_set_case_analysis_LC (Rule 202 of total 370) .... done (Time = 0.00s, Memory = 0.0K)
Checking Rule SGDC_signal_in_domain02 (Rule 203 of total 370) .... done (Time = 0.00s, Memory = 0.0K)
Checking Rule SGDC_signal_in_domain04 (Rule 204 of total 370) .... done (Time = 0.00s, Memory = 0.0K)
Checking Rule SGDC_numflops03c (Rule 205 of total 370) .... done (Time = 0.00s, Memory = 0.0K)
Checking Rule SGDC_numflops04 (Rule 206 of total 370) .... done (Time = 0.00s, Memory = 1.6K)
Checking Rule SGDC_numflops05 (Rule 207 of total 370) .... done (Time = 0.00s, Memory = 0.0K)
Checking Rule SGDC_numflops06 (Rule 208 of total 370) .... done (Time = 0.00s, Memory = 0.0K)
Checking Rule SGDC_numflops11 (Rule 209 of total 370) .... done (Time = 0.00s, Memory = 0.0K)
Checking Rule SGDC_numflops13 (Rule 210 of total 370) .... done (Time = 0.00s, Memory = 0.0K)
Checking Rule SGDC_numflops14 (Rule 211 of total 370) .... done (Time = 0.00s, Memory = 32.0K)
Checking Rule SGDC_clocksense02 (Rule 212 of total 370) .... done (Time = 0.00s, Memory = -3.0K)
Checking Rule SGDC_clocksense03 (Rule 213 of total 370) .... done (Time = 0.00s, Memory = 0.0K)
Checking Rule SGDC_sgclkgroup01 (Rule 214 of total 370) .... done (Time = 0.00s, Memory = 0.0K)
Checking Rule SGDC_sgclkgroup02 (Rule 215 of total 370) .... done (Time = 0.00s, Memory = 0.0K)
Checking Rule SGDC_sgclkgroup03 (Rule 216 of total 370) .... done (Time = 0.00s, Memory = 0.0K)
Checking Rule SGDC_check_clock_relation01a (Rule 217 of total 370) .... done (Time = 0.00s, Memory = 0.0K)
Checking Rule SGDC_check_clock_relation01b (Rule 218 of total 370) .... done (Time = 0.00s, Memory = 0.0K)
Checking Rule SGDC_check_clock_relation01c (Rule 219 of total 370) .... done (Time = 0.00s, Memory = 0.0K)
Checking Rule SGDC_check_clock_relation02a (Rule 220 of total 370) .... done (Time = 0.00s, Memory = -4.0K)
Checking Rule SGDC_check_clock_relation02b (Rule 221 of total 370) .... done (Time = 0.00s, Memory = 0.0K)
Checking Rule SGDC_check_clock_relation02c (Rule 222 of total 370) .... done (Time = 0.00s, Memory = -8.0K)
Checking Rule SGDC_check_clock_relation03b (Rule 223 of total 370) .... done (Time = 0.00s, Memory = 0.0K)
Checking Rule SGDC_check_clock_relation04b (Rule 224 of total 370) .... done (Time = 0.00s, Memory = -24.0K)
Checking Rule CheckClockRelationSetup (Rule 225 of total 370) .... done (Time = 0.00s, Memory = 12.4K)
Checking Rule SGDC_gray_signals01 (Rule 226 of total 370) .... done (Time = 0.00s, Memory = 0.0K)
Checking Rule SGDC_gray_signals02 (Rule 227 of total 370) .... done (Time = 0.00s, Memory = -34.5K)
Checking Rule SGDC_gray_signals03 (Rule 228 of total 370) .... done (Time = 0.00s, Memory = 0.0K)
Checking Rule SGDC_qualifier02a (Rule 229 of total 370) .... done (Time = 0.00s, Memory = 0.0K)
Checking Rule SGDC_qualifier03a (Rule 230 of total 370) .... done (Time = 0.00s, Memory = 0.0K)
Checking Rule SGDC_qualifier04 (Rule 231 of total 370) .... done (Time = 0.00s, Memory = 0.0K)
Checking Rule SGDC_qualifier05 (Rule 232 of total 370) .... done (Time = 0.00s, Memory = 0.0K)
Checking Rule SGDC_qualifier08 (Rule 233 of total 370) .... done (Time = 0.00s, Memory = 0.0K)
Checking Rule QualifierSetup (Rule 234 of total 370) .... done (Time = 0.00s, Memory = -0.6K)
Checking Rule ResetSynchronizerSetup (Rule 235 of total 370) .... done (Time = 0.00s, Memory = 0.0K)
Checking Rule SGDC_validation_filter_path03 (Rule 236 of total 370) .... done (Time = 0.00s, Memory = 0.0K)
Checking Rule SGDC_qualifier10 (Rule 237 of total 370) .... done (Time = 0.00s, Memory = 0.0K)
Checking Rule SGDC_qualifier11 (Rule 238 of total 370) .... done (Time = 0.00s, Memory = 0.0K)
Checking Rule SGDC_qualifier12 (Rule 239 of total 370) .... done (Time = 0.00s, Memory = 0.0K)
Checking Rule SGDC_qualifier13 (Rule 240 of total 370) .... done (Time = 0.00s, Memory = 0.0K)
Checking Rule SGDC_qualifier14 (Rule 241 of total 370) .... done (Time = 0.00s, Memory = 0.0K)
Checking Rule SGDC_qualifier16 (Rule 242 of total 370) .... done (Time = 0.00s, Memory = 0.0K)
Checking Rule SGDC_qualifier18 (Rule 243 of total 370) .... done (Time = 0.00s, Memory = 0.0K)
Checking Rule SGDC_qualifier19a (Rule 244 of total 370) .... done (Time = 0.00s, Memory = 0.0K)
Checking Rule SGDC_qualifier19b (Rule 245 of total 370) .... done (Time = 0.00s, Memory = -8.0K)
Checking Rule SGDC_qualifier19c (Rule 246 of total 370) .... done (Time = 0.00s, Memory = 0.0K)
Checking Rule SGDC_qualifier20b (Rule 247 of total 370) .... done (Time = 0.00s, Memory = -32.0K)
Checking Rule SGDC_qualifier21 (Rule 248 of total 370) .... done (Time = 0.00s, Memory = 0.0K)
Checking Rule SGDC_qualifier22 (Rule 249 of total 370) .... done (Time = 0.00s, Memory = 0.0K)
Checking Rule SGDC_qualifier23 (Rule 250 of total 370) .... done (Time = 0.00s, Memory = 0.0K)
Checking Rule SGDC_virtualclock01 (Rule 251 of total 370) .... done (Time = 0.00s, Memory = 0.0K)
Checking Rule SGDC_virtualreset01 (Rule 252 of total 370) .... done (Time = 0.00s, Memory = -0.3K)
Checking Rule SGDC_abstract_port19 (Rule 253 of total 370) .... done (Time = 0.00s, Memory = 0.0K)
Checking Rule SGDC_abstract_port20 (Rule 254 of total 370) .... done (Time = 0.00s, Memory = 0.0K)
Checking Rule RFPSetup (Rule 255 of total 370) .... done (Time = 0.00s, Memory = 0.0K)
Checking Rule SGDC_reset_filter_path02a (Rule 256 of total 370) .... done (Time = 0.00s, Memory = 0.0K)
Checking Rule SGDC_reset_filter_path02b (Rule 257 of total 370) .... done (Time = 0.00s, Memory = 32.0K)
Checking Rule SGDC_reset_filter_path02c (Rule 258 of total 370) .... done (Time = 0.00s, Memory = 8.0K)
Checking Rule SGDC_reset_filter_path03a (Rule 259 of total 370) .... done (Time = 0.00s, Memory = 0.0K)
Checking Rule SGDC_reset_filter_path03b (Rule 260 of total 370) .... done (Time = 0.00s, Memory = -8.0K)
Checking Rule SGDC_reset_filter_path03c (Rule 261 of total 370) .... done (Time = 0.00s, Memory = 8.0K)
Checking Rule SGDC_reset_filter_path04b (Rule 262 of total 370) .... done (Time = 0.00s, Memory = -1.0K)
Checking Rule SGDC_reset_filter_path07a (Rule 263 of total 370) .... done (Time = 0.00s, Memory = 0.0K)
Checking Rule SGDC_reset_filter_path07b (Rule 264 of total 370) .... done (Time = 0.00s, Memory = 64.0K)
Checking Rule SGDC_reset_filter_path07c (Rule 265 of total 370) .... done (Time = 0.00s, Memory = 0.0K)
Checking Rule SGDC_define_reset_order03 (Rule 266 of total 370) .... done (Time = 0.00s, Memory = 0.0K)
Checking Rule SGDC_define_reset_order04 (Rule 267 of total 370) .... done (Time = 0.00s, Memory = -2.5K)
Checking Rule SGDC_define_reset_order05 (Rule 268 of total 370) .... done (Time = 0.00s, Memory = -3.0K)
Checking Rule SGDC_cdc_false_path06 (Rule 269 of total 370) .... done (Time = 0.00s, Memory = 8.0K)
Checking Rule SGDC_cdc_false_path07 (Rule 270 of total 370) .... done (Time = 0.00s, Memory = 0.0K)
Checking Rule SGDC_cdc_false_path08 (Rule 271 of total 370) .... done (Time = 0.00s, Memory = -1.0K)
Checking Rule CDCSet_License01 (Rule 272 of total 370) .... done (Time = 0.00s, Memory = 8.0K)
Checking Rule Clock_check01 (Rule 273 of total 370) .... done (Time = 0.00s, Memory = 45.9K)
Checking Rule Propagate_Resets (Rule 274 of total 370) .... done (Time = 0.00s, Memory = 0.0K)
Checking Rule _reset_sync (Rule 275 of total 370) .... done (Time = 0.00s, Memory = 0.0K)
Checking Rule Reset_check02 (Rule 276 of total 370) .... done (Time = 0.01s, Memory = 9.5K)
Checking Rule Clock_info05b (Rule 277 of total 370) .... done (Time = 0.00s, Memory = 32.0K)
Checking Rule Clock_glitch02 (Rule 278 of total 370) .... done (Time = 0.00s, Memory = 0.0K)
Checking Rule Clock_glitch03 (Rule 279 of total 370) .... done (Time = 0.00s, Memory = 0.0K)
Checking Rule Clock_glitch04 (Rule 280 of total 370) .... done (Time = 0.00s, Memory = -35.6K)
Checking Rule Clock_Reset_info01 (Rule 281 of total 370) .... done (Time = 0.00s, Memory = 0.0K)
Checking Rule Reset_check03 (Rule 282 of total 370) .... done (Time = 0.00s, Memory = 0.0K)
Checking Rule Clock_Reset_check02 (Rule 283 of total 370) .... done (Time = 0.00s, Memory = -3.2K)
Checking Rule Clock_Reset_check03 (Rule 284 of total 370) .... done (Time = 0.00s, Memory = -42.2K)
Checking Rule Clock_check04 (Rule 285 of total 370) .... done (Time = 0.00s, Memory = 0.0K)
Checking Rule _clkWrapModules (Rule 286 of total 370) .... done (Time = 0.00s, Memory = 1.0K)
Checking Rule _clock_hier_rules (Rule 287 of total 370) .... done (Time = 0.00s, Memory = 0.0K)
Checking Rule Reset_check06 (Rule 288 of total 370) .... done (Time = 0.00s, Memory = 0.0K)
Checking Rule Ar_sync_init (Rule 289 of total 370) .... done (Time = 0.00s, Memory = 16.0K)
Checking Rule _constrCoverage (Rule 290 of total 370) .... done (Time = 0.00s, Memory = 16.0K)
Checking Rule Reset_check07 (Rule 291 of total 370) .... done (Time = 0.00s, Memory = 5.1K)
Checking Rule Reset_check04 (Rule 292 of total 370) .... done (Time = 0.00s, Memory = 0.1K)
Checking Rule Clock_Reset_check01 (Rule 293 of total 370) .... done (Time = 0.00s, Memory = 0.0K)
Checking Rule SGDC_clockreset02 (Rule 294 of total 370) .... done (Time = 0.00s, Memory = 0.0K)
Checking Rule Param_clockreset02 (Rule 295 of total 370) .... done (Time = 0.00s, Memory = 0.0K)
Checking Rule Param_clockreset04 (Rule 296 of total 370) .... done (Time = 0.00s, Memory = 0.0K)
Checking Rule Setup_clockreset01 (Rule 297 of total 370) .... done (Time = 0.00s, Memory = 0.0K)
Checking Rule Clock_check07 (Rule 298 of total 370) .... done (Time = 0.00s, Memory = -1.8K)
Checking Rule Reset_check08 (Rule 299 of total 370) .... done (Time = 0.00s, Memory = -0.3K)
Checking Rule Clock_converge01 (Rule 300 of total 370) .... done (Time = 0.00s, Memory = 0.0K)
Checking Rule Ar_converge01 (Rule 301 of total 370) .... done (Time = 0.00s, Memory = 7.7K)
Checking Rule SGDC_noclockcell_start01 (Rule 302 of total 370) .... done (Time = 0.00s, Memory = 0.0K)
Checking Rule Ac_initseq01 (Rule 303 of total 370) .... done (Time = 0.00s, Memory = 0.0K)
Checking Rule Ac_init01 (Rule 304 of total 370) .... done (Time = 0.00s, Memory = 2.0K)
Checking Rule _ac_Auxi01 (Rule 305 of total 370) .... done (Time = 0.00s, Memory = 0.0K)
Checking Rule Ac_sanity02 (Rule 306 of total 370) .... done (Time = 0.00s, Memory = 0.0K)
Checking Rule _glitch_init (Rule 307 of total 370) .... done (Time = 0.00s, Memory = 0.0K)
Checking Rule Ac_initstate01 (Rule 308 of total 370) .... done (Time = 0.00s, Memory = 20.0K)
Checking Rule Ac_conv02setup01 (Rule 309 of total 370) .... done (Time = 0.00s, Memory = 32.0K)
Checking Rule Ac_abs01 (Rule 310 of total 370) .... done (Time = 0.00s, Memory = 0.0K)
Checking Rule Ac_report01 (Rule 311 of total 370) .... done (Time = 0.00s, Memory = -0.3K)
Checking Rule AllowComboLogicSetup (Rule 312 of total 370) .... done (Time = 0.00s, Memory = 0.0K)
Checking Rule Ac_upfsetup02 (Rule 313 of total 370) .... done (Time = 0.00s, Memory = 0.0K)
Checking Rule Ac_upfsetup01 (Rule 314 of total 370) .... done (Time = 0.00s, Memory = 0.0K)
Checking Rule Ac_psync_init (Rule 315 of total 370) .... done (Time = 0.00s, Memory = 0.0K)
Checking Rule Ac_psetup01 (Rule 316 of total 370) .... done (Time = 0.00s, Memory = -1.0K)
Checking Rule Clock_exit01 (Rule 317 of total 370) .... done (Time = 0.00s, Memory = 4.7K)
Checking Rule SGDC_reset_synchronizer02 (Rule 318 of total 370) .... done (Time = 0.00s, Memory = 0.0K)
Checking Rule SGDC_reset_synchronizer04 (Rule 319 of total 370) .... done (Time = 0.00s, Memory = 0.0K)
Checking Rule SGDC_reset_synchronizer06 (Rule 320 of total 370) .... done (Time = 0.00s, Memory = 0.0K)
Checking Rule SGDC_reset_synchronizer08 (Rule 321 of total 370) .... done (Time = 0.00s, Memory = 0.0K)
Checking Rule SGDC_reset_synchronizer10 (Rule 322 of total 370) .... done (Time = 0.00s, Memory = 0.0K)
Checking Rule ClockEnableRace (Rule 323 of total 370) .... done (Time = 0.00s, Memory = 48.9K)
Checking Rule AnalyzeBBox (Rule 324 of total 370) .... done (Time = 0.00s, Memory = 0.0K)
Checking Rule ReportCheckDataSummary (Rule 325 of total 370) .... done (Time = 0.00s, Memory = 0.0K)

Generating data for Console...

SpyGlass Rule Checking Complete.

Generating moresimple report from './lint_cdc/sys_top/cdc/clock_reset_integrity/spyglass.vdb' to './lint_cdc/sys_top/cdc/clock_reset_integrity/spyglass_reports/moresimple.rpt' ....

Generating runsummary report from './lint_cdc/sys_top/cdc/clock_reset_integrity/spyglass.vdb' ....

Generating no_msg_reporting_rules report from './lint_cdc/sys_top/cdc/clock_reset_integrity/spyglass.vdb' to './lint_cdc/sys_top/cdc/clock_reset_integrity/spyglass_reports/no_msg_reporting_rules.rpt' ....

Generating CDC-report report from './lint_cdc/sys_top/cdc/clock_reset_integrity/spyglass.vdb' to './lint_cdc/sys_top/cdc/clock_reset_integrity/spyglass_reports/CDC-report.rpt' ....

Generating CKSGDCInfo report from './lint_cdc/sys_top/cdc/clock_reset_integrity/spyglass.vdb' to './lint_cdc/sys_top/cdc/clock_reset_integrity/spyglass_reports/CKSGDCInfo.rpt' ....

Policy specific data (reports) are present in the directory './lint_cdc/sys_top/cdc/clock_reset_integrity/spyglass_reports'.

SpyGlass critical reports for the current run are present in directory './lint_cdc/consolidated_reports/sys_top_cdc_clock_reset_integrity/'.

---------------------------------------------------------------------------------------------
Results Summary:
---------------------------------------------------------------------------------------------
   Goal Run           :      cdc/clock_reset_integrity
   Command-line read  :      0 error,      0 warning,      1 information message 
   Design Read        :      0 error,      0 warning,      3 information messages
      Found 1 top module:
         sys_top   (file: ../rtl/System_Top/SYS_TOP_dft.v)

   Blackbox Resolution:      0 error,      0 warning,      0 information message 
   SGDC Checks        :      0 error,      0 warning,      0 information message 
   Policy clock-reset :      0 error,      4 warnings,     0 information message 
   -------------------------------------------------------------------------------------
   Total              :      0 error,      4 warnings,     4 information messages

  Total Number of Generated Messages     :         8 (0 error, 4 warnings, 4 Infos)
  Number of Reported Messages            :         8 (0 error, 4 warnings, 4 Infos)

---------------------------------------------------------------------------------------------


run_goal: info: updating spyglass.log with goal summary
---------------------------------------------------------------------------------------------------
Results Summary:
---------------------------------------------------------------------------------------------------
   Goal Run           :      cdc/clock_reset_integrity
   Top Module         :      sys_top
---------------------------------------------------------------------------------------------------
   Reports Directory: 
   /home/ICer/UART_System/Spyglass2/lint_cdc/consolidated_reports/sys_top_cdc_clock_reset_integrity/ 

   SpyGlass LogFile: 
    /home/ICer/UART_System/Spyglass2/lint_cdc/sys_top/cdc/clock_reset_integrity/spyglass.log 

   Standard Reports: 
     moresimple.rpt          no_msg_reporting_rules.rpt       

   HTML report:
    /home/ICer/UART_System/Spyglass2/lint_cdc/html_reports/goals_summary.html
  

   Technology Reports:  
     CDC-report.rpt          CKSGDCInfo.rpt        
   
---------------------------------------------------------------------------------------------------
   Goal Violation Summary:
       Waived   Messages:                      0 Errors,      0 Warnings,      0 Infos
       Reported Messages:         0 Fatals,    0 Errors,      4 Warnings,      4 Infos
---------------------------------------------------------------------------------------------------
   
---------------------------------------------------------------------------------------------------
 
run_goal: info: spyglass.log successfully updated with goal summary
0 {Rule-checking completed with warnings}current_goal: warning: design query data not saved for last active goal `cdc/clock_reset_integrity'
                       (use `save_goal' command or enable `auto_save' option to save design query data for subsequent goals)
current_goal: info: loading goal `cdc/cdc_verify_struct' with top `sys_top' (in progress)
current_goal: info: finished loading goal `cdc/cdc_verify_struct' (ok)

INFO:    SpyGlass will run goal(s) 'cdc/cdc_verify_struct'.


 Auto-compiling gates libraries

        "../System_pnr/std_cells/libs/scmetro_tsmc_cl013g_rvt_ss_1p08v_125c.lib"
        "../System_pnr/std_cells/libs/scmetro_tsmc_cl013g_rvt_tt_1p2v_25c.lib"
        "../System_pnr/std_cells/libs/scmetro_tsmc_cl013g_rvt_ff_1p32v_m40c.lib"
    to
        "./lint_cdc/spyglass_cache/autogenerated_sglib/aggregate.sglib" ...already compiled

 Using this already compiled sglib for the current run ...

RULE-CHECKING IN MIXED MODE
Loading spyglass (SpyGlass_vL-2016.06) ... (picked from /home/synopsys/SpyGlass-L2016.06/SPYGLASS_HOME/policies/spyglass)
Loading clock-reset (SpyGlass_vL-2016.06) ... (picked from /home/synopsys/SpyGlass-L2016.06/SPYGLASS_HOME/policies/clock)
Reading specified sglib files(s) ....
   Processing library: 'scmetro_tsmc_cl013g_rvt_ss_1p08v_125c' .... done
   Processing library: 'scmetro_tsmc_cl013g_rvt_tt_1p2v_25c' .... done
   Processing library: 'scmetro_tsmc_cl013g_rvt_ff_1p32v_m40c' .... done
Checking Rule AutoGenerateSglib (Rule 1 of total 402) .... done (Time = 0.00s, Memory = 0.0K)

INFO [76]    Using `./lint_cdc/sys_top/WORK/64' as the Work Directory for 64bit precompiled dump.
Checking Rule Param_clockreset07 (Rule 2 of total 402) .... done (Time = 0.00s, Memory = 0.0K)
Checking Rule Clock_setup01 (Rule 3 of total 402) .... done (Time = 0.00s, Memory = 32.3K)
Checking Rule Param_clockreset06 (Rule 4 of total 402) .... done (Time = 0.00s, Memory = 0.0K)
Checking Rule SGDC_meta_monitor_attributes01 (Rule 5 of total 402) .... done (Time = 0.00s, Memory = 1.3K)
Checking Rule LP_POWERDATA_CHECK (Rule 6 of total 402) .... done (Time = 0.00s, Memory = 0.0K)
Checking Rule LP_POWERDATA_READ (Rule 7 of total 402) .... done (Time = 0.00s, Memory = 0.0K)
Checking Rule PrecompileLibCheck01 (Rule 8 of total 402) .... done (Time = 0.00s, Memory = 0.0K)
Checking Rule PrecompileLibCheck02 (Rule 9 of total 402) .... done (Time = 0.00s, Memory = 0.0K)
Checking Rule PrecompileLibCheck03 (Rule 10 of total 402) .... done (Time = 0.00s, Memory = 0.0K)
Checking Rule PrecompileLibCheck04 (Rule 11 of total 402) .... done (Time = 0.00s, Memory = 0.0K)
Checking Rule ElabSummary (Rule 12 of total 402) .... done (Time = 0.01s, Memory = 0.0K)
Checking Rule ReportSglibVersionSummary (Rule 13 of total 402) .... done (Time = 0.00s, Memory = 0.0K)
Checking Rule SGDC_assume_path01 (Rule 14 of total 402) .... done (Time = 0.00s, Memory = 0.0K)
Checking Rule SGDC_sdcschema02 (Rule 15 of total 402) .... done (Time = 0.00s, Memory = 0.3K)
Checking Rule SGDC_clock05 (Rule 16 of total 402) .... done (Time = 0.00s, Memory = 1.5K)
Checking Rule SGDC_clock09 (Rule 17 of total 402) .... done (Time = 0.00s, Memory = 0.0K)
Checking Rule SGDC_force_ta05 (Rule 18 of total 402) .... done (Time = 0.00s, Memory = 0.0K)
Checking Rule SGDC_require_path03 (Rule 19 of total 402) .... done (Time = 0.00s, Memory = 11.8K)
Checking Rule SGDC_require_value03 (Rule 20 of total 402) .... done (Time = 0.00s, Memory = 3.0K)
Checking Rule SGDC_voltagedomain05 (Rule 21 of total 402) .... done (Time = 0.00s, Memory = -7.2K)
Checking Rule SGDC_voltagedomain06 (Rule 22 of total 402) .... done (Time = 0.00s, Memory = 32.5K)
Checking Rule SGDC_voltagedomain07 (Rule 23 of total 402) .... done (Time = 0.00s, Memory = 31.6K)
Checking Rule SGDC_powerdomainoutputs02 (Rule 24 of total 402) .... done (Time = 0.00s, Memory = 0.0K)
Checking Rule SGDC_supply01 (Rule 25 of total 402) .... done (Time = 0.00s, Memory = 0.0K)
Checking Rule SGDC_waive01 (Rule 26 of total 402) .... done (Time = 0.00s, Memory = 0.0K)
Checking Rule SGDC_waive02 (Rule 27 of total 402) .... done (Time = 0.00s, Memory = 0.0K)
Checking Rule SGDC_waive03 (Rule 28 of total 402) .... done (Time = 0.00s, Memory = 0.0K)
Checking Rule SGDC_waive04 (Rule 29 of total 402) .... done (Time = 0.00s, Memory = 0.0K)
Checking Rule SGDC_waive05 (Rule 30 of total 402) .... done (Time = 0.00s, Memory = 0.0K)
Checking Rule SGDC_waive06 (Rule 31 of total 402) .... done (Time = 0.00s, Memory = 0.0K)
Checking Rule SGDC_waive07 (Rule 32 of total 402) .... done (Time = 0.00s, Memory = 0.0K)
Checking Rule SGDC_waive08 (Rule 33 of total 402) .... done (Time = 0.00s, Memory = 1.6K)
Checking Rule SGDC_waive09 (Rule 34 of total 402) .... done (Time = 0.00s, Memory = 0.0K)
Checking Rule SGDC_waive10 (Rule 35 of total 402) .... done (Time = 0.00s, Memory = 0.0K)
Checking Rule SGDC_waive11 (Rule 36 of total 402) .... done (Time = 0.00s, Memory = 24.0K)
Checking Rule SGDC_waive12 (Rule 37 of total 402) .... done (Time = 0.00s, Memory = 0.0K)
Checking Rule SGDC_waive13 (Rule 38 of total 402) .... done (Time = 0.00s, Memory = 8.0K)
Checking Rule SGDC_waive21 (Rule 39 of total 402) .... done (Time = 0.00s, Memory = 14.0K)
Checking Rule SGDC_waive22 (Rule 40 of total 402) .... done (Time = 0.00s, Memory = 0.0K)
Checking Rule SGDC_waive30 (Rule 41 of total 402) .... done (Time = 0.00s, Memory = 8.0K)
Checking Rule SGDC_waive32 (Rule 42 of total 402) .... done (Time = 0.00s, Memory = -32.0K)
Checking Rule SGDC_waive33 (Rule 43 of total 402) .... done (Time = 0.00s, Memory = -1.0K)
Checking Rule SGDC_waive36 (Rule 44 of total 402) .... done (Time = 0.00s, Memory = -8.0K)
Checking Rule SGDC_waive38 (Rule 45 of total 402) .... done (Time = 0.00s, Memory = -27.0K)
Checking Rule SGDC_fifo01 (Rule 46 of total 402) .... done (Time = 0.00s, Memory = -2.0K)
Checking Rule SGDC_libgroup01 (Rule 47 of total 402) .... done (Time = 0.00s, Memory = 0.0K)
Checking Rule SGDC_libgroup02 (Rule 48 of total 402) .... done (Time = 0.00s, Memory = 0.0K)
Checking Rule SGDC_libgroup04 (Rule 49 of total 402) .... done (Time = 0.00s, Memory = 0.0K)
Checking Rule SGDC_power_data01 (Rule 50 of total 402) .... done (Time = 0.00s, Memory = 0.0K)
Checking Rule SGDC_ungroup01 (Rule 51 of total 402) .... done (Time = 0.00s, Memory = 0.0K)
Checking Rule SGDC_abstract_port06 (Rule 52 of total 402) .... done (Time = 0.00s, Memory = 0.0K)
Checking Rule SGDC_abstract_port14 (Rule 53 of total 402) .... done (Time = 0.00s, Memory = 32.5K)
Checking Rule SGDC_abstract_port15 (Rule 54 of total 402) .... done (Time = 0.00s, Memory = 0.0K)
Checking Rule SGDC_abstract_port18 (Rule 55 of total 402) .... done (Time = 0.00s, Memory = 0.0K)
Checking Rule sdc_init_rule (Rule 56 of total 402) .... done (Time = 0.00s, Memory = 0.0K)
Checking Rule CMD_ignorelibs01 (Rule 57 of total 402) .... done (Time = 0.00s, Memory = 0.0K)
Checking Rule ReportRuleNotRun (Rule 58 of total 402) .... done (Time = 0.00s, Memory = 39.5K)
Checking Rule SGDC_generated_clock03 (Rule 59 of total 402) .... done (Time = 0.00s, Memory = 0.0K)
Checking Rule SGDC_generated_clock04 (Rule 60 of total 402) .... done (Time = 0.00s, Memory = 36.5K)
Checking Rule SGDC_generated_clock05 (Rule 61 of total 402) .... done (Time = 0.00s, Memory = 0.0K)
Checking Rule SGDC_quasi_static_style02 (Rule 62 of total 402) .... done (Time = 0.00s, Memory = 2.1K)
Checking Rule SGDC_syncresetstyle01 (Rule 63 of total 402) .... done (Time = 0.00s, Memory = -6.8K)
Checking Rule SGDC_network_allowed_cells01 (Rule 64 of total 402) .... done (Time = 0.00s, Memory = 4.0K)
Checking Rule SGDC_numflops01 (Rule 65 of total 402) .... done (Time = 0.00s, Memory = 0.0K)
Checking Rule SGDC_numflops07 (Rule 66 of total 402) .... done (Time = 0.00s, Memory = 0.0K)
Checking Rule SGDC_numflops08 (Rule 67 of total 402) .... done (Time = 0.00s, Memory = 36.5K)
Checking Rule SGDC_numflops09 (Rule 68 of total 402) .... done (Time = 0.00s, Memory = 0.0K)
Checking Rule SGDC_clocksense04 (Rule 69 of total 402) .... done (Time = 0.00s, Memory = 0.0K)
Checking Rule SGDC_check_clock_relation05a (Rule 70 of total 402) .... done (Time = 0.00s, Memory = -4.0K)
Checking Rule SGDC_check_clock_relation05b (Rule 71 of total 402) .... done (Time = 0.00s, Memory = -24.0K)
Checking Rule SGDC_sync_cell08a (Rule 72 of total 402) .... done (Time = 0.00s, Memory = 3.2K)
Checking Rule SGDC_sync_cell09a (Rule 73 of total 402) .... done (Time = 0.00s, Memory = -0.4K)
Checking Rule SGDC_qualifier06 (Rule 74 of total 402) .... done (Time = 0.00s, Memory = 4.0K)
Checking Rule SGDC_cdc_waive03 (Rule 75 of total 402) .... done (Time = 0.00s, Memory = 0.0K)
Checking Rule SGDC_qualifier09 (Rule 76 of total 402) .... done (Time = 0.00s, Memory = 1.2K)
Checking Rule SGDC_qualifier15 (Rule 77 of total 402) .... done (Time = 0.00s, Memory = 1.8K)
Checking Rule SGDC_allow_combo_logic01 (Rule 78 of total 402) .... done (Time = 0.00s, Memory = 32.5K)
Checking Rule SGDC_reset_filter_path01 (Rule 79 of total 402) .... done (Time = 0.00s, Memory = 0.0K)
Checking Rule SGDC_cdc_false_path05 (Rule 80 of total 402) .... done (Time = 0.00s, Memory = 0.0K)
Checking Rule Param_clockreset05 (Rule 81 of total 402) .... done (Time = 0.00s, Memory = -2.2K)
Checking Rule Ac_sanity01 (Rule 82 of total 402) .... done (Time = 0.00s, Memory = 0.0K)
Checking Rule Ac_sanity06 (Rule 83 of total 402) .... done (Time = 0.00s, Memory = -3.0K)
Checking Rule Ac_license01 (Rule 84 of total 402) .... done (Time = 0.00s, Memory = 0.8K)
Checking Rule SGDC_reset_synchronizer07 (Rule 85 of total 402) .... done (Time = 0.00s, Memory = 0.0K)
 Reading waiver file "./lint_cdc/sys_top/cdc/cdc_verify_struct/spyglass_spysch/waiver/pragma2Waiver.swl" ...
 Reading included SGDC file "./lint_cdc/sys_top/cdc/cdc_verify_struct/spyglass_spysch/waiver/pragma2Waiver_varfile.swl" ....
Checking Rule ReportStopSummary (Rule 86 of total 402) .... done (Time = 0.00s, Memory = 0.0K)
Checking Rule ReportIgnoreSummary (Rule 87 of total 402) .... done (Time = 0.00s, Memory = 0.0K)

INFO [235]    Restoring design database from directory './lint_cdc/sys_top/.SG_SaveRestoreDB/autogenerated__default_snapshot' ...
              done

Checking Rule InferBlackBox (Rule 88 of total 402) .... done (Time = 0.00s, Memory = 0.0K)
Checking Rule SGDC_waive37 (Rule 89 of total 402) .... done (Time = 0.00s, Memory = -7.5K)
Checking Rule SGDC_waive24 (Rule 90 of total 402) .... done (Time = 0.00s, Memory = 0.0K)
Checking Rule SGDC_waive25 (Rule 91 of total 402) .... done (Time = 0.00s, Memory = 0.0K)
Checking Rule SGDC_waive31 (Rule 92 of total 402) .... done (Time = 0.00s, Memory = 0.0K)
Checking Rule SGDC_waive35 (Rule 93 of total 402) .... done (Time = 0.00s, Memory = -2.1K)
Checking Rule ReportSglibSummary (Rule 94 of total 402) .... done (Time = 0.00s, Memory = -16.2K)
Checking Rule DetectTopDesignUnits (Rule 95 of total 402)
 Detected 1 top level design units:
     sys_top
 .... done (Time = 0.00s, Memory = 0.0K)
Checking Rule GenerateConfMap (Rule 96 of total 402) .... done (Time = 0.00s, Memory = 0.0K)
Checking Rule Pragma_setupa for module CLK_GATE (Rule 97 of total 402) .... done (Time = 0.00s, Memory = 0.0K)
Checking Rule Pragma_setupa for module RST_SYNCH (Rule 97 of total 402) .... done (Time = 0.00s, Memory = 0.0K)
Checking Rule Pragma_setupa for module clk_div (Rule 97 of total 402) .... done (Time = 0.00s, Memory = 0.0K)
Checking Rule Pragma_setupa for module DeSerializer (Rule 97 of total 402) .... done (Time = 0.00s, Memory = 0.0K)
Checking Rule Pragma_setupa for module Data_sampling (Rule 97 of total 402) .... done (Time = 0.00s, Memory = 0.0K)
Checking Rule Pragma_setupa for module Edge_Bit_Counter (Rule 97 of total 402) .... done (Time = 0.00s, Memory = 0.0K)
Checking Rule Pragma_setupa for module Parity_chk (Rule 97 of total 402) .... done (Time = 0.00s, Memory = 0.0K)
Checking Rule Pragma_setupa for module Strt_chk (Rule 97 of total 402) .... done (Time = 0.00s, Memory = 0.0K)
Checking Rule Pragma_setupa for module stp_chk (Rule 97 of total 402) .... done (Time = 0.00s, Memory = 0.0K)
Checking Rule Pragma_setupa for module RX_FSM (Rule 97 of total 402) .... done (Time = 0.00s, Memory = 0.0K)
Checking Rule Pragma_setupa for module RX_TOP (Rule 97 of total 402) .... done (Time = 0.00s, Memory = 0.0K)
Checking Rule Pragma_setupa for module MUX (Rule 97 of total 402) .... done (Time = 0.00s, Memory = 0.0K)
Checking Rule Pragma_setupa for module parity (Rule 97 of total 402) .... done (Time = 0.00s, Memory = 0.0K)
Checking Rule Pragma_setupa for module TX_FSM (Rule 97 of total 402) .... done (Time = 0.00s, Memory = 0.0K)
Checking Rule Pragma_setupa for module serializer (Rule 97 of total 402) .... done (Time = 0.00s, Memory = 0.0K)
Checking Rule Pragma_setupa for module TX_TOP (Rule 97 of total 402) .... done (Time = 0.00s, Memory = 0.0K)
Checking Rule Pragma_setupa for module UART (Rule 97 of total 402) .... done (Time = 0.00s, Memory = 0.0K)
Checking Rule Pragma_setupa for module Data_Synch (Rule 97 of total 402) .... done (Time = 0.00s, Memory = 0.0K)
Checking Rule Pragma_setupa for module SYS_CTRL (Rule 97 of total 402) .... done (Time = 0.00s, Memory = 0.0K)
Checking Rule Pragma_setupa for module Register (Rule 97 of total 402) .... done (Time = 0.00s, Memory = 0.0K)
Checking Rule Pragma_setupa for module ALU (Rule 97 of total 402) .... done (Time = 0.00s, Memory = 0.0K)
Checking Rule Pragma_setupa for module FIFO_RD (Rule 97 of total 402) .... done (Time = 0.00s, Memory = 0.0K)
Checking Rule Pragma_setupa for module FIFO_WR (Rule 97 of total 402) .... done (Time = 0.00s, Memory = 0.0K)
Checking Rule Pragma_setupa for module DF_SYNC (Rule 97 of total 402) .... done (Time = 0.00s, Memory = 0.0K)
Checking Rule Pragma_setupa for module FIFO_MEM_CNTRL (Rule 97 of total 402) .... done (Time = 0.00s, Memory = 0.0K)
Checking Rule Pragma_setupa for module FIFO_TOP (Rule 97 of total 402) .... done (Time = 0.00s, Memory = 0.0K)
Checking Rule Pragma_setupa for module PULSE_GEN (Rule 97 of total 402) .... done (Time = 0.00s, Memory = 0.0K)
Checking Rule Pragma_setupa for module sys_top (Rule 97 of total 402) .... done (Time = 0.00s, Memory = 0.0K)
Performing semantic checks on SGDC contents
Checking Rule SGDC_testmode03 (Rule 98 of total 402) .... done (Time = 0.00s, Memory = 0.0K)
Checking Rule Pragma_setupb (Rule 99 of total 402) .... done (Time = 0.00s, Memory = -7.9K)
Checking Rule _vhMeta01 (Rule 100 of total 402) .... done (Time = 0.00s, Memory = -12.9K)
Checking Rule _meta_delay01 (Rule 101 of total 402) .... done (Time = 0.00s, Memory = 0.0K)
Checking Rule CheckCelldefine (Rule 102 of total 402) .... done (Time = 0.00s, Memory = 0.0K)
Checking Rule checkSGDC_01 (Rule 103 of total 402) .... done (Time = 0.00s, Memory = 0.0K)
Checking Rule checkSGDC_03 (Rule 104 of total 402) .... done (Time = 0.00s, Memory = 0.0K)
Checking Rule checkSGDC_08 (Rule 105 of total 402) .... done (Time = 0.00s, Memory = 0.0K)
Checking Rule SGDC_memorywritepin04 (Rule 106 of total 402) .... done (Time = 0.00s, Memory = 0.0K)
Checking Rule SGDC_reset02 (Rule 107 of total 402) .... done (Time = 0.00s, Memory = 0.0K)
Checking Rule SGDC_reset03 (Rule 108 of total 402) .... done (Time = 0.00s, Memory = 0.0K)
Checking Rule SGDC_waive23 (Rule 109 of total 402) .... done (Time = 0.00s, Memory = -32.0K)
Checking Rule SGDC_waive26 (Rule 110 of total 402) .... done (Time = 0.00s, Memory = -1.2K)
Checking Rule SGDC_waive27 (Rule 111 of total 402) .... done (Time = 0.00s, Memory = 12.2K)
Checking Rule SGDC_waive29 (Rule 112 of total 402) .... done (Time = 0.00s, Memory = 8.0K)
Checking Rule SGDC_libgroup03 (Rule 113 of total 402) .... done (Time = 0.00s, Memory = 0.0K)
Checking Rule SGDC_ungroup02 (Rule 114 of total 402) .... done (Time = 0.00s, Memory = 2.1K)
Checking Rule _abstractPortSGDC (Rule 115 of total 402) .... done (Time = 0.00s, Memory = 0.0K)
Checking Rule SGDC_abstract_port03 (Rule 116 of total 402) .... done (Time = 0.00s, Memory = 0.0K)
Checking Rule SGDC_abstract_port04 (Rule 117 of total 402) .... done (Time = 0.00s, Memory = 0.0K)
Checking Rule SGDC_abstract_port05 (Rule 118 of total 402) .... done (Time = 0.00s, Memory = -24.0K)
Checking Rule SGDC_abstract_port07 (Rule 119 of total 402) .... done (Time = 0.00s, Memory = 0.0K)
Checking Rule SGDC_abstract_port08 (Rule 120 of total 402) .... done (Time = 0.00s, Memory = 0.0K)
Checking Rule SGDC_abstract_port10 (Rule 121 of total 402) .... done (Time = 0.00s, Memory = 0.0K)
Checking Rule SGDC_abstract_port11 (Rule 122 of total 402) .... done (Time = 0.00s, Memory = 0.0K)
Checking Rule SGDC_abstract_port12 (Rule 123 of total 402) .... done (Time = 0.00s, Memory = 5.8K)
Checking Rule SGDC_abstract_port13 (Rule 124 of total 402) .... done (Time = 0.00s, Memory = 0.0K)
Checking Rule _cdc_save_license01 (Rule 125 of total 402) .... done (Time = 0.00s, Memory = 0.4K)
Checking Rule syncRstReq (Rule 126 of total 402) .... done (Time = 0.00s, Memory = -32.0K)
Checking Rule syncRstReq (Rule 127 of total 402) .... done (Time = 0.00s, Memory = 0.0K)
Checking Rule _syncResetStyleRTL (Rule 128 of total 402) .... done (Time = 0.00s, Memory = 0.0K)
Checking Rule _deltaDelay (Rule 129 of total 402) .... done (Time = 0.00s, Memory = -0.4K)
Checking Rule _deltaDelay (Rule 130 of total 402) .... done (Time = 0.00s, Memory = 0.0K)
Checking Rule _deltaDelayNom (Rule 131 of total 402) .... done (Time = 0.00s, Memory = 0.0K)
Checking Rule Ac_multitop01 (Rule 132 of total 402) .... done (Time = 0.00s, Memory = 0.0K)
Checking Rule AcOvlRtl (Rule 133 of total 402) .... done (Time = 0.00s, Memory = 0.0K)
Checking Rule AcOvlRtl (Rule 134 of total 402) .... done (Time = 0.00s, Memory = 0.0K)
Checking Rule Ac_svasetup01 (Rule 135 of total 402) .... done (Time = 0.00s, Memory = 0.0K)
Checking Rule ReportUngroup (Rule 136 of total 402) .... done (Time = 0.00s, Memory = 0.0K)
Checking Rule SGDC_allow_combo_logic02 (Rule 137 of total 402) .... done (Time = 0.00s, Memory = 0.0K)
Checking Rule _portRetenClocknReset (Rule 138 of total 402) .... done (Time = 0.00s, Memory = 0.0K)
Checking Rule _portReten (Rule 139 of total 402) .... done (Time = 0.00s, Memory = 0.0K)
Checking Rule SGDC_meta_design_hier01 (Rule 140 of total 402) .... done (Time = 0.00s, Memory = 0.0K)
Checking Rule LP_POWERDATA_INFO (Rule 141 of total 402) .... done (Time = 0.00s, Memory = 0.0K)
Checking Rule SGDC_abstract_port21 (Rule 142 of total 402) .... done (Time = 0.00s, Memory = 8.0K)
Checking Rule SGDC_input02 (Rule 143 of total 402) .... done (Time = 0.00s, Memory = 0.0K)
Checking Rule SGDC_input03 (Rule 144 of total 402) .... done (Time = 0.00s, Memory = 0.0K)
Checking Rule SGDC_output02 (Rule 145 of total 402) .... done (Time = 0.00s, Memory = 0.0K)
Checking Rule SGDC_output04 (Rule 146 of total 402) .... done (Time = 0.00s, Memory = 0.1K)
Checking Rule SGDC_numflops03a (Rule 147 of total 402) .... done (Time = 0.00s, Memory = 0.8K)
Checking Rule SGDC_numflops03b (Rule 148 of total 402) .... done (Time = 0.00s, Memory = -2.7K)
Checking Rule SGDC_numflops12 (Rule 149 of total 402) .... done (Time = 0.00s, Memory = -0.6K)
Checking Rule SGDC_sync_cell02b (Rule 150 of total 402) .... done (Time = 0.00s, Memory = 0.0K)
Checking Rule SGDC_sync_cell11 (Rule 151 of total 402) .... done (Time = 0.00s, Memory = -1.2K)
Checking Rule SGDC_qualifier02c (Rule 152 of total 402) .... done (Time = 0.00s, Memory = 0.0K)
Checking Rule SGDC_qualifier03c (Rule 153 of total 402) .... done (Time = 0.00s, Memory = 0.0K)
Checking Rule LPwrRulesSetup (Rule 154 of total 402) .... done (Time = 0.00s, Memory = -0.1K)
 Flattening sys_top (.lib instances separately flattened) ....
 Flattening completed
Checking Rule SGDC_quasi_static_style01 (Rule 155 of total 402) .... done (Time = 0.00s, Memory = -24.0K)
Checking Rule SignalTypeSetup (Rule 156 of total 402) .... done (Time = 0.00s, Memory = 8.0K)
Checking Rule _allowInst (Rule 157 of total 402) .... done (Time = 0.00s, Memory = 4.7K)
Checking Rule _ipblock (Rule 158 of total 402) .... done (Time = 0.00s, Memory = 0.4K)
Checking Rule _rstSyncCellInst (Rule 159 of total 402) .... done (Time = 0.00s, Memory = 32.5K)
Checking Rule _syncCellDelayedQualifier (Rule 160 of total 402) .... done (Time = 0.00s, Memory = 0.0K)
Checking Rule _repeaterCellInst (Rule 161 of total 402) .... done (Time = 0.00s, Memory = 0.0K)
Checking Rule _abstract_port (Rule 162 of total 402) .... done (Time = 0.00s, Memory = 0.2K)
Checking Rule Clock_setup02 (Rule 163 of total 402) .... done (Time = 0.00s, Memory = -11.8K)
Checking Rule Clockmatrix01 (Rule 164 of total 402) .... done (Time = 0.00s, Memory = 0.0K)
Checking Rule Clock_prop (Rule 165 of total 402) .... done (Time = 0.00s, Memory = 15.0K)
Checking Rule Reset_prop (Rule 166 of total 402) .... done (Time = 0.00s, Memory = -2.0K)
Checking Rule SGDC_generated_clock06 (Rule 167 of total 402) .... done (Time = 0.00s, Memory = 24.0K)
Checking Rule Propagate_Clocks (Rule 168 of total 402) .... done (Time = 0.00s, Memory = 525.8K)
Checking Rule _syncreset_prop (Rule 169 of total 402) .... done (Time = 0.00s, Memory = -24.0K)
Checking Rule _syncc (Rule 170 of total 402) .... done (Time = 0.00s, Memory = -0.6K)
Checking Rule _syncb (Rule 171 of total 402) .... done (Time = 0.00s, Memory = -1.1K)
Checking Rule _resetPathCross (Rule 172 of total 402) .... done (Time = 0.00s, Memory = 0.0K)
Checking Rule FalsePathSetup (Rule 173 of total 402) .... done (Time = 0.01s, Memory = -5.5K)
Checking Rule _fifo01 (Rule 174 of total 402) .... done (Time = 0.00s, Memory = 0.0K)
Checking Rule _syncfifo (Rule 175 of total 402) .... done (Time = 0.00s, Memory = 0.0K)
Checking Rule _syncUDfifo (Rule 176 of total 402) .... done (Time = 0.00s, Memory = 0.9K)
Checking Rule _syncdw (Rule 177 of total 402) .... done (Time = 0.00s, Memory = 0.0K)
Checking Rule _syncd (Rule 178 of total 402) .... done (Time = 0.00s, Memory = 0.0K)
Checking Rule _syncg (Rule 179 of total 402) .... done (Time = 0.00s, Memory = 18.1K)
Checking Rule _sync_clock (Rule 180 of total 402) .... done (Time = 0.00s, Memory = 0.0K)
Checking Rule _sync_gp (Rule 181 of total 402) .... done (Time = 0.00s, Memory = 0.0K)
Checking Rule _sync_and (Rule 182 of total 402) .... done (Time = 0.00s, Memory = 0.0K)
Checking Rule _synci (Rule 183 of total 402) .... done (Time = 0.00s, Memory = 1.9K)
Checking Rule _sync_qualifier (Rule 184 of total 402) .... done (Time = 0.00s, Memory = 2.2K)
Checking Rule SGDC_fifo11 (Rule 185 of total 402) .... done (Time = 0.00s, Memory = -0.9K)
Checking Rule SGDC_fifo12 (Rule 186 of total 402) .... done (Time = 0.00s, Memory = 0.0K)
Checking Rule SGDC_fifo13 (Rule 187 of total 402) .... done (Time = 0.00s, Memory = 0.0K)
Checking Rule SGDC_fifo14 (Rule 188 of total 402) .... done (Time = 0.00s, Memory = 0.0K)
Checking Rule Gen_diff01 (Rule 189 of total 402) .... done (Time = 0.00s, Memory = 0.0K)
Checking Rule _debugData (Rule 190 of total 402) .... done (Time = 0.00s, Memory = -0.5K)
Checking Rule Ac_Sync_Init (Rule 191 of total 402) .... done (Time = 0.00s, Memory = 1.3K)
Checking Rule _propagate_cdcAttrib (Rule 192 of total 402) .... done (Time = 0.00s, Memory = 0.9K)
Checking Rule Ar_Cross_Init (Rule 193 of total 402) .... done (Time = 0.00s, Memory = 0.0K)
Checking Rule SGDC_cdc_define_transition01 (Rule 194 of total 402) .... done (Time = 0.00s, Memory = 0.0K)
Checking Rule UPF_lowpower08PR (Rule 195 of total 402) .... done (Time = 0.00s, Memory = 0.6K)
Checking Rule UPF_lowpower08 (Rule 196 of total 402) .... done (Time = 0.00s, Memory = 0.0K)
Checking Rule Setup_check01 (Rule 197 of total 402) .... done (Time = 0.00s, Memory = 0.0K)
Checking Rule Setup_check02 (Rule 198 of total 402) .... done (Time = 0.00s, Memory = 0.0K)
Checking Rule Info_Case_Analysis (Rule 199 of total 402) .... done (Time = 0.01s, Memory = 15.4K)
Checking Rule SGDC_set_case_analysis_LC (Rule 200 of total 402) .... done (Time = 0.00s, Memory = 0.0K)
Checking Rule Setup_quasi_static01 (Rule 201 of total 402) .... done (Time = 0.00s, Memory = 7.3K)
Checking Rule SGDC_signal_in_domain02 (Rule 202 of total 402) .... done (Time = 0.00s, Memory = -0.0K)
Checking Rule SGDC_signal_in_domain04 (Rule 203 of total 402) .... done (Time = 0.00s, Memory = 0.0K)
Checking Rule SGDC_numflops03c (Rule 204 of total 402) .... done (Time = 0.00s, Memory = 0.0K)
Checking Rule SGDC_numflops04 (Rule 205 of total 402) .... done (Time = 0.00s, Memory = 24.0K)
Checking Rule SGDC_numflops05 (Rule 206 of total 402) .... done (Time = 0.00s, Memory = 0.0K)
Checking Rule SGDC_numflops06 (Rule 207 of total 402) .... done (Time = 0.00s, Memory = 8.0K)
Checking Rule SGDC_numflops11 (Rule 208 of total 402) .... done (Time = 0.00s, Memory = -8.0K)
Checking Rule SGDC_numflops13 (Rule 209 of total 402) .... done (Time = 0.00s, Memory = 0.0K)
Checking Rule SGDC_numflops14 (Rule 210 of total 402) .... done (Time = 0.00s, Memory = 0.0K)
Checking Rule SGDC_clocksense02 (Rule 211 of total 402) .... done (Time = 0.00s, Memory = 0.0K)
Checking Rule SGDC_clocksense03 (Rule 212 of total 402) .... done (Time = 0.00s, Memory = 5.8K)
Checking Rule SGDC_sgclkgroup01 (Rule 213 of total 402) .... done (Time = 0.00s, Memory = 32.0K)
Checking Rule SGDC_sgclkgroup02 (Rule 214 of total 402) .... done (Time = 0.00s, Memory = 1.9K)
Checking Rule SGDC_sgclkgroup03 (Rule 215 of total 402) .... done (Time = 0.00s, Memory = 47.8K)
Checking Rule SGDC_check_clock_relation01a (Rule 216 of total 402) .... done (Time = 0.00s, Memory = 0.0K)
Checking Rule SGDC_check_clock_relation01b (Rule 217 of total 402) .... done (Time = 0.00s, Memory = -24.0K)
Checking Rule SGDC_check_clock_relation01c (Rule 218 of total 402) .... done (Time = 0.00s, Memory = 34.8K)
Checking Rule SGDC_check_clock_relation02a (Rule 219 of total 402) .... done (Time = 0.00s, Memory = 0.0K)
Checking Rule SGDC_check_clock_relation02b (Rule 220 of total 402) .... done (Time = 0.00s, Memory = 0.0K)
Checking Rule SGDC_check_clock_relation02c (Rule 221 of total 402) .... done (Time = 0.00s, Memory = 0.0K)
Checking Rule SGDC_check_clock_relation03b (Rule 222 of total 402) .... done (Time = 0.00s, Memory = -32.0K)
Checking Rule SGDC_check_clock_relation04b (Rule 223 of total 402) .... done (Time = 0.00s, Memory = 32.0K)
Checking Rule CheckClockRelationSetup (Rule 224 of total 402) .... done (Time = 0.00s, Memory = 0.0K)
Checking Rule SGDC_gray_signals01 (Rule 225 of total 402) .... done (Time = 0.00s, Memory = 0.0K)
Checking Rule SGDC_gray_signals02 (Rule 226 of total 402) .... done (Time = 0.00s, Memory = -8.0K)
Checking Rule SGDC_gray_signals03 (Rule 227 of total 402) .... done (Time = 0.00s, Memory = -8.0K)
Checking Rule SGDC_qualifier02a (Rule 228 of total 402) .... done (Time = 0.00s, Memory = -0.4K)
Checking Rule SGDC_qualifier03a (Rule 229 of total 402) .... done (Time = 0.00s, Memory = 0.0K)
Checking Rule SGDC_qualifier04 (Rule 230 of total 402) .... done (Time = 0.00s, Memory = 0.0K)
Checking Rule SGDC_qualifier05 (Rule 231 of total 402) .... done (Time = 0.00s, Memory = 36.7K)
Checking Rule SGDC_qualifier08 (Rule 232 of total 402) .... done (Time = 0.00s, Memory = 0.0K)
Checking Rule QualifierSetup (Rule 233 of total 402) .... done (Time = 0.00s, Memory = 0.0K)
Checking Rule ResetSynchronizerSetup (Rule 234 of total 402) .... done (Time = 0.00s, Memory = -1.5K)
Checking Rule SGDC_validation_filter_path03 (Rule 235 of total 402) .... done (Time = 0.00s, Memory = 0.0K)
Checking Rule SGDC_qualifier10 (Rule 236 of total 402) .... done (Time = 0.00s, Memory = -6.0K)
Checking Rule SGDC_qualifier11 (Rule 237 of total 402) .... done (Time = 0.00s, Memory = -2.5K)
Checking Rule SGDC_qualifier12 (Rule 238 of total 402) .... done (Time = 0.00s, Memory = 32.0K)
Checking Rule SGDC_qualifier13 (Rule 239 of total 402) .... done (Time = 0.00s, Memory = -4.0K)
Checking Rule SGDC_qualifier14 (Rule 240 of total 402) .... done (Time = 0.00s, Memory = -32.0K)
Checking Rule SGDC_qualifier16 (Rule 241 of total 402) .... done (Time = 0.00s, Memory = -0.6K)
Checking Rule SGDC_qualifier18 (Rule 242 of total 402) .... done (Time = 0.00s, Memory = -0.7K)
Checking Rule SGDC_qualifier19a (Rule 243 of total 402) .... done (Time = 0.00s, Memory = 0.0K)
Checking Rule SGDC_qualifier19b (Rule 244 of total 402) .... done (Time = 0.00s, Memory = 0.0K)
Checking Rule SGDC_qualifier19c (Rule 245 of total 402) .... done (Time = 0.00s, Memory = 0.0K)
Checking Rule SGDC_qualifier20b (Rule 246 of total 402) .... done (Time = 0.00s, Memory = 0.0K)
Checking Rule SGDC_qualifier21 (Rule 247 of total 402) .... done (Time = 0.00s, Memory = 0.0K)
Checking Rule SGDC_qualifier22 (Rule 248 of total 402) .... done (Time = 0.00s, Memory = 0.0K)
Checking Rule SGDC_qualifier23 (Rule 249 of total 402) .... done (Time = 0.00s, Memory = 0.0K)
Checking Rule SGDC_virtualclock01 (Rule 250 of total 402) .... done (Time = 0.00s, Memory = 0.0K)
Checking Rule SGDC_virtualreset01 (Rule 251 of total 402) .... done (Time = 0.00s, Memory = 0.0K)
Checking Rule SGDC_abstract_port19 (Rule 252 of total 402) .... done (Time = 0.00s, Memory = 0.3K)
Checking Rule SGDC_abstract_port20 (Rule 253 of total 402) .... done (Time = 0.00s, Memory = 24.1K)
Checking Rule RFPSetup (Rule 254 of total 402) .... done (Time = 0.00s, Memory = 0.0K)
Checking Rule SGDC_reset_filter_path02a (Rule 255 of total 402) .... done (Time = 0.00s, Memory = 0.4K)
Checking Rule SGDC_reset_filter_path02b (Rule 256 of total 402) .... done (Time = 0.00s, Memory = -4.9K)
Checking Rule SGDC_reset_filter_path02c (Rule 257 of total 402) .... done (Time = 0.00s, Memory = -8.0K)
Checking Rule SGDC_reset_filter_path03a (Rule 258 of total 402) .... done (Time = 0.00s, Memory = 0.0K)
Checking Rule SGDC_reset_filter_path03b (Rule 259 of total 402) .... done (Time = 0.00s, Memory = 1.6K)
Checking Rule SGDC_reset_filter_path03c (Rule 260 of total 402) .... done (Time = 0.00s, Memory = 0.0K)
Checking Rule SGDC_reset_filter_path04b (Rule 261 of total 402) .... done (Time = 0.00s, Memory = 0.0K)
Checking Rule SGDC_reset_filter_path07a (Rule 262 of total 402) .... done (Time = 0.00s, Memory = 4.0K)
Checking Rule SGDC_reset_filter_path07b (Rule 263 of total 402) .... done (Time = 0.00s, Memory = -2.3K)
Checking Rule SGDC_reset_filter_path07c (Rule 264 of total 402) .... done (Time = 0.00s, Memory = -8.0K)
Checking Rule SGDC_define_reset_order03 (Rule 265 of total 402) .... done (Time = 0.00s, Memory = -8.0K)
Checking Rule SGDC_define_reset_order04 (Rule 266 of total 402) .... done (Time = 0.00s, Memory = -8.0K)
Checking Rule SGDC_define_reset_order05 (Rule 267 of total 402) .... done (Time = 0.00s, Memory = -1.6K)
Checking Rule SGDC_cdc_false_path06 (Rule 268 of total 402) .... done (Time = 0.00s, Memory = 0.0K)
Checking Rule SGDC_cdc_false_path07 (Rule 269 of total 402) .... done (Time = 0.00s, Memory = -8.0K)
Checking Rule SGDC_cdc_false_path08 (Rule 270 of total 402) .... done (Time = 0.00s, Memory = 0.0K)
Checking Rule CDCSet_License01 (Rule 271 of total 402) .... done (Time = 0.00s, Memory = 0.0K)
Checking Rule Clock_info03a (Rule 272 of total 402) .... done (Time = 0.00s, Memory = 17.9K)
Checking Rule Clock_info03b (Rule 273 of total 402) .... done (Time = 0.00s, Memory = 0.0K)
Checking Rule Clock_info03c (Rule 274 of total 402) .... done (Time = 0.00s, Memory = 0.0K)
Checking Rule Ac_coherency06 (Rule 275 of total 402) .... done (Time = 0.00s, Memory = 0.0K)
Checking Rule Ac_unsync01 (Rule 276 of total 402) .... done (Time = 0.00s, Memory = 0.0K)
Checking Rule Ac_unsync02 (Rule 277 of total 402) .... done (Time = 0.00s, Memory = 0.0K)
Checking Rule Ac_sync01 (Rule 278 of total 402) .... done (Time = 0.00s, Memory = 0.0K)
Checking Rule Ac_sync02 (Rule 279 of total 402) .... done (Time = 0.00s, Memory = 0.0K)
Checking Rule Ac_crossing01 (Rule 280 of total 402) .... done (Time = 0.00s, Memory = 0.0K)
Checking Rule Propagate_Resets (Rule 281 of total 402) .... done (Time = 0.00s, Memory = 0.0K)
Checking Rule _reset_sync (Rule 282 of total 402) .... done (Time = 0.00s, Memory = 32.0K)
Checking Rule Setup_port01 (Rule 283 of total 402) .... done (Time = 0.00s, Memory = 0.0K)
Checking Rule Setup_blackbox01 (Rule 284 of total 402) .... done (Time = 0.00s, Memory = 0.0K)
Checking Rule Setup_library01 (Rule 285 of total 402) .... done (Time = 0.01s, Memory = -25.9K)
Checking Rule Reset_check11 (Rule 286 of total 402) .... done (Time = 0.00s, Memory = 0.0K)
Checking Rule Reset_info09a (Rule 287 of total 402) .... done (Time = 0.00s, Memory = -1.0K)
Checking Rule Clock_sync05 (Rule 288 of total 402) .... done (Time = 0.00s, Memory = 7.8K)
Checking Rule Clock_sync06 (Rule 289 of total 402) .... done (Time = 0.00s, Memory = 0.0K)
Checking Rule Clock_info02 (Rule 290 of total 402) .... done (Time = 0.00s, Memory = 0.0K)
Checking Rule Reset_info02 (Rule 291 of total 402) .... done (Time = 0.00s, Memory = 4.7K)
Checking Rule Clock_info05 (Rule 292 of total 402) .... done (Time = 0.00s, Memory = 14.6K)
Checking Rule Clock_info05b (Rule 293 of total 402) .... done (Time = 0.00s, Memory = 0.0K)
Checking Rule Reset_check03 (Rule 294 of total 402) .... done (Time = 0.00s, Memory = 0.0K)
Checking Rule _clkWrapModules (Rule 295 of total 402) .... done (Time = 0.00s, Memory = 1.0K)
Checking Rule _clock_hier_rules (Rule 296 of total 402) .... done (Time = 0.00s, Memory = -27.1K)
Checking Rule Reset_check12 (Rule 297 of total 402) .... done (Time = 0.00s, Memory = 0.0K)
Checking Rule Ar_sync_init (Rule 298 of total 402) .... done (Time = 0.00s, Memory = 0.0K)
Checking Rule _constrCoverage (Rule 299 of total 402) .... done (Time = 0.00s, Memory = 16.0K)
Checking Rule Clock_info15 (Rule 300 of total 402) .... done (Time = 0.00s, Memory = 0.0K)
Checking Rule Reset_check10 (Rule 301 of total 402) .... done (Time = 0.00s, Memory = 32.0K)
Checking Rule Reset_sync02 (Rule 302 of total 402) .... done (Time = 0.00s, Memory = 0.0K)
Checking Rule SGDC_clockreset02 (Rule 303 of total 402) .... done (Time = 0.00s, Memory = 0.0K)
Checking Rule Param_clockreset02 (Rule 304 of total 402) .... done (Time = 0.00s, Memory = 0.0K)
Checking Rule Param_clockreset04 (Rule 305 of total 402) .... done (Time = 0.00s, Memory = 0.0K)
Checking Rule Setup_clockreset01 (Rule 306 of total 402) .... done (Time = 0.00s, Memory = 0.0K)
Checking Rule Clock_check07 (Rule 307 of total 402) .... done (Time = 0.00s, Memory = -2.8K)
Checking Rule Clock_check10 (Rule 308 of total 402) .... done (Time = 0.00s, Memory = 4.0K)
Checking Rule Reset_check08 (Rule 309 of total 402) .... done (Time = 0.00s, Memory = 0.0K)
Checking Rule Clock_converge01 (Rule 310 of total 402) .... done (Time = 0.00s, Memory = 0.0K)
Checking Rule Ar_converge01 (Rule 311 of total 402) .... done (Time = 0.00s, Memory = -22.5K)
Checking Rule SGDC_noclockcell_start01 (Rule 312 of total 402) .... done (Time = 0.00s, Memory = 0.0K)
Checking Rule Ac_initseq01 (Rule 313 of total 402) .... done (Time = 0.00s, Memory = -0.6K)
Checking Rule Ac_init01 (Rule 314 of total 402) .... done (Time = 0.00s, Memory = 37.1K)
Checking Rule _ac_Auxi01 (Rule 315 of total 402) .... done (Time = 0.00s, Memory = 3.2K)
Checking Rule Ac_sanity02 (Rule 316 of total 402) .... done (Time = 0.00s, Memory = 0.0K)
Checking Rule _glitch_init (Rule 317 of total 402) .... done (Time = 0.00s, Memory = 0.0K)
Checking Rule Ac_initstate01 (Rule 318 of total 402) .... done (Time = 0.00s, Memory = 1.6K)
Checking Rule Ac_conv02 (Rule 319 of total 402) .... done (Time = 0.00s, Memory = -0.9K)
Checking Rule Ac_conv02setup01 (Rule 320 of total 402) .... done (Time = 0.00s, Memory = 0.0K)
Checking Rule Ac_conv01 (Rule 321 of total 402) .... done (Time = 0.00s, Memory = 0.0K)
Checking Rule Ac_conv03 (Rule 322 of total 402) .... done (Time = 0.00s, Memory = 0.0K)
Checking Rule Ac_conv04 (Rule 323 of total 402) .... done (Time = 0.00s, Memory = 0.0K)
Checking Rule Ac_abs01 (Rule 324 of total 402) .... done (Time = 0.00s, Memory = 0.0K)
Checking Rule Ac_glitch03 (Rule 325 of total 402) .... done (Time = 0.00s, Memory = -4.0K)
Checking Rule Ac_clockperiod01 (Rule 326 of total 402) .... done (Time = 0.00s, Memory = -0.0K)
Checking Rule Ac_clockperiod02 (Rule 327 of total 402) .... done (Time = 0.00s, Memory = -1.3K)
Checking Rule Ac_clockperiod03 (Rule 328 of total 402) .... done (Time = 0.00s, Memory = -1.9K)
Checking Rule Ac_report01 (Rule 329 of total 402) .... done (Time = 0.00s, Memory = 0.0K)
Checking Rule AllowComboLogicSetup (Rule 330 of total 402) .... done (Time = 0.00s, Memory = 0.0K)
Checking Rule Ac_resetvalue01 (Rule 331 of total 402) .... done (Time = 0.00s, Memory = 5.8K)
Checking Rule Ac_abstract_validation01 (Rule 332 of total 402) .... done (Time = 0.00s, Memory = 1.9K)
Checking Rule SGDC_abstract_mapping01 (Rule 333 of total 402) .... done (Time = 0.00s, Memory = 0.0K)
Checking Rule Ac_upfsetup02 (Rule 334 of total 402) .... done (Time = 0.00s, Memory = 0.0K)
Checking Rule Ac_upfsetup01 (Rule 335 of total 402) .... done (Time = 0.00s, Memory = 0.0K)
Checking Rule Ac_psync_init (Rule 336 of total 402) .... done (Time = 0.00s, Memory = 0.0K)
Checking Rule Ac_psetup01 (Rule 337 of total 402) .... done (Time = 0.00s, Memory = 0.0K)
Checking Rule Clock_exit01 (Rule 338 of total 402) .... done (Time = 0.00s, Memory = 0.0K)
Checking Rule SGDC_reset_synchronizer02 (Rule 339 of total 402) .... done (Time = 0.00s, Memory = 0.0K)
Checking Rule SGDC_reset_synchronizer04 (Rule 340 of total 402) .... done (Time = 0.00s, Memory = -32.0K)
Checking Rule SGDC_reset_synchronizer06 (Rule 341 of total 402) .... done (Time = 0.00s, Memory = -32.0K)
Checking Rule SGDC_reset_synchronizer08 (Rule 342 of total 402) .... done (Time = 0.00s, Memory = -1.2K)
Checking Rule SGDC_reset_synchronizer10 (Rule 343 of total 402) .... done (Time = 0.00s, Memory = 0.0K)
Checking Rule AnalyzeBBox (Rule 344 of total 402) .... done (Time = 0.00s, Memory = 0.0K)
Checking Rule ReportCheckDataSummary (Rule 345 of total 402) .... done (Time = 0.00s, Memory = 0.0K)

Generating data for Console...

SpyGlass Rule Checking Complete.

Generating moresimple report from './lint_cdc/sys_top/cdc/cdc_verify_struct/spyglass.vdb' to './lint_cdc/sys_top/cdc/cdc_verify_struct/spyglass_reports/moresimple.rpt' ....

Generating runsummary report from './lint_cdc/sys_top/cdc/cdc_verify_struct/spyglass.vdb' ....

Generating no_msg_reporting_rules report from './lint_cdc/sys_top/cdc/cdc_verify_struct/spyglass.vdb' to './lint_cdc/sys_top/cdc/cdc_verify_struct/spyglass_reports/no_msg_reporting_rules.rpt' ....

Generating CDC-report report from './lint_cdc/sys_top/cdc/cdc_verify_struct/spyglass.vdb' to './lint_cdc/sys_top/cdc/cdc_verify_struct/spyglass_reports/CDC-report.rpt' ....

Generating CKSGDCInfo report from './lint_cdc/sys_top/cdc/cdc_verify_struct/spyglass.vdb' to './lint_cdc/sys_top/cdc/cdc_verify_struct/spyglass_reports/CKSGDCInfo.rpt' ....

Generating RSTree report from './lint_cdc/sys_top/cdc/cdc_verify_struct/spyglass.vdb' to './lint_cdc/sys_top/cdc/cdc_verify_struct/spyglass_reports/RSTree.rpt' ....

Generating CKTree report from './lint_cdc/sys_top/cdc/cdc_verify_struct/spyglass.vdb' to './lint_cdc/sys_top/cdc/cdc_verify_struct/spyglass_reports/CKTree.rpt' ....

Policy specific data (reports) are present in the directory './lint_cdc/sys_top/cdc/cdc_verify_struct/spyglass_reports'.

SpyGlass critical reports for the current run are present in directory './lint_cdc/consolidated_reports/sys_top_cdc_cdc_verify_struct/'.

---------------------------------------------------------------------------------------------
Results Summary:
---------------------------------------------------------------------------------------------
   Goal Run           :      cdc/cdc_verify_struct
   Command-line read  :      0 error,      0 warning,      1 information message 
   Design Read        :      0 error,      0 warning,      3 information messages
      Found 1 top module:
         sys_top   (file: ../rtl/System_Top/SYS_TOP_dft.v)

   Blackbox Resolution:      0 error,      0 warning,      0 information message 
   SGDC Checks        :      0 error,      0 warning,      0 information message 
** Policy clock-reset :     11 errors,     2 warnings,     1 information message 
   -------------------------------------------------------------------------------------
   Total              :     11 errors,     2 warnings,     5 information messages

  Total Number of Generated Messages     :        18 (11 errors, 2 warnings, 5 Infos)
  Number of Reported Messages            :        18 (11 errors, 2 warnings, 5 Infos)

  NOTE: It is recommended to first fix/reconcile fatals/errors reported on
        lines starting with ** as subsequent issues might be related to it.
        Please re-run SpyGlass once ** prefixed lines are fatal/error clean.

---------------------------------------------------------------------------------------------


run_goal: info: updating spyglass.log with goal summary
---------------------------------------------------------------------------------------------------
Results Summary:
---------------------------------------------------------------------------------------------------
   Goal Run           :      cdc/cdc_verify_struct
   Top Module         :      sys_top
---------------------------------------------------------------------------------------------------
   Reports Directory: 
   /home/ICer/UART_System/Spyglass2/lint_cdc/consolidated_reports/sys_top_cdc_cdc_verify_struct/ 

   SpyGlass LogFile: 
    /home/ICer/UART_System/Spyglass2/lint_cdc/sys_top/cdc/cdc_verify_struct/spyglass.log 

   Standard Reports: 
     moresimple.rpt          no_msg_reporting_rules.rpt       

   HTML report:
    /home/ICer/UART_System/Spyglass2/lint_cdc/html_reports/goals_summary.html
  

   Technology Reports:    CDC( Advance CDC  Structrual Verification )
     CDC-report.rpt          CKSGDCInfo.rpt          RSTree.rpt      
     CKTree.rpt        
   
---------------------------------------------------------------------------------------------------
   Goal Violation Summary:
       Waived   Messages:                      0 Errors,      0 Warnings,      0 Infos
       Reported Messages:         0 Fatals,   11 Errors,      2 Warnings,      5 Infos
---------------------------------------------------------------------------------------------------
   
   Technology Summary: CDC( Advance CDC )   
       Unsynchronized clock domain crossings= 0
       Convergences= 0
---------------------------------------------------------------------------------------------------
 
run_goal: info: spyglass.log successfully updated with goal summary
0 {Rule-checking completed with errors}current_goal: warning: design query data not saved for last active goal `cdc/cdc_verify_struct'
                       (use `save_goal' command or enable `auto_save' option to save design query data for subsequent goals)
current_goal: info: loading goal `cdc/cdc_verify' with top `sys_top' (in progress)
current_goal: info: finished loading goal `cdc/cdc_verify' (ok)

INFO:    SpyGlass will run goal(s) 'cdc/cdc_verify'.


 Auto-compiling gates libraries

        "../System_pnr/std_cells/libs/scmetro_tsmc_cl013g_rvt_ss_1p08v_125c.lib"
        "../System_pnr/std_cells/libs/scmetro_tsmc_cl013g_rvt_tt_1p2v_25c.lib"
        "../System_pnr/std_cells/libs/scmetro_tsmc_cl013g_rvt_ff_1p32v_m40c.lib"
    to
        "./lint_cdc/spyglass_cache/autogenerated_sglib/aggregate.sglib" ...already compiled

 Using this already compiled sglib for the current run ...

RULE-CHECKING IN MIXED MODE
Loading spyglass (SpyGlass_vL-2016.06) ... (picked from /home/synopsys/SpyGlass-L2016.06/SPYGLASS_HOME/policies/spyglass)
Loading clock-reset (SpyGlass_vL-2016.06) ... (picked from /home/synopsys/SpyGlass-L2016.06/SPYGLASS_HOME/policies/clock)
Reading specified sglib files(s) ....
   Processing library: 'scmetro_tsmc_cl013g_rvt_ss_1p08v_125c' .... done
   Processing library: 'scmetro_tsmc_cl013g_rvt_tt_1p2v_25c' .... done
   Processing library: 'scmetro_tsmc_cl013g_rvt_ff_1p32v_m40c' .... done
Checking Rule AutoGenerateSglib (Rule 1 of total 402) .... done (Time = 0.00s, Memory = 0.0K)

INFO [76]    Using `./lint_cdc/sys_top/WORK/64' as the Work Directory for 64bit precompiled dump.
Checking Rule Param_clockreset07 (Rule 2 of total 402) .... done (Time = 0.00s, Memory = 0.0K)
Checking Rule Clock_setup01 (Rule 3 of total 402) .... done (Time = 0.00s, Memory = 36.6K)
Checking Rule Param_clockreset06 (Rule 4 of total 402) .... done (Time = 0.00s, Memory = 0.0K)
Checking Rule SGDC_meta_monitor_attributes01 (Rule 5 of total 402) .... done (Time = 0.00s, Memory = 0.0K)
Checking Rule LP_POWERDATA_CHECK (Rule 6 of total 402) .... done (Time = 0.00s, Memory = 0.0K)
Checking Rule LP_POWERDATA_READ (Rule 7 of total 402) .... done (Time = 0.00s, Memory = 0.0K)
Checking Rule PrecompileLibCheck01 (Rule 8 of total 402) .... done (Time = 0.00s, Memory = 4.1K)
Checking Rule PrecompileLibCheck02 (Rule 9 of total 402) .... done (Time = 0.00s, Memory = 0.0K)
Checking Rule PrecompileLibCheck03 (Rule 10 of total 402) .... done (Time = 0.00s, Memory = 8.9K)
Checking Rule PrecompileLibCheck04 (Rule 11 of total 402) .... done (Time = 0.00s, Memory = 0.1K)
Checking Rule ElabSummary (Rule 12 of total 402) .... done (Time = 0.01s, Memory = 0.0K)
Checking Rule ReportSglibVersionSummary (Rule 13 of total 402) .... done (Time = 0.00s, Memory = 0.0K)
Checking Rule SGDC_assume_path01 (Rule 14 of total 402) .... done (Time = 0.00s, Memory = 0.0K)
Checking Rule SGDC_sdcschema02 (Rule 15 of total 402) .... done (Time = 0.00s, Memory = 0.0K)
Checking Rule SGDC_clock05 (Rule 16 of total 402) .... done (Time = 0.00s, Memory = 1.5K)
Checking Rule SGDC_clock09 (Rule 17 of total 402) .... done (Time = 0.00s, Memory = 0.1K)
Checking Rule SGDC_force_ta05 (Rule 18 of total 402) .... done (Time = 0.00s, Memory = -8.0K)
Checking Rule SGDC_require_path03 (Rule 19 of total 402) .... done (Time = 0.00s, Memory = 8.0K)
Checking Rule SGDC_require_value03 (Rule 20 of total 402) .... done (Time = 0.00s, Memory = 0.0K)
Checking Rule SGDC_voltagedomain05 (Rule 21 of total 402) .... done (Time = 0.00s, Memory = 7.5K)
Checking Rule SGDC_voltagedomain06 (Rule 22 of total 402) .... done (Time = 0.00s, Memory = -20.0K)
Checking Rule SGDC_voltagedomain07 (Rule 23 of total 402) .... done (Time = 0.00s, Memory = 8.3K)
Checking Rule SGDC_powerdomainoutputs02 (Rule 24 of total 402) .... done (Time = 0.00s, Memory = 7.5K)
Checking Rule SGDC_supply01 (Rule 25 of total 402) .... done (Time = 0.00s, Memory = -31.9K)
Checking Rule SGDC_waive01 (Rule 26 of total 402) .... done (Time = 0.00s, Memory = -32.0K)
Checking Rule SGDC_waive02 (Rule 27 of total 402) .... done (Time = 0.00s, Memory = -0.4K)
Checking Rule SGDC_waive03 (Rule 28 of total 402) .... done (Time = 0.00s, Memory = 0.0K)
Checking Rule SGDC_waive04 (Rule 29 of total 402) .... done (Time = 0.00s, Memory = 0.0K)
Checking Rule SGDC_waive05 (Rule 30 of total 402) .... done (Time = 0.00s, Memory = 0.0K)
Checking Rule SGDC_waive06 (Rule 31 of total 402) .... done (Time = 0.00s, Memory = 0.0K)
Checking Rule SGDC_waive07 (Rule 32 of total 402) .... done (Time = 0.00s, Memory = 0.0K)
Checking Rule SGDC_waive08 (Rule 33 of total 402) .... done (Time = 0.00s, Memory = 0.0K)
Checking Rule SGDC_waive09 (Rule 34 of total 402) .... done (Time = 0.00s, Memory = 0.0K)
Checking Rule SGDC_waive10 (Rule 35 of total 402) .... done (Time = 0.00s, Memory = -0.4K)
Checking Rule SGDC_waive11 (Rule 36 of total 402) .... done (Time = 0.00s, Memory = 6.8K)
Checking Rule SGDC_waive12 (Rule 37 of total 402) .... done (Time = 0.00s, Memory = 0.0K)
Checking Rule SGDC_waive13 (Rule 38 of total 402) .... done (Time = 0.00s, Memory = 0.0K)
Checking Rule SGDC_waive21 (Rule 39 of total 402) .... done (Time = 0.00s, Memory = 12.0K)
Checking Rule SGDC_waive22 (Rule 40 of total 402) .... done (Time = 0.00s, Memory = 0.0K)
Checking Rule SGDC_waive30 (Rule 41 of total 402) .... done (Time = 0.00s, Memory = -27.0K)
Checking Rule SGDC_waive32 (Rule 42 of total 402) .... done (Time = 0.00s, Memory = 0.0K)
Checking Rule SGDC_waive33 (Rule 43 of total 402) .... done (Time = 0.00s, Memory = 2.8K)
Checking Rule SGDC_waive36 (Rule 44 of total 402) .... done (Time = 0.00s, Memory = 0.1K)
Checking Rule SGDC_waive38 (Rule 45 of total 402) .... done (Time = 0.00s, Memory = 0.1K)
Checking Rule SGDC_fifo01 (Rule 46 of total 402) .... done (Time = 0.00s, Memory = 0.0K)
Checking Rule SGDC_libgroup01 (Rule 47 of total 402) .... done (Time = 0.00s, Memory = 32.0K)
Checking Rule SGDC_libgroup02 (Rule 48 of total 402) .... done (Time = 0.00s, Memory = 0.1K)
Checking Rule SGDC_libgroup04 (Rule 49 of total 402) .... done (Time = 0.00s, Memory = 0.1K)
Checking Rule SGDC_power_data01 (Rule 50 of total 402) .... done (Time = 0.00s, Memory = 7.5K)
Checking Rule SGDC_ungroup01 (Rule 51 of total 402) .... done (Time = 0.00s, Memory = -0.6K)
Checking Rule SGDC_abstract_port06 (Rule 52 of total 402) .... done (Time = 0.00s, Memory = -24.4K)
Checking Rule SGDC_abstract_port14 (Rule 53 of total 402) .... done (Time = 0.00s, Memory = 0.0K)
Checking Rule SGDC_abstract_port15 (Rule 54 of total 402) .... done (Time = 0.00s, Memory = 0.0K)
Checking Rule SGDC_abstract_port18 (Rule 55 of total 402) .... done (Time = 0.00s, Memory = -8.0K)
Checking Rule sdc_init_rule (Rule 56 of total 402) .... done (Time = 0.00s, Memory = 0.0K)
Checking Rule CMD_ignorelibs01 (Rule 57 of total 402) .... done (Time = 0.00s, Memory = 0.0K)
Checking Rule ReportRuleNotRun (Rule 58 of total 402) .... done (Time = 0.00s, Memory = -0.5K)
Checking Rule SGDC_generated_clock03 (Rule 59 of total 402) .... done (Time = 0.00s, Memory = 0.0K)
Checking Rule SGDC_generated_clock04 (Rule 60 of total 402) .... done (Time = 0.00s, Memory = 11.5K)
Checking Rule SGDC_generated_clock05 (Rule 61 of total 402) .... done (Time = 0.00s, Memory = 0.0K)
Checking Rule SGDC_quasi_static_style02 (Rule 62 of total 402) .... done (Time = 0.00s, Memory = 9.6K)
Checking Rule SGDC_syncresetstyle01 (Rule 63 of total 402) .... done (Time = 0.00s, Memory = 0.0K)
Checking Rule SGDC_network_allowed_cells01 (Rule 64 of total 402) .... done (Time = 0.00s, Memory = 11.2K)
Checking Rule SGDC_numflops01 (Rule 65 of total 402) .... done (Time = 0.00s, Memory = 1.6K)
Checking Rule SGDC_numflops07 (Rule 66 of total 402) .... done (Time = 0.00s, Memory = 0.0K)
Checking Rule SGDC_numflops08 (Rule 67 of total 402) .... done (Time = 0.00s, Memory = 4.0K)
Checking Rule SGDC_numflops09 (Rule 68 of total 402) .... done (Time = 0.00s, Memory = 7.5K)
Checking Rule SGDC_clocksense04 (Rule 69 of total 402) .... done (Time = 0.00s, Memory = 4.0K)
Checking Rule SGDC_check_clock_relation05a (Rule 70 of total 402) .... done (Time = 0.00s, Memory = 0.0K)
Checking Rule SGDC_check_clock_relation05b (Rule 71 of total 402) .... done (Time = 0.00s, Memory = 7.5K)
Checking Rule SGDC_sync_cell08a (Rule 72 of total 402) .... done (Time = 0.00s, Memory = 11.7K)
Checking Rule SGDC_sync_cell09a (Rule 73 of total 402) .... done (Time = 0.00s, Memory = -4.4K)
Checking Rule SGDC_qualifier06 (Rule 74 of total 402) .... done (Time = 0.00s, Memory = 4.0K)
Checking Rule SGDC_cdc_waive03 (Rule 75 of total 402) .... done (Time = 0.00s, Memory = 32.0K)
Checking Rule SGDC_qualifier09 (Rule 76 of total 402) .... done (Time = 0.00s, Memory = 0.7K)
Checking Rule SGDC_qualifier15 (Rule 77 of total 402) .... done (Time = 0.00s, Memory = 0.9K)
Checking Rule SGDC_allow_combo_logic01 (Rule 78 of total 402) .... done (Time = 0.00s, Memory = 0.0K)
Checking Rule SGDC_reset_filter_path01 (Rule 79 of total 402) .... done (Time = 0.00s, Memory = 1.8K)
Checking Rule SGDC_cdc_false_path05 (Rule 80 of total 402) .... done (Time = 0.00s, Memory = 12.2K)
Checking Rule Param_clockreset05 (Rule 81 of total 402) .... done (Time = 0.00s, Memory = 8.0K)
Checking Rule Ac_sanity01 (Rule 82 of total 402) .... done (Time = 0.00s, Memory = 0.0K)
Checking Rule Ac_sanity06 (Rule 83 of total 402) .... done (Time = 0.00s, Memory = 0.0K)
Checking Rule Ac_license01 (Rule 84 of total 402) .... done (Time = 0.00s, Memory = 0.0K)
Checking Rule SGDC_reset_synchronizer07 (Rule 85 of total 402) .... done (Time = 0.00s, Memory = 0.2K)
 Reading waiver file "./lint_cdc/sys_top/cdc/cdc_verify/spyglass_spysch/waiver/pragma2Waiver.swl" ...
 Reading included SGDC file "./lint_cdc/sys_top/cdc/cdc_verify/spyglass_spysch/waiver/pragma2Waiver_varfile.swl" ....
Checking Rule ReportStopSummary (Rule 86 of total 402) .... done (Time = 0.00s, Memory = -0.8K)
Checking Rule ReportIgnoreSummary (Rule 87 of total 402) .... done (Time = 0.00s, Memory = 0.0K)

INFO [235]    Restoring design database from directory './lint_cdc/sys_top/.SG_SaveRestoreDB/autogenerated__default_snapshot' ...
              done

Checking Rule InferBlackBox (Rule 88 of total 402) .... done (Time = 0.00s, Memory = 0.0K)
Checking Rule SGDC_waive37 (Rule 89 of total 402) .... done (Time = 0.00s, Memory = 0.0K)
Checking Rule SGDC_waive24 (Rule 90 of total 402) .... done (Time = 0.00s, Memory = 0.0K)
Checking Rule SGDC_waive25 (Rule 91 of total 402) .... done (Time = 0.00s, Memory = 0.0K)
Checking Rule SGDC_waive31 (Rule 92 of total 402) .... done (Time = 0.00s, Memory = 0.0K)
Checking Rule SGDC_waive35 (Rule 93 of total 402) .... done (Time = 0.00s, Memory = 0.0K)
Checking Rule ReportSglibSummary (Rule 94 of total 402) .... done (Time = 0.00s, Memory = 0.0K)
Checking Rule DetectTopDesignUnits (Rule 95 of total 402)
 Detected 1 top level design units:
     sys_top
 .... done (Time = 0.00s, Memory = 0.0K)
Checking Rule GenerateConfMap (Rule 96 of total 402) .... done (Time = 0.00s, Memory = 0.0K)
Checking Rule Pragma_setupa for module CLK_GATE (Rule 97 of total 402) .... done (Time = 0.00s, Memory = 0.0K)
Checking Rule Pragma_setupa for module RST_SYNCH (Rule 97 of total 402) .... done (Time = 0.00s, Memory = 0.0K)
Checking Rule Pragma_setupa for module clk_div (Rule 97 of total 402) .... done (Time = 0.00s, Memory = 0.0K)
Checking Rule Pragma_setupa for module DeSerializer (Rule 97 of total 402) .... done (Time = 0.00s, Memory = 0.0K)
Checking Rule Pragma_setupa for module Data_sampling (Rule 97 of total 402) .... done (Time = 0.00s, Memory = 0.0K)
Checking Rule Pragma_setupa for module Edge_Bit_Counter (Rule 97 of total 402) .... done (Time = 0.00s, Memory = 0.0K)
Checking Rule Pragma_setupa for module Parity_chk (Rule 97 of total 402) .... done (Time = 0.00s, Memory = 0.0K)
Checking Rule Pragma_setupa for module Strt_chk (Rule 97 of total 402) .... done (Time = 0.00s, Memory = 0.0K)
Checking Rule Pragma_setupa for module stp_chk (Rule 97 of total 402) .... done (Time = 0.00s, Memory = 0.0K)
Checking Rule Pragma_setupa for module RX_FSM (Rule 97 of total 402) .... done (Time = 0.00s, Memory = 0.0K)
Checking Rule Pragma_setupa for module RX_TOP (Rule 97 of total 402) .... done (Time = 0.00s, Memory = 0.0K)
Checking Rule Pragma_setupa for module MUX (Rule 97 of total 402) .... done (Time = 0.00s, Memory = 0.0K)
Checking Rule Pragma_setupa for module parity (Rule 97 of total 402) .... done (Time = 0.00s, Memory = 0.0K)
Checking Rule Pragma_setupa for module TX_FSM (Rule 97 of total 402) .... done (Time = 0.00s, Memory = 0.0K)
Checking Rule Pragma_setupa for module serializer (Rule 97 of total 402) .... done (Time = 0.00s, Memory = 0.0K)
Checking Rule Pragma_setupa for module TX_TOP (Rule 97 of total 402) .... done (Time = 0.00s, Memory = 0.0K)
Checking Rule Pragma_setupa for module UART (Rule 97 of total 402) .... done (Time = 0.00s, Memory = 0.0K)
Checking Rule Pragma_setupa for module Data_Synch (Rule 97 of total 402) .... done (Time = 0.00s, Memory = 0.0K)
Checking Rule Pragma_setupa for module SYS_CTRL (Rule 97 of total 402) .... done (Time = 0.00s, Memory = 0.0K)
Checking Rule Pragma_setupa for module Register (Rule 97 of total 402) .... done (Time = 0.00s, Memory = 0.0K)
Checking Rule Pragma_setupa for module ALU (Rule 97 of total 402) .... done (Time = 0.00s, Memory = 0.0K)
Checking Rule Pragma_setupa for module FIFO_RD (Rule 97 of total 402) .... done (Time = 0.00s, Memory = 0.0K)
Checking Rule Pragma_setupa for module FIFO_WR (Rule 97 of total 402) .... done (Time = 0.00s, Memory = 0.0K)
Checking Rule Pragma_setupa for module DF_SYNC (Rule 97 of total 402) .... done (Time = 0.00s, Memory = 0.0K)
Checking Rule Pragma_setupa for module FIFO_MEM_CNTRL (Rule 97 of total 402) .... done (Time = 0.00s, Memory = 0.0K)
Checking Rule Pragma_setupa for module FIFO_TOP (Rule 97 of total 402) .... done (Time = 0.00s, Memory = 0.0K)
Checking Rule Pragma_setupa for module PULSE_GEN (Rule 97 of total 402) .... done (Time = 0.00s, Memory = 0.0K)
Checking Rule Pragma_setupa for module sys_top (Rule 97 of total 402) .... done (Time = 0.00s, Memory = 0.0K)
Performing semantic checks on SGDC contents
Checking Rule SGDC_testmode03 (Rule 98 of total 402) .... done (Time = 0.00s, Memory = 0.0K)
Checking Rule Pragma_setupb (Rule 99 of total 402) .... done (Time = 0.00s, Memory = 20.0K)
Checking Rule _vhMeta01 (Rule 100 of total 402) .... done (Time = 0.00s, Memory = 18.0K)
Checking Rule _meta_delay01 (Rule 101 of total 402) .... done (Time = 0.00s, Memory = 0.0K)
Checking Rule CheckCelldefine (Rule 102 of total 402) .... done (Time = 0.00s, Memory = -2.1K)
Checking Rule checkSGDC_01 (Rule 103 of total 402) .... done (Time = 0.00s, Memory = 2.6K)
Checking Rule checkSGDC_03 (Rule 104 of total 402) .... done (Time = 0.00s, Memory = 0.1K)
Checking Rule checkSGDC_08 (Rule 105 of total 402) .... done (Time = 0.00s, Memory = 0.1K)
Checking Rule SGDC_memorywritepin04 (Rule 106 of total 402) .... done (Time = 0.00s, Memory = 7.5K)
Checking Rule SGDC_reset02 (Rule 107 of total 402) .... done (Time = 0.00s, Memory = 9.8K)
Checking Rule SGDC_reset03 (Rule 108 of total 402) .... done (Time = 0.00s, Memory = 0.0K)
Checking Rule SGDC_waive23 (Rule 109 of total 402) .... done (Time = 0.00s, Memory = 0.0K)
Checking Rule SGDC_waive26 (Rule 110 of total 402) .... done (Time = 0.00s, Memory = -32.0K)
Checking Rule SGDC_waive27 (Rule 111 of total 402) .... done (Time = 0.00s, Memory = 0.0K)
Checking Rule SGDC_waive29 (Rule 112 of total 402) .... done (Time = 0.00s, Memory = 0.0K)
Checking Rule SGDC_libgroup03 (Rule 113 of total 402) .... done (Time = 0.00s, Memory = 0.0K)
Checking Rule SGDC_ungroup02 (Rule 114 of total 402) .... done (Time = 0.00s, Memory = 0.0K)
Checking Rule _abstractPortSGDC (Rule 115 of total 402) .... done (Time = 0.00s, Memory = 0.0K)
Checking Rule SGDC_abstract_port03 (Rule 116 of total 402) .... done (Time = 0.00s, Memory = 0.0K)
Checking Rule SGDC_abstract_port04 (Rule 117 of total 402) .... done (Time = 0.00s, Memory = 0.0K)
Checking Rule SGDC_abstract_port05 (Rule 118 of total 402) .... done (Time = 0.00s, Memory = 0.0K)
Checking Rule SGDC_abstract_port07 (Rule 119 of total 402) .... done (Time = 0.00s, Memory = 0.0K)
Checking Rule SGDC_abstract_port08 (Rule 120 of total 402) .... done (Time = 0.00s, Memory = 0.0K)
Checking Rule SGDC_abstract_port10 (Rule 121 of total 402) .... done (Time = 0.00s, Memory = 0.0K)
Checking Rule SGDC_abstract_port11 (Rule 122 of total 402) .... done (Time = 0.00s, Memory = 0.0K)
Checking Rule SGDC_abstract_port12 (Rule 123 of total 402) .... done (Time = 0.00s, Memory = 4.0K)
Checking Rule SGDC_abstract_port13 (Rule 124 of total 402) .... done (Time = 0.00s, Memory = 24.0K)
Checking Rule _cdc_save_license01 (Rule 125 of total 402) .... done (Time = 0.00s, Memory = 0.4K)
Checking Rule syncRstReq (Rule 126 of total 402) .... done (Time = 0.00s, Memory = 0.0K)
Checking Rule syncRstReq (Rule 127 of total 402) .... done (Time = 0.00s, Memory = -8.0K)
Checking Rule _syncResetStyleRTL (Rule 128 of total 402) .... done (Time = 0.00s, Memory = 0.0K)
Checking Rule _deltaDelay (Rule 129 of total 402) .... done (Time = 0.00s, Memory = 64.0K)
Checking Rule _deltaDelay (Rule 130 of total 402) .... done (Time = 0.01s, Memory = -0.6K)
Checking Rule _deltaDelayNom (Rule 131 of total 402) .... done (Time = 0.00s, Memory = 0.0K)
Checking Rule Ac_multitop01 (Rule 132 of total 402) .... done (Time = 0.00s, Memory = 1.0K)
Checking Rule AcOvlRtl (Rule 133 of total 402) .... done (Time = 0.00s, Memory = 4.7K)
Checking Rule AcOvlRtl (Rule 134 of total 402) .... done (Time = 0.00s, Memory = -32.0K)
Checking Rule Ac_svasetup01 (Rule 135 of total 402) .... done (Time = 0.00s, Memory = 0.0K)
Checking Rule ReportUngroup (Rule 136 of total 402) .... done (Time = 0.00s, Memory = 0.0K)
Checking Rule SGDC_allow_combo_logic02 (Rule 137 of total 402) .... done (Time = 0.00s, Memory = -1.2K)
Checking Rule _portRetenClocknReset (Rule 138 of total 402) .... done (Time = 0.00s, Memory = 0.0K)
Checking Rule _portReten (Rule 139 of total 402) .... done (Time = 0.00s, Memory = 0.0K)
Checking Rule SGDC_meta_design_hier01 (Rule 140 of total 402) .... done (Time = 0.00s, Memory = 0.0K)
Checking Rule LP_POWERDATA_INFO (Rule 141 of total 402) .... done (Time = 0.00s, Memory = 0.0K)
Checking Rule SGDC_abstract_port21 (Rule 142 of total 402) .... done (Time = 0.00s, Memory = 1.6K)
Checking Rule SGDC_input02 (Rule 143 of total 402) .... done (Time = 0.00s, Memory = 0.0K)
Checking Rule SGDC_input03 (Rule 144 of total 402) .... done (Time = 0.00s, Memory = 0.0K)
Checking Rule SGDC_output02 (Rule 145 of total 402) .... done (Time = 0.00s, Memory = 32.0K)
Checking Rule SGDC_output04 (Rule 146 of total 402) .... done (Time = 0.00s, Memory = -8.0K)
Checking Rule SGDC_numflops03a (Rule 147 of total 402) .... done (Time = 0.00s, Memory = -3.9K)
Checking Rule SGDC_numflops03b (Rule 148 of total 402) .... done (Time = 0.00s, Memory = 0.0K)
Checking Rule SGDC_numflops12 (Rule 149 of total 402) .... done (Time = 0.00s, Memory = 0.0K)
Checking Rule SGDC_sync_cell02b (Rule 150 of total 402) .... done (Time = 0.00s, Memory = -31.2K)
Checking Rule SGDC_sync_cell11 (Rule 151 of total 402) .... done (Time = 0.00s, Memory = 0.9K)
Checking Rule SGDC_qualifier02c (Rule 152 of total 402) .... done (Time = 0.00s, Memory = -8.0K)
Checking Rule SGDC_qualifier03c (Rule 153 of total 402) .... done (Time = 0.00s, Memory = -0.3K)
Checking Rule LPwrRulesSetup (Rule 154 of total 402) .... done (Time = 0.00s, Memory = 0.0K)
 Flattening sys_top (.lib instances separately flattened) ....
 Flattening completed
Checking Rule SGDC_quasi_static_style01 (Rule 155 of total 402) .... done (Time = 0.00s, Memory = 0.1K)
Checking Rule SignalTypeSetup (Rule 156 of total 402) .... done (Time = 0.00s, Memory = 16.0K)
Checking Rule _allowInst (Rule 157 of total 402) .... done (Time = 0.00s, Memory = 0.0K)
Checking Rule _ipblock (Rule 158 of total 402) .... done (Time = 0.00s, Memory = 0.4K)
Checking Rule _rstSyncCellInst (Rule 159 of total 402) .... done (Time = 0.00s, Memory = 1.5K)
Checking Rule _syncCellDelayedQualifier (Rule 160 of total 402) .... done (Time = 0.00s, Memory = -8.0K)
Checking Rule _repeaterCellInst (Rule 161 of total 402) .... done (Time = 0.00s, Memory = 0.0K)
Checking Rule _abstract_port (Rule 162 of total 402) .... done (Time = 0.01s, Memory = 8.2K)
Checking Rule Clock_setup02 (Rule 163 of total 402) .... done (Time = 0.00s, Memory = 12.5K)
Checking Rule Clockmatrix01 (Rule 164 of total 402) .... done (Time = 0.00s, Memory = 0.0K)
Checking Rule Clock_prop (Rule 165 of total 402) .... done (Time = 0.00s, Memory = 11.5K)
Checking Rule Reset_prop (Rule 166 of total 402) .... done (Time = 0.00s, Memory = 2.2K)
Checking Rule SGDC_generated_clock06 (Rule 167 of total 402) .... done (Time = 0.00s, Memory = 1.6K)
Checking Rule Propagate_Clocks (Rule 168 of total 402) .... done (Time = 0.00s, Memory = 532.7K)
Checking Rule _syncreset_prop (Rule 169 of total 402) .... done (Time = 0.00s, Memory = 0.0K)
Checking Rule _syncc (Rule 170 of total 402) .... done (Time = 0.00s, Memory = 0.0K)
Checking Rule _syncb (Rule 171 of total 402) .... done (Time = 0.00s, Memory = 63.8K)
Checking Rule _resetPathCross (Rule 172 of total 402) .... done (Time = 0.00s, Memory = 0.0K)
Checking Rule FalsePathSetup (Rule 173 of total 402) .... done (Time = 0.00s, Memory = 24.9K)
Checking Rule _fifo01 (Rule 174 of total 402) .... done (Time = 0.00s, Memory = -8.0K)
Checking Rule _syncfifo (Rule 175 of total 402) .... done (Time = 0.00s, Memory = 8.0K)
Checking Rule _syncUDfifo (Rule 176 of total 402) .... done (Time = 0.00s, Memory = -24.0K)
Checking Rule _syncdw (Rule 177 of total 402) .... done (Time = 0.00s, Memory = -0.2K)
Checking Rule _syncd (Rule 178 of total 402) .... done (Time = 0.00s, Memory = -8.0K)
Checking Rule _syncg (Rule 179 of total 402) .... done (Time = 0.00s, Memory = 5.2K)
Checking Rule _sync_clock (Rule 180 of total 402) .... done (Time = 0.00s, Memory = 0.0K)
Checking Rule _sync_gp (Rule 181 of total 402) .... done (Time = 0.00s, Memory = 0.0K)
Checking Rule _sync_and (Rule 182 of total 402) .... done (Time = 0.00s, Memory = -0.1K)
Checking Rule _synci (Rule 183 of total 402) .... done (Time = 0.00s, Memory = 0.0K)
Checking Rule _sync_qualifier (Rule 184 of total 402) .... done (Time = 0.00s, Memory = 0.2K)
Checking Rule SGDC_fifo11 (Rule 185 of total 402) .... done (Time = 0.00s, Memory = 8.0K)
Checking Rule SGDC_fifo12 (Rule 186 of total 402) .... done (Time = 0.00s, Memory = 0.0K)
Checking Rule SGDC_fifo13 (Rule 187 of total 402) .... done (Time = 0.00s, Memory = 0.0K)
Checking Rule SGDC_fifo14 (Rule 188 of total 402) .... done (Time = 0.00s, Memory = 0.0K)
Checking Rule Gen_diff01 (Rule 189 of total 402) .... done (Time = 0.00s, Memory = 0.0K)
Checking Rule _debugData (Rule 190 of total 402) .... done (Time = 0.00s, Memory = 5.0K)
Checking Rule Ac_Sync_Init (Rule 191 of total 402) .... done (Time = 0.00s, Memory = 6.5K)
Checking Rule _propagate_cdcAttrib (Rule 192 of total 402) .... done (Time = 0.00s, Memory = 4.8K)
Checking Rule Ar_Cross_Init (Rule 193 of total 402) .... done (Time = 0.00s, Memory = 0.0K)
Checking Rule SGDC_cdc_define_transition01 (Rule 194 of total 402) .... done (Time = 0.00s, Memory = 0.0K)
Checking Rule UPF_lowpower08PR (Rule 195 of total 402) .... done (Time = 0.00s, Memory = 32.6K)
Checking Rule UPF_lowpower08 (Rule 196 of total 402) .... done (Time = 0.00s, Memory = 0.0K)
Checking Rule Setup_check01 (Rule 197 of total 402) .... done (Time = 0.00s, Memory = 0.0K)
Checking Rule Setup_check02 (Rule 198 of total 402) .... done (Time = 0.00s, Memory = -1.0K)
Checking Rule Info_Case_Analysis (Rule 199 of total 402) .... done (Time = 0.00s, Memory = 1.2K)
Checking Rule SGDC_set_case_analysis_LC (Rule 200 of total 402) .... done (Time = 0.00s, Memory = 0.0K)
Checking Rule Setup_quasi_static01 (Rule 201 of total 402) .... done (Time = 0.00s, Memory = -1.1K)
Checking Rule SGDC_signal_in_domain02 (Rule 202 of total 402) .... done (Time = 0.00s, Memory = 0.0K)
Checking Rule SGDC_signal_in_domain04 (Rule 203 of total 402) .... done (Time = 0.00s, Memory = 0.0K)
Checking Rule SGDC_numflops03c (Rule 204 of total 402) .... done (Time = 0.00s, Memory = 0.0K)
Checking Rule SGDC_numflops04 (Rule 205 of total 402) .... done (Time = 0.00s, Memory = 0.0K)
Checking Rule SGDC_numflops05 (Rule 206 of total 402) .... done (Time = 0.00s, Memory = 0.0K)
Checking Rule SGDC_numflops06 (Rule 207 of total 402) .... done (Time = 0.00s, Memory = 0.0K)
Checking Rule SGDC_numflops11 (Rule 208 of total 402) .... done (Time = 0.00s, Memory = 0.0K)
Checking Rule SGDC_numflops13 (Rule 209 of total 402) .... done (Time = 0.00s, Memory = -5.2K)
Checking Rule SGDC_numflops14 (Rule 210 of total 402) .... done (Time = 0.00s, Memory = 0.0K)
Checking Rule SGDC_clocksense02 (Rule 211 of total 402) .... done (Time = 0.00s, Memory = 21.0K)
Checking Rule SGDC_clocksense03 (Rule 212 of total 402) .... done (Time = 0.00s, Memory = 0.0K)
Checking Rule SGDC_sgclkgroup01 (Rule 213 of total 402) .... done (Time = 0.00s, Memory = 0.0K)
Checking Rule SGDC_sgclkgroup02 (Rule 214 of total 402) .... done (Time = 0.00s, Memory = 8.0K)
Checking Rule SGDC_sgclkgroup03 (Rule 215 of total 402) .... done (Time = 0.00s, Memory = 0.0K)
Checking Rule SGDC_check_clock_relation01a (Rule 216 of total 402) .... done (Time = 0.00s, Memory = 0.0K)
Checking Rule SGDC_check_clock_relation01b (Rule 217 of total 402) .... done (Time = 0.00s, Memory = 0.0K)
Checking Rule SGDC_check_clock_relation01c (Rule 218 of total 402) .... done (Time = 0.01s, Memory = 0.0K)
Checking Rule SGDC_check_clock_relation02a (Rule 219 of total 402) .... done (Time = 0.00s, Memory = 3.8K)
Checking Rule SGDC_check_clock_relation02b (Rule 220 of total 402) .... done (Time = 0.00s, Memory = 0.0K)
Checking Rule SGDC_check_clock_relation02c (Rule 221 of total 402) .... done (Time = 0.00s, Memory = 0.0K)
Checking Rule SGDC_check_clock_relation03b (Rule 222 of total 402) .... done (Time = 0.00s, Memory = 0.0K)
Checking Rule SGDC_check_clock_relation04b (Rule 223 of total 402) .... done (Time = 0.00s, Memory = -3.9K)
Checking Rule CheckClockRelationSetup (Rule 224 of total 402) .... done (Time = 0.00s, Memory = -0.1K)
Checking Rule SGDC_gray_signals01 (Rule 225 of total 402) .... done (Time = 0.00s, Memory = 0.0K)
Checking Rule SGDC_gray_signals02 (Rule 226 of total 402) .... done (Time = 0.00s, Memory = 0.0K)
Checking Rule SGDC_gray_signals03 (Rule 227 of total 402) .... done (Time = 0.00s, Memory = 0.0K)
Checking Rule SGDC_qualifier02a (Rule 228 of total 402) .... done (Time = 0.00s, Memory = 0.0K)
Checking Rule SGDC_qualifier03a (Rule 229 of total 402) .... done (Time = 0.00s, Memory = 0.0K)
Checking Rule SGDC_qualifier04 (Rule 230 of total 402) .... done (Time = 0.00s, Memory = 0.0K)
Checking Rule SGDC_qualifier05 (Rule 231 of total 402) .... done (Time = 0.00s, Memory = 0.0K)
Checking Rule SGDC_qualifier08 (Rule 232 of total 402) .... done (Time = 0.00s, Memory = 0.0K)
Checking Rule QualifierSetup (Rule 233 of total 402) .... done (Time = 0.00s, Memory = 0.0K)
Checking Rule ResetSynchronizerSetup (Rule 234 of total 402) .... done (Time = 0.00s, Memory = 8.0K)
Checking Rule SGDC_validation_filter_path03 (Rule 235 of total 402) .... done (Time = 0.00s, Memory = 0.0K)
Checking Rule SGDC_qualifier10 (Rule 236 of total 402) .... done (Time = 0.00s, Memory = -8.0K)
Checking Rule SGDC_qualifier11 (Rule 237 of total 402) .... done (Time = 0.00s, Memory = 8.0K)
Checking Rule SGDC_qualifier12 (Rule 238 of total 402) .... done (Time = 0.00s, Memory = 0.0K)
Checking Rule SGDC_qualifier13 (Rule 239 of total 402) .... done (Time = 0.00s, Memory = -32.0K)
Checking Rule SGDC_qualifier14 (Rule 240 of total 402) .... done (Time = 0.00s, Memory = -8.0K)
Checking Rule SGDC_qualifier16 (Rule 241 of total 402) .... done (Time = 0.00s, Memory = 0.0K)
Checking Rule SGDC_qualifier18 (Rule 242 of total 402) .... done (Time = 0.00s, Memory = 2.8K)
Checking Rule SGDC_qualifier19a (Rule 243 of total 402) .... done (Time = 0.00s, Memory = -0.4K)
Checking Rule SGDC_qualifier19b (Rule 244 of total 402) .... done (Time = 0.00s, Memory = 0.0K)
Checking Rule SGDC_qualifier19c (Rule 245 of total 402) .... done (Time = 0.00s, Memory = 0.0K)
Checking Rule SGDC_qualifier20b (Rule 246 of total 402) .... done (Time = 0.00s, Memory = 4.7K)
Checking Rule SGDC_qualifier21 (Rule 247 of total 402) .... done (Time = 0.00s, Memory = 0.0K)
Checking Rule SGDC_qualifier22 (Rule 248 of total 402) .... done (Time = 0.00s, Memory = 0.0K)
Checking Rule SGDC_qualifier23 (Rule 249 of total 402) .... done (Time = 0.00s, Memory = 0.0K)
Checking Rule SGDC_virtualclock01 (Rule 250 of total 402) .... done (Time = 0.00s, Memory = 0.0K)
Checking Rule SGDC_virtualreset01 (Rule 251 of total 402) .... done (Time = 0.00s, Memory = 0.0K)
Checking Rule SGDC_abstract_port19 (Rule 252 of total 402) .... done (Time = 0.00s, Memory = 0.0K)
Checking Rule SGDC_abstract_port20 (Rule 253 of total 402) .... done (Time = 0.00s, Memory = 0.0K)
Checking Rule RFPSetup (Rule 254 of total 402) .... done (Time = 0.00s, Memory = 0.0K)
Checking Rule SGDC_reset_filter_path02a (Rule 255 of total 402) .... done (Time = 0.00s, Memory = -32.0K)
Checking Rule SGDC_reset_filter_path02b (Rule 256 of total 402) .... done (Time = 0.00s, Memory = 0.0K)
Checking Rule SGDC_reset_filter_path02c (Rule 257 of total 402) .... done (Time = 0.00s, Memory = 9.7K)
Checking Rule SGDC_reset_filter_path03a (Rule 258 of total 402) .... done (Time = 0.00s, Memory = 0.0K)
Checking Rule SGDC_reset_filter_path03b (Rule 259 of total 402) .... done (Time = 0.00s, Memory = 8.0K)
Checking Rule SGDC_reset_filter_path03c (Rule 260 of total 402) .... done (Time = 0.00s, Memory = 0.2K)
Checking Rule SGDC_reset_filter_path04b (Rule 261 of total 402) .... done (Time = 0.00s, Memory = 0.0K)
Checking Rule SGDC_reset_filter_path07a (Rule 262 of total 402) .... done (Time = 0.00s, Memory = -0.1K)
Checking Rule SGDC_reset_filter_path07b (Rule 263 of total 402) .... done (Time = 0.00s, Memory = 0.0K)
Checking Rule SGDC_reset_filter_path07c (Rule 264 of total 402) .... done (Time = 0.00s, Memory = 0.0K)
Checking Rule SGDC_define_reset_order03 (Rule 265 of total 402) .... done (Time = 0.00s, Memory = 0.0K)
Checking Rule SGDC_define_reset_order04 (Rule 266 of total 402) .... done (Time = 0.00s, Memory = 7.4K)
Checking Rule SGDC_define_reset_order05 (Rule 267 of total 402) .... done (Time = 0.00s, Memory = 0.0K)
Checking Rule SGDC_cdc_false_path06 (Rule 268 of total 402) .... done (Time = 0.00s, Memory = 0.0K)
Checking Rule SGDC_cdc_false_path07 (Rule 269 of total 402) .... done (Time = 0.00s, Memory = 0.0K)
Checking Rule SGDC_cdc_false_path08 (Rule 270 of total 402) .... done (Time = 0.00s, Memory = 0.0K)
Checking Rule CDCSet_License01 (Rule 271 of total 402) .... done (Time = 0.00s, Memory = 0.0K)
Checking Rule Clock_info03a (Rule 272 of total 402) .... done (Time = 0.00s, Memory = -10.2K)
Checking Rule Clock_info03b (Rule 273 of total 402) .... done (Time = 0.00s, Memory = -44.0K)
Checking Rule Clock_info03c (Rule 274 of total 402) .... done (Time = 0.01s, Memory = 0.0K)
Checking Rule Ac_coherency06 (Rule 275 of total 402) .... done (Time = 0.00s, Memory = 0.0K)
Checking Rule Ac_unsync01 (Rule 276 of total 402) .... done (Time = 0.00s, Memory = 0.0K)
Checking Rule Ac_unsync02 (Rule 277 of total 402) .... done (Time = 0.00s, Memory = 4.7K)
Checking Rule Ac_sync01 (Rule 278 of total 402) .... done (Time = 0.00s, Memory = 0.0K)
Checking Rule Ac_sync02 (Rule 279 of total 402) .... done (Time = 0.00s, Memory = 0.0K)
Checking Rule Ac_crossing01 (Rule 280 of total 402) .... done (Time = 0.00s, Memory = 0.0K)
Checking Rule Propagate_Resets (Rule 281 of total 402) .... done (Time = 0.00s, Memory = 0.0K)
Checking Rule _reset_sync (Rule 282 of total 402) .... done (Time = 0.00s, Memory = 0.0K)
Checking Rule Setup_port01 (Rule 283 of total 402) .... done (Time = 0.00s, Memory = -0.1K)
Checking Rule Setup_blackbox01 (Rule 284 of total 402) .... done (Time = 0.00s, Memory = 8.0K)
Checking Rule Setup_library01 (Rule 285 of total 402) .... done (Time = 0.00s, Memory = 8.2K)
Checking Rule Reset_check11 (Rule 286 of total 402) .... done (Time = 0.00s, Memory = 0.0K)
Checking Rule Reset_info09a (Rule 287 of total 402) .... done (Time = 0.00s, Memory = -25.4K)
Checking Rule Clock_sync05 (Rule 288 of total 402) .... done (Time = 0.00s, Memory = 0.0K)
Checking Rule Clock_sync06 (Rule 289 of total 402) .... done (Time = 0.00s, Memory = 0.0K)
Checking Rule Clock_info02 (Rule 290 of total 402) .... done (Time = 0.00s, Memory = 0.0K)
Checking Rule Reset_info02 (Rule 291 of total 402) .... done (Time = 0.00s, Memory = 0.0K)
Checking Rule Clock_info05 (Rule 292 of total 402) .... done (Time = 0.00s, Memory = 0.0K)
Checking Rule Clock_info05b (Rule 293 of total 402) .... done (Time = 0.00s, Memory = 0.0K)
Checking Rule Reset_check03 (Rule 294 of total 402) .... done (Time = 0.00s, Memory = 0.0K)
Checking Rule _clkWrapModules (Rule 295 of total 402) .... done (Time = 0.00s, Memory = 1.0K)
Checking Rule _clock_hier_rules (Rule 296 of total 402) .... done (Time = 0.00s, Memory = 0.0K)
Checking Rule Reset_check12 (Rule 297 of total 402) .... done (Time = 0.00s, Memory = 0.0K)
Checking Rule Ar_sync_init (Rule 298 of total 402) .... done (Time = 0.00s, Memory = 4.0K)
Checking Rule _constrCoverage (Rule 299 of total 402) .... done (Time = 0.00s, Memory = 16.0K)
Checking Rule Clock_info15 (Rule 300 of total 402) .... done (Time = 0.00s, Memory = 0.8K)
Checking Rule Reset_check10 (Rule 301 of total 402) .... done (Time = 0.00s, Memory = 56.0K)
Checking Rule Reset_sync02 (Rule 302 of total 402) .... done (Time = 0.00s, Memory = -2.4K)
Checking Rule SGDC_clockreset02 (Rule 303 of total 402) .... done (Time = 0.00s, Memory = 0.0K)
Checking Rule Param_clockreset02 (Rule 304 of total 402) .... done (Time = 0.00s, Memory = 0.0K)
Checking Rule Param_clockreset04 (Rule 305 of total 402) .... done (Time = 0.00s, Memory = 5.2K)
Checking Rule Setup_clockreset01 (Rule 306 of total 402) .... done (Time = 0.00s, Memory = 0.0K)
Checking Rule Clock_check07 (Rule 307 of total 402) .... done (Time = 0.00s, Memory = 5.8K)
Checking Rule Clock_check10 (Rule 308 of total 402) .... done (Time = 0.00s, Memory = -1.5K)
Checking Rule Reset_check08 (Rule 309 of total 402) .... done (Time = 0.00s, Memory = 0.0K)
Checking Rule Clock_converge01 (Rule 310 of total 402) .... done (Time = 0.00s, Memory = 3.1K)
Checking Rule Ar_converge01 (Rule 311 of total 402) .... done (Time = 0.00s, Memory = 0.0K)
Checking Rule SGDC_noclockcell_start01 (Rule 312 of total 402) .... done (Time = 0.00s, Memory = 0.0K)
Checking Rule Ac_initseq01 (Rule 313 of total 402) .... done (Time = 0.00s, Memory = 0.0K)
Checking Rule Ac_init01 (Rule 314 of total 402) .... done (Time = 0.00s, Memory = 6.2K)
Checking Rule _ac_Auxi01 (Rule 315 of total 402) .... done (Time = 0.00s, Memory = 0.0K)
Checking Rule Ac_sanity02 (Rule 316 of total 402) .... done (Time = 0.00s, Memory = 0.0K)
Checking Rule _glitch_init (Rule 317 of total 402) .... done (Time = 0.00s, Memory = 0.0K)
Checking Rule Ac_initstate01 (Rule 318 of total 402) .... done (Time = 0.00s, Memory = 0.0K)
Checking Rule Ac_conv02 (Rule 319 of total 402) .... done (Time = 0.00s, Memory = 0.0K)
Checking Rule Ac_conv02setup01 (Rule 320 of total 402) .... done (Time = 0.00s, Memory = 0.0K)
Checking Rule Ac_conv01 (Rule 321 of total 402) .... done (Time = 0.00s, Memory = 1.9K)
Checking Rule Ac_conv03 (Rule 322 of total 402) .... done (Time = 0.00s, Memory = 0.0K)
Checking Rule Ac_conv04 (Rule 323 of total 402) .... done (Time = 0.00s, Memory = 0.0K)
Checking Rule Ac_cdc01a (Rule 324 of total 402) .... done (Time = 0.00s, Memory = 0.0K)
Checking Rule Ac_datahold01a (Rule 325 of total 402) .... done (Time = 0.00s, Memory = -8.0K)
Checking Rule Ac_abs01 (Rule 326 of total 402) .... done (Time = 0.00s, Memory = -32.0K)
Checking Rule Ac_glitch03 (Rule 327 of total 402) .... done (Time = 0.00s, Memory = 5.8K)
Checking Rule Ac_clockperiod01 (Rule 328 of total 402) .... done (Time = 0.00s, Memory = 0.0K)
Checking Rule Ac_clockperiod02 (Rule 329 of total 402) .... done (Time = 0.00s, Memory = 0.0K)
Checking Rule Ac_clockperiod03 (Rule 330 of total 402) .... done (Time = 0.00s, Memory = 15.8K)
Checking Rule Ac_report01 (Rule 331 of total 402) .... done (Time = 0.00s, Memory = 0.0K)
Checking Rule AllowComboLogicSetup (Rule 332 of total 402) .... done (Time = 0.00s, Memory = -0.5K)
Checking Rule Ac_resetvalue01 (Rule 333 of total 402) .... done (Time = 0.00s, Memory = -0.9K)
Checking Rule Ac_upfsetup02 (Rule 334 of total 402) .... done (Time = 0.00s, Memory = 0.0K)
Checking Rule Ac_upfsetup01 (Rule 335 of total 402) .... done (Time = 0.00s, Memory = 0.0K)
Checking Rule Ac_psync_init (Rule 336 of total 402) .... done (Time = 0.00s, Memory = -3.0K)
Checking Rule Ac_psetup01 (Rule 337 of total 402) .... done (Time = 0.00s, Memory = 0.0K)
Checking Rule Clock_exit01 (Rule 338 of total 402) .... done (Time = 0.00s, Memory = 0.0K)
Checking Rule SGDC_reset_synchronizer02 (Rule 339 of total 402) .... done (Time = 0.00s, Memory = 0.0K)
Checking Rule SGDC_reset_synchronizer04 (Rule 340 of total 402) .... done (Time = 0.00s, Memory = 0.0K)
Checking Rule SGDC_reset_synchronizer06 (Rule 341 of total 402) .... done (Time = 0.00s, Memory = 0.0K)
Checking Rule SGDC_reset_synchronizer08 (Rule 342 of total 402) .... done (Time = 0.00s, Memory = -33.2K)
Checking Rule SGDC_reset_synchronizer10 (Rule 343 of total 402) .... done (Time = 0.00s, Memory = -1.9K)
Checking Rule AnalyzeBBox (Rule 344 of total 402) .... done (Time = 0.00s, Memory = -2.0K)
Checking Rule ReportCheckDataSummary (Rule 345 of total 402) .... done (Time = 0.00s, Memory = 0.0K)

Generating data for Console...

SpyGlass Rule Checking Complete.

Generating moresimple report from './lint_cdc/sys_top/cdc/cdc_verify/spyglass.vdb' to './lint_cdc/sys_top/cdc/cdc_verify/spyglass_reports/moresimple.rpt' ....

Generating runsummary report from './lint_cdc/sys_top/cdc/cdc_verify/spyglass.vdb' ....

Generating no_msg_reporting_rules report from './lint_cdc/sys_top/cdc/cdc_verify/spyglass.vdb' to './lint_cdc/sys_top/cdc/cdc_verify/spyglass_reports/no_msg_reporting_rules.rpt' ....

Generating CDC-report report from './lint_cdc/sys_top/cdc/cdc_verify/spyglass.vdb' to './lint_cdc/sys_top/cdc/cdc_verify/spyglass_reports/CDC-report.rpt' ....

Generating CKSGDCInfo report from './lint_cdc/sys_top/cdc/cdc_verify/spyglass.vdb' to './lint_cdc/sys_top/cdc/cdc_verify/spyglass_reports/CKSGDCInfo.rpt' ....

Generating RSTree report from './lint_cdc/sys_top/cdc/cdc_verify/spyglass.vdb' to './lint_cdc/sys_top/cdc/cdc_verify/spyglass_reports/RSTree.rpt' ....

Generating CKTree report from './lint_cdc/sys_top/cdc/cdc_verify/spyglass.vdb' to './lint_cdc/sys_top/cdc/cdc_verify/spyglass_reports/CKTree.rpt' ....

Policy specific data (reports) are present in the directory './lint_cdc/sys_top/cdc/cdc_verify/spyglass_reports'.

SpyGlass critical reports for the current run are present in directory './lint_cdc/consolidated_reports/sys_top_cdc_cdc_verify/'.

---------------------------------------------------------------------------------------------
Results Summary:
---------------------------------------------------------------------------------------------
   Goal Run           :      cdc/cdc_verify
   Command-line read  :      0 error,      0 warning,      1 information message 
   Design Read        :      0 error,      0 warning,      3 information messages
      Found 1 top module:
         sys_top   (file: ../rtl/System_Top/SYS_TOP_dft.v)

   Blackbox Resolution:      0 error,      0 warning,      0 information message 
   SGDC Checks        :      0 error,      0 warning,      0 information message 
** Policy clock-reset :     11 errors,     2 warnings,     1 information message 
   -------------------------------------------------------------------------------------
   Total              :     11 errors,     2 warnings,     5 information messages

  Total Number of Generated Messages     :        18 (11 errors, 2 warnings, 5 Infos)
  Number of Reported Messages            :        18 (11 errors, 2 warnings, 5 Infos)

  NOTE: It is recommended to first fix/reconcile fatals/errors reported on
        lines starting with ** as subsequent issues might be related to it.
        Please re-run SpyGlass once ** prefixed lines are fatal/error clean.

---------------------------------------------------------------------------------------------


run_goal: info: updating spyglass.log with goal summary
---------------------------------------------------------------------------------------------------
Results Summary:
---------------------------------------------------------------------------------------------------
   Goal Run           :      cdc/cdc_verify
   Top Module         :      sys_top
---------------------------------------------------------------------------------------------------
   Reports Directory: 
   /home/ICer/UART_System/Spyglass2/lint_cdc/consolidated_reports/sys_top_cdc_cdc_verify/ 

   SpyGlass LogFile: 
    /home/ICer/UART_System/Spyglass2/lint_cdc/sys_top/cdc/cdc_verify/spyglass.log 

   Standard Reports: 
     moresimple.rpt          no_msg_reporting_rules.rpt       

   HTML report:
    /home/ICer/UART_System/Spyglass2/lint_cdc/html_reports/goals_summary.html
  

   Technology Reports:    CDC( Advance CDC - CDC Verification )
     CDC-report.rpt          CKSGDCInfo.rpt          RSTree.rpt      
     CKTree.rpt        
   
---------------------------------------------------------------------------------------------------
   Goal Violation Summary:
       Waived   Messages:                      0 Errors,      0 Warnings,      0 Infos
       Reported Messages:         0 Fatals,   11 Errors,      2 Warnings,      5 Infos
---------------------------------------------------------------------------------------------------
   
   Technology Summary: CDC( Advance CDC )   
       Unsynchronized crossings= 0
       Convergences= 0
---------------------------------------------------------------------------------------------------
 
run_goal: info: spyglass.log successfully updated with goal summary
0 {Rule-checking completed with errors}current_goal: warning: design query data not saved for last active goal `cdc/cdc_verify'
                       (use `save_goal' command or enable `auto_save' option to save design query data for subsequent goals)
current_goal: info: loading goal `lint/lint_rtl' with top `sys_top' (in progress)
current_goal: info: finished loading goal `lint/lint_rtl' (ok)
./spyglass-1/sys_top/lint/lint_rtl/spyglass-1_waiver_file.awl Reading waiver file "./lint_cdc/sys_top/lint/lint_rtl/spyglass_spysch/waiver/pragma2Waiver.swl" ...
 Reading included SGDC file "./lint_cdc/sys_top/lint/lint_rtl/spyglass_spysch/waiver/pragma2Waiver_varfile.swl" ....
current_goal: info: loading goal `cdc/cdc_setup_check' with top `sys_top' (in progress)
current_goal: info: finished loading goal `cdc/cdc_setup_check' (ok)
 Reading waiver file "./lint_cdc/sys_top/cdc/cdc_setup_check/spyglass_spysch/waiver/pragma2Waiver.swl" ...
 Reading included SGDC file "./lint_cdc/sys_top/cdc/cdc_setup_check/spyglass_spysch/waiver/pragma2Waiver_varfile.swl" ....

INFO:    SpyGlass will run goal(s) 'cdc/cdc_setup_check'.


 Auto-compiling gates libraries

        "../System_pnr/std_cells/libs/scmetro_tsmc_cl013g_rvt_ss_1p08v_125c.lib"
        "../System_pnr/std_cells/libs/scmetro_tsmc_cl013g_rvt_tt_1p2v_25c.lib"
        "../System_pnr/std_cells/libs/scmetro_tsmc_cl013g_rvt_ff_1p32v_m40c.lib"
    to
        "./lint_cdc/spyglass_cache/autogenerated_sglib/aggregate.sglib" ...already compiled

 Using this already compiled sglib for the current run ...

RULE-CHECKING IN MIXED MODE
Loading spyglass (SpyGlass_vL-2016.06) ... (picked from /home/synopsys/SpyGlass-L2016.06/SPYGLASS_HOME/policies/spyglass)
Loading clock-reset (SpyGlass_vL-2016.06) ... (picked from /home/synopsys/SpyGlass-L2016.06/SPYGLASS_HOME/policies/clock)
Reading specified sglib files(s) ....
   Processing library: 'scmetro_tsmc_cl013g_rvt_ss_1p08v_125c' .... done
   Processing library: 'scmetro_tsmc_cl013g_rvt_tt_1p2v_25c' .... done
   Processing library: 'scmetro_tsmc_cl013g_rvt_ff_1p32v_m40c' .... done
Checking Rule AutoGenerateSglib (Rule 1 of total 371) .... done (Time = 0.00s, Memory = 0.0K)

INFO [76]    Using `./lint_cdc/sys_top/WORK/64' as the Work Directory for 64bit precompiled dump.
Checking Rule Param_clockreset07 (Rule 2 of total 371) .... done (Time = 0.00s, Memory = 1.6K)
Checking Rule Clock_setup01 (Rule 3 of total 371) .... done (Time = 0.01s, Memory = 38.3K)
Checking Rule Param_clockreset06 (Rule 4 of total 371) .... done (Time = 0.00s, Memory = 0.0K)
Checking Rule SGDC_meta_monitor_attributes01 (Rule 5 of total 371) .... done (Time = 0.00s, Memory = 0.0K)
Checking Rule LP_POWERDATA_CHECK (Rule 6 of total 371) .... done (Time = 0.00s, Memory = 0.0K)
Checking Rule LP_POWERDATA_READ (Rule 7 of total 371) .... done (Time = 0.00s, Memory = 0.0K)
Checking Rule PrecompileLibCheck01 (Rule 8 of total 371) .... done (Time = 0.00s, Memory = 0.0K)
Checking Rule PrecompileLibCheck02 (Rule 9 of total 371) .... done (Time = 0.00s, Memory = 0.0K)
Checking Rule PrecompileLibCheck03 (Rule 10 of total 371) .... done (Time = 0.00s, Memory = 0.0K)
Checking Rule PrecompileLibCheck04 (Rule 11 of total 371) .... done (Time = 0.00s, Memory = 0.0K)
Checking Rule ElabSummary (Rule 12 of total 371) .... done (Time = 0.00s, Memory = 31.4K)
Checking Rule ReportSglibVersionSummary (Rule 13 of total 371) .... done (Time = 0.00s, Memory = 0.0K)
Checking Rule SGDC_assume_path01 (Rule 14 of total 371) .... done (Time = 0.00s, Memory = 4.0K)
Checking Rule SGDC_sdcschema02 (Rule 15 of total 371) .... done (Time = 0.00s, Memory = -24.1K)
Checking Rule SGDC_clock05 (Rule 16 of total 371) .... done (Time = 0.00s, Memory = -6.0K)
Checking Rule SGDC_clock09 (Rule 17 of total 371) .... done (Time = 0.00s, Memory = -32.0K)
Checking Rule SGDC_force_ta05 (Rule 18 of total 371) .... done (Time = 0.00s, Memory = 0.0K)
Checking Rule SGDC_require_path03 (Rule 19 of total 371) .... done (Time = 0.00s, Memory = 0.0K)
Checking Rule SGDC_require_value03 (Rule 20 of total 371) .... done (Time = 0.00s, Memory = 7.5K)
Checking Rule SGDC_voltagedomain05 (Rule 21 of total 371) .... done (Time = 0.00s, Memory = 4.9K)
Checking Rule SGDC_voltagedomain06 (Rule 22 of total 371) .... done (Time = 0.00s, Memory = 0.0K)
Checking Rule SGDC_voltagedomain07 (Rule 23 of total 371) .... done (Time = 0.00s, Memory = 0.0K)
Checking Rule SGDC_powerdomainoutputs02 (Rule 24 of total 371) .... done (Time = 0.00s, Memory = 32.0K)
Checking Rule SGDC_supply01 (Rule 25 of total 371) .... done (Time = 0.00s, Memory = 7.5K)
Checking Rule SGDC_waive01 (Rule 26 of total 371) .... done (Time = 0.00s, Memory = 0.0K)
Checking Rule SGDC_waive02 (Rule 27 of total 371) .... done (Time = 0.00s, Memory = 0.0K)
Checking Rule SGDC_waive03 (Rule 28 of total 371) .... done (Time = 0.00s, Memory = 0.0K)
Checking Rule SGDC_waive04 (Rule 29 of total 371) .... done (Time = 0.00s, Memory = 0.0K)
Checking Rule SGDC_waive05 (Rule 30 of total 371) .... done (Time = 0.00s, Memory = -0.9K)
Checking Rule SGDC_waive06 (Rule 31 of total 371) .... done (Time = 0.00s, Memory = 0.0K)
Checking Rule SGDC_waive07 (Rule 32 of total 371) .... done (Time = 0.00s, Memory = 8.0K)
Checking Rule SGDC_waive08 (Rule 33 of total 371) .... done (Time = 0.00s, Memory = -0.4K)
Checking Rule SGDC_waive09 (Rule 34 of total 371) .... done (Time = 0.00s, Memory = 0.0K)
Checking Rule SGDC_waive10 (Rule 35 of total 371) .... done (Time = 0.00s, Memory = 0.0K)
Checking Rule SGDC_waive11 (Rule 36 of total 371) .... done (Time = 0.00s, Memory = 0.0K)
Checking Rule SGDC_waive12 (Rule 37 of total 371) .... done (Time = 0.00s, Memory = 0.0K)
Checking Rule SGDC_waive13 (Rule 38 of total 371) .... done (Time = 0.00s, Memory = 0.0K)
Checking Rule SGDC_waive21 (Rule 39 of total 371) .... done (Time = 0.00s, Memory = 0.0K)
Checking Rule SGDC_waive22 (Rule 40 of total 371) .... done (Time = 0.00s, Memory = 0.0K)
Checking Rule SGDC_waive30 (Rule 41 of total 371) .... done (Time = 0.00s, Memory = 0.0K)
Checking Rule SGDC_waive32 (Rule 42 of total 371) .... done (Time = 0.00s, Memory = 0.0K)
Checking Rule SGDC_waive33 (Rule 43 of total 371) .... done (Time = 0.00s, Memory = 0.0K)
Checking Rule SGDC_waive36 (Rule 44 of total 371) .... done (Time = 0.00s, Memory = 0.0K)
Checking Rule SGDC_waive38 (Rule 45 of total 371) .... done (Time = 0.00s, Memory = 0.0K)
Checking Rule SGDC_fifo01 (Rule 46 of total 371) .... done (Time = 0.00s, Memory = 7.5K)
Checking Rule SGDC_libgroup01 (Rule 47 of total 371) .... done (Time = 0.00s, Memory = 0.0K)
Checking Rule SGDC_libgroup02 (Rule 48 of total 371) .... done (Time = 0.00s, Memory = 0.0K)
Checking Rule SGDC_libgroup04 (Rule 49 of total 371) .... done (Time = 0.00s, Memory = 7.5K)
Checking Rule SGDC_power_data01 (Rule 50 of total 371) .... done (Time = 0.00s, Memory = 0.0K)
Checking Rule SGDC_ungroup01 (Rule 51 of total 371) .... done (Time = 0.00s, Memory = 7.5K)
Checking Rule SGDC_abstract_port06 (Rule 52 of total 371) .... done (Time = 0.00s, Memory = 0.0K)
Checking Rule SGDC_abstract_port14 (Rule 53 of total 371) .... done (Time = 0.00s, Memory = 7.5K)
Checking Rule SGDC_abstract_port15 (Rule 54 of total 371) .... done (Time = 0.00s, Memory = 0.0K)
Checking Rule SGDC_abstract_port18 (Rule 55 of total 371) .... done (Time = 0.00s, Memory = 8.3K)
Checking Rule sdc_init_rule (Rule 56 of total 371) .... done (Time = 0.00s, Memory = 0.0K)
Checking Rule CMD_ignorelibs01 (Rule 57 of total 371) .... done (Time = 0.00s, Memory = 0.0K)
Checking Rule ReportRuleNotRun (Rule 58 of total 371) .... done (Time = 0.00s, Memory = 0.0K)
Checking Rule SGDC_generated_clock03 (Rule 59 of total 371) .... done (Time = 0.00s, Memory = 0.0K)
Checking Rule SGDC_generated_clock04 (Rule 60 of total 371) .... done (Time = 0.00s, Memory = 11.5K)
Checking Rule SGDC_generated_clock05 (Rule 61 of total 371) .... done (Time = 0.00s, Memory = 0.0K)
Checking Rule SGDC_quasi_static_style02 (Rule 62 of total 371) .... done (Time = 0.00s, Memory = 8.1K)
Checking Rule SGDC_syncresetstyle01 (Rule 63 of total 371) .... done (Time = 0.00s, Memory = 0.0K)
Checking Rule SGDC_network_allowed_cells01 (Rule 64 of total 371) .... done (Time = 0.00s, Memory = 11.5K)
Checking Rule SGDC_numflops01 (Rule 65 of total 371) .... done (Time = 0.00s, Memory = -0.4K)
Checking Rule SGDC_numflops07 (Rule 66 of total 371) .... done (Time = 0.00s, Memory = -2.5K)
Checking Rule SGDC_numflops08 (Rule 67 of total 371) .... done (Time = 0.00s, Memory = 4.0K)
Checking Rule SGDC_numflops09 (Rule 68 of total 371) .... done (Time = 0.00s, Memory = 7.5K)
Checking Rule SGDC_clocksense04 (Rule 69 of total 371) .... done (Time = 0.00s, Memory = 0.0K)
Checking Rule SGDC_check_clock_relation05a (Rule 70 of total 371) .... done (Time = 0.00s, Memory = 0.0K)
Checking Rule SGDC_check_clock_relation05b (Rule 71 of total 371) .... done (Time = 0.00s, Memory = 7.5K)
Checking Rule SGDC_sync_cell08a (Rule 72 of total 371) .... done (Time = 0.00s, Memory = 11.5K)
Checking Rule SGDC_sync_cell09a (Rule 73 of total 371) .... done (Time = 0.00s, Memory = 0.0K)
Checking Rule SGDC_qualifier06 (Rule 74 of total 371) .... done (Time = 0.00s, Memory = 28.0K)
Checking Rule SGDC_cdc_waive03 (Rule 75 of total 371) .... done (Time = 0.00s, Memory = 8.0K)
Checking Rule SGDC_qualifier09 (Rule 76 of total 371) .... done (Time = 0.00s, Memory = 0.5K)
Checking Rule SGDC_qualifier15 (Rule 77 of total 371) .... done (Time = 0.00s, Memory = 9.9K)
Checking Rule SGDC_allow_combo_logic01 (Rule 78 of total 371) .... done (Time = 0.00s, Memory = 0.0K)
Checking Rule SGDC_reset_filter_path01 (Rule 79 of total 371) .... done (Time = 0.00s, Memory = -24.0K)
Checking Rule SGDC_cdc_false_path05 (Rule 80 of total 371) .... done (Time = 0.00s, Memory = -25.0K)
Checking Rule Param_clockreset05 (Rule 81 of total 371) .... done (Time = 0.00s, Memory = 0.0K)
Checking Rule Ac_sanity01 (Rule 82 of total 371) .... done (Time = 0.00s, Memory = 8.0K)
Checking Rule Ac_sanity06 (Rule 83 of total 371) .... done (Time = 0.00s, Memory = 5.7K)
Checking Rule Ac_license01 (Rule 84 of total 371) .... done (Time = 0.00s, Memory = 0.0K)
Checking Rule SGDC_reset_synchronizer07 (Rule 85 of total 371) .... done (Time = 0.00s, Memory = 0.0K)
 Reading waiver file "./lint_cdc/sys_top/cdc/cdc_setup_check/spyglass_spysch/waiver/pragma2Waiver.swl" ...
 Reading included SGDC file "./lint_cdc/sys_top/cdc/cdc_setup_check/spyglass_spysch/waiver/pragma2Waiver_varfile.swl" ....
Checking Rule ReportStopSummary (Rule 86 of total 371) .... done (Time = 0.00s, Memory = 0.0K)
Checking Rule ReportIgnoreSummary (Rule 87 of total 371) .... done (Time = 0.00s, Memory = -32.0K)

INFO [235]    Restoring design database from directory './lint_cdc/sys_top/.SG_SaveRestoreDB/autogenerated__default_snapshot' ...
              done

Checking Rule InferBlackBox (Rule 88 of total 371) .... done (Time = 0.00s, Memory = 0.0K)
Checking Rule SGDC_waive37 (Rule 89 of total 371) .... done (Time = 0.00s, Memory = 0.0K)
Checking Rule SGDC_waive24 (Rule 90 of total 371) .... done (Time = 0.00s, Memory = 0.0K)
Checking Rule SGDC_waive25 (Rule 91 of total 371) .... done (Time = 0.00s, Memory = 0.0K)
Checking Rule SGDC_waive31 (Rule 92 of total 371) .... done (Time = 0.00s, Memory = 0.0K)
Checking Rule SGDC_waive35 (Rule 93 of total 371) .... done (Time = 0.00s, Memory = 0.0K)
Checking Rule ReportSglibSummary (Rule 94 of total 371) .... done (Time = 0.00s, Memory = 0.0K)
Checking Rule DetectTopDesignUnits (Rule 95 of total 371)
 Detected 1 top level design units:
     sys_top
 .... done (Time = 0.00s, Memory = 0.0K)
Checking Rule GenerateConfMap (Rule 96 of total 371) .... done (Time = 0.00s, Memory = -0.6K)
Checking Rule Pragma_setupa for module CLK_GATE (Rule 97 of total 371) .... done (Time = 0.00s, Memory = 0.0K)
Checking Rule Pragma_setupa for module RST_SYNCH (Rule 97 of total 371) .... done (Time = 0.00s, Memory = 0.0K)
Checking Rule Pragma_setupa for module clk_div (Rule 97 of total 371) .... done (Time = 0.00s, Memory = 0.0K)
Checking Rule Pragma_setupa for module DeSerializer (Rule 97 of total 371) .... done (Time = 0.00s, Memory = 0.0K)
Checking Rule Pragma_setupa for module Data_sampling (Rule 97 of total 371) .... done (Time = 0.00s, Memory = 0.0K)
Checking Rule Pragma_setupa for module Edge_Bit_Counter (Rule 97 of total 371) .... done (Time = 0.00s, Memory = 0.0K)
Checking Rule Pragma_setupa for module Parity_chk (Rule 97 of total 371) .... done (Time = 0.00s, Memory = 0.0K)
Checking Rule Pragma_setupa for module Strt_chk (Rule 97 of total 371) .... done (Time = 0.00s, Memory = 0.0K)
Checking Rule Pragma_setupa for module stp_chk (Rule 97 of total 371) .... done (Time = 0.00s, Memory = 0.0K)
Checking Rule Pragma_setupa for module RX_FSM (Rule 97 of total 371) .... done (Time = 0.00s, Memory = 0.0K)
Checking Rule Pragma_setupa for module RX_TOP (Rule 97 of total 371) .... done (Time = 0.00s, Memory = 0.0K)
Checking Rule Pragma_setupa for module MUX (Rule 97 of total 371) .... done (Time = 0.00s, Memory = 0.0K)
Checking Rule Pragma_setupa for module parity (Rule 97 of total 371) .... done (Time = 0.00s, Memory = 0.0K)
Checking Rule Pragma_setupa for module TX_FSM (Rule 97 of total 371) .... done (Time = 0.00s, Memory = 0.0K)
Checking Rule Pragma_setupa for module serializer (Rule 97 of total 371) .... done (Time = 0.00s, Memory = 0.0K)
Checking Rule Pragma_setupa for module TX_TOP (Rule 97 of total 371) .... done (Time = 0.00s, Memory = 0.0K)
Checking Rule Pragma_setupa for module UART (Rule 97 of total 371) .... done (Time = 0.00s, Memory = 0.0K)
Checking Rule Pragma_setupa for module Data_Synch (Rule 97 of total 371) .... done (Time = 0.00s, Memory = 0.0K)
Checking Rule Pragma_setupa for module SYS_CTRL (Rule 97 of total 371) .... done (Time = 0.00s, Memory = 0.0K)
Checking Rule Pragma_setupa for module Register (Rule 97 of total 371) .... done (Time = 0.00s, Memory = 0.0K)
Checking Rule Pragma_setupa for module ALU (Rule 97 of total 371) .... done (Time = 0.00s, Memory = 0.0K)
Checking Rule Pragma_setupa for module FIFO_RD (Rule 97 of total 371) .... done (Time = 0.00s, Memory = 0.0K)
Checking Rule Pragma_setupa for module FIFO_WR (Rule 97 of total 371) .... done (Time = 0.00s, Memory = 0.0K)
Checking Rule Pragma_setupa for module DF_SYNC (Rule 97 of total 371) .... done (Time = 0.00s, Memory = 0.0K)
Checking Rule Pragma_setupa for module FIFO_MEM_CNTRL (Rule 97 of total 371) .... done (Time = 0.00s, Memory = 0.0K)
Checking Rule Pragma_setupa for module FIFO_TOP (Rule 97 of total 371) .... done (Time = 0.00s, Memory = 0.0K)
Checking Rule Pragma_setupa for module PULSE_GEN (Rule 97 of total 371) .... done (Time = 0.00s, Memory = 0.0K)
Checking Rule Pragma_setupa for module sys_top (Rule 97 of total 371) .... done (Time = 0.00s, Memory = 0.0K)
Performing semantic checks on SGDC contents
Checking Rule SGDC_testmode03 (Rule 98 of total 371) .... done (Time = 0.00s, Memory = 11.1K)
Checking Rule Pragma_setupb (Rule 99 of total 371) .... done (Time = 0.00s, Memory = 0.0K)
Checking Rule _vhMeta01 (Rule 100 of total 371) .... done (Time = 0.00s, Memory = 0.0K)
Checking Rule _meta_delay01 (Rule 101 of total 371) .... done (Time = 0.00s, Memory = 0.0K)
Checking Rule CheckCelldefine (Rule 102 of total 371) .... done (Time = 0.00s, Memory = 0.0K)
Checking Rule checkSGDC_01 (Rule 103 of total 371) .... done (Time = 0.00s, Memory = 0.0K)
Checking Rule checkSGDC_03 (Rule 104 of total 371) .... done (Time = 0.00s, Memory = 1.6K)
Checking Rule checkSGDC_08 (Rule 105 of total 371) .... done (Time = 0.00s, Memory = 4.7K)
Checking Rule SGDC_memorywritepin04 (Rule 106 of total 371) .... done (Time = 0.00s, Memory = 0.0K)
Checking Rule SGDC_reset02 (Rule 107 of total 371) .... done (Time = 0.00s, Memory = 0.0K)
Checking Rule SGDC_reset03 (Rule 108 of total 371) .... done (Time = 0.00s, Memory = 7.5K)
Checking Rule SGDC_waive23 (Rule 109 of total 371) .... done (Time = 0.00s, Memory = 0.0K)
Checking Rule SGDC_waive26 (Rule 110 of total 371) .... done (Time = 0.00s, Memory = 0.0K)
Checking Rule SGDC_waive27 (Rule 111 of total 371) .... done (Time = 0.00s, Memory = 0.0K)
Checking Rule SGDC_waive29 (Rule 112 of total 371) .... done (Time = 0.00s, Memory = 0.0K)
Checking Rule SGDC_libgroup03 (Rule 113 of total 371) .... done (Time = 0.00s, Memory = -8.0K)
Checking Rule SGDC_ungroup02 (Rule 114 of total 371) .... done (Time = 0.00s, Memory = -32.0K)
Checking Rule _abstractPortSGDC (Rule 115 of total 371) .... done (Time = 0.00s, Memory = 0.0K)
Checking Rule SGDC_abstract_port03 (Rule 116 of total 371) .... done (Time = 0.00s, Memory = 27.6K)
Checking Rule SGDC_abstract_port04 (Rule 117 of total 371) .... done (Time = 0.00s, Memory = 0.0K)
Checking Rule SGDC_abstract_port05 (Rule 118 of total 371) .... done (Time = 0.00s, Memory = 32.0K)
Checking Rule SGDC_abstract_port07 (Rule 119 of total 371) .... done (Time = 0.00s, Memory = 0.0K)
Checking Rule SGDC_abstract_port08 (Rule 120 of total 371) .... done (Time = 0.00s, Memory = 0.0K)
Checking Rule SGDC_abstract_port10 (Rule 121 of total 371) .... done (Time = 0.00s, Memory = -2.0K)
Checking Rule SGDC_abstract_port11 (Rule 122 of total 371) .... done (Time = 0.00s, Memory = 0.0K)
Checking Rule SGDC_abstract_port12 (Rule 123 of total 371) .... done (Time = 0.00s, Memory = 0.0K)
Checking Rule SGDC_abstract_port13 (Rule 124 of total 371) .... done (Time = 0.00s, Memory = 30.8K)
Checking Rule _cdc_save_license01 (Rule 125 of total 371) .... done (Time = 0.00s, Memory = -7.8K)
Checking Rule syncRstReq (Rule 126 of total 371) .... done (Time = 0.00s, Memory = 0.0K)
Checking Rule syncRstReq (Rule 127 of total 371) .... done (Time = 0.00s, Memory = -32.0K)
Checking Rule _syncResetStyleRTL (Rule 128 of total 371) .... done (Time = 0.00s, Memory = -16.5K)
Checking Rule _deltaDelay (Rule 129 of total 371) .... done (Time = 0.00s, Memory = 0.0K)
Checking Rule _deltaDelay (Rule 130 of total 371) .... done (Time = 0.00s, Memory = 0.0K)
Checking Rule _deltaDelayNom (Rule 131 of total 371) .... done (Time = 0.00s, Memory = -4.7K)
Checking Rule Ac_multitop01 (Rule 132 of total 371) .... done (Time = 0.00s, Memory = -1.7K)
Checking Rule AcOvlRtl (Rule 133 of total 371) .... done (Time = 0.00s, Memory = 0.0K)
Checking Rule AcOvlRtl (Rule 134 of total 371) .... done (Time = 0.00s, Memory = -0.7K)
Checking Rule Ac_svasetup01 (Rule 135 of total 371) .... done (Time = 0.00s, Memory = 0.0K)
Checking Rule ReportUngroup (Rule 136 of total 371) .... done (Time = 0.00s, Memory = 0.0K)
Checking Rule SGDC_allow_combo_logic02 (Rule 137 of total 371) .... done (Time = 0.00s, Memory = 0.0K)
Checking Rule _portRetenClocknReset (Rule 138 of total 371) .... done (Time = 0.00s, Memory = 0.0K)
Checking Rule _portReten (Rule 139 of total 371) .... done (Time = 0.00s, Memory = 0.0K)
Checking Rule SGDC_meta_design_hier01 (Rule 140 of total 371) .... done (Time = 0.00s, Memory = 0.0K)
Checking Rule LP_POWERDATA_INFO (Rule 141 of total 371) .... done (Time = 0.00s, Memory = 0.0K)
Checking Rule SGDC_abstract_port21 (Rule 142 of total 371) .... done (Time = 0.00s, Memory = 24.0K)
Checking Rule SGDC_input02 (Rule 143 of total 371) .... done (Time = 0.00s, Memory = 0.0K)
Checking Rule SGDC_input03 (Rule 144 of total 371) .... done (Time = 0.00s, Memory = 4.0K)
Checking Rule SGDC_output02 (Rule 145 of total 371) .... done (Time = 0.00s, Memory = 0.0K)
Checking Rule SGDC_output04 (Rule 146 of total 371) .... done (Time = 0.00s, Memory = -0.9K)
Checking Rule SGDC_numflops03a (Rule 147 of total 371) .... done (Time = 0.00s, Memory = -7.1K)
Checking Rule SGDC_numflops03b (Rule 148 of total 371) .... done (Time = 0.00s, Memory = -1.2K)
Checking Rule SGDC_numflops12 (Rule 149 of total 371) .... done (Time = 0.00s, Memory = 0.0K)
Checking Rule SGDC_sync_cell02b (Rule 150 of total 371) .... done (Time = 0.00s, Memory = 32.0K)
Checking Rule SGDC_sync_cell11 (Rule 151 of total 371) .... done (Time = 0.00s, Memory = 2.8K)
Checking Rule SGDC_qualifier02c (Rule 152 of total 371) .... done (Time = 0.00s, Memory = 0.0K)
Checking Rule SGDC_qualifier03c (Rule 153 of total 371) .... done (Time = 0.00s, Memory = 0.0K)
Checking Rule LPwrRulesSetup (Rule 154 of total 371) .... done (Time = 0.00s, Memory = 0.0K)
 Flattening sys_top (.lib instances separately flattened) ....
 Flattening completed
Checking Rule SGDC_quasi_static_style01 (Rule 155 of total 371) .... done (Time = 0.00s, Memory = 0.0K)
Checking Rule SignalTypeSetup (Rule 156 of total 371) .... done (Time = 0.00s, Memory = 5.4K)
Checking Rule _allowInst (Rule 157 of total 371) .... done (Time = 0.00s, Memory = 16.0K)
Checking Rule _ipblock (Rule 158 of total 371) .... done (Time = 0.00s, Memory = 0.0K)
Checking Rule _rstSyncCellInst (Rule 159 of total 371) .... done (Time = 0.00s, Memory = 1.5K)
Checking Rule _syncCellDelayedQualifier (Rule 160 of total 371) .... done (Time = 0.00s, Memory = 0.0K)
Checking Rule _repeaterCellInst (Rule 161 of total 371) .... done (Time = 0.00s, Memory = 0.0K)
Checking Rule _abstract_port (Rule 162 of total 371) .... done (Time = 0.00s, Memory = -14.2K)
Checking Rule Clock_setup02 (Rule 163 of total 371) .... done (Time = 0.00s, Memory = 13.4K)
Checking Rule Clockmatrix01 (Rule 164 of total 371) .... done (Time = 0.00s, Memory = -0.2K)
Checking Rule Clock_prop (Rule 165 of total 371) .... done (Time = 0.00s, Memory = 14.4K)
Checking Rule Reset_prop (Rule 166 of total 371) .... done (Time = 0.00s, Memory = 6.4K)
Checking Rule SGDC_generated_clock06 (Rule 167 of total 371) .... done (Time = 0.00s, Memory = 0.0K)
Checking Rule Propagate_Clocks (Rule 168 of total 371) .... done (Time = 0.00s, Memory = 531.2K)
Checking Rule _syncreset_prop (Rule 169 of total 371) .... done (Time = 0.00s, Memory = 0.0K)
Checking Rule _syncc (Rule 170 of total 371) .... done (Time = 0.00s, Memory = 0.1K)
Checking Rule _syncb (Rule 171 of total 371) .... done (Time = 0.00s, Memory = 0.0K)
Checking Rule _resetPathCross (Rule 172 of total 371) .... done (Time = 0.00s, Memory = 0.0K)
Checking Rule FalsePathSetup (Rule 173 of total 371) .... done (Time = 0.00s, Memory = 7.8K)
Checking Rule _fifo01 (Rule 174 of total 371) .... done (Time = 0.00s, Memory = 2.4K)
Checking Rule _syncfifo (Rule 175 of total 371) .... done (Time = 0.00s, Memory = 0.0K)
Checking Rule _syncUDfifo (Rule 176 of total 371) .... done (Time = 0.00s, Memory = 8.0K)
Checking Rule _syncdw (Rule 177 of total 371) .... done (Time = 0.00s, Memory = -0.4K)
Checking Rule _syncd (Rule 178 of total 371) .... done (Time = 0.00s, Memory = -24.0K)
Checking Rule _syncg (Rule 179 of total 371) .... done (Time = 0.00s, Memory = 12.2K)
Checking Rule _sync_clock (Rule 180 of total 371) .... done (Time = 0.00s, Memory = 0.0K)
Checking Rule _sync_gp (Rule 181 of total 371) .... done (Time = 0.00s, Memory = 7.0K)
Checking Rule _sync_and (Rule 182 of total 371) .... done (Time = 0.00s, Memory = 4.7K)
Checking Rule _synci (Rule 183 of total 371) .... done (Time = 0.00s, Memory = 0.0K)
Checking Rule _sync_qualifier (Rule 184 of total 371) .... done (Time = 0.00s, Memory = 0.0K)
Checking Rule SGDC_fifo11 (Rule 185 of total 371) .... done (Time = 0.00s, Memory = 0.2K)
Checking Rule SGDC_fifo12 (Rule 186 of total 371) .... done (Time = 0.00s, Memory = 0.0K)
Checking Rule SGDC_fifo13 (Rule 187 of total 371) .... done (Time = 0.00s, Memory = 0.0K)
Checking Rule SGDC_fifo14 (Rule 188 of total 371) .... done (Time = 0.00s, Memory = 0.0K)
Checking Rule Gen_diff01 (Rule 189 of total 371) .... done (Time = 0.00s, Memory = 0.0K)
Checking Rule _debugData (Rule 190 of total 371) .... done (Time = 0.00s, Memory = 31.1K)
Checking Rule Ac_Sync_Init (Rule 191 of total 371) .... done (Time = 0.00s, Memory = 1.1K)
Checking Rule _propagate_cdcAttrib (Rule 192 of total 371) .... done (Time = 0.00s, Memory = 0.0K)
Checking Rule Ar_Cross_Init (Rule 193 of total 371) .... done (Time = 0.00s, Memory = -3.0K)
Checking Rule SGDC_cdc_define_transition01 (Rule 194 of total 371) .... done (Time = 0.00s, Memory = 0.0K)
Checking Rule UPF_lowpower08PR (Rule 195 of total 371) .... done (Time = 0.00s, Memory = 0.1K)
Checking Rule UPF_lowpower08 (Rule 196 of total 371) .... done (Time = 0.00s, Memory = 0.0K)
Checking Rule Setup_check01 (Rule 197 of total 371) .... done (Time = 0.00s, Memory = 0.0K)
Checking Rule Setup_check02 (Rule 198 of total 371) .... done (Time = 0.00s, Memory = 0.0K)
Checking Rule Info_Case_Analysis (Rule 199 of total 371) .... done (Time = 0.01s, Memory = 3.2K)
Checking Rule SGDC_set_case_analysis_LC (Rule 200 of total 371) .... done (Time = 0.00s, Memory = 0.0K)
Checking Rule SGDC_signal_in_domain02 (Rule 201 of total 371) .... done (Time = 0.00s, Memory = 0.4K)
Checking Rule SGDC_signal_in_domain04 (Rule 202 of total 371) .... done (Time = 0.00s, Memory = -0.8K)
Checking Rule SGDC_numflops03c (Rule 203 of total 371) .... done (Time = 0.00s, Memory = 32.0K)
Checking Rule SGDC_numflops04 (Rule 204 of total 371) .... done (Time = 0.00s, Memory = 0.0K)
Checking Rule SGDC_numflops05 (Rule 205 of total 371) .... done (Time = 0.00s, Memory = 0.0K)
Checking Rule SGDC_numflops06 (Rule 206 of total 371) .... done (Time = 0.00s, Memory = 0.0K)
Checking Rule SGDC_numflops11 (Rule 207 of total 371) .... done (Time = 0.00s, Memory = 0.0K)
Checking Rule SGDC_numflops13 (Rule 208 of total 371) .... done (Time = 0.00s, Memory = 0.0K)
Checking Rule SGDC_numflops14 (Rule 209 of total 371) .... done (Time = 0.00s, Memory = 0.0K)
Checking Rule SGDC_clocksense02 (Rule 210 of total 371) .... done (Time = 0.00s, Memory = 0.0K)
Checking Rule SGDC_clocksense03 (Rule 211 of total 371) .... done (Time = 0.00s, Memory = 24.0K)
Checking Rule SGDC_sgclkgroup01 (Rule 212 of total 371) .... done (Time = 0.00s, Memory = 8.0K)
Checking Rule SGDC_sgclkgroup02 (Rule 213 of total 371) .... done (Time = 0.00s, Memory = -8.0K)
Checking Rule SGDC_sgclkgroup03 (Rule 214 of total 371) .... done (Time = 0.00s, Memory = 0.0K)
Checking Rule SGDC_check_clock_relation01a (Rule 215 of total 371) .... done (Time = 0.00s, Memory = -8.0K)
Checking Rule SGDC_check_clock_relation01b (Rule 216 of total 371) .... done (Time = 0.00s, Memory = -32.0K)
Checking Rule SGDC_check_clock_relation01c (Rule 217 of total 371) .... done (Time = 0.00s, Memory = -2.0K)
Checking Rule SGDC_check_clock_relation02a (Rule 218 of total 371) .... done (Time = 0.00s, Memory = 8.0K)
Checking Rule SGDC_check_clock_relation02b (Rule 219 of total 371) .... done (Time = 0.00s, Memory = 24.0K)
Checking Rule SGDC_check_clock_relation02c (Rule 220 of total 371) .... done (Time = 0.00s, Memory = -32.0K)
Checking Rule SGDC_check_clock_relation03b (Rule 221 of total 371) .... done (Time = 0.00s, Memory = 0.0K)
Checking Rule SGDC_check_clock_relation04b (Rule 222 of total 371) .... done (Time = 0.00s, Memory = -36.0K)
Checking Rule CheckClockRelationSetup (Rule 223 of total 371) .... done (Time = 0.00s, Memory = -0.2K)
Checking Rule SGDC_gray_signals01 (Rule 224 of total 371) .... done (Time = 0.00s, Memory = 0.0K)
Checking Rule SGDC_gray_signals02 (Rule 225 of total 371) .... done (Time = 0.00s, Memory = 0.0K)
Checking Rule SGDC_gray_signals03 (Rule 226 of total 371) .... done (Time = 0.00s, Memory = 0.0K)
Checking Rule SGDC_qualifier02a (Rule 227 of total 371) .... done (Time = 0.00s, Memory = -32.0K)
Checking Rule SGDC_qualifier03a (Rule 228 of total 371) .... done (Time = 0.00s, Memory = 0.0K)
Checking Rule SGDC_qualifier04 (Rule 229 of total 371) .... done (Time = 0.00s, Memory = 0.0K)
Checking Rule SGDC_qualifier05 (Rule 230 of total 371) .... done (Time = 0.00s, Memory = 0.0K)
Checking Rule SGDC_qualifier08 (Rule 231 of total 371) .... done (Time = 0.00s, Memory = 0.0K)
Checking Rule QualifierSetup (Rule 232 of total 371) .... done (Time = 0.00s, Memory = 0.0K)
Checking Rule ResetSynchronizerSetup (Rule 233 of total 371) .... done (Time = 0.00s, Memory = 0.0K)
Checking Rule SGDC_validation_filter_path03 (Rule 234 of total 371) .... done (Time = 0.00s, Memory = 0.0K)
Checking Rule SGDC_qualifier10 (Rule 235 of total 371) .... done (Time = 0.00s, Memory = 0.0K)
Checking Rule SGDC_qualifier11 (Rule 236 of total 371) .... done (Time = 0.00s, Memory = 0.0K)
Checking Rule SGDC_qualifier12 (Rule 237 of total 371) .... done (Time = 0.00s, Memory = 0.0K)
Checking Rule SGDC_qualifier13 (Rule 238 of total 371) .... done (Time = 0.00s, Memory = 0.0K)
Checking Rule SGDC_qualifier14 (Rule 239 of total 371) .... done (Time = 0.00s, Memory = 0.0K)
Checking Rule SGDC_qualifier16 (Rule 240 of total 371) .... done (Time = 0.00s, Memory = 0.0K)
Checking Rule SGDC_qualifier18 (Rule 241 of total 371) .... done (Time = 0.00s, Memory = 0.0K)
Checking Rule SGDC_qualifier19a (Rule 242 of total 371) .... done (Time = 0.00s, Memory = 0.0K)
Checking Rule SGDC_qualifier19b (Rule 243 of total 371) .... done (Time = 0.00s, Memory = 0.0K)
Checking Rule SGDC_qualifier19c (Rule 244 of total 371) .... done (Time = 0.00s, Memory = 0.0K)
Checking Rule SGDC_qualifier20b (Rule 245 of total 371) .... done (Time = 0.00s, Memory = 32.0K)
Checking Rule SGDC_qualifier21 (Rule 246 of total 371) .... done (Time = 0.00s, Memory = -8.0K)
Checking Rule SGDC_qualifier22 (Rule 247 of total 371) .... done (Time = 0.00s, Memory = -1.8K)
Checking Rule SGDC_qualifier23 (Rule 248 of total 371) .... done (Time = 0.00s, Memory = -8.0K)
Checking Rule SGDC_virtualclock01 (Rule 249 of total 371) .... done (Time = 0.00s, Memory = -24.0K)
Checking Rule SGDC_virtualreset01 (Rule 250 of total 371) .... done (Time = 0.00s, Memory = -0.3K)
Checking Rule SGDC_abstract_port19 (Rule 251 of total 371) .... done (Time = 0.00s, Memory = 0.0K)
Checking Rule SGDC_abstract_port20 (Rule 252 of total 371) .... done (Time = 0.00s, Memory = 0.0K)
Checking Rule RFPSetup (Rule 253 of total 371) .... done (Time = 0.00s, Memory = 0.0K)
Checking Rule SGDC_reset_filter_path02a (Rule 254 of total 371) .... done (Time = 0.00s, Memory = 0.0K)
Checking Rule SGDC_reset_filter_path02b (Rule 255 of total 371) .... done (Time = 0.00s, Memory = -1.0K)
Checking Rule SGDC_reset_filter_path02c (Rule 256 of total 371) .... done (Time = 0.00s, Memory = 0.0K)
Checking Rule SGDC_reset_filter_path03a (Rule 257 of total 371) .... done (Time = 0.00s, Memory = 0.0K)
Checking Rule SGDC_reset_filter_path03b (Rule 258 of total 371) .... done (Time = 0.00s, Memory = 0.0K)
Checking Rule SGDC_reset_filter_path03c (Rule 259 of total 371) .... done (Time = 0.00s, Memory = -2.5K)
Checking Rule SGDC_reset_filter_path04b (Rule 260 of total 371) .... done (Time = 0.00s, Memory = 0.0K)
Checking Rule SGDC_reset_filter_path07a (Rule 261 of total 371) .... done (Time = 0.00s, Memory = -4.0K)
Checking Rule SGDC_reset_filter_path07b (Rule 262 of total 371) .... done (Time = 0.00s, Memory = 0.0K)
Checking Rule SGDC_reset_filter_path07c (Rule 263 of total 371) .... done (Time = 0.00s, Memory = -1.0K)
Checking Rule SGDC_define_reset_order03 (Rule 264 of total 371) .... done (Time = 0.00s, Memory = 0.0K)
Checking Rule SGDC_define_reset_order04 (Rule 265 of total 371) .... done (Time = 0.00s, Memory = 0.0K)
Checking Rule SGDC_define_reset_order05 (Rule 266 of total 371) .... done (Time = 0.00s, Memory = 0.0K)
Checking Rule SGDC_cdc_false_path06 (Rule 267 of total 371) .... done (Time = 0.00s, Memory = 0.0K)
Checking Rule SGDC_cdc_false_path07 (Rule 268 of total 371) .... done (Time = 0.00s, Memory = 0.0K)
Checking Rule SGDC_cdc_false_path08 (Rule 269 of total 371) .... done (Time = 0.00s, Memory = 0.0K)
Checking Rule CDCSet_License01 (Rule 270 of total 371) .... done (Time = 0.00s, Memory = 0.0K)
Checking Rule Clock_info03a (Rule 271 of total 371) .... done (Time = 0.01s, Memory = 27.8K)
Checking Rule Clock_info03b (Rule 272 of total 371) .... done (Time = 0.00s, Memory = 0.0K)
Checking Rule Clock_info03c (Rule 273 of total 371) .... done (Time = 0.00s, Memory = -24.7K)
Checking Rule Propagate_Resets (Rule 274 of total 371) .... done (Time = 0.00s, Memory = 0.0K)
Checking Rule _reset_sync (Rule 275 of total 371) .... done (Time = 0.00s, Memory = 0.0K)
Checking Rule Setup_port01 (Rule 276 of total 371) .... done (Time = 0.00s, Memory = 0.0K)
Checking Rule Setup_blackbox01 (Rule 277 of total 371) .... done (Time = 0.00s, Memory = 0.0K)
Checking Rule Setup_library01 (Rule 278 of total 371) .... done (Time = 0.00s, Memory = 3.1K)
Checking Rule Reset_check11 (Rule 279 of total 371) .... done (Time = 0.00s, Memory = -1.0K)
Checking Rule Reset_info09a (Rule 280 of total 371) .... done (Time = 0.00s, Memory = 4.6K)
Checking Rule Clock_info02 (Rule 281 of total 371) .... done (Time = 0.00s, Memory = 0.0K)
Checking Rule Reset_info02 (Rule 282 of total 371) .... done (Time = 0.00s, Memory = 0.0K)
Checking Rule Clock_info05 (Rule 283 of total 371) .... done (Time = 0.00s, Memory = 0.0K)
Checking Rule Clock_info05b (Rule 284 of total 371) .... done (Time = 0.00s, Memory = 32.0K)
Checking Rule Reset_check03 (Rule 285 of total 371) .... done (Time = 0.00s, Memory = 0.0K)
Checking Rule _clkWrapModules (Rule 286 of total 371) .... done (Time = 0.00s, Memory = 1.5K)
Checking Rule _clock_hier_rules (Rule 287 of total 371) .... done (Time = 0.00s, Memory = 0.0K)
Checking Rule Reset_check12 (Rule 288 of total 371) .... done (Time = 0.00s, Memory = -29.5K)
Checking Rule Ar_sync_init (Rule 289 of total 371) .... done (Time = 0.00s, Memory = 16.0K)
Checking Rule _constrCoverage (Rule 290 of total 371) .... done (Time = 0.00s, Memory = 16.0K)
Checking Rule Clock_info15 (Rule 291 of total 371) .... done (Time = 0.00s, Memory = 0.0K)
Checking Rule Reset_check10 (Rule 292 of total 371) .... done (Time = 0.00s, Memory = 32.0K)
Checking Rule SGDC_clockreset02 (Rule 293 of total 371) .... done (Time = 0.00s, Memory = 0.0K)
Checking Rule Param_clockreset02 (Rule 294 of total 371) .... done (Time = 0.00s, Memory = 0.0K)
Checking Rule Param_clockreset04 (Rule 295 of total 371) .... done (Time = 0.00s, Memory = 0.0K)
Checking Rule Setup_clockreset01 (Rule 296 of total 371) .... done (Time = 0.00s, Memory = 0.0K)
Checking Rule Clock_check07 (Rule 297 of total 371) .... done (Time = 0.00s, Memory = 0.0K)
Checking Rule Clock_check10 (Rule 298 of total 371) .... done (Time = 0.00s, Memory = 0.0K)
Checking Rule Reset_check08 (Rule 299 of total 371) .... done (Time = 0.00s, Memory = 0.0K)
Checking Rule Clock_converge01 (Rule 300 of total 371) .... done (Time = 0.00s, Memory = 0.0K)
Checking Rule Ar_converge01 (Rule 301 of total 371) .... done (Time = 0.00s, Memory = 0.0K)
Checking Rule SGDC_noclockcell_start01 (Rule 302 of total 371) .... done (Time = 0.00s, Memory = 0.0K)
Checking Rule Ac_initseq01 (Rule 303 of total 371) .... done (Time = 0.00s, Memory = 0.0K)
Checking Rule Ac_init01 (Rule 304 of total 371) .... done (Time = 0.00s, Memory = 0.0K)
Checking Rule _ac_Auxi01 (Rule 305 of total 371) .... done (Time = 0.00s, Memory = 0.0K)
Checking Rule Ac_sanity02 (Rule 306 of total 371) .... done (Time = 0.00s, Memory = -8.0K)
Checking Rule _glitch_init (Rule 307 of total 371) .... done (Time = 0.00s, Memory = 72.0K)
Checking Rule Ac_initstate01 (Rule 308 of total 371) .... done (Time = 0.00s, Memory = 0.0K)
Checking Rule Ac_conv02setup01 (Rule 309 of total 371) .... done (Time = 0.00s, Memory = 0.0K)
Checking Rule Ac_abs01 (Rule 310 of total 371) .... done (Time = 0.00s, Memory = 0.0K)
Checking Rule Ac_report01 (Rule 311 of total 371) .... done (Time = 0.00s, Memory = 5.8K)
Checking Rule AllowComboLogicSetup (Rule 312 of total 371) .... done (Time = 0.00s, Memory = 0.0K)
Checking Rule Ac_resetvalue01 (Rule 313 of total 371) .... done (Time = 0.00s, Memory = 0.0K)
Checking Rule Ac_upfsetup02 (Rule 314 of total 371) .... done (Time = 0.00s, Memory = 4.6K)
Checking Rule Ac_upfsetup01 (Rule 315 of total 371) .... done (Time = 0.00s, Memory = 0.0K)
Checking Rule Ac_psync_init (Rule 316 of total 371) .... done (Time = 0.00s, Memory = 0.0K)
Checking Rule Ac_psetup01 (Rule 317 of total 371) .... done (Time = 0.00s, Memory = -7.6K)
Checking Rule Clock_exit01 (Rule 318 of total 371) .... done (Time = 0.00s, Memory = 0.0K)
Checking Rule SGDC_reset_synchronizer02 (Rule 319 of total 371) .... done (Time = 0.00s, Memory = 0.0K)
Checking Rule SGDC_reset_synchronizer04 (Rule 320 of total 371) .... done (Time = 0.00s, Memory = 24.0K)
Checking Rule SGDC_reset_synchronizer06 (Rule 321 of total 371) .... done (Time = 0.00s, Memory = 8.0K)
Checking Rule SGDC_reset_synchronizer08 (Rule 322 of total 371) .... done (Time = 0.00s, Memory = 0.0K)
Checking Rule SGDC_reset_synchronizer10 (Rule 323 of total 371) .... done (Time = 0.00s, Memory = 0.0K)
Checking Rule AnalyzeBBox (Rule 324 of total 371) .... done (Time = 0.00s, Memory = 0.1K)
Checking Rule ReportCheckDataSummary (Rule 325 of total 371) .... done (Time = 0.00s, Memory = 0.0K)

Generating data for Console...

SpyGlass Rule Checking Complete.

Generating moresimple report from './lint_cdc/sys_top/cdc/cdc_setup_check/spyglass.vdb' to './lint_cdc/sys_top/cdc/cdc_setup_check/spyglass_reports/moresimple.rpt' ....

Generating runsummary report from './lint_cdc/sys_top/cdc/cdc_setup_check/spyglass.vdb' ....

Generating no_msg_reporting_rules report from './lint_cdc/sys_top/cdc/cdc_setup_check/spyglass.vdb' to './lint_cdc/sys_top/cdc/cdc_setup_check/spyglass_reports/no_msg_reporting_rules.rpt' ....

Generating CDC-report report from './lint_cdc/sys_top/cdc/cdc_setup_check/spyglass.vdb' to './lint_cdc/sys_top/cdc/cdc_setup_check/spyglass_reports/CDC-report.rpt' ....

Generating CKSGDCInfo report from './lint_cdc/sys_top/cdc/cdc_setup_check/spyglass.vdb' to './lint_cdc/sys_top/cdc/cdc_setup_check/spyglass_reports/CKSGDCInfo.rpt' ....

Generating RSTree report from './lint_cdc/sys_top/cdc/cdc_setup_check/spyglass.vdb' to './lint_cdc/sys_top/cdc/cdc_setup_check/spyglass_reports/RSTree.rpt' ....

Generating CKTree report from './lint_cdc/sys_top/cdc/cdc_setup_check/spyglass.vdb' to './lint_cdc/sys_top/cdc/cdc_setup_check/spyglass_reports/CKTree.rpt' ....

Policy specific data (reports) are present in the directory './lint_cdc/sys_top/cdc/cdc_setup_check/spyglass_reports'.

SpyGlass critical reports for the current run are present in directory './lint_cdc/consolidated_reports/sys_top_cdc_cdc_setup_check/'.

---------------------------------------------------------------------------------------------
Results Summary:
---------------------------------------------------------------------------------------------
   Goal Run           :      cdc/cdc_setup_check
   Command-line read  :      0 error,      0 warning,      1 information message 
   Design Read        :      0 error,      0 warning,      3 information messages
      Found 1 top module:
         sys_top   (file: ../rtl/System_Top/SYS_TOP_dft.v)

   Blackbox Resolution:      0 error,      0 warning,      0 information message 
   SGDC Checks        :      0 error,      0 warning,      0 information message 
** Policy clock-reset :     11 errors,     2 warnings,     0 information message 
   -------------------------------------------------------------------------------------
   Total              :     11 errors,     2 warnings,     4 information messages

  Total Number of Generated Messages     :        17 (11 errors, 2 warnings, 4 Infos)
  Number of Reported Messages            :        17 (11 errors, 2 warnings, 4 Infos)

  NOTE: It is recommended to first fix/reconcile fatals/errors reported on
        lines starting with ** as subsequent issues might be related to it.
        Please re-run SpyGlass once ** prefixed lines are fatal/error clean.

---------------------------------------------------------------------------------------------


run_goal: info: updating spyglass.log with goal summary
---------------------------------------------------------------------------------------------------
Results Summary:
---------------------------------------------------------------------------------------------------
   Goal Run           :      cdc/cdc_setup_check
   Top Module         :      sys_top
---------------------------------------------------------------------------------------------------
   Reports Directory: 
   /home/ICer/UART_System/Spyglass2/lint_cdc/consolidated_reports/sys_top_cdc_cdc_setup_check/ 

   SpyGlass LogFile: 
    /home/ICer/UART_System/Spyglass2/lint_cdc/sys_top/cdc/cdc_setup_check/spyglass.log 

   Standard Reports: 
     moresimple.rpt          no_msg_reporting_rules.rpt       

   HTML report:
    /home/ICer/UART_System/Spyglass2/lint_cdc/html_reports/goals_summary.html
  

   Technology Reports:    CDC( Advance CDC  Setup Check )
     CDC-report.rpt          CKSGDCInfo.rpt          CKTree.rpt      
     RSTree.rpt        
   
---------------------------------------------------------------------------------------------------
   Goal Violation Summary:
       Waived   Messages:                      0 Errors,      0 Warnings,      0 Infos
       Reported Messages:         0 Fatals,   11 Errors,      2 Warnings,      4 Infos
---------------------------------------------------------------------------------------------------
   
   Technology Summary: CDC( Advance CDC  Setup Check )   
       Unclocked Registers= 5
---------------------------------------------------------------------------------------------------
 
run_goal: info: spyglass.log successfully updated with goal summary
0 {Rule-checking completed with errors}spy_cons.sgdccurrent_goal: warning: goal `cdc/cdc_setup_check' is already selected with top `sys_top' - ignoring this command

INFO:    SpyGlass will run goal(s) 'cdc/cdc_setup_check'.


 Auto-compiling gates libraries

        "../System_pnr/std_cells/libs/scmetro_tsmc_cl013g_rvt_ss_1p08v_125c.lib"
        "../System_pnr/std_cells/libs/scmetro_tsmc_cl013g_rvt_tt_1p2v_25c.lib"
        "../System_pnr/std_cells/libs/scmetro_tsmc_cl013g_rvt_ff_1p32v_m40c.lib"
    to
        "./lint_cdc/spyglass_cache/autogenerated_sglib/aggregate.sglib" ...already compiled

 Using this already compiled sglib for the current run ...

RULE-CHECKING IN MIXED MODE
Loading spyglass (SpyGlass_vL-2016.06) ... (picked from /home/synopsys/SpyGlass-L2016.06/SPYGLASS_HOME/policies/spyglass)
Loading clock-reset (SpyGlass_vL-2016.06) ... (picked from /home/synopsys/SpyGlass-L2016.06/SPYGLASS_HOME/policies/clock)
 Reading sgdc file "spy_cons.sgdc" ...
Performing unification checks on SGDC... done
Reading specified sglib files(s) ....
   Processing library: 'scmetro_tsmc_cl013g_rvt_ss_1p08v_125c' .... done
   Processing library: 'scmetro_tsmc_cl013g_rvt_tt_1p2v_25c' .... done
   Processing library: 'scmetro_tsmc_cl013g_rvt_ff_1p32v_m40c' .... done
Checking Rule AutoGenerateSglib (Rule 1 of total 371) .... done (Time = 0.00s, Memory = 0.0K)

INFO [76]    Using `./lint_cdc/sys_top/WORK/64' as the Work Directory for 64bit precompiled dump.
Checking Rule Param_clockreset07 (Rule 2 of total 371) .... done (Time = 0.00s, Memory = 0.0K)
Checking Rule Clock_setup01 (Rule 3 of total 371) .... done (Time = 0.01s, Memory = 39.0K)
Checking Rule Param_clockreset06 (Rule 4 of total 371) .... done (Time = 0.00s, Memory = 0.0K)
Checking Rule SGDC_meta_monitor_attributes01 (Rule 5 of total 371) .... done (Time = 0.00s, Memory = 15.5K)
Checking Rule LP_POWERDATA_CHECK (Rule 6 of total 371) .... done (Time = 0.00s, Memory = 0.0K)
Checking Rule LP_POWERDATA_READ (Rule 7 of total 371) .... done (Time = 0.00s, Memory = 0.0K)
Checking Rule PrecompileLibCheck01 (Rule 8 of total 371) .... done (Time = 0.00s, Memory = 0.0K)
Checking Rule PrecompileLibCheck02 (Rule 9 of total 371) .... done (Time = 0.00s, Memory = 0.0K)
Checking Rule PrecompileLibCheck03 (Rule 10 of total 371) .... done (Time = 0.00s, Memory = -2.6K)
Checking Rule PrecompileLibCheck04 (Rule 11 of total 371) .... done (Time = 0.00s, Memory = 0.0K)
Checking Rule ElabSummary (Rule 12 of total 371) .... done (Time = 0.00s, Memory = 7.2K)
Checking Rule ReportSglibVersionSummary (Rule 13 of total 371) .... done (Time = 0.00s, Memory = -45.0K)
Checking Rule SGDC_assume_path01 (Rule 14 of total 371) .... done (Time = 0.00s, Memory = -2.1K)
Checking Rule SGDC_sdcschema02 (Rule 15 of total 371) .... done (Time = 0.01s, Memory = -0.2K)
Checking Rule SGDC_clock05 (Rule 16 of total 371) .... done (Time = 0.00s, Memory = 1.5K)
Checking Rule SGDC_clock09 (Rule 17 of total 371) .... done (Time = 0.00s, Memory = 0.0K)
Checking Rule SGDC_force_ta05 (Rule 18 of total 371) .... done (Time = 0.00s, Memory = 0.0K)
Checking Rule SGDC_require_path03 (Rule 19 of total 371) .... done (Time = 0.00s, Memory = 0.0K)
Checking Rule SGDC_require_value03 (Rule 20 of total 371) .... done (Time = 0.00s, Memory = 0.0K)
Checking Rule SGDC_voltagedomain05 (Rule 21 of total 371) .... done (Time = 0.00s, Memory = 3.1K)
Checking Rule SGDC_voltagedomain06 (Rule 22 of total 371) .... done (Time = 0.00s, Memory = 0.0K)
Checking Rule SGDC_voltagedomain07 (Rule 23 of total 371) .... done (Time = 0.00s, Memory = 8.4K)
Checking Rule SGDC_powerdomainoutputs02 (Rule 24 of total 371) .... done (Time = 0.00s, Memory = 1.6K)
Checking Rule SGDC_supply01 (Rule 25 of total 371) .... done (Time = 0.00s, Memory = -7.2K)
Checking Rule SGDC_waive01 (Rule 26 of total 371) .... done (Time = 0.00s, Memory = 4.0K)
Checking Rule SGDC_waive02 (Rule 27 of total 371) .... done (Time = 0.00s, Memory = 0.0K)
Checking Rule SGDC_waive03 (Rule 28 of total 371) .... done (Time = 0.00s, Memory = -8.0K)
Checking Rule SGDC_waive04 (Rule 29 of total 371) .... done (Time = 0.00s, Memory = 0.0K)
Checking Rule SGDC_waive05 (Rule 30 of total 371) .... done (Time = 0.00s, Memory = -8.0K)
Checking Rule SGDC_waive06 (Rule 31 of total 371) .... done (Time = 0.00s, Memory = -33.9K)
Checking Rule SGDC_waive07 (Rule 32 of total 371) .... done (Time = 0.00s, Memory = 0.0K)
Checking Rule SGDC_waive08 (Rule 33 of total 371) .... done (Time = 0.00s, Memory = 0.0K)
Checking Rule SGDC_waive09 (Rule 34 of total 371) .... done (Time = 0.00s, Memory = 0.0K)
Checking Rule SGDC_waive10 (Rule 35 of total 371) .... done (Time = 0.00s, Memory = -1.0K)
Checking Rule SGDC_waive11 (Rule 36 of total 371) .... done (Time = 0.00s, Memory = 33.5K)
Checking Rule SGDC_waive12 (Rule 37 of total 371) .... done (Time = 0.00s, Memory = 0.0K)
Checking Rule SGDC_waive13 (Rule 38 of total 371) .... done (Time = 0.00s, Memory = 0.0K)
Checking Rule SGDC_waive21 (Rule 39 of total 371) .... done (Time = 0.00s, Memory = 0.0K)
Checking Rule SGDC_waive22 (Rule 40 of total 371) .... done (Time = 0.00s, Memory = 0.0K)
Checking Rule SGDC_waive30 (Rule 41 of total 371) .... done (Time = 0.00s, Memory = 0.0K)
Checking Rule SGDC_waive32 (Rule 42 of total 371) .... done (Time = 0.00s, Memory = 0.0K)
Checking Rule SGDC_waive33 (Rule 43 of total 371) .... done (Time = 0.00s, Memory = 0.0K)
Checking Rule SGDC_waive36 (Rule 44 of total 371) .... done (Time = 0.00s, Memory = 0.0K)
Checking Rule SGDC_waive38 (Rule 45 of total 371) .... done (Time = 0.00s, Memory = 0.0K)
Checking Rule SGDC_fifo01 (Rule 46 of total 371) .... done (Time = 0.00s, Memory = 0.0K)
Checking Rule SGDC_libgroup01 (Rule 47 of total 371) .... done (Time = 0.00s, Memory = 0.0K)
Checking Rule SGDC_libgroup02 (Rule 48 of total 371) .... done (Time = 0.00s, Memory = 0.0K)
Checking Rule SGDC_libgroup04 (Rule 49 of total 371) .... done (Time = 0.00s, Memory = 0.0K)
Checking Rule SGDC_power_data01 (Rule 50 of total 371) .... done (Time = 0.00s, Memory = 0.9K)
Checking Rule SGDC_ungroup01 (Rule 51 of total 371) .... done (Time = 0.00s, Memory = -0.7K)
Checking Rule SGDC_abstract_port06 (Rule 52 of total 371) .... done (Time = 0.00s, Memory = 0.0K)
Checking Rule SGDC_abstract_port14 (Rule 53 of total 371) .... done (Time = 0.00s, Memory = 0.0K)
Checking Rule SGDC_abstract_port15 (Rule 54 of total 371) .... done (Time = 0.00s, Memory = 0.0K)
Checking Rule SGDC_abstract_port18 (Rule 55 of total 371) .... done (Time = 0.00s, Memory = 0.0K)
Checking Rule sdc_init_rule (Rule 56 of total 371) .... done (Time = 0.00s, Memory = 0.0K)
Checking Rule CMD_ignorelibs01 (Rule 57 of total 371) .... done (Time = 0.00s, Memory = 0.0K)
Checking Rule ReportRuleNotRun (Rule 58 of total 371) .... done (Time = 0.00s, Memory = -0.8K)
Checking Rule SGDC_generated_clock03 (Rule 59 of total 371) .... done (Time = 0.00s, Memory = 0.0K)
Checking Rule SGDC_generated_clock04 (Rule 60 of total 371) .... done (Time = 0.00s, Memory = 16.0K)
Checking Rule SGDC_generated_clock05 (Rule 61 of total 371) .... done (Time = 0.00s, Memory = 0.0K)
Checking Rule SGDC_quasi_static_style02 (Rule 62 of total 371) .... done (Time = 0.00s, Memory = -0.1K)
Checking Rule SGDC_syncresetstyle01 (Rule 63 of total 371) .... done (Time = 0.00s, Memory = 0.0K)
Checking Rule SGDC_network_allowed_cells01 (Rule 64 of total 371) .... done (Time = 0.00s, Memory = 0.0K)
Checking Rule SGDC_numflops01 (Rule 65 of total 371) .... done (Time = 0.00s, Memory = 8.7K)
Checking Rule SGDC_numflops07 (Rule 66 of total 371) .... done (Time = 0.00s, Memory = 0.0K)
Checking Rule SGDC_numflops08 (Rule 67 of total 371) .... done (Time = 0.00s, Memory = 0.0K)
Checking Rule SGDC_numflops09 (Rule 68 of total 371) .... done (Time = 0.00s, Memory = -24.0K)
Checking Rule SGDC_clocksense04 (Rule 69 of total 371) .... done (Time = 0.00s, Memory = -32.0K)
Checking Rule SGDC_check_clock_relation05a (Rule 70 of total 371) .... done (Time = 0.00s, Memory = -0.7K)
Checking Rule SGDC_check_clock_relation05b (Rule 71 of total 371) .... done (Time = 0.00s, Memory = 24.4K)
Checking Rule SGDC_sync_cell08a (Rule 72 of total 371) .... done (Time = 0.00s, Memory = 0.0K)
Checking Rule SGDC_sync_cell09a (Rule 73 of total 371) .... done (Time = 0.00s, Memory = 0.0K)
Checking Rule SGDC_qualifier06 (Rule 74 of total 371) .... done (Time = 0.00s, Memory = 32.0K)
Checking Rule SGDC_cdc_waive03 (Rule 75 of total 371) .... done (Time = 0.00s, Memory = 0.0K)
Checking Rule SGDC_qualifier09 (Rule 76 of total 371) .... done (Time = 0.00s, Memory = 32.4K)
Checking Rule SGDC_qualifier15 (Rule 77 of total 371) .... done (Time = 0.00s, Memory = 1.9K)
Checking Rule SGDC_allow_combo_logic01 (Rule 78 of total 371) .... done (Time = 0.00s, Memory = 0.0K)
Checking Rule SGDC_reset_filter_path01 (Rule 79 of total 371) .... done (Time = 0.00s, Memory = 9.6K)
Checking Rule SGDC_cdc_false_path05 (Rule 80 of total 371) .... done (Time = 0.00s, Memory = 0.0K)
Checking Rule Param_clockreset05 (Rule 81 of total 371) .... done (Time = 0.00s, Memory = -8.0K)
Checking Rule Ac_sanity01 (Rule 82 of total 371) .... done (Time = 0.00s, Memory = 0.0K)
Checking Rule Ac_sanity06 (Rule 83 of total 371) .... done (Time = 0.00s, Memory = 0.0K)
Checking Rule Ac_license01 (Rule 84 of total 371) .... done (Time = 0.00s, Memory = 0.0K)
Checking Rule SGDC_reset_synchronizer07 (Rule 85 of total 371) .... done (Time = 0.00s, Memory = 0.0K)
 Reading waiver file "./lint_cdc/sys_top/cdc/cdc_setup_check/spyglass_spysch/waiver/pragma2Waiver.swl" ...
 Reading included SGDC file "./lint_cdc/sys_top/cdc/cdc_setup_check/spyglass_spysch/waiver/pragma2Waiver_varfile.swl" ....
Checking Rule ReportStopSummary (Rule 86 of total 371) .... done (Time = 0.00s, Memory = 0.0K)
Checking Rule ReportIgnoreSummary (Rule 87 of total 371) .... done (Time = 0.00s, Memory = 15.8K)

INFO [235]    Restoring design database from directory './lint_cdc/sys_top/.SG_SaveRestoreDB/autogenerated__default_snapshot' ...
              done

Checking Rule InferBlackBox (Rule 88 of total 371) .... done (Time = 0.00s, Memory = 0.0K)
Checking Rule SGDC_waive37 (Rule 89 of total 371) .... done (Time = 0.00s, Memory = 0.0K)
Checking Rule SGDC_waive24 (Rule 90 of total 371) .... done (Time = 0.00s, Memory = -32.0K)
Checking Rule SGDC_waive25 (Rule 91 of total 371) .... done (Time = 0.00s, Memory = 0.0K)
Checking Rule SGDC_waive31 (Rule 92 of total 371) .... done (Time = 0.00s, Memory = 0.0K)
Checking Rule SGDC_waive35 (Rule 93 of total 371) .... done (Time = 0.00s, Memory = 0.0K)
Checking Rule ReportSglibSummary (Rule 94 of total 371) .... done (Time = 0.00s, Memory = 0.5K)
Checking Rule DetectTopDesignUnits (Rule 95 of total 371)
 Detected 1 top level design units:
     sys_top
 .... done (Time = 0.00s, Memory = 0.0K)
Checking Rule GenerateConfMap (Rule 96 of total 371) .... done (Time = 0.00s, Memory = 0.0K)
Checking Rule Pragma_setupa for module CLK_GATE (Rule 97 of total 371) .... done (Time = 0.00s, Memory = 0.0K)
Checking Rule Pragma_setupa for module RST_SYNCH (Rule 97 of total 371) .... done (Time = 0.00s, Memory = 0.0K)
Checking Rule Pragma_setupa for module clk_div (Rule 97 of total 371) .... done (Time = 0.00s, Memory = 0.0K)
Checking Rule Pragma_setupa for module DeSerializer (Rule 97 of total 371) .... done (Time = 0.00s, Memory = 0.0K)
Checking Rule Pragma_setupa for module Data_sampling (Rule 97 of total 371) .... done (Time = 0.00s, Memory = 0.0K)
Checking Rule Pragma_setupa for module Edge_Bit_Counter (Rule 97 of total 371) .... done (Time = 0.00s, Memory = 0.0K)
Checking Rule Pragma_setupa for module Parity_chk (Rule 97 of total 371) .... done (Time = 0.00s, Memory = 0.0K)
Checking Rule Pragma_setupa for module Strt_chk (Rule 97 of total 371) .... done (Time = 0.00s, Memory = 0.0K)
Checking Rule Pragma_setupa for module stp_chk (Rule 97 of total 371) .... done (Time = 0.00s, Memory = 0.0K)
Checking Rule Pragma_setupa for module RX_FSM (Rule 97 of total 371) .... done (Time = 0.00s, Memory = 0.0K)
Checking Rule Pragma_setupa for module RX_TOP (Rule 97 of total 371) .... done (Time = 0.00s, Memory = 0.0K)
Checking Rule Pragma_setupa for module MUX (Rule 97 of total 371) .... done (Time = 0.00s, Memory = 0.0K)
Checking Rule Pragma_setupa for module parity (Rule 97 of total 371) .... done (Time = 0.00s, Memory = 0.0K)
Checking Rule Pragma_setupa for module TX_FSM (Rule 97 of total 371) .... done (Time = 0.00s, Memory = 0.0K)
Checking Rule Pragma_setupa for module serializer (Rule 97 of total 371) .... done (Time = 0.00s, Memory = 0.0K)
Checking Rule Pragma_setupa for module TX_TOP (Rule 97 of total 371) .... done (Time = 0.00s, Memory = 0.0K)
Checking Rule Pragma_setupa for module UART (Rule 97 of total 371) .... done (Time = 0.00s, Memory = 0.0K)
Checking Rule Pragma_setupa for module Data_Synch (Rule 97 of total 371) .... done (Time = 0.00s, Memory = 0.0K)
Checking Rule Pragma_setupa for module SYS_CTRL (Rule 97 of total 371) .... done (Time = 0.00s, Memory = 0.0K)
Checking Rule Pragma_setupa for module Register (Rule 97 of total 371) .... done (Time = 0.00s, Memory = 0.0K)
Checking Rule Pragma_setupa for module ALU (Rule 97 of total 371) .... done (Time = 0.00s, Memory = 0.0K)
Checking Rule Pragma_setupa for module FIFO_RD (Rule 97 of total 371) .... done (Time = 0.00s, Memory = 0.0K)
Checking Rule Pragma_setupa for module FIFO_WR (Rule 97 of total 371) .... done (Time = 0.00s, Memory = 0.0K)
Checking Rule Pragma_setupa for module DF_SYNC (Rule 97 of total 371) .... done (Time = 0.00s, Memory = 0.0K)
Checking Rule Pragma_setupa for module FIFO_MEM_CNTRL (Rule 97 of total 371) .... done (Time = 0.00s, Memory = 0.0K)
Checking Rule Pragma_setupa for module FIFO_TOP (Rule 97 of total 371) .... done (Time = 0.00s, Memory = 0.0K)
Checking Rule Pragma_setupa for module PULSE_GEN (Rule 97 of total 371) .... done (Time = 0.00s, Memory = 0.0K)
Checking Rule Pragma_setupa for module sys_top (Rule 97 of total 371) .... done (Time = 0.00s, Memory = 0.0K)
Performing semantic checks on SGDC contents
Checking Rule SGDC_testmode03 (Rule 98 of total 371) .... done (Time = 0.00s, Memory = 0.0K)
Checking Rule Pragma_setupb (Rule 99 of total 371) .... done (Time = 0.00s, Memory = 0.0K)
Checking Rule _vhMeta01 (Rule 100 of total 371) .... done (Time = 0.00s, Memory = 0.0K)
Checking Rule _meta_delay01 (Rule 101 of total 371) .... done (Time = 0.00s, Memory = 0.0K)
Checking Rule CheckCelldefine (Rule 102 of total 371) .... done (Time = 0.00s, Memory = 0.0K)
Checking Rule checkSGDC_01 (Rule 103 of total 371) .... done (Time = 0.00s, Memory = 0.0K)
Checking Rule checkSGDC_03 (Rule 104 of total 371) .... done (Time = 0.00s, Memory = 0.0K)
Checking Rule checkSGDC_08 (Rule 105 of total 371) .... done (Time = 0.00s, Memory = 0.0K)
Checking Rule SGDC_memorywritepin04 (Rule 106 of total 371) .... done (Time = 0.00s, Memory = -0.8K)
Checking Rule SGDC_reset02 (Rule 107 of total 371) .... done (Time = 0.00s, Memory = 0.0K)
Checking Rule SGDC_reset03 (Rule 108 of total 371) .... done (Time = 0.00s, Memory = 0.0K)
Checking Rule SGDC_waive23 (Rule 109 of total 371) .... done (Time = 0.00s, Memory = 0.0K)
Checking Rule SGDC_waive26 (Rule 110 of total 371) .... done (Time = 0.00s, Memory = 0.3K)
Checking Rule SGDC_waive27 (Rule 111 of total 371) .... done (Time = 0.00s, Memory = 0.0K)
Checking Rule SGDC_waive29 (Rule 112 of total 371) .... done (Time = 0.00s, Memory = -12.5K)
Checking Rule SGDC_libgroup03 (Rule 113 of total 371) .... done (Time = 0.00s, Memory = 0.0K)
Checking Rule SGDC_ungroup02 (Rule 114 of total 371) .... done (Time = 0.00s, Memory = 0.0K)
Checking Rule _abstractPortSGDC (Rule 115 of total 371) .... done (Time = 0.00s, Memory = 2.5K)
Checking Rule SGDC_abstract_port03 (Rule 116 of total 371) .... done (Time = 0.00s, Memory = 0.0K)
Checking Rule SGDC_abstract_port04 (Rule 117 of total 371) .... done (Time = 0.00s, Memory = 0.0K)
Checking Rule SGDC_abstract_port05 (Rule 118 of total 371) .... done (Time = 0.00s, Memory = 0.0K)
Checking Rule SGDC_abstract_port07 (Rule 119 of total 371) .... done (Time = 0.00s, Memory = 3.1K)
Checking Rule SGDC_abstract_port08 (Rule 120 of total 371) .... done (Time = 0.00s, Memory = 6.0K)
Checking Rule SGDC_abstract_port10 (Rule 121 of total 371) .... done (Time = 0.00s, Memory = 0.0K)
Checking Rule SGDC_abstract_port11 (Rule 122 of total 371) .... done (Time = 0.00s, Memory = 0.0K)
Checking Rule SGDC_abstract_port12 (Rule 123 of total 371) .... done (Time = 0.00s, Memory = 0.9K)
Checking Rule SGDC_abstract_port13 (Rule 124 of total 371) .... done (Time = 0.00s, Memory = -19.3K)
Checking Rule _cdc_save_license01 (Rule 125 of total 371) .... done (Time = 0.00s, Memory = 80.4K)
Checking Rule syncRstReq (Rule 126 of total 371) .... done (Time = 0.00s, Memory = 0.0K)
Checking Rule syncRstReq (Rule 127 of total 371) .... done (Time = 0.00s, Memory = -7.9K)
Checking Rule _syncResetStyleRTL (Rule 128 of total 371) .... done (Time = 0.00s, Memory = 0.1K)
Checking Rule _deltaDelay (Rule 129 of total 371) .... done (Time = 0.00s, Memory = -2.6K)
Checking Rule _deltaDelay (Rule 130 of total 371) .... done (Time = 0.00s, Memory = -3.0K)
Checking Rule _deltaDelayNom (Rule 131 of total 371) .... done (Time = 0.00s, Memory = 0.1K)
Checking Rule Ac_multitop01 (Rule 132 of total 371) .... done (Time = 0.00s, Memory = 0.0K)
Checking Rule AcOvlRtl (Rule 133 of total 371) .... done (Time = 0.00s, Memory = 8.9K)
Checking Rule AcOvlRtl (Rule 134 of total 371) .... done (Time = 0.00s, Memory = 0.0K)
Checking Rule Ac_svasetup01 (Rule 135 of total 371) .... done (Time = 0.00s, Memory = 0.0K)
Checking Rule ReportUngroup (Rule 136 of total 371) .... done (Time = 0.00s, Memory = 0.0K)
Checking Rule SGDC_allow_combo_logic02 (Rule 137 of total 371) .... done (Time = 0.00s, Memory = 0.0K)
Checking Rule _portRetenClocknReset (Rule 138 of total 371) .... done (Time = 0.00s, Memory = -0.9K)
Checking Rule _portReten (Rule 139 of total 371) .... done (Time = 0.00s, Memory = 0.5K)
Checking Rule SGDC_meta_design_hier01 (Rule 140 of total 371) .... done (Time = 0.00s, Memory = 0.0K)
Checking Rule LP_POWERDATA_INFO (Rule 141 of total 371) .... done (Time = 0.00s, Memory = -1.2K)
Checking Rule SGDC_abstract_port21 (Rule 142 of total 371) .... done (Time = 0.00s, Memory = 0.0K)
Checking Rule SGDC_input02 (Rule 143 of total 371) .... done (Time = 0.00s, Memory = -0.2K)
Checking Rule SGDC_input03 (Rule 144 of total 371) .... done (Time = 0.00s, Memory = 0.0K)
Checking Rule SGDC_output02 (Rule 145 of total 371) .... done (Time = 0.00s, Memory = 0.0K)
Checking Rule SGDC_output04 (Rule 146 of total 371) .... done (Time = 0.00s, Memory = 0.0K)
Checking Rule SGDC_numflops03a (Rule 147 of total 371) .... done (Time = 0.00s, Memory = 0.0K)
Checking Rule SGDC_numflops03b (Rule 148 of total 371) .... done (Time = 0.00s, Memory = 0.0K)
Checking Rule SGDC_numflops12 (Rule 149 of total 371) .... done (Time = 0.00s, Memory = -0.5K)
Checking Rule SGDC_sync_cell02b (Rule 150 of total 371) .... done (Time = 0.00s, Memory = 0.0K)
Checking Rule SGDC_sync_cell11 (Rule 151 of total 371) .... done (Time = 0.00s, Memory = 0.0K)
Checking Rule SGDC_qualifier02c (Rule 152 of total 371) .... done (Time = 0.00s, Memory = 0.0K)
Checking Rule SGDC_qualifier03c (Rule 153 of total 371) .... done (Time = 0.00s, Memory = 0.0K)
Checking Rule LPwrRulesSetup (Rule 154 of total 371) .... done (Time = 0.00s, Memory = 0.0K)
 Flattening sys_top (.lib instances separately flattened) ....
 Flattening completed
Checking Rule SGDC_quasi_static_style01 (Rule 155 of total 371) .... done (Time = 0.00s, Memory = 0.6K)
Checking Rule SignalTypeSetup (Rule 156 of total 371) .... done (Time = 0.00s, Memory = 4.1K)
Checking Rule _allowInst (Rule 157 of total 371) .... done (Time = 0.00s, Memory = 19.6K)
Checking Rule _ipblock (Rule 158 of total 371) .... done (Time = 0.00s, Memory = 0.0K)
Checking Rule _rstSyncCellInst (Rule 159 of total 371) .... done (Time = 0.00s, Memory = 1.6K)
Checking Rule _syncCellDelayedQualifier (Rule 160 of total 371) .... done (Time = 0.00s, Memory = 0.0K)
Checking Rule _repeaterCellInst (Rule 161 of total 371) .... done (Time = 0.00s, Memory = -24.0K)
Checking Rule _abstract_port (Rule 162 of total 371) .... done (Time = 0.00s, Memory = 9.5K)
Checking Rule Clock_setup02 (Rule 163 of total 371) .... done (Time = 0.00s, Memory = 14.1K)
Checking Rule Clockmatrix01 (Rule 164 of total 371) .... done (Time = 0.00s, Memory = -0.2K)
Checking Rule Clock_prop (Rule 165 of total 371) .... done (Time = 0.00s, Memory = 589.7K)
Checking Rule Reset_prop (Rule 166 of total 371) .... done (Time = 0.00s, Memory = 106.2K)
Checking Rule SGDC_generated_clock06 (Rule 167 of total 371) .... done (Time = 0.00s, Memory = 8.0K)
Checking Rule Propagate_Clocks (Rule 168 of total 371) .... done (Time = 0.01s, Memory = 232.8K)
Checking Rule _syncreset_prop (Rule 169 of total 371) .... done (Time = 0.00s, Memory = 12.8K)
Checking Rule _syncc (Rule 170 of total 371) .... done (Time = 0.00s, Memory = 0.5K)
Checking Rule _syncb (Rule 171 of total 371) .... done (Time = 0.00s, Memory = -0.4K)
Checking Rule _resetPathCross (Rule 172 of total 371) .... done (Time = 0.00s, Memory = 0.0K)
Checking Rule FalsePathSetup (Rule 173 of total 371) .... done (Time = 0.00s, Memory = 0.0K)
Checking Rule _fifo01 (Rule 174 of total 371) .... done (Time = 0.00s, Memory = 0.0K)
Checking Rule _syncfifo (Rule 175 of total 371) .... done (Time = 0.00s, Memory = 0.0K)
Checking Rule _syncUDfifo (Rule 176 of total 371) .... done (Time = 0.01s, Memory = -25.0K)
Checking Rule _syncdw (Rule 177 of total 371) .... done (Time = 0.00s, Memory = -0.4K)
Checking Rule _syncd (Rule 178 of total 371) .... done (Time = 0.00s, Memory = 0.0K)
Checking Rule _syncg (Rule 179 of total 371) .... done (Time = 0.00s, Memory = -32.2K)
Checking Rule _sync_clock (Rule 180 of total 371) .... done (Time = 0.00s, Memory = -1.0K)
Checking Rule _sync_gp (Rule 181 of total 371) .... done (Time = 0.00s, Memory = 0.0K)
Checking Rule _sync_and (Rule 182 of total 371) .... done (Time = 0.00s, Memory = 0.0K)
Checking Rule _synci (Rule 183 of total 371) .... done (Time = 0.00s, Memory = 0.0K)
Checking Rule _sync_qualifier (Rule 184 of total 371) .... done (Time = 0.00s, Memory = 0.0K)
Checking Rule SGDC_fifo11 (Rule 185 of total 371) .... done (Time = 0.00s, Memory = 0.0K)
Checking Rule SGDC_fifo12 (Rule 186 of total 371) .... done (Time = 0.00s, Memory = 0.0K)
Checking Rule SGDC_fifo13 (Rule 187 of total 371) .... done (Time = 0.00s, Memory = 0.0K)
Checking Rule SGDC_fifo14 (Rule 188 of total 371) .... done (Time = 0.00s, Memory = 0.0K)
Checking Rule Gen_diff01 (Rule 189 of total 371) .... done (Time = 0.00s, Memory = 0.0K)
Checking Rule _debugData (Rule 190 of total 371) .... done (Time = 0.01s, Memory = 61.3K)
Checking Rule Ac_Sync_Init (Rule 191 of total 371) .... done (Time = 0.01s, Memory = 236.9K)
Checking Rule _propagate_cdcAttrib (Rule 192 of total 371) .... done (Time = 0.00s, Memory = 0.0K)
Checking Rule Ar_Cross_Init (Rule 193 of total 371) .... done (Time = 0.00s, Memory = 0.0K)
Checking Rule SGDC_cdc_define_transition01 (Rule 194 of total 371) .... done (Time = 0.00s, Memory = -2.2K)
Checking Rule UPF_lowpower08PR (Rule 195 of total 371) .... done (Time = 0.00s, Memory = 0.0K)
Checking Rule UPF_lowpower08 (Rule 196 of total 371) .... done (Time = 0.00s, Memory = 0.0K)
Checking Rule Setup_check01 (Rule 197 of total 371) .... done (Time = 0.00s, Memory = 0.0K)
Checking Rule Setup_check02 (Rule 198 of total 371) .... done (Time = 0.00s, Memory = 0.0K)
Checking Rule Info_Case_Analysis (Rule 199 of total 371) .... done (Time = 0.00s, Memory = -25.7K)
Checking Rule SGDC_set_case_analysis_LC (Rule 200 of total 371) .... done (Time = 0.01s, Memory = 11.5K)
Checking Rule SGDC_signal_in_domain02 (Rule 201 of total 371) .... done (Time = 0.00s, Memory = -8.0K)
Checking Rule SGDC_signal_in_domain04 (Rule 202 of total 371) .... done (Time = 0.00s, Memory = 0.0K)
Checking Rule SGDC_numflops03c (Rule 203 of total 371) .... done (Time = 0.00s, Memory = 0.0K)
Checking Rule SGDC_numflops04 (Rule 204 of total 371) .... done (Time = 0.00s, Memory = 0.0K)
Checking Rule SGDC_numflops05 (Rule 205 of total 371) .... done (Time = 0.00s, Memory = 3.9K)
Checking Rule SGDC_numflops06 (Rule 206 of total 371) .... done (Time = 0.00s, Memory = 0.0K)
Checking Rule SGDC_numflops11 (Rule 207 of total 371) .... done (Time = 0.00s, Memory = 0.0K)
Checking Rule SGDC_numflops13 (Rule 208 of total 371) .... done (Time = 0.00s, Memory = 0.0K)
Checking Rule SGDC_numflops14 (Rule 209 of total 371) .... done (Time = 0.00s, Memory = 0.0K)
Checking Rule SGDC_clocksense02 (Rule 210 of total 371) .... done (Time = 0.00s, Memory = 1.6K)
Checking Rule SGDC_clocksense03 (Rule 211 of total 371) .... done (Time = 0.00s, Memory = 0.0K)
Checking Rule SGDC_sgclkgroup01 (Rule 212 of total 371) .... done (Time = 0.00s, Memory = 0.0K)
Checking Rule SGDC_sgclkgroup02 (Rule 213 of total 371) .... done (Time = 0.00s, Memory = 0.0K)
Checking Rule SGDC_sgclkgroup03 (Rule 214 of total 371) .... done (Time = 0.00s, Memory = 0.0K)
Checking Rule SGDC_check_clock_relation01a (Rule 215 of total 371) .... done (Time = 0.00s, Memory = 0.0K)
Checking Rule SGDC_check_clock_relation01b (Rule 216 of total 371) .... done (Time = 0.00s, Memory = 0.0K)
Checking Rule SGDC_check_clock_relation01c (Rule 217 of total 371) .... done (Time = 0.00s, Memory = 0.0K)
Checking Rule SGDC_check_clock_relation02a (Rule 218 of total 371) .... done (Time = 0.00s, Memory = 0.0K)
Checking Rule SGDC_check_clock_relation02b (Rule 219 of total 371) .... done (Time = 0.00s, Memory = 8.0K)
Checking Rule SGDC_check_clock_relation02c (Rule 220 of total 371) .... done (Time = 0.00s, Memory = 0.0K)
Checking Rule SGDC_check_clock_relation03b (Rule 221 of total 371) .... done (Time = 0.00s, Memory = -8.0K)
Checking Rule SGDC_check_clock_relation04b (Rule 222 of total 371) .... done (Time = 0.00s, Memory = 0.0K)
Checking Rule CheckClockRelationSetup (Rule 223 of total 371) .... done (Time = 0.00s, Memory = -27.0K)
Checking Rule SGDC_gray_signals01 (Rule 224 of total 371) .... done (Time = 0.00s, Memory = 0.0K)
Checking Rule SGDC_gray_signals02 (Rule 225 of total 371) .... done (Time = 0.00s, Memory = -8.2K)
Checking Rule SGDC_gray_signals03 (Rule 226 of total 371) .... done (Time = 0.00s, Memory = -0.3K)
Checking Rule SGDC_qualifier02a (Rule 227 of total 371) .... done (Time = 0.00s, Memory = 0.0K)
Checking Rule SGDC_qualifier03a (Rule 228 of total 371) .... done (Time = 0.00s, Memory = 0.0K)
Checking Rule SGDC_qualifier04 (Rule 229 of total 371) .... done (Time = 0.00s, Memory = 0.0K)
Checking Rule SGDC_qualifier05 (Rule 230 of total 371) .... done (Time = 0.00s, Memory = 0.0K)
Checking Rule SGDC_qualifier08 (Rule 231 of total 371) .... done (Time = 0.00s, Memory = 38.6K)
Checking Rule QualifierSetup (Rule 232 of total 371) .... done (Time = 0.00s, Memory = 0.0K)
Checking Rule ResetSynchronizerSetup (Rule 233 of total 371) .... done (Time = 0.00s, Memory = 0.0K)
Checking Rule SGDC_validation_filter_path03 (Rule 234 of total 371) .... done (Time = 0.00s, Memory = 0.0K)
Checking Rule SGDC_qualifier10 (Rule 235 of total 371) .... done (Time = 0.00s, Memory = -32.0K)
Checking Rule SGDC_qualifier11 (Rule 236 of total 371) .... done (Time = 0.00s, Memory = 0.0K)
Checking Rule SGDC_qualifier12 (Rule 237 of total 371) .... done (Time = 0.00s, Memory = 0.0K)
Checking Rule SGDC_qualifier13 (Rule 238 of total 371) .... done (Time = 0.00s, Memory = -32.0K)
Checking Rule SGDC_qualifier14 (Rule 239 of total 371) .... done (Time = 0.00s, Memory = 0.0K)
Checking Rule SGDC_qualifier16 (Rule 240 of total 371) .... done (Time = 0.00s, Memory = 32.0K)
Checking Rule SGDC_qualifier18 (Rule 241 of total 371) .... done (Time = 0.00s, Memory = -0.4K)
Checking Rule SGDC_qualifier19a (Rule 242 of total 371) .... done (Time = 0.00s, Memory = 0.0K)
Checking Rule SGDC_qualifier19b (Rule 243 of total 371) .... done (Time = 0.00s, Memory = -4.5K)
Checking Rule SGDC_qualifier19c (Rule 244 of total 371) .... done (Time = 0.00s, Memory = -2.0K)
Checking Rule SGDC_qualifier20b (Rule 245 of total 371) .... done (Time = 0.00s, Memory = 0.0K)
Checking Rule SGDC_qualifier21 (Rule 246 of total 371) .... done (Time = 0.00s, Memory = -0.3K)
Checking Rule SGDC_qualifier22 (Rule 247 of total 371) .... done (Time = 0.00s, Memory = 37.8K)
Checking Rule SGDC_qualifier23 (Rule 248 of total 371) .... done (Time = 0.00s, Memory = -1.0K)
Checking Rule SGDC_virtualclock01 (Rule 249 of total 371) .... done (Time = 0.00s, Memory = 0.0K)
Checking Rule SGDC_virtualreset01 (Rule 250 of total 371) .... done (Time = 0.00s, Memory = -0.2K)
Checking Rule SGDC_abstract_port19 (Rule 251 of total 371) .... done (Time = 0.00s, Memory = -0.3K)
Checking Rule SGDC_abstract_port20 (Rule 252 of total 371) .... done (Time = 0.00s, Memory = 0.0K)
Checking Rule RFPSetup (Rule 253 of total 371) .... done (Time = 0.00s, Memory = 30.5K)
Checking Rule SGDC_reset_filter_path02a (Rule 254 of total 371) .... done (Time = 0.00s, Memory = -0.6K)
Checking Rule SGDC_reset_filter_path02b (Rule 255 of total 371) .... done (Time = 0.00s, Memory = 0.0K)
Checking Rule SGDC_reset_filter_path02c (Rule 256 of total 371) .... done (Time = 0.00s, Memory = -1.2K)
Checking Rule SGDC_reset_filter_path03a (Rule 257 of total 371) .... done (Time = 0.01s, Memory = 7.6K)
Checking Rule SGDC_reset_filter_path03b (Rule 258 of total 371) .... done (Time = 0.00s, Memory = 0.5K)
Checking Rule SGDC_reset_filter_path03c (Rule 259 of total 371) .... done (Time = 0.00s, Memory = 0.0K)
Checking Rule SGDC_reset_filter_path04b (Rule 260 of total 371) .... done (Time = 0.00s, Memory = 0.0K)
Checking Rule SGDC_reset_filter_path07a (Rule 261 of total 371) .... done (Time = 0.00s, Memory = 0.0K)
Checking Rule SGDC_reset_filter_path07b (Rule 262 of total 371) .... done (Time = 0.00s, Memory = 0.0K)
Checking Rule SGDC_reset_filter_path07c (Rule 263 of total 371) .... done (Time = 0.00s, Memory = 0.0K)
Checking Rule SGDC_define_reset_order03 (Rule 264 of total 371) .... done (Time = 0.00s, Memory = 0.0K)
Checking Rule SGDC_define_reset_order04 (Rule 265 of total 371) .... done (Time = 0.00s, Memory = 0.0K)
Checking Rule SGDC_define_reset_order05 (Rule 266 of total 371) .... done (Time = 0.00s, Memory = 0.0K)
Checking Rule SGDC_cdc_false_path06 (Rule 267 of total 371) .... done (Time = 0.00s, Memory = 8.0K)
Checking Rule SGDC_cdc_false_path07 (Rule 268 of total 371) .... done (Time = 0.00s, Memory = 0.0K)
Checking Rule SGDC_cdc_false_path08 (Rule 269 of total 371) .... done (Time = 0.00s, Memory = -33.5K)
Checking Rule CDCSet_License01 (Rule 270 of total 371) .... done (Time = 0.00s, Memory = 3.1K)
Checking Rule Clock_info03a (Rule 271 of total 371) .... done (Time = 0.00s, Memory = -6.6K)
Checking Rule Clock_info03b (Rule 272 of total 371) .... done (Time = 0.00s, Memory = 4.4K)
Checking Rule Clock_info03c (Rule 273 of total 371) .... done (Time = 0.00s, Memory = 0.0K)
Checking Rule Propagate_Resets (Rule 274 of total 371) .... done (Time = 0.00s, Memory = 7.0K)
Checking Rule _reset_sync (Rule 275 of total 371) .... done (Time = 0.00s, Memory = 0.0K)
Checking Rule Setup_port01 (Rule 276 of total 371) .... done (Time = 0.00s, Memory = 0.0K)
Checking Rule Setup_blackbox01 (Rule 277 of total 371) .... done (Time = 0.00s, Memory = 0.0K)
Checking Rule Setup_library01 (Rule 278 of total 371) .... done (Time = 0.00s, Memory = 2.0K)
Checking Rule Reset_check11 (Rule 279 of total 371) .... done (Time = 0.00s, Memory = 58.3K)
Checking Rule Reset_info09a (Rule 280 of total 371) .... done (Time = 0.00s, Memory = 0.0K)
Checking Rule Clock_info02 (Rule 281 of total 371) .... done (Time = 0.01s, Memory = -34.6K)
Checking Rule Reset_info02 (Rule 282 of total 371) .... done (Time = 0.00s, Memory = 1.6K)
Checking Rule Clock_info05 (Rule 283 of total 371) .... done (Time = 0.00s, Memory = -0.2K)
Checking Rule Clock_info05b (Rule 284 of total 371) .... done (Time = 0.00s, Memory = 0.0K)
Checking Rule Reset_check03 (Rule 285 of total 371) .... done (Time = 0.00s, Memory = 8.7K)
Checking Rule _clkWrapModules (Rule 286 of total 371) .... done (Time = 0.00s, Memory = 0.5K)
Checking Rule _clock_hier_rules (Rule 287 of total 371) .... done (Time = 0.00s, Memory = 0.0K)
Checking Rule Reset_check12 (Rule 288 of total 371) .... done (Time = 0.01s, Memory = 15.7K)
Checking Rule Ar_sync_init (Rule 289 of total 371) .... done (Time = 0.00s, Memory = 32.3K)
Checking Rule _constrCoverage (Rule 290 of total 371) .... done (Time = 0.00s, Memory = 50.3K)
Checking Rule Clock_info15 (Rule 291 of total 371) .... done (Time = 0.00s, Memory = -12.9K)
Checking Rule Reset_check10 (Rule 292 of total 371) .... done (Time = 0.01s, Memory = 20.3K)
Checking Rule SGDC_clockreset02 (Rule 293 of total 371) .... done (Time = 0.00s, Memory = 0.0K)
Checking Rule Param_clockreset02 (Rule 294 of total 371) .... done (Time = 0.00s, Memory = 0.0K)
Checking Rule Param_clockreset04 (Rule 295 of total 371) .... done (Time = 0.00s, Memory = 0.0K)
Checking Rule Setup_clockreset01 (Rule 296 of total 371) .... done (Time = 0.00s, Memory = 0.0K)
Checking Rule Clock_check07 (Rule 297 of total 371) .... done (Time = 0.00s, Memory = 0.0K)
Checking Rule Clock_check10 (Rule 298 of total 371) .... done (Time = 0.00s, Memory = 60.9K)
Checking Rule Reset_check08 (Rule 299 of total 371) .... done (Time = 0.00s, Memory = -1.5K)
Checking Rule Clock_converge01 (Rule 300 of total 371) .... done (Time = 0.00s, Memory = 0.0K)
Checking Rule Ar_converge01 (Rule 301 of total 371) .... done (Time = 0.00s, Memory = 106.1K)
Checking Rule SGDC_noclockcell_start01 (Rule 302 of total 371) .... done (Time = 0.00s, Memory = -0.7K)
Checking Rule Ac_initseq01 (Rule 303 of total 371) .... done (Time = 0.00s, Memory = 0.0K)
Checking Rule Ac_init01 (Rule 304 of total 371) .... done (Time = 0.00s, Memory = 0.0K)
Checking Rule _ac_Auxi01 (Rule 305 of total 371) .... done (Time = 0.00s, Memory = 0.0K)
Checking Rule Ac_sanity02 (Rule 306 of total 371) .... done (Time = 0.00s, Memory = 0.0K)
Checking Rule _glitch_init (Rule 307 of total 371) .... done (Time = 0.00s, Memory = 0.0K)
Checking Rule Ac_initstate01 (Rule 308 of total 371) .... done (Time = 0.00s, Memory = -0.8K)
Checking Rule Ac_conv02setup01 (Rule 309 of total 371) .... done (Time = 0.00s, Memory = -0.9K)
Checking Rule Ac_abs01 (Rule 310 of total 371) .... done (Time = 0.00s, Memory = 0.0K)
Checking Rule Ac_report01 (Rule 311 of total 371) .... done (Time = 0.00s, Memory = 0.0K)
Checking Rule AllowComboLogicSetup (Rule 312 of total 371) .... done (Time = 0.00s, Memory = 0.0K)
Checking Rule Ac_resetvalue01 (Rule 313 of total 371) .... done (Time = 0.00s, Memory = 0.0K)
Checking Rule Ac_upfsetup02 (Rule 314 of total 371) .... done (Time = 0.00s, Memory = 0.0K)
Checking Rule Ac_upfsetup01 (Rule 315 of total 371) .... done (Time = 0.00s, Memory = 4.7K)
Checking Rule Ac_psync_init (Rule 316 of total 371) .... done (Time = 0.00s, Memory = -32.0K)
Checking Rule Ac_psetup01 (Rule 317 of total 371) .... done (Time = 0.00s, Memory = 0.0K)
Checking Rule Clock_exit01 (Rule 318 of total 371) .... done (Time = 0.00s, Memory = 0.0K)
Checking Rule SGDC_reset_synchronizer02 (Rule 319 of total 371) .... done (Time = 0.00s, Memory = -1.5K)
Checking Rule SGDC_reset_synchronizer04 (Rule 320 of total 371) .... done (Time = 0.00s, Memory = 0.0K)
Checking Rule SGDC_reset_synchronizer06 (Rule 321 of total 371) .... done (Time = 0.00s, Memory = 0.0K)
Checking Rule SGDC_reset_synchronizer08 (Rule 322 of total 371) .... done (Time = 0.00s, Memory = 5.0K)
Checking Rule SGDC_reset_synchronizer10 (Rule 323 of total 371) .... done (Time = 0.00s, Memory = 0.0K)
Checking Rule AnalyzeBBox (Rule 324 of total 371) .... done (Time = 0.00s, Memory = 0.0K)
Checking Rule ReportCheckDataSummary (Rule 325 of total 371) .... done (Time = 0.00s, Memory = 0.0K)

Generating data for Console...

SpyGlass Rule Checking Complete.

Generating moresimple report from './lint_cdc/sys_top/cdc/cdc_setup_check/spyglass.vdb' to './lint_cdc/sys_top/cdc/cdc_setup_check/spyglass_reports/moresimple.rpt' ....

Generating runsummary report from './lint_cdc/sys_top/cdc/cdc_setup_check/spyglass.vdb' ....

Generating no_msg_reporting_rules report from './lint_cdc/sys_top/cdc/cdc_setup_check/spyglass.vdb' to './lint_cdc/sys_top/cdc/cdc_setup_check/spyglass_reports/no_msg_reporting_rules.rpt' ....

Generating CDC-report report from './lint_cdc/sys_top/cdc/cdc_setup_check/spyglass.vdb' to './lint_cdc/sys_top/cdc/cdc_setup_check/spyglass_reports/CDC-report.rpt' ....

Generating CKSGDCInfo report from './lint_cdc/sys_top/cdc/cdc_setup_check/spyglass.vdb' to './lint_cdc/sys_top/cdc/cdc_setup_check/spyglass_reports/CKSGDCInfo.rpt' ....

Generating RSTree report from './lint_cdc/sys_top/cdc/cdc_setup_check/spyglass.vdb' to './lint_cdc/sys_top/cdc/cdc_setup_check/spyglass_reports/RSTree.rpt' ....

Generating CKTree report from './lint_cdc/sys_top/cdc/cdc_setup_check/spyglass.vdb' to './lint_cdc/sys_top/cdc/cdc_setup_check/spyglass_reports/CKTree.rpt' ....

Policy specific data (reports) are present in the directory './lint_cdc/sys_top/cdc/cdc_setup_check/spyglass_reports'.

SpyGlass critical reports for the current run are present in directory './lint_cdc/consolidated_reports/sys_top_cdc_cdc_setup_check/'.

---------------------------------------------------------------------------------------------
Results Summary:
---------------------------------------------------------------------------------------------
   Goal Run           :      cdc/cdc_setup_check
   Command-line read  :      0 error,      0 warning,      1 information message 
   Design Read        :      0 error,      0 warning,      3 information messages
      Found 1 top module:
         sys_top   (file: ../rtl/System_Top/SYS_TOP_dft.v)

   Blackbox Resolution:      0 error,      0 warning,      0 information message 
   SGDC Checks        :      0 error,      0 warning,      1 information message 
   Policy clock-reset :      0 error,      1 warning,     14 information messages
   -------------------------------------------------------------------------------------
   Total              :      0 error,      1 warning,     19 information messages

  Total Number of Generated Messages     :        20 (0 error, 1 warning, 19 Infos)
  Number of Reported Messages            :        20 (0 error, 1 warning, 19 Infos)

---------------------------------------------------------------------------------------------


run_goal: info: updating spyglass.log with goal summary
---------------------------------------------------------------------------------------------------
Results Summary:
---------------------------------------------------------------------------------------------------
   Goal Run           :      cdc/cdc_setup_check
   Top Module         :      sys_top
---------------------------------------------------------------------------------------------------
   Reports Directory: 
   /home/ICer/UART_System/Spyglass2/lint_cdc/consolidated_reports/sys_top_cdc_cdc_setup_check/ 

   SpyGlass LogFile: 
    /home/ICer/UART_System/Spyglass2/lint_cdc/sys_top/cdc/cdc_setup_check/spyglass.log 

   Standard Reports: 
     moresimple.rpt          no_msg_reporting_rules.rpt       

   HTML report:
    /home/ICer/UART_System/Spyglass2/lint_cdc/html_reports/goals_summary.html
  

   Technology Reports:    CDC( Advance CDC  Setup Check )
     CDC-report.rpt          CKSGDCInfo.rpt          CKTree.rpt      
     RSTree.rpt        
   
---------------------------------------------------------------------------------------------------
   Goal Violation Summary:
       Waived   Messages:                      0 Errors,      0 Warnings,      0 Infos
       Reported Messages:         0 Fatals,    0 Errors,      1 Warnings,     19 Infos
---------------------------------------------------------------------------------------------------
   
   Technology Summary: CDC( Advance CDC  Setup Check )   
       Unclocked Registers= 0
---------------------------------------------------------------------------------------------------
 
run_goal: info: spyglass.log successfully updated with goal summary
0 {Rule-checking completed with warnings}./lint_cdc/sys_top/cdc/cdc_setup_check/lint_cdc_waiver_file.awl./lint_cdc/sys_top/cdc/cdc_setup_check/lint_cdc_waiver_file.awl./lint_cdc/sys_top/cdc/cdc_setup_check/lint_cdc_waiver_file.awl6./lint_cdc/sys_top/cdc/cdc_setup_check/lint_cdc_waiver_file.awl./lint_cdc/sys_top/cdc/cdc_setup_check/lint_cdc_waiver_file.awlremove_waiver: info: waiver command corresponding to id 6 successfully deleted
7./lint_cdc/sys_top/cdc/cdc_setup_check/lint_cdc_waiver_file.awlcurrent_goal: warning: design query data not saved for last active goal `cdc/cdc_setup_check'
                       (use `save_goal' command or enable `auto_save' option to save design query data for subsequent goals)
current_goal: info: loading goal `cdc/clock_reset_integrity' with top `sys_top' (in progress)
current_goal: info: finished loading goal `cdc/clock_reset_integrity' (ok)
 Reading sgdc file "spy_cons.sgdc" ...
 Reading waiver file "./lint_cdc/sys_top/cdc/clock_reset_integrity/spyglass_spysch/waiver/pragma2Waiver.swl" ...
 Reading included SGDC file "./lint_cdc/sys_top/cdc/clock_reset_integrity/spyglass_spysch/waiver/pragma2Waiver_varfile.swl" ....

INFO:    SpyGlass will run goal(s) 'cdc/clock_reset_integrity'.


 Auto-compiling gates libraries

        "../System_pnr/std_cells/libs/scmetro_tsmc_cl013g_rvt_ss_1p08v_125c.lib"
        "../System_pnr/std_cells/libs/scmetro_tsmc_cl013g_rvt_tt_1p2v_25c.lib"
        "../System_pnr/std_cells/libs/scmetro_tsmc_cl013g_rvt_ff_1p32v_m40c.lib"
    to
        "./lint_cdc/spyglass_cache/autogenerated_sglib/aggregate.sglib" ...already compiled

 Using this already compiled sglib for the current run ...

RULE-CHECKING IN MIXED MODE
Loading spyglass (SpyGlass_vL-2016.06) ... (picked from /home/synopsys/SpyGlass-L2016.06/SPYGLASS_HOME/policies/spyglass)
Loading clock-reset (SpyGlass_vL-2016.06) ... (picked from /home/synopsys/SpyGlass-L2016.06/SPYGLASS_HOME/policies/clock)
Loading timing (SpyGlass_vL-2016.06) ... (picked from /home/synopsys/SpyGlass-L2016.06/SPYGLASS_HOME/policies/timing)
 Reading sgdc file "spy_cons.sgdc" ...
Reading specified sglib files(s) ....
   Processing library: 'scmetro_tsmc_cl013g_rvt_ss_1p08v_125c' .... done
   Processing library: 'scmetro_tsmc_cl013g_rvt_tt_1p2v_25c' .... done
   Processing library: 'scmetro_tsmc_cl013g_rvt_ff_1p32v_m40c' .... done
Checking Rule AutoGenerateSglib (Rule 1 of total 370) .... done (Time = 0.00s, Memory = 0.0K)

INFO [76]    Using `./lint_cdc/sys_top/WORK/64' as the Work Directory for 64bit precompiled dump.
Checking Rule Param_clockreset07 (Rule 2 of total 370) .... done (Time = 0.00s, Memory = 0.4K)
Checking Rule Clock_setup01 (Rule 3 of total 370) .... done (Time = 0.00s, Memory = 33.0K)
Checking Rule Param_clockreset06 (Rule 4 of total 370) .... done (Time = 0.00s, Memory = 0.0K)
Checking Rule SGDC_meta_monitor_attributes01 (Rule 5 of total 370) .... done (Time = 0.00s, Memory = 0.0K)
Checking Rule LP_POWERDATA_CHECK (Rule 6 of total 370) .... done (Time = 0.00s, Memory = 0.0K)
Checking Rule LP_POWERDATA_READ (Rule 7 of total 370) .... done (Time = 0.00s, Memory = 0.0K)
Checking Rule PrecompileLibCheck01 (Rule 8 of total 370) .... done (Time = 0.00s, Memory = 0.0K)
Checking Rule PrecompileLibCheck02 (Rule 9 of total 370) .... done (Time = 0.00s, Memory = 0.0K)
Checking Rule PrecompileLibCheck03 (Rule 10 of total 370) .... done (Time = 0.00s, Memory = 0.0K)
Checking Rule PrecompileLibCheck04 (Rule 11 of total 370) .... done (Time = 0.00s, Memory = 0.0K)
Checking Rule ElabSummary (Rule 12 of total 370) .... done (Time = 0.00s, Memory = 0.0K)
Checking Rule ReportSglibVersionSummary (Rule 13 of total 370) .... done (Time = 0.00s, Memory = 8.0K)
Checking Rule SGDC_assume_path01 (Rule 14 of total 370) .... done (Time = 0.00s, Memory = -24.0K)
Checking Rule SGDC_sdcschema02 (Rule 15 of total 370) .... done (Time = 0.00s, Memory = 3.0K)
Checking Rule SGDC_clock05 (Rule 16 of total 370) .... done (Time = 0.00s, Memory = 1.5K)
Checking Rule SGDC_clock09 (Rule 17 of total 370) .... done (Time = 0.00s, Memory = 0.0K)
Checking Rule SGDC_force_ta05 (Rule 18 of total 370) .... done (Time = 0.00s, Memory = -0.2K)
Checking Rule SGDC_require_path03 (Rule 19 of total 370) .... done (Time = 0.00s, Memory = 0.0K)
Checking Rule SGDC_require_value03 (Rule 20 of total 370) .... done (Time = 0.00s, Memory = 0.0K)
Checking Rule SGDC_voltagedomain05 (Rule 21 of total 370) .... done (Time = 0.00s, Memory = 8.3K)
Checking Rule SGDC_voltagedomain06 (Rule 22 of total 370) .... done (Time = 0.00s, Memory = 0.0K)
Checking Rule SGDC_voltagedomain07 (Rule 23 of total 370) .... done (Time = 0.00s, Memory = 7.5K)
Checking Rule SGDC_powerdomainoutputs02 (Rule 24 of total 370) .... done (Time = 0.00s, Memory = 7.5K)
Checking Rule SGDC_supply01 (Rule 25 of total 370) .... done (Time = 0.00s, Memory = 6.8K)
Checking Rule SGDC_waive01 (Rule 26 of total 370) .... done (Time = 0.00s, Memory = 4.0K)
Checking Rule SGDC_waive02 (Rule 27 of total 370) .... done (Time = 0.00s, Memory = 0.0K)
Checking Rule SGDC_waive03 (Rule 28 of total 370) .... done (Time = 0.00s, Memory = -0.1K)
Checking Rule SGDC_waive04 (Rule 29 of total 370) .... done (Time = 0.00s, Memory = 0.0K)
Checking Rule SGDC_waive05 (Rule 30 of total 370) .... done (Time = 0.00s, Memory = 8.0K)
Checking Rule SGDC_waive06 (Rule 31 of total 370) .... done (Time = 0.00s, Memory = -32.2K)
Checking Rule SGDC_waive07 (Rule 32 of total 370) .... done (Time = 0.00s, Memory = 0.0K)
Checking Rule SGDC_waive08 (Rule 33 of total 370) .... done (Time = 0.00s, Memory = 0.0K)
Checking Rule SGDC_waive09 (Rule 34 of total 370) .... done (Time = 0.00s, Memory = 0.0K)
Checking Rule SGDC_waive10 (Rule 35 of total 370) .... done (Time = 0.00s, Memory = 0.0K)
Checking Rule SGDC_waive11 (Rule 36 of total 370) .... done (Time = 0.00s, Memory = -0.5K)
Checking Rule SGDC_waive12 (Rule 37 of total 370) .... done (Time = 0.00s, Memory = 0.0K)
Checking Rule SGDC_waive13 (Rule 38 of total 370) .... done (Time = 0.00s, Memory = 0.0K)
Checking Rule SGDC_waive21 (Rule 39 of total 370) .... done (Time = 0.00s, Memory = 0.0K)
Checking Rule SGDC_waive22 (Rule 40 of total 370) .... done (Time = 0.00s, Memory = 0.0K)
Checking Rule SGDC_waive30 (Rule 41 of total 370) .... done (Time = 0.00s, Memory = 0.0K)
Checking Rule SGDC_waive32 (Rule 42 of total 370) .... done (Time = 0.00s, Memory = 0.0K)
Checking Rule SGDC_waive33 (Rule 43 of total 370) .... done (Time = 0.00s, Memory = 3.7K)
Checking Rule SGDC_waive36 (Rule 44 of total 370) .... done (Time = 0.00s, Memory = 0.0K)
Checking Rule SGDC_waive38 (Rule 45 of total 370) .... done (Time = 0.00s, Memory = 4.7K)
Checking Rule SGDC_fifo01 (Rule 46 of total 370) .... done (Time = 0.00s, Memory = 0.0K)
Checking Rule SGDC_libgroup01 (Rule 47 of total 370) .... done (Time = 0.00s, Memory = 0.6K)
Checking Rule SGDC_libgroup02 (Rule 48 of total 370) .... done (Time = 0.00s, Memory = 0.0K)
Checking Rule SGDC_libgroup04 (Rule 49 of total 370) .... done (Time = 0.00s, Memory = 0.7K)
Checking Rule SGDC_power_data01 (Rule 50 of total 370) .... done (Time = 0.00s, Memory = 6.9K)
Checking Rule SGDC_ungroup01 (Rule 51 of total 370) .... done (Time = 0.00s, Memory = -1.1K)
Checking Rule SGDC_abstract_port06 (Rule 52 of total 370) .... done (Time = 0.00s, Memory = 6.8K)
Checking Rule SGDC_abstract_port14 (Rule 53 of total 370) .... done (Time = 0.00s, Memory = 1.7K)
Checking Rule SGDC_abstract_port15 (Rule 54 of total 370) .... done (Time = 0.00s, Memory = 0.0K)
Checking Rule SGDC_abstract_port18 (Rule 55 of total 370) .... done (Time = 0.00s, Memory = 0.0K)
Checking Rule sdc_init_rule (Rule 56 of total 370) .... done (Time = 0.00s, Memory = 0.6K)
Checking Rule CMD_ignorelibs01 (Rule 57 of total 370) .... done (Time = 0.00s, Memory = 0.0K)
Checking Rule ReportRuleNotRun (Rule 58 of total 370) .... done (Time = 0.01s, Memory = 13.8K)
Checking Rule SGDC_generated_clock03 (Rule 59 of total 370) .... done (Time = 0.00s, Memory = 0.0K)
Checking Rule SGDC_generated_clock04 (Rule 60 of total 370) .... done (Time = 0.00s, Memory = 11.5K)
Checking Rule SGDC_generated_clock05 (Rule 61 of total 370) .... done (Time = 0.00s, Memory = 0.0K)
Checking Rule SGDC_quasi_static_style02 (Rule 62 of total 370) .... done (Time = 0.00s, Memory = 8.4K)
Checking Rule SGDC_syncresetstyle01 (Rule 63 of total 370) .... done (Time = 0.00s, Memory = 0.0K)
Checking Rule SGDC_network_allowed_cells01 (Rule 64 of total 370) .... done (Time = 0.00s, Memory = 13.1K)
Checking Rule SGDC_numflops01 (Rule 65 of total 370) .... done (Time = 0.00s, Memory = 0.0K)
Checking Rule SGDC_numflops07 (Rule 66 of total 370) .... done (Time = 0.00s, Memory = 0.0K)
Checking Rule SGDC_numflops08 (Rule 67 of total 370) .... done (Time = 0.00s, Memory = 4.0K)
Checking Rule SGDC_numflops09 (Rule 68 of total 370) .... done (Time = 0.00s, Memory = 7.5K)
Checking Rule SGDC_clocksense04 (Rule 69 of total 370) .... done (Time = 0.00s, Memory = 0.0K)
Checking Rule SGDC_check_clock_relation05a (Rule 70 of total 370) .... done (Time = 0.00s, Memory = 0.0K)
Checking Rule SGDC_check_clock_relation05b (Rule 71 of total 370) .... done (Time = 0.00s, Memory = 7.5K)
Checking Rule SGDC_sync_cell08a (Rule 72 of total 370) .... done (Time = 0.00s, Memory = 11.5K)
Checking Rule SGDC_sync_cell09a (Rule 73 of total 370) .... done (Time = 0.00s, Memory = 0.0K)
Checking Rule SGDC_qualifier06 (Rule 74 of total 370) .... done (Time = 0.00s, Memory = 4.0K)
Checking Rule SGDC_cdc_waive03 (Rule 75 of total 370) .... done (Time = 0.00s, Memory = -0.9K)
Checking Rule SGDC_qualifier09 (Rule 76 of total 370) .... done (Time = 0.00s, Memory = 24.5K)
Checking Rule SGDC_qualifier15 (Rule 77 of total 370) .... done (Time = 0.00s, Memory = 9.7K)
Checking Rule SGDC_allow_combo_logic01 (Rule 78 of total 370) .... done (Time = 0.00s, Memory = -8.0K)
Checking Rule SGDC_reset_filter_path01 (Rule 79 of total 370) .... done (Time = 0.00s, Memory = 8.0K)
Checking Rule SGDC_cdc_false_path05 (Rule 80 of total 370) .... done (Time = 0.00s, Memory = 7.5K)
Checking Rule Param_clockreset05 (Rule 81 of total 370) .... done (Time = 0.00s, Memory = -23.6K)
Checking Rule Ac_sanity01 (Rule 82 of total 370) .... done (Time = 0.00s, Memory = 8.0K)
Checking Rule Ac_sanity06 (Rule 83 of total 370) .... done (Time = 0.00s, Memory = 5.8K)
Checking Rule Ac_license01 (Rule 84 of total 370) .... done (Time = 0.00s, Memory = 3.1K)
Checking Rule SGDC_reset_synchronizer07 (Rule 85 of total 370) .... done (Time = 0.00s, Memory = 0.0K)
 Reading waiver file "./lint_cdc/sys_top/cdc/clock_reset_integrity/spyglass_spysch/waiver/pragma2Waiver.swl" ...
 Reading included SGDC file "./lint_cdc/sys_top/cdc/clock_reset_integrity/spyglass_spysch/waiver/pragma2Waiver_varfile.swl" ....
Checking Rule ReportStopSummary (Rule 86 of total 370) .... done (Time = 0.00s, Memory = 0.0K)
Checking Rule ReportIgnoreSummary (Rule 87 of total 370) .... done (Time = 0.00s, Memory = 4.7K)

INFO [235]    Restoring design database from directory './lint_cdc/sys_top/.SG_SaveRestoreDB/autogenerated__default_snapshot' ...
              done

Checking Rule InferBlackBox (Rule 88 of total 370) .... done (Time = 0.00s, Memory = -0.3K)
Checking Rule SGDC_waive37 (Rule 89 of total 370) .... done (Time = 0.00s, Memory = 0.0K)
Checking Rule SGDC_waive24 (Rule 90 of total 370) .... done (Time = 0.00s, Memory = 0.0K)
Checking Rule SGDC_waive25 (Rule 91 of total 370) .... done (Time = 0.00s, Memory = 0.0K)
Checking Rule SGDC_waive31 (Rule 92 of total 370) .... done (Time = 0.00s, Memory = 0.0K)
Checking Rule SGDC_waive35 (Rule 93 of total 370) .... done (Time = 0.00s, Memory = -0.2K)
Checking Rule ReportSglibSummary (Rule 94 of total 370) .... done (Time = 0.00s, Memory = 0.0K)
Checking Rule DetectTopDesignUnits (Rule 95 of total 370)
 Detected 1 top level design units:
     sys_top
 .... done (Time = 0.00s, Memory = 0.0K)
Checking Rule GenerateConfMap (Rule 96 of total 370) .... done (Time = 0.00s, Memory = 0.0K)
Checking Rule Pragma_setupa for module CLK_GATE (Rule 97 of total 370) .... done (Time = 0.00s, Memory = 0.0K)
Checking Rule Reset_check01 for module CLK_GATE (Rule 98 of total 370) .... done (Time = 0.00s, Memory = 0.0K)
Checking Rule Pragma_setupa for module RST_SYNCH (Rule 97 of total 370) .... done (Time = 0.00s, Memory = 0.0K)
Checking Rule Reset_check01 for module RST_SYNCH (Rule 98 of total 370) .... done (Time = 0.00s, Memory = 0.0K)
Checking Rule Pragma_setupa for module clk_div (Rule 97 of total 370) .... done (Time = 0.00s, Memory = 0.0K)
Checking Rule Reset_check01 for module clk_div (Rule 98 of total 370) .... done (Time = 0.00s, Memory = 0.0K)
Checking Rule Pragma_setupa for module DeSerializer (Rule 97 of total 370) .... done (Time = 0.00s, Memory = 0.0K)
Checking Rule Reset_check01 for module DeSerializer (Rule 98 of total 370) .... done (Time = 0.00s, Memory = 0.0K)
Checking Rule Pragma_setupa for module Data_sampling (Rule 97 of total 370) .... done (Time = 0.00s, Memory = 0.0K)
Checking Rule Reset_check01 for module Data_sampling (Rule 98 of total 370) .... done (Time = 0.00s, Memory = 0.0K)
Checking Rule Pragma_setupa for module Edge_Bit_Counter (Rule 97 of total 370) .... done (Time = 0.00s, Memory = 0.0K)
Checking Rule Reset_check01 for module Edge_Bit_Counter (Rule 98 of total 370) .... done (Time = 0.00s, Memory = 0.0K)
Checking Rule Pragma_setupa for module Parity_chk (Rule 97 of total 370) .... done (Time = 0.00s, Memory = 0.0K)
Checking Rule Reset_check01 for module Parity_chk (Rule 98 of total 370) .... done (Time = 0.00s, Memory = 0.0K)
Checking Rule Pragma_setupa for module Strt_chk (Rule 97 of total 370) .... done (Time = 0.00s, Memory = 0.0K)
Checking Rule Reset_check01 for module Strt_chk (Rule 98 of total 370) .... done (Time = 0.00s, Memory = 0.0K)
Checking Rule Pragma_setupa for module stp_chk (Rule 97 of total 370) .... done (Time = 0.00s, Memory = 0.0K)
Checking Rule Reset_check01 for module stp_chk (Rule 98 of total 370) .... done (Time = 0.00s, Memory = 0.0K)
Checking Rule Pragma_setupa for module RX_FSM (Rule 97 of total 370) .... done (Time = 0.00s, Memory = 0.0K)
Checking Rule Reset_check01 for module RX_FSM (Rule 98 of total 370) .... done (Time = 0.00s, Memory = 0.0K)
Checking Rule Pragma_setupa for module RX_TOP (Rule 97 of total 370) .... done (Time = 0.00s, Memory = 0.0K)
Checking Rule Reset_check01 for module RX_TOP (Rule 98 of total 370) .... done (Time = 0.00s, Memory = 0.0K)
Checking Rule Pragma_setupa for module MUX (Rule 97 of total 370) .... done (Time = 0.00s, Memory = 0.0K)
Checking Rule Reset_check01 for module MUX (Rule 98 of total 370) .... done (Time = 0.00s, Memory = 0.0K)
Checking Rule Pragma_setupa for module parity (Rule 97 of total 370) .... done (Time = 0.00s, Memory = 0.0K)
Checking Rule Reset_check01 for module parity (Rule 98 of total 370) .... done (Time = 0.00s, Memory = 0.0K)
Checking Rule Pragma_setupa for module TX_FSM (Rule 97 of total 370) .... done (Time = 0.00s, Memory = 0.0K)
Checking Rule Reset_check01 for module TX_FSM (Rule 98 of total 370) .... done (Time = 0.00s, Memory = 0.0K)
Checking Rule Pragma_setupa for module serializer (Rule 97 of total 370) .... done (Time = 0.00s, Memory = 0.0K)
Checking Rule Reset_check01 for module serializer (Rule 98 of total 370) .... done (Time = 0.00s, Memory = 0.0K)
Checking Rule Pragma_setupa for module TX_TOP (Rule 97 of total 370) .... done (Time = 0.00s, Memory = 0.0K)
Checking Rule Reset_check01 for module TX_TOP (Rule 98 of total 370) .... done (Time = 0.00s, Memory = 0.0K)
Checking Rule Pragma_setupa for module UART (Rule 97 of total 370) .... done (Time = 0.00s, Memory = 0.0K)
Checking Rule Reset_check01 for module UART (Rule 98 of total 370) .... done (Time = 0.00s, Memory = 0.0K)
Checking Rule Pragma_setupa for module Data_Synch (Rule 97 of total 370) .... done (Time = 0.00s, Memory = 0.0K)
Checking Rule Reset_check01 for module Data_Synch (Rule 98 of total 370) .... done (Time = 0.00s, Memory = 0.0K)
Checking Rule Pragma_setupa for module SYS_CTRL (Rule 97 of total 370) .... done (Time = 0.00s, Memory = 0.0K)
Checking Rule Reset_check01 for module SYS_CTRL (Rule 98 of total 370) .... done (Time = 0.00s, Memory = 0.0K)
Checking Rule Pragma_setupa for module Register (Rule 97 of total 370) .... done (Time = 0.00s, Memory = 0.0K)
Checking Rule Reset_check01 for module Register (Rule 98 of total 370) .... done (Time = 0.00s, Memory = 0.0K)
Checking Rule Pragma_setupa for module ALU (Rule 97 of total 370) .... done (Time = 0.00s, Memory = 0.0K)
Checking Rule Reset_check01 for module ALU (Rule 98 of total 370) .... done (Time = 0.00s, Memory = 0.0K)
Checking Rule Pragma_setupa for module FIFO_RD (Rule 97 of total 370) .... done (Time = 0.00s, Memory = 0.0K)
Checking Rule Reset_check01 for module FIFO_RD (Rule 98 of total 370) .... done (Time = 0.00s, Memory = 0.0K)
Checking Rule Pragma_setupa for module FIFO_WR (Rule 97 of total 370) .... done (Time = 0.00s, Memory = 0.0K)
Checking Rule Reset_check01 for module FIFO_WR (Rule 98 of total 370) .... done (Time = 0.00s, Memory = 0.0K)
Checking Rule Pragma_setupa for module DF_SYNC (Rule 97 of total 370) .... done (Time = 0.00s, Memory = 0.0K)
Checking Rule Reset_check01 for module DF_SYNC (Rule 98 of total 370) .... done (Time = 0.00s, Memory = 0.0K)
Checking Rule Pragma_setupa for module FIFO_MEM_CNTRL (Rule 97 of total 370) .... done (Time = 0.00s, Memory = 0.0K)
Checking Rule Reset_check01 for module FIFO_MEM_CNTRL (Rule 98 of total 370) .... done (Time = 0.00s, Memory = 0.0K)
Checking Rule Pragma_setupa for module FIFO_TOP (Rule 97 of total 370) .... done (Time = 0.00s, Memory = 0.0K)
Checking Rule Reset_check01 for module FIFO_TOP (Rule 98 of total 370) .... done (Time = 0.00s, Memory = 0.0K)
Checking Rule Pragma_setupa for module PULSE_GEN (Rule 97 of total 370) .... done (Time = 0.00s, Memory = 0.0K)
Checking Rule Reset_check01 for module PULSE_GEN (Rule 98 of total 370) .... done (Time = 0.00s, Memory = 0.0K)
Checking Rule Pragma_setupa for module sys_top (Rule 97 of total 370) .... done (Time = 0.00s, Memory = 0.0K)
Checking Rule Reset_check01 for module sys_top (Rule 98 of total 370) .... done (Time = 0.00s, Memory = 0.0K)
Performing semantic checks on SGDC contents
Checking Rule SGDC_testmode03 (Rule 99 of total 370) .... done (Time = 0.00s, Memory = 0.0K)
Checking Rule Pragma_setupb (Rule 100 of total 370) .... done (Time = 0.00s, Memory = 0.0K)
Checking Rule _vhMeta01 (Rule 101 of total 370) .... done (Time = 0.00s, Memory = 0.0K)
Checking Rule _meta_delay01 (Rule 102 of total 370) .... done (Time = 0.00s, Memory = 0.0K)
Checking Rule LogNMuxPrereq (Rule 103 of total 370) .... done (Time = 0.00s, Memory = 3.6K)
Checking Rule CheckCelldefine (Rule 104 of total 370) .... done (Time = 0.00s, Memory = 0.0K)
Checking Rule checkSGDC_01 (Rule 105 of total 370) .... done (Time = 0.00s, Memory = 0.0K)
Checking Rule checkSGDC_03 (Rule 106 of total 370) .... done (Time = 0.00s, Memory = 0.0K)
Checking Rule checkSGDC_08 (Rule 107 of total 370) .... done (Time = 0.00s, Memory = 0.0K)
Checking Rule SGDC_memorywritepin04 (Rule 108 of total 370) .... done (Time = 0.00s, Memory = 7.5K)
Checking Rule SGDC_reset02 (Rule 109 of total 370) .... done (Time = 0.00s, Memory = 2.2K)
Checking Rule SGDC_reset03 (Rule 110 of total 370) .... done (Time = 0.00s, Memory = 0.8K)
Checking Rule SGDC_waive23 (Rule 111 of total 370) .... done (Time = 0.00s, Memory = 0.0K)
Checking Rule SGDC_waive26 (Rule 112 of total 370) .... done (Time = 0.00s, Memory = 0.3K)
Checking Rule SGDC_waive27 (Rule 113 of total 370) .... done (Time = 0.00s, Memory = 0.0K)
Checking Rule SGDC_waive29 (Rule 114 of total 370) .... done (Time = 0.00s, Memory = 4.0K)
Checking Rule SGDC_libgroup03 (Rule 115 of total 370) .... done (Time = 0.00s, Memory = -0.5K)
Checking Rule SGDC_ungroup02 (Rule 116 of total 370) .... done (Time = 0.00s, Memory = -6.8K)
Checking Rule _abstractPortSGDC (Rule 117 of total 370) .... done (Time = 0.00s, Memory = 36.5K)
Checking Rule SGDC_abstract_port03 (Rule 118 of total 370) .... done (Time = 0.00s, Memory = 0.0K)
Checking Rule SGDC_abstract_port04 (Rule 119 of total 370) .... done (Time = 0.00s, Memory = 0.9K)
Checking Rule SGDC_abstract_port05 (Rule 120 of total 370) .... done (Time = 0.00s, Memory = 0.0K)
Checking Rule SGDC_abstract_port07 (Rule 121 of total 370) .... done (Time = 0.00s, Memory = 0.0K)
Checking Rule SGDC_abstract_port08 (Rule 122 of total 370) .... done (Time = 0.00s, Memory = 32.0K)
Checking Rule SGDC_abstract_port10 (Rule 123 of total 370) .... done (Time = 0.00s, Memory = 0.0K)
Checking Rule SGDC_abstract_port11 (Rule 124 of total 370) .... done (Time = 0.00s, Memory = 5.9K)
Checking Rule SGDC_abstract_port12 (Rule 125 of total 370) .... done (Time = 0.00s, Memory = 1.0K)
Checking Rule SGDC_abstract_port13 (Rule 126 of total 370) .... done (Time = 0.00s, Memory = 7.1K)
Checking Rule _cdc_save_license01 (Rule 127 of total 370) .... done (Time = 0.00s, Memory = 0.2K)
Checking Rule syncRstReq (Rule 128 of total 370) .... done (Time = 0.00s, Memory = -8.0K)
Checking Rule syncRstReq (Rule 129 of total 370) .... done (Time = 0.00s, Memory = -0.1K)
Checking Rule _syncResetStyleRTL (Rule 130 of total 370) .... done (Time = 0.00s, Memory = 0.0K)
Checking Rule _deltaDelay (Rule 131 of total 370) .... done (Time = 0.00s, Memory = 0.0K)
Checking Rule _deltaDelay (Rule 132 of total 370) .... done (Time = 0.00s, Memory = 0.0K)
Checking Rule _deltaDelayNom (Rule 133 of total 370) .... done (Time = 0.00s, Memory = 0.0K)
Checking Rule Ac_multitop01 (Rule 134 of total 370) .... done (Time = 0.00s, Memory = 0.0K)
Checking Rule AcOvlRtl (Rule 135 of total 370) .... done (Time = 0.00s, Memory = 1.1K)
Checking Rule AcOvlRtl (Rule 136 of total 370) .... done (Time = 0.00s, Memory = 10.5K)
Checking Rule Ac_svasetup01 (Rule 137 of total 370) .... done (Time = 0.00s, Memory = 0.0K)
Checking Rule ReportUngroup (Rule 138 of total 370) .... done (Time = 0.00s, Memory = 0.0K)
Checking Rule SGDC_allow_combo_logic02 (Rule 139 of total 370) .... done (Time = 0.00s, Memory = 0.0K)
Checking Rule _portRetenClocknReset (Rule 140 of total 370) .... done (Time = 0.00s, Memory = 0.0K)
Checking Rule _portReten (Rule 141 of total 370) .... done (Time = 0.00s, Memory = 1.0K)
Checking Rule SGDC_meta_design_hier01 (Rule 142 of total 370) .... done (Time = 0.00s, Memory = 0.0K)
Checking Rule LP_POWERDATA_INFO (Rule 143 of total 370) .... done (Time = 0.00s, Memory = 0.0K)
Checking Rule SGDC_abstract_port21 (Rule 144 of total 370) .... done (Time = 0.00s, Memory = 0.0K)
Checking Rule SGDC_input02 (Rule 145 of total 370) .... done (Time = 0.00s, Memory = -1.7K)
Checking Rule SGDC_input03 (Rule 146 of total 370) .... done (Time = 0.00s, Memory = 8.0K)
Checking Rule SGDC_output02 (Rule 147 of total 370) .... done (Time = 0.00s, Memory = -8.0K)
Checking Rule SGDC_output04 (Rule 148 of total 370) .... done (Time = 0.00s, Memory = -8.0K)
Checking Rule SGDC_numflops03a (Rule 149 of total 370) .... done (Time = 0.00s, Memory = 0.0K)
Checking Rule SGDC_numflops03b (Rule 150 of total 370) .... done (Time = 0.00s, Memory = 0.0K)
Checking Rule SGDC_numflops12 (Rule 151 of total 370) .... done (Time = 0.00s, Memory = -24.0K)
Checking Rule SGDC_sync_cell02b (Rule 152 of total 370) .... done (Time = 0.00s, Memory = 0.0K)
Checking Rule SGDC_sync_cell11 (Rule 153 of total 370) .... done (Time = 0.00s, Memory = 12.0K)
Checking Rule SGDC_qualifier02c (Rule 154 of total 370) .... done (Time = 0.00s, Memory = -3.0K)
Checking Rule SGDC_qualifier03c (Rule 155 of total 370) .... done (Time = 0.00s, Memory = 0.0K)
Checking Rule LPwrRulesSetup (Rule 156 of total 370) .... done (Time = 0.00s, Memory = -1.3K)
 Flattening sys_top (.lib instances separately flattened) ....
 Flattening completed
Checking Rule SGDC_quasi_static_style01 (Rule 157 of total 370) .... done (Time = 0.00s, Memory = 0.6K)
Checking Rule SignalTypeSetup (Rule 158 of total 370) .... done (Time = 0.00s, Memory = 6.8K)
Checking Rule _allowInst (Rule 159 of total 370) .... done (Time = 0.00s, Memory = 7.9K)
Checking Rule _ipblock (Rule 160 of total 370) .... done (Time = 0.00s, Memory = 0.0K)
Checking Rule _rstSyncCellInst (Rule 161 of total 370) .... done (Time = 0.00s, Memory = 0.2K)
Checking Rule _syncCellDelayedQualifier (Rule 162 of total 370) .... done (Time = 0.00s, Memory = 0.0K)
Checking Rule _repeaterCellInst (Rule 163 of total 370) .... done (Time = 0.00s, Memory = 0.0K)
Checking Rule _abstract_port (Rule 164 of total 370) .... done (Time = 0.00s, Memory = 30.9K)
Checking Rule Clock_setup02 (Rule 165 of total 370) .... done (Time = 0.00s, Memory = 6.8K)
Checking Rule Clockmatrix01 (Rule 166 of total 370) .... done (Time = 0.00s, Memory = -3.5K)
Checking Rule Clock_prop (Rule 167 of total 370) .... done (Time = 0.01s, Memory = 617.3K)
Checking Rule Reset_prop (Rule 168 of total 370) .... done (Time = 0.00s, Memory = 103.7K)
Checking Rule SGDC_generated_clock06 (Rule 169 of total 370) .... done (Time = 0.00s, Memory = -0.8K)
Checking Rule Propagate_Clocks (Rule 170 of total 370) .... done (Time = 0.01s, Memory = 171.3K)
Checking Rule _syncreset_prop (Rule 171 of total 370) .... done (Time = 0.00s, Memory = 16.0K)
Checking Rule _syncc (Rule 172 of total 370) .... done (Time = 0.00s, Memory = 0.1K)
Checking Rule _syncb (Rule 173 of total 370) .... done (Time = 0.00s, Memory = 0.9K)
Checking Rule _resetPathCross (Rule 174 of total 370) .... done (Time = 0.00s, Memory = -0.3K)
Checking Rule FalsePathSetup (Rule 175 of total 370) .... done (Time = 0.00s, Memory = 0.0K)
Checking Rule _fifo01 (Rule 176 of total 370) .... done (Time = 0.00s, Memory = 0.0K)
Checking Rule _syncfifo (Rule 177 of total 370) .... done (Time = 0.00s, Memory = 0.0K)
Checking Rule _syncUDfifo (Rule 178 of total 370) .... done (Time = 0.00s, Memory = 30.1K)
Checking Rule _syncdw (Rule 179 of total 370) .... done (Time = 0.00s, Memory = 0.0K)
Checking Rule _syncd (Rule 180 of total 370) .... done (Time = 0.00s, Memory = -20.9K)
Checking Rule _syncg (Rule 181 of total 370) .... done (Time = 0.00s, Memory = 11.2K)
Checking Rule _sync_clock (Rule 182 of total 370) .... done (Time = 0.00s, Memory = 0.0K)
Checking Rule _sync_gp (Rule 183 of total 370) .... done (Time = 0.00s, Memory = 0.0K)
Checking Rule _sync_and (Rule 184 of total 370) .... done (Time = 0.00s, Memory = 0.0K)
Checking Rule _synci (Rule 185 of total 370) .... done (Time = 0.00s, Memory = 0.0K)
Checking Rule _sync_qualifier (Rule 186 of total 370) .... done (Time = 0.00s, Memory = -0.4K)
Checking Rule SGDC_fifo11 (Rule 187 of total 370) .... done (Time = 0.00s, Memory = 0.0K)
Checking Rule SGDC_fifo12 (Rule 188 of total 370) .... done (Time = 0.00s, Memory = 0.0K)
Checking Rule SGDC_fifo13 (Rule 189 of total 370) .... done (Time = 0.00s, Memory = 0.0K)
Checking Rule SGDC_fifo14 (Rule 190 of total 370) .... done (Time = 0.01s, Memory = 0.0K)
Checking Rule Gen_diff01 (Rule 191 of total 370) .... done (Time = 0.00s, Memory = 0.0K)
Checking Rule _debugData (Rule 192 of total 370) .... done (Time = 0.00s, Memory = 0.0K)
Checking Rule Ac_Sync_Init (Rule 193 of total 370) .... done (Time = 0.00s, Memory = 0.0K)
Checking Rule _propagate_cdcAttrib (Rule 194 of total 370) .... done (Time = 0.00s, Memory = -3.0K)
Checking Rule Ar_Cross_Init (Rule 195 of total 370) .... done (Time = 0.00s, Memory = 0.0K)
Checking Rule SGDC_cdc_define_transition01 (Rule 196 of total 370) .... done (Time = 0.00s, Memory = 0.0K)
Checking Rule UPF_lowpower08PR (Rule 197 of total 370) .... done (Time = 0.00s, Memory = -0.8K)
Checking Rule UPF_lowpower08 (Rule 198 of total 370) .... done (Time = 0.00s, Memory = 12.2K)
Checking Rule Setup_check01 (Rule 199 of total 370) .... done (Time = 0.01s, Memory = -0.8K)
Checking Rule Setup_check02 (Rule 200 of total 370) .... done (Time = 0.00s, Memory = 0.0K)
Checking Rule Info_Case_Analysis (Rule 201 of total 370) .... done (Time = 0.00s, Memory = 15.3K)
Checking Rule SGDC_set_case_analysis_LC (Rule 202 of total 370) .... done (Time = 0.00s, Memory = 30.9K)
Checking Rule SGDC_signal_in_domain02 (Rule 203 of total 370) .... done (Time = 0.00s, Memory = 0.0K)
Checking Rule SGDC_signal_in_domain04 (Rule 204 of total 370) .... done (Time = 0.00s, Memory = 0.0K)
Checking Rule SGDC_numflops03c (Rule 205 of total 370) .... done (Time = 0.00s, Memory = -8.0K)
Checking Rule SGDC_numflops04 (Rule 206 of total 370) .... done (Time = 0.00s, Memory = 0.0K)
Checking Rule SGDC_numflops05 (Rule 207 of total 370) .... done (Time = 0.00s, Memory = -0.4K)
Checking Rule SGDC_numflops06 (Rule 208 of total 370) .... done (Time = 0.00s, Memory = 0.0K)
Checking Rule SGDC_numflops11 (Rule 209 of total 370) .... done (Time = 0.00s, Memory = 37.8K)
Checking Rule SGDC_numflops13 (Rule 210 of total 370) .... done (Time = 0.00s, Memory = 0.0K)
Checking Rule SGDC_numflops14 (Rule 211 of total 370) .... done (Time = 0.00s, Memory = 31.2K)
Checking Rule SGDC_clocksense02 (Rule 212 of total 370) .... done (Time = 0.00s, Memory = -1.0K)
Checking Rule SGDC_clocksense03 (Rule 213 of total 370) .... done (Time = 0.00s, Memory = 0.0K)
Checking Rule SGDC_sgclkgroup01 (Rule 214 of total 370) .... done (Time = 0.00s, Memory = 0.0K)
Checking Rule SGDC_sgclkgroup02 (Rule 215 of total 370) .... done (Time = 0.00s, Memory = -1.5K)
Checking Rule SGDC_sgclkgroup03 (Rule 216 of total 370) .... done (Time = 0.00s, Memory = 0.0K)
Checking Rule SGDC_check_clock_relation01a (Rule 217 of total 370) .... done (Time = 0.00s, Memory = 0.0K)
Checking Rule SGDC_check_clock_relation01b (Rule 218 of total 370) .... done (Time = 0.00s, Memory = 0.0K)
Checking Rule SGDC_check_clock_relation01c (Rule 219 of total 370) .... done (Time = 0.00s, Memory = 0.0K)
Checking Rule SGDC_check_clock_relation02a (Rule 220 of total 370) .... done (Time = 0.00s, Memory = 0.0K)
Checking Rule SGDC_check_clock_relation02b (Rule 221 of total 370) .... done (Time = 0.00s, Memory = 3.1K)
Checking Rule SGDC_check_clock_relation02c (Rule 222 of total 370) .... done (Time = 0.00s, Memory = -4.4K)
Checking Rule SGDC_check_clock_relation03b (Rule 223 of total 370) .... done (Time = 0.00s, Memory = 0.0K)
Checking Rule SGDC_check_clock_relation04b (Rule 224 of total 370) .... done (Time = 0.00s, Memory = 6.2K)
Checking Rule CheckClockRelationSetup (Rule 225 of total 370) .... done (Time = 0.00s, Memory = 0.0K)
Checking Rule SGDC_gray_signals01 (Rule 226 of total 370) .... done (Time = 0.00s, Memory = 0.0K)
Checking Rule SGDC_gray_signals02 (Rule 227 of total 370) .... done (Time = 0.00s, Memory = 0.0K)
Checking Rule SGDC_gray_signals03 (Rule 228 of total 370) .... done (Time = 0.00s, Memory = 0.0K)
Checking Rule SGDC_qualifier02a (Rule 229 of total 370) .... done (Time = 0.00s, Memory = 0.0K)
Checking Rule SGDC_qualifier03a (Rule 230 of total 370) .... done (Time = 0.00s, Memory = 0.0K)
Checking Rule SGDC_qualifier04 (Rule 231 of total 370) .... done (Time = 0.00s, Memory = 5.5K)
Checking Rule SGDC_qualifier05 (Rule 232 of total 370) .... done (Time = 0.00s, Memory = -8.0K)
Checking Rule SGDC_qualifier08 (Rule 233 of total 370) .... done (Time = 0.00s, Memory = 0.0K)
Checking Rule QualifierSetup (Rule 234 of total 370) .... done (Time = 0.00s, Memory = -24.0K)
Checking Rule ResetSynchronizerSetup (Rule 235 of total 370) .... done (Time = 0.00s, Memory = 0.0K)
Checking Rule SGDC_validation_filter_path03 (Rule 236 of total 370) .... done (Time = 0.00s, Memory = -8.0K)
Checking Rule SGDC_qualifier10 (Rule 237 of total 370) .... done (Time = 0.00s, Memory = -14.8K)
Checking Rule SGDC_qualifier11 (Rule 238 of total 370) .... done (Time = 0.00s, Memory = -8.1K)
Checking Rule SGDC_qualifier12 (Rule 239 of total 370) .... done (Time = 0.00s, Memory = -0.6K)
Checking Rule SGDC_qualifier13 (Rule 240 of total 370) .... done (Time = 0.00s, Memory = -0.5K)
Checking Rule SGDC_qualifier14 (Rule 241 of total 370) .... done (Time = 0.00s, Memory = 0.0K)
Checking Rule SGDC_qualifier16 (Rule 242 of total 370) .... done (Time = 0.00s, Memory = 0.0K)
Checking Rule SGDC_qualifier18 (Rule 243 of total 370) .... done (Time = 0.00s, Memory = 0.0K)
Checking Rule SGDC_qualifier19a (Rule 244 of total 370) .... done (Time = 0.00s, Memory = 0.0K)
Checking Rule SGDC_qualifier19b (Rule 245 of total 370) .... done (Time = 0.00s, Memory = 0.0K)
Checking Rule SGDC_qualifier19c (Rule 246 of total 370) .... done (Time = 0.00s, Memory = 0.0K)
Checking Rule SGDC_qualifier20b (Rule 247 of total 370) .... done (Time = 0.00s, Memory = -2.0K)
Checking Rule SGDC_qualifier21 (Rule 248 of total 370) .... done (Time = 0.00s, Memory = 0.0K)
Checking Rule SGDC_qualifier22 (Rule 249 of total 370) .... done (Time = 0.00s, Memory = 0.0K)
Checking Rule SGDC_qualifier23 (Rule 250 of total 370) .... done (Time = 0.00s, Memory = 0.0K)
Checking Rule SGDC_virtualclock01 (Rule 251 of total 370) .... done (Time = 0.00s, Memory = 0.0K)
Checking Rule SGDC_virtualreset01 (Rule 252 of total 370) .... done (Time = 0.00s, Memory = -1.8K)
Checking Rule SGDC_abstract_port19 (Rule 253 of total 370) .... done (Time = 0.00s, Memory = -1.9K)
Checking Rule SGDC_abstract_port20 (Rule 254 of total 370) .... done (Time = 0.00s, Memory = -8.0K)
Checking Rule RFPSetup (Rule 255 of total 370) .... done (Time = 0.00s, Memory = -0.4K)
Checking Rule SGDC_reset_filter_path02a (Rule 256 of total 370) .... done (Time = 0.00s, Memory = -0.5K)
Checking Rule SGDC_reset_filter_path02b (Rule 257 of total 370) .... done (Time = 0.00s, Memory = 0.0K)
Checking Rule SGDC_reset_filter_path02c (Rule 258 of total 370) .... done (Time = 0.00s, Memory = 0.0K)
Checking Rule SGDC_reset_filter_path03a (Rule 259 of total 370) .... done (Time = 0.00s, Memory = 0.0K)
Checking Rule SGDC_reset_filter_path03b (Rule 260 of total 370) .... done (Time = 0.00s, Memory = 0.0K)
Checking Rule SGDC_reset_filter_path03c (Rule 261 of total 370) .... done (Time = 0.00s, Memory = 0.0K)
Checking Rule SGDC_reset_filter_path04b (Rule 262 of total 370) .... done (Time = 0.00s, Memory = 0.0K)
Checking Rule SGDC_reset_filter_path07a (Rule 263 of total 370) .... done (Time = 0.00s, Memory = 0.0K)
Checking Rule SGDC_reset_filter_path07b (Rule 264 of total 370) .... done (Time = 0.00s, Memory = 0.0K)
Checking Rule SGDC_reset_filter_path07c (Rule 265 of total 370) .... done (Time = 0.00s, Memory = 0.0K)
Checking Rule SGDC_define_reset_order03 (Rule 266 of total 370) .... done (Time = 0.00s, Memory = 0.0K)
Checking Rule SGDC_define_reset_order04 (Rule 267 of total 370) .... done (Time = 0.00s, Memory = 0.0K)
Checking Rule SGDC_define_reset_order05 (Rule 268 of total 370) .... done (Time = 0.00s, Memory = 0.0K)
Checking Rule SGDC_cdc_false_path06 (Rule 269 of total 370) .... done (Time = 0.00s, Memory = -8.0K)
Checking Rule SGDC_cdc_false_path07 (Rule 270 of total 370) .... done (Time = 0.00s, Memory = -24.0K)
Checking Rule SGDC_cdc_false_path08 (Rule 271 of total 370) .... done (Time = 0.00s, Memory = 0.0K)
Checking Rule CDCSet_License01 (Rule 272 of total 370) .... done (Time = 0.00s, Memory = -8.0K)
Checking Rule Clock_check01 (Rule 273 of total 370) .... done (Time = 0.00s, Memory = 34.5K)
Checking Rule Propagate_Resets (Rule 274 of total 370) .... done (Time = 0.00s, Memory = -2.9K)
Checking Rule _reset_sync (Rule 275 of total 370) .... done (Time = 0.00s, Memory = 0.0K)
Checking Rule Reset_check02 (Rule 276 of total 370) .... done (Time = 0.00s, Memory = 9.7K)
Checking Rule Clock_info05b (Rule 277 of total 370) .... done (Time = 0.00s, Memory = 0.0K)
Checking Rule Clock_glitch02 (Rule 278 of total 370) .... done (Time = 0.00s, Memory = 38.1K)
Checking Rule Clock_glitch03 (Rule 279 of total 370) .... done (Time = 0.00s, Memory = 0.0K)
Checking Rule Clock_glitch04 (Rule 280 of total 370) .... done (Time = 0.00s, Memory = -7.1K)
Checking Rule Clock_Reset_info01 (Rule 281 of total 370) .... done (Time = 0.00s, Memory = 39.2K)
Checking Rule Reset_check03 (Rule 282 of total 370) .... done (Time = 0.00s, Memory = 0.4K)
Checking Rule Clock_Reset_check02 (Rule 283 of total 370) .... done (Time = 0.00s, Memory = 3.9K)
Checking Rule Clock_Reset_check03 (Rule 284 of total 370) .... done (Time = 0.00s, Memory = -18.8K)
Checking Rule Clock_check04 (Rule 285 of total 370) .... done (Time = 0.00s, Memory = 0.0K)
Checking Rule _clkWrapModules (Rule 286 of total 370) .... done (Time = 0.00s, Memory = 1.4K)
Checking Rule _clock_hier_rules (Rule 287 of total 370) .... done (Time = 0.00s, Memory = 0.0K)
Checking Rule Reset_check06 (Rule 288 of total 370) .... done (Time = 0.00s, Memory = 0.0K)
Checking Rule Ar_sync_init (Rule 289 of total 370) .... done (Time = 0.00s, Memory = 49.1K)
Checking Rule _constrCoverage (Rule 290 of total 370) .... done (Time = 0.01s, Memory = 17.1K)
Checking Rule Reset_check07 (Rule 291 of total 370) .... done (Time = 0.00s, Memory = 0.0K)
Checking Rule Reset_check04 (Rule 292 of total 370) .... done (Time = 0.00s, Memory = -14.6K)
Checking Rule Clock_Reset_check01 (Rule 293 of total 370) .... done (Time = 0.00s, Memory = -0.2K)
Checking Rule SGDC_clockreset02 (Rule 294 of total 370) .... done (Time = 0.00s, Memory = 0.0K)
Checking Rule Param_clockreset02 (Rule 295 of total 370) .... done (Time = 0.00s, Memory = -10.8K)
Checking Rule Param_clockreset04 (Rule 296 of total 370) .... done (Time = 0.00s, Memory = 0.0K)
Checking Rule Setup_clockreset01 (Rule 297 of total 370) .... done (Time = 0.00s, Memory = 0.0K)
Checking Rule Clock_check07 (Rule 298 of total 370) .... done (Time = 0.00s, Memory = 0.0K)
Checking Rule Reset_check08 (Rule 299 of total 370) .... done (Time = 0.00s, Memory = 0.0K)
Checking Rule Clock_converge01 (Rule 300 of total 370) .... done (Time = 0.00s, Memory = -0.5K)
Checking Rule Ar_converge01 (Rule 301 of total 370) .... done (Time = 0.00s, Memory = 1.1K)
Checking Rule SGDC_noclockcell_start01 (Rule 302 of total 370) .... done (Time = 0.00s, Memory = 0.0K)
Checking Rule Ac_initseq01 (Rule 303 of total 370) .... done (Time = 0.00s, Memory = 24.0K)
Checking Rule Ac_init01 (Rule 304 of total 370) .... done (Time = 0.00s, Memory = -8.0K)
Checking Rule _ac_Auxi01 (Rule 305 of total 370) .... done (Time = 0.00s, Memory = 1.6K)
Checking Rule Ac_sanity02 (Rule 306 of total 370) .... done (Time = 0.00s, Memory = 8.0K)
Checking Rule _glitch_init (Rule 307 of total 370) .... done (Time = 0.00s, Memory = 32.0K)
Checking Rule Ac_initstate01 (Rule 308 of total 370) .... done (Time = 0.00s, Memory = 3.4K)
Checking Rule Ac_conv02setup01 (Rule 309 of total 370) .... done (Time = 0.00s, Memory = 0.0K)
Checking Rule Ac_abs01 (Rule 310 of total 370) .... done (Time = 0.00s, Memory = -2.8K)
Checking Rule Ac_report01 (Rule 311 of total 370) .... done (Time = 0.00s, Memory = 0.0K)
Checking Rule AllowComboLogicSetup (Rule 312 of total 370) .... done (Time = 0.00s, Memory = 0.0K)
Checking Rule Ac_upfsetup02 (Rule 313 of total 370) .... done (Time = 0.00s, Memory = 8.0K)
Checking Rule Ac_upfsetup01 (Rule 314 of total 370) .... done (Time = 0.00s, Memory = 0.0K)
Checking Rule Ac_psync_init (Rule 315 of total 370) .... done (Time = 0.00s, Memory = 0.0K)
Checking Rule Ac_psetup01 (Rule 316 of total 370) .... done (Time = 0.00s, Memory = 0.0K)
Checking Rule Clock_exit01 (Rule 317 of total 370) .... done (Time = 0.00s, Memory = 0.0K)
Checking Rule SGDC_reset_synchronizer02 (Rule 318 of total 370) .... done (Time = 0.00s, Memory = -0.2K)
Checking Rule SGDC_reset_synchronizer04 (Rule 319 of total 370) .... done (Time = 0.00s, Memory = -0.8K)
Checking Rule SGDC_reset_synchronizer06 (Rule 320 of total 370) .... done (Time = 0.00s, Memory = 0.0K)
Checking Rule SGDC_reset_synchronizer08 (Rule 321 of total 370) .... done (Time = 0.00s, Memory = -8.4K)
Checking Rule SGDC_reset_synchronizer10 (Rule 322 of total 370) .... done (Time = 0.00s, Memory = 5.8K)
Checking Rule ClockEnableRace (Rule 323 of total 370) .... done (Time = 0.00s, Memory = 11.3K)
Checking Rule AnalyzeBBox (Rule 324 of total 370) .... done (Time = 0.00s, Memory = 0.4K)
Checking Rule ReportCheckDataSummary (Rule 325 of total 370) .... done (Time = 0.00s, Memory = 0.0K)

Generating data for Console...

SpyGlass Rule Checking Complete.

Generating moresimple report from './lint_cdc/sys_top/cdc/clock_reset_integrity/spyglass.vdb' to './lint_cdc/sys_top/cdc/clock_reset_integrity/spyglass_reports/moresimple.rpt' ....

Generating runsummary report from './lint_cdc/sys_top/cdc/clock_reset_integrity/spyglass.vdb' ....

Generating no_msg_reporting_rules report from './lint_cdc/sys_top/cdc/clock_reset_integrity/spyglass.vdb' to './lint_cdc/sys_top/cdc/clock_reset_integrity/spyglass_reports/no_msg_reporting_rules.rpt' ....

Generating CDC-report report from './lint_cdc/sys_top/cdc/clock_reset_integrity/spyglass.vdb' to './lint_cdc/sys_top/cdc/clock_reset_integrity/spyglass_reports/CDC-report.rpt' ....

Generating CKSGDCInfo report from './lint_cdc/sys_top/cdc/clock_reset_integrity/spyglass.vdb' to './lint_cdc/sys_top/cdc/clock_reset_integrity/spyglass_reports/CKSGDCInfo.rpt' ....

Policy specific data (reports) are present in the directory './lint_cdc/sys_top/cdc/clock_reset_integrity/spyglass_reports'.

SpyGlass critical reports for the current run are present in directory './lint_cdc/consolidated_reports/sys_top_cdc_clock_reset_integrity/'.

---------------------------------------------------------------------------------------------
Results Summary:
---------------------------------------------------------------------------------------------
   Goal Run           :      cdc/clock_reset_integrity
   Command-line read  :      0 error,      0 warning,      1 information message 
   Design Read        :      0 error,      0 warning,      3 information messages
      Found 1 top module:
         sys_top   (file: ../rtl/System_Top/SYS_TOP_dft.v)

   Blackbox Resolution:      0 error,      0 warning,      0 information message 
   SGDC Checks        :      0 error,      0 warning,      1 information message 
   Policy clock-reset :      0 error,      1 warning,      4 information messages
   -------------------------------------------------------------------------------------
   Total              :      0 error,      1 warning,      9 information messages

  Total Number of Generated Messages     :        10 (0 error, 1 warning, 9 Infos)
  Number of Reported Messages            :        10 (0 error, 1 warning, 9 Infos)

---------------------------------------------------------------------------------------------


run_goal: info: updating spyglass.log with goal summary
---------------------------------------------------------------------------------------------------
Results Summary:
---------------------------------------------------------------------------------------------------
   Goal Run           :      cdc/clock_reset_integrity
   Top Module         :      sys_top
---------------------------------------------------------------------------------------------------
   Reports Directory: 
   /home/ICer/UART_System/Spyglass2/lint_cdc/consolidated_reports/sys_top_cdc_clock_reset_integrity/ 

   SpyGlass LogFile: 
    /home/ICer/UART_System/Spyglass2/lint_cdc/sys_top/cdc/clock_reset_integrity/spyglass.log 

   Standard Reports: 
     moresimple.rpt          no_msg_reporting_rules.rpt       

   HTML report:
    /home/ICer/UART_System/Spyglass2/lint_cdc/html_reports/goals_summary.html
  

   Technology Reports:  
     CDC-report.rpt          CKSGDCInfo.rpt        
   
---------------------------------------------------------------------------------------------------
   Goal Violation Summary:
       Waived   Messages:                      0 Errors,      0 Warnings,      0 Infos
       Reported Messages:         0 Fatals,    0 Errors,      1 Warnings,      9 Infos
---------------------------------------------------------------------------------------------------
   
---------------------------------------------------------------------------------------------------
 
run_goal: info: spyglass.log successfully updated with goal summary
0 {Rule-checking completed with warnings}./lint_cdc/sys_top/cdc/clock_reset_integrity/lint_cdc_waiver_file.awl./lint_cdc/sys_top/cdc/clock_reset_integrity/lint_cdc_waiver_file.awl./lint_cdc/sys_top/cdc/clock_reset_integrity/lint_cdc_waiver_file.awl8./lint_cdc/sys_top/cdc/clock_reset_integrity/lint_cdc_waiver_file.awlcurrent_goal: warning: design query data not saved for last active goal `cdc/clock_reset_integrity'
                       (use `save_goal' command or enable `auto_save' option to save design query data for subsequent goals)
current_goal: info: loading goal `cdc/cdc_verify_struct' with top `sys_top' (in progress)
current_goal: info: finished loading goal `cdc/cdc_verify_struct' (ok)
 Reading sgdc file "spy_cons.sgdc" ...
 Reading waiver file "./lint_cdc/sys_top/cdc/cdc_verify_struct/spyglass_spysch/waiver/pragma2Waiver.swl" ...
 Reading included SGDC file "./lint_cdc/sys_top/cdc/cdc_verify_struct/spyglass_spysch/waiver/pragma2Waiver_varfile.swl" ....

INFO:    SpyGlass will run goal(s) 'cdc/cdc_verify_struct'.


 Auto-compiling gates libraries

        "../System_pnr/std_cells/libs/scmetro_tsmc_cl013g_rvt_ss_1p08v_125c.lib"
        "../System_pnr/std_cells/libs/scmetro_tsmc_cl013g_rvt_tt_1p2v_25c.lib"
        "../System_pnr/std_cells/libs/scmetro_tsmc_cl013g_rvt_ff_1p32v_m40c.lib"
    to
        "./lint_cdc/spyglass_cache/autogenerated_sglib/aggregate.sglib" ...already compiled

 Using this already compiled sglib for the current run ...

RULE-CHECKING IN MIXED MODE
Loading spyglass (SpyGlass_vL-2016.06) ... (picked from /home/synopsys/SpyGlass-L2016.06/SPYGLASS_HOME/policies/spyglass)
Loading clock-reset (SpyGlass_vL-2016.06) ... (picked from /home/synopsys/SpyGlass-L2016.06/SPYGLASS_HOME/policies/clock)
 Reading sgdc file "spy_cons.sgdc" ...
Reading specified sglib files(s) ....
   Processing library: 'scmetro_tsmc_cl013g_rvt_ss_1p08v_125c' .... done
   Processing library: 'scmetro_tsmc_cl013g_rvt_tt_1p2v_25c' .... done
   Processing library: 'scmetro_tsmc_cl013g_rvt_ff_1p32v_m40c' .... done
Checking Rule AutoGenerateSglib (Rule 1 of total 402) .... done (Time = 0.00s, Memory = 0.0K)

INFO [76]    Using `./lint_cdc/sys_top/WORK/64' as the Work Directory for 64bit precompiled dump.
Checking Rule Param_clockreset07 (Rule 2 of total 402) .... done (Time = 0.00s, Memory = -1.2K)
Checking Rule Clock_setup01 (Rule 3 of total 402) .... done (Time = 0.00s, Memory = 26.1K)
Checking Rule Param_clockreset06 (Rule 4 of total 402) .... done (Time = 0.00s, Memory = 0.0K)
Checking Rule SGDC_meta_monitor_attributes01 (Rule 5 of total 402) .... done (Time = 0.00s, Memory = 0.0K)
Checking Rule LP_POWERDATA_CHECK (Rule 6 of total 402) .... done (Time = 0.00s, Memory = 0.0K)
Checking Rule LP_POWERDATA_READ (Rule 7 of total 402) .... done (Time = 0.00s, Memory = 0.0K)
Checking Rule PrecompileLibCheck01 (Rule 8 of total 402) .... done (Time = 0.00s, Memory = 4.4K)
Checking Rule PrecompileLibCheck02 (Rule 9 of total 402) .... done (Time = 0.00s, Memory = 0.0K)
Checking Rule PrecompileLibCheck03 (Rule 10 of total 402) .... done (Time = 0.00s, Memory = 0.0K)
Checking Rule PrecompileLibCheck04 (Rule 11 of total 402) .... done (Time = 0.00s, Memory = 0.0K)
Checking Rule ElabSummary (Rule 12 of total 402) .... done (Time = 0.00s, Memory = 25.0K)
Checking Rule ReportSglibVersionSummary (Rule 13 of total 402) .... done (Time = 0.00s, Memory = 0.0K)
Checking Rule SGDC_assume_path01 (Rule 14 of total 402) .... done (Time = 0.00s, Memory = -0.3K)
Checking Rule SGDC_sdcschema02 (Rule 15 of total 402) .... done (Time = 0.00s, Memory = 1.2K)
Checking Rule SGDC_clock05 (Rule 16 of total 402) .... done (Time = 0.00s, Memory = -30.5K)
Checking Rule SGDC_clock09 (Rule 17 of total 402) .... done (Time = 0.00s, Memory = 0.2K)
Checking Rule SGDC_force_ta05 (Rule 18 of total 402) .... done (Time = 0.00s, Memory = 0.0K)
Checking Rule SGDC_require_path03 (Rule 19 of total 402) .... done (Time = 0.00s, Memory = 0.0K)
Checking Rule SGDC_require_value03 (Rule 20 of total 402) .... done (Time = 0.00s, Memory = 0.0K)
Checking Rule SGDC_voltagedomain05 (Rule 21 of total 402) .... done (Time = 0.00s, Memory = 7.5K)
Checking Rule SGDC_voltagedomain06 (Rule 22 of total 402) .... done (Time = 0.00s, Memory = 0.0K)
Checking Rule SGDC_voltagedomain07 (Rule 23 of total 402) .... done (Time = 0.00s, Memory = 7.5K)
Checking Rule SGDC_powerdomainoutputs02 (Rule 24 of total 402) .... done (Time = 0.00s, Memory = 7.5K)
Checking Rule SGDC_supply01 (Rule 25 of total 402) .... done (Time = 0.00s, Memory = 0.0K)
Checking Rule SGDC_waive01 (Rule 26 of total 402) .... done (Time = 0.00s, Memory = -6.1K)
Checking Rule SGDC_waive02 (Rule 27 of total 402) .... done (Time = 0.00s, Memory = 0.0K)
Checking Rule SGDC_waive03 (Rule 28 of total 402) .... done (Time = 0.00s, Memory = 0.0K)
Checking Rule SGDC_waive04 (Rule 29 of total 402) .... done (Time = 0.00s, Memory = 1.6K)
Checking Rule SGDC_waive05 (Rule 30 of total 402) .... done (Time = 0.00s, Memory = 23.4K)
Checking Rule SGDC_waive06 (Rule 31 of total 402) .... done (Time = 0.00s, Memory = 32.0K)
Checking Rule SGDC_waive07 (Rule 32 of total 402) .... done (Time = 0.00s, Memory = -0.3K)
Checking Rule SGDC_waive08 (Rule 33 of total 402) .... done (Time = 0.00s, Memory = 3.2K)
Checking Rule SGDC_waive09 (Rule 34 of total 402) .... done (Time = 0.00s, Memory = 8.2K)
Checking Rule SGDC_waive10 (Rule 35 of total 402) .... done (Time = 0.00s, Memory = 0.4K)
Checking Rule SGDC_waive11 (Rule 36 of total 402) .... done (Time = 0.00s, Memory = -0.5K)
Checking Rule SGDC_waive12 (Rule 37 of total 402) .... done (Time = 0.00s, Memory = 0.0K)
Checking Rule SGDC_waive13 (Rule 38 of total 402) .... done (Time = 0.00s, Memory = 0.0K)
Checking Rule SGDC_waive21 (Rule 39 of total 402) .... done (Time = 0.00s, Memory = 0.0K)
Checking Rule SGDC_waive22 (Rule 40 of total 402) .... done (Time = 0.00s, Memory = 0.0K)
Checking Rule SGDC_waive30 (Rule 41 of total 402) .... done (Time = 0.00s, Memory = 0.0K)
Checking Rule SGDC_waive32 (Rule 42 of total 402) .... done (Time = 0.00s, Memory = 0.0K)
Checking Rule SGDC_waive33 (Rule 43 of total 402) .... done (Time = 0.00s, Memory = 0.0K)
Checking Rule SGDC_waive36 (Rule 44 of total 402) .... done (Time = 0.00s, Memory = 0.0K)
Checking Rule SGDC_waive38 (Rule 45 of total 402) .... done (Time = 0.00s, Memory = 0.0K)
Checking Rule SGDC_fifo01 (Rule 46 of total 402) .... done (Time = 0.00s, Memory = 1.9K)
Checking Rule SGDC_libgroup01 (Rule 47 of total 402) .... done (Time = 0.00s, Memory = 0.0K)
Checking Rule SGDC_libgroup02 (Rule 48 of total 402) .... done (Time = 0.00s, Memory = -8.0K)
Checking Rule SGDC_libgroup04 (Rule 49 of total 402) .... done (Time = 0.00s, Memory = 0.0K)
Checking Rule SGDC_power_data01 (Rule 50 of total 402) .... done (Time = 0.00s, Memory = 7.5K)
Checking Rule SGDC_ungroup01 (Rule 51 of total 402) .... done (Time = 0.00s, Memory = 0.8K)
Checking Rule SGDC_abstract_port06 (Rule 52 of total 402) .... done (Time = 0.00s, Memory = 7.5K)
Checking Rule SGDC_abstract_port14 (Rule 53 of total 402) .... done (Time = 0.00s, Memory = -0.2K)
Checking Rule SGDC_abstract_port15 (Rule 54 of total 402) .... done (Time = 0.00s, Memory = 0.0K)
Checking Rule SGDC_abstract_port18 (Rule 55 of total 402) .... done (Time = 0.00s, Memory = 0.0K)
Checking Rule sdc_init_rule (Rule 56 of total 402) .... done (Time = 0.00s, Memory = 6.9K)
Checking Rule CMD_ignorelibs01 (Rule 57 of total 402) .... done (Time = 0.00s, Memory = 0.0K)
Checking Rule ReportRuleNotRun (Rule 58 of total 402) .... done (Time = 0.01s, Memory = -21.1K)
Checking Rule SGDC_generated_clock03 (Rule 59 of total 402) .... done (Time = 0.00s, Memory = 1.6K)
Checking Rule SGDC_generated_clock04 (Rule 60 of total 402) .... done (Time = 0.00s, Memory = 20.2K)
Checking Rule SGDC_generated_clock05 (Rule 61 of total 402) .... done (Time = 0.00s, Memory = -3.5K)
Checking Rule SGDC_quasi_static_style02 (Rule 62 of total 402) .... done (Time = 0.00s, Memory = 0.1K)
Checking Rule SGDC_syncresetstyle01 (Rule 63 of total 402) .... done (Time = 0.00s, Memory = -32.0K)
Checking Rule SGDC_network_allowed_cells01 (Rule 64 of total 402) .... done (Time = 0.00s, Memory = -13.4K)
Checking Rule SGDC_numflops01 (Rule 65 of total 402) .... done (Time = 0.00s, Memory = 0.0K)
Checking Rule SGDC_numflops07 (Rule 66 of total 402) .... done (Time = 0.00s, Memory = 0.0K)
Checking Rule SGDC_numflops08 (Rule 67 of total 402) .... done (Time = 0.00s, Memory = 8.0K)
Checking Rule SGDC_numflops09 (Rule 68 of total 402) .... done (Time = 0.00s, Memory = 7.5K)
Checking Rule SGDC_clocksense04 (Rule 69 of total 402) .... done (Time = 0.00s, Memory = 0.0K)
Checking Rule SGDC_check_clock_relation05a (Rule 70 of total 402) .... done (Time = 0.00s, Memory = -0.1K)
Checking Rule SGDC_check_clock_relation05b (Rule 71 of total 402) .... done (Time = 0.00s, Memory = 9.1K)
Checking Rule SGDC_sync_cell08a (Rule 72 of total 402) .... done (Time = 0.00s, Memory = 7.5K)
Checking Rule SGDC_sync_cell09a (Rule 73 of total 402) .... done (Time = 0.00s, Memory = 0.0K)
Checking Rule SGDC_qualifier06 (Rule 74 of total 402) .... done (Time = 0.00s, Memory = 8.0K)
Checking Rule SGDC_cdc_waive03 (Rule 75 of total 402) .... done (Time = 0.00s, Memory = 0.0K)
Checking Rule SGDC_qualifier09 (Rule 76 of total 402) .... done (Time = 0.00s, Memory = 0.5K)
Checking Rule SGDC_qualifier15 (Rule 77 of total 402) .... done (Time = 0.00s, Memory = 0.9K)
Checking Rule SGDC_allow_combo_logic01 (Rule 78 of total 402) .... done (Time = 0.00s, Memory = -7.5K)
Checking Rule SGDC_reset_filter_path01 (Rule 79 of total 402) .... done (Time = 0.00s, Memory = 32.0K)
Checking Rule SGDC_cdc_false_path05 (Rule 80 of total 402) .... done (Time = 0.00s, Memory = -0.5K)
Checking Rule Param_clockreset05 (Rule 81 of total 402) .... done (Time = 0.00s, Memory = 8.0K)
Checking Rule Ac_sanity01 (Rule 82 of total 402) .... done (Time = 0.00s, Memory = 0.0K)
Checking Rule Ac_sanity06 (Rule 83 of total 402) .... done (Time = 0.00s, Memory = -9.0K)
Checking Rule Ac_license01 (Rule 84 of total 402) .... done (Time = 0.00s, Memory = 8.8K)
Checking Rule SGDC_reset_synchronizer07 (Rule 85 of total 402) .... done (Time = 0.00s, Memory = 0.0K)
 Reading waiver file "./lint_cdc/sys_top/cdc/cdc_verify_struct/spyglass_spysch/waiver/pragma2Waiver.swl" ...
 Reading included SGDC file "./lint_cdc/sys_top/cdc/cdc_verify_struct/spyglass_spysch/waiver/pragma2Waiver_varfile.swl" ....
Checking Rule ReportStopSummary (Rule 86 of total 402) .... done (Time = 0.00s, Memory = 0.0K)
Checking Rule ReportIgnoreSummary (Rule 87 of total 402) .... done (Time = 0.00s, Memory = 0.4K)

INFO [235]    Restoring design database from directory './lint_cdc/sys_top/.SG_SaveRestoreDB/autogenerated__default_snapshot' ...
              done

Checking Rule InferBlackBox (Rule 88 of total 402) .... done (Time = 0.00s, Memory = 0.0K)
Checking Rule SGDC_waive37 (Rule 89 of total 402) .... done (Time = 0.00s, Memory = 0.0K)
Checking Rule SGDC_waive24 (Rule 90 of total 402) .... done (Time = 0.00s, Memory = 0.0K)
Checking Rule SGDC_waive25 (Rule 91 of total 402) .... done (Time = 0.00s, Memory = 0.0K)
Checking Rule SGDC_waive31 (Rule 92 of total 402) .... done (Time = 0.00s, Memory = 0.0K)
Checking Rule SGDC_waive35 (Rule 93 of total 402) .... done (Time = 0.00s, Memory = 0.0K)
Checking Rule ReportSglibSummary (Rule 94 of total 402) .... done (Time = 0.00s, Memory = 0.0K)
Checking Rule DetectTopDesignUnits (Rule 95 of total 402)
 Detected 1 top level design units:
     sys_top
 .... done (Time = 0.01s, Memory = -0.9K)
Checking Rule GenerateConfMap (Rule 96 of total 402) .... done (Time = 0.00s, Memory = 0.0K)
Checking Rule Pragma_setupa for module CLK_GATE (Rule 97 of total 402) .... done (Time = 0.00s, Memory = 0.0K)
Checking Rule Pragma_setupa for module RST_SYNCH (Rule 97 of total 402) .... done (Time = 0.00s, Memory = 0.0K)
Checking Rule Pragma_setupa for module clk_div (Rule 97 of total 402) .... done (Time = 0.00s, Memory = 0.0K)
Checking Rule Pragma_setupa for module DeSerializer (Rule 97 of total 402) .... done (Time = 0.00s, Memory = 0.0K)
Checking Rule Pragma_setupa for module Data_sampling (Rule 97 of total 402) .... done (Time = 0.00s, Memory = 0.0K)
Checking Rule Pragma_setupa for module Edge_Bit_Counter (Rule 97 of total 402) .... done (Time = 0.00s, Memory = 0.0K)
Checking Rule Pragma_setupa for module Parity_chk (Rule 97 of total 402) .... done (Time = 0.00s, Memory = 0.0K)
Checking Rule Pragma_setupa for module Strt_chk (Rule 97 of total 402) .... done (Time = 0.00s, Memory = 0.0K)
Checking Rule Pragma_setupa for module stp_chk (Rule 97 of total 402) .... done (Time = 0.00s, Memory = 0.0K)
Checking Rule Pragma_setupa for module RX_FSM (Rule 97 of total 402) .... done (Time = 0.00s, Memory = 0.0K)
Checking Rule Pragma_setupa for module RX_TOP (Rule 97 of total 402) .... done (Time = 0.00s, Memory = 0.0K)
Checking Rule Pragma_setupa for module MUX (Rule 97 of total 402) .... done (Time = 0.00s, Memory = 0.0K)
Checking Rule Pragma_setupa for module parity (Rule 97 of total 402) .... done (Time = 0.00s, Memory = 0.0K)
Checking Rule Pragma_setupa for module TX_FSM (Rule 97 of total 402) .... done (Time = 0.00s, Memory = 0.0K)
Checking Rule Pragma_setupa for module serializer (Rule 97 of total 402) .... done (Time = 0.00s, Memory = 0.0K)
Checking Rule Pragma_setupa for module TX_TOP (Rule 97 of total 402) .... done (Time = 0.00s, Memory = 0.0K)
Checking Rule Pragma_setupa for module UART (Rule 97 of total 402) .... done (Time = 0.00s, Memory = 0.0K)
Checking Rule Pragma_setupa for module Data_Synch (Rule 97 of total 402) .... done (Time = 0.00s, Memory = 0.0K)
Checking Rule Pragma_setupa for module SYS_CTRL (Rule 97 of total 402) .... done (Time = 0.00s, Memory = 0.0K)
Checking Rule Pragma_setupa for module Register (Rule 97 of total 402) .... done (Time = 0.00s, Memory = 0.0K)
Checking Rule Pragma_setupa for module ALU (Rule 97 of total 402) .... done (Time = 0.00s, Memory = 0.0K)
Checking Rule Pragma_setupa for module FIFO_RD (Rule 97 of total 402) .... done (Time = 0.00s, Memory = 0.0K)
Checking Rule Pragma_setupa for module FIFO_WR (Rule 97 of total 402) .... done (Time = 0.00s, Memory = 0.0K)
Checking Rule Pragma_setupa for module DF_SYNC (Rule 97 of total 402) .... done (Time = 0.00s, Memory = 0.0K)
Checking Rule Pragma_setupa for module FIFO_MEM_CNTRL (Rule 97 of total 402) .... done (Time = 0.00s, Memory = 0.0K)
Checking Rule Pragma_setupa for module FIFO_TOP (Rule 97 of total 402) .... done (Time = 0.00s, Memory = 0.0K)
Checking Rule Pragma_setupa for module PULSE_GEN (Rule 97 of total 402) .... done (Time = 0.00s, Memory = 0.0K)
Checking Rule Pragma_setupa for module sys_top (Rule 97 of total 402) .... done (Time = 0.00s, Memory = 0.0K)
Performing semantic checks on SGDC contents
Checking Rule SGDC_testmode03 (Rule 98 of total 402) .... done (Time = 0.00s, Memory = 0.0K)
Checking Rule Pragma_setupb (Rule 99 of total 402) .... done (Time = 0.00s, Memory = 0.0K)
Checking Rule _vhMeta01 (Rule 100 of total 402) .... done (Time = 0.00s, Memory = 0.0K)
Checking Rule _meta_delay01 (Rule 101 of total 402) .... done (Time = 0.00s, Memory = 0.0K)
Checking Rule CheckCelldefine (Rule 102 of total 402) .... done (Time = 0.00s, Memory = -27.7K)
Checking Rule checkSGDC_01 (Rule 103 of total 402) .... done (Time = 0.00s, Memory = 0.0K)
Checking Rule checkSGDC_03 (Rule 104 of total 402) .... done (Time = 0.00s, Memory = 0.0K)
Checking Rule checkSGDC_08 (Rule 105 of total 402) .... done (Time = 0.00s, Memory = 0.0K)
Checking Rule SGDC_memorywritepin04 (Rule 106 of total 402) .... done (Time = 0.00s, Memory = 7.5K)
Checking Rule SGDC_reset02 (Rule 107 of total 402) .... done (Time = 0.00s, Memory = 7.5K)
Checking Rule SGDC_reset03 (Rule 108 of total 402) .... done (Time = 0.00s, Memory = 0.0K)
Checking Rule SGDC_waive23 (Rule 109 of total 402) .... done (Time = 0.00s, Memory = 0.0K)
Checking Rule SGDC_waive26 (Rule 110 of total 402) .... done (Time = 0.00s, Memory = 0.3K)
Checking Rule SGDC_waive27 (Rule 111 of total 402) .... done (Time = 0.00s, Memory = 0.0K)
Checking Rule SGDC_waive29 (Rule 112 of total 402) .... done (Time = 0.00s, Memory = 0.0K)
Checking Rule SGDC_libgroup03 (Rule 113 of total 402) .... done (Time = 0.00s, Memory = 0.0K)
Checking Rule SGDC_ungroup02 (Rule 114 of total 402) .... done (Time = 0.00s, Memory = -30.7K)
Checking Rule _abstractPortSGDC (Rule 115 of total 402) .... done (Time = 0.00s, Memory = -1.7K)
Checking Rule SGDC_abstract_port03 (Rule 116 of total 402) .... done (Time = 0.00s, Memory = -6.1K)
Checking Rule SGDC_abstract_port04 (Rule 117 of total 402) .... done (Time = 0.00s, Memory = 0.9K)
Checking Rule SGDC_abstract_port05 (Rule 118 of total 402) .... done (Time = 0.00s, Memory = 0.0K)
Checking Rule SGDC_abstract_port07 (Rule 119 of total 402) .... done (Time = 0.00s, Memory = 0.0K)
Checking Rule SGDC_abstract_port08 (Rule 120 of total 402) .... done (Time = 0.00s, Memory = 0.0K)
Checking Rule SGDC_abstract_port10 (Rule 121 of total 402) .... done (Time = 0.00s, Memory = 0.0K)
Checking Rule SGDC_abstract_port11 (Rule 122 of total 402) .... done (Time = 0.00s, Memory = -4.3K)
Checking Rule SGDC_abstract_port12 (Rule 123 of total 402) .... done (Time = 0.00s, Memory = -1.0K)
Checking Rule SGDC_abstract_port13 (Rule 124 of total 402) .... done (Time = 0.00s, Memory = 0.0K)
Checking Rule _cdc_save_license01 (Rule 125 of total 402) .... done (Time = 0.00s, Memory = 4.2K)
Checking Rule syncRstReq (Rule 126 of total 402) .... done (Time = 0.00s, Memory = 0.0K)
Checking Rule syncRstReq (Rule 127 of total 402) .... done (Time = 0.00s, Memory = 0.0K)
Checking Rule _syncResetStyleRTL (Rule 128 of total 402) .... done (Time = 0.00s, Memory = -24.0K)
Checking Rule _deltaDelay (Rule 129 of total 402) .... done (Time = 0.00s, Memory = 0.0K)
Checking Rule _deltaDelay (Rule 130 of total 402) .... done (Time = 0.00s, Memory = 0.0K)
Checking Rule _deltaDelayNom (Rule 131 of total 402) .... done (Time = 0.00s, Memory = 0.0K)
Checking Rule Ac_multitop01 (Rule 132 of total 402) .... done (Time = 0.00s, Memory = 3.1K)
Checking Rule AcOvlRtl (Rule 133 of total 402) .... done (Time = 0.00s, Memory = -32.0K)
Checking Rule AcOvlRtl (Rule 134 of total 402) .... done (Time = 0.00s, Memory = 32.0K)
Checking Rule Ac_svasetup01 (Rule 135 of total 402) .... done (Time = 0.00s, Memory = 0.0K)
Checking Rule ReportUngroup (Rule 136 of total 402) .... done (Time = 0.00s, Memory = 0.0K)
Checking Rule SGDC_allow_combo_logic02 (Rule 137 of total 402) .... done (Time = 0.00s, Memory = 4.7K)
Checking Rule _portRetenClocknReset (Rule 138 of total 402) .... done (Time = 0.00s, Memory = -0.9K)
Checking Rule _portReten (Rule 139 of total 402) .... done (Time = 0.00s, Memory = 1.0K)
Checking Rule SGDC_meta_design_hier01 (Rule 140 of total 402) .... done (Time = 0.00s, Memory = 0.0K)
Checking Rule LP_POWERDATA_INFO (Rule 141 of total 402) .... done (Time = 0.00s, Memory = 0.0K)
Checking Rule SGDC_abstract_port21 (Rule 142 of total 402) .... done (Time = 0.00s, Memory = 0.0K)
Checking Rule SGDC_input02 (Rule 143 of total 402) .... done (Time = 0.00s, Memory = -2.0K)
Checking Rule SGDC_input03 (Rule 144 of total 402) .... done (Time = 0.00s, Memory = 32.0K)
Checking Rule SGDC_output02 (Rule 145 of total 402) .... done (Time = 0.00s, Memory = 0.0K)
Checking Rule SGDC_output04 (Rule 146 of total 402) .... done (Time = 0.00s, Memory = 12.0K)
Checking Rule SGDC_numflops03a (Rule 147 of total 402) .... done (Time = 0.00s, Memory = 1.6K)
Checking Rule SGDC_numflops03b (Rule 148 of total 402) .... done (Time = 0.00s, Memory = 0.0K)
Checking Rule SGDC_numflops12 (Rule 149 of total 402) .... done (Time = 0.00s, Memory = 8.0K)
Checking Rule SGDC_sync_cell02b (Rule 150 of total 402) .... done (Time = 0.00s, Memory = -2.0K)
Checking Rule SGDC_sync_cell11 (Rule 151 of total 402) .... done (Time = 0.00s, Memory = 0.0K)
Checking Rule SGDC_qualifier02c (Rule 152 of total 402) .... done (Time = 0.00s, Memory = -3.0K)
Checking Rule SGDC_qualifier03c (Rule 153 of total 402) .... done (Time = 0.00s, Memory = -3.5K)
Checking Rule LPwrRulesSetup (Rule 154 of total 402) .... done (Time = 0.00s, Memory = 0.0K)
 Flattening sys_top (.lib instances separately flattened) ....
 Flattening completed
Checking Rule SGDC_quasi_static_style01 (Rule 155 of total 402) .... done (Time = 0.00s, Memory = 32.6K)
Checking Rule SignalTypeSetup (Rule 156 of total 402) .... done (Time = 0.00s, Memory = 15.8K)
Checking Rule _allowInst (Rule 157 of total 402) .... done (Time = 0.00s, Memory = 15.8K)
Checking Rule _ipblock (Rule 158 of total 402) .... done (Time = 0.00s, Memory = 0.0K)
Checking Rule _rstSyncCellInst (Rule 159 of total 402) .... done (Time = 0.00s, Memory = 0.1K)
Checking Rule _syncCellDelayedQualifier (Rule 160 of total 402) .... done (Time = 0.00s, Memory = 0.0K)
Checking Rule _repeaterCellInst (Rule 161 of total 402) .... done (Time = 0.00s, Memory = 0.0K)
Checking Rule _abstract_port (Rule 162 of total 402) .... done (Time = 0.00s, Memory = 14.4K)
Checking Rule Clock_setup02 (Rule 163 of total 402) .... done (Time = 0.01s, Memory = 11.3K)
Checking Rule Clockmatrix01 (Rule 164 of total 402) .... done (Time = 0.00s, Memory = 0.0K)
Checking Rule Clock_prop (Rule 165 of total 402) .... done (Time = 0.00s, Memory = 607.6K)
Checking Rule Reset_prop (Rule 166 of total 402) .... done (Time = 0.00s, Memory = 75.5K)
Checking Rule SGDC_generated_clock06 (Rule 167 of total 402) .... done (Time = 0.00s, Memory = 0.0K)
Checking Rule Propagate_Clocks (Rule 168 of total 402) .... done (Time = 0.01s, Memory = 234.3K)
Checking Rule _syncreset_prop (Rule 169 of total 402) .... done (Time = 0.00s, Memory = 0.0K)
Checking Rule _syncc (Rule 170 of total 402) .... done (Time = 0.00s, Memory = 0.9K)
Checking Rule _syncb (Rule 171 of total 402) .... done (Time = 0.00s, Memory = 24.5K)
Checking Rule _resetPathCross (Rule 172 of total 402) .... done (Time = 0.00s, Memory = 0.0K)
Checking Rule FalsePathSetup (Rule 173 of total 402) .... done (Time = 0.00s, Memory = 0.0K)
Checking Rule _fifo01 (Rule 174 of total 402) .... done (Time = 0.00s, Memory = 5.2K)
Checking Rule _syncfifo (Rule 175 of total 402) .... done (Time = 0.00s, Memory = -0.5K)
Checking Rule _syncUDfifo (Rule 176 of total 402) .... done (Time = 0.01s, Memory = 20.2K)
Checking Rule _syncdw (Rule 177 of total 402) .... done (Time = 0.00s, Memory = 3.9K)
Checking Rule _syncd (Rule 178 of total 402) .... done (Time = 0.00s, Memory = 3.1K)
Checking Rule _syncg (Rule 179 of total 402) .... done (Time = 0.00s, Memory = 12.0K)
Checking Rule _sync_clock (Rule 180 of total 402) .... done (Time = 0.00s, Memory = 0.0K)
Checking Rule _sync_gp (Rule 181 of total 402) .... done (Time = 0.00s, Memory = 0.0K)
Checking Rule _sync_and (Rule 182 of total 402) .... done (Time = 0.00s, Memory = 0.0K)
Checking Rule _synci (Rule 183 of total 402) .... done (Time = 0.00s, Memory = 0.0K)
Checking Rule _sync_qualifier (Rule 184 of total 402) .... done (Time = 0.00s, Memory = 0.0K)
Checking Rule SGDC_fifo11 (Rule 185 of total 402) .... done (Time = 0.00s, Memory = 0.0K)
Checking Rule SGDC_fifo12 (Rule 186 of total 402) .... done (Time = 0.00s, Memory = 0.0K)
Checking Rule SGDC_fifo13 (Rule 187 of total 402) .... done (Time = 0.00s, Memory = -24.0K)
Checking Rule SGDC_fifo14 (Rule 188 of total 402) .... done (Time = 0.00s, Memory = 0.0K)
Checking Rule Gen_diff01 (Rule 189 of total 402) .... done (Time = 0.00s, Memory = -2.0K)
Checking Rule _debugData (Rule 190 of total 402) .... done (Time = 0.01s, Memory = 52.7K)
Checking Rule Ac_Sync_Init (Rule 191 of total 402) .... done (Time = 0.01s, Memory = 262.7K)
Checking Rule _propagate_cdcAttrib (Rule 192 of total 402) .... done (Time = 0.00s, Memory = 7.6K)
Checking Rule Ar_Cross_Init (Rule 193 of total 402) .... done (Time = 0.00s, Memory = 0.0K)
Checking Rule SGDC_cdc_define_transition01 (Rule 194 of total 402) .... done (Time = 0.00s, Memory = 0.0K)
Checking Rule UPF_lowpower08PR (Rule 195 of total 402) .... done (Time = 0.00s, Memory = 2.3K)
Checking Rule UPF_lowpower08 (Rule 196 of total 402) .... done (Time = 0.00s, Memory = 0.0K)
Checking Rule Setup_check01 (Rule 197 of total 402) .... done (Time = 0.00s, Memory = 3.1K)
Checking Rule Setup_check02 (Rule 198 of total 402) .... done (Time = 0.00s, Memory = 0.0K)
Checking Rule Info_Case_Analysis (Rule 199 of total 402) .... done (Time = 0.01s, Memory = -8.9K)
Checking Rule SGDC_set_case_analysis_LC (Rule 200 of total 402) .... done (Time = 0.00s, Memory = -11.8K)
Checking Rule Setup_quasi_static01 (Rule 201 of total 402) .... done (Time = 0.00s, Memory = 74.7K)
Checking Rule SGDC_signal_in_domain02 (Rule 202 of total 402) .... done (Time = 0.00s, Memory = 0.0K)
Checking Rule SGDC_signal_in_domain04 (Rule 203 of total 402) .... done (Time = 0.00s, Memory = 32.3K)
Checking Rule SGDC_numflops03c (Rule 204 of total 402) .... done (Time = 0.00s, Memory = -2.0K)
Checking Rule SGDC_numflops04 (Rule 205 of total 402) .... done (Time = 0.00s, Memory = 0.0K)
Checking Rule SGDC_numflops05 (Rule 206 of total 402) .... done (Time = 0.00s, Memory = 0.0K)
Checking Rule SGDC_numflops06 (Rule 207 of total 402) .... done (Time = 0.00s, Memory = -1.5K)
Checking Rule SGDC_numflops11 (Rule 208 of total 402) .... done (Time = 0.00s, Memory = 0.0K)
Checking Rule SGDC_numflops13 (Rule 209 of total 402) .... done (Time = 0.00s, Memory = 0.0K)
Checking Rule SGDC_numflops14 (Rule 210 of total 402) .... done (Time = 0.00s, Memory = 0.0K)
Checking Rule SGDC_clocksense02 (Rule 211 of total 402) .... done (Time = 0.00s, Memory = 0.0K)
Checking Rule SGDC_clocksense03 (Rule 212 of total 402) .... done (Time = 0.00s, Memory = 0.0K)
Checking Rule SGDC_sgclkgroup01 (Rule 213 of total 402) .... done (Time = 0.00s, Memory = 0.0K)
Checking Rule SGDC_sgclkgroup02 (Rule 214 of total 402) .... done (Time = 0.00s, Memory = 0.0K)
Checking Rule SGDC_sgclkgroup03 (Rule 215 of total 402) .... done (Time = 0.00s, Memory = 0.0K)
Checking Rule SGDC_check_clock_relation01a (Rule 216 of total 402) .... done (Time = 0.00s, Memory = 0.0K)
Checking Rule SGDC_check_clock_relation01b (Rule 217 of total 402) .... done (Time = 0.00s, Memory = 0.0K)
Checking Rule SGDC_check_clock_relation01c (Rule 218 of total 402) .... done (Time = 0.00s, Memory = 0.0K)
Checking Rule SGDC_check_clock_relation02a (Rule 219 of total 402) .... done (Time = 0.00s, Memory = 0.0K)
Checking Rule SGDC_check_clock_relation02b (Rule 220 of total 402) .... done (Time = 0.00s, Memory = 0.0K)
Checking Rule SGDC_check_clock_relation02c (Rule 221 of total 402) .... done (Time = 0.00s, Memory = 0.0K)
Checking Rule SGDC_check_clock_relation03b (Rule 222 of total 402) .... done (Time = 0.00s, Memory = -0.3K)
Checking Rule SGDC_check_clock_relation04b (Rule 223 of total 402) .... done (Time = 0.00s, Memory = -4.0K)
Checking Rule CheckClockRelationSetup (Rule 224 of total 402) .... done (Time = 0.00s, Memory = 0.0K)
Checking Rule SGDC_gray_signals01 (Rule 225 of total 402) .... done (Time = 0.00s, Memory = 0.0K)
Checking Rule SGDC_gray_signals02 (Rule 226 of total 402) .... done (Time = 0.00s, Memory = 0.0K)
Checking Rule SGDC_gray_signals03 (Rule 227 of total 402) .... done (Time = 0.00s, Memory = 0.0K)
Checking Rule SGDC_qualifier02a (Rule 228 of total 402) .... done (Time = 0.00s, Memory = 0.0K)
Checking Rule SGDC_qualifier03a (Rule 229 of total 402) .... done (Time = 0.00s, Memory = 0.0K)
Checking Rule SGDC_qualifier04 (Rule 230 of total 402) .... done (Time = 0.00s, Memory = -0.3K)
Checking Rule SGDC_qualifier05 (Rule 231 of total 402) .... done (Time = 0.00s, Memory = 0.0K)
Checking Rule SGDC_qualifier08 (Rule 232 of total 402) .... done (Time = 0.00s, Memory = 0.0K)
Checking Rule QualifierSetup (Rule 233 of total 402) .... done (Time = 0.00s, Memory = 0.0K)
Checking Rule ResetSynchronizerSetup (Rule 234 of total 402) .... done (Time = 0.00s, Memory = 0.0K)
Checking Rule SGDC_validation_filter_path03 (Rule 235 of total 402) .... done (Time = 0.00s, Memory = 0.0K)
Checking Rule SGDC_qualifier10 (Rule 236 of total 402) .... done (Time = 0.00s, Memory = 8.0K)
Checking Rule SGDC_qualifier11 (Rule 237 of total 402) .... done (Time = 0.00s, Memory = 0.0K)
Checking Rule SGDC_qualifier12 (Rule 238 of total 402) .... done (Time = 0.00s, Memory = 8.0K)
Checking Rule SGDC_qualifier13 (Rule 239 of total 402) .... done (Time = 0.00s, Memory = 0.0K)
Checking Rule SGDC_qualifier14 (Rule 240 of total 402) .... done (Time = 0.00s, Memory = 0.0K)
Checking Rule SGDC_qualifier16 (Rule 241 of total 402) .... done (Time = 0.00s, Memory = -2.6K)
Checking Rule SGDC_qualifier18 (Rule 242 of total 402) .... done (Time = 0.00s, Memory = 11.5K)
Checking Rule SGDC_qualifier19a (Rule 243 of total 402) .... done (Time = 0.00s, Memory = 0.0K)
Checking Rule SGDC_qualifier19b (Rule 244 of total 402) .... done (Time = 0.00s, Memory = 0.0K)
Checking Rule SGDC_qualifier19c (Rule 245 of total 402) .... done (Time = 0.00s, Memory = 0.0K)
Checking Rule SGDC_qualifier20b (Rule 246 of total 402) .... done (Time = 0.00s, Memory = 0.1K)
Checking Rule SGDC_qualifier21 (Rule 247 of total 402) .... done (Time = 0.00s, Memory = -16.0K)
Checking Rule SGDC_qualifier22 (Rule 248 of total 402) .... done (Time = 0.00s, Memory = -1.0K)
Checking Rule SGDC_qualifier23 (Rule 249 of total 402) .... done (Time = 0.00s, Memory = 0.0K)
Checking Rule SGDC_virtualclock01 (Rule 250 of total 402) .... done (Time = 0.00s, Memory = 0.0K)
Checking Rule SGDC_virtualreset01 (Rule 251 of total 402) .... done (Time = 0.00s, Memory = 0.0K)
Checking Rule SGDC_abstract_port19 (Rule 252 of total 402) .... done (Time = 0.00s, Memory = 0.0K)
Checking Rule SGDC_abstract_port20 (Rule 253 of total 402) .... done (Time = 0.00s, Memory = -2.6K)
Checking Rule RFPSetup (Rule 254 of total 402) .... done (Time = 0.00s, Memory = 3.1K)
Checking Rule SGDC_reset_filter_path02a (Rule 255 of total 402) .... done (Time = 0.00s, Memory = -8.0K)
Checking Rule SGDC_reset_filter_path02b (Rule 256 of total 402) .... done (Time = 0.00s, Memory = 0.0K)
Checking Rule SGDC_reset_filter_path02c (Rule 257 of total 402) .... done (Time = 0.00s, Memory = 0.0K)
Checking Rule SGDC_reset_filter_path03a (Rule 258 of total 402) .... done (Time = 0.00s, Memory = 4.7K)
Checking Rule SGDC_reset_filter_path03b (Rule 259 of total 402) .... done (Time = 0.00s, Memory = 8.0K)
Checking Rule SGDC_reset_filter_path03c (Rule 260 of total 402) .... done (Time = 0.00s, Memory = 0.0K)
Checking Rule SGDC_reset_filter_path04b (Rule 261 of total 402) .... done (Time = 0.00s, Memory = 0.0K)
Checking Rule SGDC_reset_filter_path07a (Rule 262 of total 402) .... done (Time = 0.00s, Memory = 0.0K)
Checking Rule SGDC_reset_filter_path07b (Rule 263 of total 402) .... done (Time = 0.00s, Memory = -1.2K)
Checking Rule SGDC_reset_filter_path07c (Rule 264 of total 402) .... done (Time = 0.00s, Memory = 0.0K)
Checking Rule SGDC_define_reset_order03 (Rule 265 of total 402) .... done (Time = 0.00s, Memory = 0.0K)
Checking Rule SGDC_define_reset_order04 (Rule 266 of total 402) .... done (Time = 0.00s, Memory = 0.0K)
Checking Rule SGDC_define_reset_order05 (Rule 267 of total 402) .... done (Time = 0.00s, Memory = 0.0K)
Checking Rule SGDC_cdc_false_path06 (Rule 268 of total 402) .... done (Time = 0.00s, Memory = 11.8K)
Checking Rule SGDC_cdc_false_path07 (Rule 269 of total 402) .... done (Time = 0.00s, Memory = -2.8K)
Checking Rule SGDC_cdc_false_path08 (Rule 270 of total 402) .... done (Time = 0.00s, Memory = 0.0K)
Checking Rule CDCSet_License01 (Rule 271 of total 402) .... done (Time = 0.00s, Memory = 32.0K)
Checking Rule Clock_info03a (Rule 272 of total 402) .... done (Time = 0.00s, Memory = -13.2K)
Checking Rule Clock_info03b (Rule 273 of total 402) .... done (Time = 0.01s, Memory = -8.6K)
Checking Rule Clock_info03c (Rule 274 of total 402) .... done (Time = 0.00s, Memory = 0.0K)
Checking Rule Ac_coherency06 (Rule 275 of total 402) .... done (Time = 0.00s, Memory = 0.0K)
Checking Rule Ac_unsync01 (Rule 276 of total 402) .... done (Time = 0.00s, Memory = -24.1K)
Checking Rule Ac_unsync02 (Rule 277 of total 402) .... done (Time = 0.00s, Memory = 0.0K)
Checking Rule Ac_sync01 (Rule 278 of total 402) .... done (Time = 0.00s, Memory = 0.0K)
Checking Rule Ac_sync02 (Rule 279 of total 402) .... done (Time = 0.00s, Memory = 0.0K)
Checking Rule Ac_crossing01 (Rule 280 of total 402) .... done (Time = 0.00s, Memory = -17.4K)
Checking Rule Propagate_Resets (Rule 281 of total 402) .... done (Time = 0.00s, Memory = -4.6K)
Checking Rule _reset_sync (Rule 282 of total 402) .... done (Time = 0.00s, Memory = 0.0K)
Checking Rule Setup_port01 (Rule 283 of total 402) .... done (Time = 0.00s, Memory = 0.0K)
Checking Rule Setup_blackbox01 (Rule 284 of total 402) .... done (Time = 0.00s, Memory = 0.0K)
Checking Rule Setup_library01 (Rule 285 of total 402) .... done (Time = 0.00s, Memory = 0.0K)
Checking Rule Reset_check11 (Rule 286 of total 402) .... done (Time = 0.01s, Memory = 43.7K)
Checking Rule Reset_info09a (Rule 287 of total 402) .... done (Time = 0.00s, Memory = 22.8K)
Checking Rule Clock_sync05 (Rule 288 of total 402) .... done (Time = 0.00s, Memory = -0.4K)
Checking Rule Clock_sync06 (Rule 289 of total 402) .... done (Time = 0.00s, Memory = -0.9K)
Checking Rule Clock_info02 (Rule 290 of total 402) .... done (Time = 0.00s, Memory = -32.6K)
Checking Rule Reset_info02 (Rule 291 of total 402) .... done (Time = 0.00s, Memory = -22.7K)
Checking Rule Clock_info05 (Rule 292 of total 402) .... done (Time = 0.00s, Memory = 24.0K)
Checking Rule Clock_info05b (Rule 293 of total 402) .... done (Time = 0.00s, Memory = 0.0K)
Checking Rule Reset_check03 (Rule 294 of total 402) .... done (Time = 0.00s, Memory = 0.0K)
Checking Rule _clkWrapModules (Rule 295 of total 402) .... done (Time = 0.00s, Memory = 1.0K)
Checking Rule _clock_hier_rules (Rule 296 of total 402) .... done (Time = 0.00s, Memory = 0.0K)
Checking Rule Reset_check12 (Rule 297 of total 402) .... done (Time = 0.00s, Memory = 16.0K)
Checking Rule Ar_sync_init (Rule 298 of total 402) .... done (Time = 0.01s, Memory = 23.6K)
Checking Rule _constrCoverage (Rule 299 of total 402) .... done (Time = 0.01s, Memory = 20.2K)
Checking Rule Clock_info15 (Rule 300 of total 402) .... done (Time = 0.00s, Memory = 24.6K)
Checking Rule Reset_check10 (Rule 301 of total 402) .... done (Time = 0.00s, Memory = 23.8K)
Checking Rule Reset_sync02 (Rule 302 of total 402) .... done (Time = 0.00s, Memory = -24.2K)
Checking Rule SGDC_clockreset02 (Rule 303 of total 402) .... done (Time = 0.00s, Memory = 0.0K)
Checking Rule Param_clockreset02 (Rule 304 of total 402) .... done (Time = 0.00s, Memory = 0.0K)
Checking Rule Param_clockreset04 (Rule 305 of total 402) .... done (Time = 0.00s, Memory = 0.0K)
Checking Rule Setup_clockreset01 (Rule 306 of total 402) .... done (Time = 0.00s, Memory = 0.0K)
Checking Rule Clock_check07 (Rule 307 of total 402) .... done (Time = 0.00s, Memory = 0.0K)
Checking Rule Clock_check10 (Rule 308 of total 402) .... done (Time = 0.00s, Memory = 0.0K)
Checking Rule Reset_check08 (Rule 309 of total 402) .... done (Time = 0.00s, Memory = 0.0K)
Checking Rule Clock_converge01 (Rule 310 of total 402) .... done (Time = 0.00s, Memory = 0.0K)
Checking Rule Ar_converge01 (Rule 311 of total 402) .... done (Time = 0.00s, Memory = -25.8K)
Checking Rule SGDC_noclockcell_start01 (Rule 312 of total 402) .... done (Time = 0.00s, Memory = 0.0K)
Checking Rule Ac_initseq01 (Rule 313 of total 402) .... done (Time = 0.00s, Memory = 0.0K)
Checking Rule Ac_init01 (Rule 314 of total 402) .... done (Time = 0.00s, Memory = -2.9K)
Checking Rule _ac_Auxi01 (Rule 315 of total 402) .... done (Time = 0.00s, Memory = 1.9K)
Checking Rule Ac_sanity02 (Rule 316 of total 402) .... done (Time = 0.00s, Memory = 0.0K)
Checking Rule _glitch_init (Rule 317 of total 402) .... done (Time = 0.00s, Memory = 0.0K)
Checking Rule Ac_initstate01 (Rule 318 of total 402) .... done (Time = 0.00s, Memory = -28.0K)
Checking Rule Ac_conv02 (Rule 319 of total 402) .... done (Time = 0.01s, Memory = -5.5K)
Checking Rule Ac_conv02setup01 (Rule 320 of total 402) .... done (Time = 0.00s, Memory = 0.0K)
Checking Rule Ac_conv01 (Rule 321 of total 402) .... done (Time = 0.00s, Memory = 12.2K)
Checking Rule Ac_conv03 (Rule 322 of total 402) .... done (Time = 0.01s, Memory = 4.2K)
Checking Rule Ac_conv04 (Rule 323 of total 402) .... done (Time = 0.00s, Memory = 2.5K)
Checking Rule Ac_abs01 (Rule 324 of total 402) .... done (Time = 0.00s, Memory = 0.0K)
Checking Rule Ac_glitch03 (Rule 325 of total 402) .... done (Time = 0.00s, Memory = 0.0K)
Checking Rule Ac_clockperiod01 (Rule 326 of total 402) .... done (Time = 0.00s, Memory = 0.0K)
Checking Rule Ac_clockperiod02 (Rule 327 of total 402) .... done (Time = 0.00s, Memory = 0.0K)
Checking Rule Ac_clockperiod03 (Rule 328 of total 402) .... done (Time = 0.00s, Memory = 0.0K)
Checking Rule Ac_report01 (Rule 329 of total 402) .... done (Time = 0.00s, Memory = -32.0K)
Checking Rule AllowComboLogicSetup (Rule 330 of total 402) .... done (Time = 0.00s, Memory = 0.0K)
Checking Rule Ac_resetvalue01 (Rule 331 of total 402) .... done (Time = 0.00s, Memory = 0.0K)
Checking Rule Ac_abstract_validation01 (Rule 332 of total 402) .... done (Time = 0.00s, Memory = 0.0K)
Checking Rule SGDC_abstract_mapping01 (Rule 333 of total 402) .... done (Time = 0.00s, Memory = 0.0K)
Checking Rule Ac_upfsetup02 (Rule 334 of total 402) .... done (Time = 0.00s, Memory = -1.8K)
Checking Rule Ac_upfsetup01 (Rule 335 of total 402) .... done (Time = 0.00s, Memory = 0.0K)
Checking Rule Ac_psync_init (Rule 336 of total 402) .... done (Time = 0.00s, Memory = 24.0K)
Checking Rule Ac_psetup01 (Rule 337 of total 402) .... done (Time = 0.00s, Memory = 3.1K)
Checking Rule Clock_exit01 (Rule 338 of total 402) .... done (Time = 0.00s, Memory = 0.0K)
Checking Rule SGDC_reset_synchronizer02 (Rule 339 of total 402) .... done (Time = 0.00s, Memory = 0.0K)
Checking Rule SGDC_reset_synchronizer04 (Rule 340 of total 402) .... done (Time = 0.00s, Memory = 0.6K)
Checking Rule SGDC_reset_synchronizer06 (Rule 341 of total 402) .... done (Time = 0.00s, Memory = 32.0K)
Checking Rule SGDC_reset_synchronizer08 (Rule 342 of total 402) .... done (Time = 0.00s, Memory = 0.0K)
Checking Rule SGDC_reset_synchronizer10 (Rule 343 of total 402) .... done (Time = 0.00s, Memory = 0.0K)
Checking Rule AnalyzeBBox (Rule 344 of total 402) .... done (Time = 0.00s, Memory = 0.0K)
Checking Rule ReportCheckDataSummary (Rule 345 of total 402) .... done (Time = 0.00s, Memory = 0.0K)

Generating data for Console...

SpyGlass Rule Checking Complete.

Generating moresimple report from './lint_cdc/sys_top/cdc/cdc_verify_struct/spyglass.vdb' to './lint_cdc/sys_top/cdc/cdc_verify_struct/spyglass_reports/moresimple.rpt' ....

Generating runsummary report from './lint_cdc/sys_top/cdc/cdc_verify_struct/spyglass.vdb' ....

Generating no_msg_reporting_rules report from './lint_cdc/sys_top/cdc/cdc_verify_struct/spyglass.vdb' to './lint_cdc/sys_top/cdc/cdc_verify_struct/spyglass_reports/no_msg_reporting_rules.rpt' ....

Generating CDC-report report from './lint_cdc/sys_top/cdc/cdc_verify_struct/spyglass.vdb' to './lint_cdc/sys_top/cdc/cdc_verify_struct/spyglass_reports/CDC-report.rpt' ....

Generating CKSGDCInfo report from './lint_cdc/sys_top/cdc/cdc_verify_struct/spyglass.vdb' to './lint_cdc/sys_top/cdc/cdc_verify_struct/spyglass_reports/CKSGDCInfo.rpt' ....

Generating RSTree report from './lint_cdc/sys_top/cdc/cdc_verify_struct/spyglass.vdb' to './lint_cdc/sys_top/cdc/cdc_verify_struct/spyglass_reports/RSTree.rpt' ....

Generating CKTree report from './lint_cdc/sys_top/cdc/cdc_verify_struct/spyglass.vdb' to './lint_cdc/sys_top/cdc/cdc_verify_struct/spyglass_reports/CKTree.rpt' ....

Policy specific data (reports) are present in the directory './lint_cdc/sys_top/cdc/cdc_verify_struct/spyglass_reports'.

SpyGlass critical reports for the current run are present in directory './lint_cdc/consolidated_reports/sys_top_cdc_cdc_verify_struct/'.

---------------------------------------------------------------------------------------------
Results Summary:
---------------------------------------------------------------------------------------------
   Goal Run           :      cdc/cdc_verify_struct
   Command-line read  :      0 error,      0 warning,      1 information message 
   Design Read        :      0 error,      0 warning,      3 information messages
      Found 1 top module:
         sys_top   (file: ../rtl/System_Top/SYS_TOP_dft.v)

   Blackbox Resolution:      0 error,      0 warning,      0 information message 
   SGDC Checks        :      0 error,      0 warning,      1 information message 
   Policy clock-reset :      0 error,      3 warnings,    29 information messages
   -------------------------------------------------------------------------------------
   Total              :      0 error,      3 warnings,    34 information messages

  Total Number of Generated Messages     :        37 (0 error, 3 warnings, 34 Infos)
  Number of Reported Messages            :        37 (0 error, 3 warnings, 34 Infos)

---------------------------------------------------------------------------------------------


run_goal: info: updating spyglass.log with goal summary
---------------------------------------------------------------------------------------------------
Results Summary:
---------------------------------------------------------------------------------------------------
   Goal Run           :      cdc/cdc_verify_struct
   Top Module         :      sys_top
---------------------------------------------------------------------------------------------------
   Reports Directory: 
   /home/ICer/UART_System/Spyglass2/lint_cdc/consolidated_reports/sys_top_cdc_cdc_verify_struct/ 

   SpyGlass LogFile: 
    /home/ICer/UART_System/Spyglass2/lint_cdc/sys_top/cdc/cdc_verify_struct/spyglass.log 

   Standard Reports: 
     moresimple.rpt          no_msg_reporting_rules.rpt       

   HTML report:
    /home/ICer/UART_System/Spyglass2/lint_cdc/html_reports/goals_summary.html
  

   Technology Reports:    CDC( Advance CDC  Structrual Verification )
     CDC-report.rpt          CKSGDCInfo.rpt          RSTree.rpt      
     CKTree.rpt        
   
---------------------------------------------------------------------------------------------------
   Goal Violation Summary:
       Waived   Messages:                      0 Errors,      0 Warnings,      0 Infos
       Reported Messages:         0 Fatals,    0 Errors,      3 Warnings,     34 Infos
---------------------------------------------------------------------------------------------------
   
   Technology Summary: CDC( Advance CDC )   
       Unsynchronized clock domain crossings= 0
       Convergences= 1
---------------------------------------------------------------------------------------------------
 
run_goal: info: spyglass.log successfully updated with goal summary
0 {Rule-checking completed with warnings}./lint_cdc/sys_top/cdc/cdc_verify_struct/lint_cdc_waiver_file.awl./lint_cdc/sys_top/cdc/cdc_verify_struct/lint_cdc_waiver_file.awl./lint_cdc/sys_top/cdc/cdc_verify_struct/lint_cdc_waiver_file.awl9./lint_cdc/sys_top/cdc/cdc_verify_struct/lint_cdc_waiver_file.awl./lint_cdc/sys_top/cdc/cdc_verify_struct/lint_cdc_waiver_file.awl10./lint_cdc/sys_top/cdc/cdc_verify_struct/lint_cdc_waiver_file.awl./lint_cdc/sys_top/cdc/cdc_verify_struct/lint_cdc_waiver_file.awl11./lint_cdc/sys_top/cdc/cdc_verify_struct/lint_cdc_waiver_file.awlcurrent_goal: warning: design query data not saved for last active goal `cdc/cdc_verify_struct'
                       (use `save_goal' command or enable `auto_save' option to save design query data for subsequent goals)
current_goal: info: loading goal `cdc/cdc_verify' with top `sys_top' (in progress)
current_goal: info: finished loading goal `cdc/cdc_verify' (ok)
 Reading sgdc file "spy_cons.sgdc" ...
 Reading waiver file "./lint_cdc/sys_top/cdc/cdc_verify/spyglass_spysch/waiver/pragma2Waiver.swl" ...
 Reading included SGDC file "./lint_cdc/sys_top/cdc/cdc_verify/spyglass_spysch/waiver/pragma2Waiver_varfile.swl" ....

INFO:    SpyGlass will run goal(s) 'cdc/cdc_verify'.


 Auto-compiling gates libraries

        "../System_pnr/std_cells/libs/scmetro_tsmc_cl013g_rvt_ss_1p08v_125c.lib"
        "../System_pnr/std_cells/libs/scmetro_tsmc_cl013g_rvt_tt_1p2v_25c.lib"
        "../System_pnr/std_cells/libs/scmetro_tsmc_cl013g_rvt_ff_1p32v_m40c.lib"
    to
        "./lint_cdc/spyglass_cache/autogenerated_sglib/aggregate.sglib" ...already compiled

 Using this already compiled sglib for the current run ...

RULE-CHECKING IN MIXED MODE
Loading spyglass (SpyGlass_vL-2016.06) ... (picked from /home/synopsys/SpyGlass-L2016.06/SPYGLASS_HOME/policies/spyglass)
Loading clock-reset (SpyGlass_vL-2016.06) ... (picked from /home/synopsys/SpyGlass-L2016.06/SPYGLASS_HOME/policies/clock)
 Reading sgdc file "spy_cons.sgdc" ...
Reading specified sglib files(s) ....
   Processing library: 'scmetro_tsmc_cl013g_rvt_ss_1p08v_125c' .... done
   Processing library: 'scmetro_tsmc_cl013g_rvt_tt_1p2v_25c' .... done
   Processing library: 'scmetro_tsmc_cl013g_rvt_ff_1p32v_m40c' .... done
Checking Rule AutoGenerateSglib (Rule 1 of total 402) .... done (Time = 0.00s, Memory = 0.0K)

INFO [76]    Using `./lint_cdc/sys_top/WORK/64' as the Work Directory for 64bit precompiled dump.
Checking Rule Param_clockreset07 (Rule 2 of total 402) .... done (Time = 0.00s, Memory = 0.0K)
Checking Rule Clock_setup01 (Rule 3 of total 402) .... done (Time = 0.00s, Memory = 31.6K)
Checking Rule Param_clockreset06 (Rule 4 of total 402) .... done (Time = 0.00s, Memory = 0.0K)
Checking Rule SGDC_meta_monitor_attributes01 (Rule 5 of total 402) .... done (Time = 0.00s, Memory = 0.0K)
Checking Rule LP_POWERDATA_CHECK (Rule 6 of total 402) .... done (Time = 0.00s, Memory = -27.0K)
Checking Rule LP_POWERDATA_READ (Rule 7 of total 402) .... done (Time = 0.00s, Memory = 0.0K)
Checking Rule PrecompileLibCheck01 (Rule 8 of total 402) .... done (Time = 0.00s, Memory = 0.0K)
Checking Rule PrecompileLibCheck02 (Rule 9 of total 402) .... done (Time = 0.00s, Memory = 0.0K)
Checking Rule PrecompileLibCheck03 (Rule 10 of total 402) .... done (Time = 0.00s, Memory = 0.0K)
Checking Rule PrecompileLibCheck04 (Rule 11 of total 402) .... done (Time = 0.00s, Memory = 0.0K)
Checking Rule ElabSummary (Rule 12 of total 402) .... done (Time = 0.00s, Memory = 39.5K)
Checking Rule ReportSglibVersionSummary (Rule 13 of total 402) .... done (Time = 0.00s, Memory = 32.0K)
Checking Rule SGDC_assume_path01 (Rule 14 of total 402) .... done (Time = 0.00s, Memory = -8.0K)
Checking Rule SGDC_sdcschema02 (Rule 15 of total 402) .... done (Time = 0.00s, Memory = 21.7K)
Checking Rule SGDC_clock05 (Rule 16 of total 402) .... done (Time = 0.00s, Memory = 1.7K)
Checking Rule SGDC_clock09 (Rule 17 of total 402) .... done (Time = 0.00s, Memory = 0.0K)
Checking Rule SGDC_force_ta05 (Rule 18 of total 402) .... done (Time = 0.00s, Memory = 0.2K)
Checking Rule SGDC_require_path03 (Rule 19 of total 402) .... done (Time = 0.00s, Memory = 0.4K)
Checking Rule SGDC_require_value03 (Rule 20 of total 402) .... done (Time = 0.00s, Memory = 0.0K)
Checking Rule SGDC_voltagedomain05 (Rule 21 of total 402) .... done (Time = 0.00s, Memory = 0.2K)
Checking Rule SGDC_voltagedomain06 (Rule 22 of total 402) .... done (Time = 0.00s, Memory = 0.0K)
Checking Rule SGDC_voltagedomain07 (Rule 23 of total 402) .... done (Time = 0.00s, Memory = 15.9K)
Checking Rule SGDC_powerdomainoutputs02 (Rule 24 of total 402) .... done (Time = 0.00s, Memory = 0.0K)
Checking Rule SGDC_supply01 (Rule 25 of total 402) .... done (Time = 0.00s, Memory = 0.0K)
Checking Rule SGDC_waive01 (Rule 26 of total 402) .... done (Time = 0.00s, Memory = 0.0K)
Checking Rule SGDC_waive02 (Rule 27 of total 402) .... done (Time = 0.00s, Memory = 0.0K)
Checking Rule SGDC_waive03 (Rule 28 of total 402) .... done (Time = 0.00s, Memory = 0.0K)
Checking Rule SGDC_waive04 (Rule 29 of total 402) .... done (Time = 0.00s, Memory = 11.8K)
Checking Rule SGDC_waive05 (Rule 30 of total 402) .... done (Time = 0.00s, Memory = 0.0K)
Checking Rule SGDC_waive06 (Rule 31 of total 402) .... done (Time = 0.00s, Memory = 8.0K)
Checking Rule SGDC_waive07 (Rule 32 of total 402) .... done (Time = 0.00s, Memory = -8.0K)
Checking Rule SGDC_waive08 (Rule 33 of total 402) .... done (Time = 0.00s, Memory = 0.0K)
Checking Rule SGDC_waive09 (Rule 34 of total 402) .... done (Time = 0.00s, Memory = 0.0K)
Checking Rule SGDC_waive10 (Rule 35 of total 402) .... done (Time = 0.00s, Memory = 1.8K)
Checking Rule SGDC_waive11 (Rule 36 of total 402) .... done (Time = 0.00s, Memory = 0.0K)
Checking Rule SGDC_waive12 (Rule 37 of total 402) .... done (Time = 0.00s, Memory = 0.0K)
Checking Rule SGDC_waive13 (Rule 38 of total 402) .... done (Time = 0.00s, Memory = 0.0K)
Checking Rule SGDC_waive21 (Rule 39 of total 402) .... done (Time = 0.00s, Memory = 0.0K)
Checking Rule SGDC_waive22 (Rule 40 of total 402) .... done (Time = 0.00s, Memory = 11.8K)
Checking Rule SGDC_waive30 (Rule 41 of total 402) .... done (Time = 0.00s, Memory = 0.0K)
Checking Rule SGDC_waive32 (Rule 42 of total 402) .... done (Time = 0.00s, Memory = -31.6K)
Checking Rule SGDC_waive33 (Rule 43 of total 402) .... done (Time = 0.00s, Memory = -0.8K)
Checking Rule SGDC_waive36 (Rule 44 of total 402) .... done (Time = 0.00s, Memory = 0.0K)
Checking Rule SGDC_waive38 (Rule 45 of total 402) .... done (Time = 0.00s, Memory = 0.0K)
Checking Rule SGDC_fifo01 (Rule 46 of total 402) .... done (Time = 0.00s, Memory = -1.2K)
Checking Rule SGDC_libgroup01 (Rule 47 of total 402) .... done (Time = 0.00s, Memory = 0.0K)
Checking Rule SGDC_libgroup02 (Rule 48 of total 402) .... done (Time = 0.00s, Memory = 0.0K)
Checking Rule SGDC_libgroup04 (Rule 49 of total 402) .... done (Time = 0.00s, Memory = 0.0K)
Checking Rule SGDC_power_data01 (Rule 50 of total 402) .... done (Time = 0.00s, Memory = 15.0K)
Checking Rule SGDC_ungroup01 (Rule 51 of total 402) .... done (Time = 0.00s, Memory = 0.0K)
Checking Rule SGDC_abstract_port06 (Rule 52 of total 402) .... done (Time = 0.00s, Memory = 14.5K)
Checking Rule SGDC_abstract_port14 (Rule 53 of total 402) .... done (Time = 0.00s, Memory = 0.0K)
Checking Rule SGDC_abstract_port15 (Rule 54 of total 402) .... done (Time = 0.00s, Memory = 4.0K)
Checking Rule SGDC_abstract_port18 (Rule 55 of total 402) .... done (Time = 0.00s, Memory = 0.0K)
Checking Rule sdc_init_rule (Rule 56 of total 402) .... done (Time = 0.00s, Memory = 3.1K)
Checking Rule CMD_ignorelibs01 (Rule 57 of total 402) .... done (Time = 0.00s, Memory = 0.0K)
Checking Rule ReportRuleNotRun (Rule 58 of total 402) .... done (Time = 0.01s, Memory = 0.0K)
Checking Rule SGDC_generated_clock03 (Rule 59 of total 402) .... done (Time = 0.00s, Memory = 25.6K)
Checking Rule SGDC_generated_clock04 (Rule 60 of total 402) .... done (Time = 0.00s, Memory = 21.1K)
Checking Rule SGDC_generated_clock05 (Rule 61 of total 402) .... done (Time = 0.00s, Memory = 2.0K)
Checking Rule SGDC_quasi_static_style02 (Rule 62 of total 402) .... done (Time = 0.00s, Memory = 8.6K)
Checking Rule SGDC_syncresetstyle01 (Rule 63 of total 402) .... done (Time = 0.00s, Memory = -24.0K)
Checking Rule SGDC_network_allowed_cells01 (Rule 64 of total 402) .... done (Time = 0.00s, Memory = 17.0K)
Checking Rule SGDC_numflops01 (Rule 65 of total 402) .... done (Time = 0.00s, Memory = 8.0K)
Checking Rule SGDC_numflops07 (Rule 66 of total 402) .... done (Time = 0.00s, Memory = 2.0K)
Checking Rule SGDC_numflops08 (Rule 67 of total 402) .... done (Time = 0.00s, Memory = 2.0K)
Checking Rule SGDC_numflops09 (Rule 68 of total 402) .... done (Time = 0.00s, Memory = 2.0K)
Checking Rule SGDC_clocksense04 (Rule 69 of total 402) .... done (Time = 0.00s, Memory = -0.2K)
Checking Rule SGDC_check_clock_relation05a (Rule 70 of total 402) .... done (Time = 0.00s, Memory = 0.4K)
Checking Rule SGDC_check_clock_relation05b (Rule 71 of total 402) .... done (Time = 0.00s, Memory = 0.0K)
Checking Rule SGDC_sync_cell08a (Rule 72 of total 402) .... done (Time = 0.00s, Memory = 17.0K)
Checking Rule SGDC_sync_cell09a (Rule 73 of total 402) .... done (Time = 0.00s, Memory = 2.0K)
Checking Rule SGDC_qualifier06 (Rule 74 of total 402) .... done (Time = 0.00s, Memory = -30.0K)
Checking Rule SGDC_cdc_waive03 (Rule 75 of total 402) .... done (Time = 0.00s, Memory = 0.0K)
Checking Rule SGDC_qualifier09 (Rule 76 of total 402) .... done (Time = 0.00s, Memory = 1.2K)
Checking Rule SGDC_qualifier15 (Rule 77 of total 402) .... done (Time = 0.00s, Memory = 0.9K)
Checking Rule SGDC_allow_combo_logic01 (Rule 78 of total 402) .... done (Time = 0.00s, Memory = 0.0K)
Checking Rule SGDC_reset_filter_path01 (Rule 79 of total 402) .... done (Time = 0.00s, Memory = 0.0K)
Checking Rule SGDC_cdc_false_path05 (Rule 80 of total 402) .... done (Time = 0.00s, Memory = 0.0K)
Checking Rule Param_clockreset05 (Rule 81 of total 402) .... done (Time = 0.00s, Memory = 0.0K)
Checking Rule Ac_sanity01 (Rule 82 of total 402) .... done (Time = 0.00s, Memory = 0.0K)
Checking Rule Ac_sanity06 (Rule 83 of total 402) .... done (Time = 0.00s, Memory = 0.0K)
Checking Rule Ac_license01 (Rule 84 of total 402) .... done (Time = 0.00s, Memory = 3.9K)
Checking Rule SGDC_reset_synchronizer07 (Rule 85 of total 402) .... done (Time = 0.00s, Memory = 4.0K)
 Reading waiver file "./lint_cdc/sys_top/cdc/cdc_verify/spyglass_spysch/waiver/pragma2Waiver.swl" ...
 Reading included SGDC file "./lint_cdc/sys_top/cdc/cdc_verify/spyglass_spysch/waiver/pragma2Waiver_varfile.swl" ....
Checking Rule ReportStopSummary (Rule 86 of total 402) .... done (Time = 0.00s, Memory = 0.0K)
Checking Rule ReportIgnoreSummary (Rule 87 of total 402) .... done (Time = 0.00s, Memory = 0.0K)

INFO [235]    Restoring design database from directory './lint_cdc/sys_top/.SG_SaveRestoreDB/autogenerated__default_snapshot' ...
              done

Checking Rule InferBlackBox (Rule 88 of total 402) .... done (Time = 0.00s, Memory = 0.0K)
Checking Rule SGDC_waive37 (Rule 89 of total 402) .... done (Time = 0.00s, Memory = 0.0K)
Checking Rule SGDC_waive24 (Rule 90 of total 402) .... done (Time = 0.00s, Memory = 0.0K)
Checking Rule SGDC_waive25 (Rule 91 of total 402) .... done (Time = 0.00s, Memory = 32.4K)
Checking Rule SGDC_waive31 (Rule 92 of total 402) .... done (Time = 0.00s, Memory = 32.0K)
Checking Rule SGDC_waive35 (Rule 93 of total 402) .... done (Time = 0.00s, Memory = 0.0K)
Checking Rule ReportSglibSummary (Rule 94 of total 402) .... done (Time = 0.00s, Memory = 0.0K)
Checking Rule DetectTopDesignUnits (Rule 95 of total 402)
 Detected 1 top level design units:
     sys_top
 .... done (Time = 0.00s, Memory = 2.0K)
Checking Rule GenerateConfMap (Rule 96 of total 402) .... done (Time = 0.00s, Memory = 0.0K)
Checking Rule Pragma_setupa for module CLK_GATE (Rule 97 of total 402) .... done (Time = 0.00s, Memory = 0.0K)
Checking Rule Pragma_setupa for module RST_SYNCH (Rule 97 of total 402) .... done (Time = 0.00s, Memory = 0.0K)
Checking Rule Pragma_setupa for module clk_div (Rule 97 of total 402) .... done (Time = 0.00s, Memory = 0.0K)
Checking Rule Pragma_setupa for module DeSerializer (Rule 97 of total 402) .... done (Time = 0.00s, Memory = 0.0K)
Checking Rule Pragma_setupa for module Data_sampling (Rule 97 of total 402) .... done (Time = 0.00s, Memory = 0.0K)
Checking Rule Pragma_setupa for module Edge_Bit_Counter (Rule 97 of total 402) .... done (Time = 0.00s, Memory = 0.0K)
Checking Rule Pragma_setupa for module Parity_chk (Rule 97 of total 402) .... done (Time = 0.00s, Memory = 0.0K)
Checking Rule Pragma_setupa for module Strt_chk (Rule 97 of total 402) .... done (Time = 0.00s, Memory = 0.0K)
Checking Rule Pragma_setupa for module stp_chk (Rule 97 of total 402) .... done (Time = 0.00s, Memory = 0.0K)
Checking Rule Pragma_setupa for module RX_FSM (Rule 97 of total 402) .... done (Time = 0.00s, Memory = 0.0K)
Checking Rule Pragma_setupa for module RX_TOP (Rule 97 of total 402) .... done (Time = 0.00s, Memory = 0.0K)
Checking Rule Pragma_setupa for module MUX (Rule 97 of total 402) .... done (Time = 0.00s, Memory = 0.0K)
Checking Rule Pragma_setupa for module parity (Rule 97 of total 402) .... done (Time = 0.00s, Memory = 0.0K)
Checking Rule Pragma_setupa for module TX_FSM (Rule 97 of total 402) .... done (Time = 0.00s, Memory = 0.0K)
Checking Rule Pragma_setupa for module serializer (Rule 97 of total 402) .... done (Time = 0.00s, Memory = 0.0K)
Checking Rule Pragma_setupa for module TX_TOP (Rule 97 of total 402) .... done (Time = 0.00s, Memory = 0.0K)
Checking Rule Pragma_setupa for module UART (Rule 97 of total 402) .... done (Time = 0.00s, Memory = 0.0K)
Checking Rule Pragma_setupa for module Data_Synch (Rule 97 of total 402) .... done (Time = 0.00s, Memory = 0.0K)
Checking Rule Pragma_setupa for module SYS_CTRL (Rule 97 of total 402) .... done (Time = 0.00s, Memory = 0.0K)
Checking Rule Pragma_setupa for module Register (Rule 97 of total 402) .... done (Time = 0.00s, Memory = 0.0K)
Checking Rule Pragma_setupa for module ALU (Rule 97 of total 402) .... done (Time = 0.00s, Memory = 0.0K)
Checking Rule Pragma_setupa for module FIFO_RD (Rule 97 of total 402) .... done (Time = 0.00s, Memory = 0.0K)
Checking Rule Pragma_setupa for module FIFO_WR (Rule 97 of total 402) .... done (Time = 0.00s, Memory = 0.0K)
Checking Rule Pragma_setupa for module DF_SYNC (Rule 97 of total 402) .... done (Time = 0.00s, Memory = 0.0K)
Checking Rule Pragma_setupa for module FIFO_MEM_CNTRL (Rule 97 of total 402) .... done (Time = 0.00s, Memory = 0.0K)
Checking Rule Pragma_setupa for module FIFO_TOP (Rule 97 of total 402) .... done (Time = 0.00s, Memory = 0.0K)
Checking Rule Pragma_setupa for module PULSE_GEN (Rule 97 of total 402) .... done (Time = 0.00s, Memory = 0.0K)
Checking Rule Pragma_setupa for module sys_top (Rule 97 of total 402) .... done (Time = 0.00s, Memory = 0.0K)
Performing semantic checks on SGDC contents
Checking Rule SGDC_testmode03 (Rule 98 of total 402) .... done (Time = 0.00s, Memory = 0.0K)
Checking Rule Pragma_setupb (Rule 99 of total 402) .... done (Time = 0.00s, Memory = 0.0K)
Checking Rule _vhMeta01 (Rule 100 of total 402) .... done (Time = 0.00s, Memory = 5.6K)
Checking Rule _meta_delay01 (Rule 101 of total 402) .... done (Time = 0.00s, Memory = 0.0K)
Checking Rule CheckCelldefine (Rule 102 of total 402) .... done (Time = 0.00s, Memory = -0.9K)
Checking Rule checkSGDC_01 (Rule 103 of total 402) .... done (Time = 0.00s, Memory = 0.0K)
Checking Rule checkSGDC_03 (Rule 104 of total 402) .... done (Time = 0.00s, Memory = 0.0K)
Checking Rule checkSGDC_08 (Rule 105 of total 402) .... done (Time = 0.00s, Memory = 0.0K)
Checking Rule SGDC_memorywritepin04 (Rule 106 of total 402) .... done (Time = 0.00s, Memory = 15.0K)
Checking Rule SGDC_reset02 (Rule 107 of total 402) .... done (Time = 0.00s, Memory = 14.8K)
Checking Rule SGDC_reset03 (Rule 108 of total 402) .... done (Time = 0.00s, Memory = 31.5K)
Checking Rule SGDC_waive23 (Rule 109 of total 402) .... done (Time = 0.00s, Memory = 0.0K)
Checking Rule SGDC_waive26 (Rule 110 of total 402) .... done (Time = 0.00s, Memory = 0.3K)
Checking Rule SGDC_waive27 (Rule 111 of total 402) .... done (Time = 0.00s, Memory = 0.0K)
Checking Rule SGDC_waive29 (Rule 112 of total 402) .... done (Time = 0.00s, Memory = 0.0K)
Checking Rule SGDC_libgroup03 (Rule 113 of total 402) .... done (Time = 0.00s, Memory = 8.0K)
Checking Rule SGDC_ungroup02 (Rule 114 of total 402) .... done (Time = 0.00s, Memory = 0.0K)
Checking Rule _abstractPortSGDC (Rule 115 of total 402) .... done (Time = 0.00s, Memory = 0.9K)
Checking Rule SGDC_abstract_port03 (Rule 116 of total 402) .... done (Time = 0.00s, Memory = 0.0K)
Checking Rule SGDC_abstract_port04 (Rule 117 of total 402) .... done (Time = 0.00s, Memory = 0.0K)
Checking Rule SGDC_abstract_port05 (Rule 118 of total 402) .... done (Time = 0.00s, Memory = 0.0K)
Checking Rule SGDC_abstract_port07 (Rule 119 of total 402) .... done (Time = 0.00s, Memory = 0.0K)
Checking Rule SGDC_abstract_port08 (Rule 120 of total 402) .... done (Time = 0.00s, Memory = 0.0K)
Checking Rule SGDC_abstract_port10 (Rule 121 of total 402) .... done (Time = 0.00s, Memory = 0.0K)
Checking Rule SGDC_abstract_port11 (Rule 122 of total 402) .... done (Time = 0.00s, Memory = 0.0K)
Checking Rule SGDC_abstract_port12 (Rule 123 of total 402) .... done (Time = 0.00s, Memory = 0.0K)
Checking Rule SGDC_abstract_port13 (Rule 124 of total 402) .... done (Time = 0.00s, Memory = 0.0K)
Checking Rule _cdc_save_license01 (Rule 125 of total 402) .... done (Time = 0.00s, Memory = 0.4K)
Checking Rule syncRstReq (Rule 126 of total 402) .... done (Time = 0.00s, Memory = 0.0K)
Checking Rule syncRstReq (Rule 127 of total 402) .... done (Time = 0.00s, Memory = 0.0K)
Checking Rule _syncResetStyleRTL (Rule 128 of total 402) .... done (Time = 0.00s, Memory = 0.0K)
Checking Rule _deltaDelay (Rule 129 of total 402) .... done (Time = 0.00s, Memory = 0.0K)
Checking Rule _deltaDelay (Rule 130 of total 402) .... done (Time = 0.00s, Memory = 0.0K)
Checking Rule _deltaDelayNom (Rule 131 of total 402) .... done (Time = 0.00s, Memory = 0.0K)
Checking Rule Ac_multitop01 (Rule 132 of total 402) .... done (Time = 0.00s, Memory = 0.0K)
Checking Rule AcOvlRtl (Rule 133 of total 402) .... done (Time = 0.00s, Memory = 0.0K)
Checking Rule AcOvlRtl (Rule 134 of total 402) .... done (Time = 0.00s, Memory = 0.0K)
Checking Rule Ac_svasetup01 (Rule 135 of total 402) .... done (Time = 0.00s, Memory = 0.0K)
Checking Rule ReportUngroup (Rule 136 of total 402) .... done (Time = 0.00s, Memory = 0.0K)
Checking Rule SGDC_allow_combo_logic02 (Rule 137 of total 402) .... done (Time = 0.00s, Memory = 0.0K)
Checking Rule _portRetenClocknReset (Rule 138 of total 402) .... done (Time = 0.00s, Memory = 0.0K)
Checking Rule _portReten (Rule 139 of total 402) .... done (Time = 0.00s, Memory = 0.9K)
Checking Rule SGDC_meta_design_hier01 (Rule 140 of total 402) .... done (Time = 0.00s, Memory = 0.0K)
Checking Rule LP_POWERDATA_INFO (Rule 141 of total 402) .... done (Time = 0.00s, Memory = 0.0K)
Checking Rule SGDC_abstract_port21 (Rule 142 of total 402) .... done (Time = 0.00s, Memory = 0.0K)
Checking Rule SGDC_input02 (Rule 143 of total 402) .... done (Time = 0.00s, Memory = 0.0K)
Checking Rule SGDC_input03 (Rule 144 of total 402) .... done (Time = 0.00s, Memory = 0.0K)
Checking Rule SGDC_output02 (Rule 145 of total 402) .... done (Time = 0.00s, Memory = 0.0K)
Checking Rule SGDC_output04 (Rule 146 of total 402) .... done (Time = 0.00s, Memory = 0.0K)
Checking Rule SGDC_numflops03a (Rule 147 of total 402) .... done (Time = 0.00s, Memory = 0.0K)
Checking Rule SGDC_numflops03b (Rule 148 of total 402) .... done (Time = 0.00s, Memory = 0.0K)
Checking Rule SGDC_numflops12 (Rule 149 of total 402) .... done (Time = 0.00s, Memory = 0.0K)
Checking Rule SGDC_sync_cell02b (Rule 150 of total 402) .... done (Time = 0.00s, Memory = 0.0K)
Checking Rule SGDC_sync_cell11 (Rule 151 of total 402) .... done (Time = 0.00s, Memory = 0.0K)
Checking Rule SGDC_qualifier02c (Rule 152 of total 402) .... done (Time = 0.00s, Memory = 0.0K)
Checking Rule SGDC_qualifier03c (Rule 153 of total 402) .... done (Time = 0.00s, Memory = 0.0K)
Checking Rule LPwrRulesSetup (Rule 154 of total 402) .... done (Time = 0.00s, Memory = 0.0K)
 Flattening sys_top (.lib instances separately flattened) ....
 Flattening completed
Checking Rule SGDC_quasi_static_style01 (Rule 155 of total 402) .... done (Time = 0.00s, Memory = 0.6K)
Checking Rule SignalTypeSetup (Rule 156 of total 402) .... done (Time = 0.00s, Memory = 8.0K)
Checking Rule _allowInst (Rule 157 of total 402) .... done (Time = 0.00s, Memory = -3.4K)
Checking Rule _ipblock (Rule 158 of total 402) .... done (Time = 0.00s, Memory = 0.0K)
Checking Rule _rstSyncCellInst (Rule 159 of total 402) .... done (Time = 0.00s, Memory = 0.2K)
Checking Rule _syncCellDelayedQualifier (Rule 160 of total 402) .... done (Time = 0.00s, Memory = -2.3K)
Checking Rule _repeaterCellInst (Rule 161 of total 402) .... done (Time = 0.00s, Memory = 0.4K)
Checking Rule _abstract_port (Rule 162 of total 402) .... done (Time = 0.00s, Memory = 3.4K)
Checking Rule Clock_setup02 (Rule 163 of total 402) .... done (Time = 0.00s, Memory = 12.9K)
Checking Rule Clockmatrix01 (Rule 164 of total 402) .... done (Time = 0.00s, Memory = 0.0K)
Checking Rule Clock_prop (Rule 165 of total 402) .... done (Time = 0.00s, Memory = 606.9K)
Checking Rule Reset_prop (Rule 166 of total 402) .... done (Time = 0.00s, Memory = 110.9K)
Checking Rule SGDC_generated_clock06 (Rule 167 of total 402) .... done (Time = 0.00s, Memory = 0.0K)
Checking Rule Propagate_Clocks (Rule 168 of total 402) .... done (Time = 0.01s, Memory = 213.5K)
Checking Rule _syncreset_prop (Rule 169 of total 402) .... done (Time = 0.00s, Memory = 0.0K)
Checking Rule _syncc (Rule 170 of total 402) .... done (Time = 0.00s, Memory = 0.5K)
Checking Rule _syncb (Rule 171 of total 402) .... done (Time = 0.00s, Memory = 13.2K)
Checking Rule _resetPathCross (Rule 172 of total 402) .... done (Time = 0.00s, Memory = 0.0K)
Checking Rule FalsePathSetup (Rule 173 of total 402) .... done (Time = 0.00s, Memory = 0.0K)
Checking Rule _fifo01 (Rule 174 of total 402) .... done (Time = 0.00s, Memory = 0.0K)
Checking Rule _syncfifo (Rule 175 of total 402) .... done (Time = 0.00s, Memory = 3.1K)
Checking Rule _syncUDfifo (Rule 176 of total 402) .... done (Time = 0.00s, Memory = -2.0K)
Checking Rule _syncdw (Rule 177 of total 402) .... done (Time = 0.00s, Memory = 3.9K)
Checking Rule _syncd (Rule 178 of total 402) .... done (Time = 0.00s, Memory = 9.4K)
Checking Rule _syncg (Rule 179 of total 402) .... done (Time = 0.01s, Memory = 37.4K)
Checking Rule _sync_clock (Rule 180 of total 402) .... done (Time = 0.00s, Memory = 0.0K)
Checking Rule _sync_gp (Rule 181 of total 402) .... done (Time = 0.00s, Memory = 0.0K)
Checking Rule _sync_and (Rule 182 of total 402) .... done (Time = 0.00s, Memory = 0.0K)
Checking Rule _synci (Rule 183 of total 402) .... done (Time = 0.00s, Memory = -0.9K)
Checking Rule _sync_qualifier (Rule 184 of total 402) .... done (Time = 0.00s, Memory = -0.4K)
Checking Rule SGDC_fifo11 (Rule 185 of total 402) .... done (Time = 0.00s, Memory = 0.0K)
Checking Rule SGDC_fifo12 (Rule 186 of total 402) .... done (Time = 0.00s, Memory = -0.2K)
Checking Rule SGDC_fifo13 (Rule 187 of total 402) .... done (Time = 0.00s, Memory = 0.0K)
Checking Rule SGDC_fifo14 (Rule 188 of total 402) .... done (Time = 0.00s, Memory = 0.0K)
Checking Rule Gen_diff01 (Rule 189 of total 402) .... done (Time = 0.00s, Memory = 0.0K)
Checking Rule _debugData (Rule 190 of total 402) .... done (Time = 0.01s, Memory = 53.4K)
Checking Rule Ac_Sync_Init (Rule 191 of total 402) .... done (Time = 0.00s, Memory = 281.3K)
Checking Rule _propagate_cdcAttrib (Rule 192 of total 402) .... done (Time = 0.00s, Memory = 7.5K)
Checking Rule Ar_Cross_Init (Rule 193 of total 402) .... done (Time = 0.00s, Memory = 0.0K)
Checking Rule SGDC_cdc_define_transition01 (Rule 194 of total 402) .... done (Time = 0.00s, Memory = 0.0K)
Checking Rule UPF_lowpower08PR (Rule 195 of total 402) .... done (Time = 0.00s, Memory = 0.0K)
Checking Rule UPF_lowpower08 (Rule 196 of total 402) .... done (Time = 0.00s, Memory = -2.8K)
Checking Rule Setup_check01 (Rule 197 of total 402) .... done (Time = 0.00s, Memory = -0.8K)
Checking Rule Setup_check02 (Rule 198 of total 402) .... done (Time = 0.00s, Memory = 0.0K)
Checking Rule Info_Case_Analysis (Rule 199 of total 402) .... done (Time = 0.01s, Memory = -23.5K)
Checking Rule SGDC_set_case_analysis_LC (Rule 200 of total 402) .... done (Time = 0.00s, Memory = -5.1K)
Checking Rule Setup_quasi_static01 (Rule 201 of total 402) .... done (Time = 0.00s, Memory = 42.1K)
Checking Rule SGDC_signal_in_domain02 (Rule 202 of total 402) .... done (Time = 0.00s, Memory = 0.0K)
Checking Rule SGDC_signal_in_domain04 (Rule 203 of total 402) .... done (Time = 0.00s, Memory = 0.0K)
Checking Rule SGDC_numflops03c (Rule 204 of total 402) .... done (Time = 0.00s, Memory = 0.0K)
Checking Rule SGDC_numflops04 (Rule 205 of total 402) .... done (Time = 0.00s, Memory = 0.0K)
Checking Rule SGDC_numflops05 (Rule 206 of total 402) .... done (Time = 0.00s, Memory = 0.0K)
Checking Rule SGDC_numflops06 (Rule 207 of total 402) .... done (Time = 0.00s, Memory = 0.0K)
Checking Rule SGDC_numflops11 (Rule 208 of total 402) .... done (Time = 0.00s, Memory = -2.1K)
Checking Rule SGDC_numflops13 (Rule 209 of total 402) .... done (Time = 0.00s, Memory = 0.0K)
Checking Rule SGDC_numflops14 (Rule 210 of total 402) .... done (Time = 0.00s, Memory = 0.0K)
Checking Rule SGDC_clocksense02 (Rule 211 of total 402) .... done (Time = 0.00s, Memory = 0.0K)
Checking Rule SGDC_clocksense03 (Rule 212 of total 402) .... done (Time = 0.00s, Memory = 0.0K)
Checking Rule SGDC_sgclkgroup01 (Rule 213 of total 402) .... done (Time = 0.00s, Memory = -32.4K)
Checking Rule SGDC_sgclkgroup02 (Rule 214 of total 402) .... done (Time = 0.00s, Memory = 3.6K)
Checking Rule SGDC_sgclkgroup03 (Rule 215 of total 402) .... done (Time = 0.00s, Memory = -32.0K)
Checking Rule SGDC_check_clock_relation01a (Rule 216 of total 402) .... done (Time = 0.00s, Memory = 0.0K)
Checking Rule SGDC_check_clock_relation01b (Rule 217 of total 402) .... done (Time = 0.00s, Memory = 0.0K)
Checking Rule SGDC_check_clock_relation01c (Rule 218 of total 402) .... done (Time = 0.00s, Memory = 0.0K)
Checking Rule SGDC_check_clock_relation02a (Rule 219 of total 402) .... done (Time = 0.00s, Memory = 0.0K)
Checking Rule SGDC_check_clock_relation02b (Rule 220 of total 402) .... done (Time = 0.00s, Memory = 0.0K)
Checking Rule SGDC_check_clock_relation02c (Rule 221 of total 402) .... done (Time = 0.00s, Memory = 0.0K)
Checking Rule SGDC_check_clock_relation03b (Rule 222 of total 402) .... done (Time = 0.00s, Memory = 0.0K)
Checking Rule SGDC_check_clock_relation04b (Rule 223 of total 402) .... done (Time = 0.00s, Memory = 0.0K)
Checking Rule CheckClockRelationSetup (Rule 224 of total 402) .... done (Time = 0.00s, Memory = 0.0K)
Checking Rule SGDC_gray_signals01 (Rule 225 of total 402) .... done (Time = 0.00s, Memory = 0.0K)
Checking Rule SGDC_gray_signals02 (Rule 226 of total 402) .... done (Time = 0.00s, Memory = 0.0K)
Checking Rule SGDC_gray_signals03 (Rule 227 of total 402) .... done (Time = 0.00s, Memory = 0.0K)
Checking Rule SGDC_qualifier02a (Rule 228 of total 402) .... done (Time = 0.00s, Memory = 0.0K)
Checking Rule SGDC_qualifier03a (Rule 229 of total 402) .... done (Time = 0.00s, Memory = 1.5K)
Checking Rule SGDC_qualifier04 (Rule 230 of total 402) .... done (Time = 0.00s, Memory = -8.0K)
Checking Rule SGDC_qualifier05 (Rule 231 of total 402) .... done (Time = 0.00s, Memory = 0.0K)
Checking Rule SGDC_qualifier08 (Rule 232 of total 402) .... done (Time = 0.00s, Memory = 0.0K)
Checking Rule QualifierSetup (Rule 233 of total 402) .... done (Time = 0.00s, Memory = -32.0K)
Checking Rule ResetSynchronizerSetup (Rule 234 of total 402) .... done (Time = 0.00s, Memory = 0.0K)
Checking Rule SGDC_validation_filter_path03 (Rule 235 of total 402) .... done (Time = 0.00s, Memory = 0.0K)
Checking Rule SGDC_qualifier10 (Rule 236 of total 402) .... done (Time = 0.00s, Memory = 3.5K)
Checking Rule SGDC_qualifier11 (Rule 237 of total 402) .... done (Time = 0.00s, Memory = 31.9K)
Checking Rule SGDC_qualifier12 (Rule 238 of total 402) .... done (Time = 0.00s, Memory = 1.1K)
Checking Rule SGDC_qualifier13 (Rule 239 of total 402) .... done (Time = 0.00s, Memory = 30.8K)
Checking Rule SGDC_qualifier14 (Rule 240 of total 402) .... done (Time = 0.00s, Memory = -0.0K)
Checking Rule SGDC_qualifier16 (Rule 241 of total 402) .... done (Time = 0.00s, Memory = 0.0K)
Checking Rule SGDC_qualifier18 (Rule 242 of total 402) .... done (Time = 0.00s, Memory = -2.6K)
Checking Rule SGDC_qualifier19a (Rule 243 of total 402) .... done (Time = 0.00s, Memory = 0.0K)
Checking Rule SGDC_qualifier19b (Rule 244 of total 402) .... done (Time = 0.00s, Memory = -32.0K)
Checking Rule SGDC_qualifier19c (Rule 245 of total 402) .... done (Time = 0.00s, Memory = 0.0K)
Checking Rule SGDC_qualifier20b (Rule 246 of total 402) .... done (Time = 0.00s, Memory = 0.0K)
Checking Rule SGDC_qualifier21 (Rule 247 of total 402) .... done (Time = 0.00s, Memory = 0.0K)
Checking Rule SGDC_qualifier22 (Rule 248 of total 402) .... done (Time = 0.00s, Memory = 0.0K)
Checking Rule SGDC_qualifier23 (Rule 249 of total 402) .... done (Time = 0.00s, Memory = 0.0K)
Checking Rule SGDC_virtualclock01 (Rule 250 of total 402) .... done (Time = 0.00s, Memory = 0.0K)
Checking Rule SGDC_virtualreset01 (Rule 251 of total 402) .... done (Time = 0.00s, Memory = 0.0K)
Checking Rule SGDC_abstract_port19 (Rule 252 of total 402) .... done (Time = 0.00s, Memory = 5.8K)
Checking Rule SGDC_abstract_port20 (Rule 253 of total 402) .... done (Time = 0.00s, Memory = 0.0K)
Checking Rule RFPSetup (Rule 254 of total 402) .... done (Time = 0.00s, Memory = 7.9K)
Checking Rule SGDC_reset_filter_path02a (Rule 255 of total 402) .... done (Time = 0.00s, Memory = 0.1K)
Checking Rule SGDC_reset_filter_path02b (Rule 256 of total 402) .... done (Time = 0.00s, Memory = 0.0K)
Checking Rule SGDC_reset_filter_path02c (Rule 257 of total 402) .... done (Time = 0.00s, Memory = -1.5K)
Checking Rule SGDC_reset_filter_path03a (Rule 258 of total 402) .... done (Time = 0.00s, Memory = 0.0K)
Checking Rule SGDC_reset_filter_path03b (Rule 259 of total 402) .... done (Time = 0.00s, Memory = 0.0K)
Checking Rule SGDC_reset_filter_path03c (Rule 260 of total 402) .... done (Time = 0.00s, Memory = 0.0K)
Checking Rule SGDC_reset_filter_path04b (Rule 261 of total 402) .... done (Time = 0.00s, Memory = 32.0K)
Checking Rule SGDC_reset_filter_path07a (Rule 262 of total 402) .... done (Time = 0.00s, Memory = 0.0K)
Checking Rule SGDC_reset_filter_path07b (Rule 263 of total 402) .... done (Time = 0.00s, Memory = 0.0K)
Checking Rule SGDC_reset_filter_path07c (Rule 264 of total 402) .... done (Time = 0.00s, Memory = 0.0K)
Checking Rule SGDC_define_reset_order03 (Rule 265 of total 402) .... done (Time = 0.00s, Memory = 0.0K)
Checking Rule SGDC_define_reset_order04 (Rule 266 of total 402) .... done (Time = 0.00s, Memory = 0.0K)
Checking Rule SGDC_define_reset_order05 (Rule 267 of total 402) .... done (Time = 0.00s, Memory = 0.0K)
Checking Rule SGDC_cdc_false_path06 (Rule 268 of total 402) .... done (Time = 0.00s, Memory = 4.7K)
Checking Rule SGDC_cdc_false_path07 (Rule 269 of total 402) .... done (Time = 0.00s, Memory = 0.0K)
Checking Rule SGDC_cdc_false_path08 (Rule 270 of total 402) .... done (Time = 0.00s, Memory = 4.8K)
Checking Rule CDCSet_License01 (Rule 271 of total 402) .... done (Time = 0.00s, Memory = 0.0K)
Checking Rule Clock_info03a (Rule 272 of total 402) .... done (Time = 0.00s, Memory = 0.9K)
Checking Rule Clock_info03b (Rule 273 of total 402) .... done (Time = 0.00s, Memory = -33.5K)
Checking Rule Clock_info03c (Rule 274 of total 402) .... done (Time = 0.00s, Memory = 0.0K)
Checking Rule Ac_coherency06 (Rule 275 of total 402) .... done (Time = 0.00s, Memory = 7.6K)
Checking Rule Ac_unsync01 (Rule 276 of total 402) .... done (Time = 0.00s, Memory = 0.0K)
Checking Rule Ac_unsync02 (Rule 277 of total 402) .... done (Time = 0.00s, Memory = 2.8K)
Checking Rule Ac_sync01 (Rule 278 of total 402) .... done (Time = 0.00s, Memory = 0.0K)
Checking Rule Ac_sync02 (Rule 279 of total 402) .... done (Time = 0.00s, Memory = -5.5K)
Checking Rule Ac_crossing01 (Rule 280 of total 402) .... done (Time = 0.00s, Memory = -10.6K)
Checking Rule Propagate_Resets (Rule 281 of total 402) .... done (Time = 0.00s, Memory = 29.0K)
Checking Rule _reset_sync (Rule 282 of total 402) .... done (Time = 0.00s, Memory = -0.5K)
Checking Rule Setup_port01 (Rule 283 of total 402) .... done (Time = 0.00s, Memory = 0.0K)
Checking Rule Setup_blackbox01 (Rule 284 of total 402) .... done (Time = 0.00s, Memory = -23.1K)
Checking Rule Setup_library01 (Rule 285 of total 402) .... done (Time = 0.00s, Memory = 11.8K)
Checking Rule Reset_check11 (Rule 286 of total 402) .... done (Time = 0.01s, Memory = 40.8K)
Checking Rule Reset_info09a (Rule 287 of total 402) .... done (Time = 0.00s, Memory = -0.2K)
Checking Rule Clock_sync05 (Rule 288 of total 402) .... done (Time = 0.00s, Memory = 0.0K)
Checking Rule Clock_sync06 (Rule 289 of total 402) .... done (Time = 0.00s, Memory = 0.0K)
Checking Rule Clock_info02 (Rule 290 of total 402) .... done (Time = 0.00s, Memory = -38.9K)
Checking Rule Reset_info02 (Rule 291 of total 402) .... done (Time = 0.01s, Memory = 24.3K)
Checking Rule Clock_info05 (Rule 292 of total 402) .... done (Time = 0.00s, Memory = 0.0K)
Checking Rule Clock_info05b (Rule 293 of total 402) .... done (Time = 0.00s, Memory = 0.0K)
Checking Rule Reset_check03 (Rule 294 of total 402) .... done (Time = 0.00s, Memory = 0.0K)
Checking Rule _clkWrapModules (Rule 295 of total 402) .... done (Time = 0.00s, Memory = 1.0K)
Checking Rule _clock_hier_rules (Rule 296 of total 402) .... done (Time = 0.00s, Memory = 0.4K)
Checking Rule Reset_check12 (Rule 297 of total 402) .... done (Time = 0.00s, Memory = 32.6K)
Checking Rule Ar_sync_init (Rule 298 of total 402) .... done (Time = 0.01s, Memory = 12.3K)
Checking Rule _constrCoverage (Rule 299 of total 402) .... done (Time = 0.00s, Memory = 19.2K)
Checking Rule Clock_info15 (Rule 300 of total 402) .... done (Time = 0.00s, Memory = 23.4K)
Checking Rule Reset_check10 (Rule 301 of total 402) .... done (Time = 0.01s, Memory = 0.5K)
Checking Rule Reset_sync02 (Rule 302 of total 402) .... done (Time = 0.00s, Memory = 20.2K)
Checking Rule SGDC_clockreset02 (Rule 303 of total 402) .... done (Time = 0.00s, Memory = 0.0K)
Checking Rule Param_clockreset02 (Rule 304 of total 402) .... done (Time = 0.00s, Memory = 0.0K)
Checking Rule Param_clockreset04 (Rule 305 of total 402) .... done (Time = 0.00s, Memory = 0.0K)
Checking Rule Setup_clockreset01 (Rule 306 of total 402) .... done (Time = 0.00s, Memory = 0.0K)
Checking Rule Clock_check07 (Rule 307 of total 402) .... done (Time = 0.00s, Memory = 0.0K)
Checking Rule Clock_check10 (Rule 308 of total 402) .... done (Time = 0.00s, Memory = 0.0K)
Checking Rule Reset_check08 (Rule 309 of total 402) .... done (Time = 0.00s, Memory = 0.0K)
Checking Rule Clock_converge01 (Rule 310 of total 402) .... done (Time = 0.00s, Memory = 0.0K)
Checking Rule Ar_converge01 (Rule 311 of total 402) .... done (Time = 0.00s, Memory = 24.0K)
Checking Rule SGDC_noclockcell_start01 (Rule 312 of total 402) .... done (Time = 0.00s, Memory = -0.3K)
Checking Rule Ac_initseq01 (Rule 313 of total 402) .... done (Time = 0.00s, Memory = 0.0K)
Checking Rule Ac_init01 (Rule 314 of total 402)
 .... done (Time = 0.01s, Memory = 99.3K)
Checking Rule _ac_Auxi01 (Rule 315 of total 402) .... done (Time = 0.00s, Memory = -8.0K)
Checking Rule Ac_sanity02 (Rule 316 of total 402) .... done (Time = 0.00s, Memory = 0.0K)
Checking Rule _glitch_init (Rule 317 of total 402) .... done (Time = 0.00s, Memory = 0.9K)
Checking Rule Ac_initstate01 (Rule 318 of total 402) .... done (Time = 0.02s, Memory = -52.4K)
Checking Rule Ac_conv02 (Rule 319 of total 402)
Verifying rule Ac_conv02: 1 checks
0% time spent, 0%(0) assertions proved, 0%(0) failed, 0%(0) partially proved, 0%(0) others0% time spent, 0%(0) assertions proved, 0%(0) failed, 0%(0) partially proved, 0%(0) others0% time spent, 0%(0) assertions proved, 0%(0) failed, 0%(0) partially proved, 0%(0) others100% time spent, 100%(1) assertions proved, 0%(0) failed, 0%(0) partially proved, 0%(0) others100% time spent, 100%(1) assertions proved, 0%(0) failed, 0%(0) partially proved, 0%(0) others100% time spent, 100%(1) assertions proved, 0%(0) failed, 0%(0) partially proved, 0%(0) others .... done (Time = 1.35s, Memory = 4.3K)
Checking Rule Ac_conv02setup01 (Rule 320 of total 402) .... done (Time = 0.00s, Memory = 0.0K)
Checking Rule Ac_conv01 (Rule 321 of total 402) .... done (Time = 0.01s, Memory = 28.5K)
Checking Rule Ac_conv03 (Rule 322 of total 402) .... done (Time = 0.00s, Memory = -24.0K)
Checking Rule Ac_conv04 (Rule 323 of total 402) .... done (Time = 0.00s, Memory = 4.8K)
Checking Rule Ac_cdc01a (Rule 324 of total 402)
Verifying rule Ac_cdc01a: 1 checks
0% time spent, 0%(0) assertions proved, 0%(0) failed, 0%(0) partially proved, 0%(0) others0% time spent, 0%(0) assertions proved, 0%(0) failed, 0%(0) partially proved, 0%(0) others0% time spent, 0%(0) assertions proved, 0%(0) failed, 0%(0) partially proved, 0%(0) others0% time spent, 0%(0) assertions proved, 0%(0) failed, 0%(0) partially proved, 0%(0) others0% time spent, 0%(0) assertions proved, 0%(0) failed, 0%(0) partially proved, 0%(0) others0% time spent, 0%(0) assertions proved, 0%(0) failed, 0%(0) partially proved, 0%(0) others100% time spent, 0%(0) assertions proved, 0%(0) failed, 100%(1) partially proved, 0%(0) others100% time spent, 0%(0) assertions proved, 0%(0) failed, 100%(1) partially proved, 0%(0) others .... done (Time = 4.74s, Memory = 8.1K)
Checking Rule Ac_datahold01a (Rule 325 of total 402)
Verifying rule Ac_datahold01a: 4 checks
0% time spent, 0%(0) assertions proved, 0%(0) failed, 0%(0) partially proved, 0%(0) others0% time spent, 0%(0) assertions proved, 0%(0) failed, 0%(0) partially proved, 0%(0) others0% time spent, 0%(0) assertions proved, 0%(0) failed, 0%(0) partially proved, 0%(0) others0% time spent, 0%(0) assertions proved, 0%(0) failed, 0%(0) partially proved, 0%(0) others25% time spent, 0%(0) assertions proved, 0%(0) failed, 25%(1) partially proved, 0%(0) others25% time spent, 0%(0) assertions proved, 0%(0) failed, 25%(1) partially proved, 0%(0) others25% time spent, 0%(0) assertions proved, 0%(0) failed, 25%(1) partially proved, 0%(0) others25% time spent, 0%(0) assertions proved, 0%(0) failed, 25%(1) partially proved, 0%(0) others25% time spent, 0%(0) assertions proved, 0%(0) failed, 25%(1) partially proved, 0%(0) others25% time spent, 0%(0) assertions proved, 0%(0) failed, 25%(1) partially proved, 0%(0) others25% time spent, 0%(0) assertions proved, 0%(0) failed, 25%(1) partially proved, 0%(0) others25% time spent, 0%(0) assertions proved, 0%(0) failed, 25%(1) partially proved, 0%(0) others25% time spent, 0%(0) assertions proved, 0%(0) failed, 25%(1) partially proved, 0%(0) others25% time spent, 0%(0) assertions proved, 0%(0) failed, 25%(1) partially proved, 0%(0) others25% time spent, 0%(0) assertions proved, 0%(0) failed, 25%(1) partially proved, 0%(0) others100% time spent, 0%(0) assertions proved, 0%(0) failed, 100%(4) partially proved, 0%(0) others100% time spent, 0%(0) assertions proved, 0%(0) failed, 100%(4) partially proved, 0%(0) others .... done (Time = 22.88s, Memory = -0.9K)
Checking Rule Ac_abs01 (Rule 326 of total 402) .... done (Time = 0.00s, Memory = 0.0K)
Checking Rule Ac_glitch03 (Rule 327 of total 402) .... done (Time = 0.00s, Memory = 0.0K)
Checking Rule Ac_clockperiod01 (Rule 328 of total 402) .... done (Time = 0.00s, Memory = 1.3K)
Checking Rule Ac_clockperiod02 (Rule 329 of total 402) .... done (Time = 0.00s, Memory = 3.0K)
Checking Rule Ac_clockperiod03 (Rule 330 of total 402) .... done (Time = 0.00s, Memory = 0.0K)
Checking Rule Ac_report01 (Rule 331 of total 402) .... done (Time = 0.00s, Memory = -26.9K)
Checking Rule AllowComboLogicSetup (Rule 332 of total 402) .... done (Time = 0.00s, Memory = 0.0K)
Checking Rule Ac_resetvalue01 (Rule 333 of total 402) .... done (Time = 0.00s, Memory = 0.0K)
Checking Rule Ac_upfsetup02 (Rule 334 of total 402) .... done (Time = 0.00s, Memory = -1.1K)
Checking Rule Ac_upfsetup01 (Rule 335 of total 402) .... done (Time = 0.00s, Memory = 0.0K)
Checking Rule Ac_psync_init (Rule 336 of total 402) .... done (Time = 0.00s, Memory = -15.7K)
Checking Rule Ac_psetup01 (Rule 337 of total 402) .... done (Time = 0.00s, Memory = 0.0K)
Checking Rule Clock_exit01 (Rule 338 of total 402) .... done (Time = 0.00s, Memory = 0.0K)
Checking Rule SGDC_reset_synchronizer02 (Rule 339 of total 402) .... done (Time = 0.00s, Memory = 0.0K)
Checking Rule SGDC_reset_synchronizer04 (Rule 340 of total 402) .... done (Time = 0.00s, Memory = 0.0K)
Checking Rule SGDC_reset_synchronizer06 (Rule 341 of total 402) .... done (Time = 0.00s, Memory = 0.0K)
Checking Rule SGDC_reset_synchronizer08 (Rule 342 of total 402) .... done (Time = 0.00s, Memory = 0.0K)
Checking Rule SGDC_reset_synchronizer10 (Rule 343 of total 402) .... done (Time = 0.00s, Memory = 2.5K)
Checking Rule AnalyzeBBox (Rule 344 of total 402) .... done (Time = 0.00s, Memory = 0.0K)
Checking Rule ReportCheckDataSummary (Rule 345 of total 402) .... done (Time = 0.00s, Memory = 0.0K)

Generating data for Console...

SpyGlass Rule Checking Complete.

Generating moresimple report from './lint_cdc/sys_top/cdc/cdc_verify/spyglass.vdb' to './lint_cdc/sys_top/cdc/cdc_verify/spyglass_reports/moresimple.rpt' ....

Generating runsummary report from './lint_cdc/sys_top/cdc/cdc_verify/spyglass.vdb' ....

Generating no_msg_reporting_rules report from './lint_cdc/sys_top/cdc/cdc_verify/spyglass.vdb' to './lint_cdc/sys_top/cdc/cdc_verify/spyglass_reports/no_msg_reporting_rules.rpt' ....

Generating adv_cdc report from './lint_cdc/sys_top/cdc/cdc_verify/spyglass.vdb' to './lint_cdc/sys_top/cdc/cdc_verify/spyglass_reports/adv_cdc.rpt' ....

Generating CDC-report report from './lint_cdc/sys_top/cdc/cdc_verify/spyglass.vdb' to './lint_cdc/sys_top/cdc/cdc_verify/spyglass_reports/CDC-report.rpt' ....

Generating CKSGDCInfo report from './lint_cdc/sys_top/cdc/cdc_verify/spyglass.vdb' to './lint_cdc/sys_top/cdc/cdc_verify/spyglass_reports/CKSGDCInfo.rpt' ....

Generating RSTree report from './lint_cdc/sys_top/cdc/cdc_verify/spyglass.vdb' to './lint_cdc/sys_top/cdc/cdc_verify/spyglass_reports/RSTree.rpt' ....

Generating CKTree report from './lint_cdc/sys_top/cdc/cdc_verify/spyglass.vdb' to './lint_cdc/sys_top/cdc/cdc_verify/spyglass_reports/CKTree.rpt' ....

Policy specific data (reports) are present in the directory './lint_cdc/sys_top/cdc/cdc_verify/spyglass_reports'.

SpyGlass critical reports for the current run are present in directory './lint_cdc/consolidated_reports/sys_top_cdc_cdc_verify/'.

---------------------------------------------------------------------------------------------
Results Summary:
---------------------------------------------------------------------------------------------
   Goal Run           :      cdc/cdc_verify
   Command-line read  :      0 error,      0 warning,      1 information message 
   Design Read        :      0 error,      0 warning,      3 information messages
      Found 1 top module:
         sys_top   (file: ../rtl/System_Top/SYS_TOP_dft.v)

   Blackbox Resolution:      0 error,      0 warning,      0 information message 
   SGDC Checks        :      0 error,      0 warning,      1 information message 
   Policy clock-reset :      0 error,      8 warnings,    33 information messages
   -------------------------------------------------------------------------------------
   Total              :      0 error,      8 warnings,    38 information messages

  Total Number of Generated Messages     :        46 (0 error, 8 warnings, 38 Infos)
  Number of Reported Messages            :        46 (0 error, 8 warnings, 38 Infos)

---------------------------------------------------------------------------------------------


run_goal: info: updating spyglass.log with goal summary
run_goal: info: spyglass.log successfully updated with goal summary
0 {Rule-checking completed with warnings}./lint_cdc/sys_top/cdc/cdc_verify/lint_cdc_waiver_file.awl./lint_cdc/sys_top/cdc/cdc_verify/lint_cdc_waiver_file.awl./lint_cdc/sys_top/cdc/cdc_verify/lint_cdc_waiver_file.awl12./lint_cdc/sys_top/cdc/cdc_verify/lint_cdc_waiver_file.awl4096current_goal: warning: goal `cdc/cdc_verify' is already selected with top `sys_top' - ignoring this command

INFO:    SpyGlass will run goal(s) 'cdc/cdc_verify'.


 Auto-compiling gates libraries

        "../System_pnr/std_cells/libs/scmetro_tsmc_cl013g_rvt_ss_1p08v_125c.lib"
        "../System_pnr/std_cells/libs/scmetro_tsmc_cl013g_rvt_tt_1p2v_25c.lib"
        "../System_pnr/std_cells/libs/scmetro_tsmc_cl013g_rvt_ff_1p32v_m40c.lib"
    to
        "./lint_cdc/spyglass_cache/autogenerated_sglib/aggregate.sglib" ...already compiled

 Using this already compiled sglib for the current run ...

RULE-CHECKING IN MIXED MODE
Loading spyglass (SpyGlass_vL-2016.06) ... (picked from /home/synopsys/SpyGlass-L2016.06/SPYGLASS_HOME/policies/spyglass)
Loading clock-reset (SpyGlass_vL-2016.06) ... (picked from /home/synopsys/SpyGlass-L2016.06/SPYGLASS_HOME/policies/clock)
 Reading sgdc file "spy_cons.sgdc" ...
Reading specified sglib files(s) ....
   Processing library: 'scmetro_tsmc_cl013g_rvt_ss_1p08v_125c' .... done
   Processing library: 'scmetro_tsmc_cl013g_rvt_tt_1p2v_25c' .... done
   Processing library: 'scmetro_tsmc_cl013g_rvt_ff_1p32v_m40c' .... done
Checking Rule AutoGenerateSglib (Rule 1 of total 402) .... done (Time = 0.00s, Memory = 0.0K)

INFO [76]    Using `./lint_cdc/sys_top/WORK/64' as the Work Directory for 64bit precompiled dump.
Checking Rule Param_clockreset07 (Rule 2 of total 402) .... done (Time = 0.00s, Memory = 0.0K)
Checking Rule Clock_setup01 (Rule 3 of total 402) .... done (Time = 0.00s, Memory = 33.3K)
Checking Rule Param_clockreset06 (Rule 4 of total 402) .... done (Time = 0.00s, Memory = 0.0K)
Checking Rule SGDC_meta_monitor_attributes01 (Rule 5 of total 402) .... done (Time = 0.00s, Memory = 0.0K)
Checking Rule LP_POWERDATA_CHECK (Rule 6 of total 402) .... done (Time = 0.00s, Memory = 0.0K)
Checking Rule LP_POWERDATA_READ (Rule 7 of total 402) .... done (Time = 0.00s, Memory = 0.0K)
Checking Rule PrecompileLibCheck01 (Rule 8 of total 402) .... done (Time = 0.00s, Memory = 0.0K)
Checking Rule PrecompileLibCheck02 (Rule 9 of total 402) .... done (Time = 0.00s, Memory = 0.0K)
Checking Rule PrecompileLibCheck03 (Rule 10 of total 402) .... done (Time = 0.00s, Memory = 0.0K)
Checking Rule PrecompileLibCheck04 (Rule 11 of total 402) .... done (Time = 0.00s, Memory = 0.0K)
Checking Rule ElabSummary (Rule 12 of total 402) .... done (Time = 0.00s, Memory = 0.0K)
Checking Rule ReportSglibVersionSummary (Rule 13 of total 402) .... done (Time = 0.00s, Memory = 0.0K)
Checking Rule SGDC_assume_path01 (Rule 14 of total 402) .... done (Time = 0.00s, Memory = 8.0K)
Checking Rule SGDC_sdcschema02 (Rule 15 of total 402) .... done (Time = 0.00s, Memory = -8.0K)
Checking Rule SGDC_clock05 (Rule 16 of total 402) .... done (Time = 0.00s, Memory = 9.5K)
Checking Rule SGDC_clock09 (Rule 17 of total 402) .... done (Time = 0.00s, Memory = 0.0K)
Checking Rule SGDC_force_ta05 (Rule 18 of total 402) .... done (Time = 0.00s, Memory = 0.0K)
Checking Rule SGDC_require_path03 (Rule 19 of total 402) .... done (Time = 0.00s, Memory = 0.0K)
Checking Rule SGDC_require_value03 (Rule 20 of total 402) .... done (Time = 0.00s, Memory = 8.0K)
Checking Rule SGDC_voltagedomain05 (Rule 21 of total 402) .... done (Time = 0.00s, Memory = 10.4K)
Checking Rule SGDC_voltagedomain06 (Rule 22 of total 402) .... done (Time = 0.00s, Memory = 0.0K)
Checking Rule SGDC_voltagedomain07 (Rule 23 of total 402) .... done (Time = 0.00s, Memory = 8.8K)
Checking Rule SGDC_powerdomainoutputs02 (Rule 24 of total 402) .... done (Time = 0.00s, Memory = -21.7K)
Checking Rule SGDC_supply01 (Rule 25 of total 402) .... done (Time = 0.00s, Memory = 0.0K)
Checking Rule SGDC_waive01 (Rule 26 of total 402) .... done (Time = 0.00s, Memory = 0.0K)
Checking Rule SGDC_waive02 (Rule 27 of total 402) .... done (Time = 0.00s, Memory = 0.0K)
Checking Rule SGDC_waive03 (Rule 28 of total 402) .... done (Time = 0.00s, Memory = 0.0K)
Checking Rule SGDC_waive04 (Rule 29 of total 402) .... done (Time = 0.00s, Memory = 0.0K)
Checking Rule SGDC_waive05 (Rule 30 of total 402) .... done (Time = 0.00s, Memory = 0.0K)
Checking Rule SGDC_waive06 (Rule 31 of total 402) .... done (Time = 0.00s, Memory = 0.0K)
Checking Rule SGDC_waive07 (Rule 32 of total 402) .... done (Time = 0.00s, Memory = 0.0K)
Checking Rule SGDC_waive08 (Rule 33 of total 402) .... done (Time = 0.00s, Memory = 0.0K)
Checking Rule SGDC_waive09 (Rule 34 of total 402) .... done (Time = 0.00s, Memory = 0.0K)
Checking Rule SGDC_waive10 (Rule 35 of total 402) .... done (Time = 0.00s, Memory = 0.0K)
Checking Rule SGDC_waive11 (Rule 36 of total 402) .... done (Time = 0.00s, Memory = 0.0K)
Checking Rule SGDC_waive12 (Rule 37 of total 402) .... done (Time = 0.00s, Memory = -25.0K)
Checking Rule SGDC_waive13 (Rule 38 of total 402) .... done (Time = 0.00s, Memory = 0.0K)
Checking Rule SGDC_waive21 (Rule 39 of total 402) .... done (Time = 0.00s, Memory = 0.0K)
Checking Rule SGDC_waive22 (Rule 40 of total 402) .... done (Time = 0.00s, Memory = -0.6K)
Checking Rule SGDC_waive30 (Rule 41 of total 402) .... done (Time = 0.00s, Memory = 0.0K)
Checking Rule SGDC_waive32 (Rule 42 of total 402) .... done (Time = 0.00s, Memory = 8.0K)
Checking Rule SGDC_waive33 (Rule 43 of total 402) .... done (Time = 0.00s, Memory = -13.0K)
Checking Rule SGDC_waive36 (Rule 44 of total 402) .... done (Time = 0.00s, Memory = 0.0K)
Checking Rule SGDC_waive38 (Rule 45 of total 402) .... done (Time = 0.00s, Memory = -1.3K)
Checking Rule SGDC_fifo01 (Rule 46 of total 402) .... done (Time = 0.00s, Memory = 8.0K)
Checking Rule SGDC_libgroup01 (Rule 47 of total 402) .... done (Time = 0.00s, Memory = -24.0K)
Checking Rule SGDC_libgroup02 (Rule 48 of total 402) .... done (Time = 0.00s, Memory = 16.0K)
Checking Rule SGDC_libgroup04 (Rule 49 of total 402) .... done (Time = 0.00s, Memory = 0.0K)
Checking Rule SGDC_power_data01 (Rule 50 of total 402) .... done (Time = 0.00s, Memory = 9.1K)
Checking Rule SGDC_ungroup01 (Rule 51 of total 402) .... done (Time = 0.00s, Memory = 2.8K)
Checking Rule SGDC_abstract_port06 (Rule 52 of total 402) .... done (Time = 0.00s, Memory = 5.1K)
Checking Rule SGDC_abstract_port14 (Rule 53 of total 402) .... done (Time = 0.00s, Memory = 0.0K)
Checking Rule SGDC_abstract_port15 (Rule 54 of total 402) .... done (Time = 0.00s, Memory = 0.0K)
Checking Rule SGDC_abstract_port18 (Rule 55 of total 402) .... done (Time = 0.00s, Memory = 8.0K)
Checking Rule sdc_init_rule (Rule 56 of total 402) .... done (Time = 0.00s, Memory = 1.6K)
Checking Rule CMD_ignorelibs01 (Rule 57 of total 402) .... done (Time = 0.00s, Memory = 0.0K)
Checking Rule ReportRuleNotRun (Rule 58 of total 402) .... done (Time = 0.00s, Memory = 23.0K)
Checking Rule SGDC_generated_clock03 (Rule 59 of total 402) .... done (Time = 0.00s, Memory = 0.0K)
Checking Rule SGDC_generated_clock04 (Rule 60 of total 402) .... done (Time = 0.00s, Memory = 12.4K)
Checking Rule SGDC_generated_clock05 (Rule 61 of total 402) .... done (Time = 0.00s, Memory = 0.0K)
Checking Rule SGDC_quasi_static_style02 (Rule 62 of total 402) .... done (Time = 0.00s, Memory = 1.6K)
Checking Rule SGDC_syncresetstyle01 (Rule 63 of total 402) .... done (Time = 0.00s, Memory = 8.0K)
Checking Rule SGDC_network_allowed_cells01 (Rule 64 of total 402) .... done (Time = 0.00s, Memory = 9.3K)
Checking Rule SGDC_numflops01 (Rule 65 of total 402) .... done (Time = 0.00s, Memory = 0.0K)
Checking Rule SGDC_numflops07 (Rule 66 of total 402) .... done (Time = 0.00s, Memory = 0.0K)
Checking Rule SGDC_numflops08 (Rule 67 of total 402) .... done (Time = 0.00s, Memory = 4.0K)
Checking Rule SGDC_numflops09 (Rule 68 of total 402) .... done (Time = 0.00s, Memory = 7.5K)
Checking Rule SGDC_clocksense04 (Rule 69 of total 402) .... done (Time = 0.00s, Memory = 0.0K)
Checking Rule SGDC_check_clock_relation05a (Rule 70 of total 402) .... done (Time = 0.00s, Memory = 0.0K)
Checking Rule SGDC_check_clock_relation05b (Rule 71 of total 402) .... done (Time = 0.00s, Memory = 7.5K)
Checking Rule SGDC_sync_cell08a (Rule 72 of total 402) .... done (Time = 0.00s, Memory = 11.5K)
Checking Rule SGDC_sync_cell09a (Rule 73 of total 402) .... done (Time = 0.00s, Memory = -7.5K)
Checking Rule SGDC_qualifier06 (Rule 74 of total 402) .... done (Time = 0.00s, Memory = 4.0K)
Checking Rule SGDC_cdc_waive03 (Rule 75 of total 402) .... done (Time = 0.00s, Memory = 4.7K)
Checking Rule SGDC_qualifier09 (Rule 76 of total 402) .... done (Time = 0.00s, Memory = 1.2K)
Checking Rule SGDC_qualifier15 (Rule 77 of total 402) .... done (Time = 0.00s, Memory = 0.4K)
Checking Rule SGDC_allow_combo_logic01 (Rule 78 of total 402) .... done (Time = 0.00s, Memory = 0.0K)
Checking Rule SGDC_reset_filter_path01 (Rule 79 of total 402) .... done (Time = 0.00s, Memory = 0.0K)
Checking Rule SGDC_cdc_false_path05 (Rule 80 of total 402) .... done (Time = 0.00s, Memory = -0.5K)
Checking Rule Param_clockreset05 (Rule 81 of total 402) .... done (Time = 0.00s, Memory = 8.0K)
Checking Rule Ac_sanity01 (Rule 82 of total 402) .... done (Time = 0.00s, Memory = 0.0K)
Checking Rule Ac_sanity06 (Rule 83 of total 402) .... done (Time = 0.00s, Memory = 9.8K)
Checking Rule Ac_license01 (Rule 84 of total 402) .... done (Time = 0.00s, Memory = 1.9K)
Checking Rule SGDC_reset_synchronizer07 (Rule 85 of total 402) .... done (Time = 0.00s, Memory = -12.0K)
 Reading waiver file "./lint_cdc/sys_top/cdc/cdc_verify/spyglass_spysch/waiver/pragma2Waiver.swl" ...
 Reading included SGDC file "./lint_cdc/sys_top/cdc/cdc_verify/spyglass_spysch/waiver/pragma2Waiver_varfile.swl" ....
Checking Rule ReportStopSummary (Rule 86 of total 402) .... done (Time = 0.00s, Memory = 0.0K)
Checking Rule ReportIgnoreSummary (Rule 87 of total 402) .... done (Time = 0.00s, Memory = 0.0K)

INFO [235]    Restoring design database from directory './lint_cdc/sys_top/.SG_SaveRestoreDB/autogenerated__default_snapshot' ...
              done

Checking Rule InferBlackBox (Rule 88 of total 402) .... done (Time = 0.00s, Memory = -6.0K)
Checking Rule SGDC_waive37 (Rule 89 of total 402) .... done (Time = 0.00s, Memory = 0.0K)
Checking Rule SGDC_waive24 (Rule 90 of total 402) .... done (Time = 0.00s, Memory = 0.0K)
Checking Rule SGDC_waive25 (Rule 91 of total 402) .... done (Time = 0.00s, Memory = 0.0K)
Checking Rule SGDC_waive31 (Rule 92 of total 402) .... done (Time = 0.00s, Memory = 0.0K)
Checking Rule SGDC_waive35 (Rule 93 of total 402) .... done (Time = 0.00s, Memory = 0.0K)
Checking Rule ReportSglibSummary (Rule 94 of total 402) .... done (Time = 0.00s, Memory = 0.0K)
Checking Rule DetectTopDesignUnits (Rule 95 of total 402)
 Detected 1 top level design units:
     sys_top
 .... done (Time = 0.00s, Memory = 0.0K)
Checking Rule GenerateConfMap (Rule 96 of total 402) .... done (Time = 0.00s, Memory = 0.0K)
Checking Rule Pragma_setupa for module CLK_GATE (Rule 97 of total 402) .... done (Time = 0.00s, Memory = 0.0K)
Checking Rule Pragma_setupa for module RST_SYNCH (Rule 97 of total 402) .... done (Time = 0.00s, Memory = 0.0K)
Checking Rule Pragma_setupa for module clk_div (Rule 97 of total 402) .... done (Time = 0.00s, Memory = 0.0K)
Checking Rule Pragma_setupa for module DeSerializer (Rule 97 of total 402) .... done (Time = 0.00s, Memory = 0.0K)
Checking Rule Pragma_setupa for module Data_sampling (Rule 97 of total 402) .... done (Time = 0.00s, Memory = 0.0K)
Checking Rule Pragma_setupa for module Edge_Bit_Counter (Rule 97 of total 402) .... done (Time = 0.00s, Memory = 0.0K)
Checking Rule Pragma_setupa for module Parity_chk (Rule 97 of total 402) .... done (Time = 0.00s, Memory = 0.0K)
Checking Rule Pragma_setupa for module Strt_chk (Rule 97 of total 402) .... done (Time = 0.00s, Memory = 0.0K)
Checking Rule Pragma_setupa for module stp_chk (Rule 97 of total 402) .... done (Time = 0.00s, Memory = 0.0K)
Checking Rule Pragma_setupa for module RX_FSM (Rule 97 of total 402) .... done (Time = 0.00s, Memory = 0.0K)
Checking Rule Pragma_setupa for module RX_TOP (Rule 97 of total 402) .... done (Time = 0.00s, Memory = 0.0K)
Checking Rule Pragma_setupa for module MUX (Rule 97 of total 402) .... done (Time = 0.00s, Memory = 0.0K)
Checking Rule Pragma_setupa for module parity (Rule 97 of total 402) .... done (Time = 0.00s, Memory = 0.0K)
Checking Rule Pragma_setupa for module TX_FSM (Rule 97 of total 402) .... done (Time = 0.00s, Memory = 0.0K)
Checking Rule Pragma_setupa for module serializer (Rule 97 of total 402) .... done (Time = 0.00s, Memory = 0.0K)
Checking Rule Pragma_setupa for module TX_TOP (Rule 97 of total 402) .... done (Time = 0.00s, Memory = 0.0K)
Checking Rule Pragma_setupa for module UART (Rule 97 of total 402) .... done (Time = 0.00s, Memory = 0.0K)
Checking Rule Pragma_setupa for module Data_Synch (Rule 97 of total 402) .... done (Time = 0.00s, Memory = 0.0K)
Checking Rule Pragma_setupa for module SYS_CTRL (Rule 97 of total 402) .... done (Time = 0.00s, Memory = 0.0K)
Checking Rule Pragma_setupa for module Register (Rule 97 of total 402) .... done (Time = 0.00s, Memory = 0.0K)
Checking Rule Pragma_setupa for module ALU (Rule 97 of total 402) .... done (Time = 0.00s, Memory = 0.0K)
Checking Rule Pragma_setupa for module FIFO_RD (Rule 97 of total 402) .... done (Time = 0.00s, Memory = 0.0K)
Checking Rule Pragma_setupa for module FIFO_WR (Rule 97 of total 402) .... done (Time = 0.00s, Memory = 0.0K)
Checking Rule Pragma_setupa for module DF_SYNC (Rule 97 of total 402) .... done (Time = 0.00s, Memory = 0.0K)
Checking Rule Pragma_setupa for module FIFO_MEM_CNTRL (Rule 97 of total 402) .... done (Time = 0.00s, Memory = 0.0K)
Checking Rule Pragma_setupa for module FIFO_TOP (Rule 97 of total 402) .... done (Time = 0.00s, Memory = 0.0K)
Checking Rule Pragma_setupa for module PULSE_GEN (Rule 97 of total 402) .... done (Time = 0.00s, Memory = 0.0K)
Checking Rule Pragma_setupa for module sys_top (Rule 97 of total 402) .... done (Time = 0.00s, Memory = 0.0K)
Performing semantic checks on SGDC contents
Checking Rule SGDC_testmode03 (Rule 98 of total 402) .... done (Time = 0.00s, Memory = 0.0K)
Checking Rule Pragma_setupb (Rule 99 of total 402) .... done (Time = 0.00s, Memory = 0.0K)
Checking Rule _vhMeta01 (Rule 100 of total 402) .... done (Time = 0.00s, Memory = 0.0K)
Checking Rule _meta_delay01 (Rule 101 of total 402) .... done (Time = 0.00s, Memory = 0.0K)
Checking Rule CheckCelldefine (Rule 102 of total 402) .... done (Time = 0.00s, Memory = 0.0K)
Checking Rule checkSGDC_01 (Rule 103 of total 402) .... done (Time = 0.00s, Memory = 0.0K)
Checking Rule checkSGDC_03 (Rule 104 of total 402) .... done (Time = 0.00s, Memory = 0.0K)
Checking Rule checkSGDC_08 (Rule 105 of total 402) .... done (Time = 0.00s, Memory = -0.8K)
Checking Rule SGDC_memorywritepin04 (Rule 106 of total 402) .... done (Time = 0.00s, Memory = 7.5K)
Checking Rule SGDC_reset02 (Rule 107 of total 402) .... done (Time = 0.00s, Memory = 8.4K)
Checking Rule SGDC_reset03 (Rule 108 of total 402) .... done (Time = 0.00s, Memory = 0.0K)
Checking Rule SGDC_waive23 (Rule 109 of total 402) .... done (Time = 0.00s, Memory = 20.0K)
Checking Rule SGDC_waive26 (Rule 110 of total 402) .... done (Time = 0.00s, Memory = -31.7K)
Checking Rule SGDC_waive27 (Rule 111 of total 402) .... done (Time = 0.00s, Memory = 0.0K)
Checking Rule SGDC_waive29 (Rule 112 of total 402) .... done (Time = 0.00s, Memory = 0.0K)
Checking Rule SGDC_libgroup03 (Rule 113 of total 402) .... done (Time = 0.00s, Memory = 0.1K)
Checking Rule SGDC_ungroup02 (Rule 114 of total 402) .... done (Time = 0.00s, Memory = 0.1K)
Checking Rule _abstractPortSGDC (Rule 115 of total 402) .... done (Time = 0.00s, Memory = -9.1K)
Checking Rule SGDC_abstract_port03 (Rule 116 of total 402) .... done (Time = 0.00s, Memory = -37.5K)
Checking Rule SGDC_abstract_port04 (Rule 117 of total 402) .... done (Time = 0.00s, Memory = 0.0K)
Checking Rule SGDC_abstract_port05 (Rule 118 of total 402) .... done (Time = 0.00s, Memory = 0.0K)
Checking Rule SGDC_abstract_port07 (Rule 119 of total 402) .... done (Time = 0.00s, Memory = 0.0K)
Checking Rule SGDC_abstract_port08 (Rule 120 of total 402) .... done (Time = 0.00s, Memory = 0.0K)
Checking Rule SGDC_abstract_port10 (Rule 121 of total 402) .... done (Time = 0.00s, Memory = 0.0K)
Checking Rule SGDC_abstract_port11 (Rule 122 of total 402) .... done (Time = 0.00s, Memory = 0.0K)
Checking Rule SGDC_abstract_port12 (Rule 123 of total 402) .... done (Time = 0.00s, Memory = 0.4K)
Checking Rule SGDC_abstract_port13 (Rule 124 of total 402) .... done (Time = 0.00s, Memory = 0.0K)
Checking Rule _cdc_save_license01 (Rule 125 of total 402) .... done (Time = 0.00s, Memory = -3.3K)
Checking Rule syncRstReq (Rule 126 of total 402) .... done (Time = 0.00s, Memory = 0.0K)
Checking Rule syncRstReq (Rule 127 of total 402) .... done (Time = 0.00s, Memory = 0.0K)
Checking Rule _syncResetStyleRTL (Rule 128 of total 402) .... done (Time = 0.00s, Memory = 0.0K)
Checking Rule _deltaDelay (Rule 129 of total 402) .... done (Time = 0.00s, Memory = 4.0K)
Checking Rule _deltaDelay (Rule 130 of total 402) .... done (Time = 0.00s, Memory = -1.3K)
Checking Rule _deltaDelayNom (Rule 131 of total 402) .... done (Time = 0.00s, Memory = 0.0K)
Checking Rule Ac_multitop01 (Rule 132 of total 402) .... done (Time = 0.00s, Memory = 8.0K)
Checking Rule AcOvlRtl (Rule 133 of total 402) .... done (Time = 0.00s, Memory = 0.0K)
Checking Rule AcOvlRtl (Rule 134 of total 402) .... done (Time = 0.00s, Memory = 0.0K)
Checking Rule Ac_svasetup01 (Rule 135 of total 402) .... done (Time = 0.00s, Memory = 0.0K)
Checking Rule ReportUngroup (Rule 136 of total 402) .... done (Time = 0.00s, Memory = 32.0K)
Checking Rule SGDC_allow_combo_logic02 (Rule 137 of total 402) .... done (Time = 0.00s, Memory = -4.0K)
Checking Rule _portRetenClocknReset (Rule 138 of total 402) .... done (Time = 0.00s, Memory = 0.1K)
Checking Rule _portReten (Rule 139 of total 402) .... done (Time = 0.00s, Memory = 1.0K)
Checking Rule SGDC_meta_design_hier01 (Rule 140 of total 402) .... done (Time = 0.00s, Memory = 1.6K)
Checking Rule LP_POWERDATA_INFO (Rule 141 of total 402) .... done (Time = 0.00s, Memory = 4.7K)
Checking Rule SGDC_abstract_port21 (Rule 142 of total 402) .... done (Time = 0.00s, Memory = -11.0K)
Checking Rule SGDC_input02 (Rule 143 of total 402) .... done (Time = 0.00s, Memory = 0.0K)
Checking Rule SGDC_input03 (Rule 144 of total 402) .... done (Time = 0.00s, Memory = 0.0K)
Checking Rule SGDC_output02 (Rule 145 of total 402) .... done (Time = 0.00s, Memory = 0.0K)
Checking Rule SGDC_output04 (Rule 146 of total 402) .... done (Time = 0.00s, Memory = 31.0K)
Checking Rule SGDC_numflops03a (Rule 147 of total 402) .... done (Time = 0.00s, Memory = 0.0K)
Checking Rule SGDC_numflops03b (Rule 148 of total 402) .... done (Time = 0.00s, Memory = 0.0K)
Checking Rule SGDC_numflops12 (Rule 149 of total 402) .... done (Time = 0.00s, Memory = 0.0K)
Checking Rule SGDC_sync_cell02b (Rule 150 of total 402) .... done (Time = 0.00s, Memory = 0.0K)
Checking Rule SGDC_sync_cell11 (Rule 151 of total 402) .... done (Time = 0.00s, Memory = 0.0K)
Checking Rule SGDC_qualifier02c (Rule 152 of total 402) .... done (Time = 0.00s, Memory = 0.0K)
Checking Rule SGDC_qualifier03c (Rule 153 of total 402) .... done (Time = 0.00s, Memory = 0.0K)
Checking Rule LPwrRulesSetup (Rule 154 of total 402) .... done (Time = 0.00s, Memory = 4.0K)
 Flattening sys_top (.lib instances separately flattened) ....
 Flattening completed
Checking Rule SGDC_quasi_static_style01 (Rule 155 of total 402) .... done (Time = 0.00s, Memory = 0.0K)
Checking Rule SignalTypeSetup (Rule 156 of total 402) .... done (Time = 0.00s, Memory = 40.0K)
Checking Rule _allowInst (Rule 157 of total 402) .... done (Time = 0.00s, Memory = 0.0K)
Checking Rule _ipblock (Rule 158 of total 402) .... done (Time = 0.00s, Memory = 0.0K)
Checking Rule _rstSyncCellInst (Rule 159 of total 402) .... done (Time = 0.00s, Memory = 0.2K)
Checking Rule _syncCellDelayedQualifier (Rule 160 of total 402) .... done (Time = 0.00s, Memory = 0.0K)
Checking Rule _repeaterCellInst (Rule 161 of total 402) .... done (Time = 0.00s, Memory = -24.0K)
Checking Rule _abstract_port (Rule 162 of total 402) .... done (Time = 0.00s, Memory = 6.6K)
Checking Rule Clock_setup02 (Rule 163 of total 402) .... done (Time = 0.00s, Memory = 18.3K)
Checking Rule Clockmatrix01 (Rule 164 of total 402) .... done (Time = 0.00s, Memory = 0.0K)
Checking Rule Clock_prop (Rule 165 of total 402) .... done (Time = 0.00s, Memory = 627.0K)
Checking Rule Reset_prop (Rule 166 of total 402) .... done (Time = 0.00s, Memory = 59.8K)
Checking Rule SGDC_generated_clock06 (Rule 167 of total 402) .... done (Time = 0.00s, Memory = 0.0K)
Checking Rule Propagate_Clocks (Rule 168 of total 402) .... done (Time = 0.01s, Memory = 234.5K)
Checking Rule _syncreset_prop (Rule 169 of total 402) .... done (Time = 0.00s, Memory = 0.0K)
Checking Rule _syncc (Rule 170 of total 402) .... done (Time = 0.00s, Memory = 0.5K)
Checking Rule _syncb (Rule 171 of total 402) .... done (Time = 0.00s, Memory = 2.7K)
Checking Rule _resetPathCross (Rule 172 of total 402) .... done (Time = 0.00s, Memory = 0.0K)
Checking Rule FalsePathSetup (Rule 173 of total 402) .... done (Time = 0.00s, Memory = 0.0K)
Checking Rule _fifo01 (Rule 174 of total 402) .... done (Time = 0.00s, Memory = 0.0K)
Checking Rule _syncfifo (Rule 175 of total 402) .... done (Time = 0.00s, Memory = 0.0K)
Checking Rule _syncUDfifo (Rule 176 of total 402) .... done (Time = 0.00s, Memory = 18.8K)
Checking Rule _syncdw (Rule 177 of total 402) .... done (Time = 0.00s, Memory = 0.0K)
Checking Rule _syncd (Rule 178 of total 402) .... done (Time = 0.00s, Memory = -0.1K)
Checking Rule _syncg (Rule 179 of total 402) .... done (Time = 0.00s, Memory = 40.9K)
Checking Rule _sync_clock (Rule 180 of total 402) .... done (Time = 0.00s, Memory = -24.8K)
Checking Rule _sync_gp (Rule 181 of total 402) .... done (Time = 0.00s, Memory = 1024.0K)
Checking Rule _sync_and (Rule 182 of total 402) .... done (Time = 0.00s, Memory = 0.0K)
Checking Rule _synci (Rule 183 of total 402) .... done (Time = 0.00s, Memory = 0.0K)
Checking Rule _sync_qualifier (Rule 184 of total 402) .... done (Time = 0.00s, Memory = -2.8K)
Checking Rule SGDC_fifo11 (Rule 185 of total 402) .... done (Time = 0.00s, Memory = -2.6K)
Checking Rule SGDC_fifo12 (Rule 186 of total 402) .... done (Time = 0.00s, Memory = -1.9K)
Checking Rule SGDC_fifo13 (Rule 187 of total 402) .... done (Time = 0.00s, Memory = 30.9K)
Checking Rule SGDC_fifo14 (Rule 188 of total 402) .... done (Time = 0.00s, Memory = 0.0K)
Checking Rule Gen_diff01 (Rule 189 of total 402) .... done (Time = 0.00s, Memory = 0.0K)
Checking Rule _debugData (Rule 190 of total 402) .... done (Time = 0.01s, Memory = 58.4K)
Checking Rule Ac_Sync_Init (Rule 191 of total 402) .... done (Time = 0.02s, Memory = 256.5K)
Checking Rule _propagate_cdcAttrib (Rule 192 of total 402) .... done (Time = 0.00s, Memory = 7.6K)
Checking Rule Ar_Cross_Init (Rule 193 of total 402) .... done (Time = 0.00s, Memory = -5.0K)
Checking Rule SGDC_cdc_define_transition01 (Rule 194 of total 402) .... done (Time = 0.00s, Memory = 0.3K)
Checking Rule UPF_lowpower08PR (Rule 195 of total 402) .... done (Time = 0.00s, Memory = 0.0K)
Checking Rule UPF_lowpower08 (Rule 196 of total 402) .... done (Time = 0.00s, Memory = 0.0K)
Checking Rule Setup_check01 (Rule 197 of total 402) .... done (Time = 0.00s, Memory = -11.5K)
Checking Rule Setup_check02 (Rule 198 of total 402) .... done (Time = 0.00s, Memory = 0.0K)
Checking Rule Info_Case_Analysis (Rule 199 of total 402) .... done (Time = 0.00s, Memory = -2.1K)
Checking Rule SGDC_set_case_analysis_LC (Rule 200 of total 402) .... done (Time = 0.01s, Memory = -0.1K)
Checking Rule Setup_quasi_static01 (Rule 201 of total 402) .... done (Time = 0.00s, Memory = 24.0K)
Checking Rule SGDC_signal_in_domain02 (Rule 202 of total 402) .... done (Time = 0.00s, Memory = 0.0K)
Checking Rule SGDC_signal_in_domain04 (Rule 203 of total 402) .... done (Time = 0.00s, Memory = 0.0K)
Checking Rule SGDC_numflops03c (Rule 204 of total 402) .... done (Time = 0.00s, Memory = 0.0K)
Checking Rule SGDC_numflops04 (Rule 205 of total 402) .... done (Time = 0.00s, Memory = 0.0K)
Checking Rule SGDC_numflops05 (Rule 206 of total 402) .... done (Time = 0.00s, Memory = 8.0K)
Checking Rule SGDC_numflops06 (Rule 207 of total 402) .... done (Time = 0.00s, Memory = 0.0K)
Checking Rule SGDC_numflops11 (Rule 208 of total 402) .... done (Time = 0.00s, Memory = 0.0K)
Checking Rule SGDC_numflops13 (Rule 209 of total 402) .... done (Time = 0.00s, Memory = 0.0K)
Checking Rule SGDC_numflops14 (Rule 210 of total 402) .... done (Time = 0.00s, Memory = 0.0K)
Checking Rule SGDC_clocksense02 (Rule 211 of total 402) .... done (Time = 0.00s, Memory = 0.0K)
Checking Rule SGDC_clocksense03 (Rule 212 of total 402) .... done (Time = 0.00s, Memory = 0.0K)
Checking Rule SGDC_sgclkgroup01 (Rule 213 of total 402) .... done (Time = 0.00s, Memory = 0.0K)
Checking Rule SGDC_sgclkgroup02 (Rule 214 of total 402) .... done (Time = 0.00s, Memory = 0.0K)
Checking Rule SGDC_sgclkgroup03 (Rule 215 of total 402) .... done (Time = 0.00s, Memory = 0.0K)
Checking Rule SGDC_check_clock_relation01a (Rule 216 of total 402) .... done (Time = 0.00s, Memory = 0.0K)
Checking Rule SGDC_check_clock_relation01b (Rule 217 of total 402) .... done (Time = 0.00s, Memory = 0.0K)
Checking Rule SGDC_check_clock_relation01c (Rule 218 of total 402) .... done (Time = 0.00s, Memory = 0.0K)
Checking Rule SGDC_check_clock_relation02a (Rule 219 of total 402) .... done (Time = 0.00s, Memory = 0.0K)
Checking Rule SGDC_check_clock_relation02b (Rule 220 of total 402) .... done (Time = 0.00s, Memory = -8.0K)
Checking Rule SGDC_check_clock_relation02c (Rule 221 of total 402) .... done (Time = 0.00s, Memory = 8.0K)
Checking Rule SGDC_check_clock_relation03b (Rule 222 of total 402) .... done (Time = 0.00s, Memory = 0.0K)
Checking Rule SGDC_check_clock_relation04b (Rule 223 of total 402) .... done (Time = 0.00s, Memory = 0.0K)
Checking Rule CheckClockRelationSetup (Rule 224 of total 402) .... done (Time = 0.00s, Memory = -24.0K)
Checking Rule SGDC_gray_signals01 (Rule 225 of total 402) .... done (Time = 0.00s, Memory = 4.0K)
Checking Rule SGDC_gray_signals02 (Rule 226 of total 402) .... done (Time = 0.00s, Memory = -8.0K)
Checking Rule SGDC_gray_signals03 (Rule 227 of total 402) .... done (Time = 0.00s, Memory = 1.6K)
Checking Rule SGDC_qualifier02a (Rule 228 of total 402) .... done (Time = 0.00s, Memory = 0.0K)
Checking Rule SGDC_qualifier03a (Rule 229 of total 402) .... done (Time = 0.00s, Memory = 0.0K)
Checking Rule SGDC_qualifier04 (Rule 230 of total 402) .... done (Time = 0.00s, Memory = 0.0K)
Checking Rule SGDC_qualifier05 (Rule 231 of total 402) .... done (Time = 0.00s, Memory = -32.0K)
Checking Rule SGDC_qualifier08 (Rule 232 of total 402) .... done (Time = 0.00s, Memory = 0.0K)
Checking Rule QualifierSetup (Rule 233 of total 402) .... done (Time = 0.00s, Memory = 0.0K)
Checking Rule ResetSynchronizerSetup (Rule 234 of total 402) .... done (Time = 0.00s, Memory = -3.0K)
Checking Rule SGDC_validation_filter_path03 (Rule 235 of total 402) .... done (Time = 0.00s, Memory = 0.0K)
Checking Rule SGDC_qualifier10 (Rule 236 of total 402) .... done (Time = 0.00s, Memory = 0.0K)
Checking Rule SGDC_qualifier11 (Rule 237 of total 402) .... done (Time = 0.00s, Memory = 0.0K)
Checking Rule SGDC_qualifier12 (Rule 238 of total 402) .... done (Time = 0.00s, Memory = 0.0K)
Checking Rule SGDC_qualifier13 (Rule 239 of total 402) .... done (Time = 0.00s, Memory = 0.0K)
Checking Rule SGDC_qualifier14 (Rule 240 of total 402) .... done (Time = 0.00s, Memory = 0.0K)
Checking Rule SGDC_qualifier16 (Rule 241 of total 402) .... done (Time = 0.00s, Memory = -0.0K)
Checking Rule SGDC_qualifier18 (Rule 242 of total 402) .... done (Time = 0.00s, Memory = 0.0K)
Checking Rule SGDC_qualifier19a (Rule 243 of total 402) .... done (Time = 0.00s, Memory = 0.0K)
Checking Rule SGDC_qualifier19b (Rule 244 of total 402) .... done (Time = 0.00s, Memory = 32.0K)
Checking Rule SGDC_qualifier19c (Rule 245 of total 402) .... done (Time = 0.00s, Memory = 0.0K)
Checking Rule SGDC_qualifier20b (Rule 246 of total 402) .... done (Time = 0.00s, Memory = -0.3K)
Checking Rule SGDC_qualifier21 (Rule 247 of total 402) .... done (Time = 0.00s, Memory = 0.0K)
Checking Rule SGDC_qualifier22 (Rule 248 of total 402) .... done (Time = 0.00s, Memory = 0.0K)
Checking Rule SGDC_qualifier23 (Rule 249 of total 402) .... done (Time = 0.00s, Memory = 1.5K)
Checking Rule SGDC_virtualclock01 (Rule 250 of total 402) .... done (Time = 0.00s, Memory = 5.8K)
Checking Rule SGDC_virtualreset01 (Rule 251 of total 402) .... done (Time = 0.00s, Memory = 0.0K)
Checking Rule SGDC_abstract_port19 (Rule 252 of total 402) .... done (Time = 0.00s, Memory = 0.0K)
Checking Rule SGDC_abstract_port20 (Rule 253 of total 402) .... done (Time = 0.00s, Memory = -32.0K)
Checking Rule RFPSetup (Rule 254 of total 402) .... done (Time = 0.00s, Memory = 0.0K)
Checking Rule SGDC_reset_filter_path02a (Rule 255 of total 402) .... done (Time = 0.00s, Memory = 0.0K)
Checking Rule SGDC_reset_filter_path02b (Rule 256 of total 402) .... done (Time = 0.00s, Memory = 4.7K)
Checking Rule SGDC_reset_filter_path02c (Rule 257 of total 402) .... done (Time = 0.00s, Memory = 32.0K)
Checking Rule SGDC_reset_filter_path03a (Rule 258 of total 402) .... done (Time = 0.00s, Memory = 7.0K)
Checking Rule SGDC_reset_filter_path03b (Rule 259 of total 402) .... done (Time = 0.00s, Memory = -0.6K)
Checking Rule SGDC_reset_filter_path03c (Rule 260 of total 402) .... done (Time = 0.00s, Memory = -0.4K)
Checking Rule SGDC_reset_filter_path04b (Rule 261 of total 402) .... done (Time = 0.00s, Memory = 0.0K)
Checking Rule SGDC_reset_filter_path07a (Rule 262 of total 402) .... done (Time = 0.00s, Memory = 7.5K)
Checking Rule SGDC_reset_filter_path07b (Rule 263 of total 402) .... done (Time = 0.00s, Memory = 0.0K)
Checking Rule SGDC_reset_filter_path07c (Rule 264 of total 402) .... done (Time = 0.00s, Memory = 32.0K)
Checking Rule SGDC_define_reset_order03 (Rule 265 of total 402) .... done (Time = 0.00s, Memory = 0.0K)
Checking Rule SGDC_define_reset_order04 (Rule 266 of total 402) .... done (Time = 0.00s, Memory = 0.0K)
Checking Rule SGDC_define_reset_order05 (Rule 267 of total 402) .... done (Time = 0.00s, Memory = 6.9K)
Checking Rule SGDC_cdc_false_path06 (Rule 268 of total 402) .... done (Time = 0.00s, Memory = -1.8K)
Checking Rule SGDC_cdc_false_path07 (Rule 269 of total 402) .... done (Time = 0.00s, Memory = 0.0K)
Checking Rule SGDC_cdc_false_path08 (Rule 270 of total 402) .... done (Time = 0.00s, Memory = -2.5K)
Checking Rule CDCSet_License01 (Rule 271 of total 402) .... done (Time = 0.00s, Memory = -3.0K)
Checking Rule Clock_info03a (Rule 272 of total 402) .... done (Time = 0.00s, Memory = 3.8K)
Checking Rule Clock_info03b (Rule 273 of total 402) .... done (Time = 0.01s, Memory = 19.0K)
Checking Rule Clock_info03c (Rule 274 of total 402) .... done (Time = 0.00s, Memory = 0.0K)
Checking Rule Ac_coherency06 (Rule 275 of total 402) .... done (Time = 0.00s, Memory = -23.8K)
Checking Rule Ac_unsync01 (Rule 276 of total 402) .... done (Time = 0.00s, Memory = 0.0K)
Checking Rule Ac_unsync02 (Rule 277 of total 402) .... done (Time = 0.00s, Memory = 0.0K)
Checking Rule Ac_sync01 (Rule 278 of total 402) .... done (Time = 0.00s, Memory = 0.0K)
Checking Rule Ac_sync02 (Rule 279 of total 402) .... done (Time = 0.00s, Memory = 0.0K)
Checking Rule Ac_crossing01 (Rule 280 of total 402) .... done (Time = 0.00s, Memory = -14.2K)
Checking Rule Propagate_Resets (Rule 281 of total 402) .... done (Time = 0.00s, Memory = 7.2K)
Checking Rule _reset_sync (Rule 282 of total 402) .... done (Time = 0.00s, Memory = 0.0K)
Checking Rule Setup_port01 (Rule 283 of total 402) .... done (Time = 0.00s, Memory = 0.0K)
Checking Rule Setup_blackbox01 (Rule 284 of total 402) .... done (Time = 0.00s, Memory = 0.0K)
Checking Rule Setup_library01 (Rule 285 of total 402) .... done (Time = 0.00s, Memory = 4.7K)
Checking Rule Reset_check11 (Rule 286 of total 402) .... done (Time = 0.01s, Memory = 62.1K)
Checking Rule Reset_info09a (Rule 287 of total 402) .... done (Time = 0.00s, Memory = -25.2K)
Checking Rule Clock_sync05 (Rule 288 of total 402) .... done (Time = 0.00s, Memory = 0.0K)
Checking Rule Clock_sync06 (Rule 289 of total 402) .... done (Time = 0.00s, Memory = 0.0K)
Checking Rule Clock_info02 (Rule 290 of total 402) .... done (Time = 0.01s, Memory = -34.4K)
Checking Rule Reset_info02 (Rule 291 of total 402) .... done (Time = 0.00s, Memory = -6.2K)
Checking Rule Clock_info05 (Rule 292 of total 402) .... done (Time = 0.00s, Memory = 0.0K)
Checking Rule Clock_info05b (Rule 293 of total 402) .... done (Time = 0.00s, Memory = 0.0K)
Checking Rule Reset_check03 (Rule 294 of total 402) .... done (Time = 0.00s, Memory = 0.0K)
Checking Rule _clkWrapModules (Rule 295 of total 402) .... done (Time = 0.00s, Memory = 1.0K)
Checking Rule _clock_hier_rules (Rule 296 of total 402) .... done (Time = 0.00s, Memory = 0.0K)
Checking Rule Reset_check12 (Rule 297 of total 402) .... done (Time = 0.00s, Memory = 71.5K)
Checking Rule Ar_sync_init (Rule 298 of total 402) .... done (Time = 0.01s, Memory = 12.8K)
Checking Rule _constrCoverage (Rule 299 of total 402) .... done (Time = 0.01s, Memory = 19.5K)
Checking Rule Clock_info15 (Rule 300 of total 402) .... done (Time = 0.00s, Memory = 25.6K)
Checking Rule Reset_check10 (Rule 301 of total 402) .... done (Time = 0.00s, Memory = -1.0K)
Checking Rule Reset_sync02 (Rule 302 of total 402) .... done (Time = 0.01s, Memory = -0.3K)
Checking Rule SGDC_clockreset02 (Rule 303 of total 402) .... done (Time = 0.00s, Memory = 0.0K)
Checking Rule Param_clockreset02 (Rule 304 of total 402) .... done (Time = 0.00s, Memory = -6.0K)
Checking Rule Param_clockreset04 (Rule 305 of total 402) .... done (Time = 0.00s, Memory = 0.0K)
Checking Rule Setup_clockreset01 (Rule 306 of total 402) .... done (Time = 0.00s, Memory = 3.0K)
Checking Rule Clock_check07 (Rule 307 of total 402) .... done (Time = 0.00s, Memory = -0.7K)
Checking Rule Clock_check10 (Rule 308 of total 402) .... done (Time = 0.00s, Memory = 1.9K)
Checking Rule Reset_check08 (Rule 309 of total 402) .... done (Time = 0.00s, Memory = 0.0K)
Checking Rule Clock_converge01 (Rule 310 of total 402) .... done (Time = 0.00s, Memory = 0.0K)
Checking Rule Ar_converge01 (Rule 311 of total 402) .... done (Time = 0.00s, Memory = 2.1K)
Checking Rule SGDC_noclockcell_start01 (Rule 312 of total 402) .... done (Time = 0.00s, Memory = -1.2K)
Checking Rule Ac_initseq01 (Rule 313 of total 402) .... done (Time = 0.00s, Memory = 24.0K)
Checking Rule Ac_init01 (Rule 314 of total 402)
 .... done (Time = 0.01s, Memory = 98.1K)
Checking Rule _ac_Auxi01 (Rule 315 of total 402) .... done (Time = 0.00s, Memory = 0.0K)
Checking Rule Ac_sanity02 (Rule 316 of total 402) .... done (Time = 0.00s, Memory = 0.0K)
Checking Rule _glitch_init (Rule 317 of total 402) .... done (Time = 0.00s, Memory = 0.0K)
Checking Rule Ac_initstate01 (Rule 318 of total 402) .... done (Time = 0.01s, Memory = -53.6K)
Checking Rule Ac_conv02 (Rule 319 of total 402)
Verifying rule Ac_conv02: 1 checks
0% time spent, 0%(0) assertions proved, 0%(0) failed, 0%(0) partially proved, 0%(0) others0% time spent, 0%(0) assertions proved, 0%(0) failed, 0%(0) partially proved, 0%(0) others0% time spent, 0%(0) assertions proved, 0%(0) failed, 0%(0) partially proved, 0%(0) others100% time spent, 100%(1) assertions proved, 0%(0) failed, 0%(0) partially proved, 0%(0) others100% time spent, 100%(1) assertions proved, 0%(0) failed, 0%(0) partially proved, 0%(0) others100% time spent, 100%(1) assertions proved, 0%(0) failed, 0%(0) partially proved, 0%(0) others .... done (Time = 1.44s, Memory = -14.6K)
Checking Rule Ac_conv02setup01 (Rule 320 of total 402) .... done (Time = 0.00s, Memory = 3.8K)
Checking Rule Ac_conv01 (Rule 321 of total 402) .... done (Time = 0.01s, Memory = 8.9K)
Checking Rule Ac_conv03 (Rule 322 of total 402) .... done (Time = 0.00s, Memory = 0.1K)
Checking Rule Ac_conv04 (Rule 323 of total 402) .... done (Time = 0.00s, Memory = 3.8K)
Checking Rule Ac_cdc01a (Rule 324 of total 402)
Verifying rule Ac_cdc01a: 1 checks
0% time spent, 0%(0) assertions proved, 0%(0) failed, 0%(0) partially proved, 0%(0) others0% time spent, 0%(0) assertions proved, 0%(0) failed, 0%(0) partially proved, 0%(0) others0% time spent, 0%(0) assertions proved, 0%(0) failed, 0%(0) partially proved, 0%(0) others0% time spent, 0%(0) assertions proved, 0%(0) failed, 0%(0) partially proved, 0%(0) others0% time spent, 0%(0) assertions proved, 0%(0) failed, 0%(0) partially proved, 0%(0) others0% time spent, 0%(0) assertions proved, 0%(0) failed, 0%(0) partially proved, 0%(0) others100% time spent, 0%(0) assertions proved, 0%(0) failed, 100%(1) partially proved, 0%(0) others100% time spent, 0%(0) assertions proved, 0%(0) failed, 100%(1) partially proved, 0%(0) others .... done (Time = 4.75s, Memory = -27.8K)
Checking Rule Ac_datahold01a (Rule 325 of total 402)
Verifying rule Ac_datahold01a: 4 checks
0% time spent, 0%(0) assertions proved, 0%(0) failed, 0%(0) partially proved, 0%(0) others0% time spent, 0%(0) assertions proved, 0%(0) failed, 0%(0) partially proved, 0%(0) others0% time spent, 0%(0) assertions proved, 0%(0) failed, 0%(0) partially proved, 0%(0) others0% time spent, 0%(0) assertions proved, 0%(0) failed, 0%(0) partially proved, 0%(0) others0% time spent, 0%(0) assertions proved, 0%(0) failed, 0%(0) partially proved, 0%(0) others25% time spent, 25%(1) assertions proved, 0%(0) failed, 0%(0) partially proved, 0%(0) others25% time spent, 25%(1) assertions proved, 0%(0) failed, 0%(0) partially proved, 0%(0) others25% time spent, 25%(1) assertions proved, 0%(0) failed, 0%(0) partially proved, 0%(0) others25% time spent, 25%(1) assertions proved, 0%(0) failed, 0%(0) partially proved, 0%(0) others25% time spent, 25%(1) assertions proved, 0%(0) failed, 0%(0) partially proved, 0%(0) others25% time spent, 25%(1) assertions proved, 0%(0) failed, 0%(0) partially proved, 0%(0) others25% time spent, 25%(1) assertions proved, 0%(0) failed, 0%(0) partially proved, 0%(0) others25% time spent, 25%(1) assertions proved, 0%(0) failed, 0%(0) partially proved, 0%(0) others25% time spent, 25%(1) assertions proved, 0%(0) failed, 0%(0) partially proved, 0%(0) others25% time spent, 25%(1) assertions proved, 0%(0) failed, 0%(0) partially proved, 0%(0) others25% time spent, 25%(1) assertions proved, 0%(0) failed, 0%(0) partially proved, 0%(0) others25% time spent, 25%(1) assertions proved, 0%(0) failed, 0%(0) partially proved, 0%(0) others100% time spent, 25%(1) assertions proved, 0%(0) failed, 75%(3) partially proved, 0%(0) others100% time spent, 25%(1) assertions proved, 0%(0) failed, 75%(3) partially proved, 0%(0) others .... done (Time = 23.06s, Memory = -135.4K)
Checking Rule Ac_abs01 (Rule 326 of total 402) .... done (Time = 0.00s, Memory = 0.0K)
Checking Rule Ac_glitch03 (Rule 327 of total 402) .... done (Time = 0.00s, Memory = -3.5K)
Checking Rule Ac_clockperiod01 (Rule 328 of total 402) .... done (Time = 0.00s, Memory = -0.4K)
Checking Rule Ac_clockperiod02 (Rule 329 of total 402) .... done (Time = 0.00s, Memory = 0.0K)
Checking Rule Ac_clockperiod03 (Rule 330 of total 402) .... done (Time = 0.00s, Memory = 0.0K)
Checking Rule Ac_report01 (Rule 331 of total 402) .... done (Time = 0.01s, Memory = -57.2K)
Checking Rule AllowComboLogicSetup (Rule 332 of total 402) .... done (Time = 0.00s, Memory = 0.0K)
Checking Rule Ac_resetvalue01 (Rule 333 of total 402) .... done (Time = 0.00s, Memory = 0.0K)
Checking Rule Ac_upfsetup02 (Rule 334 of total 402) .... done (Time = 0.00s, Memory = 0.0K)
Checking Rule Ac_upfsetup01 (Rule 335 of total 402) .... done (Time = 0.00s, Memory = 0.0K)
Checking Rule Ac_psync_init (Rule 336 of total 402) .... done (Time = 0.00s, Memory = 0.0K)
Checking Rule Ac_psetup01 (Rule 337 of total 402) .... done (Time = 0.00s, Memory = 0.0K)
Checking Rule Clock_exit01 (Rule 338 of total 402) .... done (Time = 0.00s, Memory = 0.0K)
Checking Rule SGDC_reset_synchronizer02 (Rule 339 of total 402) .... done (Time = 0.00s, Memory = 0.0K)
Checking Rule SGDC_reset_synchronizer04 (Rule 340 of total 402) .... done (Time = 0.00s, Memory = 0.0K)
Checking Rule SGDC_reset_synchronizer06 (Rule 341 of total 402) .... done (Time = 0.00s, Memory = 0.0K)
Checking Rule SGDC_reset_synchronizer08 (Rule 342 of total 402) .... done (Time = 0.00s, Memory = 24.0K)
Checking Rule SGDC_reset_synchronizer10 (Rule 343 of total 402) .... done (Time = 0.00s, Memory = 0.0K)
Checking Rule AnalyzeBBox (Rule 344 of total 402) .... done (Time = 0.00s, Memory = 0.0K)
Checking Rule ReportCheckDataSummary (Rule 345 of total 402) .... done (Time = 0.00s, Memory = 0.0K)

Generating data for Console...

SpyGlass Rule Checking Complete.

Generating moresimple report from './lint_cdc/sys_top/cdc/cdc_verify/spyglass.vdb' to './lint_cdc/sys_top/cdc/cdc_verify/spyglass_reports/moresimple.rpt' ....

Generating runsummary report from './lint_cdc/sys_top/cdc/cdc_verify/spyglass.vdb' ....

Generating no_msg_reporting_rules report from './lint_cdc/sys_top/cdc/cdc_verify/spyglass.vdb' to './lint_cdc/sys_top/cdc/cdc_verify/spyglass_reports/no_msg_reporting_rules.rpt' ....

Generating adv_cdc report from './lint_cdc/sys_top/cdc/cdc_verify/spyglass.vdb' to './lint_cdc/sys_top/cdc/cdc_verify/spyglass_reports/adv_cdc.rpt' ....

Generating CDC-report report from './lint_cdc/sys_top/cdc/cdc_verify/spyglass.vdb' to './lint_cdc/sys_top/cdc/cdc_verify/spyglass_reports/CDC-report.rpt' ....

Generating CKSGDCInfo report from './lint_cdc/sys_top/cdc/cdc_verify/spyglass.vdb' to './lint_cdc/sys_top/cdc/cdc_verify/spyglass_reports/CKSGDCInfo.rpt' ....

Generating RSTree report from './lint_cdc/sys_top/cdc/cdc_verify/spyglass.vdb' to './lint_cdc/sys_top/cdc/cdc_verify/spyglass_reports/RSTree.rpt' ....

Generating CKTree report from './lint_cdc/sys_top/cdc/cdc_verify/spyglass.vdb' to './lint_cdc/sys_top/cdc/cdc_verify/spyglass_reports/CKTree.rpt' ....

Generating waiver report from './lint_cdc/sys_top/cdc/cdc_verify/spyglass.vdb' to './lint_cdc/sys_top/cdc/cdc_verify/spyglass_reports/waiver.rpt' ....

Policy specific data (reports) are present in the directory './lint_cdc/sys_top/cdc/cdc_verify/spyglass_reports'.

SpyGlass critical reports for the current run are present in directory './lint_cdc/consolidated_reports/sys_top_cdc_cdc_verify/'.

---------------------------------------------------------------------------------------------
Results Summary:
---------------------------------------------------------------------------------------------
   Goal Run           :      cdc/cdc_verify
   Command-line read  :      0 error,      0 warning,      1 information message 
   Design Read        :      0 error,      0 warning,      3 information messages
      Found 1 top module:
         sys_top   (file: ../rtl/System_Top/SYS_TOP_dft.v)

   Blackbox Resolution:      0 error,      0 warning,      0 information message 
   SGDC Checks        :      0 error,      0 warning,      1 information message 
   Policy clock-reset :      0 error,      5 warnings,    34 information messages
   -------------------------------------------------------------------------------------
   Total              :      0 error,      5 warnings,    39 information messages

  Total Number of Generated Messages     :        45 (0 error, 6 warnings, 39 Infos)
  Number of Waived Messages              :         1 (0 error, 1 warning, 0 Info)
  Number of Reported Messages            :        44 (0 error, 5 warnings, 39 Infos)

---------------------------------------------------------------------------------------------


run_goal: info: updating spyglass.log with goal summary
run_goal: info: spyglass.log successfully updated with goal summary
0 {Rule-checking completed with warnings}./lint_cdc/sys_top/cdc/cdc_verify/lint_cdc_waiver_file.awl13./lint_cdc/sys_top/cdc/cdc_verify/lint_cdc_waiver_file.awl./lint_cdc/sys_top/cdc/cdc_verify/lint_cdc_waiver_file.awl14./lint_cdc/sys_top/cdc/cdc_verify/lint_cdc_waiver_file.awl./lint_cdc/sys_top/cdc/cdc_verify/lint_cdc_waiver_file.awl15./lint_cdc/sys_top/cdc/cdc_verify/lint_cdc_waiver_file.awlsave_project: info: sg_shell is going to save current project `lint_cdc.prj'. Some of the original content
                    might be lost or reformatted. The original project file is saved as -
                        lint_cdc_07Oct26_22.33.prj

