read_file: info: using default project `spyglass-1.prj'
../rtl/UART/Package.sv ../rtl/UART/Serializer.v ../rtl/UART/Stp_Chk.v ../rtl/UART/Strt_Chk.v ../rtl/UART/TX_FSM.sv ../rtl/UART/TX_TOP.sv ../rtl/UART/UART.v ../rtl/UART/UART_RX.sv ../rtl/UART/Data_Sampling.v ../rtl/UART/DATA_SYNC.v ../rtl/UART/DeSerializer.v ../rtl/UART/Edge_Bit_Counter.v ../rtl/UART/MUX.sv ../rtl/UART/Parity_Calc.v ../rtl/UART/Parity_Chk.v ../rtl/UART/RX_FSM.sv ../rtl/ALU/ALU.v ../rtl/ClkDiv_ClkGate/Clk_divider.sv ../rtl/ClkDiv_ClkGate/CLK_GATE.v ../rtl/DataSynch_RstSynch_PulseGen/DATA_SYNCH.v ../rtl/DataSynch_RstSynch_PulseGen/PULSE_GEN.v ../rtl/DataSynch_RstSynch_PulseGen/RST_SYNCH.v ../rtl/FIFO/Async_FIFO.v ../rtl/FIFO/DF_SYNC.v ../rtl/FIFO/FIFO_MEM_CNTRL.v ../rtl/FIFO/FIFO_RD.v ../rtl/FIFO/FIFO_WR.v ../rtl/SYS_Control_RegisterFile/Register.v ../rtl/SYS_Control_RegisterFile/SYS_CTRL.sv ../rtl/System_Top/SYS_TOP_dft.v../System_pnr/std_cells/libs/scmetro_tsmc_cl013g_rvt_ss_1p08v_125c.lib ../System_pnr/std_cells/libs/scmetro_tsmc_cl013g_rvt_tt_1p2v_25c.lib ../System_pnr/std_cells/libs/scmetro_tsmc_cl013g_rvt_ff_1p32v_m40c.libcurrent_goal: info: loading goal `Design_Read' (in progress)
current_goal: info: finished loading goal `Design_Read' (ok)

INFO:    SpyGlass will run goal(s) 'Design_Read'.


 Auto-compiling gates libraries

        "../System_pnr/std_cells/libs/scmetro_tsmc_cl013g_rvt_ss_1p08v_125c.lib"
        "../System_pnr/std_cells/libs/scmetro_tsmc_cl013g_rvt_tt_1p2v_25c.lib"
        "../System_pnr/std_cells/libs/scmetro_tsmc_cl013g_rvt_ff_1p32v_m40c.lib"
    to
        "./spyglass-1/spyglass_cache/autogenerated_sglib/aggregate.sglib" ...done

 (Please refer to `./spyglass-1/spyglass_cache/autogenerated_sglib/lc/spyglass_lc_aggregate_reports/moresimple.rpt' for auto-compilation details)

 Using above compiled sglib for the current run ...

RULE-CHECKING IN MIXED MODE
Loading spyglass (SpyGlass_vL-2016.06) ... (picked from /home/synopsys/SpyGlass-L2016.06/SPYGLASS_HOME/policies/spyglass)
Loading txv (SpyGlass_vL-2016.06) ... (picked from /home/synopsys/SpyGlass-L2016.06/SPYGLASS_HOME/policies/txv)

TXV_INFO Parameter txv_extract_domain will be renamed to txv_domain_mode in future!

Loading timing (SpyGlass_vL-2016.06) ... (picked from /home/synopsys/SpyGlass-L2016.06/SPYGLASS_HOME/policies/timing)
Loading starcad-21 (SpyGlass_vL-2016.06) ... (picked from /home/synopsys/SpyGlass-L2016.06/SPYGLASS_HOME/policies/starcad-21)
Loading starc2005 (SpyGlass_vL-2016.06) ... (picked from /home/synopsys/SpyGlass-L2016.06/SPYGLASS_HOME/policies/starc2005)
Loading starc2002 (SpyGlass_vL-2016.06) ... (picked from /home/synopsys/SpyGlass-L2016.06/SPYGLASS_HOME/policies/starc2002)
Loading starc (SpyGlass_vL-2016.06) ... (picked from /home/synopsys/SpyGlass-L2016.06/SPYGLASS_HOME/policies/starc)
Loading simulation (SpyGlass_vL-2016.06) ... (picked from /home/synopsys/SpyGlass-L2016.06/SPYGLASS_HOME/policies/simulation)
Loading power_est (SpyGlass_vL-2016.06) ... (picked from /home/synopsys/SpyGlass-L2016.06/SPYGLASS_HOME/policies/power_est)
Loading openmore (SpyGlass_vL-2016.06) ... (picked from /home/synopsys/SpyGlass-L2016.06/SPYGLASS_HOME/policies/openmore)
Loading morelint (SpyGlass_vL-2016.06) ... (picked from /home/synopsys/SpyGlass-L2016.06/SPYGLASS_HOME/policies/morelint)
Loading miscellaneous (SpyGlass_vL-2016.06) ... (picked from /home/synopsys/SpyGlass-L2016.06/SPYGLASS_HOME/policies/miscellaneous)
Loading lowpower (SpyGlass_vL-2016.06) ... (picked from /home/synopsys/SpyGlass-L2016.06/SPYGLASS_HOME/policies/lowpower)
Loading lint (SpyGlass_vL-2016.06) ... (picked from /home/synopsys/SpyGlass-L2016.06/SPYGLASS_HOME/policies/lint)
Loading latch (SpyGlass_vL-2016.06) ... (picked from /home/synopsys/SpyGlass-L2016.06/SPYGLASS_HOME/policies/latch)
Loading erc (SpyGlass_vL-2016.06) ... (picked from /home/synopsys/SpyGlass-L2016.06/SPYGLASS_HOME/policies/erc)
Loading dft_dsm (SpyGlass_vL-2016.06) ... (picked from /home/synopsys/SpyGlass-L2016.06/SPYGLASS_HOME/policies/dft_dsm)
Loading dft (SpyGlass_vL-2016.06) ... (picked from /home/synopsys/SpyGlass-L2016.06/SPYGLASS_HOME/policies/dft)
Loading constraints (SpyGlass_vL-2016.06) ... (picked from /home/synopsys/SpyGlass-L2016.06/SPYGLASS_HOME/policies/constraints)
Loading const_intern1 (SpyGlass_vL-2016.06) ... (picked from /home/synopsys/SpyGlass-L2016.06/SPYGLASS_HOME/policies/constraints)
Loading clock-reset (SpyGlass_vL-2016.06) ... (picked from /home/synopsys/SpyGlass-L2016.06/SPYGLASS_HOME/policies/clock)
Loading area (SpyGlass_vL-2016.06) ... (picked from /home/synopsys/SpyGlass-L2016.06/SPYGLASS_HOME/policies/area)
Loading Audits (SpyGlass_vL-2016.06) ... (picked from /home/synopsys/SpyGlass-L2016.06/SPYGLASS_HOME/policies/Audits)
Reading specified sglib files(s) ....
   Processing library: 'scmetro_tsmc_cl013g_rvt_ss_1p08v_125c' .... done
   Processing library: 'scmetro_tsmc_cl013g_rvt_tt_1p2v_25c' .... done
   Processing library: 'scmetro_tsmc_cl013g_rvt_ff_1p32v_m40c' .... done
Checking Rule AutoGenerateSglib (Rule 1 of total 150) .... done (Time = 0.00s, Memory = 0.0K)

INFO [6]    Work Directory `./spyglass-1/WORK' does not exist.

INFO [75]    Creating the Work Directory `./spyglass-1/WORK/64' for 64bit  precompiled dump.
Checking Rule SGDC_power_est29 (Rule 2 of total 150) .... done (Time = 0.00s, Memory = 1.5K)
Checking Rule PECHECK04 (Rule 3 of total 150) .... done (Time = 0.01s, Memory = 76.1K)
Checking Rule PECHECK18 (Rule 4 of total 150) .... done (Time = 0.00s, Memory = -8.0K)
Checking Rule PEMVDD01 (Rule 5 of total 150) .... done (Time = 0.00s, Memory = 0.0K)
Checking Rule ZeroSizeFile (Rule 6 of total 150) .... done (Time = 0.00s, Memory = 0.0K)
Checking Rule PrecompileLibCheck01 (Rule 7 of total 150) .... done (Time = 0.00s, Memory = -22.7K)
Checking Rule PrecompileLibCheck02 (Rule 8 of total 150) .... done (Time = 0.00s, Memory = 5.8K)
Checking Rule PrecompileLibCheck03 (Rule 9 of total 150) .... done (Time = 0.00s, Memory = 0.0K)
Checking Rule PrecompileLibCheck04 (Rule 10 of total 150) .... done (Time = 0.00s, Memory = 0.0K)
Checking Rule ReportSglibVersionSummary (Rule 11 of total 150) .... done (Time = 0.00s, Memory = 0.0K)
Checking Rule SGDC_assume_path01 (Rule 12 of total 150) .... done (Time = 0.00s, Memory = 0.0K)
Checking Rule SGDC_sdcschema02 (Rule 13 of total 150) .... done (Time = 0.00s, Memory = 0.0K)
Checking Rule SGDC_clock05 (Rule 14 of total 150) .... done (Time = 0.00s, Memory = 0.0K)
Checking Rule SGDC_clock09 (Rule 15 of total 150) .... done (Time = 0.00s, Memory = 130.0K)
Checking Rule SGDC_force_ta05 (Rule 16 of total 150) .... done (Time = 0.00s, Memory = 4.7K)
Checking Rule SGDC_require_path03 (Rule 17 of total 150) .... done (Time = 0.00s, Memory = 0.0K)
Checking Rule SGDC_require_value03 (Rule 18 of total 150) .... done (Time = 0.00s, Memory = 0.0K)
Checking Rule SGDC_voltagedomain05 (Rule 19 of total 150) .... done (Time = 0.00s, Memory = 7.5K)
Checking Rule SGDC_voltagedomain06 (Rule 20 of total 150) .... done (Time = 0.00s, Memory = 4.0K)
Checking Rule SGDC_voltagedomain07 (Rule 21 of total 150) .... done (Time = 0.00s, Memory = 15.5K)
Checking Rule SGDC_powerdomainoutputs02 (Rule 22 of total 150) .... done (Time = 0.00s, Memory = 7.5K)
Checking Rule SGDC_supply01 (Rule 23 of total 150) .... done (Time = 0.00s, Memory = -4.4K)
Checking Rule SGDC_waive01 (Rule 24 of total 150) .... done (Time = 0.00s, Memory = -0.1K)
Checking Rule SGDC_waive02 (Rule 25 of total 150) .... done (Time = 0.00s, Memory = 0.0K)
Checking Rule SGDC_waive03 (Rule 26 of total 150) .... done (Time = 0.00s, Memory = 0.0K)
Checking Rule SGDC_waive04 (Rule 27 of total 150) .... done (Time = 0.00s, Memory = 0.0K)
Checking Rule SGDC_waive05 (Rule 28 of total 150) .... done (Time = 0.00s, Memory = 0.0K)
Checking Rule SGDC_waive06 (Rule 29 of total 150) .... done (Time = 0.00s, Memory = 0.0K)
Checking Rule SGDC_waive07 (Rule 30 of total 150) .... done (Time = 0.00s, Memory = 0.0K)
Checking Rule SGDC_waive08 (Rule 31 of total 150) .... done (Time = 0.00s, Memory = 8.0K)
Checking Rule SGDC_waive09 (Rule 32 of total 150) .... done (Time = 0.00s, Memory = 0.0K)
Checking Rule SGDC_waive10 (Rule 33 of total 150) .... done (Time = 0.00s, Memory = 6.0K)
Checking Rule SGDC_waive11 (Rule 34 of total 150) .... done (Time = 0.00s, Memory = 1.6K)
Checking Rule SGDC_waive12 (Rule 35 of total 150) .... done (Time = 0.00s, Memory = 0.0K)
Checking Rule SGDC_waive13 (Rule 36 of total 150) .... done (Time = 0.00s, Memory = 7.3K)
Checking Rule SGDC_waive21 (Rule 37 of total 150) .... done (Time = 0.00s, Memory = -8.0K)
Checking Rule SGDC_waive22 (Rule 38 of total 150) .... done (Time = 0.00s, Memory = -24.0K)
Checking Rule SGDC_waive30 (Rule 39 of total 150) .... done (Time = 0.00s, Memory = 0.0K)
Checking Rule SGDC_waive32 (Rule 40 of total 150) .... done (Time = 0.00s, Memory = 0.0K)
Checking Rule SGDC_waive33 (Rule 41 of total 150) .... done (Time = 0.00s, Memory = 71.1K)
Checking Rule SGDC_waive36 (Rule 42 of total 150) .... done (Time = 0.00s, Memory = -7.9K)
Checking Rule SGDC_waive38 (Rule 43 of total 150) .... done (Time = 0.00s, Memory = 0.0K)
Checking Rule SGDC_fifo01 (Rule 44 of total 150) .... done (Time = 0.00s, Memory = 1.0K)
Checking Rule SGDC_libgroup01 (Rule 45 of total 150) .... done (Time = 0.00s, Memory = 0.0K)
Checking Rule SGDC_libgroup02 (Rule 46 of total 150) .... done (Time = 0.00s, Memory = 0.0K)
Checking Rule SGDC_libgroup04 (Rule 47 of total 150) .... done (Time = 0.00s, Memory = 0.0K)
Checking Rule SGDC_power_data01 (Rule 48 of total 150) .... done (Time = 0.00s, Memory = 8.0K)
Checking Rule SGDC_ungroup01 (Rule 49 of total 150) .... done (Time = 0.00s, Memory = 0.0K)
Checking Rule SGDC_abstract_port06 (Rule 50 of total 150) .... done (Time = 0.00s, Memory = -0.5K)
Checking Rule SGDC_abstract_port14 (Rule 51 of total 150) .... done (Time = 0.00s, Memory = -16.0K)
Checking Rule SGDC_abstract_port15 (Rule 52 of total 150) .... done (Time = 0.00s, Memory = 0.0K)
Checking Rule SGDC_abstract_port18 (Rule 53 of total 150) .... done (Time = 0.00s, Memory = 0.0K)
Checking Rule sdc_init_rule (Rule 54 of total 150) .... done (Time = 0.00s, Memory = 3.8K)
Checking Rule CMD_ignorelibs01 (Rule 55 of total 150) .... done (Time = 0.00s, Memory = 0.4K)
Checking Rule ReportRuleNotRun (Rule 56 of total 150) .... done (Time = 0.00s, Memory = 0.0K)
Checking Rule ReportStopSummary (Rule 57 of total 150) .... done (Time = 0.00s, Memory = 1.6K)
Checking Rule ReportIgnoreSummary (Rule 58 of total 150) .... done (Time = 0.00s, Memory = 0.0K)
 Analyzing source file "../rtl/UART/Package.sv" ....
 Analyzing source file "../rtl/UART/Serializer.v" ....
 Analyzing source file "../rtl/UART/Stp_Chk.v" ....
 Analyzing source file "../rtl/UART/Strt_Chk.v" ....
 Analyzing source file "../rtl/UART/TX_FSM.sv" ....
 Analyzing source file "../rtl/UART/TX_TOP.sv" ....
 Analyzing source file "../rtl/UART/UART.v" ....
 Analyzing source file "../rtl/UART/UART_RX.sv" ....
 Analyzing source file "../rtl/UART/Data_Sampling.v" ....
 Analyzing source file "../rtl/UART/DATA_SYNC.v" ....
 Analyzing source file "../rtl/UART/DeSerializer.v" ....
 Analyzing source file "../rtl/UART/Edge_Bit_Counter.v" ....
 Analyzing source file "../rtl/UART/MUX.sv" ....
 Analyzing source file "../rtl/UART/Parity_Calc.v" ....
 Analyzing source file "../rtl/UART/Parity_Chk.v" ....
 Analyzing source file "../rtl/UART/RX_FSM.sv" ....
 Analyzing source file "../rtl/ALU/ALU.v" ....
 Analyzing source file "../rtl/ClkDiv_ClkGate/Clk_divider.sv" ....
 Analyzing source file "../rtl/ClkDiv_ClkGate/CLK_GATE.v" ....
 Analyzing source file "../rtl/DataSynch_RstSynch_PulseGen/DATA_SYNCH.v" ....
 Analyzing source file "../rtl/DataSynch_RstSynch_PulseGen/PULSE_GEN.v" ....
 Analyzing source file "../rtl/DataSynch_RstSynch_PulseGen/RST_SYNCH.v" ....
 Analyzing source file "../rtl/FIFO/Async_FIFO.v" ....
 Analyzing source file "../rtl/FIFO/DF_SYNC.v" ....
 Analyzing source file "../rtl/FIFO/FIFO_MEM_CNTRL.v" ....
 Analyzing source file "../rtl/FIFO/FIFO_RD.v" ....
 Analyzing source file "../rtl/FIFO/FIFO_WR.v" ....
 Analyzing source file "../rtl/SYS_Control_RegisterFile/Register.v" ....
 Analyzing source file "../rtl/SYS_Control_RegisterFile/SYS_CTRL.sv" ....
 Analyzing source file "../rtl/System_Top/SYS_TOP_dft.v" ....
***Syntax Errors detected - RULE CHECKING ABORTED***
Checking Rule ReportCheckDataSummary (Rule 59 of total 150) .... done (Time = 0.00s, Memory = 0.0K)

SpyGlass Rule Checking ABORTED.

Generating data for Console...

Generating moresimple report from './spyglass-1/Design_Read/spyglass.vdb' to './spyglass-1/Design_Read/spyglass_reports/moresimple.rpt' ....

Generating runsummary report from './spyglass-1/Design_Read/spyglass.vdb' ....

Generating no_msg_reporting_rules report from './spyglass-1/Design_Read/spyglass.vdb' to './spyglass-1/Design_Read/spyglass_reports/no_msg_reporting_rules.rpt' ....

Policy specific data (reports) are present in the directory './spyglass-1/Design_Read/spyglass_reports'.

SpyGlass critical reports for the current run are present in directory './spyglass-1/consolidated_reports/Design_Read/'.

---------------------------------------------------------------------------------------------
Results Summary:
---------------------------------------------------------------------------------------------
   Goal Run           :      Design_Read
** Design Read        :    112 fatals,     0 error,        0 warning,      1 information message 
   -------------------------------------------------------------------------------------
** Total              :    112 fatals,     0 error,        0 warning,      1 information message 

  Total Number of Generated Messages     :       113 (112 fatals, 0 error, 0 warning, 1 Info)
  Number of Reported Messages            :       113 (112 fatals, 0 error, 0 warning, 1 Info)

  NOTE: It is recommended to first fix/reconcile fatals/errors reported on
        lines starting with ** as subsequent issues might be related to it.
        Please re-run SpyGlass once ** prefixed lines are fatal/error clean.

---------------------------------------------------------------------------------------------

First 10 FATAL message(s) generated in current run are -

Rule         Severity   File                     Line   Message
-------------------------------------------------------------------------
STX_VE_479   Syntax     ../rtl/UART/Package.sv   1      Syntax error near ( package ). Please use 'set_option enableSV yes' to support SystemVerilog construct ( package )
STX_VE_479   Syntax     ../rtl/UART/TX_FSM.sv    11     Syntax error near ( mux_sel ). Please use 'set_option enableSV yes' to support SystemVerilog construct ( Variable/Reg declaration outside module scope )
STX_VE_481   Syntax     ../rtl/UART/TX_TOP.sv    1      Syntax error near ( import )
STX_VE_481   Syntax     ../rtl/UART/TX_TOP.sv    20     Syntax error near ( ; )
STX_VE_479   Syntax     ../rtl/UART/MUX.sv       1      Syntax error near ( import ). Please use 'set_option enableSV yes' to support SystemVerilog construct ( import )
STX_VE_481   Syntax     ../rtl/UART/MUX.sv       4      Syntax error near ( mux_sel )
STX_VE_479   Syntax     ../rtl/UART/RX_FSM.sv    31     Syntax error near ( logic ). Please use 'set_option enableSV yes' to support SystemVerilog construct ( logic )
STX_VE_481   Syntax     ../rtl/UART/RX_FSM.sv    39     Syntax error near ( , )
STX_VE_606   Syntax     ../rtl/UART/RX_FSM.sv    44     Identifier ( n_state ) not declared in current scope
STX_VE_606   Syntax     ../rtl/UART/RX_FSM.sv    44     Identifier ( c_state ) not declared in current scope

Please refer ./spyglass-1/Design_Read/spyglass_reports directory for SpyGlass reports, or use SpyGlass GUI to see all FATAL messages.
run_goal: info: updating spyglass.log with goal summary
---------------------------------------------------------------------------------------------------
Results Summary:
---------------------------------------------------------------------------------------------------
   Goal Run           :      Design_Read
   Top Module         :      
---------------------------------------------------------------------------------------------------
   Reports Directory: 
   /home/ICer/UART_System/Spyglass2/spyglass-1/consolidated_reports/Design_Read/ 

   SpyGlass LogFile: 
    /home/ICer/UART_System/Spyglass2/spyglass-1/Design_Read/spyglass.log 

   Standard Reports: 
     moresimple.rpt          no_msg_reporting_rules.rpt       

   HTML report:
    /home/ICer/UART_System/Spyglass2/spyglass-1/html_reports/goals_summary.html
  

   Technology Reports:  
     <Not Available>
   
   
---------------------------------------------------------------------------------------------------
   Goal Violation Summary:
       Waived   Messages:                      0 Errors,      0 Warnings,      0 Infos
       Reported Messages:       112 Fatals,    0 Errors,      0 Warnings,      1 Infos
---------------------------------------------------------------------------------------------------
   
---------------------------------------------------------------------------------------------------
 
run_goal: info: spyglass.log successfully updated with goal summary
6 {Rule-checking terminated due to FATAL errors - design syntax error}yes
INFO:    SpyGlass will run goal(s) 'Design_Read'.


 Auto-compiling gates libraries

        "../System_pnr/std_cells/libs/scmetro_tsmc_cl013g_rvt_ss_1p08v_125c.lib"
        "../System_pnr/std_cells/libs/scmetro_tsmc_cl013g_rvt_tt_1p2v_25c.lib"
        "../System_pnr/std_cells/libs/scmetro_tsmc_cl013g_rvt_ff_1p32v_m40c.lib"
    to
        "./spyglass-1/spyglass_cache/autogenerated_sglib/aggregate.sglib" ...already compiled

 Using this already compiled sglib for the current run ...

RULE-CHECKING IN MIXED MODE
Loading spyglass (SpyGlass_vL-2016.06) ... (picked from /home/synopsys/SpyGlass-L2016.06/SPYGLASS_HOME/policies/spyglass)
Loading txv (SpyGlass_vL-2016.06) ... (picked from /home/synopsys/SpyGlass-L2016.06/SPYGLASS_HOME/policies/txv)

TXV_INFO Parameter txv_extract_domain will be renamed to txv_domain_mode in future!

Loading timing (SpyGlass_vL-2016.06) ... (picked from /home/synopsys/SpyGlass-L2016.06/SPYGLASS_HOME/policies/timing)
Loading starcad-21 (SpyGlass_vL-2016.06) ... (picked from /home/synopsys/SpyGlass-L2016.06/SPYGLASS_HOME/policies/starcad-21)
Loading starc2005 (SpyGlass_vL-2016.06) ... (picked from /home/synopsys/SpyGlass-L2016.06/SPYGLASS_HOME/policies/starc2005)
Loading starc2002 (SpyGlass_vL-2016.06) ... (picked from /home/synopsys/SpyGlass-L2016.06/SPYGLASS_HOME/policies/starc2002)
Loading starc (SpyGlass_vL-2016.06) ... (picked from /home/synopsys/SpyGlass-L2016.06/SPYGLASS_HOME/policies/starc)
Loading simulation (SpyGlass_vL-2016.06) ... (picked from /home/synopsys/SpyGlass-L2016.06/SPYGLASS_HOME/policies/simulation)
Loading power_est (SpyGlass_vL-2016.06) ... (picked from /home/synopsys/SpyGlass-L2016.06/SPYGLASS_HOME/policies/power_est)
Loading openmore (SpyGlass_vL-2016.06) ... (picked from /home/synopsys/SpyGlass-L2016.06/SPYGLASS_HOME/policies/openmore)
Loading morelint (SpyGlass_vL-2016.06) ... (picked from /home/synopsys/SpyGlass-L2016.06/SPYGLASS_HOME/policies/morelint)
Loading miscellaneous (SpyGlass_vL-2016.06) ... (picked from /home/synopsys/SpyGlass-L2016.06/SPYGLASS_HOME/policies/miscellaneous)
Loading lowpower (SpyGlass_vL-2016.06) ... (picked from /home/synopsys/SpyGlass-L2016.06/SPYGLASS_HOME/policies/lowpower)
Loading lint (SpyGlass_vL-2016.06) ... (picked from /home/synopsys/SpyGlass-L2016.06/SPYGLASS_HOME/policies/lint)
Loading latch (SpyGlass_vL-2016.06) ... (picked from /home/synopsys/SpyGlass-L2016.06/SPYGLASS_HOME/policies/latch)
Loading erc (SpyGlass_vL-2016.06) ... (picked from /home/synopsys/SpyGlass-L2016.06/SPYGLASS_HOME/policies/erc)
Loading dft_dsm (SpyGlass_vL-2016.06) ... (picked from /home/synopsys/SpyGlass-L2016.06/SPYGLASS_HOME/policies/dft_dsm)
Loading dft (SpyGlass_vL-2016.06) ... (picked from /home/synopsys/SpyGlass-L2016.06/SPYGLASS_HOME/policies/dft)
Loading constraints (SpyGlass_vL-2016.06) ... (picked from /home/synopsys/SpyGlass-L2016.06/SPYGLASS_HOME/policies/constraints)
Loading const_intern1 (SpyGlass_vL-2016.06) ... (picked from /home/synopsys/SpyGlass-L2016.06/SPYGLASS_HOME/policies/constraints)
Loading clock-reset (SpyGlass_vL-2016.06) ... (picked from /home/synopsys/SpyGlass-L2016.06/SPYGLASS_HOME/policies/clock)
Loading area (SpyGlass_vL-2016.06) ... (picked from /home/synopsys/SpyGlass-L2016.06/SPYGLASS_HOME/policies/area)
Loading Audits (SpyGlass_vL-2016.06) ... (picked from /home/synopsys/SpyGlass-L2016.06/SPYGLASS_HOME/policies/Audits)
Reading specified sglib files(s) ....
   Processing library: 'scmetro_tsmc_cl013g_rvt_ss_1p08v_125c' .... done
   Processing library: 'scmetro_tsmc_cl013g_rvt_tt_1p2v_25c' .... done
   Processing library: 'scmetro_tsmc_cl013g_rvt_ff_1p32v_m40c' .... done
Checking Rule AutoGenerateSglib (Rule 1 of total 150) .... done (Time = 0.00s, Memory = 0.0K)

INFO [76]    Using `./spyglass-1/WORK/64' as the Work Directory for 64bit precompiled dump.
Checking Rule SGDC_power_est29 (Rule 2 of total 150) .... done (Time = 0.00s, Memory = 8.0K)
Checking Rule PECHECK04 (Rule 3 of total 150) .... done (Time = 0.00s, Memory = 19.9K)
Checking Rule PECHECK18 (Rule 4 of total 150) .... done (Time = 0.00s, Memory = 0.0K)
Checking Rule PEMVDD01 (Rule 5 of total 150) .... done (Time = 0.00s, Memory = 24.0K)
Checking Rule ZeroSizeFile (Rule 6 of total 150) .... done (Time = 0.00s, Memory = -0.4K)
Checking Rule PrecompileLibCheck01 (Rule 7 of total 150) .... done (Time = 0.00s, Memory = 0.0K)
Checking Rule PrecompileLibCheck02 (Rule 8 of total 150) .... done (Time = 0.00s, Memory = 0.0K)
Checking Rule PrecompileLibCheck03 (Rule 9 of total 150) .... done (Time = 0.00s, Memory = 0.0K)
Checking Rule PrecompileLibCheck04 (Rule 10 of total 150) .... done (Time = 0.00s, Memory = -24.0K)
Checking Rule ReportSglibVersionSummary (Rule 11 of total 150) .... done (Time = 0.00s, Memory = 0.0K)
Checking Rule SGDC_assume_path01 (Rule 12 of total 150) .... done (Time = 0.00s, Memory = 0.0K)
Checking Rule SGDC_sdcschema02 (Rule 13 of total 150) .... done (Time = 0.00s, Memory = 0.0K)
Checking Rule SGDC_clock05 (Rule 14 of total 150) .... done (Time = 0.00s, Memory = 0.0K)
Checking Rule SGDC_clock09 (Rule 15 of total 150) .... done (Time = 0.00s, Memory = 0.0K)
Checking Rule SGDC_force_ta05 (Rule 16 of total 150) .... done (Time = 0.00s, Memory = 0.0K)
Checking Rule SGDC_require_path03 (Rule 17 of total 150) .... done (Time = 0.00s, Memory = 0.0K)
Checking Rule SGDC_require_value03 (Rule 18 of total 150) .... done (Time = 0.00s, Memory = 0.0K)
Checking Rule SGDC_voltagedomain05 (Rule 19 of total 150) .... done (Time = 0.00s, Memory = 32.5K)
Checking Rule SGDC_voltagedomain06 (Rule 20 of total 150) .... done (Time = 0.00s, Memory = -0.3K)
Checking Rule SGDC_voltagedomain07 (Rule 21 of total 150) .... done (Time = 0.00s, Memory = 8.0K)
Checking Rule SGDC_powerdomainoutputs02 (Rule 22 of total 150) .... done (Time = 0.00s, Memory = 0.8K)
Checking Rule SGDC_supply01 (Rule 23 of total 150) .... done (Time = 0.00s, Memory = 0.0K)
Checking Rule SGDC_waive01 (Rule 24 of total 150) .... done (Time = 0.00s, Memory = 0.0K)
Checking Rule SGDC_waive02 (Rule 25 of total 150) .... done (Time = 0.00s, Memory = 0.0K)
Checking Rule SGDC_waive03 (Rule 26 of total 150) .... done (Time = 0.00s, Memory = 0.0K)
Checking Rule SGDC_waive04 (Rule 27 of total 150) .... done (Time = 0.00s, Memory = 0.0K)
Checking Rule SGDC_waive05 (Rule 28 of total 150) .... done (Time = 0.00s, Memory = 0.0K)
Checking Rule SGDC_waive06 (Rule 29 of total 150) .... done (Time = 0.00s, Memory = 0.0K)
Checking Rule SGDC_waive07 (Rule 30 of total 150) .... done (Time = 0.00s, Memory = -0.6K)
Checking Rule SGDC_waive08 (Rule 31 of total 150) .... done (Time = 0.00s, Memory = -8.0K)
Checking Rule SGDC_waive09 (Rule 32 of total 150) .... done (Time = 0.00s, Memory = 0.0K)
Checking Rule SGDC_waive10 (Rule 33 of total 150) .... done (Time = 0.00s, Memory = 0.0K)
Checking Rule SGDC_waive11 (Rule 34 of total 150) .... done (Time = 0.00s, Memory = 0.0K)
Checking Rule SGDC_waive12 (Rule 35 of total 150) .... done (Time = 0.00s, Memory = 0.0K)
Checking Rule SGDC_waive13 (Rule 36 of total 150) .... done (Time = 0.00s, Memory = 0.0K)
Checking Rule SGDC_waive21 (Rule 37 of total 150) .... done (Time = 0.00s, Memory = -8.0K)
Checking Rule SGDC_waive22 (Rule 38 of total 150) .... done (Time = 0.00s, Memory = -2.1K)
Checking Rule SGDC_waive30 (Rule 39 of total 150) .... done (Time = 0.00s, Memory = 0.1K)
Checking Rule SGDC_waive32 (Rule 40 of total 150) .... done (Time = 0.00s, Memory = 0.0K)
Checking Rule SGDC_waive33 (Rule 41 of total 150) .... done (Time = 0.00s, Memory = -32.0K)
Checking Rule SGDC_waive36 (Rule 42 of total 150) .... done (Time = 0.00s, Memory = 0.0K)
Checking Rule SGDC_waive38 (Rule 43 of total 150) .... done (Time = 0.00s, Memory = 0.0K)
Checking Rule SGDC_fifo01 (Rule 44 of total 150) .... done (Time = 0.00s, Memory = 1.0K)
Checking Rule SGDC_libgroup01 (Rule 45 of total 150) .... done (Time = 0.00s, Memory = 0.0K)
Checking Rule SGDC_libgroup02 (Rule 46 of total 150) .... done (Time = 0.00s, Memory = 0.0K)
Checking Rule SGDC_libgroup04 (Rule 47 of total 150) .... done (Time = 0.00s, Memory = -11.2K)
Checking Rule SGDC_power_data01 (Rule 48 of total 150) .... done (Time = 0.00s, Memory = 0.0K)
Checking Rule SGDC_ungroup01 (Rule 49 of total 150) .... done (Time = 0.00s, Memory = 0.0K)
Checking Rule SGDC_abstract_port06 (Rule 50 of total 150) .... done (Time = 0.00s, Memory = 0.0K)
Checking Rule SGDC_abstract_port14 (Rule 51 of total 150) .... done (Time = 0.00s, Memory = 8.0K)
Checking Rule SGDC_abstract_port15 (Rule 52 of total 150) .... done (Time = 0.00s, Memory = 0.0K)
Checking Rule SGDC_abstract_port18 (Rule 53 of total 150) .... done (Time = 0.00s, Memory = 0.0K)
Checking Rule sdc_init_rule (Rule 54 of total 150) .... done (Time = 0.00s, Memory = 0.6K)
Checking Rule CMD_ignorelibs01 (Rule 55 of total 150) .... done (Time = 0.00s, Memory = 0.0K)
Checking Rule ReportRuleNotRun (Rule 56 of total 150) .... done (Time = 0.00s, Memory = 0.0K)
Checking Rule ReportStopSummary (Rule 57 of total 150) .... done (Time = 0.00s, Memory = 8.0K)
Checking Rule ReportIgnoreSummary (Rule 58 of total 150) .... done (Time = 0.00s, Memory = 0.0K)
 Analyzing source file "../rtl/UART/Package.sv" ....
 Analyzing source file "../rtl/UART/Serializer.v" ....
 Analyzing source file "../rtl/UART/Stp_Chk.v" ....
 Analyzing source file "../rtl/UART/Strt_Chk.v" ....
 Analyzing source file "../rtl/UART/TX_FSM.sv" ....
 Analyzing source file "../rtl/UART/TX_TOP.sv" ....
 Analyzing source file "../rtl/UART/UART.v" ....
 Analyzing source file "../rtl/UART/UART_RX.sv" ....
 Analyzing source file "../rtl/UART/Data_Sampling.v" ....
 Analyzing source file "../rtl/UART/DATA_SYNC.v" ....
 Analyzing source file "../rtl/UART/DeSerializer.v" ....
 Analyzing source file "../rtl/UART/Edge_Bit_Counter.v" ....
 Analyzing source file "../rtl/UART/MUX.sv" ....
 Analyzing source file "../rtl/UART/Parity_Calc.v" ....
 Analyzing source file "../rtl/UART/Parity_Chk.v" ....
 Analyzing source file "../rtl/UART/RX_FSM.sv" ....
 Analyzing source file "../rtl/ALU/ALU.v" ....
 Analyzing source file "../rtl/ClkDiv_ClkGate/Clk_divider.sv" ....
 Analyzing source file "../rtl/ClkDiv_ClkGate/CLK_GATE.v" ....
 Analyzing source file "../rtl/DataSynch_RstSynch_PulseGen/DATA_SYNCH.v" ....
 Analyzing source file "../rtl/DataSynch_RstSynch_PulseGen/PULSE_GEN.v" ....
 Analyzing source file "../rtl/DataSynch_RstSynch_PulseGen/RST_SYNCH.v" ....
 Analyzing source file "../rtl/FIFO/Async_FIFO.v" ....
 Analyzing source file "../rtl/FIFO/DF_SYNC.v" ....
 Analyzing source file "../rtl/FIFO/FIFO_MEM_CNTRL.v" ....
 Analyzing source file "../rtl/FIFO/FIFO_RD.v" ....
 Analyzing source file "../rtl/FIFO/FIFO_WR.v" ....
 Analyzing source file "../rtl/SYS_Control_RegisterFile/Register.v" ....
 Analyzing source file "../rtl/SYS_Control_RegisterFile/SYS_CTRL.sv" ....
 Analyzing source file "../rtl/System_Top/SYS_TOP_dft.v" ....
 Elaborating Top Verilog Design Unit 'Data_Sync' .....
 done
 Elaborating Top Verilog Design Unit 'sys_top' .....
 done
Checking Rule ElabSummary (Rule 59 of total 150) .... done (Time = 0.00s, Memory = 7.0K)
Checking Rule ReportCheckDataSummary (Rule 60 of total 150) .... done (Time = 0.00s, Memory = 0.0K)
Checking Rule IgnoredLibCells (Rule 61 of total 150) .... done (Time = 0.03s, Memory = 5.8K)
 Reading waiver file "./spyglass-1/Design_Read/spyglass_spysch/constraint/spg_autogenerated_waivers.sgdc" ...
 Generating SGDC file "./spyglass-1/Design_Read/spyglass_spysch/constraint/pragma2Constraint.sgdc" from pragmas in HDL source files ....
 Generating WAIVER file "./spyglass-1/Design_Read/spyglass_spysch/waiver/pragma2Waiver.swl" from pragmas in HDL source files ....
Checking Rule DetectTopDesignUnits (Rule 62 of total 150)
 Detected 2 top level design units:
     Data_Sync
     sys_top
 .... done (Time = 0.00s, Memory = 0.6K)
Performing semantic checks on SGDC contents
Checking Rule SGDC_testmode03 (Rule 63 of total 150) .... done (Time = 0.00s, Memory = 0.0K)
Checking Rule PECHECK09 (Rule 64 of total 150) .... done (Time = 0.01s, Memory = -30.3K)
Checking Rule Ac_multitop01 (Rule 65 of total 150) .... done (Time = 0.00s, Memory = 8.0K)
Checking Rule ReportObsoletePragmas (Rule 66 of total 150) .... done (Time = 0.00s, Memory = 0.0K)
Checking Rule GenerateConfMap (Rule 67 of total 150) .... done (Time = 0.00s, Memory = 0.0K)
Checking Rule HdlLibDuCheck (Rule 68 of total 150) .... done (Time = 0.00s, Memory = -23.6K)
Checking Rule RtlDesignInfo (Rule 69 of total 150) .... done (Time = 0.00s, Memory = 5.6K)
Checking Rule Prereqs_STARC-1.6.2.1 (Rule 70 of total 150) .... done (Time = 0.00s, Memory = 0.0K)
Checking Rule Prereqs_RegOutputs (Rule 71 of total 150) .... done (Time = 0.00s, Memory = 0.0K)
Checking Rule Latch_VePreReqRule (Rule 72 of total 150) .... done (Time = 0.00s, Memory = 18.2K)
Checking Rule Pragma_setupa (Rule 73 of total 150) .... done (Time = 0.00s, Memory = 0.0K)
Checking Rule _deltaDelay (Rule 74 of total 150) .... done (Time = 0.00s, Memory = 1.9K)
Checking Rule _deltaDelay (Rule 75 of total 150) .... done (Time = 0.00s, Memory = 0.0K)
Checking Rule CheckCelldefine (Rule 76 of total 150) .... done (Time = 0.00s, Memory = 0.0K)
Checking ELABDU Rules for designUnit sys_top
    Checking Rule Prereqs_ConstantInput-ML (Rule 77 of total 150) .... done (Time = 0.00s, Memory = 0.0K)
    Checking Rule Prereqs_ConstantInput-ML (Rule 78 of total 150) .... done (Time = 0.00s, Memory = 0.0K)
    Checking Rule syncRstReq (Rule 79 of total 150) .... done (Time = 0.00s, Memory = 0.0K)
    Checking Rule syncRstReq (Rule 80 of total 150) .... done (Time = 0.00s, Memory = 0.0K)
    Checking Rule AcOvlRtl (Rule 81 of total 150) .... done (Time = 0.00s, Memory = 0.0K)
    Checking Rule AcOvlRtl (Rule 82 of total 150) .... done (Time = 0.00s, Memory = 0.7K)
    Checking Rule GenTopLevelBlocksForAutoSoc (Rule 83 of total 150) .... done (Time = 0.00s, Memory = 2.9K)
Checking ELABDU Rules for designUnit PULSE_GEN
    Checking Rule Prereqs_ConstantInput-ML (Rule 77 of total 150) .... done (Time = 0.00s, Memory = 0.0K)
    Checking Rule Prereqs_ConstantInput-ML (Rule 78 of total 150) .... done (Time = 0.00s, Memory = 0.0K)
    Checking Rule syncRstReq (Rule 79 of total 150) .... done (Time = 0.00s, Memory = 0.0K)
    Checking Rule syncRstReq (Rule 80 of total 150) .... done (Time = 0.00s, Memory = 0.0K)
    Checking Rule AcOvlRtl (Rule 81 of total 150) .... done (Time = 0.00s, Memory = 0.0K)
    Checking Rule AcOvlRtl (Rule 82 of total 150) .... done (Time = 0.00s, Memory = 0.7K)
    Checking Rule GenTopLevelBlocksForAutoSoc (Rule 83 of total 150) .... done (Time = 0.00s, Memory = 0.0K)
Checking ELABDU Rules for designUnit FIFO_TOP
    Checking Rule Prereqs_ConstantInput-ML (Rule 77 of total 150) .... done (Time = 0.00s, Memory = 0.0K)
    Checking Rule Prereqs_ConstantInput-ML (Rule 78 of total 150) .... done (Time = 0.00s, Memory = 0.0K)
    Checking Rule syncRstReq (Rule 79 of total 150) .... done (Time = 0.00s, Memory = 0.0K)
    Checking Rule syncRstReq (Rule 80 of total 150) .... done (Time = 0.00s, Memory = 0.0K)
    Checking Rule AcOvlRtl (Rule 81 of total 150) .... done (Time = 0.00s, Memory = 0.0K)
    Checking Rule AcOvlRtl (Rule 82 of total 150) .... done (Time = 0.00s, Memory = 0.7K)
    Checking Rule GenTopLevelBlocksForAutoSoc (Rule 83 of total 150) .... done (Time = 0.00s, Memory = 0.0K)
Checking ELABDU Rules for designUnit FIFO_MEM_CNTRL
    Checking Rule Prereqs_ConstantInput-ML (Rule 77 of total 150) .... done (Time = 0.00s, Memory = 0.0K)
    Checking Rule Prereqs_ConstantInput-ML (Rule 78 of total 150) .... done (Time = 0.00s, Memory = 0.0K)
    Checking Rule syncRstReq (Rule 79 of total 150) .... done (Time = 0.00s, Memory = 0.0K)
    Checking Rule syncRstReq (Rule 80 of total 150) .... done (Time = 0.00s, Memory = 0.0K)
    Checking Rule AcOvlRtl (Rule 81 of total 150) .... done (Time = 0.00s, Memory = 0.0K)
    Checking Rule AcOvlRtl (Rule 82 of total 150) .... done (Time = 0.00s, Memory = 0.7K)
    Checking Rule GenTopLevelBlocksForAutoSoc (Rule 83 of total 150) .... done (Time = 0.00s, Memory = 0.0K)
Checking ELABDU Rules for designUnit DF_SYNC
    Checking Rule Prereqs_ConstantInput-ML (Rule 77 of total 150) .... done (Time = 0.00s, Memory = 0.0K)
    Checking Rule Prereqs_ConstantInput-ML (Rule 78 of total 150) .... done (Time = 0.00s, Memory = 0.0K)
    Checking Rule syncRstReq (Rule 79 of total 150) .... done (Time = 0.00s, Memory = 0.0K)
    Checking Rule syncRstReq (Rule 80 of total 150) .... done (Time = 0.00s, Memory = 0.0K)
    Checking Rule AcOvlRtl (Rule 81 of total 150) .... done (Time = 0.00s, Memory = 8.0K)
    Checking Rule AcOvlRtl (Rule 82 of total 150) .... done (Time = 0.00s, Memory = 0.7K)
    Checking Rule GenTopLevelBlocksForAutoSoc (Rule 83 of total 150) .... done (Time = 0.00s, Memory = 0.0K)
Checking ELABDU Rules for designUnit FIFO_WR
    Checking Rule Prereqs_ConstantInput-ML (Rule 77 of total 150) .... done (Time = 0.00s, Memory = 0.0K)
    Checking Rule Prereqs_ConstantInput-ML (Rule 78 of total 150) .... done (Time = 0.00s, Memory = 0.0K)
    Checking Rule syncRstReq (Rule 79 of total 150) .... done (Time = 0.00s, Memory = 0.0K)
    Checking Rule syncRstReq (Rule 80 of total 150) .... done (Time = 0.00s, Memory = 0.0K)
    Checking Rule AcOvlRtl (Rule 81 of total 150) .... done (Time = 0.00s, Memory = 0.0K)
    Checking Rule AcOvlRtl (Rule 82 of total 150) .... done (Time = 0.00s, Memory = 0.7K)
    Checking Rule GenTopLevelBlocksForAutoSoc (Rule 83 of total 150) .... done (Time = 0.00s, Memory = 0.0K)
Checking ELABDU Rules for designUnit FIFO_RD
    Checking Rule Prereqs_ConstantInput-ML (Rule 77 of total 150) .... done (Time = 0.00s, Memory = 1.6K)
    Checking Rule Prereqs_ConstantInput-ML (Rule 78 of total 150) .... done (Time = 0.00s, Memory = 0.0K)
    Checking Rule syncRstReq (Rule 79 of total 150) .... done (Time = 0.00s, Memory = 0.0K)
    Checking Rule syncRstReq (Rule 80 of total 150) .... done (Time = 0.00s, Memory = 0.0K)
    Checking Rule AcOvlRtl (Rule 81 of total 150) .... done (Time = 0.00s, Memory = 0.0K)
    Checking Rule AcOvlRtl (Rule 82 of total 150) .... done (Time = 0.00s, Memory = 0.7K)
    Checking Rule GenTopLevelBlocksForAutoSoc (Rule 83 of total 150) .... done (Time = 0.00s, Memory = 0.0K)
Checking ELABDU Rules for designUnit ALU
    Checking Rule Prereqs_ConstantInput-ML (Rule 77 of total 150) .... done (Time = 0.00s, Memory = 0.0K)
    Checking Rule Prereqs_ConstantInput-ML (Rule 78 of total 150) .... done (Time = 0.00s, Memory = 0.0K)
    Checking Rule syncRstReq (Rule 79 of total 150) .... done (Time = 0.00s, Memory = 0.0K)
    Checking Rule syncRstReq (Rule 80 of total 150) .... done (Time = 0.00s, Memory = 0.0K)
    Checking Rule AcOvlRtl (Rule 81 of total 150) .... done (Time = 0.00s, Memory = 0.0K)
    Checking Rule AcOvlRtl (Rule 82 of total 150) .... done (Time = 0.00s, Memory = 0.7K)
    Checking Rule GenTopLevelBlocksForAutoSoc (Rule 83 of total 150) .... done (Time = 0.00s, Memory = 0.0K)
Checking ELABDU Rules for designUnit Register
    Checking Rule Prereqs_ConstantInput-ML (Rule 77 of total 150) .... done (Time = 0.00s, Memory = 0.0K)
    Checking Rule Prereqs_ConstantInput-ML (Rule 78 of total 150) .... done (Time = 0.00s, Memory = 0.0K)
    Checking Rule syncRstReq (Rule 79 of total 150) .... done (Time = 0.00s, Memory = 0.0K)
    Checking Rule syncRstReq (Rule 80 of total 150) .... done (Time = 0.00s, Memory = 0.0K)
    Checking Rule AcOvlRtl (Rule 81 of total 150) .... done (Time = 0.00s, Memory = 8.0K)
    Checking Rule AcOvlRtl (Rule 82 of total 150) .... done (Time = 0.00s, Memory = 0.7K)
    Checking Rule GenTopLevelBlocksForAutoSoc (Rule 83 of total 150) .... done (Time = 0.00s, Memory = 0.0K)
Checking ELABDU Rules for designUnit SYS_CTRL
    Checking Rule Prereqs_ConstantInput-ML (Rule 77 of total 150) .... done (Time = 0.00s, Memory = 0.0K)
    Checking Rule Prereqs_ConstantInput-ML (Rule 78 of total 150) .... done (Time = 0.00s, Memory = 0.0K)
    Checking Rule syncRstReq (Rule 79 of total 150) .... done (Time = 0.00s, Memory = -14.0K)
    Checking Rule syncRstReq (Rule 80 of total 150) .... done (Time = 0.00s, Memory = 0.0K)
    Checking Rule AcOvlRtl (Rule 81 of total 150) .... done (Time = 0.00s, Memory = 24.0K)
    Checking Rule AcOvlRtl (Rule 82 of total 150) .... done (Time = 0.00s, Memory = 0.7K)
    Checking Rule GenTopLevelBlocksForAutoSoc (Rule 83 of total 150) .... done (Time = 0.00s, Memory = 16.0K)
Checking ELABDU Rules for designUnit Data_Synch
    Checking Rule Prereqs_ConstantInput-ML (Rule 77 of total 150) .... done (Time = 0.00s, Memory = 32.0K)
    Checking Rule Prereqs_ConstantInput-ML (Rule 78 of total 150) .... done (Time = 0.00s, Memory = 0.0K)
    Checking Rule syncRstReq (Rule 79 of total 150) .... done (Time = 0.00s, Memory = 0.0K)
    Checking Rule syncRstReq (Rule 80 of total 150) .... done (Time = 0.00s, Memory = 0.0K)
    Checking Rule AcOvlRtl (Rule 81 of total 150) .... done (Time = 0.00s, Memory = 0.0K)
    Checking Rule AcOvlRtl (Rule 82 of total 150) .... done (Time = 0.00s, Memory = 0.7K)
    Checking Rule GenTopLevelBlocksForAutoSoc (Rule 83 of total 150) .... done (Time = 0.00s, Memory = -8.0K)
Checking ELABDU Rules for designUnit UART
    Checking Rule Prereqs_ConstantInput-ML (Rule 77 of total 150) .... done (Time = 0.00s, Memory = 4.2K)
    Checking Rule Prereqs_ConstantInput-ML (Rule 78 of total 150) .... done (Time = 0.00s, Memory = 0.0K)
    Checking Rule syncRstReq (Rule 79 of total 150) .... done (Time = 0.00s, Memory = 0.1K)
    Checking Rule syncRstReq (Rule 80 of total 150) .... done (Time = 0.00s, Memory = 0.0K)
    Checking Rule AcOvlRtl (Rule 81 of total 150) .... done (Time = 0.00s, Memory = 0.1K)
    Checking Rule AcOvlRtl (Rule 82 of total 150) .... done (Time = 0.00s, Memory = 0.7K)
    Checking Rule GenTopLevelBlocksForAutoSoc (Rule 83 of total 150) .... done (Time = 0.00s, Memory = 0.0K)
Checking ELABDU Rules for designUnit TX_TOP
    Checking Rule Prereqs_ConstantInput-ML (Rule 77 of total 150) .... done (Time = 0.00s, Memory = 4.0K)
    Checking Rule Prereqs_ConstantInput-ML (Rule 78 of total 150) .... done (Time = 0.00s, Memory = 0.0K)
    Checking Rule syncRstReq (Rule 79 of total 150) .... done (Time = 0.00s, Memory = 0.0K)
    Checking Rule syncRstReq (Rule 80 of total 150) .... done (Time = 0.00s, Memory = 0.0K)
    Checking Rule AcOvlRtl (Rule 81 of total 150) .... done (Time = 0.00s, Memory = 0.2K)
    Checking Rule AcOvlRtl (Rule 82 of total 150) .... done (Time = 0.00s, Memory = 0.7K)
    Checking Rule GenTopLevelBlocksForAutoSoc (Rule 83 of total 150) .... done (Time = 0.00s, Memory = 0.0K)
Checking ELABDU Rules for designUnit serializer
    Checking Rule Prereqs_ConstantInput-ML (Rule 77 of total 150) .... done (Time = 0.00s, Memory = 32.0K)
    Checking Rule Prereqs_ConstantInput-ML (Rule 78 of total 150) .... done (Time = 0.00s, Memory = 0.0K)
    Checking Rule syncRstReq (Rule 79 of total 150) .... done (Time = 0.00s, Memory = 0.0K)
    Checking Rule syncRstReq (Rule 80 of total 150) .... done (Time = 0.00s, Memory = 0.0K)
    Checking Rule AcOvlRtl (Rule 81 of total 150) .... done (Time = 0.00s, Memory = 0.0K)
    Checking Rule AcOvlRtl (Rule 82 of total 150) .... done (Time = 0.00s, Memory = 0.7K)
    Checking Rule GenTopLevelBlocksForAutoSoc (Rule 83 of total 150) .... done (Time = 0.00s, Memory = 0.0K)
Checking ELABDU Rules for designUnit TX_FSM
    Checking Rule Prereqs_ConstantInput-ML (Rule 77 of total 150) .... done (Time = 0.00s, Memory = 0.0K)
    Checking Rule Prereqs_ConstantInput-ML (Rule 78 of total 150) .... done (Time = 0.00s, Memory = 0.0K)
    Checking Rule syncRstReq (Rule 79 of total 150) .... done (Time = 0.00s, Memory = 0.0K)
    Checking Rule syncRstReq (Rule 80 of total 150) .... done (Time = 0.00s, Memory = 0.0K)
    Checking Rule AcOvlRtl (Rule 81 of total 150) .... done (Time = 0.00s, Memory = -8.2K)
    Checking Rule AcOvlRtl (Rule 82 of total 150) .... done (Time = 0.00s, Memory = 0.7K)
    Checking Rule GenTopLevelBlocksForAutoSoc (Rule 83 of total 150) .... done (Time = 0.00s, Memory = 32.0K)
Checking ELABDU Rules for designUnit parity
    Checking Rule Prereqs_ConstantInput-ML (Rule 77 of total 150) .... done (Time = 0.00s, Memory = -32.6K)
    Checking Rule Prereqs_ConstantInput-ML (Rule 78 of total 150) .... done (Time = 0.00s, Memory = 0.0K)
    Checking Rule syncRstReq (Rule 79 of total 150) .... done (Time = 0.00s, Memory = -7.9K)
    Checking Rule syncRstReq (Rule 80 of total 150) .... done (Time = 0.00s, Memory = 0.0K)
    Checking Rule AcOvlRtl (Rule 81 of total 150) .... done (Time = 0.00s, Memory = 0.0K)
    Checking Rule AcOvlRtl (Rule 82 of total 150) .... done (Time = 0.00s, Memory = 0.7K)
    Checking Rule GenTopLevelBlocksForAutoSoc (Rule 83 of total 150) .... done (Time = 0.00s, Memory = 0.0K)
Checking ELABDU Rules for designUnit MUX
    Checking Rule Prereqs_ConstantInput-ML (Rule 77 of total 150) .... done (Time = 0.00s, Memory = -11.5K)
    Checking Rule Prereqs_ConstantInput-ML (Rule 78 of total 150) .... done (Time = 0.00s, Memory = 0.0K)
    Checking Rule syncRstReq (Rule 79 of total 150) .... done (Time = 0.00s, Memory = 0.0K)
    Checking Rule syncRstReq (Rule 80 of total 150) .... done (Time = 0.00s, Memory = 0.0K)
    Checking Rule AcOvlRtl (Rule 81 of total 150) .... done (Time = 0.00s, Memory = 0.0K)
    Checking Rule AcOvlRtl (Rule 82 of total 150) .... done (Time = 0.00s, Memory = 0.7K)
    Checking Rule GenTopLevelBlocksForAutoSoc (Rule 83 of total 150) .... done (Time = 0.00s, Memory = 0.0K)
Checking ELABDU Rules for designUnit RX_TOP
    Checking Rule Prereqs_ConstantInput-ML (Rule 77 of total 150) .... done (Time = 0.00s, Memory = 0.0K)
    Checking Rule Prereqs_ConstantInput-ML (Rule 78 of total 150) .... done (Time = 0.00s, Memory = 0.0K)
    Checking Rule syncRstReq (Rule 79 of total 150) .... done (Time = 0.00s, Memory = 0.0K)
    Checking Rule syncRstReq (Rule 80 of total 150) .... done (Time = 0.00s, Memory = 0.0K)
    Checking Rule AcOvlRtl (Rule 81 of total 150) .... done (Time = 0.00s, Memory = 0.0K)
    Checking Rule AcOvlRtl (Rule 82 of total 150) .... done (Time = 0.00s, Memory = 0.7K)
    Checking Rule GenTopLevelBlocksForAutoSoc (Rule 83 of total 150) .... done (Time = 0.00s, Memory = 3.1K)
Checking ELABDU Rules for designUnit RX_FSM
    Checking Rule Prereqs_ConstantInput-ML (Rule 77 of total 150) .... done (Time = 0.00s, Memory = 0.0K)
    Checking Rule Prereqs_ConstantInput-ML (Rule 78 of total 150) .... done (Time = 0.00s, Memory = 0.0K)
    Checking Rule syncRstReq (Rule 79 of total 150) .... done (Time = 0.00s, Memory = 0.0K)
    Checking Rule syncRstReq (Rule 80 of total 150) .... done (Time = 0.00s, Memory = 0.0K)
    Checking Rule AcOvlRtl (Rule 81 of total 150) .... done (Time = 0.00s, Memory = 4.7K)
    Checking Rule AcOvlRtl (Rule 82 of total 150) .... done (Time = 0.00s, Memory = 0.7K)
    Checking Rule GenTopLevelBlocksForAutoSoc (Rule 83 of total 150) .... done (Time = 0.00s, Memory = 8.0K)
Checking ELABDU Rules for designUnit stp_chk
    Checking Rule Prereqs_ConstantInput-ML (Rule 77 of total 150) .... done (Time = 0.00s, Memory = 0.0K)
    Checking Rule Prereqs_ConstantInput-ML (Rule 78 of total 150) .... done (Time = 0.00s, Memory = 0.0K)
    Checking Rule syncRstReq (Rule 79 of total 150) .... done (Time = 0.00s, Memory = 0.0K)
    Checking Rule syncRstReq (Rule 80 of total 150) .... done (Time = 0.00s, Memory = 0.0K)
    Checking Rule AcOvlRtl (Rule 81 of total 150) .... done (Time = 0.00s, Memory = 0.0K)
    Checking Rule AcOvlRtl (Rule 82 of total 150) .... done (Time = 0.00s, Memory = 0.7K)
    Checking Rule GenTopLevelBlocksForAutoSoc (Rule 83 of total 150) .... done (Time = 0.00s, Memory = 0.0K)
Checking ELABDU Rules for designUnit Strt_chk
    Checking Rule Prereqs_ConstantInput-ML (Rule 77 of total 150) .... done (Time = 0.00s, Memory = -8.0K)
    Checking Rule Prereqs_ConstantInput-ML (Rule 78 of total 150) .... done (Time = 0.00s, Memory = 0.0K)
    Checking Rule syncRstReq (Rule 79 of total 150) .... done (Time = 0.00s, Memory = -8.0K)
    Checking Rule syncRstReq (Rule 80 of total 150) .... done (Time = 0.00s, Memory = 0.0K)
    Checking Rule AcOvlRtl (Rule 81 of total 150) .... done (Time = 0.00s, Memory = -8.0K)
    Checking Rule AcOvlRtl (Rule 82 of total 150) .... done (Time = 0.00s, Memory = 0.7K)
    Checking Rule GenTopLevelBlocksForAutoSoc (Rule 83 of total 150) .... done (Time = 0.00s, Memory = 8.0K)
Checking ELABDU Rules for designUnit Parity_chk
    Checking Rule Prereqs_ConstantInput-ML (Rule 77 of total 150) .... done (Time = 0.00s, Memory = 0.0K)
    Checking Rule Prereqs_ConstantInput-ML (Rule 78 of total 150) .... done (Time = 0.00s, Memory = 0.0K)
    Checking Rule syncRstReq (Rule 79 of total 150) .... done (Time = 0.00s, Memory = -16.2K)
    Checking Rule syncRstReq (Rule 80 of total 150) .... done (Time = 0.00s, Memory = 0.0K)
    Checking Rule AcOvlRtl (Rule 81 of total 150) .... done (Time = 0.00s, Memory = 0.0K)
    Checking Rule AcOvlRtl (Rule 82 of total 150) .... done (Time = 0.00s, Memory = 0.7K)
    Checking Rule GenTopLevelBlocksForAutoSoc (Rule 83 of total 150) .... done (Time = 0.00s, Memory = 0.0K)
Checking ELABDU Rules for designUnit Edge_Bit_Counter
    Checking Rule Prereqs_ConstantInput-ML (Rule 77 of total 150) .... done (Time = 0.00s, Memory = 0.0K)
    Checking Rule Prereqs_ConstantInput-ML (Rule 78 of total 150) .... done (Time = 0.00s, Memory = 0.0K)
    Checking Rule syncRstReq (Rule 79 of total 150) .... done (Time = 0.00s, Memory = 0.0K)
    Checking Rule syncRstReq (Rule 80 of total 150) .... done (Time = 0.00s, Memory = 0.0K)
    Checking Rule AcOvlRtl (Rule 81 of total 150) .... done (Time = 0.00s, Memory = 0.0K)
    Checking Rule AcOvlRtl (Rule 82 of total 150) .... done (Time = 0.00s, Memory = 0.7K)
    Checking Rule GenTopLevelBlocksForAutoSoc (Rule 83 of total 150) .... done (Time = 0.00s, Memory = 0.0K)
Checking ELABDU Rules for designUnit Data_sampling
    Checking Rule Prereqs_ConstantInput-ML (Rule 77 of total 150) .... done (Time = 0.00s, Memory = 0.0K)
    Checking Rule Prereqs_ConstantInput-ML (Rule 78 of total 150) .... done (Time = 0.00s, Memory = 0.0K)
    Checking Rule syncRstReq (Rule 79 of total 150) .... done (Time = 0.00s, Memory = 0.0K)
    Checking Rule syncRstReq (Rule 80 of total 150) .... done (Time = 0.00s, Memory = 0.0K)
    Checking Rule AcOvlRtl (Rule 81 of total 150) .... done (Time = 0.00s, Memory = 0.0K)
    Checking Rule AcOvlRtl (Rule 82 of total 150) .... done (Time = 0.00s, Memory = 0.7K)
    Checking Rule GenTopLevelBlocksForAutoSoc (Rule 83 of total 150) .... done (Time = 0.00s, Memory = 0.0K)
Checking ELABDU Rules for designUnit DeSerializer
    Checking Rule Prereqs_ConstantInput-ML (Rule 77 of total 150) .... done (Time = 0.00s, Memory = 0.0K)
    Checking Rule Prereqs_ConstantInput-ML (Rule 78 of total 150) .... done (Time = 0.00s, Memory = 0.0K)
    Checking Rule syncRstReq (Rule 79 of total 150) .... done (Time = 0.00s, Memory = 0.0K)
    Checking Rule syncRstReq (Rule 80 of total 150) .... done (Time = 0.00s, Memory = 0.0K)
    Checking Rule AcOvlRtl (Rule 81 of total 150) .... done (Time = 0.00s, Memory = 4.7K)
    Checking Rule AcOvlRtl (Rule 82 of total 150) .... done (Time = 0.00s, Memory = 0.7K)
    Checking Rule GenTopLevelBlocksForAutoSoc (Rule 83 of total 150) .... done (Time = 0.00s, Memory = 0.0K)
Checking ELABDU Rules for designUnit clk_div
    Checking Rule Prereqs_ConstantInput-ML (Rule 77 of total 150) .... done (Time = 0.00s, Memory = 0.0K)
    Checking Rule Prereqs_ConstantInput-ML (Rule 78 of total 150) .... done (Time = 0.00s, Memory = 0.0K)
    Checking Rule syncRstReq (Rule 79 of total 150) .... done (Time = 0.00s, Memory = -1.3K)
    Checking Rule syncRstReq (Rule 80 of total 150) .... done (Time = 0.00s, Memory = 0.0K)
    Checking Rule AcOvlRtl (Rule 81 of total 150) .... done (Time = 0.00s, Memory = 0.0K)
    Checking Rule AcOvlRtl (Rule 82 of total 150) .... done (Time = 0.00s, Memory = 0.7K)
    Checking Rule GenTopLevelBlocksForAutoSoc (Rule 83 of total 150) .... done (Time = 0.00s, Memory = 0.0K)
Checking ELABDU Rules for designUnit RST_SYNCH
    Checking Rule Prereqs_ConstantInput-ML (Rule 77 of total 150) .... done (Time = 0.00s, Memory = 8.0K)
    Checking Rule Prereqs_ConstantInput-ML (Rule 78 of total 150) .... done (Time = 0.00s, Memory = 0.0K)
    Checking Rule syncRstReq (Rule 79 of total 150) .... done (Time = 0.00s, Memory = 0.0K)
    Checking Rule syncRstReq (Rule 80 of total 150) .... done (Time = 0.00s, Memory = 0.0K)
    Checking Rule AcOvlRtl (Rule 81 of total 150) .... done (Time = 0.00s, Memory = -8.0K)
    Checking Rule AcOvlRtl (Rule 82 of total 150) .... done (Time = 0.00s, Memory = 0.7K)
    Checking Rule GenTopLevelBlocksForAutoSoc (Rule 83 of total 150) .... done (Time = 0.00s, Memory = -32.0K)
Checking ELABDU Rules for designUnit CLK_GATE
    Checking Rule Prereqs_ConstantInput-ML (Rule 77 of total 150) .... done (Time = 0.00s, Memory = -0.1K)
    Checking Rule Prereqs_ConstantInput-ML (Rule 78 of total 150) .... done (Time = 0.00s, Memory = 0.0K)
    Checking Rule syncRstReq (Rule 79 of total 150) .... done (Time = 0.00s, Memory = 15.8K)
    Checking Rule syncRstReq (Rule 80 of total 150) .... done (Time = 0.00s, Memory = 0.0K)
    Checking Rule AcOvlRtl (Rule 81 of total 150) .... done (Time = 0.00s, Memory = -8.0K)
    Checking Rule AcOvlRtl (Rule 82 of total 150) .... done (Time = 0.00s, Memory = 0.7K)
    Checking Rule GenTopLevelBlocksForAutoSoc (Rule 83 of total 150) .... done (Time = 0.00s, Memory = -16.0K)
Checking ELABDU Rules for designUnit Data_Sync
    Checking Rule Prereqs_ConstantInput-ML (Rule 77 of total 150) .... done (Time = 0.00s, Memory = 0.0K)
    Checking Rule Prereqs_ConstantInput-ML (Rule 78 of total 150) .... done (Time = 0.00s, Memory = 0.0K)
    Checking Rule syncRstReq (Rule 79 of total 150) .... done (Time = 0.00s, Memory = -8.0K)
    Checking Rule syncRstReq (Rule 80 of total 150) .... done (Time = 0.00s, Memory = 0.0K)
    Checking Rule AcOvlRtl (Rule 81 of total 150) .... done (Time = 0.00s, Memory = 0.0K)
    Checking Rule AcOvlRtl (Rule 82 of total 150) .... done (Time = 0.00s, Memory = 0.7K)
    Checking Rule GenTopLevelBlocksForAutoSoc (Rule 83 of total 150) .... done (Time = 0.00s, Memory = 0.0K)
Checking Rule SGDC_meta_design_hier01 (Rule 84 of total 150) .... done (Time = 0.00s, Memory = 1.0K)
 Synthesizing module: Data_Sync (elaborated name: Data_Sync) ... (Module 1 of total 29)  done 
 Synthesizing module: CLK_GATE (elaborated name: CLK_GATE) ... (Module 2 of total 29)  done 
 Synthesizing module: RST_SYNCH (elaborated name: RST_SYNCH) ... (Module 3 of total 29)  done 
 Synthesizing module: clk_div (elaborated name: clk_div) ... (Module 4 of total 29)  done 
 Synthesizing module: DeSerializer (elaborated name: DeSerializer) ... (Module 5 of total 29)  done 
 Synthesizing module: Data_sampling (elaborated name: Data_sampling) ... (Module 6 of total 29)  done 
 Synthesizing module: Edge_Bit_Counter (elaborated name: Edge_Bit_Counter) ... (Module 7 of total 29)  done 
 Synthesizing module: Parity_chk (elaborated name: Parity_chk) ... (Module 8 of total 29)  done 
 Synthesizing module: Strt_chk (elaborated name: Strt_chk) ... (Module 9 of total 29)  done 
 Synthesizing module: stp_chk (elaborated name: stp_chk) ... (Module 10 of total 29)  done 
 Synthesizing module: RX_FSM (elaborated name: RX_FSM) ... (Module 11 of total 29)  done 
 Synthesizing module: RX_TOP (elaborated name: RX_TOP) ... (Module 12 of total 29)  done 
 Synthesizing module: MUX (elaborated name: MUX) ... (Module 13 of total 29)  done 
 Synthesizing module: parity (elaborated name: parity) ... (Module 14 of total 29)  done 
 Synthesizing module: TX_FSM (elaborated name: TX_FSM) ... (Module 15 of total 29)  done 
 Synthesizing module: serializer (elaborated name: serializer) ... (Module 16 of total 29)  done 
 Synthesizing module: TX_TOP (elaborated name: TX_TOP) ... (Module 17 of total 29)  done 
 Synthesizing module: UART (elaborated name: UART) ... (Module 18 of total 29)  done 
 Synthesizing module: Data_Synch (elaborated name: Data_Synch) ... (Module 19 of total 29)  done 
 Synthesizing module: SYS_CTRL (elaborated name: SYS_CTRL) ... (Module 20 of total 29)  done 
 Synthesizing module: Register (elaborated name: Register) ... (Module 21 of total 29)  done 
 Synthesizing module: ALU (elaborated name: ALU) ... (Module 22 of total 29)  done 
 Synthesizing module: FIFO_RD (elaborated name: FIFO_RD) ... (Module 23 of total 29)  done 
 Synthesizing module: FIFO_WR (elaborated name: FIFO_WR) ... (Module 24 of total 29)  done 
 Synthesizing module: DF_SYNC (elaborated name: DF_SYNC) ... (Module 25 of total 29)  done 
 Synthesizing module: FIFO_MEM_CNTRL (elaborated name: FIFO_MEM_CNTRL) ... (Module 26 of total 29)  done 
 Synthesizing module: FIFO_TOP (elaborated name: FIFO_TOP) ... (Module 27 of total 29)  done 
 Synthesizing module: PULSE_GEN (elaborated name: PULSE_GEN) ... (Module 28 of total 29)  done 
 Synthesizing module: sys_top (elaborated name: sys_top) ... (Module 29 of total 29)  done 
 Synthesis completed.
Checking Rule InferBlackBox (Rule 85 of total 150) .... done (Time = 0.00s, Memory = 22.2K)

INFO [234]    Saving design database in directory './spyglass-1/.SG_SaveRestoreDB/autogenerated__default_snapshot' ...
              done

Checking Rule SGDC_waive37 (Rule 86 of total 150) .... done (Time = 0.00s, Memory = 0.0K)
Checking Rule SGDC_waive24 (Rule 87 of total 150) .... done (Time = 0.00s, Memory = 2.5K)
Checking Rule SGDC_waive25 (Rule 88 of total 150) .... done (Time = 0.00s, Memory = 0.0K)
Checking Rule SGDC_waive31 (Rule 89 of total 150) .... done (Time = 0.00s, Memory = 0.0K)
Checking Rule SGDC_waive35 (Rule 90 of total 150) .... done (Time = 0.00s, Memory = 0.0K)
Checking Rule ReportSglibSummary (Rule 91 of total 150) .... done (Time = 0.00s, Memory = 0.0K)
Checking Rule Txv_SvaSetup01 for module Data_Sync (Rule 92 of total 150) .... done (Time = 0.00s, Memory = 0.0K)
Checking Rule LogNMuxPrereq for module Data_Sync (Rule 93 of total 150) .... done (Time = 0.00s, Memory = 0.0K)
Checking Rule PESVASETUP01 for module Data_Sync (Rule 94 of total 150) .... done (Time = 0.00s, Memory = 0.0K)
Checking Rule HangingNetPreReq-ML for module Data_Sync (Rule 95 of total 150) .... done (Time = 0.00s, Memory = 0.0K)
Checking Rule _cdc_save_license01 for module Data_Sync (Rule 96 of total 150) .... done (Time = 0.00s, Memory = 0.0K)
Checking Rule Reset_check05 for module Data_Sync (Rule 97 of total 150) .... done (Time = 0.00s, Memory = 0.0K)
Checking Rule _syncResetStyleRTL for module Data_Sync (Rule 98 of total 150) .... done (Time = 0.00s, Memory = 0.0K)
Checking Rule _meta_delay01 for module Data_Sync (Rule 99 of total 150) .... done (Time = 0.00s, Memory = 0.0K)
Checking Rule Ac_svasetup01 for module Data_Sync (Rule 100 of total 150) .... done (Time = 0.00s, Memory = 0.0K)
Checking Rule Txv_SvaSetup01 for module CLK_GATE (Rule 92 of total 150) .... done (Time = 0.00s, Memory = 0.0K)
Checking Rule LogNMuxPrereq for module CLK_GATE (Rule 93 of total 150) .... done (Time = 0.00s, Memory = 0.0K)
Checking Rule PESVASETUP01 for module CLK_GATE (Rule 94 of total 150) .... done (Time = 0.00s, Memory = 0.0K)
Checking Rule HangingNetPreReq-ML for module CLK_GATE (Rule 95 of total 150) .... done (Time = 0.00s, Memory = 0.0K)
Checking Rule _cdc_save_license01 for module CLK_GATE (Rule 96 of total 150) .... done (Time = 0.00s, Memory = 0.0K)
Checking Rule Reset_check05 for module CLK_GATE (Rule 97 of total 150) .... done (Time = 0.00s, Memory = 0.0K)
Checking Rule _syncResetStyleRTL for module CLK_GATE (Rule 98 of total 150) .... done (Time = 0.00s, Memory = 0.0K)
Checking Rule _meta_delay01 for module CLK_GATE (Rule 99 of total 150) .... done (Time = 0.00s, Memory = 0.0K)
Checking Rule Ac_svasetup01 for module CLK_GATE (Rule 100 of total 150) .... done (Time = 0.00s, Memory = 0.0K)
Checking Rule Txv_SvaSetup01 for module RST_SYNCH (Rule 92 of total 150) .... done (Time = 0.00s, Memory = 0.0K)
Checking Rule LogNMuxPrereq for module RST_SYNCH (Rule 93 of total 150) .... done (Time = 0.00s, Memory = 0.0K)
Checking Rule PESVASETUP01 for module RST_SYNCH (Rule 94 of total 150) .... done (Time = 0.00s, Memory = 0.0K)
Checking Rule HangingNetPreReq-ML for module RST_SYNCH (Rule 95 of total 150) .... done (Time = 0.00s, Memory = 0.0K)
Checking Rule _cdc_save_license01 for module RST_SYNCH (Rule 96 of total 150) .... done (Time = 0.00s, Memory = 0.0K)
Checking Rule Reset_check05 for module RST_SYNCH (Rule 97 of total 150) .... done (Time = 0.00s, Memory = 0.0K)
Checking Rule _syncResetStyleRTL for module RST_SYNCH (Rule 98 of total 150) .... done (Time = 0.00s, Memory = 0.0K)
Checking Rule _meta_delay01 for module RST_SYNCH (Rule 99 of total 150) .... done (Time = 0.00s, Memory = 0.0K)
Checking Rule Ac_svasetup01 for module RST_SYNCH (Rule 100 of total 150) .... done (Time = 0.00s, Memory = 0.0K)
Checking Rule Txv_SvaSetup01 for module clk_div (Rule 92 of total 150) .... done (Time = 0.00s, Memory = 0.0K)
Checking Rule LogNMuxPrereq for module clk_div (Rule 93 of total 150) .... done (Time = 0.00s, Memory = 0.0K)
Checking Rule PESVASETUP01 for module clk_div (Rule 94 of total 150) .... done (Time = 0.00s, Memory = 0.0K)
Checking Rule HangingNetPreReq-ML for module clk_div (Rule 95 of total 150) .... done (Time = 0.00s, Memory = 0.0K)
Checking Rule _cdc_save_license01 for module clk_div (Rule 96 of total 150) .... done (Time = 0.00s, Memory = 0.0K)
Checking Rule Reset_check05 for module clk_div (Rule 97 of total 150) .... done (Time = 0.00s, Memory = 0.0K)
Checking Rule _syncResetStyleRTL for module clk_div (Rule 98 of total 150) .... done (Time = 0.00s, Memory = 0.0K)
Checking Rule _meta_delay01 for module clk_div (Rule 99 of total 150) .... done (Time = 0.00s, Memory = 0.0K)
Checking Rule Ac_svasetup01 for module clk_div (Rule 100 of total 150) .... done (Time = 0.00s, Memory = 0.0K)
Checking Rule Txv_SvaSetup01 for module DeSerializer (Rule 92 of total 150) .... done (Time = 0.00s, Memory = 0.0K)
Checking Rule LogNMuxPrereq for module DeSerializer (Rule 93 of total 150) .... done (Time = 0.00s, Memory = 0.0K)
Checking Rule PESVASETUP01 for module DeSerializer (Rule 94 of total 150) .... done (Time = 0.00s, Memory = 0.0K)
Checking Rule HangingNetPreReq-ML for module DeSerializer (Rule 95 of total 150) .... done (Time = 0.00s, Memory = 0.0K)
Checking Rule _cdc_save_license01 for module DeSerializer (Rule 96 of total 150) .... done (Time = 0.00s, Memory = 0.0K)
Checking Rule Reset_check05 for module DeSerializer (Rule 97 of total 150) .... done (Time = 0.00s, Memory = 0.0K)
Checking Rule _syncResetStyleRTL for module DeSerializer (Rule 98 of total 150) .... done (Time = 0.00s, Memory = 0.0K)
Checking Rule _meta_delay01 for module DeSerializer (Rule 99 of total 150) .... done (Time = 0.00s, Memory = 0.0K)
Checking Rule Ac_svasetup01 for module DeSerializer (Rule 100 of total 150) .... done (Time = 0.00s, Memory = 0.0K)
Checking Rule Txv_SvaSetup01 for module Data_sampling (Rule 92 of total 150) .... done (Time = 0.00s, Memory = 0.0K)
Checking Rule LogNMuxPrereq for module Data_sampling (Rule 93 of total 150) .... done (Time = 0.00s, Memory = 0.0K)
Checking Rule PESVASETUP01 for module Data_sampling (Rule 94 of total 150) .... done (Time = 0.00s, Memory = 0.0K)
Checking Rule HangingNetPreReq-ML for module Data_sampling (Rule 95 of total 150) .... done (Time = 0.00s, Memory = 0.0K)
Checking Rule _cdc_save_license01 for module Data_sampling (Rule 96 of total 150) .... done (Time = 0.00s, Memory = 0.0K)
Checking Rule Reset_check05 for module Data_sampling (Rule 97 of total 150) .... done (Time = 0.00s, Memory = 0.0K)
Checking Rule _syncResetStyleRTL for module Data_sampling (Rule 98 of total 150) .... done (Time = 0.00s, Memory = 0.0K)
Checking Rule _meta_delay01 for module Data_sampling (Rule 99 of total 150) .... done (Time = 0.00s, Memory = 0.0K)
Checking Rule Ac_svasetup01 for module Data_sampling (Rule 100 of total 150) .... done (Time = 0.00s, Memory = 0.0K)
Checking Rule Txv_SvaSetup01 for module Edge_Bit_Counter (Rule 92 of total 150) .... done (Time = 0.00s, Memory = 0.0K)
Checking Rule LogNMuxPrereq for module Edge_Bit_Counter (Rule 93 of total 150) .... done (Time = 0.00s, Memory = 0.0K)
Checking Rule PESVASETUP01 for module Edge_Bit_Counter (Rule 94 of total 150) .... done (Time = 0.00s, Memory = 0.0K)
Checking Rule HangingNetPreReq-ML for module Edge_Bit_Counter (Rule 95 of total 150) .... done (Time = 0.00s, Memory = 0.0K)
Checking Rule _cdc_save_license01 for module Edge_Bit_Counter (Rule 96 of total 150) .... done (Time = 0.00s, Memory = 0.0K)
Checking Rule Reset_check05 for module Edge_Bit_Counter (Rule 97 of total 150) .... done (Time = 0.00s, Memory = 0.0K)
Checking Rule _syncResetStyleRTL for module Edge_Bit_Counter (Rule 98 of total 150) .... done (Time = 0.00s, Memory = 0.0K)
Checking Rule _meta_delay01 for module Edge_Bit_Counter (Rule 99 of total 150) .... done (Time = 0.00s, Memory = 0.0K)
Checking Rule Ac_svasetup01 for module Edge_Bit_Counter (Rule 100 of total 150) .... done (Time = 0.00s, Memory = 0.0K)
Checking Rule Txv_SvaSetup01 for module Parity_chk (Rule 92 of total 150) .... done (Time = 0.00s, Memory = 0.0K)
Checking Rule LogNMuxPrereq for module Parity_chk (Rule 93 of total 150) .... done (Time = 0.00s, Memory = 0.0K)
Checking Rule PESVASETUP01 for module Parity_chk (Rule 94 of total 150) .... done (Time = 0.00s, Memory = 0.0K)
Checking Rule HangingNetPreReq-ML for module Parity_chk (Rule 95 of total 150) .... done (Time = 0.00s, Memory = 0.0K)
Checking Rule _cdc_save_license01 for module Parity_chk (Rule 96 of total 150) .... done (Time = 0.00s, Memory = 0.0K)
Checking Rule Reset_check05 for module Parity_chk (Rule 97 of total 150) .... done (Time = 0.00s, Memory = 0.0K)
Checking Rule _syncResetStyleRTL for module Parity_chk (Rule 98 of total 150) .... done (Time = 0.00s, Memory = 0.0K)
Checking Rule _meta_delay01 for module Parity_chk (Rule 99 of total 150) .... done (Time = 0.00s, Memory = 0.0K)
Checking Rule Ac_svasetup01 for module Parity_chk (Rule 100 of total 150) .... done (Time = 0.00s, Memory = 0.0K)
Checking Rule Txv_SvaSetup01 for module Strt_chk (Rule 92 of total 150) .... done (Time = 0.00s, Memory = 0.0K)
Checking Rule LogNMuxPrereq for module Strt_chk (Rule 93 of total 150) .... done (Time = 0.00s, Memory = 0.0K)
Checking Rule PESVASETUP01 for module Strt_chk (Rule 94 of total 150) .... done (Time = 0.00s, Memory = 0.0K)
Checking Rule HangingNetPreReq-ML for module Strt_chk (Rule 95 of total 150) .... done (Time = 0.00s, Memory = 0.0K)
Checking Rule _cdc_save_license01 for module Strt_chk (Rule 96 of total 150) .... done (Time = 0.00s, Memory = 0.0K)
Checking Rule Reset_check05 for module Strt_chk (Rule 97 of total 150) .... done (Time = 0.00s, Memory = 0.0K)
Checking Rule _syncResetStyleRTL for module Strt_chk (Rule 98 of total 150) .... done (Time = 0.00s, Memory = 0.0K)
Checking Rule _meta_delay01 for module Strt_chk (Rule 99 of total 150) .... done (Time = 0.00s, Memory = 0.0K)
Checking Rule Ac_svasetup01 for module Strt_chk (Rule 100 of total 150) .... done (Time = 0.00s, Memory = 0.0K)
Checking Rule Txv_SvaSetup01 for module stp_chk (Rule 92 of total 150) .... done (Time = 0.00s, Memory = 0.0K)
Checking Rule LogNMuxPrereq for module stp_chk (Rule 93 of total 150) .... done (Time = 0.00s, Memory = 0.0K)
Checking Rule PESVASETUP01 for module stp_chk (Rule 94 of total 150) .... done (Time = 0.00s, Memory = 0.0K)
Checking Rule HangingNetPreReq-ML for module stp_chk (Rule 95 of total 150) .... done (Time = 0.00s, Memory = 0.0K)
Checking Rule _cdc_save_license01 for module stp_chk (Rule 96 of total 150) .... done (Time = 0.00s, Memory = 0.0K)
Checking Rule Reset_check05 for module stp_chk (Rule 97 of total 150) .... done (Time = 0.00s, Memory = 0.0K)
Checking Rule _syncResetStyleRTL for module stp_chk (Rule 98 of total 150) .... done (Time = 0.00s, Memory = 0.0K)
Checking Rule _meta_delay01 for module stp_chk (Rule 99 of total 150) .... done (Time = 0.00s, Memory = 0.0K)
Checking Rule Ac_svasetup01 for module stp_chk (Rule 100 of total 150) .... done (Time = 0.00s, Memory = 0.0K)
Checking Rule Txv_SvaSetup01 for module RX_FSM (Rule 92 of total 150) .... done (Time = 0.00s, Memory = 0.0K)
Checking Rule LogNMuxPrereq for module RX_FSM (Rule 93 of total 150) .... done (Time = 0.00s, Memory = 0.0K)
Checking Rule PESVASETUP01 for module RX_FSM (Rule 94 of total 150) .... done (Time = 0.00s, Memory = 0.0K)
Checking Rule HangingNetPreReq-ML for module RX_FSM (Rule 95 of total 150) .... done (Time = 0.00s, Memory = 0.0K)
Checking Rule _cdc_save_license01 for module RX_FSM (Rule 96 of total 150) .... done (Time = 0.00s, Memory = 0.0K)
Checking Rule Reset_check05 for module RX_FSM (Rule 97 of total 150) .... done (Time = 0.00s, Memory = 0.0K)
Checking Rule _syncResetStyleRTL for module RX_FSM (Rule 98 of total 150) .... done (Time = 0.00s, Memory = 0.0K)
Checking Rule _meta_delay01 for module RX_FSM (Rule 99 of total 150) .... done (Time = 0.00s, Memory = 0.0K)
Checking Rule Ac_svasetup01 for module RX_FSM (Rule 100 of total 150) .... done (Time = 0.00s, Memory = 0.0K)
Checking Rule Txv_SvaSetup01 for module RX_TOP (Rule 92 of total 150) .... done (Time = 0.00s, Memory = 0.0K)
Checking Rule LogNMuxPrereq for module RX_TOP (Rule 93 of total 150) .... done (Time = 0.00s, Memory = 0.0K)
Checking Rule PESVASETUP01 for module RX_TOP (Rule 94 of total 150) .... done (Time = 0.00s, Memory = 0.0K)
Checking Rule HangingNetPreReq-ML for module RX_TOP (Rule 95 of total 150) .... done (Time = 0.00s, Memory = 0.0K)
Checking Rule _cdc_save_license01 for module RX_TOP (Rule 96 of total 150) .... done (Time = 0.00s, Memory = 0.0K)
Checking Rule Reset_check05 for module RX_TOP (Rule 97 of total 150) .... done (Time = 0.00s, Memory = 0.0K)
Checking Rule _syncResetStyleRTL for module RX_TOP (Rule 98 of total 150) .... done (Time = 0.00s, Memory = 0.0K)
Checking Rule _meta_delay01 for module RX_TOP (Rule 99 of total 150) .... done (Time = 0.00s, Memory = 0.0K)
Checking Rule Ac_svasetup01 for module RX_TOP (Rule 100 of total 150) .... done (Time = 0.00s, Memory = 0.0K)
Checking Rule Txv_SvaSetup01 for module MUX (Rule 92 of total 150) .... done (Time = 0.00s, Memory = 0.0K)
Checking Rule LogNMuxPrereq for module MUX (Rule 93 of total 150) .... done (Time = 0.00s, Memory = 0.0K)
Checking Rule PESVASETUP01 for module MUX (Rule 94 of total 150) .... done (Time = 0.00s, Memory = 0.0K)
Checking Rule HangingNetPreReq-ML for module MUX (Rule 95 of total 150) .... done (Time = 0.00s, Memory = 0.0K)
Checking Rule _cdc_save_license01 for module MUX (Rule 96 of total 150) .... done (Time = 0.00s, Memory = 0.0K)
Checking Rule Reset_check05 for module MUX (Rule 97 of total 150) .... done (Time = 0.00s, Memory = 0.0K)
Checking Rule _syncResetStyleRTL for module MUX (Rule 98 of total 150) .... done (Time = 0.00s, Memory = 0.0K)
Checking Rule _meta_delay01 for module MUX (Rule 99 of total 150) .... done (Time = 0.00s, Memory = 0.0K)
Checking Rule Ac_svasetup01 for module MUX (Rule 100 of total 150) .... done (Time = 0.00s, Memory = 0.0K)
Checking Rule Txv_SvaSetup01 for module parity (Rule 92 of total 150) .... done (Time = 0.00s, Memory = 0.0K)
Checking Rule LogNMuxPrereq for module parity (Rule 93 of total 150) .... done (Time = 0.00s, Memory = 0.0K)
Checking Rule PESVASETUP01 for module parity (Rule 94 of total 150) .... done (Time = 0.00s, Memory = 0.0K)
Checking Rule HangingNetPreReq-ML for module parity (Rule 95 of total 150) .... done (Time = 0.00s, Memory = 0.0K)
Checking Rule _cdc_save_license01 for module parity (Rule 96 of total 150) .... done (Time = 0.00s, Memory = 0.0K)
Checking Rule Reset_check05 for module parity (Rule 97 of total 150) .... done (Time = 0.00s, Memory = 0.0K)
Checking Rule _syncResetStyleRTL for module parity (Rule 98 of total 150) .... done (Time = 0.00s, Memory = 0.0K)
Checking Rule _meta_delay01 for module parity (Rule 99 of total 150) .... done (Time = 0.00s, Memory = 0.0K)
Checking Rule Ac_svasetup01 for module parity (Rule 100 of total 150) .... done (Time = 0.00s, Memory = 0.0K)
Checking Rule Txv_SvaSetup01 for module TX_FSM (Rule 92 of total 150) .... done (Time = 0.00s, Memory = 0.0K)
Checking Rule LogNMuxPrereq for module TX_FSM (Rule 93 of total 150) .... done (Time = 0.00s, Memory = 0.0K)
Checking Rule PESVASETUP01 for module TX_FSM (Rule 94 of total 150) .... done (Time = 0.00s, Memory = 0.0K)
Checking Rule HangingNetPreReq-ML for module TX_FSM (Rule 95 of total 150) .... done (Time = 0.00s, Memory = 0.0K)
Checking Rule _cdc_save_license01 for module TX_FSM (Rule 96 of total 150) .... done (Time = 0.00s, Memory = 0.0K)
Checking Rule Reset_check05 for module TX_FSM (Rule 97 of total 150) .... done (Time = 0.00s, Memory = 0.0K)
Checking Rule _syncResetStyleRTL for module TX_FSM (Rule 98 of total 150) .... done (Time = 0.00s, Memory = 0.0K)
Checking Rule _meta_delay01 for module TX_FSM (Rule 99 of total 150) .... done (Time = 0.00s, Memory = 0.0K)
Checking Rule Ac_svasetup01 for module TX_FSM (Rule 100 of total 150) .... done (Time = 0.00s, Memory = 0.0K)
Checking Rule Txv_SvaSetup01 for module serializer (Rule 92 of total 150) .... done (Time = 0.00s, Memory = 0.0K)
Checking Rule LogNMuxPrereq for module serializer (Rule 93 of total 150) .... done (Time = 0.00s, Memory = 0.0K)
Checking Rule PESVASETUP01 for module serializer (Rule 94 of total 150) .... done (Time = 0.00s, Memory = 0.0K)
Checking Rule HangingNetPreReq-ML for module serializer (Rule 95 of total 150) .... done (Time = 0.00s, Memory = 0.0K)
Checking Rule _cdc_save_license01 for module serializer (Rule 96 of total 150) .... done (Time = 0.00s, Memory = 0.0K)
Checking Rule Reset_check05 for module serializer (Rule 97 of total 150) .... done (Time = 0.00s, Memory = 0.0K)
Checking Rule _syncResetStyleRTL for module serializer (Rule 98 of total 150) .... done (Time = 0.00s, Memory = 0.0K)
Checking Rule _meta_delay01 for module serializer (Rule 99 of total 150) .... done (Time = 0.00s, Memory = 0.0K)
Checking Rule Ac_svasetup01 for module serializer (Rule 100 of total 150) .... done (Time = 0.00s, Memory = 0.0K)
Checking Rule Txv_SvaSetup01 for module TX_TOP (Rule 92 of total 150) .... done (Time = 0.00s, Memory = 0.0K)
Checking Rule LogNMuxPrereq for module TX_TOP (Rule 93 of total 150) .... done (Time = 0.00s, Memory = 0.0K)
Checking Rule PESVASETUP01 for module TX_TOP (Rule 94 of total 150) .... done (Time = 0.00s, Memory = 0.0K)
Checking Rule HangingNetPreReq-ML for module TX_TOP (Rule 95 of total 150) .... done (Time = 0.00s, Memory = 0.0K)
Checking Rule _cdc_save_license01 for module TX_TOP (Rule 96 of total 150) .... done (Time = 0.00s, Memory = 0.0K)
Checking Rule Reset_check05 for module TX_TOP (Rule 97 of total 150) .... done (Time = 0.00s, Memory = 0.0K)
Checking Rule _syncResetStyleRTL for module TX_TOP (Rule 98 of total 150) .... done (Time = 0.00s, Memory = 0.0K)
Checking Rule _meta_delay01 for module TX_TOP (Rule 99 of total 150) .... done (Time = 0.00s, Memory = 0.0K)
Checking Rule Ac_svasetup01 for module TX_TOP (Rule 100 of total 150) .... done (Time = 0.00s, Memory = 0.0K)
Checking Rule Txv_SvaSetup01 for module UART (Rule 92 of total 150) .... done (Time = 0.00s, Memory = 0.0K)
Checking Rule LogNMuxPrereq for module UART (Rule 93 of total 150) .... done (Time = 0.00s, Memory = 0.0K)
Checking Rule PESVASETUP01 for module UART (Rule 94 of total 150) .... done (Time = 0.00s, Memory = 0.0K)
Checking Rule HangingNetPreReq-ML for module UART (Rule 95 of total 150) .... done (Time = 0.00s, Memory = 0.0K)
Checking Rule _cdc_save_license01 for module UART (Rule 96 of total 150) .... done (Time = 0.00s, Memory = 0.0K)
Checking Rule Reset_check05 for module UART (Rule 97 of total 150) .... done (Time = 0.00s, Memory = 0.0K)
Checking Rule _syncResetStyleRTL for module UART (Rule 98 of total 150) .... done (Time = 0.00s, Memory = 0.0K)
Checking Rule _meta_delay01 for module UART (Rule 99 of total 150) .... done (Time = 0.00s, Memory = 0.0K)
Checking Rule Ac_svasetup01 for module UART (Rule 100 of total 150) .... done (Time = 0.00s, Memory = 0.0K)
Checking Rule Txv_SvaSetup01 for module Data_Synch (Rule 92 of total 150) .... done (Time = 0.00s, Memory = 0.0K)
Checking Rule LogNMuxPrereq for module Data_Synch (Rule 93 of total 150) .... done (Time = 0.00s, Memory = 0.0K)
Checking Rule PESVASETUP01 for module Data_Synch (Rule 94 of total 150) .... done (Time = 0.00s, Memory = 0.0K)
Checking Rule HangingNetPreReq-ML for module Data_Synch (Rule 95 of total 150) .... done (Time = 0.00s, Memory = 0.0K)
Checking Rule _cdc_save_license01 for module Data_Synch (Rule 96 of total 150) .... done (Time = 0.00s, Memory = 0.0K)
Checking Rule Reset_check05 for module Data_Synch (Rule 97 of total 150) .... done (Time = 0.00s, Memory = 0.0K)
Checking Rule _syncResetStyleRTL for module Data_Synch (Rule 98 of total 150) .... done (Time = 0.00s, Memory = 0.0K)
Checking Rule _meta_delay01 for module Data_Synch (Rule 99 of total 150) .... done (Time = 0.00s, Memory = 0.0K)
Checking Rule Ac_svasetup01 for module Data_Synch (Rule 100 of total 150) .... done (Time = 0.00s, Memory = 0.0K)
Checking Rule Txv_SvaSetup01 for module SYS_CTRL (Rule 92 of total 150) .... done (Time = 0.00s, Memory = 0.0K)
Checking Rule LogNMuxPrereq for module SYS_CTRL (Rule 93 of total 150) .... done (Time = 0.00s, Memory = 0.0K)
Checking Rule PESVASETUP01 for module SYS_CTRL (Rule 94 of total 150) .... done (Time = 0.00s, Memory = 0.0K)
Checking Rule HangingNetPreReq-ML for module SYS_CTRL (Rule 95 of total 150) .... done (Time = 0.00s, Memory = 0.0K)
Checking Rule _cdc_save_license01 for module SYS_CTRL (Rule 96 of total 150) .... done (Time = 0.00s, Memory = 0.0K)
Checking Rule Reset_check05 for module SYS_CTRL (Rule 97 of total 150) .... done (Time = 0.00s, Memory = 0.0K)
Checking Rule _syncResetStyleRTL for module SYS_CTRL (Rule 98 of total 150) .... done (Time = 0.00s, Memory = 0.0K)
Checking Rule _meta_delay01 for module SYS_CTRL (Rule 99 of total 150) .... done (Time = 0.00s, Memory = 0.0K)
Checking Rule Ac_svasetup01 for module SYS_CTRL (Rule 100 of total 150) .... done (Time = 0.00s, Memory = 0.0K)
Checking Rule Txv_SvaSetup01 for module Register (Rule 92 of total 150) .... done (Time = 0.00s, Memory = 0.0K)
Checking Rule LogNMuxPrereq for module Register (Rule 93 of total 150) .... done (Time = 0.00s, Memory = 0.0K)
Checking Rule PESVASETUP01 for module Register (Rule 94 of total 150) .... done (Time = 0.00s, Memory = 0.0K)
Checking Rule HangingNetPreReq-ML for module Register (Rule 95 of total 150) .... done (Time = 0.00s, Memory = 0.0K)
Checking Rule _cdc_save_license01 for module Register (Rule 96 of total 150) .... done (Time = 0.00s, Memory = 0.0K)
Checking Rule Reset_check05 for module Register (Rule 97 of total 150) .... done (Time = 0.00s, Memory = 0.0K)
Checking Rule _syncResetStyleRTL for module Register (Rule 98 of total 150) .... done (Time = 0.00s, Memory = 0.0K)
Checking Rule _meta_delay01 for module Register (Rule 99 of total 150) .... done (Time = 0.00s, Memory = 0.0K)
Checking Rule Ac_svasetup01 for module Register (Rule 100 of total 150) .... done (Time = 0.00s, Memory = 0.0K)
Checking Rule Txv_SvaSetup01 for module ALU (Rule 92 of total 150) .... done (Time = 0.00s, Memory = 0.0K)
Checking Rule LogNMuxPrereq for module ALU (Rule 93 of total 150) .... done (Time = 0.00s, Memory = 0.0K)
Checking Rule PESVASETUP01 for module ALU (Rule 94 of total 150) .... done (Time = 0.00s, Memory = 0.0K)
Checking Rule HangingNetPreReq-ML for module ALU (Rule 95 of total 150) .... done (Time = 0.00s, Memory = 0.0K)
Checking Rule _cdc_save_license01 for module ALU (Rule 96 of total 150) .... done (Time = 0.00s, Memory = 0.0K)
Checking Rule Reset_check05 for module ALU (Rule 97 of total 150) .... done (Time = 0.00s, Memory = 0.0K)
Checking Rule _syncResetStyleRTL for module ALU (Rule 98 of total 150) .... done (Time = 0.00s, Memory = 0.0K)
Checking Rule _meta_delay01 for module ALU (Rule 99 of total 150) .... done (Time = 0.00s, Memory = 0.0K)
Checking Rule Ac_svasetup01 for module ALU (Rule 100 of total 150) .... done (Time = 0.00s, Memory = 0.0K)
Checking Rule Txv_SvaSetup01 for module FIFO_RD (Rule 92 of total 150) .... done (Time = 0.00s, Memory = 0.0K)
Checking Rule LogNMuxPrereq for module FIFO_RD (Rule 93 of total 150) .... done (Time = 0.00s, Memory = 0.0K)
Checking Rule PESVASETUP01 for module FIFO_RD (Rule 94 of total 150) .... done (Time = 0.00s, Memory = 0.0K)
Checking Rule HangingNetPreReq-ML for module FIFO_RD (Rule 95 of total 150) .... done (Time = 0.00s, Memory = 0.0K)
Checking Rule _cdc_save_license01 for module FIFO_RD (Rule 96 of total 150) .... done (Time = 0.00s, Memory = 0.0K)
Checking Rule Reset_check05 for module FIFO_RD (Rule 97 of total 150) .... done (Time = 0.00s, Memory = 0.0K)
Checking Rule _syncResetStyleRTL for module FIFO_RD (Rule 98 of total 150) .... done (Time = 0.00s, Memory = 0.0K)
Checking Rule _meta_delay01 for module FIFO_RD (Rule 99 of total 150) .... done (Time = 0.00s, Memory = 0.0K)
Checking Rule Ac_svasetup01 for module FIFO_RD (Rule 100 of total 150) .... done (Time = 0.00s, Memory = 0.0K)
Checking Rule Txv_SvaSetup01 for module FIFO_WR (Rule 92 of total 150) .... done (Time = 0.00s, Memory = 0.0K)
Checking Rule LogNMuxPrereq for module FIFO_WR (Rule 93 of total 150) .... done (Time = 0.00s, Memory = 0.0K)
Checking Rule PESVASETUP01 for module FIFO_WR (Rule 94 of total 150) .... done (Time = 0.00s, Memory = 0.0K)
Checking Rule HangingNetPreReq-ML for module FIFO_WR (Rule 95 of total 150) .... done (Time = 0.00s, Memory = 0.0K)
Checking Rule _cdc_save_license01 for module FIFO_WR (Rule 96 of total 150) .... done (Time = 0.00s, Memory = 0.0K)
Checking Rule Reset_check05 for module FIFO_WR (Rule 97 of total 150) .... done (Time = 0.00s, Memory = 0.0K)
Checking Rule _syncResetStyleRTL for module FIFO_WR (Rule 98 of total 150) .... done (Time = 0.00s, Memory = 0.0K)
Checking Rule _meta_delay01 for module FIFO_WR (Rule 99 of total 150) .... done (Time = 0.00s, Memory = 0.0K)
Checking Rule Ac_svasetup01 for module FIFO_WR (Rule 100 of total 150) .... done (Time = 0.00s, Memory = 0.0K)
Checking Rule Txv_SvaSetup01 for module DF_SYNC (Rule 92 of total 150) .... done (Time = 0.00s, Memory = 0.0K)
Checking Rule LogNMuxPrereq for module DF_SYNC (Rule 93 of total 150) .... done (Time = 0.00s, Memory = 0.0K)
Checking Rule PESVASETUP01 for module DF_SYNC (Rule 94 of total 150) .... done (Time = 0.00s, Memory = 0.0K)
Checking Rule HangingNetPreReq-ML for module DF_SYNC (Rule 95 of total 150) .... done (Time = 0.00s, Memory = 0.0K)
Checking Rule _cdc_save_license01 for module DF_SYNC (Rule 96 of total 150) .... done (Time = 0.00s, Memory = 0.0K)
Checking Rule Reset_check05 for module DF_SYNC (Rule 97 of total 150) .... done (Time = 0.00s, Memory = 0.0K)
Checking Rule _syncResetStyleRTL for module DF_SYNC (Rule 98 of total 150) .... done (Time = 0.00s, Memory = 0.0K)
Checking Rule _meta_delay01 for module DF_SYNC (Rule 99 of total 150) .... done (Time = 0.00s, Memory = 0.0K)
Checking Rule Ac_svasetup01 for module DF_SYNC (Rule 100 of total 150) .... done (Time = 0.00s, Memory = 0.0K)
Checking Rule Txv_SvaSetup01 for module FIFO_MEM_CNTRL (Rule 92 of total 150) .... done (Time = 0.00s, Memory = 0.0K)
Checking Rule LogNMuxPrereq for module FIFO_MEM_CNTRL (Rule 93 of total 150) .... done (Time = 0.00s, Memory = 0.0K)
Checking Rule PESVASETUP01 for module FIFO_MEM_CNTRL (Rule 94 of total 150) .... done (Time = 0.00s, Memory = 0.0K)
Checking Rule HangingNetPreReq-ML for module FIFO_MEM_CNTRL (Rule 95 of total 150) .... done (Time = 0.00s, Memory = 0.0K)
Checking Rule _cdc_save_license01 for module FIFO_MEM_CNTRL (Rule 96 of total 150) .... done (Time = 0.00s, Memory = 0.0K)
Checking Rule Reset_check05 for module FIFO_MEM_CNTRL (Rule 97 of total 150) .... done (Time = 0.00s, Memory = 0.0K)
Checking Rule _syncResetStyleRTL for module FIFO_MEM_CNTRL (Rule 98 of total 150) .... done (Time = 0.00s, Memory = 0.0K)
Checking Rule _meta_delay01 for module FIFO_MEM_CNTRL (Rule 99 of total 150) .... done (Time = 0.00s, Memory = 0.0K)
Checking Rule Ac_svasetup01 for module FIFO_MEM_CNTRL (Rule 100 of total 150) .... done (Time = 0.00s, Memory = 0.0K)
Checking Rule Txv_SvaSetup01 for module FIFO_TOP (Rule 92 of total 150) .... done (Time = 0.00s, Memory = 0.0K)
Checking Rule LogNMuxPrereq for module FIFO_TOP (Rule 93 of total 150) .... done (Time = 0.00s, Memory = 0.0K)
Checking Rule PESVASETUP01 for module FIFO_TOP (Rule 94 of total 150) .... done (Time = 0.00s, Memory = 0.0K)
Checking Rule HangingNetPreReq-ML for module FIFO_TOP (Rule 95 of total 150) .... done (Time = 0.00s, Memory = 0.0K)
Checking Rule _cdc_save_license01 for module FIFO_TOP (Rule 96 of total 150) .... done (Time = 0.00s, Memory = 0.0K)
Checking Rule Reset_check05 for module FIFO_TOP (Rule 97 of total 150) .... done (Time = 0.00s, Memory = 0.0K)
Checking Rule _syncResetStyleRTL for module FIFO_TOP (Rule 98 of total 150) .... done (Time = 0.00s, Memory = 0.0K)
Checking Rule _meta_delay01 for module FIFO_TOP (Rule 99 of total 150) .... done (Time = 0.00s, Memory = 0.0K)
Checking Rule Ac_svasetup01 for module FIFO_TOP (Rule 100 of total 150) .... done (Time = 0.00s, Memory = 0.0K)
Checking Rule Txv_SvaSetup01 for module PULSE_GEN (Rule 92 of total 150) .... done (Time = 0.00s, Memory = 0.0K)
Checking Rule LogNMuxPrereq for module PULSE_GEN (Rule 93 of total 150) .... done (Time = 0.00s, Memory = 0.0K)
Checking Rule PESVASETUP01 for module PULSE_GEN (Rule 94 of total 150) .... done (Time = 0.00s, Memory = 0.0K)
Checking Rule HangingNetPreReq-ML for module PULSE_GEN (Rule 95 of total 150) .... done (Time = 0.00s, Memory = 0.0K)
Checking Rule _cdc_save_license01 for module PULSE_GEN (Rule 96 of total 150) .... done (Time = 0.00s, Memory = 0.0K)
Checking Rule Reset_check05 for module PULSE_GEN (Rule 97 of total 150) .... done (Time = 0.00s, Memory = 0.0K)
Checking Rule _syncResetStyleRTL for module PULSE_GEN (Rule 98 of total 150) .... done (Time = 0.00s, Memory = 0.0K)
Checking Rule _meta_delay01 for module PULSE_GEN (Rule 99 of total 150) .... done (Time = 0.00s, Memory = 0.0K)
Checking Rule Ac_svasetup01 for module PULSE_GEN (Rule 100 of total 150) .... done (Time = 0.00s, Memory = 0.0K)
Checking Rule Txv_SvaSetup01 for module sys_top (Rule 92 of total 150) .... done (Time = 0.00s, Memory = 0.0K)
Checking Rule LogNMuxPrereq for module sys_top (Rule 93 of total 150) .... done (Time = 0.00s, Memory = 0.0K)
Checking Rule PESVASETUP01 for module sys_top (Rule 94 of total 150) .... done (Time = 0.00s, Memory = 0.0K)
Checking Rule HangingNetPreReq-ML for module sys_top (Rule 95 of total 150) .... done (Time = 0.00s, Memory = 0.0K)
Checking Rule _cdc_save_license01 for module sys_top (Rule 96 of total 150) .... done (Time = 0.00s, Memory = 0.0K)
Checking Rule Reset_check05 for module sys_top (Rule 97 of total 150) .... done (Time = 0.00s, Memory = 0.0K)
Checking Rule _syncResetStyleRTL for module sys_top (Rule 98 of total 150) .... done (Time = 0.00s, Memory = 0.0K)
Checking Rule _meta_delay01 for module sys_top (Rule 99 of total 150) .... done (Time = 0.00s, Memory = 0.0K)
Checking Rule Ac_svasetup01 for module sys_top (Rule 100 of total 150) .... done (Time = 0.00s, Memory = 0.0K)
Performing semantic checks on SGDC contents
Checking Rule SGDC_testmode03 (Rule 63 of total 150) .... done (Time = 0.00s, Memory = 0.0K)
Checking Rule checkSGDC_01 (Rule 101 of total 150) .... done (Time = 0.00s, Memory = 0.0K)
Checking Rule checkSGDC_03 (Rule 102 of total 150) .... done (Time = 0.00s, Memory = -5.9K)
Checking Rule checkSGDC_08 (Rule 103 of total 150) .... done (Time = 0.00s, Memory = 0.0K)
Checking Rule SGDC_memorywritepin04 (Rule 104 of total 150) .... done (Time = 0.00s, Memory = 15.0K)
Checking Rule SGDC_reset02 (Rule 105 of total 150) .... done (Time = 0.00s, Memory = 0.0K)
Checking Rule SGDC_reset03 (Rule 106 of total 150) .... done (Time = 0.00s, Memory = 30.4K)
Checking Rule SGDC_waive23 (Rule 107 of total 150) .... done (Time = 0.00s, Memory = 0.0K)
Checking Rule SGDC_waive26 (Rule 108 of total 150) .... done (Time = 0.00s, Memory = 0.0K)
Checking Rule SGDC_waive27 (Rule 109 of total 150) .... done (Time = 0.00s, Memory = -4.9K)
Checking Rule SGDC_waive29 (Rule 110 of total 150) .... done (Time = 0.00s, Memory = 4.0K)
Checking Rule SGDC_libgroup03 (Rule 111 of total 150) .... done (Time = 0.00s, Memory = 0.0K)
Checking Rule SGDC_ungroup02 (Rule 112 of total 150) .... done (Time = 0.00s, Memory = 11.8K)
Checking Rule _abstractPortSGDC (Rule 113 of total 150) .... done (Time = 0.00s, Memory = -3.6K)
Checking Rule SGDC_abstract_port03 (Rule 114 of total 150) .... done (Time = 0.00s, Memory = 0.0K)
Checking Rule SGDC_abstract_port04 (Rule 115 of total 150) .... done (Time = 0.00s, Memory = 0.0K)
Checking Rule SGDC_abstract_port05 (Rule 116 of total 150) .... done (Time = 0.00s, Memory = -0.2K)
Checking Rule SGDC_abstract_port07 (Rule 117 of total 150) .... done (Time = 0.00s, Memory = 0.0K)
Checking Rule SGDC_abstract_port08 (Rule 118 of total 150) .... done (Time = 0.00s, Memory = -0.1K)
Checking Rule SGDC_abstract_port10 (Rule 119 of total 150) .... done (Time = 0.00s, Memory = -32.0K)
Checking Rule SGDC_abstract_port11 (Rule 120 of total 150) .... done (Time = 0.00s, Memory = -5.2K)
Checking Rule SGDC_abstract_port12 (Rule 121 of total 150) .... done (Time = 0.00s, Memory = 0.0K)
Checking Rule SGDC_abstract_port13 (Rule 122 of total 150) .... done (Time = 0.00s, Memory = 0.4K)
Checking Rule ReportUngroup (Rule 123 of total 150) .... done (Time = 0.00s, Memory = 0.0K)
Checking Rule SGDC_abstract_port21 (Rule 124 of total 150) .... done (Time = 0.00s, Memory = 0.0K)
 Flattening Data_Sync (.lib instances separately flattened) ....
 Flattening completed
 Flattening sys_top (.lib instances separately flattened) ....
 Flattening completed
Checking Rule AnalyzeBBox (Rule 125 of total 150) .... done (Time = 0.00s, Memory = 0.0K)
Checking Rule ReportCheckDataSummary (Rule 60 of total 150) .... done (Time = 0.00s, Memory = 0.0K)

Generating data for Console...

SpyGlass Rule Checking Complete.

Generating moresimple report from './spyglass-1/Design_Read/spyglass.vdb' to './spyglass-1/Design_Read/spyglass_reports/moresimple.rpt' ....

Generating runsummary report from './spyglass-1/Design_Read/spyglass.vdb' ....

Generating no_msg_reporting_rules report from './spyglass-1/Design_Read/spyglass.vdb' to './spyglass-1/Design_Read/spyglass_reports/no_msg_reporting_rules.rpt' ....

Policy specific data (reports) are present in the directory './spyglass-1/Design_Read/spyglass_reports'.

SpyGlass critical reports for the current run are present in directory './spyglass-1/consolidated_reports/Design_Read/'.

---------------------------------------------------------------------------------------------
Results Summary:
---------------------------------------------------------------------------------------------
   Goal Run           :      Design_Read
   Command-line read  :      0 error,      0 warning,      1 information message 
   Design Read        :      0 error,      0 warning,      3 information messages
      Found 2 top modules:
         Data_Sync   (file: ../rtl/UART/DATA_SYNC.v)
         sys_top     (file: ../rtl/System_Top/SYS_TOP_dft.v)

   Blackbox Resolution:      0 error,      0 warning,      0 information message 
   SGDC Checks        :      0 error,      0 warning,      0 information message 
   -------------------------------------------------------------------------------------
   Total              :      0 error,      0 warning,      4 information messages

  Total Number of Generated Messages     :         4 (0 error, 0 warning, 4 Infos)
  Number of Reported Messages            :         4 (0 error, 0 warning, 4 Infos)

---------------------------------------------------------------------------------------------


run_goal: info: updating spyglass.log with goal summary
---------------------------------------------------------------------------------------------------
Results Summary:
---------------------------------------------------------------------------------------------------
   Goal Run           :      Design_Read
   Top Module         :      Found 2 top modules
                             (Data_Sync sys_top)
---------------------------------------------------------------------------------------------------
   Reports Directory: 
   /home/ICer/UART_System/Spyglass2/spyglass-1/consolidated_reports/Design_Read/ 

   SpyGlass LogFile: 
    /home/ICer/UART_System/Spyglass2/spyglass-1/Design_Read/spyglass.log 

   Standard Reports: 
     moresimple.rpt          no_msg_reporting_rules.rpt       

   HTML report:
    /home/ICer/UART_System/Spyglass2/spyglass-1/html_reports/goals_summary.html
  

   Technology Reports:  
     <Not Available>
   
   
---------------------------------------------------------------------------------------------------
   Goal Violation Summary:
       Waived   Messages:                      0 Errors,      0 Warnings,      0 Infos
       Reported Messages:         0 Fatals,    0 Errors,      0 Warnings,      4 Infos
---------------------------------------------------------------------------------------------------
   
---------------------------------------------------------------------------------------------------
 
run_goal: info: spyglass.log successfully updated with goal summary
run_goal: info: setting design top `Data_Sync' as current_design
run_goal: warning: save/restore of design query data is not supported for multi-top run
                   (please run with single top for design query data to be persistent)
compile_design: warning: following multiple tops are found during design analysis
                         please set one of these as active top using `set_option top <top_name>' for subsequent analysis
                         Data_Sync
                         sys_top
0 {Rule-checking completed without errors or warnings}syssys_topcurrent_goal: info: loading goal `Design_Read' with top `sys_top' (in progress)
current_goal: info: finished loading goal `Design_Read' (ok)

INFO:    SpyGlass will run goal(s) 'Design_Read'.


 Auto-compiling gates libraries

        "../System_pnr/std_cells/libs/scmetro_tsmc_cl013g_rvt_ss_1p08v_125c.lib"
        "../System_pnr/std_cells/libs/scmetro_tsmc_cl013g_rvt_tt_1p2v_25c.lib"
        "../System_pnr/std_cells/libs/scmetro_tsmc_cl013g_rvt_ff_1p32v_m40c.lib"
    to
        "./spyglass-1/spyglass_cache/autogenerated_sglib/aggregate.sglib" ...already compiled

 Using this already compiled sglib for the current run ...

RULE-CHECKING IN MIXED MODE
Loading spyglass (SpyGlass_vL-2016.06) ... (picked from /home/synopsys/SpyGlass-L2016.06/SPYGLASS_HOME/policies/spyglass)
Loading txv (SpyGlass_vL-2016.06) ... (picked from /home/synopsys/SpyGlass-L2016.06/SPYGLASS_HOME/policies/txv)

TXV_INFO Parameter txv_extract_domain will be renamed to txv_domain_mode in future!

Loading timing (SpyGlass_vL-2016.06) ... (picked from /home/synopsys/SpyGlass-L2016.06/SPYGLASS_HOME/policies/timing)
Loading starcad-21 (SpyGlass_vL-2016.06) ... (picked from /home/synopsys/SpyGlass-L2016.06/SPYGLASS_HOME/policies/starcad-21)
Loading starc2005 (SpyGlass_vL-2016.06) ... (picked from /home/synopsys/SpyGlass-L2016.06/SPYGLASS_HOME/policies/starc2005)
Loading starc2002 (SpyGlass_vL-2016.06) ... (picked from /home/synopsys/SpyGlass-L2016.06/SPYGLASS_HOME/policies/starc2002)
Loading starc (SpyGlass_vL-2016.06) ... (picked from /home/synopsys/SpyGlass-L2016.06/SPYGLASS_HOME/policies/starc)
Loading simulation (SpyGlass_vL-2016.06) ... (picked from /home/synopsys/SpyGlass-L2016.06/SPYGLASS_HOME/policies/simulation)
Loading power_est (SpyGlass_vL-2016.06) ... (picked from /home/synopsys/SpyGlass-L2016.06/SPYGLASS_HOME/policies/power_est)
Loading openmore (SpyGlass_vL-2016.06) ... (picked from /home/synopsys/SpyGlass-L2016.06/SPYGLASS_HOME/policies/openmore)
Loading morelint (SpyGlass_vL-2016.06) ... (picked from /home/synopsys/SpyGlass-L2016.06/SPYGLASS_HOME/policies/morelint)
Loading miscellaneous (SpyGlass_vL-2016.06) ... (picked from /home/synopsys/SpyGlass-L2016.06/SPYGLASS_HOME/policies/miscellaneous)
Loading lowpower (SpyGlass_vL-2016.06) ... (picked from /home/synopsys/SpyGlass-L2016.06/SPYGLASS_HOME/policies/lowpower)
Loading lint (SpyGlass_vL-2016.06) ... (picked from /home/synopsys/SpyGlass-L2016.06/SPYGLASS_HOME/policies/lint)
Loading latch (SpyGlass_vL-2016.06) ... (picked from /home/synopsys/SpyGlass-L2016.06/SPYGLASS_HOME/policies/latch)
Loading erc (SpyGlass_vL-2016.06) ... (picked from /home/synopsys/SpyGlass-L2016.06/SPYGLASS_HOME/policies/erc)
Loading dft_dsm (SpyGlass_vL-2016.06) ... (picked from /home/synopsys/SpyGlass-L2016.06/SPYGLASS_HOME/policies/dft_dsm)
Loading dft (SpyGlass_vL-2016.06) ... (picked from /home/synopsys/SpyGlass-L2016.06/SPYGLASS_HOME/policies/dft)
Loading constraints (SpyGlass_vL-2016.06) ... (picked from /home/synopsys/SpyGlass-L2016.06/SPYGLASS_HOME/policies/constraints)
Loading const_intern1 (SpyGlass_vL-2016.06) ... (picked from /home/synopsys/SpyGlass-L2016.06/SPYGLASS_HOME/policies/constraints)
Loading clock-reset (SpyGlass_vL-2016.06) ... (picked from /home/synopsys/SpyGlass-L2016.06/SPYGLASS_HOME/policies/clock)
Loading area (SpyGlass_vL-2016.06) ... (picked from /home/synopsys/SpyGlass-L2016.06/SPYGLASS_HOME/policies/area)
Loading Audits (SpyGlass_vL-2016.06) ... (picked from /home/synopsys/SpyGlass-L2016.06/SPYGLASS_HOME/policies/Audits)
Reading specified sglib files(s) ....
   Processing library: 'scmetro_tsmc_cl013g_rvt_ss_1p08v_125c' .... done
   Processing library: 'scmetro_tsmc_cl013g_rvt_tt_1p2v_25c' .... done
   Processing library: 'scmetro_tsmc_cl013g_rvt_ff_1p32v_m40c' .... done
Checking Rule AutoGenerateSglib (Rule 1 of total 150) .... done (Time = 0.00s, Memory = 0.0K)

INFO [6]    Work Directory `./spyglass-1/sys_top/WORK' does not exist.

INFO [75]    Creating the Work Directory `./spyglass-1/sys_top/WORK/64' for 64bit  precompiled dump.
Checking Rule SGDC_power_est29 (Rule 2 of total 150) .... done (Time = 0.00s, Memory = 1.4K)
Checking Rule PECHECK04 (Rule 3 of total 150) .... done (Time = 0.01s, Memory = 37.3K)
Checking Rule PECHECK18 (Rule 4 of total 150) .... done (Time = 0.00s, Memory = 0.0K)
Checking Rule PEMVDD01 (Rule 5 of total 150) .... done (Time = 0.00s, Memory = 0.0K)
Checking Rule ZeroSizeFile (Rule 6 of total 150) .... done (Time = 0.00s, Memory = 0.0K)
Checking Rule PrecompileLibCheck01 (Rule 7 of total 150) .... done (Time = 0.00s, Memory = 0.0K)
Checking Rule PrecompileLibCheck02 (Rule 8 of total 150) .... done (Time = 0.00s, Memory = 0.0K)
Checking Rule PrecompileLibCheck03 (Rule 9 of total 150) .... done (Time = 0.00s, Memory = 0.0K)
Checking Rule PrecompileLibCheck04 (Rule 10 of total 150) .... done (Time = 0.00s, Memory = -3.2K)
Checking Rule ReportSglibVersionSummary (Rule 11 of total 150) .... done (Time = 0.00s, Memory = 0.0K)
Checking Rule SGDC_assume_path01 (Rule 12 of total 150) .... done (Time = 0.00s, Memory = 0.0K)
Checking Rule SGDC_sdcschema02 (Rule 13 of total 150) .... done (Time = 0.00s, Memory = 0.0K)
Checking Rule SGDC_clock05 (Rule 14 of total 150) .... done (Time = 0.00s, Memory = 0.0K)
Checking Rule SGDC_clock09 (Rule 15 of total 150) .... done (Time = 0.00s, Memory = 0.0K)
Checking Rule SGDC_force_ta05 (Rule 16 of total 150) .... done (Time = 0.00s, Memory = 0.0K)
Checking Rule SGDC_require_path03 (Rule 17 of total 150) .... done (Time = 0.00s, Memory = 0.0K)
Checking Rule SGDC_require_value03 (Rule 18 of total 150) .... done (Time = 0.00s, Memory = 0.0K)
Checking Rule SGDC_voltagedomain05 (Rule 19 of total 150) .... done (Time = 0.00s, Memory = 33.3K)
Checking Rule SGDC_voltagedomain06 (Rule 20 of total 150) .... done (Time = 0.00s, Memory = 0.0K)
Checking Rule SGDC_voltagedomain07 (Rule 21 of total 150) .... done (Time = 0.00s, Memory = 8.0K)
Checking Rule SGDC_powerdomainoutputs02 (Rule 22 of total 150) .... done (Time = 0.00s, Memory = 0.0K)
Checking Rule SGDC_supply01 (Rule 23 of total 150) .... done (Time = 0.00s, Memory = 0.0K)
Checking Rule SGDC_waive01 (Rule 24 of total 150) .... done (Time = 0.00s, Memory = 0.0K)
Checking Rule SGDC_waive02 (Rule 25 of total 150) .... done (Time = 0.00s, Memory = -1.4K)
Checking Rule SGDC_waive03 (Rule 26 of total 150) .... done (Time = 0.00s, Memory = 0.0K)
Checking Rule SGDC_waive04 (Rule 27 of total 150) .... done (Time = 0.00s, Memory = 0.0K)
Checking Rule SGDC_waive05 (Rule 28 of total 150) .... done (Time = 0.00s, Memory = 12.0K)
Checking Rule SGDC_waive06 (Rule 29 of total 150) .... done (Time = 0.00s, Memory = 0.0K)
Checking Rule SGDC_waive07 (Rule 30 of total 150) .... done (Time = 0.00s, Memory = -8.0K)
Checking Rule SGDC_waive08 (Rule 31 of total 150) .... done (Time = 0.00s, Memory = 0.0K)
Checking Rule SGDC_waive09 (Rule 32 of total 150) .... done (Time = 0.00s, Memory = 0.0K)
Checking Rule SGDC_waive10 (Rule 33 of total 150) .... done (Time = 0.00s, Memory = 0.0K)
Checking Rule SGDC_waive11 (Rule 34 of total 150) .... done (Time = 0.00s, Memory = 0.0K)
Checking Rule SGDC_waive12 (Rule 35 of total 150) .... done (Time = 0.00s, Memory = 0.0K)
Checking Rule SGDC_waive13 (Rule 36 of total 150) .... done (Time = 0.00s, Memory = 0.0K)
Checking Rule SGDC_waive21 (Rule 37 of total 150) .... done (Time = 0.00s, Memory = 0.0K)
Checking Rule SGDC_waive22 (Rule 38 of total 150) .... done (Time = 0.00s, Memory = 0.0K)
Checking Rule SGDC_waive30 (Rule 39 of total 150) .... done (Time = 0.00s, Memory = 0.0K)
Checking Rule SGDC_waive32 (Rule 40 of total 150) .... done (Time = 0.00s, Memory = 0.0K)
Checking Rule SGDC_waive33 (Rule 41 of total 150) .... done (Time = 0.00s, Memory = 0.0K)
Checking Rule SGDC_waive36 (Rule 42 of total 150) .... done (Time = 0.00s, Memory = 0.0K)
Checking Rule SGDC_waive38 (Rule 43 of total 150) .... done (Time = 0.00s, Memory = 0.0K)
Checking Rule SGDC_fifo01 (Rule 44 of total 150) .... done (Time = 0.00s, Memory = 0.9K)
Checking Rule SGDC_libgroup01 (Rule 45 of total 150) .... done (Time = 0.00s, Memory = -10.9K)
Checking Rule SGDC_libgroup02 (Rule 46 of total 150) .... done (Time = 0.00s, Memory = 0.0K)
Checking Rule SGDC_libgroup04 (Rule 47 of total 150) .... done (Time = 0.00s, Memory = 0.0K)
Checking Rule SGDC_power_data01 (Rule 48 of total 150) .... done (Time = 0.00s, Memory = 0.0K)
Checking Rule SGDC_ungroup01 (Rule 49 of total 150) .... done (Time = 0.00s, Memory = 0.0K)
Checking Rule SGDC_abstract_port06 (Rule 50 of total 150) .... done (Time = 0.00s, Memory = -0.1K)
Checking Rule SGDC_abstract_port14 (Rule 51 of total 150) .... done (Time = 0.00s, Memory = 8.0K)
Checking Rule SGDC_abstract_port15 (Rule 52 of total 150) .... done (Time = 0.00s, Memory = 0.0K)
Checking Rule SGDC_abstract_port18 (Rule 53 of total 150) .... done (Time = 0.00s, Memory = 0.0K)
Checking Rule sdc_init_rule (Rule 54 of total 150) .... done (Time = 0.00s, Memory = 0.6K)
Checking Rule CMD_ignorelibs01 (Rule 55 of total 150) .... done (Time = 0.00s, Memory = 0.0K)
Checking Rule ReportRuleNotRun (Rule 56 of total 150) .... done (Time = 0.00s, Memory = 0.0K)
Checking Rule ReportStopSummary (Rule 57 of total 150) .... done (Time = 0.00s, Memory = 0.0K)
Checking Rule ReportIgnoreSummary (Rule 58 of total 150) .... done (Time = 0.00s, Memory = 0.0K)
 Analyzing source file "../rtl/UART/Package.sv" ....
 Analyzing source file "../rtl/UART/Serializer.v" ....
 Analyzing source file "../rtl/UART/Stp_Chk.v" ....
 Analyzing source file "../rtl/UART/Strt_Chk.v" ....
 Analyzing source file "../rtl/UART/TX_FSM.sv" ....
 Analyzing source file "../rtl/UART/TX_TOP.sv" ....
 Analyzing source file "../rtl/UART/UART.v" ....
 Analyzing source file "../rtl/UART/UART_RX.sv" ....
 Analyzing source file "../rtl/UART/Data_Sampling.v" ....
 Analyzing source file "../rtl/UART/DATA_SYNC.v" ....
 Analyzing source file "../rtl/UART/DeSerializer.v" ....
 Analyzing source file "../rtl/UART/Edge_Bit_Counter.v" ....
 Analyzing source file "../rtl/UART/MUX.sv" ....
 Analyzing source file "../rtl/UART/Parity_Calc.v" ....
 Analyzing source file "../rtl/UART/Parity_Chk.v" ....
 Analyzing source file "../rtl/UART/RX_FSM.sv" ....
 Analyzing source file "../rtl/ALU/ALU.v" ....
 Analyzing source file "../rtl/ClkDiv_ClkGate/Clk_divider.sv" ....
 Analyzing source file "../rtl/ClkDiv_ClkGate/CLK_GATE.v" ....
 Analyzing source file "../rtl/DataSynch_RstSynch_PulseGen/DATA_SYNCH.v" ....
 Analyzing source file "../rtl/DataSynch_RstSynch_PulseGen/PULSE_GEN.v" ....
 Analyzing source file "../rtl/DataSynch_RstSynch_PulseGen/RST_SYNCH.v" ....
 Analyzing source file "../rtl/FIFO/Async_FIFO.v" ....
 Analyzing source file "../rtl/FIFO/DF_SYNC.v" ....
 Analyzing source file "../rtl/FIFO/FIFO_MEM_CNTRL.v" ....
 Analyzing source file "../rtl/FIFO/FIFO_RD.v" ....
 Analyzing source file "../rtl/FIFO/FIFO_WR.v" ....
 Analyzing source file "../rtl/SYS_Control_RegisterFile/Register.v" ....
 Analyzing source file "../rtl/SYS_Control_RegisterFile/SYS_CTRL.sv" ....
 Analyzing source file "../rtl/System_Top/SYS_TOP_dft.v" ....
 Elaborating Top Verilog Design Unit 'sys_top' ..... done
Checking Rule ElabSummary (Rule 59 of total 150) .... done (Time = 0.00s, Memory = -28.8K)
Checking Rule ReportCheckDataSummary (Rule 60 of total 150) .... done (Time = 0.00s, Memory = 0.0K)
Checking Rule IgnoredLibCells (Rule 61 of total 150) .... done (Time = 0.03s, Memory = -21.4K)
 Reading waiver file "./spyglass-1/sys_top/Design_Read/spyglass_spysch/constraint/spg_autogenerated_waivers.sgdc" ...
 Generating SGDC file "./spyglass-1/sys_top/Design_Read/spyglass_spysch/constraint/pragma2Constraint.sgdc" from pragmas in HDL source files ....
 Generating WAIVER file "./spyglass-1/sys_top/Design_Read/spyglass_spysch/waiver/pragma2Waiver.swl" from pragmas in HDL source files ....
Checking Rule DetectTopDesignUnits (Rule 62 of total 150)
 Detected 1 top level design units:
     sys_top
 .... done (Time = 0.00s, Memory = 0.6K)
Performing semantic checks on SGDC contents
Checking Rule SGDC_testmode03 (Rule 63 of total 150) .... done (Time = 0.00s, Memory = 0.0K)
Checking Rule PECHECK09 (Rule 64 of total 150) .... done (Time = 0.01s, Memory = 3.1K)
Checking Rule Ac_multitop01 (Rule 65 of total 150) .... done (Time = 0.00s, Memory = 0.0K)
Checking Rule ReportObsoletePragmas (Rule 66 of total 150) .... done (Time = 0.00s, Memory = 0.0K)
Checking Rule GenerateConfMap (Rule 67 of total 150) .... done (Time = 0.00s, Memory = 0.0K)
Checking Rule HdlLibDuCheck (Rule 68 of total 150) .... done (Time = 0.00s, Memory = 0.0K)
Checking Rule RtlDesignInfo (Rule 69 of total 150) .... done (Time = 0.00s, Memory = 5.1K)
Checking Rule Prereqs_STARC-1.6.2.1 (Rule 70 of total 150) .... done (Time = 0.00s, Memory = 0.0K)
Checking Rule Prereqs_RegOutputs (Rule 71 of total 150) .... done (Time = 0.00s, Memory = 0.0K)
Checking Rule Latch_VePreReqRule (Rule 72 of total 150) .... done (Time = 0.00s, Memory = 49.8K)
Checking Rule Pragma_setupa (Rule 73 of total 150) .... done (Time = 0.00s, Memory = 0.0K)
Checking Rule _deltaDelay (Rule 74 of total 150) .... done (Time = 0.00s, Memory = 1.9K)
Checking Rule _deltaDelay (Rule 75 of total 150) .... done (Time = 0.00s, Memory = 8.0K)
Checking Rule CheckCelldefine (Rule 76 of total 150) .... done (Time = 0.00s, Memory = 0.0K)
Checking ELABDU Rules for designUnit sys_top
    Checking Rule Prereqs_ConstantInput-ML (Rule 77 of total 150) .... done (Time = 0.00s, Memory = 0.0K)
    Checking Rule Prereqs_ConstantInput-ML (Rule 78 of total 150) .... done (Time = 0.00s, Memory = 0.0K)
    Checking Rule syncRstReq (Rule 79 of total 150) .... done (Time = 0.00s, Memory = 0.0K)
    Checking Rule syncRstReq (Rule 80 of total 150) .... done (Time = 0.00s, Memory = 0.0K)
    Checking Rule AcOvlRtl (Rule 81 of total 150) .... done (Time = 0.00s, Memory = 0.0K)
    Checking Rule AcOvlRtl (Rule 82 of total 150) .... done (Time = 0.00s, Memory = 0.2K)
    Checking Rule GenTopLevelBlocksForAutoSoc (Rule 83 of total 150) .... done (Time = 0.00s, Memory = 1.9K)
Checking ELABDU Rules for designUnit PULSE_GEN
    Checking Rule Prereqs_ConstantInput-ML (Rule 77 of total 150) .... done (Time = 0.00s, Memory = 0.0K)
    Checking Rule Prereqs_ConstantInput-ML (Rule 78 of total 150) .... done (Time = 0.00s, Memory = 0.0K)
    Checking Rule syncRstReq (Rule 79 of total 150) .... done (Time = 0.00s, Memory = 0.0K)
    Checking Rule syncRstReq (Rule 80 of total 150) .... done (Time = 0.00s, Memory = 0.0K)
    Checking Rule AcOvlRtl (Rule 81 of total 150) .... done (Time = 0.00s, Memory = 0.0K)
    Checking Rule AcOvlRtl (Rule 82 of total 150) .... done (Time = 0.00s, Memory = 0.2K)
    Checking Rule GenTopLevelBlocksForAutoSoc (Rule 83 of total 150) .... done (Time = 0.00s, Memory = 0.0K)
Checking ELABDU Rules for designUnit FIFO_TOP
    Checking Rule Prereqs_ConstantInput-ML (Rule 77 of total 150) .... done (Time = 0.00s, Memory = 0.0K)
    Checking Rule Prereqs_ConstantInput-ML (Rule 78 of total 150) .... done (Time = 0.00s, Memory = 0.0K)
    Checking Rule syncRstReq (Rule 79 of total 150) .... done (Time = 0.00s, Memory = 0.0K)
    Checking Rule syncRstReq (Rule 80 of total 150) .... done (Time = 0.00s, Memory = 0.0K)
    Checking Rule AcOvlRtl (Rule 81 of total 150) .... done (Time = 0.00s, Memory = 0.0K)
    Checking Rule AcOvlRtl (Rule 82 of total 150) .... done (Time = 0.00s, Memory = 0.2K)
    Checking Rule GenTopLevelBlocksForAutoSoc (Rule 83 of total 150) .... done (Time = 0.00s, Memory = 0.0K)
Checking ELABDU Rules for designUnit FIFO_MEM_CNTRL
    Checking Rule Prereqs_ConstantInput-ML (Rule 77 of total 150) .... done (Time = 0.00s, Memory = 0.0K)
    Checking Rule Prereqs_ConstantInput-ML (Rule 78 of total 150) .... done (Time = 0.00s, Memory = 0.0K)
    Checking Rule syncRstReq (Rule 79 of total 150) .... done (Time = 0.00s, Memory = 0.0K)
    Checking Rule syncRstReq (Rule 80 of total 150) .... done (Time = 0.00s, Memory = 0.0K)
    Checking Rule AcOvlRtl (Rule 81 of total 150) .... done (Time = 0.00s, Memory = 0.0K)
    Checking Rule AcOvlRtl (Rule 82 of total 150) .... done (Time = 0.00s, Memory = 0.2K)
    Checking Rule GenTopLevelBlocksForAutoSoc (Rule 83 of total 150) .... done (Time = 0.00s, Memory = 0.0K)
Checking ELABDU Rules for designUnit DF_SYNC
    Checking Rule Prereqs_ConstantInput-ML (Rule 77 of total 150) .... done (Time = 0.00s, Memory = 0.0K)
    Checking Rule Prereqs_ConstantInput-ML (Rule 78 of total 150) .... done (Time = 0.00s, Memory = 0.0K)
    Checking Rule syncRstReq (Rule 79 of total 150) .... done (Time = 0.00s, Memory = 0.0K)
    Checking Rule syncRstReq (Rule 80 of total 150) .... done (Time = 0.00s, Memory = 0.0K)
    Checking Rule AcOvlRtl (Rule 81 of total 150) .... done (Time = 0.00s, Memory = -2.6K)
    Checking Rule AcOvlRtl (Rule 82 of total 150) .... done (Time = 0.00s, Memory = 0.2K)
    Checking Rule GenTopLevelBlocksForAutoSoc (Rule 83 of total 150) .... done (Time = 0.00s, Memory = 0.0K)
Checking ELABDU Rules for designUnit FIFO_WR
    Checking Rule Prereqs_ConstantInput-ML (Rule 77 of total 150) .... done (Time = 0.00s, Memory = 0.0K)
    Checking Rule Prereqs_ConstantInput-ML (Rule 78 of total 150) .... done (Time = 0.00s, Memory = 0.0K)
    Checking Rule syncRstReq (Rule 79 of total 150) .... done (Time = 0.00s, Memory = 0.0K)
    Checking Rule syncRstReq (Rule 80 of total 150) .... done (Time = 0.00s, Memory = 0.0K)
    Checking Rule AcOvlRtl (Rule 81 of total 150) .... done (Time = 0.00s, Memory = 0.0K)
    Checking Rule AcOvlRtl (Rule 82 of total 150) .... done (Time = 0.00s, Memory = 0.2K)
    Checking Rule GenTopLevelBlocksForAutoSoc (Rule 83 of total 150) .... done (Time = 0.00s, Memory = 0.0K)
Checking ELABDU Rules for designUnit FIFO_RD
    Checking Rule Prereqs_ConstantInput-ML (Rule 77 of total 150) .... done (Time = 0.00s, Memory = 0.0K)
    Checking Rule Prereqs_ConstantInput-ML (Rule 78 of total 150) .... done (Time = 0.00s, Memory = 0.0K)
    Checking Rule syncRstReq (Rule 79 of total 150) .... done (Time = 0.00s, Memory = 0.0K)
    Checking Rule syncRstReq (Rule 80 of total 150) .... done (Time = 0.00s, Memory = 0.0K)
    Checking Rule AcOvlRtl (Rule 81 of total 150) .... done (Time = 0.00s, Memory = 0.0K)
    Checking Rule AcOvlRtl (Rule 82 of total 150) .... done (Time = 0.00s, Memory = 0.2K)
    Checking Rule GenTopLevelBlocksForAutoSoc (Rule 83 of total 150) .... done (Time = 0.00s, Memory = 0.0K)
Checking ELABDU Rules for designUnit ALU
    Checking Rule Prereqs_ConstantInput-ML (Rule 77 of total 150) .... done (Time = 0.00s, Memory = 0.0K)
    Checking Rule Prereqs_ConstantInput-ML (Rule 78 of total 150) .... done (Time = 0.00s, Memory = 0.0K)
    Checking Rule syncRstReq (Rule 79 of total 150) .... done (Time = 0.00s, Memory = 0.0K)
    Checking Rule syncRstReq (Rule 80 of total 150) .... done (Time = 0.00s, Memory = 0.0K)
    Checking Rule AcOvlRtl (Rule 81 of total 150) .... done (Time = 0.00s, Memory = 0.0K)
    Checking Rule AcOvlRtl (Rule 82 of total 150) .... done (Time = 0.00s, Memory = 0.2K)
    Checking Rule GenTopLevelBlocksForAutoSoc (Rule 83 of total 150) .... done (Time = 0.00s, Memory = 0.0K)
Checking ELABDU Rules for designUnit Register
    Checking Rule Prereqs_ConstantInput-ML (Rule 77 of total 150) .... done (Time = 0.00s, Memory = 0.0K)
    Checking Rule Prereqs_ConstantInput-ML (Rule 78 of total 150) .... done (Time = 0.00s, Memory = 0.0K)
    Checking Rule syncRstReq (Rule 79 of total 150) .... done (Time = 0.00s, Memory = 0.0K)
    Checking Rule syncRstReq (Rule 80 of total 150) .... done (Time = 0.00s, Memory = 0.0K)
    Checking Rule AcOvlRtl (Rule 81 of total 150) .... done (Time = 0.00s, Memory = 0.0K)
    Checking Rule AcOvlRtl (Rule 82 of total 150) .... done (Time = 0.00s, Memory = 0.2K)
    Checking Rule GenTopLevelBlocksForAutoSoc (Rule 83 of total 150) .... done (Time = 0.00s, Memory = 0.0K)
Checking ELABDU Rules for designUnit SYS_CTRL
    Checking Rule Prereqs_ConstantInput-ML (Rule 77 of total 150) .... done (Time = 0.00s, Memory = 0.0K)
    Checking Rule Prereqs_ConstantInput-ML (Rule 78 of total 150) .... done (Time = 0.00s, Memory = 0.0K)
    Checking Rule syncRstReq (Rule 79 of total 150) .... done (Time = 0.00s, Memory = 0.0K)
    Checking Rule syncRstReq (Rule 80 of total 150) .... done (Time = 0.00s, Memory = 0.0K)
    Checking Rule AcOvlRtl (Rule 81 of total 150) .... done (Time = 0.00s, Memory = 0.0K)
    Checking Rule AcOvlRtl (Rule 82 of total 150) .... done (Time = 0.00s, Memory = 0.2K)
    Checking Rule GenTopLevelBlocksForAutoSoc (Rule 83 of total 150) .... done (Time = 0.00s, Memory = 0.0K)
Checking ELABDU Rules for designUnit Data_Synch
    Checking Rule Prereqs_ConstantInput-ML (Rule 77 of total 150) .... done (Time = 0.00s, Memory = 0.0K)
    Checking Rule Prereqs_ConstantInput-ML (Rule 78 of total 150) .... done (Time = 0.00s, Memory = 0.0K)
    Checking Rule syncRstReq (Rule 79 of total 150) .... done (Time = 0.00s, Memory = 0.0K)
    Checking Rule syncRstReq (Rule 80 of total 150) .... done (Time = 0.00s, Memory = 0.0K)
    Checking Rule AcOvlRtl (Rule 81 of total 150) .... done (Time = 0.00s, Memory = 0.0K)
    Checking Rule AcOvlRtl (Rule 82 of total 150) .... done (Time = 0.00s, Memory = 0.2K)
    Checking Rule GenTopLevelBlocksForAutoSoc (Rule 83 of total 150) .... done (Time = 0.00s, Memory = 0.0K)
Checking ELABDU Rules for designUnit UART
    Checking Rule Prereqs_ConstantInput-ML (Rule 77 of total 150) .... done (Time = 0.00s, Memory = 0.0K)
    Checking Rule Prereqs_ConstantInput-ML (Rule 78 of total 150) .... done (Time = 0.00s, Memory = 0.0K)
    Checking Rule syncRstReq (Rule 79 of total 150) .... done (Time = 0.00s, Memory = 0.0K)
    Checking Rule syncRstReq (Rule 80 of total 150) .... done (Time = 0.00s, Memory = 0.0K)
    Checking Rule AcOvlRtl (Rule 81 of total 150) .... done (Time = 0.00s, Memory = 0.0K)
    Checking Rule AcOvlRtl (Rule 82 of total 150) .... done (Time = 0.00s, Memory = 0.2K)
    Checking Rule GenTopLevelBlocksForAutoSoc (Rule 83 of total 150) .... done (Time = 0.00s, Memory = 0.0K)
Checking ELABDU Rules for designUnit TX_TOP
    Checking Rule Prereqs_ConstantInput-ML (Rule 77 of total 150) .... done (Time = 0.00s, Memory = 0.0K)
    Checking Rule Prereqs_ConstantInput-ML (Rule 78 of total 150) .... done (Time = 0.00s, Memory = 0.0K)
    Checking Rule syncRstReq (Rule 79 of total 150) .... done (Time = 0.00s, Memory = -8.0K)
    Checking Rule syncRstReq (Rule 80 of total 150) .... done (Time = 0.00s, Memory = 0.0K)
    Checking Rule AcOvlRtl (Rule 81 of total 150) .... done (Time = 0.00s, Memory = 8.0K)
    Checking Rule AcOvlRtl (Rule 82 of total 150) .... done (Time = 0.00s, Memory = 0.2K)
    Checking Rule GenTopLevelBlocksForAutoSoc (Rule 83 of total 150) .... done (Time = 0.00s, Memory = -1.9K)
Checking ELABDU Rules for designUnit serializer
    Checking Rule Prereqs_ConstantInput-ML (Rule 77 of total 150) .... done (Time = 0.00s, Memory = 0.0K)
    Checking Rule Prereqs_ConstantInput-ML (Rule 78 of total 150) .... done (Time = 0.00s, Memory = 0.0K)
    Checking Rule syncRstReq (Rule 79 of total 150) .... done (Time = 0.00s, Memory = -32.8K)
    Checking Rule syncRstReq (Rule 80 of total 150) .... done (Time = 0.00s, Memory = 0.0K)
    Checking Rule AcOvlRtl (Rule 81 of total 150) .... done (Time = 0.00s, Memory = 0.0K)
    Checking Rule AcOvlRtl (Rule 82 of total 150) .... done (Time = 0.00s, Memory = 0.2K)
    Checking Rule GenTopLevelBlocksForAutoSoc (Rule 83 of total 150) .... done (Time = 0.00s, Memory = 0.0K)
Checking ELABDU Rules for designUnit TX_FSM
    Checking Rule Prereqs_ConstantInput-ML (Rule 77 of total 150) .... done (Time = 0.00s, Memory = 0.1K)
    Checking Rule Prereqs_ConstantInput-ML (Rule 78 of total 150) .... done (Time = 0.00s, Memory = 0.0K)
    Checking Rule syncRstReq (Rule 79 of total 150) .... done (Time = 0.00s, Memory = 1.8K)
    Checking Rule syncRstReq (Rule 80 of total 150) .... done (Time = 0.00s, Memory = 0.0K)
    Checking Rule AcOvlRtl (Rule 81 of total 150) .... done (Time = 0.00s, Memory = -5.1K)
    Checking Rule AcOvlRtl (Rule 82 of total 150) .... done (Time = 0.00s, Memory = 0.2K)
    Checking Rule GenTopLevelBlocksForAutoSoc (Rule 83 of total 150) .... done (Time = 0.00s, Memory = 0.1K)
Checking ELABDU Rules for designUnit parity
    Checking Rule Prereqs_ConstantInput-ML (Rule 77 of total 150) .... done (Time = 0.00s, Memory = -60.0K)
    Checking Rule Prereqs_ConstantInput-ML (Rule 78 of total 150) .... done (Time = 0.00s, Memory = 0.0K)
    Checking Rule syncRstReq (Rule 79 of total 150) .... done (Time = 0.00s, Memory = 0.0K)
    Checking Rule syncRstReq (Rule 80 of total 150) .... done (Time = 0.00s, Memory = 0.0K)
    Checking Rule AcOvlRtl (Rule 81 of total 150) .... done (Time = 0.00s, Memory = 0.1K)
    Checking Rule AcOvlRtl (Rule 82 of total 150) .... done (Time = 0.00s, Memory = 0.2K)
    Checking Rule GenTopLevelBlocksForAutoSoc (Rule 83 of total 150) .... done (Time = 0.00s, Memory = -32.0K)
Checking ELABDU Rules for designUnit MUX
    Checking Rule Prereqs_ConstantInput-ML (Rule 77 of total 150) .... done (Time = 0.00s, Memory = -32.0K)
    Checking Rule Prereqs_ConstantInput-ML (Rule 78 of total 150) .... done (Time = 0.00s, Memory = 0.0K)
    Checking Rule syncRstReq (Rule 79 of total 150) .... done (Time = 0.00s, Memory = 0.0K)
    Checking Rule syncRstReq (Rule 80 of total 150) .... done (Time = 0.00s, Memory = 0.0K)
    Checking Rule AcOvlRtl (Rule 81 of total 150) .... done (Time = 0.00s, Memory = 0.1K)
    Checking Rule AcOvlRtl (Rule 82 of total 150) .... done (Time = 0.00s, Memory = 0.2K)
    Checking Rule GenTopLevelBlocksForAutoSoc (Rule 83 of total 150) .... done (Time = 0.00s, Memory = 0.0K)
Checking ELABDU Rules for designUnit RX_TOP
    Checking Rule Prereqs_ConstantInput-ML (Rule 77 of total 150) .... done (Time = 0.00s, Memory = -0.5K)
    Checking Rule Prereqs_ConstantInput-ML (Rule 78 of total 150) .... done (Time = 0.00s, Memory = 0.0K)
    Checking Rule syncRstReq (Rule 79 of total 150) .... done (Time = 0.00s, Memory = 0.0K)
    Checking Rule syncRstReq (Rule 80 of total 150) .... done (Time = 0.00s, Memory = 0.0K)
    Checking Rule AcOvlRtl (Rule 81 of total 150) .... done (Time = 0.00s, Memory = 0.0K)
    Checking Rule AcOvlRtl (Rule 82 of total 150) .... done (Time = 0.00s, Memory = 0.2K)
    Checking Rule GenTopLevelBlocksForAutoSoc (Rule 83 of total 150) .... done (Time = 0.00s, Memory = 0.0K)
Checking ELABDU Rules for designUnit RX_FSM
    Checking Rule Prereqs_ConstantInput-ML (Rule 77 of total 150) .... done (Time = 0.00s, Memory = 0.0K)
    Checking Rule Prereqs_ConstantInput-ML (Rule 78 of total 150) .... done (Time = 0.00s, Memory = 0.0K)
    Checking Rule syncRstReq (Rule 79 of total 150) .... done (Time = 0.00s, Memory = 0.0K)
    Checking Rule syncRstReq (Rule 80 of total 150) .... done (Time = 0.00s, Memory = 0.0K)
    Checking Rule AcOvlRtl (Rule 81 of total 150) .... done (Time = 0.00s, Memory = 0.0K)
    Checking Rule AcOvlRtl (Rule 82 of total 150) .... done (Time = 0.00s, Memory = 0.2K)
    Checking Rule GenTopLevelBlocksForAutoSoc (Rule 83 of total 150) .... done (Time = 0.00s, Memory = -36.0K)
Checking ELABDU Rules for designUnit stp_chk
    Checking Rule Prereqs_ConstantInput-ML (Rule 77 of total 150) .... done (Time = 0.00s, Memory = 0.0K)
    Checking Rule Prereqs_ConstantInput-ML (Rule 78 of total 150) .... done (Time = 0.00s, Memory = 0.0K)
    Checking Rule syncRstReq (Rule 79 of total 150) .... done (Time = 0.00s, Memory = 0.0K)
    Checking Rule syncRstReq (Rule 80 of total 150) .... done (Time = 0.00s, Memory = 0.0K)
    Checking Rule AcOvlRtl (Rule 81 of total 150) .... done (Time = 0.00s, Memory = 0.0K)
    Checking Rule AcOvlRtl (Rule 82 of total 150) .... done (Time = 0.00s, Memory = 0.2K)
    Checking Rule GenTopLevelBlocksForAutoSoc (Rule 83 of total 150) .... done (Time = 0.00s, Memory = 0.0K)
Checking ELABDU Rules for designUnit Strt_chk
    Checking Rule Prereqs_ConstantInput-ML (Rule 77 of total 150) .... done (Time = 0.00s, Memory = 0.0K)
    Checking Rule Prereqs_ConstantInput-ML (Rule 78 of total 150) .... done (Time = 0.00s, Memory = 0.0K)
    Checking Rule syncRstReq (Rule 79 of total 150) .... done (Time = 0.00s, Memory = -8.0K)
    Checking Rule syncRstReq (Rule 80 of total 150) .... done (Time = 0.00s, Memory = 0.0K)
    Checking Rule AcOvlRtl (Rule 81 of total 150) .... done (Time = 0.00s, Memory = 0.0K)
    Checking Rule AcOvlRtl (Rule 82 of total 150) .... done (Time = 0.00s, Memory = 0.2K)
    Checking Rule GenTopLevelBlocksForAutoSoc (Rule 83 of total 150) .... done (Time = 0.00s, Memory = 0.0K)
Checking ELABDU Rules for designUnit Parity_chk
    Checking Rule Prereqs_ConstantInput-ML (Rule 77 of total 150) .... done (Time = 0.00s, Memory = 0.0K)
    Checking Rule Prereqs_ConstantInput-ML (Rule 78 of total 150) .... done (Time = 0.00s, Memory = 0.0K)
    Checking Rule syncRstReq (Rule 79 of total 150) .... done (Time = 0.00s, Memory = 35.1K)
    Checking Rule syncRstReq (Rule 80 of total 150) .... done (Time = 0.00s, Memory = 0.0K)
    Checking Rule AcOvlRtl (Rule 81 of total 150) .... done (Time = 0.00s, Memory = -1.4K)
    Checking Rule AcOvlRtl (Rule 82 of total 150) .... done (Time = 0.00s, Memory = 0.2K)
    Checking Rule GenTopLevelBlocksForAutoSoc (Rule 83 of total 150) .... done (Time = 0.00s, Memory = 0.0K)
Checking ELABDU Rules for designUnit Edge_Bit_Counter
    Checking Rule Prereqs_ConstantInput-ML (Rule 77 of total 150) .... done (Time = 0.00s, Memory = 4.3K)
    Checking Rule Prereqs_ConstantInput-ML (Rule 78 of total 150) .... done (Time = 0.00s, Memory = 0.0K)
    Checking Rule syncRstReq (Rule 79 of total 150) .... done (Time = 0.00s, Memory = 0.0K)
    Checking Rule syncRstReq (Rule 80 of total 150) .... done (Time = 0.00s, Memory = 0.0K)
    Checking Rule AcOvlRtl (Rule 81 of total 150) .... done (Time = 0.00s, Memory = -8.0K)
    Checking Rule AcOvlRtl (Rule 82 of total 150) .... done (Time = 0.00s, Memory = 0.2K)
    Checking Rule GenTopLevelBlocksForAutoSoc (Rule 83 of total 150) .... done (Time = 0.00s, Memory = 0.0K)
Checking ELABDU Rules for designUnit Data_sampling
    Checking Rule Prereqs_ConstantInput-ML (Rule 77 of total 150) .... done (Time = 0.00s, Memory = 0.0K)
    Checking Rule Prereqs_ConstantInput-ML (Rule 78 of total 150) .... done (Time = 0.00s, Memory = 0.0K)
    Checking Rule syncRstReq (Rule 79 of total 150) .... done (Time = 0.00s, Memory = 0.0K)
    Checking Rule syncRstReq (Rule 80 of total 150) .... done (Time = 0.00s, Memory = 0.0K)
    Checking Rule AcOvlRtl (Rule 81 of total 150) .... done (Time = 0.00s, Memory = 0.0K)
    Checking Rule AcOvlRtl (Rule 82 of total 150) .... done (Time = 0.00s, Memory = 0.2K)
    Checking Rule GenTopLevelBlocksForAutoSoc (Rule 83 of total 150) .... done (Time = 0.00s, Memory = 0.0K)
Checking ELABDU Rules for designUnit DeSerializer
    Checking Rule Prereqs_ConstantInput-ML (Rule 77 of total 150) .... done (Time = 0.00s, Memory = 0.0K)
    Checking Rule Prereqs_ConstantInput-ML (Rule 78 of total 150) .... done (Time = 0.00s, Memory = 0.0K)
    Checking Rule syncRstReq (Rule 79 of total 150) .... done (Time = 0.00s, Memory = 0.0K)
    Checking Rule syncRstReq (Rule 80 of total 150) .... done (Time = 0.00s, Memory = 0.0K)
    Checking Rule AcOvlRtl (Rule 81 of total 150) .... done (Time = 0.00s, Memory = 0.0K)
    Checking Rule AcOvlRtl (Rule 82 of total 150) .... done (Time = 0.00s, Memory = 0.2K)
    Checking Rule GenTopLevelBlocksForAutoSoc (Rule 83 of total 150) .... done (Time = 0.00s, Memory = 0.0K)
Checking ELABDU Rules for designUnit clk_div
    Checking Rule Prereqs_ConstantInput-ML (Rule 77 of total 150) .... done (Time = 0.00s, Memory = 0.0K)
    Checking Rule Prereqs_ConstantInput-ML (Rule 78 of total 150) .... done (Time = 0.00s, Memory = 0.0K)
    Checking Rule syncRstReq (Rule 79 of total 150) .... done (Time = 0.00s, Memory = 0.0K)
    Checking Rule syncRstReq (Rule 80 of total 150) .... done (Time = 0.00s, Memory = 0.0K)
    Checking Rule AcOvlRtl (Rule 81 of total 150) .... done (Time = 0.00s, Memory = 0.0K)
    Checking Rule AcOvlRtl (Rule 82 of total 150) .... done (Time = 0.00s, Memory = 0.2K)
    Checking Rule GenTopLevelBlocksForAutoSoc (Rule 83 of total 150) .... done (Time = 0.00s, Memory = 0.0K)
Checking ELABDU Rules for designUnit RST_SYNCH
    Checking Rule Prereqs_ConstantInput-ML (Rule 77 of total 150) .... done (Time = 0.00s, Memory = 0.0K)
    Checking Rule Prereqs_ConstantInput-ML (Rule 78 of total 150) .... done (Time = 0.00s, Memory = 0.0K)
    Checking Rule syncRstReq (Rule 79 of total 150) .... done (Time = 0.00s, Memory = 0.0K)
    Checking Rule syncRstReq (Rule 80 of total 150) .... done (Time = 0.00s, Memory = 0.0K)
    Checking Rule AcOvlRtl (Rule 81 of total 150) .... done (Time = 0.00s, Memory = 0.0K)
    Checking Rule AcOvlRtl (Rule 82 of total 150) .... done (Time = 0.00s, Memory = 0.2K)
    Checking Rule GenTopLevelBlocksForAutoSoc (Rule 83 of total 150) .... done (Time = 0.00s, Memory = 0.0K)
Checking ELABDU Rules for designUnit CLK_GATE
    Checking Rule Prereqs_ConstantInput-ML (Rule 77 of total 150) .... done (Time = 0.00s, Memory = 0.0K)
    Checking Rule Prereqs_ConstantInput-ML (Rule 78 of total 150) .... done (Time = 0.00s, Memory = 0.0K)
    Checking Rule syncRstReq (Rule 79 of total 150) .... done (Time = 0.00s, Memory = 0.0K)
    Checking Rule syncRstReq (Rule 80 of total 150) .... done (Time = 0.00s, Memory = 0.0K)
    Checking Rule AcOvlRtl (Rule 81 of total 150) .... done (Time = 0.00s, Memory = 0.0K)
    Checking Rule AcOvlRtl (Rule 82 of total 150) .... done (Time = 0.00s, Memory = 0.2K)
    Checking Rule GenTopLevelBlocksForAutoSoc (Rule 83 of total 150) .... done (Time = 0.00s, Memory = 0.0K)
Checking Rule SGDC_meta_design_hier01 (Rule 84 of total 150) .... done (Time = 0.00s, Memory = 0.0K)
 Synthesizing module: CLK_GATE (elaborated name: CLK_GATE) ... (Module 1 of total 28)  done 
 Synthesizing module: RST_SYNCH (elaborated name: RST_SYNCH) ... (Module 2 of total 28)  done 
 Synthesizing module: clk_div (elaborated name: clk_div) ... (Module 3 of total 28)  done 
 Synthesizing module: DeSerializer (elaborated name: DeSerializer) ... (Module 4 of total 28)  done 
 Synthesizing module: Data_sampling (elaborated name: Data_sampling) ... (Module 5 of total 28)  done 
 Synthesizing module: Edge_Bit_Counter (elaborated name: Edge_Bit_Counter) ... (Module 6 of total 28)  done 
 Synthesizing module: Parity_chk (elaborated name: Parity_chk) ... (Module 7 of total 28)  done 
 Synthesizing module: Strt_chk (elaborated name: Strt_chk) ... (Module 8 of total 28)  done 
 Synthesizing module: stp_chk (elaborated name: stp_chk) ... (Module 9 of total 28)  done 
 Synthesizing module: RX_FSM (elaborated name: RX_FSM) ... (Module 10 of total 28)  done 
 Synthesizing module: RX_TOP (elaborated name: RX_TOP) ... (Module 11 of total 28)  done 
 Synthesizing module: MUX (elaborated name: MUX) ... (Module 12 of total 28)  done 
 Synthesizing module: parity (elaborated name: parity) ... (Module 13 of total 28)  done 
 Synthesizing module: TX_FSM (elaborated name: TX_FSM) ... (Module 14 of total 28)  done 
 Synthesizing module: serializer (elaborated name: serializer) ... (Module 15 of total 28)  done 
 Synthesizing module: TX_TOP (elaborated name: TX_TOP) ... (Module 16 of total 28)  done 
 Synthesizing module: UART (elaborated name: UART) ... (Module 17 of total 28)  done 
 Synthesizing module: Data_Synch (elaborated name: Data_Synch) ... (Module 18 of total 28)  done 
 Synthesizing module: SYS_CTRL (elaborated name: SYS_CTRL) ... (Module 19 of total 28)  done 
 Synthesizing module: Register (elaborated name: Register) ... (Module 20 of total 28)  done 
 Synthesizing module: ALU (elaborated name: ALU) ... (Module 21 of total 28)  done 
 Synthesizing module: FIFO_RD (elaborated name: FIFO_RD) ... (Module 22 of total 28)  done 
 Synthesizing module: FIFO_WR (elaborated name: FIFO_WR) ... (Module 23 of total 28)  done 
 Synthesizing module: DF_SYNC (elaborated name: DF_SYNC) ... (Module 24 of total 28)  done 
 Synthesizing module: FIFO_MEM_CNTRL (elaborated name: FIFO_MEM_CNTRL) ... (Module 25 of total 28)  done 
 Synthesizing module: FIFO_TOP (elaborated name: FIFO_TOP) ... (Module 26 of total 28)  done 
 Synthesizing module: PULSE_GEN (elaborated name: PULSE_GEN) ... (Module 27 of total 28)  done 
 Synthesizing module: sys_top (elaborated name: sys_top) ... (Module 28 of total 28)  done 
 Synthesis completed.
Checking Rule InferBlackBox (Rule 85 of total 150) .... done (Time = 0.00s, Memory = -3.2K)

INFO [234]    Saving design database in directory './spyglass-1/sys_top/.SG_SaveRestoreDB/autogenerated__default_snapshot' ...
              done

Checking Rule SGDC_waive37 (Rule 86 of total 150) .... done (Time = 0.00s, Memory = -0.2K)
Checking Rule SGDC_waive24 (Rule 87 of total 150) .... done (Time = 0.00s, Memory = 39.8K)
Checking Rule SGDC_waive25 (Rule 88 of total 150) .... done (Time = 0.00s, Memory = 0.0K)
Checking Rule SGDC_waive31 (Rule 89 of total 150) .... done (Time = 0.00s, Memory = 3.0K)
Checking Rule SGDC_waive35 (Rule 90 of total 150) .... done (Time = 0.00s, Memory = 0.0K)
Checking Rule ReportSglibSummary (Rule 91 of total 150) .... done (Time = 0.00s, Memory = 0.0K)
Checking Rule Txv_SvaSetup01 for module CLK_GATE (Rule 92 of total 150) .... done (Time = 0.00s, Memory = 0.0K)
Checking Rule LogNMuxPrereq for module CLK_GATE (Rule 93 of total 150) .... done (Time = 0.00s, Memory = 0.0K)
Checking Rule PESVASETUP01 for module CLK_GATE (Rule 94 of total 150) .... done (Time = 0.00s, Memory = 0.0K)
Checking Rule HangingNetPreReq-ML for module CLK_GATE (Rule 95 of total 150) .... done (Time = 0.00s, Memory = 0.0K)
Checking Rule _cdc_save_license01 for module CLK_GATE (Rule 96 of total 150) .... done (Time = 0.00s, Memory = 0.0K)
Checking Rule Reset_check05 for module CLK_GATE (Rule 97 of total 150) .... done (Time = 0.00s, Memory = 0.0K)
Checking Rule _syncResetStyleRTL for module CLK_GATE (Rule 98 of total 150) .... done (Time = 0.00s, Memory = 0.0K)
Checking Rule _meta_delay01 for module CLK_GATE (Rule 99 of total 150) .... done (Time = 0.00s, Memory = 0.0K)
Checking Rule Ac_svasetup01 for module CLK_GATE (Rule 100 of total 150) .... done (Time = 0.00s, Memory = 0.0K)
Checking Rule Txv_SvaSetup01 for module RST_SYNCH (Rule 92 of total 150) .... done (Time = 0.00s, Memory = 0.0K)
Checking Rule LogNMuxPrereq for module RST_SYNCH (Rule 93 of total 150) .... done (Time = 0.00s, Memory = 0.0K)
Checking Rule PESVASETUP01 for module RST_SYNCH (Rule 94 of total 150) .... done (Time = 0.00s, Memory = 0.0K)
Checking Rule HangingNetPreReq-ML for module RST_SYNCH (Rule 95 of total 150) .... done (Time = 0.00s, Memory = 0.0K)
Checking Rule _cdc_save_license01 for module RST_SYNCH (Rule 96 of total 150) .... done (Time = 0.00s, Memory = 0.0K)
Checking Rule Reset_check05 for module RST_SYNCH (Rule 97 of total 150) .... done (Time = 0.00s, Memory = 0.0K)
Checking Rule _syncResetStyleRTL for module RST_SYNCH (Rule 98 of total 150) .... done (Time = 0.00s, Memory = 0.0K)
Checking Rule _meta_delay01 for module RST_SYNCH (Rule 99 of total 150) .... done (Time = 0.00s, Memory = 0.0K)
Checking Rule Ac_svasetup01 for module RST_SYNCH (Rule 100 of total 150) .... done (Time = 0.00s, Memory = 0.0K)
Checking Rule Txv_SvaSetup01 for module clk_div (Rule 92 of total 150) .... done (Time = 0.00s, Memory = 0.0K)
Checking Rule LogNMuxPrereq for module clk_div (Rule 93 of total 150) .... done (Time = 0.00s, Memory = 0.0K)
Checking Rule PESVASETUP01 for module clk_div (Rule 94 of total 150) .... done (Time = 0.00s, Memory = 0.0K)
Checking Rule HangingNetPreReq-ML for module clk_div (Rule 95 of total 150) .... done (Time = 0.00s, Memory = 0.0K)
Checking Rule _cdc_save_license01 for module clk_div (Rule 96 of total 150) .... done (Time = 0.00s, Memory = 0.0K)
Checking Rule Reset_check05 for module clk_div (Rule 97 of total 150) .... done (Time = 0.00s, Memory = 0.0K)
Checking Rule _syncResetStyleRTL for module clk_div (Rule 98 of total 150) .... done (Time = 0.00s, Memory = 0.0K)
Checking Rule _meta_delay01 for module clk_div (Rule 99 of total 150) .... done (Time = 0.00s, Memory = 0.0K)
Checking Rule Ac_svasetup01 for module clk_div (Rule 100 of total 150) .... done (Time = 0.00s, Memory = 0.0K)
Checking Rule Txv_SvaSetup01 for module DeSerializer (Rule 92 of total 150) .... done (Time = 0.00s, Memory = 0.0K)
Checking Rule LogNMuxPrereq for module DeSerializer (Rule 93 of total 150) .... done (Time = 0.00s, Memory = 0.0K)
Checking Rule PESVASETUP01 for module DeSerializer (Rule 94 of total 150) .... done (Time = 0.00s, Memory = 0.0K)
Checking Rule HangingNetPreReq-ML for module DeSerializer (Rule 95 of total 150) .... done (Time = 0.00s, Memory = 0.0K)
Checking Rule _cdc_save_license01 for module DeSerializer (Rule 96 of total 150) .... done (Time = 0.00s, Memory = 0.0K)
Checking Rule Reset_check05 for module DeSerializer (Rule 97 of total 150) .... done (Time = 0.00s, Memory = 0.0K)
Checking Rule _syncResetStyleRTL for module DeSerializer (Rule 98 of total 150) .... done (Time = 0.00s, Memory = 0.0K)
Checking Rule _meta_delay01 for module DeSerializer (Rule 99 of total 150) .... done (Time = 0.00s, Memory = 0.0K)
Checking Rule Ac_svasetup01 for module DeSerializer (Rule 100 of total 150) .... done (Time = 0.00s, Memory = 0.0K)
Checking Rule Txv_SvaSetup01 for module Data_sampling (Rule 92 of total 150) .... done (Time = 0.00s, Memory = 0.0K)
Checking Rule LogNMuxPrereq for module Data_sampling (Rule 93 of total 150) .... done (Time = 0.00s, Memory = 0.0K)
Checking Rule PESVASETUP01 for module Data_sampling (Rule 94 of total 150) .... done (Time = 0.00s, Memory = 0.0K)
Checking Rule HangingNetPreReq-ML for module Data_sampling (Rule 95 of total 150) .... done (Time = 0.00s, Memory = 0.0K)
Checking Rule _cdc_save_license01 for module Data_sampling (Rule 96 of total 150) .... done (Time = 0.00s, Memory = 0.0K)
Checking Rule Reset_check05 for module Data_sampling (Rule 97 of total 150) .... done (Time = 0.00s, Memory = 0.0K)
Checking Rule _syncResetStyleRTL for module Data_sampling (Rule 98 of total 150) .... done (Time = 0.00s, Memory = 0.0K)
Checking Rule _meta_delay01 for module Data_sampling (Rule 99 of total 150) .... done (Time = 0.00s, Memory = 0.0K)
Checking Rule Ac_svasetup01 for module Data_sampling (Rule 100 of total 150) .... done (Time = 0.00s, Memory = 0.0K)
Checking Rule Txv_SvaSetup01 for module Edge_Bit_Counter (Rule 92 of total 150) .... done (Time = 0.00s, Memory = 0.0K)
Checking Rule LogNMuxPrereq for module Edge_Bit_Counter (Rule 93 of total 150) .... done (Time = 0.00s, Memory = 0.0K)
Checking Rule PESVASETUP01 for module Edge_Bit_Counter (Rule 94 of total 150) .... done (Time = 0.00s, Memory = 0.0K)
Checking Rule HangingNetPreReq-ML for module Edge_Bit_Counter (Rule 95 of total 150) .... done (Time = 0.00s, Memory = 0.0K)
Checking Rule _cdc_save_license01 for module Edge_Bit_Counter (Rule 96 of total 150) .... done (Time = 0.00s, Memory = 0.0K)
Checking Rule Reset_check05 for module Edge_Bit_Counter (Rule 97 of total 150) .... done (Time = 0.00s, Memory = 0.0K)
Checking Rule _syncResetStyleRTL for module Edge_Bit_Counter (Rule 98 of total 150) .... done (Time = 0.00s, Memory = 0.0K)
Checking Rule _meta_delay01 for module Edge_Bit_Counter (Rule 99 of total 150) .... done (Time = 0.00s, Memory = 0.0K)
Checking Rule Ac_svasetup01 for module Edge_Bit_Counter (Rule 100 of total 150) .... done (Time = 0.00s, Memory = 0.0K)
Checking Rule Txv_SvaSetup01 for module Parity_chk (Rule 92 of total 150) .... done (Time = 0.00s, Memory = 0.0K)
Checking Rule LogNMuxPrereq for module Parity_chk (Rule 93 of total 150) .... done (Time = 0.00s, Memory = 0.0K)
Checking Rule PESVASETUP01 for module Parity_chk (Rule 94 of total 150) .... done (Time = 0.00s, Memory = 0.0K)
Checking Rule HangingNetPreReq-ML for module Parity_chk (Rule 95 of total 150) .... done (Time = 0.00s, Memory = 0.0K)
Checking Rule _cdc_save_license01 for module Parity_chk (Rule 96 of total 150) .... done (Time = 0.00s, Memory = 0.0K)
Checking Rule Reset_check05 for module Parity_chk (Rule 97 of total 150) .... done (Time = 0.00s, Memory = 0.0K)
Checking Rule _syncResetStyleRTL for module Parity_chk (Rule 98 of total 150) .... done (Time = 0.00s, Memory = 0.0K)
Checking Rule _meta_delay01 for module Parity_chk (Rule 99 of total 150) .... done (Time = 0.00s, Memory = 0.0K)
Checking Rule Ac_svasetup01 for module Parity_chk (Rule 100 of total 150) .... done (Time = 0.00s, Memory = 0.0K)
Checking Rule Txv_SvaSetup01 for module Strt_chk (Rule 92 of total 150) .... done (Time = 0.00s, Memory = 0.0K)
Checking Rule LogNMuxPrereq for module Strt_chk (Rule 93 of total 150) .... done (Time = 0.00s, Memory = 0.0K)
Checking Rule PESVASETUP01 for module Strt_chk (Rule 94 of total 150) .... done (Time = 0.00s, Memory = 0.0K)
Checking Rule HangingNetPreReq-ML for module Strt_chk (Rule 95 of total 150) .... done (Time = 0.00s, Memory = 0.0K)
Checking Rule _cdc_save_license01 for module Strt_chk (Rule 96 of total 150) .... done (Time = 0.00s, Memory = 0.0K)
Checking Rule Reset_check05 for module Strt_chk (Rule 97 of total 150) .... done (Time = 0.00s, Memory = 0.0K)
Checking Rule _syncResetStyleRTL for module Strt_chk (Rule 98 of total 150) .... done (Time = 0.00s, Memory = 0.0K)
Checking Rule _meta_delay01 for module Strt_chk (Rule 99 of total 150) .... done (Time = 0.00s, Memory = 0.0K)
Checking Rule Ac_svasetup01 for module Strt_chk (Rule 100 of total 150) .... done (Time = 0.00s, Memory = 0.0K)
Checking Rule Txv_SvaSetup01 for module stp_chk (Rule 92 of total 150) .... done (Time = 0.00s, Memory = 0.0K)
Checking Rule LogNMuxPrereq for module stp_chk (Rule 93 of total 150) .... done (Time = 0.00s, Memory = 0.0K)
Checking Rule PESVASETUP01 for module stp_chk (Rule 94 of total 150) .... done (Time = 0.00s, Memory = 0.0K)
Checking Rule HangingNetPreReq-ML for module stp_chk (Rule 95 of total 150) .... done (Time = 0.00s, Memory = 0.0K)
Checking Rule _cdc_save_license01 for module stp_chk (Rule 96 of total 150) .... done (Time = 0.00s, Memory = 0.0K)
Checking Rule Reset_check05 for module stp_chk (Rule 97 of total 150) .... done (Time = 0.00s, Memory = 0.0K)
Checking Rule _syncResetStyleRTL for module stp_chk (Rule 98 of total 150) .... done (Time = 0.00s, Memory = 0.0K)
Checking Rule _meta_delay01 for module stp_chk (Rule 99 of total 150) .... done (Time = 0.00s, Memory = 0.0K)
Checking Rule Ac_svasetup01 for module stp_chk (Rule 100 of total 150) .... done (Time = 0.00s, Memory = 0.0K)
Checking Rule Txv_SvaSetup01 for module RX_FSM (Rule 92 of total 150) .... done (Time = 0.00s, Memory = 0.0K)
Checking Rule LogNMuxPrereq for module RX_FSM (Rule 93 of total 150) .... done (Time = 0.00s, Memory = 0.0K)
Checking Rule PESVASETUP01 for module RX_FSM (Rule 94 of total 150) .... done (Time = 0.00s, Memory = 0.0K)
Checking Rule HangingNetPreReq-ML for module RX_FSM (Rule 95 of total 150) .... done (Time = 0.00s, Memory = 0.0K)
Checking Rule _cdc_save_license01 for module RX_FSM (Rule 96 of total 150) .... done (Time = 0.00s, Memory = 0.0K)
Checking Rule Reset_check05 for module RX_FSM (Rule 97 of total 150) .... done (Time = 0.00s, Memory = 0.0K)
Checking Rule _syncResetStyleRTL for module RX_FSM (Rule 98 of total 150) .... done (Time = 0.00s, Memory = 0.0K)
Checking Rule _meta_delay01 for module RX_FSM (Rule 99 of total 150) .... done (Time = 0.00s, Memory = 0.0K)
Checking Rule Ac_svasetup01 for module RX_FSM (Rule 100 of total 150) .... done (Time = 0.00s, Memory = 0.0K)
Checking Rule Txv_SvaSetup01 for module RX_TOP (Rule 92 of total 150) .... done (Time = 0.00s, Memory = 0.0K)
Checking Rule LogNMuxPrereq for module RX_TOP (Rule 93 of total 150) .... done (Time = 0.00s, Memory = 0.0K)
Checking Rule PESVASETUP01 for module RX_TOP (Rule 94 of total 150) .... done (Time = 0.00s, Memory = 0.0K)
Checking Rule HangingNetPreReq-ML for module RX_TOP (Rule 95 of total 150) .... done (Time = 0.00s, Memory = 0.0K)
Checking Rule _cdc_save_license01 for module RX_TOP (Rule 96 of total 150) .... done (Time = 0.00s, Memory = 0.0K)
Checking Rule Reset_check05 for module RX_TOP (Rule 97 of total 150) .... done (Time = 0.00s, Memory = 0.0K)
Checking Rule _syncResetStyleRTL for module RX_TOP (Rule 98 of total 150) .... done (Time = 0.00s, Memory = 0.0K)
Checking Rule _meta_delay01 for module RX_TOP (Rule 99 of total 150) .... done (Time = 0.00s, Memory = 0.0K)
Checking Rule Ac_svasetup01 for module RX_TOP (Rule 100 of total 150) .... done (Time = 0.00s, Memory = 0.0K)
Checking Rule Txv_SvaSetup01 for module MUX (Rule 92 of total 150) .... done (Time = 0.00s, Memory = 0.0K)
Checking Rule LogNMuxPrereq for module MUX (Rule 93 of total 150) .... done (Time = 0.00s, Memory = 0.0K)
Checking Rule PESVASETUP01 for module MUX (Rule 94 of total 150) .... done (Time = 0.00s, Memory = 0.0K)
Checking Rule HangingNetPreReq-ML for module MUX (Rule 95 of total 150) .... done (Time = 0.00s, Memory = 0.0K)
Checking Rule _cdc_save_license01 for module MUX (Rule 96 of total 150) .... done (Time = 0.00s, Memory = 0.0K)
Checking Rule Reset_check05 for module MUX (Rule 97 of total 150) .... done (Time = 0.00s, Memory = 0.0K)
Checking Rule _syncResetStyleRTL for module MUX (Rule 98 of total 150) .... done (Time = 0.00s, Memory = 0.0K)
Checking Rule _meta_delay01 for module MUX (Rule 99 of total 150) .... done (Time = 0.00s, Memory = 0.0K)
Checking Rule Ac_svasetup01 for module MUX (Rule 100 of total 150) .... done (Time = 0.00s, Memory = 0.0K)
Checking Rule Txv_SvaSetup01 for module parity (Rule 92 of total 150) .... done (Time = 0.00s, Memory = 0.0K)
Checking Rule LogNMuxPrereq for module parity (Rule 93 of total 150) .... done (Time = 0.00s, Memory = 0.0K)
Checking Rule PESVASETUP01 for module parity (Rule 94 of total 150) .... done (Time = 0.00s, Memory = 0.0K)
Checking Rule HangingNetPreReq-ML for module parity (Rule 95 of total 150) .... done (Time = 0.00s, Memory = 0.0K)
Checking Rule _cdc_save_license01 for module parity (Rule 96 of total 150) .... done (Time = 0.00s, Memory = 0.0K)
Checking Rule Reset_check05 for module parity (Rule 97 of total 150) .... done (Time = 0.00s, Memory = 0.0K)
Checking Rule _syncResetStyleRTL for module parity (Rule 98 of total 150) .... done (Time = 0.00s, Memory = 0.0K)
Checking Rule _meta_delay01 for module parity (Rule 99 of total 150) .... done (Time = 0.00s, Memory = 0.0K)
Checking Rule Ac_svasetup01 for module parity (Rule 100 of total 150) .... done (Time = 0.00s, Memory = 0.0K)
Checking Rule Txv_SvaSetup01 for module TX_FSM (Rule 92 of total 150) .... done (Time = 0.00s, Memory = 0.0K)
Checking Rule LogNMuxPrereq for module TX_FSM (Rule 93 of total 150) .... done (Time = 0.00s, Memory = 0.0K)
Checking Rule PESVASETUP01 for module TX_FSM (Rule 94 of total 150) .... done (Time = 0.00s, Memory = 0.0K)
Checking Rule HangingNetPreReq-ML for module TX_FSM (Rule 95 of total 150) .... done (Time = 0.00s, Memory = 0.0K)
Checking Rule _cdc_save_license01 for module TX_FSM (Rule 96 of total 150) .... done (Time = 0.00s, Memory = 0.0K)
Checking Rule Reset_check05 for module TX_FSM (Rule 97 of total 150) .... done (Time = 0.00s, Memory = 0.0K)
Checking Rule _syncResetStyleRTL for module TX_FSM (Rule 98 of total 150) .... done (Time = 0.00s, Memory = 0.0K)
Checking Rule _meta_delay01 for module TX_FSM (Rule 99 of total 150) .... done (Time = 0.00s, Memory = 0.0K)
Checking Rule Ac_svasetup01 for module TX_FSM (Rule 100 of total 150) .... done (Time = 0.00s, Memory = 0.0K)
Checking Rule Txv_SvaSetup01 for module serializer (Rule 92 of total 150) .... done (Time = 0.00s, Memory = 0.0K)
Checking Rule LogNMuxPrereq for module serializer (Rule 93 of total 150) .... done (Time = 0.00s, Memory = 0.0K)
Checking Rule PESVASETUP01 for module serializer (Rule 94 of total 150) .... done (Time = 0.00s, Memory = 0.0K)
Checking Rule HangingNetPreReq-ML for module serializer (Rule 95 of total 150) .... done (Time = 0.00s, Memory = 0.0K)
Checking Rule _cdc_save_license01 for module serializer (Rule 96 of total 150) .... done (Time = 0.00s, Memory = 0.0K)
Checking Rule Reset_check05 for module serializer (Rule 97 of total 150) .... done (Time = 0.00s, Memory = 0.0K)
Checking Rule _syncResetStyleRTL for module serializer (Rule 98 of total 150) .... done (Time = 0.00s, Memory = 0.0K)
Checking Rule _meta_delay01 for module serializer (Rule 99 of total 150) .... done (Time = 0.00s, Memory = 0.0K)
Checking Rule Ac_svasetup01 for module serializer (Rule 100 of total 150) .... done (Time = 0.00s, Memory = 0.0K)
Checking Rule Txv_SvaSetup01 for module TX_TOP (Rule 92 of total 150) .... done (Time = 0.00s, Memory = 0.0K)
Checking Rule LogNMuxPrereq for module TX_TOP (Rule 93 of total 150) .... done (Time = 0.00s, Memory = 0.0K)
Checking Rule PESVASETUP01 for module TX_TOP (Rule 94 of total 150) .... done (Time = 0.00s, Memory = 0.0K)
Checking Rule HangingNetPreReq-ML for module TX_TOP (Rule 95 of total 150) .... done (Time = 0.00s, Memory = 0.0K)
Checking Rule _cdc_save_license01 for module TX_TOP (Rule 96 of total 150) .... done (Time = 0.00s, Memory = 0.0K)
Checking Rule Reset_check05 for module TX_TOP (Rule 97 of total 150) .... done (Time = 0.00s, Memory = 0.0K)
Checking Rule _syncResetStyleRTL for module TX_TOP (Rule 98 of total 150) .... done (Time = 0.00s, Memory = 0.0K)
Checking Rule _meta_delay01 for module TX_TOP (Rule 99 of total 150) .... done (Time = 0.00s, Memory = 0.0K)
Checking Rule Ac_svasetup01 for module TX_TOP (Rule 100 of total 150) .... done (Time = 0.00s, Memory = 0.0K)
Checking Rule Txv_SvaSetup01 for module UART (Rule 92 of total 150) .... done (Time = 0.00s, Memory = 0.0K)
Checking Rule LogNMuxPrereq for module UART (Rule 93 of total 150) .... done (Time = 0.00s, Memory = 0.0K)
Checking Rule PESVASETUP01 for module UART (Rule 94 of total 150) .... done (Time = 0.00s, Memory = 0.0K)
Checking Rule HangingNetPreReq-ML for module UART (Rule 95 of total 150) .... done (Time = 0.00s, Memory = 0.0K)
Checking Rule _cdc_save_license01 for module UART (Rule 96 of total 150) .... done (Time = 0.00s, Memory = 0.0K)
Checking Rule Reset_check05 for module UART (Rule 97 of total 150) .... done (Time = 0.00s, Memory = 0.0K)
Checking Rule _syncResetStyleRTL for module UART (Rule 98 of total 150) .... done (Time = 0.00s, Memory = 0.0K)
Checking Rule _meta_delay01 for module UART (Rule 99 of total 150) .... done (Time = 0.00s, Memory = 0.0K)
Checking Rule Ac_svasetup01 for module UART (Rule 100 of total 150) .... done (Time = 0.00s, Memory = 0.0K)
Checking Rule Txv_SvaSetup01 for module Data_Synch (Rule 92 of total 150) .... done (Time = 0.00s, Memory = 0.0K)
Checking Rule LogNMuxPrereq for module Data_Synch (Rule 93 of total 150) .... done (Time = 0.00s, Memory = 0.0K)
Checking Rule PESVASETUP01 for module Data_Synch (Rule 94 of total 150) .... done (Time = 0.00s, Memory = 0.0K)
Checking Rule HangingNetPreReq-ML for module Data_Synch (Rule 95 of total 150) .... done (Time = 0.00s, Memory = 0.0K)
Checking Rule _cdc_save_license01 for module Data_Synch (Rule 96 of total 150) .... done (Time = 0.00s, Memory = 0.0K)
Checking Rule Reset_check05 for module Data_Synch (Rule 97 of total 150) .... done (Time = 0.00s, Memory = 0.0K)
Checking Rule _syncResetStyleRTL for module Data_Synch (Rule 98 of total 150) .... done (Time = 0.00s, Memory = 0.0K)
Checking Rule _meta_delay01 for module Data_Synch (Rule 99 of total 150) .... done (Time = 0.00s, Memory = 0.0K)
Checking Rule Ac_svasetup01 for module Data_Synch (Rule 100 of total 150) .... done (Time = 0.00s, Memory = 0.0K)
Checking Rule Txv_SvaSetup01 for module SYS_CTRL (Rule 92 of total 150) .... done (Time = 0.00s, Memory = 0.0K)
Checking Rule LogNMuxPrereq for module SYS_CTRL (Rule 93 of total 150) .... done (Time = 0.00s, Memory = 0.0K)
Checking Rule PESVASETUP01 for module SYS_CTRL (Rule 94 of total 150) .... done (Time = 0.00s, Memory = 0.0K)
Checking Rule HangingNetPreReq-ML for module SYS_CTRL (Rule 95 of total 150) .... done (Time = 0.00s, Memory = 0.0K)
Checking Rule _cdc_save_license01 for module SYS_CTRL (Rule 96 of total 150) .... done (Time = 0.00s, Memory = 0.0K)
Checking Rule Reset_check05 for module SYS_CTRL (Rule 97 of total 150) .... done (Time = 0.00s, Memory = 0.0K)
Checking Rule _syncResetStyleRTL for module SYS_CTRL (Rule 98 of total 150) .... done (Time = 0.00s, Memory = 0.0K)
Checking Rule _meta_delay01 for module SYS_CTRL (Rule 99 of total 150) .... done (Time = 0.00s, Memory = 0.0K)
Checking Rule Ac_svasetup01 for module SYS_CTRL (Rule 100 of total 150) .... done (Time = 0.00s, Memory = 0.0K)
Checking Rule Txv_SvaSetup01 for module Register (Rule 92 of total 150) .... done (Time = 0.00s, Memory = 0.0K)
Checking Rule LogNMuxPrereq for module Register (Rule 93 of total 150) .... done (Time = 0.00s, Memory = 0.0K)
Checking Rule PESVASETUP01 for module Register (Rule 94 of total 150) .... done (Time = 0.00s, Memory = 0.0K)
Checking Rule HangingNetPreReq-ML for module Register (Rule 95 of total 150) .... done (Time = 0.00s, Memory = 0.0K)
Checking Rule _cdc_save_license01 for module Register (Rule 96 of total 150) .... done (Time = 0.00s, Memory = 0.0K)
Checking Rule Reset_check05 for module Register (Rule 97 of total 150) .... done (Time = 0.00s, Memory = 0.0K)
Checking Rule _syncResetStyleRTL for module Register (Rule 98 of total 150) .... done (Time = 0.00s, Memory = 0.0K)
Checking Rule _meta_delay01 for module Register (Rule 99 of total 150) .... done (Time = 0.00s, Memory = 0.0K)
Checking Rule Ac_svasetup01 for module Register (Rule 100 of total 150) .... done (Time = 0.00s, Memory = 0.0K)
Checking Rule Txv_SvaSetup01 for module ALU (Rule 92 of total 150) .... done (Time = 0.00s, Memory = 0.0K)
Checking Rule LogNMuxPrereq for module ALU (Rule 93 of total 150) .... done (Time = 0.00s, Memory = 0.0K)
Checking Rule PESVASETUP01 for module ALU (Rule 94 of total 150) .... done (Time = 0.00s, Memory = 0.0K)
Checking Rule HangingNetPreReq-ML for module ALU (Rule 95 of total 150) .... done (Time = 0.00s, Memory = 0.0K)
Checking Rule _cdc_save_license01 for module ALU (Rule 96 of total 150) .... done (Time = 0.00s, Memory = 0.0K)
Checking Rule Reset_check05 for module ALU (Rule 97 of total 150) .... done (Time = 0.00s, Memory = 0.0K)
Checking Rule _syncResetStyleRTL for module ALU (Rule 98 of total 150) .... done (Time = 0.00s, Memory = 0.0K)
Checking Rule _meta_delay01 for module ALU (Rule 99 of total 150) .... done (Time = 0.00s, Memory = 0.0K)
Checking Rule Ac_svasetup01 for module ALU (Rule 100 of total 150) .... done (Time = 0.00s, Memory = 0.0K)
Checking Rule Txv_SvaSetup01 for module FIFO_RD (Rule 92 of total 150) .... done (Time = 0.00s, Memory = 0.0K)
Checking Rule LogNMuxPrereq for module FIFO_RD (Rule 93 of total 150) .... done (Time = 0.00s, Memory = 0.0K)
Checking Rule PESVASETUP01 for module FIFO_RD (Rule 94 of total 150) .... done (Time = 0.00s, Memory = 0.0K)
Checking Rule HangingNetPreReq-ML for module FIFO_RD (Rule 95 of total 150) .... done (Time = 0.00s, Memory = 0.0K)
Checking Rule _cdc_save_license01 for module FIFO_RD (Rule 96 of total 150) .... done (Time = 0.00s, Memory = 0.0K)
Checking Rule Reset_check05 for module FIFO_RD (Rule 97 of total 150) .... done (Time = 0.00s, Memory = 0.0K)
Checking Rule _syncResetStyleRTL for module FIFO_RD (Rule 98 of total 150) .... done (Time = 0.00s, Memory = 0.0K)
Checking Rule _meta_delay01 for module FIFO_RD (Rule 99 of total 150) .... done (Time = 0.00s, Memory = 0.0K)
Checking Rule Ac_svasetup01 for module FIFO_RD (Rule 100 of total 150) .... done (Time = 0.00s, Memory = 0.0K)
Checking Rule Txv_SvaSetup01 for module FIFO_WR (Rule 92 of total 150) .... done (Time = 0.00s, Memory = 0.0K)
Checking Rule LogNMuxPrereq for module FIFO_WR (Rule 93 of total 150) .... done (Time = 0.00s, Memory = 0.0K)
Checking Rule PESVASETUP01 for module FIFO_WR (Rule 94 of total 150) .... done (Time = 0.00s, Memory = 0.0K)
Checking Rule HangingNetPreReq-ML for module FIFO_WR (Rule 95 of total 150) .... done (Time = 0.00s, Memory = 0.0K)
Checking Rule _cdc_save_license01 for module FIFO_WR (Rule 96 of total 150) .... done (Time = 0.00s, Memory = 0.0K)
Checking Rule Reset_check05 for module FIFO_WR (Rule 97 of total 150) .... done (Time = 0.00s, Memory = 0.0K)
Checking Rule _syncResetStyleRTL for module FIFO_WR (Rule 98 of total 150) .... done (Time = 0.00s, Memory = 0.0K)
Checking Rule _meta_delay01 for module FIFO_WR (Rule 99 of total 150) .... done (Time = 0.00s, Memory = 0.0K)
Checking Rule Ac_svasetup01 for module FIFO_WR (Rule 100 of total 150) .... done (Time = 0.00s, Memory = 0.0K)
Checking Rule Txv_SvaSetup01 for module DF_SYNC (Rule 92 of total 150) .... done (Time = 0.00s, Memory = 0.0K)
Checking Rule LogNMuxPrereq for module DF_SYNC (Rule 93 of total 150) .... done (Time = 0.00s, Memory = 0.0K)
Checking Rule PESVASETUP01 for module DF_SYNC (Rule 94 of total 150) .... done (Time = 0.00s, Memory = 0.0K)
Checking Rule HangingNetPreReq-ML for module DF_SYNC (Rule 95 of total 150) .... done (Time = 0.00s, Memory = 0.0K)
Checking Rule _cdc_save_license01 for module DF_SYNC (Rule 96 of total 150) .... done (Time = 0.00s, Memory = 0.0K)
Checking Rule Reset_check05 for module DF_SYNC (Rule 97 of total 150) .... done (Time = 0.00s, Memory = 0.0K)
Checking Rule _syncResetStyleRTL for module DF_SYNC (Rule 98 of total 150) .... done (Time = 0.00s, Memory = 0.0K)
Checking Rule _meta_delay01 for module DF_SYNC (Rule 99 of total 150) .... done (Time = 0.00s, Memory = 0.0K)
Checking Rule Ac_svasetup01 for module DF_SYNC (Rule 100 of total 150) .... done (Time = 0.00s, Memory = 0.0K)
Checking Rule Txv_SvaSetup01 for module FIFO_MEM_CNTRL (Rule 92 of total 150) .... done (Time = 0.00s, Memory = 0.0K)
Checking Rule LogNMuxPrereq for module FIFO_MEM_CNTRL (Rule 93 of total 150) .... done (Time = 0.00s, Memory = 0.0K)
Checking Rule PESVASETUP01 for module FIFO_MEM_CNTRL (Rule 94 of total 150) .... done (Time = 0.00s, Memory = 0.0K)
Checking Rule HangingNetPreReq-ML for module FIFO_MEM_CNTRL (Rule 95 of total 150) .... done (Time = 0.00s, Memory = 0.0K)
Checking Rule _cdc_save_license01 for module FIFO_MEM_CNTRL (Rule 96 of total 150) .... done (Time = 0.00s, Memory = 0.0K)
Checking Rule Reset_check05 for module FIFO_MEM_CNTRL (Rule 97 of total 150) .... done (Time = 0.00s, Memory = 0.0K)
Checking Rule _syncResetStyleRTL for module FIFO_MEM_CNTRL (Rule 98 of total 150) .... done (Time = 0.00s, Memory = 0.0K)
Checking Rule _meta_delay01 for module FIFO_MEM_CNTRL (Rule 99 of total 150) .... done (Time = 0.00s, Memory = 0.0K)
Checking Rule Ac_svasetup01 for module FIFO_MEM_CNTRL (Rule 100 of total 150) .... done (Time = 0.00s, Memory = 0.0K)
Checking Rule Txv_SvaSetup01 for module FIFO_TOP (Rule 92 of total 150) .... done (Time = 0.00s, Memory = 0.0K)
Checking Rule LogNMuxPrereq for module FIFO_TOP (Rule 93 of total 150) .... done (Time = 0.00s, Memory = 0.0K)
Checking Rule PESVASETUP01 for module FIFO_TOP (Rule 94 of total 150) .... done (Time = 0.00s, Memory = 0.0K)
Checking Rule HangingNetPreReq-ML for module FIFO_TOP (Rule 95 of total 150) .... done (Time = 0.00s, Memory = 0.0K)
Checking Rule _cdc_save_license01 for module FIFO_TOP (Rule 96 of total 150) .... done (Time = 0.00s, Memory = 0.0K)
Checking Rule Reset_check05 for module FIFO_TOP (Rule 97 of total 150) .... done (Time = 0.00s, Memory = 0.0K)
Checking Rule _syncResetStyleRTL for module FIFO_TOP (Rule 98 of total 150) .... done (Time = 0.00s, Memory = 0.0K)
Checking Rule _meta_delay01 for module FIFO_TOP (Rule 99 of total 150) .... done (Time = 0.00s, Memory = 0.0K)
Checking Rule Ac_svasetup01 for module FIFO_TOP (Rule 100 of total 150) .... done (Time = 0.00s, Memory = 0.0K)
Checking Rule Txv_SvaSetup01 for module PULSE_GEN (Rule 92 of total 150) .... done (Time = 0.00s, Memory = 0.0K)
Checking Rule LogNMuxPrereq for module PULSE_GEN (Rule 93 of total 150) .... done (Time = 0.00s, Memory = 0.0K)
Checking Rule PESVASETUP01 for module PULSE_GEN (Rule 94 of total 150) .... done (Time = 0.00s, Memory = 0.0K)
Checking Rule HangingNetPreReq-ML for module PULSE_GEN (Rule 95 of total 150) .... done (Time = 0.00s, Memory = 0.0K)
Checking Rule _cdc_save_license01 for module PULSE_GEN (Rule 96 of total 150) .... done (Time = 0.00s, Memory = 0.0K)
Checking Rule Reset_check05 for module PULSE_GEN (Rule 97 of total 150) .... done (Time = 0.00s, Memory = 0.0K)
Checking Rule _syncResetStyleRTL for module PULSE_GEN (Rule 98 of total 150) .... done (Time = 0.00s, Memory = 0.0K)
Checking Rule _meta_delay01 for module PULSE_GEN (Rule 99 of total 150) .... done (Time = 0.00s, Memory = 0.0K)
Checking Rule Ac_svasetup01 for module PULSE_GEN (Rule 100 of total 150) .... done (Time = 0.00s, Memory = 0.0K)
Checking Rule Txv_SvaSetup01 for module sys_top (Rule 92 of total 150) .... done (Time = 0.00s, Memory = 0.0K)
Checking Rule LogNMuxPrereq for module sys_top (Rule 93 of total 150) .... done (Time = 0.00s, Memory = 0.0K)
Checking Rule PESVASETUP01 for module sys_top (Rule 94 of total 150) .... done (Time = 0.00s, Memory = 0.0K)
Checking Rule HangingNetPreReq-ML for module sys_top (Rule 95 of total 150) .... done (Time = 0.00s, Memory = 0.0K)
Checking Rule _cdc_save_license01 for module sys_top (Rule 96 of total 150) .... done (Time = 0.00s, Memory = 0.0K)
Checking Rule Reset_check05 for module sys_top (Rule 97 of total 150) .... done (Time = 0.00s, Memory = 0.0K)
Checking Rule _syncResetStyleRTL for module sys_top (Rule 98 of total 150) .... done (Time = 0.00s, Memory = 0.0K)
Checking Rule _meta_delay01 for module sys_top (Rule 99 of total 150) .... done (Time = 0.00s, Memory = 0.0K)
Checking Rule Ac_svasetup01 for module sys_top (Rule 100 of total 150) .... done (Time = 0.00s, Memory = 0.0K)
Performing semantic checks on SGDC contents
Checking Rule SGDC_testmode03 (Rule 63 of total 150) .... done (Time = 0.00s, Memory = 0.0K)
Checking Rule checkSGDC_01 (Rule 101 of total 150) .... done (Time = 0.00s, Memory = 0.0K)
Checking Rule checkSGDC_03 (Rule 102 of total 150) .... done (Time = 0.00s, Memory = 3.9K)
Checking Rule checkSGDC_08 (Rule 103 of total 150) .... done (Time = 0.00s, Memory = 32.0K)
Checking Rule SGDC_memorywritepin04 (Rule 104 of total 150) .... done (Time = 0.00s, Memory = 15.0K)
Checking Rule SGDC_reset02 (Rule 105 of total 150) .... done (Time = 0.00s, Memory = 2.1K)
Checking Rule SGDC_reset03 (Rule 106 of total 150) .... done (Time = 0.00s, Memory = 0.0K)
Checking Rule SGDC_waive23 (Rule 107 of total 150) .... done (Time = 0.00s, Memory = 0.0K)
Checking Rule SGDC_waive26 (Rule 108 of total 150) .... done (Time = 0.00s, Memory = -33.1K)
Checking Rule SGDC_waive27 (Rule 109 of total 150) .... done (Time = 0.00s, Memory = 0.0K)
Checking Rule SGDC_waive29 (Rule 110 of total 150) .... done (Time = 0.00s, Memory = 0.0K)
Checking Rule SGDC_libgroup03 (Rule 111 of total 150) .... done (Time = 0.00s, Memory = -1.7K)
Checking Rule SGDC_ungroup02 (Rule 112 of total 150) .... done (Time = 0.00s, Memory = -33.6K)
Checking Rule _abstractPortSGDC (Rule 113 of total 150) .... done (Time = 0.00s, Memory = -6.3K)
Checking Rule SGDC_abstract_port03 (Rule 114 of total 150) .... done (Time = 0.00s, Memory = 0.0K)
Checking Rule SGDC_abstract_port04 (Rule 115 of total 150) .... done (Time = 0.00s, Memory = 0.0K)
Checking Rule SGDC_abstract_port05 (Rule 116 of total 150) .... done (Time = 0.00s, Memory = 0.0K)
Checking Rule SGDC_abstract_port07 (Rule 117 of total 150) .... done (Time = 0.00s, Memory = -9.0K)
Checking Rule SGDC_abstract_port08 (Rule 118 of total 150) .... done (Time = 0.00s, Memory = 32.0K)
Checking Rule SGDC_abstract_port10 (Rule 119 of total 150) .... done (Time = 0.00s, Memory = 0.0K)
Checking Rule SGDC_abstract_port11 (Rule 120 of total 150) .... done (Time = 0.00s, Memory = -1.5K)
Checking Rule SGDC_abstract_port12 (Rule 121 of total 150) .... done (Time = 0.00s, Memory = 0.0K)
Checking Rule SGDC_abstract_port13 (Rule 122 of total 150) .... done (Time = 0.00s, Memory = 0.4K)
Checking Rule ReportUngroup (Rule 123 of total 150) .... done (Time = 0.00s, Memory = 0.0K)
Checking Rule SGDC_abstract_port21 (Rule 124 of total 150) .... done (Time = 0.00s, Memory = 0.0K)
 Flattening sys_top (.lib instances separately flattened) ....
 Flattening completed
Checking Rule AnalyzeBBox (Rule 125 of total 150) .... done (Time = 0.00s, Memory = 0.2K)
Checking Rule ReportCheckDataSummary (Rule 60 of total 150) .... done (Time = 0.00s, Memory = -3.0K)

Generating data for Console...

SpyGlass Rule Checking Complete.

Generating moresimple report from './spyglass-1/sys_top/Design_Read/spyglass.vdb' to './spyglass-1/sys_top/Design_Read/spyglass_reports/moresimple.rpt' ....

Generating runsummary report from './spyglass-1/sys_top/Design_Read/spyglass.vdb' ....

Generating no_msg_reporting_rules report from './spyglass-1/sys_top/Design_Read/spyglass.vdb' to './spyglass-1/sys_top/Design_Read/spyglass_reports/no_msg_reporting_rules.rpt' ....

Policy specific data (reports) are present in the directory './spyglass-1/sys_top/Design_Read/spyglass_reports'.

SpyGlass critical reports for the current run are present in directory './spyglass-1/consolidated_reports/sys_top_Design_Read/'.

---------------------------------------------------------------------------------------------
Results Summary:
---------------------------------------------------------------------------------------------
   Goal Run           :      Design_Read
   Command-line read  :      0 error,      0 warning,      1 information message 
   Design Read        :      0 error,      0 warning,      2 information messages
      Found 1 top module:
         sys_top   (file: ../rtl/System_Top/SYS_TOP_dft.v)

   Blackbox Resolution:      0 error,      0 warning,      0 information message 
   SGDC Checks        :      0 error,      0 warning,      0 information message 
   -------------------------------------------------------------------------------------
   Total              :      0 error,      0 warning,      3 information messages

  Total Number of Generated Messages     :         3 (0 error, 0 warning, 3 Infos)
  Number of Reported Messages            :         3 (0 error, 0 warning, 3 Infos)

---------------------------------------------------------------------------------------------


run_goal: info: updating spyglass.log with goal summary
---------------------------------------------------------------------------------------------------
Results Summary:
---------------------------------------------------------------------------------------------------
   Goal Run           :      Design_Read
   Top Module         :      sys_top
---------------------------------------------------------------------------------------------------
   Reports Directory: 
   /home/ICer/UART_System/Spyglass2/spyglass-1/consolidated_reports/sys_top_Design_Read/ 

   SpyGlass LogFile: 
    /home/ICer/UART_System/Spyglass2/spyglass-1/sys_top/Design_Read/spyglass.log 

   Standard Reports: 
     moresimple.rpt          no_msg_reporting_rules.rpt       

   HTML report:
    /home/ICer/UART_System/Spyglass2/spyglass-1/html_reports/goals_summary.html
  

   Technology Reports:  
     <Not Available>
   
   
---------------------------------------------------------------------------------------------------
   Goal Violation Summary:
       Waived   Messages:                      0 Errors,      0 Warnings,      0 Infos
       Reported Messages:         0 Fatals,    0 Errors,      0 Warnings,      3 Infos
---------------------------------------------------------------------------------------------------
   
---------------------------------------------------------------------------------------------------
 
run_goal: info: spyglass.log successfully updated with goal summary
run_goal: warning: cannot find design unit `Data_Sync' specified through command current_design
run_goal: info: setting design top `sys_top' as current_design
0 {Rule-checking completed without errors or warnings}current_goal: info: loading goal `lint/lint_rtl' with top `sys_top' (in progress)
current_goal: info: finished loading goal `lint/lint_rtl' (ok)

INFO:    SpyGlass will run goal(s) 'lint/lint_rtl'.


 Auto-compiling gates libraries

        "../System_pnr/std_cells/libs/scmetro_tsmc_cl013g_rvt_ss_1p08v_125c.lib"
        "../System_pnr/std_cells/libs/scmetro_tsmc_cl013g_rvt_tt_1p2v_25c.lib"
        "../System_pnr/std_cells/libs/scmetro_tsmc_cl013g_rvt_ff_1p32v_m40c.lib"
    to
        "./spyglass-1/spyglass_cache/autogenerated_sglib/aggregate.sglib" ...already compiled

 Using this already compiled sglib for the current run ...

RULE-CHECKING IN MIXED MODE
Loading spyglass (SpyGlass_vL-2016.06) ... (picked from /home/synopsys/SpyGlass-L2016.06/SPYGLASS_HOME/policies/spyglass)
Loading openmore (SpyGlass_vL-2016.06) ... (picked from /home/synopsys/SpyGlass-L2016.06/SPYGLASS_HOME/policies/openmore)
Loading starc (SpyGlass_vL-2016.06) ... (picked from /home/synopsys/SpyGlass-L2016.06/SPYGLASS_HOME/policies/starc)
Loading starc2005 (SpyGlass_vL-2016.06) ... (picked from /home/synopsys/SpyGlass-L2016.06/SPYGLASS_HOME/policies/starc2005)
Loading erc (SpyGlass_vL-2016.06) ... (picked from /home/synopsys/SpyGlass-L2016.06/SPYGLASS_HOME/policies/erc)
Loading simulation (SpyGlass_vL-2016.06) ... (picked from /home/synopsys/SpyGlass-L2016.06/SPYGLASS_HOME/policies/simulation)
Loading lint (SpyGlass_vL-2016.06) ... (picked from /home/synopsys/SpyGlass-L2016.06/SPYGLASS_HOME/policies/lint)
Loading latch (SpyGlass_vL-2016.06) ... (picked from /home/synopsys/SpyGlass-L2016.06/SPYGLASS_HOME/policies/latch)
Loading morelint (SpyGlass_vL-2016.06) ... (picked from /home/synopsys/SpyGlass-L2016.06/SPYGLASS_HOME/policies/morelint)
Loading timing (SpyGlass_vL-2016.06) ... (picked from /home/synopsys/SpyGlass-L2016.06/SPYGLASS_HOME/policies/timing)
Loading starc2002 (SpyGlass_vL-2016.06) ... (picked from /home/synopsys/SpyGlass-L2016.06/SPYGLASS_HOME/policies/starc2002)

WARNING [237]    Following rules can not run on restored design database. Hence, HDL being re-read:
                 STARC05-2.10.3.2a
                 STARC05-2.1.4.5
                 STARC05-2.1.5.3
                 STARC05-2.2.3.3
                 STARC05-2.3.1.5b
                 STARC05-2.3.1.6
                 STARC05-2.3.3.1
                 STARC05-2.10.2.3
                 STARC05-2.11.3.1
                 STARC05-2.1.3.1
                 STARC05-2.3.1.2c
                 STARC05-2.10.1.4a
                 STARC05-2.10.1.4b
                 STARC05-2.3.4.1v
                 sim_race02
                 W339a
                 W442a
                 W442b
                 W442c
                 W442f
                 mixedsenselist
                 badimplicitSM1
                 badimplicitSM2
                 badimplicitSM4
                 bothedges
                 W110
                 W122
                 W496a
                 W496b
                 W19
                 W66
                 W116
                 W123
                 W156
                 W215
                 W216
                 W218
                 W224
                 W263
                 W289
                 W317
                 W337
                 W352
                 W362
                 W415a
                 W422
                 W426
                 W480
                 W481a
                 W481b
                 W486
                 W499
                 W502
                 W336
                 W414
                 BlockHeader
                 W292
                 W416
                 W110a
                 W71
                 W240
                 W287a
                 W287b
                 W293
                 W398
                 W421
                 W424
                 W467
                 W505
                 W528
                 W392
                 W450L
                 RegInputOutput-ML
                 ReportPortInfo-ML
                 PragmaComments-ML
                 NoAssignX-ML
                 ParamWidthMismatch-ML
                 CheckDelayTimescale-ML
                 NoXInCase-ML
                 STARC05-2.5.1.7
                 STARC05-2.1.6.5
                 STARC05-2.5.1.9
Reading specified sglib files(s) ....
   Processing library: 'scmetro_tsmc_cl013g_rvt_ss_1p08v_125c' .... done
   Processing library: 'scmetro_tsmc_cl013g_rvt_tt_1p2v_25c' .... done
   Processing library: 'scmetro_tsmc_cl013g_rvt_ff_1p32v_m40c' .... done
Checking Rule AutoGenerateSglib (Rule 1 of total 255) .... done (Time = 0.00s, Memory = 0.0K)

INFO [76]    Using `./spyglass-1/sys_top/WORK/64' as the Work Directory for 64bit precompiled dump.
Checking Rule PrecompileLibCheck01 (Rule 2 of total 255) .... done (Time = 0.00s, Memory = 0.0K)
Checking Rule PrecompileLibCheck02 (Rule 3 of total 255) .... done (Time = 0.00s, Memory = 0.0K)
Checking Rule PrecompileLibCheck03 (Rule 4 of total 255) .... done (Time = 0.00s, Memory = 0.0K)
Checking Rule PrecompileLibCheck04 (Rule 5 of total 255) .... done (Time = 0.00s, Memory = 0.0K)
Checking Rule ReportSglibVersionSummary (Rule 6 of total 255) .... done (Time = 0.00s, Memory = 0.0K)
Checking Rule SGDC_assume_path01 (Rule 7 of total 255) .... done (Time = 0.00s, Memory = 0.0K)
Checking Rule SGDC_sdcschema02 (Rule 8 of total 255) .... done (Time = 0.00s, Memory = 1.3K)
Checking Rule SGDC_clock05 (Rule 9 of total 255) .... done (Time = 0.00s, Memory = 1.5K)
Checking Rule SGDC_clock09 (Rule 10 of total 255) .... done (Time = 0.00s, Memory = 0.0K)
Checking Rule SGDC_force_ta05 (Rule 11 of total 255) .... done (Time = 0.00s, Memory = 0.0K)
Checking Rule SGDC_require_path03 (Rule 12 of total 255) .... done (Time = 0.00s, Memory = 0.0K)
Checking Rule SGDC_require_value03 (Rule 13 of total 255) .... done (Time = 0.00s, Memory = 3.1K)
Checking Rule SGDC_voltagedomain05 (Rule 14 of total 255) .... done (Time = 0.00s, Memory = 0.0K)
Checking Rule SGDC_voltagedomain06 (Rule 15 of total 255) .... done (Time = 0.00s, Memory = 0.4K)
Checking Rule SGDC_voltagedomain07 (Rule 16 of total 255) .... done (Time = 0.00s, Memory = 32.0K)
Checking Rule SGDC_powerdomainoutputs02 (Rule 17 of total 255) .... done (Time = 0.00s, Memory = 0.0K)
Checking Rule SGDC_supply01 (Rule 18 of total 255) .... done (Time = 0.00s, Memory = -8.0K)
Checking Rule SGDC_waive01 (Rule 19 of total 255) .... done (Time = 0.00s, Memory = 0.2K)
Checking Rule SGDC_waive02 (Rule 20 of total 255) .... done (Time = 0.00s, Memory = -19.3K)
Checking Rule SGDC_waive03 (Rule 21 of total 255) .... done (Time = 0.00s, Memory = 0.0K)
Checking Rule SGDC_waive04 (Rule 22 of total 255) .... done (Time = 0.00s, Memory = 0.0K)
Checking Rule SGDC_waive05 (Rule 23 of total 255) .... done (Time = 0.00s, Memory = 0.1K)
Checking Rule SGDC_waive06 (Rule 24 of total 255) .... done (Time = 0.00s, Memory = -0.5K)
Checking Rule SGDC_waive07 (Rule 25 of total 255) .... done (Time = 0.00s, Memory = 0.0K)
Checking Rule SGDC_waive08 (Rule 26 of total 255) .... done (Time = 0.00s, Memory = -21.0K)
Checking Rule SGDC_waive09 (Rule 27 of total 255) .... done (Time = 0.00s, Memory = 0.0K)
Checking Rule SGDC_waive10 (Rule 28 of total 255) .... done (Time = 0.00s, Memory = -0.5K)
Checking Rule SGDC_waive11 (Rule 29 of total 255) .... done (Time = 0.00s, Memory = -0.4K)
Checking Rule SGDC_waive12 (Rule 30 of total 255) .... done (Time = 0.00s, Memory = 0.0K)
Checking Rule SGDC_waive13 (Rule 31 of total 255) .... done (Time = 0.00s, Memory = 0.0K)
Checking Rule SGDC_waive21 (Rule 32 of total 255) .... done (Time = 0.00s, Memory = 0.0K)
Checking Rule SGDC_waive22 (Rule 33 of total 255) .... done (Time = 0.00s, Memory = 1.6K)
Checking Rule SGDC_waive30 (Rule 34 of total 255) .... done (Time = 0.00s, Memory = 0.0K)
Checking Rule SGDC_waive32 (Rule 35 of total 255) .... done (Time = 0.00s, Memory = 0.0K)
Checking Rule SGDC_waive33 (Rule 36 of total 255) .... done (Time = 0.00s, Memory = 0.0K)
Checking Rule SGDC_waive36 (Rule 37 of total 255) .... done (Time = 0.00s, Memory = 0.0K)
Checking Rule SGDC_waive38 (Rule 38 of total 255) .... done (Time = 0.00s, Memory = 13.6K)
Checking Rule SGDC_fifo01 (Rule 39 of total 255) .... done (Time = 0.00s, Memory = -1.9K)
Checking Rule SGDC_libgroup01 (Rule 40 of total 255) .... done (Time = 0.00s, Memory = 0.0K)
Checking Rule SGDC_libgroup02 (Rule 41 of total 255) .... done (Time = 0.00s, Memory = 24.0K)
Checking Rule SGDC_libgroup04 (Rule 42 of total 255) .... done (Time = 0.00s, Memory = 15.0K)
Checking Rule SGDC_power_data01 (Rule 43 of total 255) .... done (Time = 0.00s, Memory = 0.0K)
Checking Rule SGDC_ungroup01 (Rule 44 of total 255) .... done (Time = 0.00s, Memory = 15.0K)
Checking Rule SGDC_abstract_port06 (Rule 45 of total 255) .... done (Time = 0.00s, Memory = 0.0K)
Checking Rule SGDC_abstract_port14 (Rule 46 of total 255) .... done (Time = 0.00s, Memory = 23.0K)
Checking Rule SGDC_abstract_port15 (Rule 47 of total 255) .... done (Time = 0.00s, Memory = -16.0K)
Checking Rule SGDC_abstract_port18 (Rule 48 of total 255) .... done (Time = 0.00s, Memory = 0.0K)
Checking Rule sdc_init_rule (Rule 49 of total 255) .... done (Time = 0.00s, Memory = 0.6K)
Checking Rule CMD_ignorelibs01 (Rule 50 of total 255) .... done (Time = 0.00s, Memory = 0.0K)
Checking Rule ReportRuleNotRun (Rule 51 of total 255) .... done (Time = 0.01s, Memory = -2.7K)
Checking Rule STARC05-2.3.1.2c (Rule 52 of total 255) .... done (Time = 0.00s, Memory = 0.0K)
Checking Rule W442a (Rule 53 of total 255) .... done (Time = 0.00s, Memory = 0.0K)
Checking Rule W442b (Rule 54 of total 255) .... done (Time = 0.00s, Memory = 11.6K)
Checking Rule W442c (Rule 55 of total 255) .... done (Time = 0.00s, Memory = 0.0K)
Checking Rule W442f (Rule 56 of total 255) .... done (Time = 0.00s, Memory = 0.0K)
Checking Rule mixedsenselist (Rule 57 of total 255) .... done (Time = 0.00s, Memory = 0.0K)
Checking Rule badimplicitSM1 (Rule 58 of total 255) .... done (Time = 0.00s, Memory = 0.0K)
Checking Rule badimplicitSM2 (Rule 59 of total 255) .... done (Time = 0.00s, Memory = 0.0K)
Checking Rule badimplicitSM4 (Rule 60 of total 255) .... done (Time = 0.00s, Memory = 0.0K)
Checking Rule bothedges (Rule 61 of total 255) .... done (Time = 0.00s, Memory = 0.0K)
Checking Rule BlockHeader (Rule 62 of total 255) .... done (Time = 0.00s, Memory = 0.0K)
Checking Rule W421 (Rule 63 of total 255) .... done (Time = 0.00s, Memory = 0.0K)
Checking Rule STARC05-2.1.6.5 (Rule 64 of total 255) .... done (Time = 0.00s, Memory = 0.0K)
Checking Rule ReportStopSummary (Rule 65 of total 255) .... done (Time = 0.00s, Memory = 0.0K)
Checking Rule ReportIgnoreSummary (Rule 66 of total 255) .... done (Time = 0.00s, Memory = 0.0K)
 Analyzing source file "../rtl/UART/Package.sv" ....
 Analyzing source file "../rtl/UART/Serializer.v" ....
 Analyzing source file "../rtl/UART/Stp_Chk.v" ....
 Analyzing source file "../rtl/UART/Strt_Chk.v" ....
 Analyzing source file "../rtl/UART/TX_FSM.sv" ....
 Analyzing source file "../rtl/UART/TX_TOP.sv" ....
 Analyzing source file "../rtl/UART/UART.v" ....
 Analyzing source file "../rtl/UART/UART_RX.sv" ....
 Analyzing source file "../rtl/UART/Data_Sampling.v" ....
 Analyzing source file "../rtl/UART/DATA_SYNC.v" ....
 Analyzing source file "../rtl/UART/DeSerializer.v" ....
 Analyzing source file "../rtl/UART/Edge_Bit_Counter.v" ....
 Analyzing source file "../rtl/UART/MUX.sv" ....
 Analyzing source file "../rtl/UART/Parity_Calc.v" ....
 Analyzing source file "../rtl/UART/Parity_Chk.v" ....
 Analyzing source file "../rtl/UART/RX_FSM.sv" ....
 Analyzing source file "../rtl/ALU/ALU.v" ....
 Analyzing source file "../rtl/ClkDiv_ClkGate/Clk_divider.sv" ....
 Analyzing source file "../rtl/ClkDiv_ClkGate/CLK_GATE.v" ....
 Analyzing source file "../rtl/DataSynch_RstSynch_PulseGen/DATA_SYNCH.v" ....
 Analyzing source file "../rtl/DataSynch_RstSynch_PulseGen/PULSE_GEN.v" ....
 Analyzing source file "../rtl/DataSynch_RstSynch_PulseGen/RST_SYNCH.v" ....
 Analyzing source file "../rtl/FIFO/Async_FIFO.v" ....
 Analyzing source file "../rtl/FIFO/DF_SYNC.v" ....
 Analyzing source file "../rtl/FIFO/FIFO_MEM_CNTRL.v" ....
 Analyzing source file "../rtl/FIFO/FIFO_RD.v" ....
 Analyzing source file "../rtl/FIFO/FIFO_WR.v" ....
 Analyzing source file "../rtl/SYS_Control_RegisterFile/Register.v" ....
 Analyzing source file "../rtl/SYS_Control_RegisterFile/SYS_CTRL.sv" ....
 Analyzing source file "../rtl/System_Top/SYS_TOP_dft.v" ....
 Elaborating Top Verilog Design Unit 'sys_top' ..... done
Checking Rule ElabSummary (Rule 67 of total 255) .... done (Time = 0.00s, Memory = 6.9K)
Checking Rule ReportCheckDataSummary (Rule 68 of total 255) .... done (Time = 0.00s, Memory = 0.0K)
 Reading waiver file "./spyglass-1/sys_top/lint/lint_rtl/spyglass_spysch/constraint/spg_autogenerated_waivers.sgdc" ...
 Generating SGDC file "./spyglass-1/sys_top/lint/lint_rtl/spyglass_spysch/constraint/pragma2Constraint.sgdc" from pragmas in HDL source files ....
 Generating WAIVER file "./spyglass-1/sys_top/lint/lint_rtl/spyglass_spysch/waiver/pragma2Waiver.swl" from pragmas in HDL source files ....
Checking Rule DetectTopDesignUnits (Rule 69 of total 255)
 Detected 1 top level design units:
     sys_top
 .... done (Time = 0.00s, Memory = 2.5K)
Performing semantic checks on SGDC contents
Checking Rule SGDC_testmode03 (Rule 70 of total 255) .... done (Time = 0.00s, Memory = -2.0K)
Checking Rule ReportObsoletePragmas (Rule 71 of total 255) .... done (Time = 0.00s, Memory = -3.0K)
Checking Rule GenerateConfMap (Rule 72 of total 255) .... done (Time = 0.00s, Memory = 0.0K)
Checking Rule HdlLibDuCheck (Rule 73 of total 255) .... done (Time = 0.00s, Memory = 0.0K)
Checking Rule RtlDesignInfo (Rule 74 of total 255) .... done (Time = 0.00s, Memory = 7.1K)
Checking Rule sim_race02 (Rule 75 of total 255) .... done (Time = 0.01s, Memory = 85.6K)
Checking Rule W339a (Rule 76 of total 255) .... done (Time = 0.00s, Memory = -0.2K)
Checking Rule W416 (Rule 77 of total 255) .... done (Time = 0.00s, Memory = 0.0K)
Checking Rule mixedsenselist (Rule 78 of total 255) .... done (Time = 0.00s, Memory = 0.0K)
Checking Rule W110a (Rule 79 of total 255) .... done (Time = 0.00s, Memory = 0.0K)
Checking Rule preReq_ConsCase2 (Rule 80 of total 255) .... done (Time = 0.00s, Memory = 0.0K)
Checking Rule preReq_ConsCase (Rule 81 of total 255) .... done (Time = 0.00s, Memory = 0.0K)
Checking Rule STARC05-AlwaysParamSetup (Rule 82 of total 255) .... done (Time = 0.00s, Memory = -0.6K)
Checking Rule STARC05-ProcessParamSetup (Rule 83 of total 255) .... done (Time = 0.00s, Memory = 0.0K)
Checking Rule Latch_VePreReqRule (Rule 84 of total 255) .... done (Time = 0.00s, Memory = 0.0K)
Checking Rule CheckCelldefine (Rule 85 of total 255) .... done (Time = 0.00s, Memory = -8.0K)
Checking Rule Prereqs_RegOutputs (Rule 86 of total 255) .... done (Time = 0.00s, Memory = 0.0K)
Checking Rule STARC05-2.1.4.5 (Rule 87 of total 255) .... done (Time = 0.00s, Memory = 5.2K)
Checking Rule STARC05-2.3.1.5b (Rule 88 of total 255) .... done (Time = 0.00s, Memory = -2.6K)
Checking Rule STARC05-2.3.3.1 (Rule 89 of total 255) .... done (Time = 0.00s, Memory = 7.2K)
Checking Rule STARC05-2.3.3.1 (Rule 90 of total 255) .... done (Time = 0.00s, Memory = 0.0K)
Checking Rule STARC05-2.11.3.1 (Rule 91 of total 255) .... done (Time = 0.00s, Memory = 0.0K)
Checking Rule STARC05-2.10.1.4a (Rule 92 of total 255) .... done (Time = 0.00s, Memory = 23.6K)
Checking Rule W496b (Rule 93 of total 255) .... done (Time = 0.00s, Memory = -0.2K)
Checking Rule W317 (Rule 94 of total 255) .... done (Time = 0.00s, Memory = -4.9K)
Checking Rule W422 (Rule 95 of total 255) .... done (Time = 0.00s, Memory = -6.3K)
Checking Rule W426 (Rule 96 of total 255) .... done (Time = 0.00s, Memory = 0.8K)
Checking Rule W480 (Rule 97 of total 255) .... done (Time = 0.00s, Memory = 0.0K)
Checking Rule W481a (Rule 98 of total 255) .... done (Time = 0.00s, Memory = 0.0K)
Checking Rule W481b (Rule 99 of total 255) .... done (Time = 0.00s, Memory = 1.6K)
Checking Rule W422 (Rule 100 of total 255) .... done (Time = 0.00s, Memory = 0.0K)
Checking Rule W156 (Rule 101 of total 255) .... done (Time = 0.00s, Memory = 0.0K)
Checking Rule W292 (Rule 102 of total 255) .... done (Time = 0.00s, Memory = 0.0K)
Checking Rule W71 (Rule 103 of total 255) .... done (Time = 0.00s, Memory = 0.0K)
Checking Rule W287b (Rule 104 of total 255) .... done (Time = 0.00s, Memory = 32.0K)
Checking Rule W293 (Rule 105 of total 255) .... done (Time = 0.00s, Memory = 0.0K)
Checking Rule W398 (Rule 106 of total 255) .... done (Time = 0.00s, Memory = 0.0K)
Checking Rule W421 (Rule 107 of total 255) .... done (Time = 0.00s, Memory = -24.7K)
Checking Rule W424 (Rule 108 of total 255) .... done (Time = 0.00s, Memory = 0.0K)
Checking Rule W467 (Rule 109 of total 255) .... done (Time = 0.00s, Memory = 0.0K)
Checking Rule Prereqs_RegInputOutputs (Rule 110 of total 255) .... done (Time = 0.00s, Memory = 0.0K)
Checking Rule PragmaComments-ML (Rule 111 of total 255) .... done (Time = 0.00s, Memory = 72.6K)
Checking Rule PragmaComments-ML (Rule 112 of total 255) .... done (Time = 0.00s, Memory = -0.8K)
Checking Rule CheckDelayTimescale-ML (Rule 113 of total 255) .... done (Time = 0.01s, Memory = -11.8K)
Checking Rule Prereqs_InclFileSetup-ML (Rule 114 of total 255) .... done (Time = 0.00s, Memory = 24.0K)
Checking ELABDU Rules for designUnit sys_top
    Checking Rule Prereqs_STARC-2.3.6.1 (Rule 115 of total 255) .... done (Time = 0.00s, Memory = -0.1K)
    Checking Rule STARC05-2.1.5.3 (Rule 116 of total 255) .... done (Time = 0.00s, Memory = 0.0K)
    Checking Rule STARC05-2.2.3.3 (Rule 117 of total 255) .... done (Time = 0.00s, Memory = 5.6K)
    Checking Rule STARC05-2.3.1.6 (Rule 118 of total 255) .... done (Time = 0.00s, Memory = 0.0K)
    Checking Rule STARC05-2.10.2.3 (Rule 119 of total 255) .... done (Time = 0.00s, Memory = 0.3K)
    Checking Rule STARC05-2.10.3.2a (Rule 120 of total 255) .... done (Time = 0.00s, Memory = 0.4K)
    Checking Rule STARC05-2.11.3.1 (Rule 121 of total 255) .... done (Time = 0.00s, Memory = 1.2K)
    Checking Rule STARC05-2.1.3.1 (Rule 122 of total 255) .... done (Time = 0.00s, Memory = 1.3K)
    Checking Rule STARC05-2.10.1.4b (Rule 123 of total 255) .... done (Time = 0.00s, Memory = 24.0K)
    Checking Rule W110 (Rule 124 of total 255) .... done (Time = 0.00s, Memory = 1.5K)
    Checking Rule W122 (Rule 125 of total 255) .... done (Time = 0.00s, Memory = 11.0K)
    Checking Rule W496a (Rule 126 of total 255) .... done (Time = 0.00s, Memory = 0.0K)
    Checking Rule W19 (Rule 127 of total 255) .... done (Time = 0.00s, Memory = 5.1K)
    Checking Rule W66 (Rule 128 of total 255) .... done (Time = 0.00s, Memory = 0.0K)
    Checking Rule W116 (Rule 129 of total 255) .... done (Time = 0.00s, Memory = 0.2K)
    Checking Rule W123 (Rule 130 of total 255) .... done (Time = 0.00s, Memory = 25.0K)
    Checking Rule W156 (Rule 131 of total 255) .... done (Time = 0.00s, Memory = 8.0K)
    Checking Rule W215 (Rule 132 of total 255) .... done (Time = 0.00s, Memory = 12.8K)
    Checking Rule W216 (Rule 133 of total 255) .... done (Time = 0.01s, Memory = -8.2K)
    Checking Rule W218 (Rule 134 of total 255) .... done (Time = 0.00s, Memory = 3.5K)
    Checking Rule W224 (Rule 135 of total 255) .... done (Time = 0.00s, Memory = 0.0K)
    Checking Rule W263 (Rule 136 of total 255) .... done (Time = 0.00s, Memory = 0.2K)
    Checking Rule W289 (Rule 137 of total 255) .... done (Time = 0.00s, Memory = -4.2K)
    Checking Rule W337 (Rule 138 of total 255) .... done (Time = 0.00s, Memory = 0.0K)
    Checking Rule W352 (Rule 139 of total 255) .... done (Time = 0.00s, Memory = 0.0K)
    Checking Rule W362 (Rule 140 of total 255) .... done (Time = 0.00s, Memory = 7.2K)
    Checking Rule W415a (Rule 141 of total 255) .... done (Time = 0.00s, Memory = 0.0K)
    Checking Rule W486 (Rule 142 of total 255) .... done (Time = 0.00s, Memory = -8.4K)
    Checking Rule W499 (Rule 143 of total 255) .... done (Time = 0.00s, Memory = -19.0K)
    Checking Rule W502 (Rule 144 of total 255) .... done (Time = 0.00s, Memory = 9.2K)
    Checking Rule W116 (Rule 145 of total 255) .... done (Time = 0.00s, Memory = 0.0K)
    Checking Rule W122 (Rule 146 of total 255) .... done (Time = 0.00s, Memory = 0.2K)
    Checking Rule W123 (Rule 147 of total 255) .... done (Time = 0.00s, Memory = 0.6K)
    Checking Rule W71 (Rule 148 of total 255) .... done (Time = 0.00s, Memory = 0.1K)
    Checking Rule W240 (Rule 149 of total 255) .... done (Time = 0.00s, Memory = 1.0K)
    Checking Rule W240 (Rule 150 of total 255) .... done (Time = 0.00s, Memory = 0.2K)
    Checking Rule W287a (Rule 151 of total 255) .... done (Time = 0.00s, Memory = 1.0K)
    Checking Rule W293 (Rule 152 of total 255) .... done (Time = 0.00s, Memory = 0.0K)
    Checking Rule W398 (Rule 153 of total 255) .... done (Time = 0.00s, Memory = -1.8K)
    Checking Rule W424 (Rule 154 of total 255) .... done (Time = 0.00s, Memory = 0.0K)
    Checking Rule W467 (Rule 155 of total 255) .... done (Time = 0.00s, Memory = -2.8K)
    Checking Rule W505 (Rule 156 of total 255) .... done (Time = 0.01s, Memory = 32.0K)
    Checking Rule W505 (Rule 157 of total 255) .... done (Time = 0.00s, Memory = 0.0K)
    Checking Rule W528 (Rule 158 of total 255) .... done (Time = 0.00s, Memory = -14.0K)
    Checking Rule W528 (Rule 159 of total 255) .... done (Time = 0.00s, Memory = 645.4K)
    Checking Rule Prereqs_Usage (Rule 160 of total 255) .... done (Time = 0.00s, Memory = -16.0K)
    Checking Rule Postreqs_CheckFuncTask (Rule 161 of total 255) .... done (Time = 0.00s, Memory = 0.0K)
    Checking Rule Prereqs_ConstantInput-ML (Rule 162 of total 255) .... done (Time = 0.00s, Memory = 0.0K)
    Checking Rule Prereqs_ConstantInput-ML (Rule 163 of total 255) .... done (Time = 0.00s, Memory = 0.0K)
    Checking Rule ReportPortInfo-ML (Rule 164 of total 255) .... done (Time = 0.01s, Memory = 4.0K)
    Checking Rule NoAssignX-ML (Rule 165 of total 255) .... done (Time = 0.00s, Memory = 0.0K)
    Checking Rule ParamWidthMismatch-ML (Rule 166 of total 255) .... done (Time = 0.00s, Memory = 0.0K)
    Checking Rule Postreqs_Usage_ML (Rule 167 of total 255) .... done (Time = 0.00s, Memory = 0.0K)
    Checking Rule NoXInCase-ML (Rule 168 of total 255) .... done (Time = 0.00s, Memory = 0.0K)
Checking ELABDU Rules for designUnit PULSE_GEN
    Checking Rule Prereqs_STARC-2.3.6.1 (Rule 115 of total 255) .... done (Time = 0.00s, Memory = 0.0K)
    Checking Rule STARC05-2.1.5.3 (Rule 116 of total 255) .... done (Time = 0.00s, Memory = 0.0K)
    Checking Rule STARC05-2.2.3.3 (Rule 117 of total 255) .... done (Time = 0.00s, Memory = 24.5K)
    Checking Rule STARC05-2.3.1.6 (Rule 118 of total 255) .... done (Time = 0.00s, Memory = 0.0K)
    Checking Rule STARC05-2.10.2.3 (Rule 119 of total 255) .... done (Time = 0.00s, Memory = 8.0K)
    Checking Rule STARC05-2.10.3.2a (Rule 120 of total 255) .... done (Time = 0.00s, Memory = 8.4K)
    Checking Rule STARC05-2.11.3.1 (Rule 121 of total 255) .... done (Time = 0.00s, Memory = -8.0K)
    Checking Rule STARC05-2.1.3.1 (Rule 122 of total 255) .... done (Time = 0.00s, Memory = 12.5K)
    Checking Rule STARC05-2.10.1.4b (Rule 123 of total 255) .... done (Time = 0.00s, Memory = 8.0K)
    Checking Rule W110 (Rule 124 of total 255) .... done (Time = 0.00s, Memory = 3.9K)
    Checking Rule W122 (Rule 125 of total 255) .... done (Time = 0.00s, Memory = -0.2K)
    Checking Rule W496a (Rule 126 of total 255) .... done (Time = 0.00s, Memory = 0.0K)
    Checking Rule W19 (Rule 127 of total 255) .... done (Time = 0.00s, Memory = -32.0K)
    Checking Rule W66 (Rule 128 of total 255) .... done (Time = 0.00s, Memory = 32.0K)
    Checking Rule W116 (Rule 129 of total 255) .... done (Time = 0.00s, Memory = 0.0K)
    Checking Rule W123 (Rule 130 of total 255) .... done (Time = 0.00s, Memory = 16.0K)
    Checking Rule W156 (Rule 131 of total 255) .... done (Time = 0.00s, Memory = 0.0K)
    Checking Rule W215 (Rule 132 of total 255) .... done (Time = 0.00s, Memory = 0.0K)
    Checking Rule W216 (Rule 133 of total 255) .... done (Time = 0.00s, Memory = 0.0K)
    Checking Rule W218 (Rule 134 of total 255) .... done (Time = 0.00s, Memory = 0.0K)
    Checking Rule W224 (Rule 135 of total 255) .... done (Time = 0.00s, Memory = 0.0K)
    Checking Rule W263 (Rule 136 of total 255) .... done (Time = 0.00s, Memory = 0.0K)
    Checking Rule W289 (Rule 137 of total 255) .... done (Time = 0.00s, Memory = 0.0K)
    Checking Rule W337 (Rule 138 of total 255) .... done (Time = 0.00s, Memory = 0.0K)
    Checking Rule W352 (Rule 139 of total 255) .... done (Time = 0.00s, Memory = 0.0K)
    Checking Rule W362 (Rule 140 of total 255) .... done (Time = 0.00s, Memory = 0.0K)
    Checking Rule W415a (Rule 141 of total 255) .... done (Time = 0.00s, Memory = 0.0K)
    Checking Rule W486 (Rule 142 of total 255) .... done (Time = 0.00s, Memory = 0.0K)
    Checking Rule W499 (Rule 143 of total 255) .... done (Time = 0.00s, Memory = 0.0K)
    Checking Rule W502 (Rule 144 of total 255) .... done (Time = 0.00s, Memory = 0.0K)
    Checking Rule W116 (Rule 145 of total 255) .... done (Time = 0.00s, Memory = 0.0K)
    Checking Rule W122 (Rule 146 of total 255) .... done (Time = 0.00s, Memory = 0.2K)
    Checking Rule W123 (Rule 147 of total 255) .... done (Time = 0.00s, Memory = 0.6K)
    Checking Rule W71 (Rule 148 of total 255) .... done (Time = 0.00s, Memory = 0.0K)
    Checking Rule W240 (Rule 149 of total 255) .... done (Time = 0.00s, Memory = 0.0K)
    Checking Rule W240 (Rule 150 of total 255) .... done (Time = 0.00s, Memory = 0.2K)
    Checking Rule W287a (Rule 151 of total 255) .... done (Time = 0.00s, Memory = 0.0K)
    Checking Rule W293 (Rule 152 of total 255) .... done (Time = 0.00s, Memory = 0.0K)
    Checking Rule W398 (Rule 153 of total 255) .... done (Time = 0.00s, Memory = 0.0K)
    Checking Rule W424 (Rule 154 of total 255) .... done (Time = 0.00s, Memory = -0.1K)
    Checking Rule W467 (Rule 155 of total 255) .... done (Time = 0.00s, Memory = 0.0K)
    Checking Rule W505 (Rule 156 of total 255) .... done (Time = 0.00s, Memory = 0.0K)
    Checking Rule W505 (Rule 157 of total 255) .... done (Time = 0.00s, Memory = 0.0K)
    Checking Rule W528 (Rule 158 of total 255) .... done (Time = 0.00s, Memory = 0.0K)
    Checking Rule W528 (Rule 159 of total 255) .... done (Time = 0.00s, Memory = 645.4K)
    Checking Rule Prereqs_Usage (Rule 160 of total 255) .... done (Time = 0.00s, Memory = -16.0K)
    Checking Rule Postreqs_CheckFuncTask (Rule 161 of total 255) .... done (Time = 0.00s, Memory = 0.0K)
    Checking Rule Prereqs_ConstantInput-ML (Rule 162 of total 255) .... done (Time = 0.00s, Memory = 0.0K)
    Checking Rule Prereqs_ConstantInput-ML (Rule 163 of total 255) .... done (Time = 0.00s, Memory = 0.0K)
    Checking Rule ReportPortInfo-ML (Rule 164 of total 255) .... done (Time = 0.00s, Memory = 0.0K)
    Checking Rule NoAssignX-ML (Rule 165 of total 255) .... done (Time = 0.00s, Memory = 0.0K)
    Checking Rule ParamWidthMismatch-ML (Rule 166 of total 255) .... done (Time = 0.00s, Memory = 0.0K)
    Checking Rule Postreqs_Usage_ML (Rule 167 of total 255) .... done (Time = 0.00s, Memory = 0.0K)
    Checking Rule NoXInCase-ML (Rule 168 of total 255) .... done (Time = 0.00s, Memory = 0.0K)
Checking ELABDU Rules for designUnit FIFO_TOP
    Checking Rule Prereqs_STARC-2.3.6.1 (Rule 115 of total 255) .... done (Time = 0.00s, Memory = 0.0K)
    Checking Rule STARC05-2.1.5.3 (Rule 116 of total 255) .... done (Time = 0.00s, Memory = 0.0K)
    Checking Rule STARC05-2.2.3.3 (Rule 117 of total 255) .... done (Time = 0.00s, Memory = 0.0K)
    Checking Rule STARC05-2.3.1.6 (Rule 118 of total 255) .... done (Time = 0.00s, Memory = 0.0K)
    Checking Rule STARC05-2.10.2.3 (Rule 119 of total 255) .... done (Time = 0.00s, Memory = 0.0K)
    Checking Rule STARC05-2.10.3.2a (Rule 120 of total 255) .... done (Time = 0.00s, Memory = 0.0K)
    Checking Rule STARC05-2.11.3.1 (Rule 121 of total 255) .... done (Time = 0.00s, Memory = 32.0K)
    Checking Rule STARC05-2.1.3.1 (Rule 122 of total 255) .... done (Time = 0.00s, Memory = 8.0K)
    Checking Rule STARC05-2.10.1.4b (Rule 123 of total 255) .... done (Time = 0.00s, Memory = -0.9K)
    Checking Rule W110 (Rule 124 of total 255) .... done (Time = 0.00s, Memory = -8.0K)
    Checking Rule W122 (Rule 125 of total 255) .... done (Time = 0.00s, Memory = 20.0K)
    Checking Rule W496a (Rule 126 of total 255) .... done (Time = 0.00s, Memory = 8.4K)
    Checking Rule W19 (Rule 127 of total 255) .... done (Time = 0.00s, Memory = 0.0K)
    Checking Rule W66 (Rule 128 of total 255) .... done (Time = 0.00s, Memory = 8.2K)
    Checking Rule W116 (Rule 129 of total 255) .... done (Time = 0.00s, Memory = 0.0K)
    Checking Rule W123 (Rule 130 of total 255) .... done (Time = 0.00s, Memory = 11.3K)
    Checking Rule W156 (Rule 131 of total 255) .... done (Time = 0.00s, Memory = 0.0K)
    Checking Rule W215 (Rule 132 of total 255) .... done (Time = 0.00s, Memory = -3.0K)
    Checking Rule W216 (Rule 133 of total 255) .... done (Time = 0.00s, Memory = 0.0K)
    Checking Rule W218 (Rule 134 of total 255) .... done (Time = 0.00s, Memory = 0.0K)
    Checking Rule W224 (Rule 135 of total 255) .... done (Time = 0.00s, Memory = 0.0K)
    Checking Rule W263 (Rule 136 of total 255) .... done (Time = 0.00s, Memory = 64.0K)
    Checking Rule W289 (Rule 137 of total 255) .... done (Time = 0.00s, Memory = -0.8K)
    Checking Rule W337 (Rule 138 of total 255) .... done (Time = 0.00s, Memory = 0.0K)
    Checking Rule W352 (Rule 139 of total 255) .... done (Time = 0.00s, Memory = 0.0K)
    Checking Rule W362 (Rule 140 of total 255) .... done (Time = 0.00s, Memory = 0.0K)
    Checking Rule W415a (Rule 141 of total 255) .... done (Time = 0.00s, Memory = -9.0K)
    Checking Rule W486 (Rule 142 of total 255) .... done (Time = 0.00s, Memory = 4.0K)
    Checking Rule W499 (Rule 143 of total 255) .... done (Time = 0.00s, Memory = -0.6K)
    Checking Rule W502 (Rule 144 of total 255) .... done (Time = 0.00s, Memory = -7.5K)
    Checking Rule W116 (Rule 145 of total 255) .... done (Time = 0.00s, Memory = 0.0K)
    Checking Rule W122 (Rule 146 of total 255) .... done (Time = 0.00s, Memory = 0.2K)
    Checking Rule W123 (Rule 147 of total 255) .... done (Time = 0.00s, Memory = 0.6K)
    Checking Rule W71 (Rule 148 of total 255) .... done (Time = 0.00s, Memory = 0.0K)
    Checking Rule W240 (Rule 149 of total 255) .... done (Time = 0.00s, Memory = -1.3K)
    Checking Rule W240 (Rule 150 of total 255) .... done (Time = 0.00s, Memory = 0.2K)
    Checking Rule W287a (Rule 151 of total 255) .... done (Time = 0.00s, Memory = -2.9K)
    Checking Rule W293 (Rule 152 of total 255) .... done (Time = 0.00s, Memory = 0.0K)
    Checking Rule W398 (Rule 153 of total 255) .... done (Time = 0.00s, Memory = 0.0K)
    Checking Rule W424 (Rule 154 of total 255) .... done (Time = 0.00s, Memory = 0.0K)
    Checking Rule W467 (Rule 155 of total 255) .... done (Time = 0.00s, Memory = -3.9K)
    Checking Rule W505 (Rule 156 of total 255) .... done (Time = 0.00s, Memory = 0.0K)
    Checking Rule W505 (Rule 157 of total 255) .... done (Time = 0.00s, Memory = 0.0K)
    Checking Rule W528 (Rule 158 of total 255) .... done (Time = 0.01s, Memory = -10.5K)
    Checking Rule W528 (Rule 159 of total 255) .... done (Time = 0.00s, Memory = 645.4K)
    Checking Rule Prereqs_Usage (Rule 160 of total 255) .... done (Time = 0.00s, Memory = -16.0K)
    Checking Rule Postreqs_CheckFuncTask (Rule 161 of total 255) .... done (Time = 0.00s, Memory = 4.0K)
    Checking Rule Prereqs_ConstantInput-ML (Rule 162 of total 255) .... done (Time = 0.00s, Memory = 0.0K)
    Checking Rule Prereqs_ConstantInput-ML (Rule 163 of total 255) .... done (Time = 0.00s, Memory = 0.0K)
    Checking Rule ReportPortInfo-ML (Rule 164 of total 255) .... done (Time = 0.00s, Memory = 0.0K)
    Checking Rule NoAssignX-ML (Rule 165 of total 255) .... done (Time = 0.00s, Memory = -24.0K)
    Checking Rule ParamWidthMismatch-ML (Rule 166 of total 255) .... done (Time = 0.00s, Memory = -0.7K)
    Checking Rule Postreqs_Usage_ML (Rule 167 of total 255) .... done (Time = 0.00s, Memory = -0.5K)
    Checking Rule NoXInCase-ML (Rule 168 of total 255) .... done (Time = 0.00s, Memory = 0.0K)
Checking ELABDU Rules for designUnit FIFO_MEM_CNTRL
    Checking Rule Prereqs_STARC-2.3.6.1 (Rule 115 of total 255) .... done (Time = 0.00s, Memory = 0.0K)
    Checking Rule STARC05-2.1.5.3 (Rule 116 of total 255) .... done (Time = 0.00s, Memory = 0.0K)
    Checking Rule STARC05-2.2.3.3 (Rule 117 of total 255) .... done (Time = 0.00s, Memory = 3.8K)
    Checking Rule STARC05-2.3.1.6 (Rule 118 of total 255) .... done (Time = 0.00s, Memory = 0.0K)
    Checking Rule STARC05-2.10.2.3 (Rule 119 of total 255) .... done (Time = 0.00s, Memory = 0.0K)
    Checking Rule STARC05-2.10.3.2a (Rule 120 of total 255) .... done (Time = 0.00s, Memory = 0.0K)
    Checking Rule STARC05-2.11.3.1 (Rule 121 of total 255) .... done (Time = 0.00s, Memory = 24.0K)
    Checking Rule STARC05-2.1.3.1 (Rule 122 of total 255) .... done (Time = 0.00s, Memory = 3.0K)
    Checking Rule STARC05-2.10.1.4b (Rule 123 of total 255) .... done (Time = 0.00s, Memory = 0.0K)
    Checking Rule W110 (Rule 124 of total 255) .... done (Time = 0.00s, Memory = 0.0K)
    Checking Rule W122 (Rule 125 of total 255) .... done (Time = 0.00s, Memory = -8.8K)
    Checking Rule W496a (Rule 126 of total 255) .... done (Time = 0.00s, Memory = 128.0K)
    Checking Rule W19 (Rule 127 of total 255) .... done (Time = 0.00s, Memory = 8.0K)
    Checking Rule W66 (Rule 128 of total 255) .... done (Time = 0.00s, Memory = -1.0K)
    Checking Rule W116 (Rule 129 of total 255) .... done (Time = 0.00s, Memory = 0.0K)
    Checking Rule W123 (Rule 130 of total 255) .... done (Time = 0.00s, Memory = 16.0K)
    Checking Rule W156 (Rule 131 of total 255) .... done (Time = 0.00s, Memory = 0.0K)
    Checking Rule W215 (Rule 132 of total 255) .... done (Time = 0.00s, Memory = 0.0K)
    Checking Rule W216 (Rule 133 of total 255) .... done (Time = 0.00s, Memory = 0.0K)
    Checking Rule W218 (Rule 134 of total 255) .... done (Time = 0.00s, Memory = 0.0K)
    Checking Rule W224 (Rule 135 of total 255) .... done (Time = 0.00s, Memory = 0.0K)
    Checking Rule W263 (Rule 136 of total 255) .... done (Time = 0.00s, Memory = 0.0K)
    Checking Rule W289 (Rule 137 of total 255) .... done (Time = 0.00s, Memory = 0.0K)
    Checking Rule W337 (Rule 138 of total 255) .... done (Time = 0.00s, Memory = 0.0K)
    Checking Rule W352 (Rule 139 of total 255) .... done (Time = 0.00s, Memory = 0.0K)
    Checking Rule W362 (Rule 140 of total 255) .... done (Time = 0.00s, Memory = 0.0K)
    Checking Rule W415a (Rule 141 of total 255) .... done (Time = 0.00s, Memory = 0.0K)
    Checking Rule W486 (Rule 142 of total 255) .... done (Time = 0.00s, Memory = 0.0K)
    Checking Rule W499 (Rule 143 of total 255) .... done (Time = 0.00s, Memory = 0.0K)
    Checking Rule W502 (Rule 144 of total 255) .... done (Time = 0.00s, Memory = 8.0K)
    Checking Rule W116 (Rule 145 of total 255) .... done (Time = 0.00s, Memory = 0.0K)
    Checking Rule W122 (Rule 146 of total 255) .... done (Time = 0.00s, Memory = 0.2K)
    Checking Rule W123 (Rule 147 of total 255) .... done (Time = 0.00s, Memory = 0.6K)
    Checking Rule W71 (Rule 148 of total 255) .... done (Time = 0.00s, Memory = 0.0K)
    Checking Rule W240 (Rule 149 of total 255) .... done (Time = 0.00s, Memory = 0.0K)
    Checking Rule W240 (Rule 150 of total 255) .... done (Time = 0.00s, Memory = 0.2K)
    Checking Rule W287a (Rule 151 of total 255) .... done (Time = 0.00s, Memory = 0.0K)
    Checking Rule W293 (Rule 152 of total 255) .... done (Time = 0.00s, Memory = 0.0K)
    Checking Rule W398 (Rule 153 of total 255) .... done (Time = 0.00s, Memory = 0.0K)
    Checking Rule W424 (Rule 154 of total 255) .... done (Time = 0.00s, Memory = 0.0K)
    Checking Rule W467 (Rule 155 of total 255) .... done (Time = 0.00s, Memory = 0.0K)
    Checking Rule W505 (Rule 156 of total 255) .... done (Time = 0.00s, Memory = 0.0K)
    Checking Rule W505 (Rule 157 of total 255) .... done (Time = 0.00s, Memory = 0.0K)
    Checking Rule W528 (Rule 158 of total 255) .... done (Time = 0.00s, Memory = 0.0K)
    Checking Rule W528 (Rule 159 of total 255) .... done (Time = 0.00s, Memory = 645.4K)
    Checking Rule Prereqs_Usage (Rule 160 of total 255) .... done (Time = 0.00s, Memory = -8.0K)
    Checking Rule Postreqs_CheckFuncTask (Rule 161 of total 255) .... done (Time = 0.00s, Memory = 8.0K)
    Checking Rule Prereqs_ConstantInput-ML (Rule 162 of total 255) .... done (Time = 0.00s, Memory = 0.0K)
    Checking Rule Prereqs_ConstantInput-ML (Rule 163 of total 255) .... done (Time = 0.00s, Memory = 0.0K)
    Checking Rule ReportPortInfo-ML (Rule 164 of total 255) .... done (Time = 0.00s, Memory = 11.8K)
    Checking Rule NoAssignX-ML (Rule 165 of total 255) .... done (Time = 0.00s, Memory = -0.2K)
    Checking Rule ParamWidthMismatch-ML (Rule 166 of total 255) .... done (Time = 0.00s, Memory = 0.2K)
    Checking Rule Postreqs_Usage_ML (Rule 167 of total 255) .... done (Time = 0.00s, Memory = 8.0K)
    Checking Rule NoXInCase-ML (Rule 168 of total 255) .... done (Time = 0.00s, Memory = 0.0K)
Checking ELABDU Rules for designUnit DF_SYNC
    Checking Rule Prereqs_STARC-2.3.6.1 (Rule 115 of total 255) .... done (Time = 0.00s, Memory = 0.0K)
    Checking Rule STARC05-2.1.5.3 (Rule 116 of total 255) .... done (Time = 0.00s, Memory = -3.0K)
    Checking Rule STARC05-2.2.3.3 (Rule 117 of total 255) .... done (Time = 0.00s, Memory = 0.0K)
    Checking Rule STARC05-2.3.1.6 (Rule 118 of total 255) .... done (Time = 0.00s, Memory = 8.0K)
    Checking Rule STARC05-2.10.2.3 (Rule 119 of total 255) .... done (Time = 0.00s, Memory = 0.0K)
    Checking Rule STARC05-2.10.3.2a (Rule 120 of total 255) .... done (Time = 0.00s, Memory = -8.3K)
    Checking Rule STARC05-2.11.3.1 (Rule 121 of total 255) .... done (Time = 0.00s, Memory = 0.0K)
    Checking Rule STARC05-2.1.3.1 (Rule 122 of total 255) .... done (Time = 0.00s, Memory = 0.0K)
    Checking Rule STARC05-2.10.1.4b (Rule 123 of total 255) .... done (Time = 0.00s, Memory = 0.0K)
    Checking Rule W110 (Rule 124 of total 255) .... done (Time = 0.00s, Memory = 3.1K)
    Checking Rule W122 (Rule 125 of total 255) .... done (Time = 0.00s, Memory = -0.2K)
    Checking Rule W496a (Rule 126 of total 255) .... done (Time = 0.00s, Memory = 0.0K)
    Checking Rule W19 (Rule 127 of total 255) .... done (Time = 0.00s, Memory = 0.0K)
    Checking Rule W66 (Rule 128 of total 255) .... done (Time = 0.00s, Memory = -20.9K)
    Checking Rule W116 (Rule 129 of total 255) .... done (Time = 0.00s, Memory = 0.0K)
    Checking Rule W123 (Rule 130 of total 255) .... done (Time = 0.00s, Memory = 46.4K)
    Checking Rule W156 (Rule 131 of total 255) .... done (Time = 0.00s, Memory = 8.0K)
    Checking Rule W215 (Rule 132 of total 255) .... done (Time = 0.00s, Memory = 8.0K)
    Checking Rule W216 (Rule 133 of total 255) .... done (Time = 0.00s, Memory = 0.0K)
    Checking Rule W218 (Rule 134 of total 255) .... done (Time = 0.00s, Memory = -28.2K)
    Checking Rule W224 (Rule 135 of total 255) .... done (Time = 0.00s, Memory = 0.0K)
    Checking Rule W263 (Rule 136 of total 255) .... done (Time = 0.00s, Memory = 0.0K)
    Checking Rule W289 (Rule 137 of total 255) .... done (Time = 0.00s, Memory = 0.0K)
    Checking Rule W337 (Rule 138 of total 255) .... done (Time = 0.00s, Memory = 0.0K)
    Checking Rule W352 (Rule 139 of total 255) .... done (Time = 0.00s, Memory = 0.0K)
    Checking Rule W362 (Rule 140 of total 255) .... done (Time = 0.00s, Memory = 0.0K)
    Checking Rule W415a (Rule 141 of total 255) .... done (Time = 0.00s, Memory = 0.0K)
    Checking Rule W486 (Rule 142 of total 255) .... done (Time = 0.00s, Memory = 0.0K)
    Checking Rule W499 (Rule 143 of total 255) .... done (Time = 0.00s, Memory = -1.0K)
    Checking Rule W502 (Rule 144 of total 255) .... done (Time = 0.00s, Memory = 32.0K)
    Checking Rule W116 (Rule 145 of total 255) .... done (Time = 0.00s, Memory = 0.0K)
    Checking Rule W122 (Rule 146 of total 255) .... done (Time = 0.00s, Memory = 0.2K)
    Checking Rule W123 (Rule 147 of total 255) .... done (Time = 0.00s, Memory = 0.6K)
    Checking Rule W71 (Rule 148 of total 255) .... done (Time = 0.00s, Memory = 0.0K)
    Checking Rule W240 (Rule 149 of total 255) .... done (Time = 0.00s, Memory = -1.5K)
    Checking Rule W240 (Rule 150 of total 255) .... done (Time = 0.00s, Memory = 0.2K)
    Checking Rule W287a (Rule 151 of total 255) .... done (Time = 0.00s, Memory = 0.0K)
    Checking Rule W293 (Rule 152 of total 255) .... done (Time = 0.00s, Memory = 0.0K)
    Checking Rule W398 (Rule 153 of total 255) .... done (Time = 0.00s, Memory = 0.0K)
    Checking Rule W424 (Rule 154 of total 255) .... done (Time = 0.00s, Memory = 0.0K)
    Checking Rule W467 (Rule 155 of total 255) .... done (Time = 0.00s, Memory = 0.0K)
    Checking Rule W505 (Rule 156 of total 255) .... done (Time = 0.00s, Memory = 0.9K)
    Checking Rule W505 (Rule 157 of total 255) .... done (Time = 0.00s, Memory = 0.0K)
    Checking Rule W528 (Rule 158 of total 255) .... done (Time = 0.00s, Memory = 0.0K)
    Checking Rule W528 (Rule 159 of total 255) .... done (Time = 0.00s, Memory = 645.4K)
    Checking Rule Prereqs_Usage (Rule 160 of total 255) .... done (Time = 0.00s, Memory = -16.0K)
    Checking Rule Postreqs_CheckFuncTask (Rule 161 of total 255) .... done (Time = 0.00s, Memory = 0.0K)
    Checking Rule Prereqs_ConstantInput-ML (Rule 162 of total 255) .... done (Time = 0.00s, Memory = 0.0K)
    Checking Rule Prereqs_ConstantInput-ML (Rule 163 of total 255) .... done (Time = 0.00s, Memory = 0.0K)
    Checking Rule ReportPortInfo-ML (Rule 164 of total 255) .... done (Time = 0.00s, Memory = 0.0K)
    Checking Rule NoAssignX-ML (Rule 165 of total 255) .... done (Time = 0.00s, Memory = 0.0K)
    Checking Rule ParamWidthMismatch-ML (Rule 166 of total 255) .... done (Time = 0.00s, Memory = 0.0K)
    Checking Rule Postreqs_Usage_ML (Rule 167 of total 255) .... done (Time = 0.00s, Memory = 0.0K)
    Checking Rule NoXInCase-ML (Rule 168 of total 255) .... done (Time = 0.00s, Memory = 0.0K)
Checking ELABDU Rules for designUnit FIFO_WR
    Checking Rule Prereqs_STARC-2.3.6.1 (Rule 115 of total 255) .... done (Time = 0.00s, Memory = -28.0K)
    Checking Rule STARC05-2.1.5.3 (Rule 116 of total 255) .... done (Time = 0.00s, Memory = 0.0K)
    Checking Rule STARC05-2.2.3.3 (Rule 117 of total 255) .... done (Time = 0.00s, Memory = 0.0K)
    Checking Rule STARC05-2.3.1.6 (Rule 118 of total 255) .... done (Time = 0.00s, Memory = 0.0K)
    Checking Rule STARC05-2.10.2.3 (Rule 119 of total 255) .... done (Time = 0.00s, Memory = -4.0K)
    Checking Rule STARC05-2.10.3.2a (Rule 120 of total 255) .... done (Time = 0.00s, Memory = 24.2K)
    Checking Rule STARC05-2.11.3.1 (Rule 121 of total 255) .... done (Time = 0.00s, Memory = 7.1K)
    Checking Rule STARC05-2.1.3.1 (Rule 122 of total 255) .... done (Time = 0.00s, Memory = 0.0K)
    Checking Rule STARC05-2.10.1.4b (Rule 123 of total 255) .... done (Time = 0.00s, Memory = -8.0K)
    Checking Rule W110 (Rule 124 of total 255) .... done (Time = 0.00s, Memory = -1.8K)
    Checking Rule W122 (Rule 125 of total 255) .... done (Time = 0.00s, Memory = 0.0K)
    Checking Rule W496a (Rule 126 of total 255) .... done (Time = 0.00s, Memory = 0.0K)
    Checking Rule W19 (Rule 127 of total 255) .... done (Time = 0.01s, Memory = 0.0K)
    Checking Rule W66 (Rule 128 of total 255) .... done (Time = 0.00s, Memory = 0.0K)
    Checking Rule W116 (Rule 129 of total 255) .... done (Time = 0.00s, Memory = 4.8K)
    Checking Rule W123 (Rule 130 of total 255) .... done (Time = 0.00s, Memory = 14.4K)
    Checking Rule W156 (Rule 131 of total 255) .... done (Time = 0.00s, Memory = -0.3K)
    Checking Rule W215 (Rule 132 of total 255) .... done (Time = 0.00s, Memory = 32.0K)
    Checking Rule W216 (Rule 133 of total 255) .... done (Time = 0.00s, Memory = 0.0K)
    Checking Rule W218 (Rule 134 of total 255) .... done (Time = 0.00s, Memory = 8.0K)
    Checking Rule W224 (Rule 135 of total 255) .... done (Time = 0.00s, Memory = 0.0K)
    Checking Rule W263 (Rule 136 of total 255) .... done (Time = 0.00s, Memory = 8.0K)
    Checking Rule W289 (Rule 137 of total 255) .... done (Time = 0.00s, Memory = -24.0K)
    Checking Rule W337 (Rule 138 of total 255) .... done (Time = 0.00s, Memory = -0.2K)
    Checking Rule W352 (Rule 139 of total 255) .... done (Time = 0.00s, Memory = 0.0K)
    Checking Rule W362 (Rule 140 of total 255) .... done (Time = 0.00s, Memory = 0.1K)
    Checking Rule W415a (Rule 141 of total 255) .... done (Time = 0.00s, Memory = -0.4K)
    Checking Rule W486 (Rule 142 of total 255) .... done (Time = 0.00s, Memory = 0.0K)
    Checking Rule W499 (Rule 143 of total 255) .... done (Time = 0.00s, Memory = 0.4K)
    Checking Rule W502 (Rule 144 of total 255) .... done (Time = 0.00s, Memory = -0.8K)
    Checking Rule W116 (Rule 145 of total 255) .... done (Time = 0.00s, Memory = 0.0K)
    Checking Rule W122 (Rule 146 of total 255) .... done (Time = 0.00s, Memory = 0.2K)
    Checking Rule W123 (Rule 147 of total 255) .... done (Time = 0.00s, Memory = 0.6K)
    Checking Rule W71 (Rule 148 of total 255) .... done (Time = 0.00s, Memory = 0.0K)
    Checking Rule W240 (Rule 149 of total 255) .... done (Time = 0.00s, Memory = 0.0K)
    Checking Rule W240 (Rule 150 of total 255) .... done (Time = 0.00s, Memory = 0.2K)
    Checking Rule W287a (Rule 151 of total 255) .... done (Time = 0.00s, Memory = 0.0K)
    Checking Rule W293 (Rule 152 of total 255) .... done (Time = 0.00s, Memory = 0.0K)
    Checking Rule W398 (Rule 153 of total 255) .... done (Time = 0.00s, Memory = 24.0K)
    Checking Rule W424 (Rule 154 of total 255) .... done (Time = 0.00s, Memory = 0.0K)
    Checking Rule W467 (Rule 155 of total 255) .... done (Time = 0.00s, Memory = 4.1K)
    Checking Rule W505 (Rule 156 of total 255) .... done (Time = 0.00s, Memory = 0.0K)
    Checking Rule W505 (Rule 157 of total 255) .... done (Time = 0.00s, Memory = 0.0K)
    Checking Rule W528 (Rule 158 of total 255) .... done (Time = 0.00s, Memory = 0.0K)
    Checking Rule W528 (Rule 159 of total 255) .... done (Time = 0.00s, Memory = 645.4K)
    Checking Rule Prereqs_Usage (Rule 160 of total 255) .... done (Time = 0.00s, Memory = -15.2K)
    Checking Rule Postreqs_CheckFuncTask (Rule 161 of total 255) .... done (Time = 0.00s, Memory = 26.0K)
    Checking Rule Prereqs_ConstantInput-ML (Rule 162 of total 255) .... done (Time = 0.00s, Memory = 0.0K)
    Checking Rule Prereqs_ConstantInput-ML (Rule 163 of total 255) .... done (Time = 0.00s, Memory = 0.0K)
    Checking Rule ReportPortInfo-ML (Rule 164 of total 255) .... done (Time = 0.00s, Memory = 0.0K)
    Checking Rule NoAssignX-ML (Rule 165 of total 255) .... done (Time = 0.00s, Memory = 0.0K)
    Checking Rule ParamWidthMismatch-ML (Rule 166 of total 255) .... done (Time = 0.00s, Memory = 0.0K)
    Checking Rule Postreqs_Usage_ML (Rule 167 of total 255) .... done (Time = 0.00s, Memory = 0.0K)
    Checking Rule NoXInCase-ML (Rule 168 of total 255) .... done (Time = 0.00s, Memory = 0.0K)
Checking ELABDU Rules for designUnit FIFO_RD
    Checking Rule Prereqs_STARC-2.3.6.1 (Rule 115 of total 255) .... done (Time = 0.00s, Memory = -1.0K)
    Checking Rule STARC05-2.1.5.3 (Rule 116 of total 255) .... done (Time = 0.00s, Memory = -8.0K)
    Checking Rule STARC05-2.2.3.3 (Rule 117 of total 255) .... done (Time = 0.00s, Memory = -2.1K)
    Checking Rule STARC05-2.3.1.6 (Rule 118 of total 255) .... done (Time = 0.00s, Memory = 0.0K)
    Checking Rule STARC05-2.10.2.3 (Rule 119 of total 255) .... done (Time = 0.00s, Memory = 0.0K)
    Checking Rule STARC05-2.10.3.2a (Rule 120 of total 255) .... done (Time = 0.00s, Memory = 0.0K)
    Checking Rule STARC05-2.11.3.1 (Rule 121 of total 255) .... done (Time = 0.00s, Memory = 0.0K)
    Checking Rule STARC05-2.1.3.1 (Rule 122 of total 255) .... done (Time = 0.00s, Memory = 1.6K)
    Checking Rule STARC05-2.10.1.4b (Rule 123 of total 255) .... done (Time = 0.00s, Memory = 0.0K)
    Checking Rule W110 (Rule 124 of total 255) .... done (Time = 0.00s, Memory = 0.0K)
    Checking Rule W122 (Rule 125 of total 255) .... done (Time = 0.00s, Memory = -1.0K)
    Checking Rule W496a (Rule 126 of total 255) .... done (Time = 0.00s, Memory = 24.0K)
    Checking Rule W19 (Rule 127 of total 255) .... done (Time = 0.00s, Memory = 0.0K)
    Checking Rule W66 (Rule 128 of total 255) .... done (Time = 0.00s, Memory = 0.0K)
    Checking Rule W116 (Rule 129 of total 255) .... done (Time = 0.00s, Memory = 12.0K)
    Checking Rule W123 (Rule 130 of total 255) .... done (Time = 0.00s, Memory = 16.0K)
    Checking Rule W156 (Rule 131 of total 255) .... done (Time = 0.00s, Memory = 0.0K)
    Checking Rule W215 (Rule 132 of total 255) .... done (Time = 0.00s, Memory = 0.0K)
    Checking Rule W216 (Rule 133 of total 255) .... done (Time = 0.00s, Memory = 0.0K)
    Checking Rule W218 (Rule 134 of total 255) .... done (Time = 0.00s, Memory = 0.0K)
    Checking Rule W224 (Rule 135 of total 255) .... done (Time = 0.00s, Memory = 0.0K)
    Checking Rule W263 (Rule 136 of total 255) .... done (Time = 0.00s, Memory = 0.0K)
    Checking Rule W289 (Rule 137 of total 255) .... done (Time = 0.00s, Memory = 0.0K)
    Checking Rule W337 (Rule 138 of total 255) .... done (Time = 0.00s, Memory = 0.0K)
    Checking Rule W352 (Rule 139 of total 255) .... done (Time = 0.00s, Memory = 0.0K)
    Checking Rule W362 (Rule 140 of total 255) .... done (Time = 0.00s, Memory = 0.0K)
    Checking Rule W415a (Rule 141 of total 255) .... done (Time = 0.00s, Memory = 0.5K)
    Checking Rule W486 (Rule 142 of total 255) .... done (Time = 0.00s, Memory = 4.0K)
    Checking Rule W499 (Rule 143 of total 255) .... done (Time = 0.00s, Memory = -24.0K)
    Checking Rule W502 (Rule 144 of total 255) .... done (Time = 0.00s, Memory = 0.0K)
    Checking Rule W116 (Rule 145 of total 255) .... done (Time = 0.00s, Memory = 0.0K)
    Checking Rule W122 (Rule 146 of total 255) .... done (Time = 0.00s, Memory = 0.2K)
    Checking Rule W123 (Rule 147 of total 255) .... done (Time = 0.00s, Memory = 0.6K)
    Checking Rule W71 (Rule 148 of total 255) .... done (Time = 0.00s, Memory = -1.0K)
    Checking Rule W240 (Rule 149 of total 255) .... done (Time = 0.00s, Memory = 0.0K)
    Checking Rule W240 (Rule 150 of total 255) .... done (Time = 0.00s, Memory = 0.2K)
    Checking Rule W287a (Rule 151 of total 255) .... done (Time = 0.00s, Memory = 0.0K)
    Checking Rule W293 (Rule 152 of total 255) .... done (Time = 0.00s, Memory = 0.0K)
    Checking Rule W398 (Rule 153 of total 255) .... done (Time = 0.00s, Memory = 1.9K)
    Checking Rule W424 (Rule 154 of total 255) .... done (Time = 0.00s, Memory = 0.0K)
    Checking Rule W467 (Rule 155 of total 255) .... done (Time = 0.00s, Memory = -1.5K)
    Checking Rule W505 (Rule 156 of total 255) .... done (Time = 0.00s, Memory = 0.0K)
    Checking Rule W505 (Rule 157 of total 255) .... done (Time = 0.00s, Memory = 0.0K)
    Checking Rule W528 (Rule 158 of total 255) .... done (Time = 0.00s, Memory = 2.9K)
    Checking Rule W528 (Rule 159 of total 255) .... done (Time = 0.00s, Memory = 645.4K)
    Checking Rule Prereqs_Usage (Rule 160 of total 255) .... done (Time = 0.00s, Memory = -16.0K)
    Checking Rule Postreqs_CheckFuncTask (Rule 161 of total 255) .... done (Time = 0.00s, Memory = 0.0K)
    Checking Rule Prereqs_ConstantInput-ML (Rule 162 of total 255) .... done (Time = 0.00s, Memory = 0.0K)
    Checking Rule Prereqs_ConstantInput-ML (Rule 163 of total 255) .... done (Time = 0.00s, Memory = 0.0K)
    Checking Rule ReportPortInfo-ML (Rule 164 of total 255) .... done (Time = 0.00s, Memory = 0.0K)
    Checking Rule NoAssignX-ML (Rule 165 of total 255) .... done (Time = 0.00s, Memory = 0.0K)
    Checking Rule ParamWidthMismatch-ML (Rule 166 of total 255) .... done (Time = 0.00s, Memory = 4.0K)
    Checking Rule Postreqs_Usage_ML (Rule 167 of total 255) .... done (Time = 0.00s, Memory = 0.0K)
    Checking Rule NoXInCase-ML (Rule 168 of total 255) .... done (Time = 0.00s, Memory = 0.0K)
Checking ELABDU Rules for designUnit ALU
    Checking Rule Prereqs_STARC-2.3.6.1 (Rule 115 of total 255) .... done (Time = 0.00s, Memory = 0.0K)
    Checking Rule STARC05-2.1.5.3 (Rule 116 of total 255) .... done (Time = 0.00s, Memory = -0.9K)
    Checking Rule STARC05-2.2.3.3 (Rule 117 of total 255) .... done (Time = 0.00s, Memory = 0.0K)
    Checking Rule STARC05-2.3.1.6 (Rule 118 of total 255) .... done (Time = 0.00s, Memory = -1.8K)
    Checking Rule STARC05-2.10.2.3 (Rule 119 of total 255) .... done (Time = 0.00s, Memory = 0.0K)
    Checking Rule STARC05-2.10.3.2a (Rule 120 of total 255) .... done (Time = 0.00s, Memory = 0.0K)
    Checking Rule STARC05-2.11.3.1 (Rule 121 of total 255) .... done (Time = 0.00s, Memory = 1.4K)
    Checking Rule STARC05-2.1.3.1 (Rule 122 of total 255) .... done (Time = 0.00s, Memory = 14.0K)
    Checking Rule STARC05-2.10.1.4b (Rule 123 of total 255) .... done (Time = 0.00s, Memory = 32.0K)
    Checking Rule W110 (Rule 124 of total 255) .... done (Time = 0.00s, Memory = 0.0K)
    Checking Rule W122 (Rule 125 of total 255) .... done (Time = 0.00s, Memory = 0.5K)
    Checking Rule W496a (Rule 126 of total 255) .... done (Time = 0.00s, Memory = 32.0K)
    Checking Rule W19 (Rule 127 of total 255) .... done (Time = 0.00s, Memory = 0.2K)
    Checking Rule W66 (Rule 128 of total 255) .... done (Time = 0.00s, Memory = -0.6K)
    Checking Rule W116 (Rule 129 of total 255) .... done (Time = 0.00s, Memory = -0.2K)
    Checking Rule W123 (Rule 130 of total 255) .... done (Time = 0.00s, Memory = 15.1K)
    Checking Rule W156 (Rule 131 of total 255) .... done (Time = 0.00s, Memory = 0.0K)
    Checking Rule W215 (Rule 132 of total 255) .... done (Time = 0.00s, Memory = 0.0K)
    Checking Rule W216 (Rule 133 of total 255) .... done (Time = 0.00s, Memory = 0.0K)
    Checking Rule W218 (Rule 134 of total 255) .... done (Time = 0.00s, Memory = 0.0K)
    Checking Rule W224 (Rule 135 of total 255) .... done (Time = 0.00s, Memory = 8.0K)
    Checking Rule W263 (Rule 136 of total 255) .... done (Time = 0.00s, Memory = 0.0K)
    Checking Rule W289 (Rule 137 of total 255) .... done (Time = 0.00s, Memory = 0.0K)
    Checking Rule W337 (Rule 138 of total 255) .... done (Time = 0.00s, Memory = -0.8K)
    Checking Rule W352 (Rule 139 of total 255) .... done (Time = 0.00s, Memory = -0.4K)
    Checking Rule W362 (Rule 140 of total 255) .... done (Time = 0.00s, Memory = 0.0K)
    Checking Rule W415a (Rule 141 of total 255) .... done (Time = 0.00s, Memory = -7.4K)
    Checking Rule W486 (Rule 142 of total 255) .... done (Time = 0.00s, Memory = 1.6K)
    Checking Rule W499 (Rule 143 of total 255) .... done (Time = 0.00s, Memory = 0.0K)
    Checking Rule W502 (Rule 144 of total 255) .... done (Time = 0.00s, Memory = 0.9K)
    Checking Rule W116 (Rule 145 of total 255) .... done (Time = 0.00s, Memory = 0.0K)
    Checking Rule W122 (Rule 146 of total 255) .... done (Time = 0.00s, Memory = 0.2K)
    Checking Rule W123 (Rule 147 of total 255) .... done (Time = 0.00s, Memory = 0.6K)
    Checking Rule W71 (Rule 148 of total 255) .... done (Time = 0.00s, Memory = 0.0K)
    Checking Rule W240 (Rule 149 of total 255) .... done (Time = 0.00s, Memory = 0.0K)
    Checking Rule W240 (Rule 150 of total 255) .... done (Time = 0.00s, Memory = 0.2K)
    Checking Rule W287a (Rule 151 of total 255) .... done (Time = 0.00s, Memory = 0.0K)
    Checking Rule W293 (Rule 152 of total 255) .... done (Time = 0.00s, Memory = 0.0K)
    Checking Rule W398 (Rule 153 of total 255) .... done (Time = 0.00s, Memory = 4.1K)
    Checking Rule W424 (Rule 154 of total 255) .... done (Time = 0.00s, Memory = 0.0K)
    Checking Rule W467 (Rule 155 of total 255) .... done (Time = 0.00s, Memory = 0.0K)
    Checking Rule W505 (Rule 156 of total 255) .... done (Time = 0.00s, Memory = 1.3K)
    Checking Rule W505 (Rule 157 of total 255) .... done (Time = 0.00s, Memory = 0.0K)
    Checking Rule W528 (Rule 158 of total 255) .... done (Time = 0.00s, Memory = 0.0K)
    Checking Rule W528 (Rule 159 of total 255) .... done (Time = 0.00s, Memory = 645.4K)
    Checking Rule Prereqs_Usage (Rule 160 of total 255) .... done (Time = 0.00s, Memory = -16.3K)
    Checking Rule Postreqs_CheckFuncTask (Rule 161 of total 255) .... done (Time = 0.00s, Memory = 0.0K)
    Checking Rule Prereqs_ConstantInput-ML (Rule 162 of total 255) .... done (Time = 0.00s, Memory = -32.0K)
    Checking Rule Prereqs_ConstantInput-ML (Rule 163 of total 255) .... done (Time = 0.00s, Memory = 0.0K)
    Checking Rule ReportPortInfo-ML (Rule 164 of total 255) .... done (Time = 0.00s, Memory = -2.1K)
    Checking Rule NoAssignX-ML (Rule 165 of total 255) .... done (Time = 0.00s, Memory = 0.0K)
    Checking Rule ParamWidthMismatch-ML (Rule 166 of total 255) .... done (Time = 0.01s, Memory = 0.0K)
    Checking Rule Postreqs_Usage_ML (Rule 167 of total 255) .... done (Time = 0.00s, Memory = -0.6K)
    Checking Rule NoXInCase-ML (Rule 168 of total 255) .... done (Time = 0.00s, Memory = 0.0K)
Checking ELABDU Rules for designUnit Register
    Checking Rule Prereqs_STARC-2.3.6.1 (Rule 115 of total 255) .... done (Time = 0.00s, Memory = 0.0K)
    Checking Rule STARC05-2.1.5.3 (Rule 116 of total 255) .... done (Time = 0.00s, Memory = 0.0K)
    Checking Rule STARC05-2.2.3.3 (Rule 117 of total 255) .... done (Time = 0.00s, Memory = 8.0K)
    Checking Rule STARC05-2.3.1.6 (Rule 118 of total 255) .... done (Time = 0.00s, Memory = -24.0K)
    Checking Rule STARC05-2.10.2.3 (Rule 119 of total 255) .... done (Time = 0.00s, Memory = 11.8K)
    Checking Rule STARC05-2.10.3.2a (Rule 120 of total 255) .... done (Time = 0.00s, Memory = 0.1K)
    Checking Rule STARC05-2.11.3.1 (Rule 121 of total 255) .... done (Time = 0.00s, Memory = 0.0K)
    Checking Rule STARC05-2.1.3.1 (Rule 122 of total 255) .... done (Time = 0.00s, Memory = 12.0K)
    Checking Rule STARC05-2.10.1.4b (Rule 123 of total 255) .... done (Time = 0.00s, Memory = 0.0K)
    Checking Rule W110 (Rule 124 of total 255) .... done (Time = 0.00s, Memory = 0.0K)
    Checking Rule W122 (Rule 125 of total 255) .... done (Time = 0.00s, Memory = 0.0K)
    Checking Rule W496a (Rule 126 of total 255) .... done (Time = 0.00s, Memory = 0.0K)
    Checking Rule W19 (Rule 127 of total 255) .... done (Time = 0.00s, Memory = -1.1K)
    Checking Rule W66 (Rule 128 of total 255) .... done (Time = 0.00s, Memory = 0.0K)
    Checking Rule W116 (Rule 129 of total 255) .... done (Time = 0.00s, Memory = -0.9K)
    Checking Rule W123 (Rule 130 of total 255) .... done (Time = 0.00s, Memory = 23.0K)
    Checking Rule W156 (Rule 131 of total 255) .... done (Time = 0.00s, Memory = -8.0K)
    Checking Rule W215 (Rule 132 of total 255) .... done (Time = 0.00s, Memory = -8.0K)
    Checking Rule W216 (Rule 133 of total 255) .... done (Time = 0.00s, Memory = 8.0K)
    Checking Rule W218 (Rule 134 of total 255) .... done (Time = 0.00s, Memory = 0.0K)
    Checking Rule W224 (Rule 135 of total 255) .... done (Time = 0.00s, Memory = 0.0K)
    Checking Rule W263 (Rule 136 of total 255) .... done (Time = 0.00s, Memory = 0.0K)
    Checking Rule W289 (Rule 137 of total 255) .... done (Time = 0.00s, Memory = 0.0K)
    Checking Rule W337 (Rule 138 of total 255) .... done (Time = 0.00s, Memory = 0.0K)
    Checking Rule W352 (Rule 139 of total 255) .... done (Time = 0.00s, Memory = 0.0K)
    Checking Rule W362 (Rule 140 of total 255) .... done (Time = 0.00s, Memory = 0.0K)
    Checking Rule W415a (Rule 141 of total 255) .... done (Time = 0.00s, Memory = 1.6K)
    Checking Rule W486 (Rule 142 of total 255) .... done (Time = 0.00s, Memory = -1.5K)
    Checking Rule W499 (Rule 143 of total 255) .... done (Time = 0.00s, Memory = 0.0K)
    Checking Rule W502 (Rule 144 of total 255) .... done (Time = 0.00s, Memory = 0.0K)
    Checking Rule W116 (Rule 145 of total 255) .... done (Time = 0.00s, Memory = 0.0K)
    Checking Rule W122 (Rule 146 of total 255) .... done (Time = 0.00s, Memory = 0.2K)
    Checking Rule W123 (Rule 147 of total 255) .... done (Time = 0.00s, Memory = 0.6K)
    Checking Rule W71 (Rule 148 of total 255) .... done (Time = 0.00s, Memory = 0.0K)
    Checking Rule W240 (Rule 149 of total 255) .... done (Time = 0.00s, Memory = 0.0K)
    Checking Rule W240 (Rule 150 of total 255) .... done (Time = 0.00s, Memory = 0.2K)
    Checking Rule W287a (Rule 151 of total 255) .... done (Time = 0.00s, Memory = 0.0K)
    Checking Rule W293 (Rule 152 of total 255) .... done (Time = 0.00s, Memory = 24.0K)
    Checking Rule W398 (Rule 153 of total 255) .... done (Time = 0.00s, Memory = 4.0K)
    Checking Rule W424 (Rule 154 of total 255) .... done (Time = 0.00s, Memory = 0.0K)
    Checking Rule W467 (Rule 155 of total 255) .... done (Time = 0.00s, Memory = -5.5K)
    Checking Rule W505 (Rule 156 of total 255) .... done (Time = 0.00s, Memory = 0.0K)
    Checking Rule W505 (Rule 157 of total 255) .... done (Time = 0.00s, Memory = 0.0K)
    Checking Rule W528 (Rule 158 of total 255) .... done (Time = 0.00s, Memory = 0.0K)
    Checking Rule W528 (Rule 159 of total 255) .... done (Time = 0.00s, Memory = 645.4K)
    Checking Rule Prereqs_Usage (Rule 160 of total 255) .... done (Time = 0.00s, Memory = -19.9K)
    Checking Rule Postreqs_CheckFuncTask (Rule 161 of total 255) .... done (Time = 0.00s, Memory = 0.0K)
    Checking Rule Prereqs_ConstantInput-ML (Rule 162 of total 255) .... done (Time = 0.00s, Memory = 0.0K)
    Checking Rule Prereqs_ConstantInput-ML (Rule 163 of total 255) .... done (Time = 0.00s, Memory = 0.0K)
    Checking Rule ReportPortInfo-ML (Rule 164 of total 255) .... done (Time = 0.00s, Memory = -2.9K)
    Checking Rule NoAssignX-ML (Rule 165 of total 255) .... done (Time = 0.00s, Memory = 32.0K)
    Checking Rule ParamWidthMismatch-ML (Rule 166 of total 255) .... done (Time = 0.00s, Memory = 0.0K)
    Checking Rule Postreqs_Usage_ML (Rule 167 of total 255) .... done (Time = 0.00s, Memory = -8.0K)
    Checking Rule NoXInCase-ML (Rule 168 of total 255) .... done (Time = 0.00s, Memory = 0.0K)
Checking ELABDU Rules for designUnit SYS_CTRL
    Checking Rule Prereqs_STARC-2.3.6.1 (Rule 115 of total 255) .... done (Time = 0.00s, Memory = 0.0K)
    Checking Rule STARC05-2.1.5.3 (Rule 116 of total 255) .... done (Time = 0.00s, Memory = 0.0K)
    Checking Rule STARC05-2.2.3.3 (Rule 117 of total 255) .... done (Time = 0.00s, Memory = 0.0K)
    Checking Rule STARC05-2.3.1.6 (Rule 118 of total 255) .... done (Time = 0.00s, Memory = 0.0K)
    Checking Rule STARC05-2.10.2.3 (Rule 119 of total 255) .... done (Time = 0.00s, Memory = -0.1K)
    Checking Rule STARC05-2.10.3.2a (Rule 120 of total 255) .... done (Time = 0.00s, Memory = 4.4K)
    Checking Rule STARC05-2.11.3.1 (Rule 121 of total 255) .... done (Time = 0.00s, Memory = 1.1K)
    Checking Rule STARC05-2.1.3.1 (Rule 122 of total 255) .... done (Time = 0.00s, Memory = 2.5K)
    Checking Rule STARC05-2.10.1.4b (Rule 123 of total 255) .... done (Time = 0.00s, Memory = -0.9K)
    Checking Rule W110 (Rule 124 of total 255) .... done (Time = 0.00s, Memory = 0.0K)
    Checking Rule W122 (Rule 125 of total 255) .... done (Time = 0.00s, Memory = 32.0K)
    Checking Rule W496a (Rule 126 of total 255) .... done (Time = 0.00s, Memory = -17.2K)
    Checking Rule W19 (Rule 127 of total 255) .... done (Time = 0.00s, Memory = 1.0K)
    Checking Rule W66 (Rule 128 of total 255) .... done (Time = 0.00s, Memory = 0.0K)
    Checking Rule W116 (Rule 129 of total 255) .... done (Time = 0.00s, Memory = 0.0K)
    Checking Rule W123 (Rule 130 of total 255) .... done (Time = 0.00s, Memory = 13.8K)
    Checking Rule W156 (Rule 131 of total 255) .... done (Time = 0.00s, Memory = 24.0K)
    Checking Rule W215 (Rule 132 of total 255) .... done (Time = 0.00s, Memory = 0.0K)
    Checking Rule W216 (Rule 133 of total 255) .... done (Time = 0.00s, Memory = -8.5K)
    Checking Rule W218 (Rule 134 of total 255) .... done (Time = 0.00s, Memory = -23.8K)
    Checking Rule W224 (Rule 135 of total 255) .... done (Time = 0.00s, Memory = 0.0K)
    Checking Rule W263 (Rule 136 of total 255) .... done (Time = 0.00s, Memory = 0.0K)
    Checking Rule W289 (Rule 137 of total 255) .... done (Time = 0.00s, Memory = -2.0K)
    Checking Rule W337 (Rule 138 of total 255) .... done (Time = 0.00s, Memory = -3.0K)
    Checking Rule W352 (Rule 139 of total 255) .... done (Time = 0.00s, Memory = 0.0K)
    Checking Rule W362 (Rule 140 of total 255) .... done (Time = 0.00s, Memory = -10.4K)
    Checking Rule W415a (Rule 141 of total 255) .... done (Time = 0.00s, Memory = 4.6K)
    Checking Rule W486 (Rule 142 of total 255) .... done (Time = 0.00s, Memory = 0.0K)
    Checking Rule W499 (Rule 143 of total 255) .... done (Time = 0.00s, Memory = -10.5K)
    Checking Rule W502 (Rule 144 of total 255) .... done (Time = 0.00s, Memory = 1.2K)
    Checking Rule W116 (Rule 145 of total 255) .... done (Time = 0.00s, Memory = 0.0K)
    Checking Rule W122 (Rule 146 of total 255) .... done (Time = 0.00s, Memory = 0.2K)
    Checking Rule W123 (Rule 147 of total 255) .... done (Time = 0.00s, Memory = 0.6K)
    Checking Rule W71 (Rule 148 of total 255) .... done (Time = 0.00s, Memory = 4.5K)
    Checking Rule W240 (Rule 149 of total 255) .... done (Time = 0.00s, Memory = 0.0K)
    Checking Rule W240 (Rule 150 of total 255) .... done (Time = 0.00s, Memory = 0.2K)
    Checking Rule W287a (Rule 151 of total 255) .... done (Time = 0.00s, Memory = 0.0K)
    Checking Rule W293 (Rule 152 of total 255) .... done (Time = 0.00s, Memory = -7.5K)
    Checking Rule W398 (Rule 153 of total 255) .... done (Time = 0.00s, Memory = 128.0K)
    Checking Rule W424 (Rule 154 of total 255) .... done (Time = 0.00s, Memory = 5.8K)
    Checking Rule W467 (Rule 155 of total 255) .... done (Time = 0.00s, Memory = 0.0K)
    Checking Rule W505 (Rule 156 of total 255) .... done (Time = 0.00s, Memory = 1.8K)
    Checking Rule W505 (Rule 157 of total 255) .... done (Time = 0.00s, Memory = 0.0K)
    Checking Rule W528 (Rule 158 of total 255) .... done (Time = 0.00s, Memory = 4.7K)
    Checking Rule W528 (Rule 159 of total 255) .... done (Time = 0.00s, Memory = 645.4K)
    Checking Rule Prereqs_Usage (Rule 160 of total 255) .... done (Time = 0.00s, Memory = -16.0K)
    Checking Rule Postreqs_CheckFuncTask (Rule 161 of total 255) .... done (Time = 0.00s, Memory = 0.0K)
    Checking Rule Prereqs_ConstantInput-ML (Rule 162 of total 255) .... done (Time = 0.00s, Memory = 0.0K)
    Checking Rule Prereqs_ConstantInput-ML (Rule 163 of total 255) .... done (Time = 0.00s, Memory = 0.0K)
    Checking Rule ReportPortInfo-ML (Rule 164 of total 255) .... done (Time = 0.00s, Memory = 0.0K)
    Checking Rule NoAssignX-ML (Rule 165 of total 255) .... done (Time = 0.00s, Memory = -11.2K)
    Checking Rule ParamWidthMismatch-ML (Rule 166 of total 255) .... done (Time = 0.00s, Memory = 4.0K)
    Checking Rule Postreqs_Usage_ML (Rule 167 of total 255) .... done (Time = 0.00s, Memory = 0.0K)
    Checking Rule NoXInCase-ML (Rule 168 of total 255) .... done (Time = 0.00s, Memory = 0.0K)
Checking ELABDU Rules for designUnit Data_Synch
    Checking Rule Prereqs_STARC-2.3.6.1 (Rule 115 of total 255) .... done (Time = 0.00s, Memory = -1.3K)
    Checking Rule STARC05-2.1.5.3 (Rule 116 of total 255) .... done (Time = 0.00s, Memory = 0.0K)
    Checking Rule STARC05-2.2.3.3 (Rule 117 of total 255) .... done (Time = 0.00s, Memory = 0.0K)
    Checking Rule STARC05-2.3.1.6 (Rule 118 of total 255) .... done (Time = 0.00s, Memory = 0.0K)
    Checking Rule STARC05-2.10.2.3 (Rule 119 of total 255) .... done (Time = 0.00s, Memory = 0.0K)
    Checking Rule STARC05-2.10.3.2a (Rule 120 of total 255) .... done (Time = 0.00s, Memory = 0.0K)
    Checking Rule STARC05-2.11.3.1 (Rule 121 of total 255) .... done (Time = 0.00s, Memory = 0.0K)
    Checking Rule STARC05-2.1.3.1 (Rule 122 of total 255) .... done (Time = 0.00s, Memory = 2.1K)
    Checking Rule STARC05-2.10.1.4b (Rule 123 of total 255) .... done (Time = 0.00s, Memory = 8.0K)
    Checking Rule W110 (Rule 124 of total 255) .... done (Time = 0.00s, Memory = 0.0K)
    Checking Rule W122 (Rule 125 of total 255) .... done (Time = 0.00s, Memory = -4.4K)
    Checking Rule W496a (Rule 126 of total 255) .... done (Time = 0.00s, Memory = -8.0K)
    Checking Rule W19 (Rule 127 of total 255) .... done (Time = 0.00s, Memory = 7.1K)
    Checking Rule W66 (Rule 128 of total 255) .... done (Time = 0.00s, Memory = 0.0K)
    Checking Rule W116 (Rule 129 of total 255) .... done (Time = 0.00s, Memory = 0.0K)
    Checking Rule W123 (Rule 130 of total 255) .... done (Time = 0.00s, Memory = 10.5K)
    Checking Rule W156 (Rule 131 of total 255) .... done (Time = 0.00s, Memory = 0.0K)
    Checking Rule W215 (Rule 132 of total 255) .... done (Time = 0.00s, Memory = 0.0K)
    Checking Rule W216 (Rule 133 of total 255) .... done (Time = 0.00s, Memory = 0.0K)
    Checking Rule W218 (Rule 134 of total 255) .... done (Time = 0.00s, Memory = 0.0K)
    Checking Rule W224 (Rule 135 of total 255) .... done (Time = 0.00s, Memory = 0.0K)
    Checking Rule W263 (Rule 136 of total 255) .... done (Time = 0.00s, Memory = 0.0K)
    Checking Rule W289 (Rule 137 of total 255) .... done (Time = 0.00s, Memory = -10.0K)
    Checking Rule W337 (Rule 138 of total 255) .... done (Time = 0.00s, Memory = -0.9K)
    Checking Rule W352 (Rule 139 of total 255) .... done (Time = 0.00s, Memory = 0.0K)
    Checking Rule W362 (Rule 140 of total 255) .... done (Time = 0.00s, Memory = 0.0K)
    Checking Rule W415a (Rule 141 of total 255) .... done (Time = 0.00s, Memory = 0.0K)
    Checking Rule W486 (Rule 142 of total 255) .... done (Time = 0.00s, Memory = 4.0K)
    Checking Rule W499 (Rule 143 of total 255) .... done (Time = 0.00s, Memory = 4.7K)
    Checking Rule W502 (Rule 144 of total 255) .... done (Time = 0.00s, Memory = 0.0K)
    Checking Rule W116 (Rule 145 of total 255) .... done (Time = 0.00s, Memory = 0.0K)
    Checking Rule W122 (Rule 146 of total 255) .... done (Time = 0.00s, Memory = 0.2K)
    Checking Rule W123 (Rule 147 of total 255) .... done (Time = 0.00s, Memory = 0.6K)
    Checking Rule W71 (Rule 148 of total 255) .... done (Time = 0.00s, Memory = 0.0K)
    Checking Rule W240 (Rule 149 of total 255) .... done (Time = 0.00s, Memory = -2.5K)
    Checking Rule W240 (Rule 150 of total 255) .... done (Time = 0.00s, Memory = 0.2K)
    Checking Rule W287a (Rule 151 of total 255) .... done (Time = 0.00s, Memory = 8.0K)
    Checking Rule W293 (Rule 152 of total 255) .... done (Time = 0.00s, Memory = 0.0K)
    Checking Rule W398 (Rule 153 of total 255) .... done (Time = 0.00s, Memory = 0.0K)
    Checking Rule W424 (Rule 154 of total 255) .... done (Time = 0.00s, Memory = 4.0K)
    Checking Rule W467 (Rule 155 of total 255) .... done (Time = 0.00s, Memory = 0.0K)
    Checking Rule W505 (Rule 156 of total 255) .... done (Time = 0.00s, Memory = -27.5K)
    Checking Rule W505 (Rule 157 of total 255) .... done (Time = 0.00s, Memory = 0.0K)
    Checking Rule W528 (Rule 158 of total 255) .... done (Time = 0.00s, Memory = 0.0K)
    Checking Rule W528 (Rule 159 of total 255) .... done (Time = 0.00s, Memory = 645.4K)
    Checking Rule Prereqs_Usage (Rule 160 of total 255) .... done (Time = 0.00s, Memory = -12.3K)
    Checking Rule Postreqs_CheckFuncTask (Rule 161 of total 255) .... done (Time = 0.00s, Memory = 0.0K)
    Checking Rule Prereqs_ConstantInput-ML (Rule 162 of total 255) .... done (Time = 0.00s, Memory = -4.5K)
    Checking Rule Prereqs_ConstantInput-ML (Rule 163 of total 255) .... done (Time = 0.00s, Memory = 0.0K)
    Checking Rule ReportPortInfo-ML (Rule 164 of total 255) .... done (Time = 0.00s, Memory = 1.6K)
    Checking Rule NoAssignX-ML (Rule 165 of total 255) .... done (Time = 0.00s, Memory = 0.0K)
    Checking Rule ParamWidthMismatch-ML (Rule 166 of total 255) .... done (Time = 0.00s, Memory = 0.0K)
    Checking Rule Postreqs_Usage_ML (Rule 167 of total 255) .... done (Time = 0.00s, Memory = 32.0K)
    Checking Rule NoXInCase-ML (Rule 168 of total 255) .... done (Time = 0.00s, Memory = 0.0K)
Checking ELABDU Rules for designUnit UART
    Checking Rule Prereqs_STARC-2.3.6.1 (Rule 115 of total 255) .... done (Time = 0.00s, Memory = 0.0K)
    Checking Rule STARC05-2.1.5.3 (Rule 116 of total 255) .... done (Time = 0.00s, Memory = 0.0K)
    Checking Rule STARC05-2.2.3.3 (Rule 117 of total 255) .... done (Time = 0.00s, Memory = 0.0K)
    Checking Rule STARC05-2.3.1.6 (Rule 118 of total 255) .... done (Time = 0.00s, Memory = 0.0K)
    Checking Rule STARC05-2.10.2.3 (Rule 119 of total 255) .... done (Time = 0.00s, Memory = 0.0K)
    Checking Rule STARC05-2.10.3.2a (Rule 120 of total 255) .... done (Time = 0.00s, Memory = 0.0K)
    Checking Rule STARC05-2.11.3.1 (Rule 121 of total 255) .... done (Time = 0.00s, Memory = 24.0K)
    Checking Rule STARC05-2.1.3.1 (Rule 122 of total 255) .... done (Time = 0.00s, Memory = 0.0K)
    Checking Rule STARC05-2.10.1.4b (Rule 123 of total 255) .... done (Time = 0.00s, Memory = 0.0K)
    Checking Rule W110 (Rule 124 of total 255) .... done (Time = 0.00s, Memory = -0.8K)
    Checking Rule W122 (Rule 125 of total 255) .... done (Time = 0.00s, Memory = 0.0K)
    Checking Rule W496a (Rule 126 of total 255) .... done (Time = 0.00s, Memory = -8.0K)
    Checking Rule W19 (Rule 127 of total 255) .... done (Time = 0.00s, Memory = -27.7K)
    Checking Rule W66 (Rule 128 of total 255) .... done (Time = 0.00s, Memory = 0.0K)
    Checking Rule W116 (Rule 129 of total 255) .... done (Time = 0.00s, Memory = 32.0K)
    Checking Rule W123 (Rule 130 of total 255) .... done (Time = 0.00s, Memory = 14.8K)
    Checking Rule W156 (Rule 131 of total 255) .... done (Time = 0.00s, Memory = -0.3K)
    Checking Rule W215 (Rule 132 of total 255) .... done (Time = 0.00s, Memory = -1.1K)
    Checking Rule W216 (Rule 133 of total 255) .... done (Time = 0.00s, Memory = -1.3K)
    Checking Rule W218 (Rule 134 of total 255) .... done (Time = 0.00s, Memory = 0.0K)
    Checking Rule W224 (Rule 135 of total 255) .... done (Time = 0.00s, Memory = 0.0K)
    Checking Rule W263 (Rule 136 of total 255) .... done (Time = 0.00s, Memory = 0.0K)
    Checking Rule W289 (Rule 137 of total 255) .... done (Time = 0.00s, Memory = -1.1K)
    Checking Rule W337 (Rule 138 of total 255) .... done (Time = 0.00s, Memory = 0.0K)
    Checking Rule W352 (Rule 139 of total 255) .... done (Time = 0.00s, Memory = 0.0K)
    Checking Rule W362 (Rule 140 of total 255) .... done (Time = 0.00s, Memory = -1.5K)
    Checking Rule W415a (Rule 141 of total 255) .... done (Time = 0.00s, Memory = 0.0K)
    Checking Rule W486 (Rule 142 of total 255) .... done (Time = 0.00s, Memory = 4.0K)
    Checking Rule W499 (Rule 143 of total 255) .... done (Time = 0.00s, Memory = -15.5K)
    Checking Rule W502 (Rule 144 of total 255) .... done (Time = 0.00s, Memory = 0.0K)
    Checking Rule W116 (Rule 145 of total 255) .... done (Time = 0.00s, Memory = 0.0K)
    Checking Rule W122 (Rule 146 of total 255) .... done (Time = 0.00s, Memory = 0.2K)
    Checking Rule W123 (Rule 147 of total 255) .... done (Time = 0.00s, Memory = 0.6K)
    Checking Rule W71 (Rule 148 of total 255) .... done (Time = 0.00s, Memory = 0.0K)
    Checking Rule W240 (Rule 149 of total 255) .... done (Time = 0.00s, Memory = -0.8K)
    Checking Rule W240 (Rule 150 of total 255) .... done (Time = 0.00s, Memory = 0.2K)
    Checking Rule W287a (Rule 151 of total 255) .... done (Time = 0.00s, Memory = 0.0K)
    Checking Rule W293 (Rule 152 of total 255) .... done (Time = 0.00s, Memory = 0.0K)
    Checking Rule W398 (Rule 153 of total 255) .... done (Time = 0.00s, Memory = 0.0K)
    Checking Rule W424 (Rule 154 of total 255) .... done (Time = 0.00s, Memory = 0.0K)
    Checking Rule W467 (Rule 155 of total 255) .... done (Time = 0.00s, Memory = 0.2K)
    Checking Rule W505 (Rule 156 of total 255) .... done (Time = 0.00s, Memory = -0.2K)
    Checking Rule W505 (Rule 157 of total 255) .... done (Time = 0.00s, Memory = 0.0K)
    Checking Rule W528 (Rule 158 of total 255) .... done (Time = 0.00s, Memory = 0.0K)
    Checking Rule W528 (Rule 159 of total 255) .... done (Time = 0.00s, Memory = 645.4K)
    Checking Rule Prereqs_Usage (Rule 160 of total 255) .... done (Time = 0.00s, Memory = -16.0K)
    Checking Rule Postreqs_CheckFuncTask (Rule 161 of total 255) .... done (Time = 0.00s, Memory = 0.0K)
    Checking Rule Prereqs_ConstantInput-ML (Rule 162 of total 255) .... done (Time = 0.00s, Memory = 0.0K)
    Checking Rule Prereqs_ConstantInput-ML (Rule 163 of total 255) .... done (Time = 0.00s, Memory = 0.0K)
    Checking Rule ReportPortInfo-ML (Rule 164 of total 255) .... done (Time = 0.00s, Memory = 0.0K)
    Checking Rule NoAssignX-ML (Rule 165 of total 255) .... done (Time = 0.00s, Memory = 0.0K)
    Checking Rule ParamWidthMismatch-ML (Rule 166 of total 255) .... done (Time = 0.00s, Memory = 0.0K)
    Checking Rule Postreqs_Usage_ML (Rule 167 of total 255) .... done (Time = 0.00s, Memory = -1.0K)
    Checking Rule NoXInCase-ML (Rule 168 of total 255) .... done (Time = 0.00s, Memory = 0.0K)
Checking ELABDU Rules for designUnit TX_TOP
    Checking Rule Prereqs_STARC-2.3.6.1 (Rule 115 of total 255) .... done (Time = 0.00s, Memory = 0.0K)
    Checking Rule STARC05-2.1.5.3 (Rule 116 of total 255) .... done (Time = 0.00s, Memory = 0.0K)
    Checking Rule STARC05-2.2.3.3 (Rule 117 of total 255) .... done (Time = 0.00s, Memory = 0.0K)
    Checking Rule STARC05-2.3.1.6 (Rule 118 of total 255) .... done (Time = 0.00s, Memory = 0.0K)
    Checking Rule STARC05-2.10.2.3 (Rule 119 of total 255) .... done (Time = 0.00s, Memory = 0.0K)
    Checking Rule STARC05-2.10.3.2a (Rule 120 of total 255) .... done (Time = 0.00s, Memory = 0.0K)
    Checking Rule STARC05-2.11.3.1 (Rule 121 of total 255) .... done (Time = 0.00s, Memory = 0.0K)
    Checking Rule STARC05-2.1.3.1 (Rule 122 of total 255) .... done (Time = 0.00s, Memory = 0.0K)
    Checking Rule STARC05-2.10.1.4b (Rule 123 of total 255) .... done (Time = 0.00s, Memory = 0.0K)
    Checking Rule W110 (Rule 124 of total 255) .... done (Time = 0.00s, Memory = 0.0K)
    Checking Rule W122 (Rule 125 of total 255) .... done (Time = 0.00s, Memory = 0.0K)
    Checking Rule W496a (Rule 126 of total 255) .... done (Time = 0.00s, Memory = 0.0K)
    Checking Rule W19 (Rule 127 of total 255) .... done (Time = 0.00s, Memory = 0.0K)
    Checking Rule W66 (Rule 128 of total 255) .... done (Time = 0.00s, Memory = 0.0K)
    Checking Rule W116 (Rule 129 of total 255) .... done (Time = 0.00s, Memory = 0.0K)
    Checking Rule W123 (Rule 130 of total 255) .... done (Time = 0.00s, Memory = 16.0K)
    Checking Rule W156 (Rule 131 of total 255) .... done (Time = 0.00s, Memory = 0.0K)
    Checking Rule W215 (Rule 132 of total 255) .... done (Time = 0.00s, Memory = 0.0K)
    Checking Rule W216 (Rule 133 of total 255) .... done (Time = 0.00s, Memory = 3.0K)
    Checking Rule W218 (Rule 134 of total 255) .... done (Time = 0.00s, Memory = 0.0K)
    Checking Rule W224 (Rule 135 of total 255) .... done (Time = 0.00s, Memory = 0.0K)
    Checking Rule W263 (Rule 136 of total 255) .... done (Time = 0.00s, Memory = 8.0K)
    Checking Rule W289 (Rule 137 of total 255) .... done (Time = 0.00s, Memory = -27.0K)
    Checking Rule W337 (Rule 138 of total 255) .... done (Time = 0.00s, Memory = 0.0K)
    Checking Rule W352 (Rule 139 of total 255) .... done (Time = 0.00s, Memory = 0.0K)
    Checking Rule W362 (Rule 140 of total 255) .... done (Time = 0.00s, Memory = 0.0K)
    Checking Rule W415a (Rule 141 of total 255) .... done (Time = 0.00s, Memory = 0.0K)
    Checking Rule W486 (Rule 142 of total 255) .... done (Time = 0.00s, Memory = 0.0K)
    Checking Rule W499 (Rule 143 of total 255) .... done (Time = 0.00s, Memory = 0.0K)
    Checking Rule W502 (Rule 144 of total 255) .... done (Time = 0.00s, Memory = 0.0K)
    Checking Rule W116 (Rule 145 of total 255) .... done (Time = 0.00s, Memory = 0.0K)
    Checking Rule W122 (Rule 146 of total 255) .... done (Time = 0.00s, Memory = 0.2K)
    Checking Rule W123 (Rule 147 of total 255) .... done (Time = 0.00s, Memory = 0.6K)
    Checking Rule W71 (Rule 148 of total 255) .... done (Time = 0.00s, Memory = 0.0K)
    Checking Rule W240 (Rule 149 of total 255) .... done (Time = 0.00s, Memory = 0.0K)
    Checking Rule W240 (Rule 150 of total 255) .... done (Time = 0.00s, Memory = 0.2K)
    Checking Rule W287a (Rule 151 of total 255) .... done (Time = 0.00s, Memory = 12.0K)
    Checking Rule W293 (Rule 152 of total 255) .... done (Time = 0.00s, Memory = 0.0K)
    Checking Rule W398 (Rule 153 of total 255) .... done (Time = 0.00s, Memory = 0.0K)
    Checking Rule W424 (Rule 154 of total 255) .... done (Time = 0.00s, Memory = -1.0K)
    Checking Rule W467 (Rule 155 of total 255) .... done (Time = 0.00s, Memory = 1.0K)
    Checking Rule W505 (Rule 156 of total 255) .... done (Time = 0.00s, Memory = -6.0K)
    Checking Rule W505 (Rule 157 of total 255) .... done (Time = 0.00s, Memory = 0.0K)
    Checking Rule W528 (Rule 158 of total 255) .... done (Time = 0.00s, Memory = 3.1K)
    Checking Rule W528 (Rule 159 of total 255) .... done (Time = 0.00s, Memory = 645.4K)
    Checking Rule Prereqs_Usage (Rule 160 of total 255) .... done (Time = 0.00s, Memory = -16.0K)
    Checking Rule Postreqs_CheckFuncTask (Rule 161 of total 255) .... done (Time = 0.00s, Memory = 0.0K)
    Checking Rule Prereqs_ConstantInput-ML (Rule 162 of total 255) .... done (Time = 0.00s, Memory = 0.0K)
    Checking Rule Prereqs_ConstantInput-ML (Rule 163 of total 255) .... done (Time = 0.00s, Memory = 0.0K)
    Checking Rule ReportPortInfo-ML (Rule 164 of total 255) .... done (Time = 0.00s, Memory = 4.2K)
    Checking Rule NoAssignX-ML (Rule 165 of total 255) .... done (Time = 0.00s, Memory = 0.0K)
    Checking Rule ParamWidthMismatch-ML (Rule 166 of total 255) .... done (Time = 0.00s, Memory = 0.0K)
    Checking Rule Postreqs_Usage_ML (Rule 167 of total 255) .... done (Time = 0.00s, Memory = 0.0K)
    Checking Rule NoXInCase-ML (Rule 168 of total 255) .... done (Time = 0.00s, Memory = 0.0K)
Checking ELABDU Rules for designUnit serializer
    Checking Rule Prereqs_STARC-2.3.6.1 (Rule 115 of total 255) .... done (Time = 0.00s, Memory = 0.0K)
    Checking Rule STARC05-2.1.5.3 (Rule 116 of total 255) .... done (Time = 0.00s, Memory = 0.0K)
    Checking Rule STARC05-2.2.3.3 (Rule 117 of total 255) .... done (Time = 0.01s, Memory = -0.3K)
    Checking Rule STARC05-2.3.1.6 (Rule 118 of total 255) .... done (Time = 0.00s, Memory = 0.0K)
    Checking Rule STARC05-2.10.2.3 (Rule 119 of total 255) .... done (Time = 0.00s, Memory = 0.0K)
    Checking Rule STARC05-2.10.3.2a (Rule 120 of total 255) .... done (Time = 0.00s, Memory = 0.1K)
    Checking Rule STARC05-2.11.3.1 (Rule 121 of total 255) .... done (Time = 0.00s, Memory = 0.0K)
    Checking Rule STARC05-2.1.3.1 (Rule 122 of total 255) .... done (Time = 0.00s, Memory = 36.0K)
    Checking Rule STARC05-2.10.1.4b (Rule 123 of total 255) .... done (Time = 0.00s, Memory = 0.0K)
    Checking Rule W110 (Rule 124 of total 255) .... done (Time = 0.00s, Memory = 0.0K)
    Checking Rule W122 (Rule 125 of total 255) .... done (Time = 0.00s, Memory = 8.0K)
    Checking Rule W496a (Rule 126 of total 255) .... done (Time = 0.00s, Memory = 0.0K)
    Checking Rule W19 (Rule 127 of total 255) .... done (Time = 0.00s, Memory = -8.0K)
    Checking Rule W66 (Rule 128 of total 255) .... done (Time = 0.00s, Memory = -32.0K)
    Checking Rule W116 (Rule 129 of total 255) .... done (Time = 0.00s, Memory = 0.0K)
    Checking Rule W123 (Rule 130 of total 255) .... done (Time = 0.00s, Memory = 16.0K)
    Checking Rule W156 (Rule 131 of total 255) .... done (Time = 0.00s, Memory = 0.0K)
    Checking Rule W215 (Rule 132 of total 255) .... done (Time = 0.00s, Memory = -1.4K)
    Checking Rule W216 (Rule 133 of total 255) .... done (Time = 0.00s, Memory = 0.0K)
    Checking Rule W218 (Rule 134 of total 255) .... done (Time = 0.00s, Memory = 0.0K)
    Checking Rule W224 (Rule 135 of total 255) .... done (Time = 0.00s, Memory = 0.0K)
    Checking Rule W263 (Rule 136 of total 255) .... done (Time = 0.00s, Memory = 0.0K)
    Checking Rule W289 (Rule 137 of total 255) .... done (Time = 0.00s, Memory = -2.8K)
    Checking Rule W337 (Rule 138 of total 255) .... done (Time = 0.00s, Memory = 0.0K)
    Checking Rule W352 (Rule 139 of total 255) .... done (Time = 0.00s, Memory = 8.0K)
    Checking Rule W362 (Rule 140 of total 255) .... done (Time = 0.00s, Memory = 0.1K)
    Checking Rule W415a (Rule 141 of total 255) .... done (Time = 0.00s, Memory = -6.6K)
    Checking Rule W486 (Rule 142 of total 255) .... done (Time = 0.00s, Memory = 0.0K)
    Checking Rule W499 (Rule 143 of total 255) .... done (Time = 0.00s, Memory = 0.0K)
    Checking Rule W502 (Rule 144 of total 255) .... done (Time = 0.00s, Memory = -3.5K)
    Checking Rule W116 (Rule 145 of total 255) .... done (Time = 0.00s, Memory = 0.0K)
    Checking Rule W122 (Rule 146 of total 255) .... done (Time = 0.00s, Memory = 0.2K)
    Checking Rule W123 (Rule 147 of total 255) .... done (Time = 0.00s, Memory = 0.6K)
    Checking Rule W71 (Rule 148 of total 255) .... done (Time = 0.00s, Memory = 0.0K)
    Checking Rule W240 (Rule 149 of total 255) .... done (Time = 0.00s, Memory = 0.0K)
    Checking Rule W240 (Rule 150 of total 255) .... done (Time = 0.00s, Memory = 0.2K)
    Checking Rule W287a (Rule 151 of total 255) .... done (Time = 0.00s, Memory = 0.0K)
    Checking Rule W293 (Rule 152 of total 255) .... done (Time = 0.00s, Memory = 0.0K)
    Checking Rule W398 (Rule 153 of total 255) .... done (Time = 0.00s, Memory = 0.0K)
    Checking Rule W424 (Rule 154 of total 255) .... done (Time = 0.00s, Memory = 0.0K)
    Checking Rule W467 (Rule 155 of total 255) .... done (Time = 0.00s, Memory = 0.0K)
    Checking Rule W505 (Rule 156 of total 255) .... done (Time = 0.00s, Memory = 0.9K)
    Checking Rule W505 (Rule 157 of total 255) .... done (Time = 0.00s, Memory = 0.0K)
    Checking Rule W528 (Rule 158 of total 255) .... done (Time = 0.00s, Memory = 0.0K)
    Checking Rule W528 (Rule 159 of total 255) .... done (Time = 0.00s, Memory = 645.4K)
    Checking Rule Prereqs_Usage (Rule 160 of total 255) .... done (Time = 0.00s, Memory = -16.0K)
    Checking Rule Postreqs_CheckFuncTask (Rule 161 of total 255) .... done (Time = 0.00s, Memory = 0.0K)
    Checking Rule Prereqs_ConstantInput-ML (Rule 162 of total 255) .... done (Time = 0.00s, Memory = 0.0K)
    Checking Rule Prereqs_ConstantInput-ML (Rule 163 of total 255) .... done (Time = 0.00s, Memory = 0.0K)
    Checking Rule ReportPortInfo-ML (Rule 164 of total 255) .... done (Time = 0.00s, Memory = 23.8K)
    Checking Rule NoAssignX-ML (Rule 165 of total 255) .... done (Time = 0.00s, Memory = 0.0K)
    Checking Rule ParamWidthMismatch-ML (Rule 166 of total 255) .... done (Time = 0.00s, Memory = -8.0K)
    Checking Rule Postreqs_Usage_ML (Rule 167 of total 255) .... done (Time = 0.00s, Memory = 0.0K)
    Checking Rule NoXInCase-ML (Rule 168 of total 255) .... done (Time = 0.00s, Memory = 0.0K)
Checking ELABDU Rules for designUnit TX_FSM
    Checking Rule Prereqs_STARC-2.3.6.1 (Rule 115 of total 255) .... done (Time = 0.00s, Memory = 0.0K)
    Checking Rule STARC05-2.1.5.3 (Rule 116 of total 255) .... done (Time = 0.00s, Memory = 0.0K)
    Checking Rule STARC05-2.2.3.3 (Rule 117 of total 255) .... done (Time = 0.00s, Memory = -0.2K)
    Checking Rule STARC05-2.3.1.6 (Rule 118 of total 255) .... done (Time = 0.00s, Memory = 0.0K)
    Checking Rule STARC05-2.10.2.3 (Rule 119 of total 255) .... done (Time = 0.00s, Memory = 0.0K)
    Checking Rule STARC05-2.10.3.2a (Rule 120 of total 255) .... done (Time = 0.00s, Memory = -0.6K)
    Checking Rule STARC05-2.11.3.1 (Rule 121 of total 255) .... done (Time = 0.00s, Memory = 24.0K)
    Checking Rule STARC05-2.1.3.1 (Rule 122 of total 255) .... done (Time = 0.00s, Memory = 0.0K)
    Checking Rule STARC05-2.10.1.4b (Rule 123 of total 255) .... done (Time = 0.00s, Memory = 0.0K)
    Checking Rule W110 (Rule 124 of total 255) .... done (Time = 0.00s, Memory = 8.0K)
    Checking Rule W122 (Rule 125 of total 255) .... done (Time = 0.00s, Memory = 0.0K)
    Checking Rule W496a (Rule 126 of total 255) .... done (Time = 0.00s, Memory = 0.0K)
    Checking Rule W19 (Rule 127 of total 255) .... done (Time = 0.00s, Memory = 1.0K)
    Checking Rule W66 (Rule 128 of total 255) .... done (Time = 0.00s, Memory = -4.0K)
    Checking Rule W116 (Rule 129 of total 255) .... done (Time = 0.00s, Memory = -8.0K)
    Checking Rule W123 (Rule 130 of total 255) .... done (Time = 0.00s, Memory = 16.0K)
    Checking Rule W156 (Rule 131 of total 255) .... done (Time = 0.00s, Memory = 0.0K)
    Checking Rule W215 (Rule 132 of total 255) .... done (Time = 0.00s, Memory = -1.0K)
    Checking Rule W216 (Rule 133 of total 255) .... done (Time = 0.00s, Memory = 0.0K)
    Checking Rule W218 (Rule 134 of total 255) .... done (Time = 0.00s, Memory = 0.0K)
    Checking Rule W224 (Rule 135 of total 255) .... done (Time = 0.00s, Memory = 0.0K)
    Checking Rule W263 (Rule 136 of total 255) .... done (Time = 0.00s, Memory = 0.0K)
    Checking Rule W289 (Rule 137 of total 255) .... done (Time = 0.00s, Memory = 32.0K)
    Checking Rule W337 (Rule 138 of total 255) .... done (Time = 0.00s, Memory = 0.0K)
    Checking Rule W352 (Rule 139 of total 255) .... done (Time = 0.00s, Memory = -8.0K)
    Checking Rule W362 (Rule 140 of total 255) .... done (Time = 0.00s, Memory = 0.0K)
    Checking Rule W415a (Rule 141 of total 255) .... done (Time = 0.00s, Memory = 4.6K)
    Checking Rule W486 (Rule 142 of total 255) .... done (Time = 0.00s, Memory = 0.0K)
    Checking Rule W499 (Rule 143 of total 255) .... done (Time = 0.00s, Memory = 0.0K)
    Checking Rule W502 (Rule 144 of total 255) .... done (Time = 0.00s, Memory = 0.4K)
    Checking Rule W116 (Rule 145 of total 255) .... done (Time = 0.00s, Memory = 0.0K)
    Checking Rule W122 (Rule 146 of total 255) .... done (Time = 0.00s, Memory = 0.2K)
    Checking Rule W123 (Rule 147 of total 255) .... done (Time = 0.00s, Memory = 0.6K)
    Checking Rule W71 (Rule 148 of total 255) .... done (Time = 0.00s, Memory = -6.0K)
    Checking Rule W240 (Rule 149 of total 255) .... done (Time = 0.00s, Memory = 0.0K)
    Checking Rule W240 (Rule 150 of total 255) .... done (Time = 0.00s, Memory = 0.2K)
    Checking Rule W287a (Rule 151 of total 255) .... done (Time = 0.00s, Memory = 0.0K)
    Checking Rule W293 (Rule 152 of total 255) .... done (Time = 0.00s, Memory = 24.0K)
    Checking Rule W398 (Rule 153 of total 255) .... done (Time = 0.00s, Memory = 4.0K)
    Checking Rule W424 (Rule 154 of total 255) .... done (Time = 0.00s, Memory = 0.0K)
    Checking Rule W467 (Rule 155 of total 255) .... done (Time = 0.00s, Memory = 0.0K)
    Checking Rule W505 (Rule 156 of total 255) .... done (Time = 0.00s, Memory = -1.6K)
    Checking Rule W505 (Rule 157 of total 255) .... done (Time = 0.00s, Memory = 0.0K)
    Checking Rule W528 (Rule 158 of total 255) .... done (Time = 0.00s, Memory = -32.0K)
    Checking Rule W528 (Rule 159 of total 255) .... done (Time = 0.00s, Memory = 645.4K)
    Checking Rule Prereqs_Usage (Rule 160 of total 255) .... done (Time = 0.00s, Memory = -15.6K)
    Checking Rule Postreqs_CheckFuncTask (Rule 161 of total 255) .... done (Time = 0.00s, Memory = 0.0K)
    Checking Rule Prereqs_ConstantInput-ML (Rule 162 of total 255) .... done (Time = 0.00s, Memory = -32.0K)
    Checking Rule Prereqs_ConstantInput-ML (Rule 163 of total 255) .... done (Time = 0.00s, Memory = 0.0K)
    Checking Rule ReportPortInfo-ML (Rule 164 of total 255) .... done (Time = 0.00s, Memory = 32.0K)
    Checking Rule NoAssignX-ML (Rule 165 of total 255) .... done (Time = 0.00s, Memory = 0.0K)
    Checking Rule ParamWidthMismatch-ML (Rule 166 of total 255) .... done (Time = 0.00s, Memory = 0.0K)
    Checking Rule Postreqs_Usage_ML (Rule 167 of total 255) .... done (Time = 0.00s, Memory = 0.0K)
    Checking Rule NoXInCase-ML (Rule 168 of total 255) .... done (Time = 0.00s, Memory = 0.0K)
Checking ELABDU Rules for designUnit parity
    Checking Rule Prereqs_STARC-2.3.6.1 (Rule 115 of total 255) .... done (Time = 0.00s, Memory = 0.0K)
    Checking Rule STARC05-2.1.5.3 (Rule 116 of total 255) .... done (Time = 0.00s, Memory = 0.0K)
    Checking Rule STARC05-2.2.3.3 (Rule 117 of total 255) .... done (Time = 0.00s, Memory = -0.3K)
    Checking Rule STARC05-2.3.1.6 (Rule 118 of total 255) .... done (Time = 0.00s, Memory = 0.0K)
    Checking Rule STARC05-2.10.2.3 (Rule 119 of total 255) .... done (Time = 0.00s, Memory = -1.0K)
    Checking Rule STARC05-2.10.3.2a (Rule 120 of total 255) .... done (Time = 0.00s, Memory = -1.2K)
    Checking Rule STARC05-2.11.3.1 (Rule 121 of total 255) .... done (Time = 0.00s, Memory = 6.5K)
    Checking Rule STARC05-2.1.3.1 (Rule 122 of total 255) .... done (Time = 0.00s, Memory = 3.1K)
    Checking Rule STARC05-2.10.1.4b (Rule 123 of total 255) .... done (Time = 0.00s, Memory = 0.0K)
    Checking Rule W110 (Rule 124 of total 255) .... done (Time = 0.00s, Memory = 0.0K)
    Checking Rule W122 (Rule 125 of total 255) .... done (Time = 0.00s, Memory = 0.0K)
    Checking Rule W496a (Rule 126 of total 255) .... done (Time = 0.00s, Memory = 0.0K)
    Checking Rule W19 (Rule 127 of total 255) .... done (Time = 0.00s, Memory = 0.0K)
    Checking Rule W66 (Rule 128 of total 255) .... done (Time = 0.00s, Memory = 0.0K)
    Checking Rule W116 (Rule 129 of total 255) .... done (Time = 0.00s, Memory = 0.0K)
    Checking Rule W123 (Rule 130 of total 255) .... done (Time = 0.00s, Memory = 16.0K)
    Checking Rule W156 (Rule 131 of total 255) .... done (Time = 0.00s, Memory = 0.0K)
    Checking Rule W215 (Rule 132 of total 255) .... done (Time = 0.00s, Memory = 0.0K)
    Checking Rule W216 (Rule 133 of total 255) .... done (Time = 0.00s, Memory = 0.0K)
    Checking Rule W218 (Rule 134 of total 255) .... done (Time = 0.00s, Memory = 0.0K)
    Checking Rule W224 (Rule 135 of total 255) .... done (Time = 0.00s, Memory = 8.0K)
    Checking Rule W263 (Rule 136 of total 255) .... done (Time = 0.00s, Memory = 8.0K)
    Checking Rule W289 (Rule 137 of total 255) .... done (Time = 0.00s, Memory = 0.0K)
    Checking Rule W337 (Rule 138 of total 255) .... done (Time = 0.00s, Memory = 0.0K)
    Checking Rule W352 (Rule 139 of total 255) .... done (Time = 0.00s, Memory = 0.0K)
    Checking Rule W362 (Rule 140 of total 255) .... done (Time = 0.00s, Memory = 0.0K)
    Checking Rule W415a (Rule 141 of total 255) .... done (Time = 0.00s, Memory = 0.0K)
    Checking Rule W486 (Rule 142 of total 255) .... done (Time = 0.00s, Memory = 0.0K)
    Checking Rule W499 (Rule 143 of total 255) .... done (Time = 0.00s, Memory = 0.0K)
    Checking Rule W502 (Rule 144 of total 255) .... done (Time = 0.00s, Memory = 0.0K)
    Checking Rule W116 (Rule 145 of total 255) .... done (Time = 0.00s, Memory = 0.0K)
    Checking Rule W122 (Rule 146 of total 255) .... done (Time = 0.00s, Memory = 0.2K)
    Checking Rule W123 (Rule 147 of total 255) .... done (Time = 0.00s, Memory = 0.6K)
    Checking Rule W71 (Rule 148 of total 255) .... done (Time = 0.00s, Memory = 0.0K)
    Checking Rule W240 (Rule 149 of total 255) .... done (Time = 0.00s, Memory = 0.0K)
    Checking Rule W240 (Rule 150 of total 255) .... done (Time = 0.00s, Memory = 0.2K)
    Checking Rule W287a (Rule 151 of total 255) .... done (Time = 0.00s, Memory = 0.0K)
    Checking Rule W293 (Rule 152 of total 255) .... done (Time = 0.00s, Memory = 0.0K)
    Checking Rule W398 (Rule 153 of total 255) .... done (Time = 0.00s, Memory = 0.0K)
    Checking Rule W424 (Rule 154 of total 255) .... done (Time = 0.00s, Memory = 0.0K)
    Checking Rule W467 (Rule 155 of total 255) .... done (Time = 0.00s, Memory = 0.0K)
    Checking Rule W505 (Rule 156 of total 255) .... done (Time = 0.00s, Memory = 0.0K)
    Checking Rule W505 (Rule 157 of total 255) .... done (Time = 0.00s, Memory = 0.0K)
    Checking Rule W528 (Rule 158 of total 255) .... done (Time = 0.00s, Memory = 0.0K)
    Checking Rule W528 (Rule 159 of total 255) .... done (Time = 0.00s, Memory = 645.4K)
    Checking Rule Prereqs_Usage (Rule 160 of total 255) .... done (Time = 0.00s, Memory = -16.0K)
    Checking Rule Postreqs_CheckFuncTask (Rule 161 of total 255) .... done (Time = 0.00s, Memory = 0.0K)
    Checking Rule Prereqs_ConstantInput-ML (Rule 162 of total 255) .... done (Time = 0.00s, Memory = 0.0K)
    Checking Rule Prereqs_ConstantInput-ML (Rule 163 of total 255) .... done (Time = 0.00s, Memory = 0.0K)
    Checking Rule ReportPortInfo-ML (Rule 164 of total 255) .... done (Time = 0.00s, Memory = 0.0K)
    Checking Rule NoAssignX-ML (Rule 165 of total 255) .... done (Time = 0.00s, Memory = 0.0K)
    Checking Rule ParamWidthMismatch-ML (Rule 166 of total 255) .... done (Time = 0.00s, Memory = 0.0K)
    Checking Rule Postreqs_Usage_ML (Rule 167 of total 255) .... done (Time = 0.00s, Memory = 0.0K)
    Checking Rule NoXInCase-ML (Rule 168 of total 255) .... done (Time = 0.00s, Memory = 0.0K)
Checking ELABDU Rules for designUnit MUX
    Checking Rule Prereqs_STARC-2.3.6.1 (Rule 115 of total 255) .... done (Time = 0.00s, Memory = 0.0K)
    Checking Rule STARC05-2.1.5.3 (Rule 116 of total 255) .... done (Time = 0.00s, Memory = 0.0K)
    Checking Rule STARC05-2.2.3.3 (Rule 117 of total 255) .... done (Time = 0.00s, Memory = 0.0K)
    Checking Rule STARC05-2.3.1.6 (Rule 118 of total 255) .... done (Time = 0.00s, Memory = 0.0K)
    Checking Rule STARC05-2.10.2.3 (Rule 119 of total 255) .... done (Time = 0.00s, Memory = -2.4K)
    Checking Rule STARC05-2.10.3.2a (Rule 120 of total 255) .... done (Time = 0.00s, Memory = 24.0K)
    Checking Rule STARC05-2.11.3.1 (Rule 121 of total 255) .... done (Time = 0.00s, Memory = 0.0K)
    Checking Rule STARC05-2.1.3.1 (Rule 122 of total 255) .... done (Time = 0.00s, Memory = 0.0K)
    Checking Rule STARC05-2.10.1.4b (Rule 123 of total 255) .... done (Time = 0.00s, Memory = 0.0K)
    Checking Rule W110 (Rule 124 of total 255) .... done (Time = 0.00s, Memory = 32.9K)
    Checking Rule W122 (Rule 125 of total 255) .... done (Time = 0.00s, Memory = -8.1K)
    Checking Rule W496a (Rule 126 of total 255) .... done (Time = 0.00s, Memory = 0.0K)
    Checking Rule W19 (Rule 127 of total 255) .... done (Time = 0.00s, Memory = 0.0K)
    Checking Rule W66 (Rule 128 of total 255) .... done (Time = 0.00s, Memory = 0.0K)
    Checking Rule W116 (Rule 129 of total 255) .... done (Time = 0.00s, Memory = 0.8K)
    Checking Rule W123 (Rule 130 of total 255) .... done (Time = 0.00s, Memory = 16.0K)
    Checking Rule W156 (Rule 131 of total 255) .... done (Time = 0.00s, Memory = 0.0K)
    Checking Rule W215 (Rule 132 of total 255) .... done (Time = 0.00s, Memory = 0.0K)
    Checking Rule W216 (Rule 133 of total 255) .... done (Time = 0.00s, Memory = -0.8K)
    Checking Rule W218 (Rule 134 of total 255) .... done (Time = 0.00s, Memory = 0.0K)
    Checking Rule W224 (Rule 135 of total 255) .... done (Time = 0.00s, Memory = 0.0K)
    Checking Rule W263 (Rule 136 of total 255) .... done (Time = 0.00s, Memory = 0.0K)
    Checking Rule W289 (Rule 137 of total 255) .... done (Time = 0.00s, Memory = 0.0K)
    Checking Rule W337 (Rule 138 of total 255) .... done (Time = 0.00s, Memory = -0.6K)
    Checking Rule W352 (Rule 139 of total 255) .... done (Time = 0.00s, Memory = 32.0K)
    Checking Rule W362 (Rule 140 of total 255) .... done (Time = 0.00s, Memory = 0.0K)
    Checking Rule W415a (Rule 141 of total 255) .... done (Time = 0.00s, Memory = -0.1K)
    Checking Rule W486 (Rule 142 of total 255) .... done (Time = 0.00s, Memory = 4.0K)
    Checking Rule W499 (Rule 143 of total 255) .... done (Time = 0.00s, Memory = -24.0K)
    Checking Rule W502 (Rule 144 of total 255) .... done (Time = 0.00s, Memory = 2.9K)
    Checking Rule W116 (Rule 145 of total 255) .... done (Time = 0.00s, Memory = 0.0K)
    Checking Rule W122 (Rule 146 of total 255) .... done (Time = 0.00s, Memory = 0.2K)
    Checking Rule W123 (Rule 147 of total 255) .... done (Time = 0.00s, Memory = 0.6K)
    Checking Rule W71 (Rule 148 of total 255) .... done (Time = 0.00s, Memory = 0.0K)
    Checking Rule W240 (Rule 149 of total 255) .... done (Time = 0.00s, Memory = -1.0K)
    Checking Rule W240 (Rule 150 of total 255) .... done (Time = 0.00s, Memory = 0.2K)
    Checking Rule W287a (Rule 151 of total 255) .... done (Time = 0.00s, Memory = -0.5K)
    Checking Rule W293 (Rule 152 of total 255) .... done (Time = 0.00s, Memory = 0.0K)
    Checking Rule W398 (Rule 153 of total 255) .... done (Time = 0.00s, Memory = -0.7K)
    Checking Rule W424 (Rule 154 of total 255) .... done (Time = 0.00s, Memory = 0.0K)
    Checking Rule W467 (Rule 155 of total 255) .... done (Time = 0.00s, Memory = 0.0K)
    Checking Rule W505 (Rule 156 of total 255) .... done (Time = 0.00s, Memory = 0.0K)
    Checking Rule W505 (Rule 157 of total 255) .... done (Time = 0.00s, Memory = 0.0K)
    Checking Rule W528 (Rule 158 of total 255) .... done (Time = 0.00s, Memory = 0.0K)
    Checking Rule W528 (Rule 159 of total 255) .... done (Time = 0.00s, Memory = 645.4K)
    Checking Rule Prereqs_Usage (Rule 160 of total 255) .... done (Time = 0.00s, Memory = -16.0K)
    Checking Rule Postreqs_CheckFuncTask (Rule 161 of total 255) .... done (Time = 0.00s, Memory = 0.0K)
    Checking Rule Prereqs_ConstantInput-ML (Rule 162 of total 255) .... done (Time = 0.00s, Memory = 0.0K)
    Checking Rule Prereqs_ConstantInput-ML (Rule 163 of total 255) .... done (Time = 0.00s, Memory = 0.0K)
    Checking Rule ReportPortInfo-ML (Rule 164 of total 255) .... done (Time = 0.00s, Memory = 0.0K)
    Checking Rule NoAssignX-ML (Rule 165 of total 255) .... done (Time = 0.00s, Memory = 0.0K)
    Checking Rule ParamWidthMismatch-ML (Rule 166 of total 255) .... done (Time = 0.00s, Memory = 0.0K)
    Checking Rule Postreqs_Usage_ML (Rule 167 of total 255) .... done (Time = 0.00s, Memory = -24.1K)
    Checking Rule NoXInCase-ML (Rule 168 of total 255) .... done (Time = 0.00s, Memory = 0.0K)
Checking ELABDU Rules for designUnit RX_TOP
    Checking Rule Prereqs_STARC-2.3.6.1 (Rule 115 of total 255) .... done (Time = 0.00s, Memory = 0.0K)
    Checking Rule STARC05-2.1.5.3 (Rule 116 of total 255) .... done (Time = 0.00s, Memory = 0.0K)
    Checking Rule STARC05-2.2.3.3 (Rule 117 of total 255) .... done (Time = 0.00s, Memory = 0.0K)
    Checking Rule STARC05-2.3.1.6 (Rule 118 of total 255) .... done (Time = 0.00s, Memory = 0.0K)
    Checking Rule STARC05-2.10.2.3 (Rule 119 of total 255) .... done (Time = 0.00s, Memory = 0.0K)
    Checking Rule STARC05-2.10.3.2a (Rule 120 of total 255) .... done (Time = 0.00s, Memory = 0.0K)
    Checking Rule STARC05-2.11.3.1 (Rule 121 of total 255) .... done (Time = 0.00s, Memory = -0.7K)
    Checking Rule STARC05-2.1.3.1 (Rule 122 of total 255) .... done (Time = 0.00s, Memory = 8.0K)
    Checking Rule STARC05-2.10.1.4b (Rule 123 of total 255) .... done (Time = 0.00s, Memory = 0.0K)
    Checking Rule W110 (Rule 124 of total 255) .... done (Time = 0.00s, Memory = 0.2K)
    Checking Rule W122 (Rule 125 of total 255) .... done (Time = 0.00s, Memory = 8.0K)
    Checking Rule W496a (Rule 126 of total 255) .... done (Time = 0.00s, Memory = 0.0K)
    Checking Rule W19 (Rule 127 of total 255) .... done (Time = 0.00s, Memory = 12.0K)
    Checking Rule W66 (Rule 128 of total 255) .... done (Time = 0.00s, Memory = 0.0K)
    Checking Rule W116 (Rule 129 of total 255) .... done (Time = 0.00s, Memory = 0.0K)
    Checking Rule W123 (Rule 130 of total 255) .... done (Time = 0.00s, Memory = 18.5K)
    Checking Rule W156 (Rule 131 of total 255) .... done (Time = 0.00s, Memory = 0.0K)
    Checking Rule W215 (Rule 132 of total 255) .... done (Time = 0.00s, Memory = 0.0K)
    Checking Rule W216 (Rule 133 of total 255) .... done (Time = 0.00s, Memory = -9.0K)
    Checking Rule W218 (Rule 134 of total 255) .... done (Time = 0.00s, Memory = 0.0K)
    Checking Rule W224 (Rule 135 of total 255) .... done (Time = 0.00s, Memory = 0.0K)
    Checking Rule W263 (Rule 136 of total 255) .... done (Time = 0.00s, Memory = 0.0K)
    Checking Rule W289 (Rule 137 of total 255) .... done (Time = 0.00s, Memory = -0.1K)
    Checking Rule W337 (Rule 138 of total 255) .... done (Time = 0.00s, Memory = 24.0K)
    Checking Rule W352 (Rule 139 of total 255) .... done (Time = 0.00s, Memory = -8.0K)
    Checking Rule W362 (Rule 140 of total 255) .... done (Time = 0.00s, Memory = 0.4K)
    Checking Rule W415a (Rule 141 of total 255) .... done (Time = 0.00s, Memory = 0.0K)
    Checking Rule W486 (Rule 142 of total 255) .... done (Time = 0.00s, Memory = 0.0K)
    Checking Rule W499 (Rule 143 of total 255) .... done (Time = 0.00s, Memory = -23.2K)
    Checking Rule W502 (Rule 144 of total 255) .... done (Time = 0.00s, Memory = 0.0K)
    Checking Rule W116 (Rule 145 of total 255) .... done (Time = 0.00s, Memory = 0.0K)
    Checking Rule W122 (Rule 146 of total 255) .... done (Time = 0.00s, Memory = 0.2K)
    Checking Rule W123 (Rule 147 of total 255) .... done (Time = 0.00s, Memory = 0.6K)
    Checking Rule W71 (Rule 148 of total 255) .... done (Time = 0.00s, Memory = 0.0K)
    Checking Rule W240 (Rule 149 of total 255) .... done (Time = 0.00s, Memory = 0.0K)
    Checking Rule W240 (Rule 150 of total 255) .... done (Time = 0.00s, Memory = 0.2K)
    Checking Rule W287a (Rule 151 of total 255) .... done (Time = 0.00s, Memory = 2.1K)
    Checking Rule W293 (Rule 152 of total 255) .... done (Time = 0.00s, Memory = 0.0K)
    Checking Rule W398 (Rule 153 of total 255) .... done (Time = 0.00s, Memory = 0.0K)
    Checking Rule W424 (Rule 154 of total 255) .... done (Time = 0.00s, Memory = 0.0K)
    Checking Rule W467 (Rule 155 of total 255) .... done (Time = 0.00s, Memory = -3.8K)
    Checking Rule W505 (Rule 156 of total 255) .... done (Time = 0.00s, Memory = 0.0K)
    Checking Rule W505 (Rule 157 of total 255) .... done (Time = 0.00s, Memory = 0.0K)
    Checking Rule W528 (Rule 158 of total 255) .... done (Time = 0.00s, Memory = 0.0K)
    Checking Rule W528 (Rule 159 of total 255) .... done (Time = 0.00s, Memory = 645.4K)
    Checking Rule Prereqs_Usage (Rule 160 of total 255) .... done (Time = 0.00s, Memory = -16.0K)
    Checking Rule Postreqs_CheckFuncTask (Rule 161 of total 255) .... done (Time = 0.00s, Memory = 0.0K)
    Checking Rule Prereqs_ConstantInput-ML (Rule 162 of total 255) .... done (Time = 0.00s, Memory = 0.0K)
    Checking Rule Prereqs_ConstantInput-ML (Rule 163 of total 255) .... done (Time = 0.00s, Memory = 0.0K)
    Checking Rule ReportPortInfo-ML (Rule 164 of total 255) .... done (Time = 0.00s, Memory = -0.9K)
    Checking Rule NoAssignX-ML (Rule 165 of total 255) .... done (Time = 0.00s, Memory = 0.0K)
    Checking Rule ParamWidthMismatch-ML (Rule 166 of total 255) .... done (Time = 0.00s, Memory = 0.0K)
    Checking Rule Postreqs_Usage_ML (Rule 167 of total 255) .... done (Time = 0.00s, Memory = -0.5K)
    Checking Rule NoXInCase-ML (Rule 168 of total 255) .... done (Time = 0.00s, Memory = 0.0K)
Checking ELABDU Rules for designUnit RX_FSM
    Checking Rule Prereqs_STARC-2.3.6.1 (Rule 115 of total 255) .... done (Time = 0.00s, Memory = 0.0K)
    Checking Rule STARC05-2.1.5.3 (Rule 116 of total 255) .... done (Time = 0.00s, Memory = 0.0K)
    Checking Rule STARC05-2.2.3.3 (Rule 117 of total 255) .... done (Time = 0.00s, Memory = 4.2K)
    Checking Rule STARC05-2.3.1.6 (Rule 118 of total 255) .... done (Time = 0.00s, Memory = 0.0K)
    Checking Rule STARC05-2.10.2.3 (Rule 119 of total 255) .... done (Time = 0.00s, Memory = -2.0K)
    Checking Rule STARC05-2.10.3.2a (Rule 120 of total 255) .... done (Time = 0.00s, Memory = 24.6K)
    Checking Rule STARC05-2.11.3.1 (Rule 121 of total 255) .... done (Time = 0.00s, Memory = 0.0K)
    Checking Rule STARC05-2.1.3.1 (Rule 122 of total 255) .... done (Time = 0.01s, Memory = 6.0K)
    Checking Rule STARC05-2.10.1.4b (Rule 123 of total 255) .... done (Time = 0.00s, Memory = 11.1K)
    Checking Rule W110 (Rule 124 of total 255) .... done (Time = 0.00s, Memory = 0.0K)
    Checking Rule W122 (Rule 125 of total 255) .... done (Time = 0.00s, Memory = 0.2K)
    Checking Rule W496a (Rule 126 of total 255) .... done (Time = 0.00s, Memory = 11.8K)
    Checking Rule W19 (Rule 127 of total 255) .... done (Time = 0.00s, Memory = 4.7K)
    Checking Rule W66 (Rule 128 of total 255) .... done (Time = 0.00s, Memory = 0.0K)
    Checking Rule W116 (Rule 129 of total 255) .... done (Time = 0.00s, Memory = -2.0K)
    Checking Rule W123 (Rule 130 of total 255) .... done (Time = 0.00s, Memory = 18.0K)
    Checking Rule W156 (Rule 131 of total 255) .... done (Time = 0.00s, Memory = 0.0K)
    Checking Rule W215 (Rule 132 of total 255) .... done (Time = 0.00s, Memory = 0.0K)
    Checking Rule W216 (Rule 133 of total 255) .... done (Time = 0.00s, Memory = 0.0K)
    Checking Rule W218 (Rule 134 of total 255) .... done (Time = 0.00s, Memory = -0.8K)
    Checking Rule W224 (Rule 135 of total 255) .... done (Time = 0.00s, Memory = 0.0K)
    Checking Rule W263 (Rule 136 of total 255) .... done (Time = 0.00s, Memory = 0.0K)
    Checking Rule W289 (Rule 137 of total 255) .... done (Time = 0.00s, Memory = 0.0K)
    Checking Rule W337 (Rule 138 of total 255) .... done (Time = 0.00s, Memory = 0.0K)
    Checking Rule W352 (Rule 139 of total 255) .... done (Time = 0.00s, Memory = 0.0K)
    Checking Rule W362 (Rule 140 of total 255) .... done (Time = 0.00s, Memory = 0.0K)
    Checking Rule W415a (Rule 141 of total 255) .... done (Time = 0.00s, Memory = 33.4K)
    Checking Rule W486 (Rule 142 of total 255) .... done (Time = 0.00s, Memory = 0.0K)
    Checking Rule W499 (Rule 143 of total 255) .... done (Time = 0.00s, Memory = -8.0K)
    Checking Rule W502 (Rule 144 of total 255) .... done (Time = 0.00s, Memory = -23.6K)
    Checking Rule W116 (Rule 145 of total 255) .... done (Time = 0.00s, Memory = 0.0K)
    Checking Rule W122 (Rule 146 of total 255) .... done (Time = 0.00s, Memory = 0.2K)
    Checking Rule W123 (Rule 147 of total 255) .... done (Time = 0.00s, Memory = 0.6K)
    Checking Rule W71 (Rule 148 of total 255) .... done (Time = 0.00s, Memory = 0.8K)
    Checking Rule W240 (Rule 149 of total 255) .... done (Time = 0.00s, Memory = 0.0K)
    Checking Rule W240 (Rule 150 of total 255) .... done (Time = 0.00s, Memory = 0.2K)
    Checking Rule W287a (Rule 151 of total 255) .... done (Time = 0.00s, Memory = 0.0K)
    Checking Rule W293 (Rule 152 of total 255) .... done (Time = 0.00s, Memory = -28.1K)
    Checking Rule W398 (Rule 153 of total 255) .... done (Time = 0.00s, Memory = 0.0K)
    Checking Rule W424 (Rule 154 of total 255) .... done (Time = 0.00s, Memory = 0.0K)
    Checking Rule W467 (Rule 155 of total 255) .... done (Time = 0.00s, Memory = 0.0K)
    Checking Rule W505 (Rule 156 of total 255) .... done (Time = 0.00s, Memory = 1.1K)
    Checking Rule W505 (Rule 157 of total 255) .... done (Time = 0.00s, Memory = 0.0K)
    Checking Rule W528 (Rule 158 of total 255) .... done (Time = 0.00s, Memory = 0.0K)
    Checking Rule W528 (Rule 159 of total 255) .... done (Time = 0.00s, Memory = 645.4K)
    Checking Rule Prereqs_Usage (Rule 160 of total 255) .... done (Time = 0.00s, Memory = -16.0K)
    Checking Rule Postreqs_CheckFuncTask (Rule 161 of total 255) .... done (Time = 0.00s, Memory = 0.0K)
    Checking Rule Prereqs_ConstantInput-ML (Rule 162 of total 255) .... done (Time = 0.00s, Memory = 0.0K)
    Checking Rule Prereqs_ConstantInput-ML (Rule 163 of total 255) .... done (Time = 0.00s, Memory = 0.0K)
    Checking Rule ReportPortInfo-ML (Rule 164 of total 255) .... done (Time = 0.00s, Memory = 24.0K)
    Checking Rule NoAssignX-ML (Rule 165 of total 255) .... done (Time = 0.00s, Memory = -6.0K)
    Checking Rule ParamWidthMismatch-ML (Rule 166 of total 255) .... done (Time = 0.00s, Memory = 0.0K)
    Checking Rule Postreqs_Usage_ML (Rule 167 of total 255) .... done (Time = 0.00s, Memory = 0.0K)
    Checking Rule NoXInCase-ML (Rule 168 of total 255) .... done (Time = 0.00s, Memory = 0.0K)
Checking ELABDU Rules for designUnit stp_chk
    Checking Rule Prereqs_STARC-2.3.6.1 (Rule 115 of total 255) .... done (Time = 0.00s, Memory = 0.0K)
    Checking Rule STARC05-2.1.5.3 (Rule 116 of total 255) .... done (Time = 0.00s, Memory = 0.0K)
    Checking Rule STARC05-2.2.3.3 (Rule 117 of total 255) .... done (Time = 0.00s, Memory = 0.0K)
    Checking Rule STARC05-2.3.1.6 (Rule 118 of total 255) .... done (Time = 0.00s, Memory = 0.0K)
    Checking Rule STARC05-2.10.2.3 (Rule 119 of total 255) .... done (Time = 0.00s, Memory = 0.0K)
    Checking Rule STARC05-2.10.3.2a (Rule 120 of total 255) .... done (Time = 0.00s, Memory = 0.0K)
    Checking Rule STARC05-2.11.3.1 (Rule 121 of total 255) .... done (Time = 0.00s, Memory = 0.0K)
    Checking Rule STARC05-2.1.3.1 (Rule 122 of total 255) .... done (Time = 0.00s, Memory = 6.0K)
    Checking Rule STARC05-2.10.1.4b (Rule 123 of total 255) .... done (Time = 0.00s, Memory = 0.0K)
    Checking Rule W110 (Rule 124 of total 255) .... done (Time = 0.00s, Memory = 0.0K)
    Checking Rule W122 (Rule 125 of total 255) .... done (Time = 0.00s, Memory = -1.8K)
    Checking Rule W496a (Rule 126 of total 255) .... done (Time = 0.00s, Memory = 13.6K)
    Checking Rule W19 (Rule 127 of total 255) .... done (Time = 0.00s, Memory = 0.0K)
    Checking Rule W66 (Rule 128 of total 255) .... done (Time = 0.00s, Memory = -0.1K)
    Checking Rule W116 (Rule 129 of total 255) .... done (Time = 0.00s, Memory = 0.0K)
    Checking Rule W123 (Rule 130 of total 255) .... done (Time = 0.00s, Memory = 16.0K)
    Checking Rule W156 (Rule 131 of total 255) .... done (Time = 0.00s, Memory = 0.0K)
    Checking Rule W215 (Rule 132 of total 255) .... done (Time = 0.00s, Memory = 0.0K)
    Checking Rule W216 (Rule 133 of total 255) .... done (Time = 0.00s, Memory = 0.0K)
    Checking Rule W218 (Rule 134 of total 255) .... done (Time = 0.00s, Memory = 0.0K)
    Checking Rule W224 (Rule 135 of total 255) .... done (Time = 0.00s, Memory = 0.0K)
    Checking Rule W263 (Rule 136 of total 255) .... done (Time = 0.00s, Memory = 0.0K)
    Checking Rule W289 (Rule 137 of total 255) .... done (Time = 0.00s, Memory = 0.0K)
    Checking Rule W337 (Rule 138 of total 255) .... done (Time = 0.00s, Memory = 0.0K)
    Checking Rule W352 (Rule 139 of total 255) .... done (Time = 0.00s, Memory = 0.0K)
    Checking Rule W362 (Rule 140 of total 255) .... done (Time = 0.00s, Memory = 4.0K)
    Checking Rule W415a (Rule 141 of total 255) .... done (Time = 0.00s, Memory = -0.5K)
    Checking Rule W486 (Rule 142 of total 255) .... done (Time = 0.00s, Memory = 8.0K)
    Checking Rule W499 (Rule 143 of total 255) .... done (Time = 0.00s, Memory = 0.0K)
    Checking Rule W502 (Rule 144 of total 255) .... done (Time = 0.00s, Memory = -8.0K)
    Checking Rule W116 (Rule 145 of total 255) .... done (Time = 0.00s, Memory = 0.0K)
    Checking Rule W122 (Rule 146 of total 255) .... done (Time = 0.00s, Memory = 0.2K)
    Checking Rule W123 (Rule 147 of total 255) .... done (Time = 0.00s, Memory = 0.6K)
    Checking Rule W71 (Rule 148 of total 255) .... done (Time = 0.00s, Memory = -0.3K)
    Checking Rule W240 (Rule 149 of total 255) .... done (Time = 0.00s, Memory = 0.0K)
    Checking Rule W240 (Rule 150 of total 255) .... done (Time = 0.00s, Memory = 0.2K)
    Checking Rule W287a (Rule 151 of total 255) .... done (Time = 0.00s, Memory = 0.0K)
    Checking Rule W293 (Rule 152 of total 255) .... done (Time = 0.00s, Memory = 0.0K)
    Checking Rule W398 (Rule 153 of total 255) .... done (Time = 0.00s, Memory = -3.3K)
    Checking Rule W424 (Rule 154 of total 255) .... done (Time = 0.00s, Memory = 0.0K)
    Checking Rule W467 (Rule 155 of total 255) .... done (Time = 0.00s, Memory = 0.0K)
    Checking Rule W505 (Rule 156 of total 255) .... done (Time = 0.00s, Memory = 0.0K)
    Checking Rule W505 (Rule 157 of total 255) .... done (Time = 0.00s, Memory = 0.0K)
    Checking Rule W528 (Rule 158 of total 255) .... done (Time = 0.00s, Memory = 7.5K)
    Checking Rule W528 (Rule 159 of total 255) .... done (Time = 0.00s, Memory = 645.4K)
    Checking Rule Prereqs_Usage (Rule 160 of total 255) .... done (Time = 0.00s, Memory = -16.0K)
    Checking Rule Postreqs_CheckFuncTask (Rule 161 of total 255) .... done (Time = 0.00s, Memory = 0.0K)
    Checking Rule Prereqs_ConstantInput-ML (Rule 162 of total 255) .... done (Time = 0.00s, Memory = 0.0K)
    Checking Rule Prereqs_ConstantInput-ML (Rule 163 of total 255) .... done (Time = 0.00s, Memory = 0.0K)
    Checking Rule ReportPortInfo-ML (Rule 164 of total 255) .... done (Time = 0.00s, Memory = 0.0K)
    Checking Rule NoAssignX-ML (Rule 165 of total 255) .... done (Time = 0.00s, Memory = 0.0K)
    Checking Rule ParamWidthMismatch-ML (Rule 166 of total 255) .... done (Time = 0.00s, Memory = 4.0K)
    Checking Rule Postreqs_Usage_ML (Rule 167 of total 255) .... done (Time = 0.00s, Memory = 24.0K)
    Checking Rule NoXInCase-ML (Rule 168 of total 255) .... done (Time = 0.00s, Memory = 0.0K)
Checking ELABDU Rules for designUnit Strt_chk
    Checking Rule Prereqs_STARC-2.3.6.1 (Rule 115 of total 255) .... done (Time = 0.00s, Memory = 0.0K)
    Checking Rule STARC05-2.1.5.3 (Rule 116 of total 255) .... done (Time = 0.00s, Memory = 0.0K)
    Checking Rule STARC05-2.2.3.3 (Rule 117 of total 255) .... done (Time = 0.00s, Memory = 0.0K)
    Checking Rule STARC05-2.3.1.6 (Rule 118 of total 255) .... done (Time = 0.00s, Memory = 0.0K)
    Checking Rule STARC05-2.10.2.3 (Rule 119 of total 255) .... done (Time = 0.00s, Memory = -0.4K)
    Checking Rule STARC05-2.10.3.2a (Rule 120 of total 255) .... done (Time = 0.00s, Memory = 0.0K)
    Checking Rule STARC05-2.11.3.1 (Rule 121 of total 255) .... done (Time = 0.00s, Memory = 0.0K)
    Checking Rule STARC05-2.1.3.1 (Rule 122 of total 255) .... done (Time = 0.00s, Memory = 0.0K)
    Checking Rule STARC05-2.10.1.4b (Rule 123 of total 255) .... done (Time = 0.00s, Memory = 0.0K)
    Checking Rule W110 (Rule 124 of total 255) .... done (Time = 0.00s, Memory = 0.0K)
    Checking Rule W122 (Rule 125 of total 255) .... done (Time = 0.00s, Memory = 0.0K)
    Checking Rule W496a (Rule 126 of total 255) .... done (Time = 0.00s, Memory = 0.0K)
    Checking Rule W19 (Rule 127 of total 255) .... done (Time = 0.00s, Memory = 0.0K)
    Checking Rule W66 (Rule 128 of total 255) .... done (Time = 0.00s, Memory = 0.0K)
    Checking Rule W116 (Rule 129 of total 255) .... done (Time = 0.00s, Memory = 0.0K)
    Checking Rule W123 (Rule 130 of total 255) .... done (Time = 0.00s, Memory = 16.0K)
    Checking Rule W156 (Rule 131 of total 255) .... done (Time = 0.00s, Memory = 3.0K)
    Checking Rule W215 (Rule 132 of total 255) .... done (Time = 0.00s, Memory = 0.0K)
    Checking Rule W216 (Rule 133 of total 255) .... done (Time = 0.00s, Memory = 8.0K)
    Checking Rule W218 (Rule 134 of total 255) .... done (Time = 0.00s, Memory = 8.0K)
    Checking Rule W224 (Rule 135 of total 255) .... done (Time = 0.00s, Memory = -24.0K)
    Checking Rule W263 (Rule 136 of total 255) .... done (Time = 0.00s, Memory = 0.0K)
    Checking Rule W289 (Rule 137 of total 255) .... done (Time = 0.00s, Memory = 0.0K)
    Checking Rule W337 (Rule 138 of total 255) .... done (Time = 0.00s, Memory = 1.2K)
    Checking Rule W352 (Rule 139 of total 255) .... done (Time = 0.00s, Memory = 0.0K)
    Checking Rule W362 (Rule 140 of total 255) .... done (Time = 0.00s, Memory = 0.0K)
    Checking Rule W415a (Rule 141 of total 255) .... done (Time = 0.00s, Memory = 0.5K)
    Checking Rule W486 (Rule 142 of total 255) .... done (Time = 0.00s, Memory = 0.0K)
    Checking Rule W499 (Rule 143 of total 255) .... done (Time = 0.00s, Memory = 0.0K)
    Checking Rule W502 (Rule 144 of total 255) .... done (Time = 0.00s, Memory = 0.0K)
    Checking Rule W116 (Rule 145 of total 255) .... done (Time = 0.00s, Memory = 0.0K)
    Checking Rule W122 (Rule 146 of total 255) .... done (Time = 0.00s, Memory = 0.2K)
    Checking Rule W123 (Rule 147 of total 255) .... done (Time = 0.00s, Memory = 0.6K)
    Checking Rule W71 (Rule 148 of total 255) .... done (Time = 0.00s, Memory = 0.0K)
    Checking Rule W240 (Rule 149 of total 255) .... done (Time = 0.00s, Memory = 0.0K)
    Checking Rule W240 (Rule 150 of total 255) .... done (Time = 0.00s, Memory = 0.2K)
    Checking Rule W287a (Rule 151 of total 255) .... done (Time = 0.00s, Memory = 0.0K)
    Checking Rule W293 (Rule 152 of total 255) .... done (Time = 0.00s, Memory = 0.0K)
    Checking Rule W398 (Rule 153 of total 255) .... done (Time = 0.00s, Memory = 0.0K)
    Checking Rule W424 (Rule 154 of total 255) .... done (Time = 0.00s, Memory = 0.0K)
    Checking Rule W467 (Rule 155 of total 255) .... done (Time = 0.00s, Memory = 0.0K)
    Checking Rule W505 (Rule 156 of total 255) .... done (Time = 0.00s, Memory = 0.0K)
    Checking Rule W505 (Rule 157 of total 255) .... done (Time = 0.00s, Memory = 0.0K)
    Checking Rule W528 (Rule 158 of total 255) .... done (Time = 0.00s, Memory = 0.0K)
    Checking Rule W528 (Rule 159 of total 255) .... done (Time = 0.00s, Memory = 645.4K)
    Checking Rule Prereqs_Usage (Rule 160 of total 255) .... done (Time = 0.00s, Memory = -16.0K)
    Checking Rule Postreqs_CheckFuncTask (Rule 161 of total 255) .... done (Time = 0.00s, Memory = 0.0K)
    Checking Rule Prereqs_ConstantInput-ML (Rule 162 of total 255) .... done (Time = 0.00s, Memory = 0.0K)
    Checking Rule Prereqs_ConstantInput-ML (Rule 163 of total 255) .... done (Time = 0.00s, Memory = 0.0K)
    Checking Rule ReportPortInfo-ML (Rule 164 of total 255) .... done (Time = 0.00s, Memory = 0.0K)
    Checking Rule NoAssignX-ML (Rule 165 of total 255) .... done (Time = 0.00s, Memory = -27.5K)
    Checking Rule ParamWidthMismatch-ML (Rule 166 of total 255) .... done (Time = 0.00s, Memory = 0.0K)
    Checking Rule Postreqs_Usage_ML (Rule 167 of total 255) .... done (Time = 0.00s, Memory = 0.0K)
    Checking Rule NoXInCase-ML (Rule 168 of total 255) .... done (Time = 0.00s, Memory = 0.0K)
Checking ELABDU Rules for designUnit Parity_chk
    Checking Rule Prereqs_STARC-2.3.6.1 (Rule 115 of total 255) .... done (Time = 0.00s, Memory = 7.9K)
    Checking Rule STARC05-2.1.5.3 (Rule 116 of total 255) .... done (Time = 0.00s, Memory = 8.0K)
    Checking Rule STARC05-2.2.3.3 (Rule 117 of total 255) .... done (Time = 0.00s, Memory = -0.3K)
    Checking Rule STARC05-2.3.1.6 (Rule 118 of total 255) .... done (Time = 0.00s, Memory = 0.0K)
    Checking Rule STARC05-2.10.2.3 (Rule 119 of total 255) .... done (Time = 0.00s, Memory = -0.2K)
    Checking Rule STARC05-2.10.3.2a (Rule 120 of total 255) .... done (Time = 0.00s, Memory = 0.0K)
    Checking Rule STARC05-2.11.3.1 (Rule 121 of total 255) .... done (Time = 0.00s, Memory = -1.2K)
    Checking Rule STARC05-2.1.3.1 (Rule 122 of total 255) .... done (Time = 0.00s, Memory = 0.0K)
    Checking Rule STARC05-2.10.1.4b (Rule 123 of total 255) .... done (Time = 0.00s, Memory = 0.0K)
    Checking Rule W110 (Rule 124 of total 255) .... done (Time = 0.00s, Memory = -1.9K)
    Checking Rule W122 (Rule 125 of total 255) .... done (Time = 0.00s, Memory = 22.7K)
    Checking Rule W496a (Rule 126 of total 255) .... done (Time = 0.00s, Memory = 11.1K)
    Checking Rule W19 (Rule 127 of total 255) .... done (Time = 0.00s, Memory = -0.3K)
    Checking Rule W66 (Rule 128 of total 255) .... done (Time = 0.00s, Memory = -4.0K)
    Checking Rule W116 (Rule 129 of total 255) .... done (Time = 0.00s, Memory = -32.0K)
    Checking Rule W123 (Rule 130 of total 255) .... done (Time = 0.00s, Memory = 18.1K)
    Checking Rule W156 (Rule 131 of total 255) .... done (Time = 0.00s, Memory = 0.0K)
    Checking Rule W215 (Rule 132 of total 255) .... done (Time = 0.00s, Memory = 0.0K)
    Checking Rule W216 (Rule 133 of total 255) .... done (Time = 0.00s, Memory = -6.2K)
    Checking Rule W218 (Rule 134 of total 255) .... done (Time = 0.00s, Memory = 0.0K)
    Checking Rule W224 (Rule 135 of total 255) .... done (Time = 0.00s, Memory = 0.0K)
    Checking Rule W263 (Rule 136 of total 255) .... done (Time = 0.00s, Memory = 0.0K)
    Checking Rule W289 (Rule 137 of total 255) .... done (Time = 0.00s, Memory = 0.0K)
    Checking Rule W337 (Rule 138 of total 255) .... done (Time = 0.00s, Memory = 0.0K)
    Checking Rule W352 (Rule 139 of total 255) .... done (Time = 0.00s, Memory = 0.0K)
    Checking Rule W362 (Rule 140 of total 255) .... done (Time = 0.00s, Memory = 0.5K)
    Checking Rule W415a (Rule 141 of total 255) .... done (Time = 0.00s, Memory = 1.9K)
    Checking Rule W486 (Rule 142 of total 255) .... done (Time = 0.00s, Memory = 0.0K)
    Checking Rule W499 (Rule 143 of total 255) .... done (Time = 0.00s, Memory = 0.8K)
    Checking Rule W502 (Rule 144 of total 255) .... done (Time = 0.00s, Memory = -20.0K)
    Checking Rule W116 (Rule 145 of total 255) .... done (Time = 0.00s, Memory = 0.0K)
    Checking Rule W122 (Rule 146 of total 255) .... done (Time = 0.00s, Memory = 0.2K)
    Checking Rule W123 (Rule 147 of total 255) .... done (Time = 0.00s, Memory = 0.6K)
    Checking Rule W71 (Rule 148 of total 255) .... done (Time = 0.00s, Memory = 0.0K)
    Checking Rule W240 (Rule 149 of total 255) .... done (Time = 0.00s, Memory = 0.0K)
    Checking Rule W240 (Rule 150 of total 255) .... done (Time = 0.00s, Memory = 0.2K)
    Checking Rule W287a (Rule 151 of total 255) .... done (Time = 0.00s, Memory = 0.0K)
    Checking Rule W293 (Rule 152 of total 255) .... done (Time = 0.00s, Memory = 0.0K)
    Checking Rule W398 (Rule 153 of total 255) .... done (Time = 0.00s, Memory = 0.0K)
    Checking Rule W424 (Rule 154 of total 255) .... done (Time = 0.00s, Memory = 0.0K)
    Checking Rule W467 (Rule 155 of total 255) .... done (Time = 0.00s, Memory = 0.0K)
    Checking Rule W505 (Rule 156 of total 255) .... done (Time = 0.00s, Memory = 0.1K)
    Checking Rule W505 (Rule 157 of total 255) .... done (Time = 0.00s, Memory = 0.0K)
    Checking Rule W528 (Rule 158 of total 255) .... done (Time = 0.00s, Memory = 0.0K)
    Checking Rule W528 (Rule 159 of total 255) .... done (Time = 0.00s, Memory = 645.4K)
    Checking Rule Prereqs_Usage (Rule 160 of total 255) .... done (Time = 0.00s, Memory = -17.5K)
    Checking Rule Postreqs_CheckFuncTask (Rule 161 of total 255) .... done (Time = 0.00s, Memory = -16.0K)
    Checking Rule Prereqs_ConstantInput-ML (Rule 162 of total 255) .... done (Time = 0.00s, Memory = 0.4K)
    Checking Rule Prereqs_ConstantInput-ML (Rule 163 of total 255) .... done (Time = 0.00s, Memory = 0.0K)
    Checking Rule ReportPortInfo-ML (Rule 164 of total 255) .... done (Time = 0.00s, Memory = -0.8K)
    Checking Rule NoAssignX-ML (Rule 165 of total 255) .... done (Time = 0.00s, Memory = 0.0K)
    Checking Rule ParamWidthMismatch-ML (Rule 166 of total 255) .... done (Time = 0.00s, Memory = 32.0K)
    Checking Rule Postreqs_Usage_ML (Rule 167 of total 255) .... done (Time = 0.00s, Memory = 0.0K)
    Checking Rule NoXInCase-ML (Rule 168 of total 255) .... done (Time = 0.00s, Memory = 0.0K)
Checking ELABDU Rules for designUnit Edge_Bit_Counter
    Checking Rule Prereqs_STARC-2.3.6.1 (Rule 115 of total 255) .... done (Time = 0.00s, Memory = 0.0K)
    Checking Rule STARC05-2.1.5.3 (Rule 116 of total 255) .... done (Time = 0.00s, Memory = 0.0K)
    Checking Rule STARC05-2.2.3.3 (Rule 117 of total 255) .... done (Time = 0.00s, Memory = 0.0K)
    Checking Rule STARC05-2.3.1.6 (Rule 118 of total 255) .... done (Time = 0.00s, Memory = 0.0K)
    Checking Rule STARC05-2.10.2.3 (Rule 119 of total 255) .... done (Time = 0.00s, Memory = 0.0K)
    Checking Rule STARC05-2.10.3.2a (Rule 120 of total 255) .... done (Time = 0.00s, Memory = 0.0K)
    Checking Rule STARC05-2.11.3.1 (Rule 121 of total 255) .... done (Time = 0.00s, Memory = -8.0K)
    Checking Rule STARC05-2.1.3.1 (Rule 122 of total 255) .... done (Time = 0.00s, Memory = -20.0K)
    Checking Rule STARC05-2.10.1.4b (Rule 123 of total 255) .... done (Time = 0.00s, Memory = 0.0K)
    Checking Rule W110 (Rule 124 of total 255) .... done (Time = 0.00s, Memory = 0.0K)
    Checking Rule W122 (Rule 125 of total 255) .... done (Time = 0.00s, Memory = 0.0K)
    Checking Rule W496a (Rule 126 of total 255) .... done (Time = 0.00s, Memory = 0.0K)
    Checking Rule W19 (Rule 127 of total 255) .... done (Time = 0.00s, Memory = 0.0K)
    Checking Rule W66 (Rule 128 of total 255) .... done (Time = 0.00s, Memory = 0.0K)
    Checking Rule W116 (Rule 129 of total 255) .... done (Time = 0.00s, Memory = 0.0K)
    Checking Rule W123 (Rule 130 of total 255) .... done (Time = 0.00s, Memory = 16.0K)
    Checking Rule W156 (Rule 131 of total 255) .... done (Time = 0.00s, Memory = 0.0K)
    Checking Rule W215 (Rule 132 of total 255) .... done (Time = 0.00s, Memory = 0.0K)
    Checking Rule W216 (Rule 133 of total 255) .... done (Time = 0.00s, Memory = 0.0K)
    Checking Rule W218 (Rule 134 of total 255) .... done (Time = 0.00s, Memory = 0.0K)
    Checking Rule W224 (Rule 135 of total 255) .... done (Time = 0.00s, Memory = 0.0K)
    Checking Rule W263 (Rule 136 of total 255) .... done (Time = 0.00s, Memory = 0.0K)
    Checking Rule W289 (Rule 137 of total 255) .... done (Time = 0.00s, Memory = 0.0K)
    Checking Rule W337 (Rule 138 of total 255) .... done (Time = 0.00s, Memory = 12.0K)
    Checking Rule W352 (Rule 139 of total 255) .... done (Time = 0.00s, Memory = 8.0K)
    Checking Rule W362 (Rule 140 of total 255) .... done (Time = 0.00s, Memory = 4.0K)
    Checking Rule W415a (Rule 141 of total 255) .... done (Time = 0.00s, Memory = -17.3K)
    Checking Rule W486 (Rule 142 of total 255) .... done (Time = 0.00s, Memory = 0.0K)
    Checking Rule W499 (Rule 143 of total 255) .... done (Time = 0.00s, Memory = 0.0K)
    Checking Rule W502 (Rule 144 of total 255) .... done (Time = 0.00s, Memory = 0.0K)
    Checking Rule W116 (Rule 145 of total 255) .... done (Time = 0.00s, Memory = 0.0K)
    Checking Rule W122 (Rule 146 of total 255) .... done (Time = 0.00s, Memory = 0.2K)
    Checking Rule W123 (Rule 147 of total 255) .... done (Time = 0.00s, Memory = 0.6K)
    Checking Rule W71 (Rule 148 of total 255) .... done (Time = 0.00s, Memory = 0.0K)
    Checking Rule W240 (Rule 149 of total 255) .... done (Time = 0.00s, Memory = 0.0K)
    Checking Rule W240 (Rule 150 of total 255) .... done (Time = 0.00s, Memory = 0.2K)
    Checking Rule W287a (Rule 151 of total 255) .... done (Time = 0.00s, Memory = 0.0K)
    Checking Rule W293 (Rule 152 of total 255) .... done (Time = 0.00s, Memory = 0.0K)
    Checking Rule W398 (Rule 153 of total 255) .... done (Time = 0.00s, Memory = 4.0K)
    Checking Rule W424 (Rule 154 of total 255) .... done (Time = 0.00s, Memory = 24.0K)
    Checking Rule W467 (Rule 155 of total 255) .... done (Time = 0.00s, Memory = 0.0K)
    Checking Rule W505 (Rule 156 of total 255) .... done (Time = 0.00s, Memory = 0.4K)
    Checking Rule W505 (Rule 157 of total 255) .... done (Time = 0.00s, Memory = 0.0K)
    Checking Rule W528 (Rule 158 of total 255) .... done (Time = 0.00s, Memory = 0.0K)
    Checking Rule W528 (Rule 159 of total 255) .... done (Time = 0.00s, Memory = 645.4K)
    Checking Rule Prereqs_Usage (Rule 160 of total 255) .... done (Time = 0.00s, Memory = -16.0K)
    Checking Rule Postreqs_CheckFuncTask (Rule 161 of total 255) .... done (Time = 0.00s, Memory = 0.0K)
    Checking Rule Prereqs_ConstantInput-ML (Rule 162 of total 255) .... done (Time = 0.00s, Memory = 0.0K)
    Checking Rule Prereqs_ConstantInput-ML (Rule 163 of total 255) .... done (Time = 0.00s, Memory = 0.0K)
    Checking Rule ReportPortInfo-ML (Rule 164 of total 255) .... done (Time = 0.00s, Memory = 0.0K)
    Checking Rule NoAssignX-ML (Rule 165 of total 255) .... done (Time = 0.00s, Memory = 0.0K)
    Checking Rule ParamWidthMismatch-ML (Rule 166 of total 255) .... done (Time = 0.00s, Memory = -8.0K)
    Checking Rule Postreqs_Usage_ML (Rule 167 of total 255) .... done (Time = 0.00s, Memory = 0.0K)
    Checking Rule NoXInCase-ML (Rule 168 of total 255) .... done (Time = 0.00s, Memory = 0.0K)
Checking ELABDU Rules for designUnit Data_sampling
    Checking Rule Prereqs_STARC-2.3.6.1 (Rule 115 of total 255) .... done (Time = 0.00s, Memory = 0.0K)
    Checking Rule STARC05-2.1.5.3 (Rule 116 of total 255) .... done (Time = 0.00s, Memory = 0.0K)
    Checking Rule STARC05-2.2.3.3 (Rule 117 of total 255) .... done (Time = 0.00s, Memory = 0.0K)
    Checking Rule STARC05-2.3.1.6 (Rule 118 of total 255) .... done (Time = 0.00s, Memory = 16.0K)
    Checking Rule STARC05-2.10.2.3 (Rule 119 of total 255) .... done (Time = 0.00s, Memory = 0.0K)
    Checking Rule STARC05-2.10.3.2a (Rule 120 of total 255) .... done (Time = 0.00s, Memory = 0.0K)
    Checking Rule STARC05-2.11.3.1 (Rule 121 of total 255) .... done (Time = 0.00s, Memory = 0.0K)
    Checking Rule STARC05-2.1.3.1 (Rule 122 of total 255) .... done (Time = 0.00s, Memory = 6.0K)
    Checking Rule STARC05-2.10.1.4b (Rule 123 of total 255) .... done (Time = 0.00s, Memory = -8.0K)
    Checking Rule W110 (Rule 124 of total 255) .... done (Time = 0.00s, Memory = 0.2K)
    Checking Rule W122 (Rule 125 of total 255) .... done (Time = 0.00s, Memory = 0.0K)
    Checking Rule W496a (Rule 126 of total 255) .... done (Time = 0.00s, Memory = 0.0K)
    Checking Rule W19 (Rule 127 of total 255) .... done (Time = 0.00s, Memory = 0.0K)
    Checking Rule W66 (Rule 128 of total 255) .... done (Time = 0.00s, Memory = 0.0K)
    Checking Rule W116 (Rule 129 of total 255) .... done (Time = 0.00s, Memory = 0.0K)
    Checking Rule W123 (Rule 130 of total 255) .... done (Time = 0.00s, Memory = 16.0K)
    Checking Rule W156 (Rule 131 of total 255) .... done (Time = 0.00s, Memory = 0.0K)
    Checking Rule W215 (Rule 132 of total 255) .... done (Time = 0.00s, Memory = 0.0K)
    Checking Rule W216 (Rule 133 of total 255) .... done (Time = 0.00s, Memory = 8.0K)
    Checking Rule W218 (Rule 134 of total 255) .... done (Time = 0.00s, Memory = -8.0K)
    Checking Rule W224 (Rule 135 of total 255) .... done (Time = 0.00s, Memory = 0.0K)
    Checking Rule W263 (Rule 136 of total 255) .... done (Time = 0.00s, Memory = 0.0K)
    Checking Rule W289 (Rule 137 of total 255) .... done (Time = 0.00s, Memory = -32.0K)
    Checking Rule W337 (Rule 138 of total 255) .... done (Time = 0.00s, Memory = 0.0K)
    Checking Rule W352 (Rule 139 of total 255) .... done (Time = 0.00s, Memory = 0.0K)
    Checking Rule W362 (Rule 140 of total 255) .... done (Time = 0.00s, Memory = 0.0K)
    Checking Rule W415a (Rule 141 of total 255) .... done (Time = 0.00s, Memory = 3.3K)
    Checking Rule W486 (Rule 142 of total 255) .... done (Time = 0.00s, Memory = 2.7K)
    Checking Rule W499 (Rule 143 of total 255) .... done (Time = 0.00s, Memory = -0.4K)
    Checking Rule W502 (Rule 144 of total 255) .... done (Time = 0.00s, Memory = 0.0K)
    Checking Rule W116 (Rule 145 of total 255) .... done (Time = 0.00s, Memory = 0.0K)
    Checking Rule W122 (Rule 146 of total 255) .... done (Time = 0.00s, Memory = 0.2K)
    Checking Rule W123 (Rule 147 of total 255) .... done (Time = 0.00s, Memory = 0.6K)
    Checking Rule W71 (Rule 148 of total 255) .... done (Time = 0.00s, Memory = 0.0K)
    Checking Rule W240 (Rule 149 of total 255) .... done (Time = 0.00s, Memory = 0.0K)
    Checking Rule W240 (Rule 150 of total 255) .... done (Time = 0.00s, Memory = 0.2K)
    Checking Rule W287a (Rule 151 of total 255) .... done (Time = 0.00s, Memory = 0.0K)
    Checking Rule W293 (Rule 152 of total 255) .... done (Time = 0.00s, Memory = 0.0K)
    Checking Rule W398 (Rule 153 of total 255) .... done (Time = 0.00s, Memory = 0.0K)
    Checking Rule W424 (Rule 154 of total 255) .... done (Time = 0.00s, Memory = 0.0K)
    Checking Rule W467 (Rule 155 of total 255) .... done (Time = 0.00s, Memory = 0.0K)
    Checking Rule W505 (Rule 156 of total 255) .... done (Time = 0.00s, Memory = 0.4K)
    Checking Rule W505 (Rule 157 of total 255) .... done (Time = 0.00s, Memory = 0.0K)
    Checking Rule W528 (Rule 158 of total 255) .... done (Time = 0.00s, Memory = 0.0K)
    Checking Rule W528 (Rule 159 of total 255) .... done (Time = 0.00s, Memory = 645.4K)
    Checking Rule Prereqs_Usage (Rule 160 of total 255) .... done (Time = 0.00s, Memory = -16.0K)
    Checking Rule Postreqs_CheckFuncTask (Rule 161 of total 255) .... done (Time = 0.00s, Memory = 0.0K)
    Checking Rule Prereqs_ConstantInput-ML (Rule 162 of total 255) .... done (Time = 0.00s, Memory = 0.0K)
    Checking Rule Prereqs_ConstantInput-ML (Rule 163 of total 255) .... done (Time = 0.00s, Memory = 0.0K)
    Checking Rule ReportPortInfo-ML (Rule 164 of total 255) .... done (Time = 0.00s, Memory = 0.0K)
    Checking Rule NoAssignX-ML (Rule 165 of total 255) .... done (Time = 0.00s, Memory = -4.4K)
    Checking Rule ParamWidthMismatch-ML (Rule 166 of total 255) .... done (Time = 0.00s, Memory = 24.0K)
    Checking Rule Postreqs_Usage_ML (Rule 167 of total 255) .... done (Time = 0.00s, Memory = 0.0K)
    Checking Rule NoXInCase-ML (Rule 168 of total 255) .... done (Time = 0.00s, Memory = 0.0K)
Checking ELABDU Rules for designUnit DeSerializer
    Checking Rule Prereqs_STARC-2.3.6.1 (Rule 115 of total 255) .... done (Time = 0.00s, Memory = 0.0K)
    Checking Rule STARC05-2.1.5.3 (Rule 116 of total 255) .... done (Time = 0.00s, Memory = 0.0K)
    Checking Rule STARC05-2.2.3.3 (Rule 117 of total 255) .... done (Time = 0.00s, Memory = 0.0K)
    Checking Rule STARC05-2.3.1.6 (Rule 118 of total 255) .... done (Time = 0.00s, Memory = 0.0K)
    Checking Rule STARC05-2.10.2.3 (Rule 119 of total 255) .... done (Time = 0.00s, Memory = 0.0K)
    Checking Rule STARC05-2.10.3.2a (Rule 120 of total 255) .... done (Time = 0.00s, Memory = 0.0K)
    Checking Rule STARC05-2.11.3.1 (Rule 121 of total 255) .... done (Time = 0.00s, Memory = 0.0K)
    Checking Rule STARC05-2.1.3.1 (Rule 122 of total 255) .... done (Time = 0.01s, Memory = 6.2K)
    Checking Rule STARC05-2.10.1.4b (Rule 123 of total 255) .... done (Time = 0.00s, Memory = -8.0K)
    Checking Rule W110 (Rule 124 of total 255) .... done (Time = 0.00s, Memory = -8.0K)
    Checking Rule W122 (Rule 125 of total 255) .... done (Time = 0.00s, Memory = 0.0K)
    Checking Rule W496a (Rule 126 of total 255) .... done (Time = 0.00s, Memory = 32.0K)
    Checking Rule W19 (Rule 127 of total 255) .... done (Time = 0.00s, Memory = 0.0K)
    Checking Rule W66 (Rule 128 of total 255) .... done (Time = 0.00s, Memory = 0.0K)
    Checking Rule W116 (Rule 129 of total 255) .... done (Time = 0.00s, Memory = 0.0K)
    Checking Rule W123 (Rule 130 of total 255) .... done (Time = 0.00s, Memory = 16.0K)
    Checking Rule W156 (Rule 131 of total 255) .... done (Time = 0.00s, Memory = 1.6K)
    Checking Rule W215 (Rule 132 of total 255) .... done (Time = 0.00s, Memory = 0.0K)
    Checking Rule W216 (Rule 133 of total 255) .... done (Time = 0.00s, Memory = 0.0K)
    Checking Rule W218 (Rule 134 of total 255) .... done (Time = 0.00s, Memory = 0.0K)
    Checking Rule W224 (Rule 135 of total 255) .... done (Time = 0.00s, Memory = 0.0K)
    Checking Rule W263 (Rule 136 of total 255) .... done (Time = 0.00s, Memory = 0.0K)
    Checking Rule W289 (Rule 137 of total 255) .... done (Time = 0.00s, Memory = 0.0K)
    Checking Rule W337 (Rule 138 of total 255) .... done (Time = 0.00s, Memory = 0.0K)
    Checking Rule W352 (Rule 139 of total 255) .... done (Time = 0.00s, Memory = 0.0K)
    Checking Rule W362 (Rule 140 of total 255) .... done (Time = 0.00s, Memory = 0.0K)
    Checking Rule W415a (Rule 141 of total 255) .... done (Time = 0.00s, Memory = 4.0K)
    Checking Rule W486 (Rule 142 of total 255) .... done (Time = 0.00s, Memory = 0.0K)
    Checking Rule W499 (Rule 143 of total 255) .... done (Time = 0.00s, Memory = 0.0K)
    Checking Rule W502 (Rule 144 of total 255) .... done (Time = 0.00s, Memory = -32.0K)
    Checking Rule W116 (Rule 145 of total 255) .... done (Time = 0.00s, Memory = 0.0K)
    Checking Rule W122 (Rule 146 of total 255) .... done (Time = 0.00s, Memory = 0.2K)
    Checking Rule W123 (Rule 147 of total 255) .... done (Time = 0.00s, Memory = 0.6K)
    Checking Rule W71 (Rule 148 of total 255) .... done (Time = 0.00s, Memory = -0.4K)
    Checking Rule W240 (Rule 149 of total 255) .... done (Time = 0.00s, Memory = 0.0K)
    Checking Rule W240 (Rule 150 of total 255) .... done (Time = 0.00s, Memory = 0.2K)
    Checking Rule W287a (Rule 151 of total 255) .... done (Time = 0.00s, Memory = 0.0K)
    Checking Rule W293 (Rule 152 of total 255) .... done (Time = 0.00s, Memory = 0.0K)
    Checking Rule W398 (Rule 153 of total 255) .... done (Time = 0.00s, Memory = 0.0K)
    Checking Rule W424 (Rule 154 of total 255) .... done (Time = 0.00s, Memory = 0.0K)
    Checking Rule W467 (Rule 155 of total 255) .... done (Time = 0.00s, Memory = 0.0K)
    Checking Rule W505 (Rule 156 of total 255) .... done (Time = 0.00s, Memory = 0.0K)
    Checking Rule W505 (Rule 157 of total 255) .... done (Time = 0.00s, Memory = 0.0K)
    Checking Rule W528 (Rule 158 of total 255) .... done (Time = 0.00s, Memory = 0.0K)
    Checking Rule W528 (Rule 159 of total 255) .... done (Time = 0.00s, Memory = 645.4K)
    Checking Rule Prereqs_Usage (Rule 160 of total 255) .... done (Time = 0.00s, Memory = -18.0K)
    Checking Rule Postreqs_CheckFuncTask (Rule 161 of total 255) .... done (Time = 0.00s, Memory = 0.0K)
    Checking Rule Prereqs_ConstantInput-ML (Rule 162 of total 255) .... done (Time = 0.00s, Memory = 0.3K)
    Checking Rule Prereqs_ConstantInput-ML (Rule 163 of total 255) .... done (Time = 0.00s, Memory = 0.0K)
    Checking Rule ReportPortInfo-ML (Rule 164 of total 255) .... done (Time = 0.00s, Memory = -32.0K)
    Checking Rule NoAssignX-ML (Rule 165 of total 255) .... done (Time = 0.00s, Memory = 0.0K)
    Checking Rule ParamWidthMismatch-ML (Rule 166 of total 255) .... done (Time = 0.00s, Memory = 0.0K)
    Checking Rule Postreqs_Usage_ML (Rule 167 of total 255) .... done (Time = 0.00s, Memory = 0.0K)
    Checking Rule NoXInCase-ML (Rule 168 of total 255) .... done (Time = 0.00s, Memory = 0.0K)
Checking ELABDU Rules for designUnit clk_div
    Checking Rule Prereqs_STARC-2.3.6.1 (Rule 115 of total 255) .... done (Time = 0.00s, Memory = 0.0K)
    Checking Rule STARC05-2.1.5.3 (Rule 116 of total 255) .... done (Time = 0.00s, Memory = 0.0K)
    Checking Rule STARC05-2.2.3.3 (Rule 117 of total 255) .... done (Time = 0.00s, Memory = 4.7K)
    Checking Rule STARC05-2.3.1.6 (Rule 118 of total 255) .... done (Time = 0.00s, Memory = 0.0K)
    Checking Rule STARC05-2.10.2.3 (Rule 119 of total 255) .... done (Time = 0.00s, Memory = 0.0K)
    Checking Rule STARC05-2.10.3.2a (Rule 120 of total 255) .... done (Time = 0.00s, Memory = 8.4K)
    Checking Rule STARC05-2.11.3.1 (Rule 121 of total 255) .... done (Time = 0.00s, Memory = 0.0K)
    Checking Rule STARC05-2.1.3.1 (Rule 122 of total 255) .... done (Time = 0.00s, Memory = 8.0K)
    Checking Rule STARC05-2.10.1.4b (Rule 123 of total 255) .... done (Time = 0.00s, Memory = -24.0K)
    Checking Rule W110 (Rule 124 of total 255) .... done (Time = 0.00s, Memory = 0.0K)
    Checking Rule W122 (Rule 125 of total 255) .... done (Time = 0.00s, Memory = -8.0K)
    Checking Rule W496a (Rule 126 of total 255) .... done (Time = 0.00s, Memory = -1.1K)
    Checking Rule W19 (Rule 127 of total 255) .... done (Time = 0.00s, Memory = 0.0K)
    Checking Rule W66 (Rule 128 of total 255) .... done (Time = 0.00s, Memory = 0.0K)
    Checking Rule W116 (Rule 129 of total 255) .... done (Time = 0.00s, Memory = -2.2K)
    Checking Rule W123 (Rule 130 of total 255) .... done (Time = 0.00s, Memory = 15.8K)
    Checking Rule W156 (Rule 131 of total 255) .... done (Time = 0.00s, Memory = 0.0K)
    Checking Rule W215 (Rule 132 of total 255) .... done (Time = 0.00s, Memory = 0.0K)
    Checking Rule W216 (Rule 133 of total 255) .... done (Time = 0.00s, Memory = 0.0K)
    Checking Rule W218 (Rule 134 of total 255) .... done (Time = 0.00s, Memory = 0.0K)
    Checking Rule W224 (Rule 135 of total 255) .... done (Time = 0.00s, Memory = 0.0K)
    Checking Rule W263 (Rule 136 of total 255) .... done (Time = 0.00s, Memory = -0.8K)
    Checking Rule W289 (Rule 137 of total 255) .... done (Time = 0.00s, Memory = 24.0K)
    Checking Rule W337 (Rule 138 of total 255) .... done (Time = 0.00s, Memory = 0.0K)
    Checking Rule W352 (Rule 139 of total 255) .... done (Time = 0.00s, Memory = -8.0K)
    Checking Rule W362 (Rule 140 of total 255) .... done (Time = 0.00s, Memory = -0.8K)
    Checking Rule W415a (Rule 141 of total 255) .... done (Time = 0.00s, Memory = -6.0K)
    Checking Rule W486 (Rule 142 of total 255) .... done (Time = 0.00s, Memory = 0.0K)
    Checking Rule W499 (Rule 143 of total 255) .... done (Time = 0.00s, Memory = -0.4K)
    Checking Rule W502 (Rule 144 of total 255) .... done (Time = 0.00s, Memory = 3.9K)
    Checking Rule W116 (Rule 145 of total 255) .... done (Time = 0.00s, Memory = 0.0K)
    Checking Rule W122 (Rule 146 of total 255) .... done (Time = 0.00s, Memory = 0.2K)
    Checking Rule W123 (Rule 147 of total 255) .... done (Time = 0.00s, Memory = 0.6K)
    Checking Rule W71 (Rule 148 of total 255) .... done (Time = 0.00s, Memory = 0.0K)
    Checking Rule W240 (Rule 149 of total 255) .... done (Time = 0.00s, Memory = 0.0K)
    Checking Rule W240 (Rule 150 of total 255) .... done (Time = 0.00s, Memory = 0.2K)
    Checking Rule W287a (Rule 151 of total 255) .... done (Time = 0.00s, Memory = 0.0K)
    Checking Rule W293 (Rule 152 of total 255) .... done (Time = 0.00s, Memory = 0.0K)
    Checking Rule W398 (Rule 153 of total 255) .... done (Time = 0.00s, Memory = 0.0K)
    Checking Rule W424 (Rule 154 of total 255) .... done (Time = 0.00s, Memory = 0.0K)
    Checking Rule W467 (Rule 155 of total 255) .... done (Time = 0.00s, Memory = 0.0K)
    Checking Rule W505 (Rule 156 of total 255) .... done (Time = 0.00s, Memory = 0.0K)
    Checking Rule W505 (Rule 157 of total 255) .... done (Time = 0.00s, Memory = 0.0K)
    Checking Rule W528 (Rule 158 of total 255) .... done (Time = 0.00s, Memory = 0.0K)
    Checking Rule W528 (Rule 159 of total 255) .... done (Time = 0.00s, Memory = 645.4K)
    Checking Rule Prereqs_Usage (Rule 160 of total 255) .... done (Time = 0.00s, Memory = -16.0K)
    Checking Rule Postreqs_CheckFuncTask (Rule 161 of total 255) .... done (Time = 0.00s, Memory = 0.0K)
    Checking Rule Prereqs_ConstantInput-ML (Rule 162 of total 255) .... done (Time = 0.00s, Memory = 0.0K)
    Checking Rule Prereqs_ConstantInput-ML (Rule 163 of total 255) .... done (Time = 0.00s, Memory = 0.0K)
    Checking Rule ReportPortInfo-ML (Rule 164 of total 255) .... done (Time = 0.00s, Memory = 0.0K)
    Checking Rule NoAssignX-ML (Rule 165 of total 255) .... done (Time = 0.00s, Memory = 0.0K)
    Checking Rule ParamWidthMismatch-ML (Rule 166 of total 255) .... done (Time = 0.00s, Memory = 0.0K)
    Checking Rule Postreqs_Usage_ML (Rule 167 of total 255) .... done (Time = 0.00s, Memory = 0.0K)
    Checking Rule NoXInCase-ML (Rule 168 of total 255) .... done (Time = 0.00s, Memory = 0.0K)
Checking ELABDU Rules for designUnit RST_SYNCH
    Checking Rule Prereqs_STARC-2.3.6.1 (Rule 115 of total 255) .... done (Time = 0.00s, Memory = 0.0K)
    Checking Rule STARC05-2.1.5.3 (Rule 116 of total 255) .... done (Time = 0.00s, Memory = 0.0K)
    Checking Rule STARC05-2.2.3.3 (Rule 117 of total 255) .... done (Time = 0.00s, Memory = -3.5K)
    Checking Rule STARC05-2.3.1.6 (Rule 118 of total 255) .... done (Time = 0.00s, Memory = 0.0K)
    Checking Rule STARC05-2.10.2.3 (Rule 119 of total 255) .... done (Time = 0.00s, Memory = 0.0K)
    Checking Rule STARC05-2.10.3.2a (Rule 120 of total 255) .... done (Time = 0.00s, Memory = 0.0K)
    Checking Rule STARC05-2.11.3.1 (Rule 121 of total 255) .... done (Time = 0.00s, Memory = 0.0K)
    Checking Rule STARC05-2.1.3.1 (Rule 122 of total 255) .... done (Time = 0.00s, Memory = -0.5K)
    Checking Rule STARC05-2.10.1.4b (Rule 123 of total 255) .... done (Time = 0.00s, Memory = 0.0K)
    Checking Rule W110 (Rule 124 of total 255) .... done (Time = 0.00s, Memory = 8.0K)
    Checking Rule W122 (Rule 125 of total 255) .... done (Time = 0.00s, Memory = -8.3K)
    Checking Rule W496a (Rule 126 of total 255) .... done (Time = 0.00s, Memory = -4.0K)
    Checking Rule W19 (Rule 127 of total 255) .... done (Time = 0.00s, Memory = -0.0K)
    Checking Rule W66 (Rule 128 of total 255) .... done (Time = 0.00s, Memory = 5.8K)
    Checking Rule W116 (Rule 129 of total 255) .... done (Time = 0.00s, Memory = 0.0K)
    Checking Rule W123 (Rule 130 of total 255) .... done (Time = 0.00s, Memory = 13.2K)
    Checking Rule W156 (Rule 131 of total 255) .... done (Time = 0.00s, Memory = 0.0K)
    Checking Rule W215 (Rule 132 of total 255) .... done (Time = 0.00s, Memory = 0.0K)
    Checking Rule W216 (Rule 133 of total 255) .... done (Time = 0.00s, Memory = 0.0K)
    Checking Rule W218 (Rule 134 of total 255) .... done (Time = 0.00s, Memory = 3.1K)
    Checking Rule W224 (Rule 135 of total 255) .... done (Time = 0.00s, Memory = 0.0K)
    Checking Rule W263 (Rule 136 of total 255) .... done (Time = 0.00s, Memory = 0.0K)
    Checking Rule W289 (Rule 137 of total 255) .... done (Time = 0.00s, Memory = 0.0K)
    Checking Rule W337 (Rule 138 of total 255) .... done (Time = 0.00s, Memory = 0.0K)
    Checking Rule W352 (Rule 139 of total 255) .... done (Time = 0.00s, Memory = 24.0K)
    Checking Rule W362 (Rule 140 of total 255) .... done (Time = 0.00s, Memory = 1.6K)
    Checking Rule W415a (Rule 141 of total 255) .... done (Time = 0.00s, Memory = 4.7K)
    Checking Rule W486 (Rule 142 of total 255) .... done (Time = 0.00s, Memory = 4.0K)
    Checking Rule W499 (Rule 143 of total 255) .... done (Time = 0.00s, Memory = -24.0K)
    Checking Rule W502 (Rule 144 of total 255) .... done (Time = 0.00s, Memory = -1.5K)
    Checking Rule W116 (Rule 145 of total 255) .... done (Time = 0.00s, Memory = 0.0K)
    Checking Rule W122 (Rule 146 of total 255) .... done (Time = 0.00s, Memory = 0.2K)
    Checking Rule W123 (Rule 147 of total 255) .... done (Time = 0.00s, Memory = 0.6K)
    Checking Rule W71 (Rule 148 of total 255) .... done (Time = 0.00s, Memory = 0.0K)
    Checking Rule W240 (Rule 149 of total 255) .... done (Time = 0.00s, Memory = -32.4K)
    Checking Rule W240 (Rule 150 of total 255) .... done (Time = 0.00s, Memory = 0.2K)
    Checking Rule W287a (Rule 151 of total 255) .... done (Time = 0.00s, Memory = 0.4K)
    Checking Rule W293 (Rule 152 of total 255) .... done (Time = 0.00s, Memory = 3.9K)
    Checking Rule W398 (Rule 153 of total 255) .... done (Time = 0.00s, Memory = 0.0K)
    Checking Rule W424 (Rule 154 of total 255) .... done (Time = 0.00s, Memory = 0.0K)
    Checking Rule W467 (Rule 155 of total 255) .... done (Time = 0.00s, Memory = 0.0K)
    Checking Rule W505 (Rule 156 of total 255) .... done (Time = 0.00s, Memory = -1.5K)
    Checking Rule W505 (Rule 157 of total 255) .... done (Time = 0.00s, Memory = 0.0K)
    Checking Rule W528 (Rule 158 of total 255) .... done (Time = 0.00s, Memory = 0.0K)
    Checking Rule W528 (Rule 159 of total 255) .... done (Time = 0.00s, Memory = 645.4K)
    Checking Rule Prereqs_Usage (Rule 160 of total 255) .... done (Time = 0.00s, Memory = -16.0K)
    Checking Rule Postreqs_CheckFuncTask (Rule 161 of total 255) .... done (Time = 0.00s, Memory = -32.0K)
    Checking Rule Prereqs_ConstantInput-ML (Rule 162 of total 255) .... done (Time = 0.00s, Memory = 8.0K)
    Checking Rule Prereqs_ConstantInput-ML (Rule 163 of total 255) .... done (Time = 0.00s, Memory = 0.0K)
    Checking Rule ReportPortInfo-ML (Rule 164 of total 255) .... done (Time = 0.00s, Memory = 35.4K)
    Checking Rule NoAssignX-ML (Rule 165 of total 255) .... done (Time = 0.00s, Memory = -8.9K)
    Checking Rule ParamWidthMismatch-ML (Rule 166 of total 255) .... done (Time = 0.00s, Memory = 0.0K)
    Checking Rule Postreqs_Usage_ML (Rule 167 of total 255) .... done (Time = 0.00s, Memory = 0.0K)
    Checking Rule NoXInCase-ML (Rule 168 of total 255) .... done (Time = 0.00s, Memory = 0.0K)
Checking ELABDU Rules for designUnit CLK_GATE
    Checking Rule Prereqs_STARC-2.3.6.1 (Rule 115 of total 255) .... done (Time = 0.00s, Memory = 0.0K)
    Checking Rule STARC05-2.1.5.3 (Rule 116 of total 255) .... done (Time = 0.00s, Memory = 0.0K)
    Checking Rule STARC05-2.2.3.3 (Rule 117 of total 255) .... done (Time = 0.00s, Memory = -16.0K)
    Checking Rule STARC05-2.3.1.6 (Rule 118 of total 255) .... done (Time = 0.00s, Memory = 0.0K)
    Checking Rule STARC05-2.10.2.3 (Rule 119 of total 255) .... done (Time = 0.00s, Memory = 0.0K)
    Checking Rule STARC05-2.10.3.2a (Rule 120 of total 255) .... done (Time = 0.00s, Memory = 0.0K)
    Checking Rule STARC05-2.11.3.1 (Rule 121 of total 255) .... done (Time = 0.00s, Memory = 32.0K)
    Checking Rule STARC05-2.1.3.1 (Rule 122 of total 255) .... done (Time = 0.00s, Memory = 0.0K)
    Checking Rule STARC05-2.10.1.4b (Rule 123 of total 255) .... done (Time = 0.00s, Memory = 0.0K)
    Checking Rule W110 (Rule 124 of total 255) .... done (Time = 0.00s, Memory = 0.0K)
    Checking Rule W122 (Rule 125 of total 255) .... done (Time = 0.00s, Memory = 0.0K)
    Checking Rule W496a (Rule 126 of total 255) .... done (Time = 0.00s, Memory = 0.0K)
    Checking Rule W19 (Rule 127 of total 255) .... done (Time = 0.00s, Memory = 0.0K)
    Checking Rule W66 (Rule 128 of total 255) .... done (Time = 0.00s, Memory = 0.0K)
    Checking Rule W116 (Rule 129 of total 255) .... done (Time = 0.00s, Memory = 0.0K)
    Checking Rule W123 (Rule 130 of total 255) .... done (Time = 0.00s, Memory = 16.0K)
    Checking Rule W156 (Rule 131 of total 255) .... done (Time = 0.00s, Memory = 0.0K)
    Checking Rule W215 (Rule 132 of total 255) .... done (Time = 0.00s, Memory = 24.0K)
    Checking Rule W216 (Rule 133 of total 255) .... done (Time = 0.00s, Memory = 7.2K)
    Checking Rule W218 (Rule 134 of total 255) .... done (Time = 0.00s, Memory = 8.0K)
    Checking Rule W224 (Rule 135 of total 255) .... done (Time = 0.00s, Memory = 8.0K)
    Checking Rule W263 (Rule 136 of total 255) .... done (Time = 0.00s, Memory = 0.0K)
    Checking Rule W289 (Rule 137 of total 255) .... done (Time = 0.00s, Memory = 1.9K)
    Checking Rule W337 (Rule 138 of total 255) .... done (Time = 0.00s, Memory = 0.0K)
    Checking Rule W352 (Rule 139 of total 255) .... done (Time = 0.00s, Memory = 0.0K)
    Checking Rule W362 (Rule 140 of total 255) .... done (Time = 0.00s, Memory = 0.0K)
    Checking Rule W415a (Rule 141 of total 255) .... done (Time = 0.00s, Memory = 0.0K)
    Checking Rule W486 (Rule 142 of total 255) .... done (Time = 0.00s, Memory = 0.0K)
    Checking Rule W499 (Rule 143 of total 255) .... done (Time = 0.00s, Memory = 0.0K)
    Checking Rule W502 (Rule 144 of total 255) .... done (Time = 0.00s, Memory = 0.0K)
    Checking Rule W116 (Rule 145 of total 255) .... done (Time = 0.00s, Memory = 0.0K)
    Checking Rule W122 (Rule 146 of total 255) .... done (Time = 0.00s, Memory = 0.2K)
    Checking Rule W123 (Rule 147 of total 255) .... done (Time = 0.00s, Memory = 0.6K)
    Checking Rule W71 (Rule 148 of total 255) .... done (Time = 0.00s, Memory = 0.0K)
    Checking Rule W240 (Rule 149 of total 255) .... done (Time = 0.00s, Memory = 0.0K)
    Checking Rule W240 (Rule 150 of total 255) .... done (Time = 0.00s, Memory = 0.2K)
    Checking Rule W287a (Rule 151 of total 255) .... done (Time = 0.00s, Memory = 0.0K)
    Checking Rule W293 (Rule 152 of total 255) .... done (Time = 0.00s, Memory = 0.0K)
    Checking Rule W398 (Rule 153 of total 255) .... done (Time = 0.00s, Memory = 0.0K)
    Checking Rule W424 (Rule 154 of total 255) .... done (Time = 0.00s, Memory = 0.0K)
    Checking Rule W467 (Rule 155 of total 255) .... done (Time = 0.00s, Memory = 0.0K)
    Checking Rule W505 (Rule 156 of total 255) .... done (Time = 0.00s, Memory = 28.0K)
    Checking Rule W505 (Rule 157 of total 255) .... done (Time = 0.00s, Memory = 0.0K)
    Checking Rule W528 (Rule 158 of total 255) .... done (Time = 0.00s, Memory = 0.0K)
    Checking Rule W528 (Rule 159 of total 255) .... done (Time = 0.00s, Memory = 645.4K)
    Checking Rule Prereqs_Usage (Rule 160 of total 255) .... done (Time = 0.00s, Memory = -16.0K)
    Checking Rule Postreqs_CheckFuncTask (Rule 161 of total 255) .... done (Time = 0.00s, Memory = 0.0K)
    Checking Rule Prereqs_ConstantInput-ML (Rule 162 of total 255) .... done (Time = 0.00s, Memory = 1.8K)
    Checking Rule Prereqs_ConstantInput-ML (Rule 163 of total 255) .... done (Time = 0.00s, Memory = 0.0K)
    Checking Rule ReportPortInfo-ML (Rule 164 of total 255) .... done (Time = 0.00s, Memory = 0.0K)
    Checking Rule NoAssignX-ML (Rule 165 of total 255) .... done (Time = 0.00s, Memory = -256.0K)
    Checking Rule ParamWidthMismatch-ML (Rule 166 of total 255) .... done (Time = 0.00s, Memory = 15.8K)
    Checking Rule Postreqs_Usage_ML (Rule 167 of total 255) .... done (Time = 0.00s, Memory = 0.2K)
    Checking Rule NoXInCase-ML (Rule 168 of total 255) .... done (Time = 0.00s, Memory = 0.0K)

INFO [235]    Restoring design database from directory './spyglass-1/sys_top/.SG_SaveRestoreDB/autogenerated__default_snapshot' ...
              done

Checking Rule InferBlackBox (Rule 169 of total 255) .... done (Time = 0.00s, Memory = -0.6K)
Checking Rule SGDC_waive37 (Rule 170 of total 255) .... done (Time = 0.00s, Memory = 0.0K)
Checking Rule SGDC_waive24 (Rule 171 of total 255) .... done (Time = 0.00s, Memory = -32.0K)
Checking Rule SGDC_waive25 (Rule 172 of total 255) .... done (Time = 0.00s, Memory = 0.0K)
Checking Rule SGDC_waive31 (Rule 173 of total 255) .... done (Time = 0.00s, Memory = 0.0K)
Checking Rule SGDC_waive35 (Rule 174 of total 255) .... done (Time = 0.00s, Memory = 0.0K)
Checking Rule ReportSglibSummary (Rule 175 of total 255) .... done (Time = 0.00s, Memory = 0.0K)
Checking Rule STARC-1.3.2.2_prereq for module CLK_GATE (Rule 176 of total 255) .... done (Time = 0.00s, Memory = 0.0K)
Checking Rule W336 for module CLK_GATE (Rule 177 of total 255) .... done (Time = 0.00s, Memory = 0.0K)
Checking Rule W414 for module CLK_GATE (Rule 178 of total 255) .... done (Time = 0.00s, Memory = 0.0K)
Checking Rule W450L for module CLK_GATE (Rule 179 of total 255) .... done (Time = 0.00s, Memory = 0.0K)
Checking Rule RegInputOutput-ML for module CLK_GATE (Rule 180 of total 255) .... done (Time = 0.00s, Memory = 0.0K)
Checking Rule STARC05-2.5.1.7 for module CLK_GATE (Rule 181 of total 255) .... done (Time = 0.00s, Memory = 0.0K)
Checking Rule STARC05-2.5.1.9 for module CLK_GATE (Rule 182 of total 255) .... done (Time = 0.00s, Memory = 0.0K)
Checking Rule STARC-1.3.2.2_prereq for module RST_SYNCH (Rule 176 of total 255) .... done (Time = 0.00s, Memory = 0.0K)
Checking Rule W336 for module RST_SYNCH (Rule 177 of total 255) .... done (Time = 0.00s, Memory = 0.0K)
Checking Rule W414 for module RST_SYNCH (Rule 178 of total 255) .... done (Time = 0.00s, Memory = 0.0K)
Checking Rule W450L for module RST_SYNCH (Rule 179 of total 255) .... done (Time = 0.00s, Memory = 0.0K)
Checking Rule RegInputOutput-ML for module RST_SYNCH (Rule 180 of total 255) .... done (Time = 0.00s, Memory = 0.0K)
Checking Rule STARC05-2.5.1.7 for module RST_SYNCH (Rule 181 of total 255) .... done (Time = 0.00s, Memory = 0.0K)
Checking Rule STARC05-2.5.1.9 for module RST_SYNCH (Rule 182 of total 255) .... done (Time = 0.00s, Memory = 0.0K)
Checking Rule STARC-1.3.2.2_prereq for module clk_div (Rule 176 of total 255) .... done (Time = 0.00s, Memory = 0.0K)
Checking Rule W336 for module clk_div (Rule 177 of total 255) .... done (Time = 0.00s, Memory = 0.0K)
Checking Rule W414 for module clk_div (Rule 178 of total 255) .... done (Time = 0.00s, Memory = 0.0K)
Checking Rule W450L for module clk_div (Rule 179 of total 255) .... done (Time = 0.00s, Memory = 0.0K)
Checking Rule RegInputOutput-ML for module clk_div (Rule 180 of total 255) .... done (Time = 0.00s, Memory = 0.0K)
Checking Rule STARC05-2.5.1.7 for module clk_div (Rule 181 of total 255) .... done (Time = 0.00s, Memory = 0.0K)
Checking Rule STARC05-2.5.1.9 for module clk_div (Rule 182 of total 255) .... done (Time = 0.00s, Memory = 0.0K)
Checking Rule STARC-1.3.2.2_prereq for module DeSerializer (Rule 176 of total 255) .... done (Time = 0.00s, Memory = 0.0K)
Checking Rule W336 for module DeSerializer (Rule 177 of total 255) .... done (Time = 0.00s, Memory = 0.0K)
Checking Rule W414 for module DeSerializer (Rule 178 of total 255) .... done (Time = 0.00s, Memory = 0.0K)
Checking Rule W450L for module DeSerializer (Rule 179 of total 255) .... done (Time = 0.00s, Memory = 0.0K)
Checking Rule RegInputOutput-ML for module DeSerializer (Rule 180 of total 255) .... done (Time = 0.00s, Memory = 0.0K)
Checking Rule STARC05-2.5.1.7 for module DeSerializer (Rule 181 of total 255) .... done (Time = 0.00s, Memory = 0.0K)
Checking Rule STARC05-2.5.1.9 for module DeSerializer (Rule 182 of total 255) .... done (Time = 0.00s, Memory = 0.0K)
Checking Rule STARC-1.3.2.2_prereq for module Data_sampling (Rule 176 of total 255) .... done (Time = 0.00s, Memory = 0.0K)
Checking Rule W336 for module Data_sampling (Rule 177 of total 255) .... done (Time = 0.00s, Memory = 0.0K)
Checking Rule W414 for module Data_sampling (Rule 178 of total 255) .... done (Time = 0.00s, Memory = 0.0K)
Checking Rule W450L for module Data_sampling (Rule 179 of total 255) .... done (Time = 0.00s, Memory = 0.0K)
Checking Rule RegInputOutput-ML for module Data_sampling (Rule 180 of total 255) .... done (Time = 0.00s, Memory = 0.0K)
Checking Rule STARC05-2.5.1.7 for module Data_sampling (Rule 181 of total 255) .... done (Time = 0.00s, Memory = 0.0K)
Checking Rule STARC05-2.5.1.9 for module Data_sampling (Rule 182 of total 255) .... done (Time = 0.00s, Memory = 0.0K)
Checking Rule STARC-1.3.2.2_prereq for module Edge_Bit_Counter (Rule 176 of total 255) .... done (Time = 0.00s, Memory = 0.0K)
Checking Rule W336 for module Edge_Bit_Counter (Rule 177 of total 255) .... done (Time = 0.00s, Memory = 0.0K)
Checking Rule W414 for module Edge_Bit_Counter (Rule 178 of total 255) .... done (Time = 0.00s, Memory = 0.0K)
Checking Rule W450L for module Edge_Bit_Counter (Rule 179 of total 255) .... done (Time = 0.00s, Memory = 0.0K)
Checking Rule RegInputOutput-ML for module Edge_Bit_Counter (Rule 180 of total 255) .... done (Time = 0.00s, Memory = 0.0K)
Checking Rule STARC05-2.5.1.7 for module Edge_Bit_Counter (Rule 181 of total 255) .... done (Time = 0.00s, Memory = 0.0K)
Checking Rule STARC05-2.5.1.9 for module Edge_Bit_Counter (Rule 182 of total 255) .... done (Time = 0.00s, Memory = 0.0K)
Checking Rule STARC-1.3.2.2_prereq for module Parity_chk (Rule 176 of total 255) .... done (Time = 0.00s, Memory = 0.0K)
Checking Rule W336 for module Parity_chk (Rule 177 of total 255) .... done (Time = 0.00s, Memory = 0.0K)
Checking Rule W414 for module Parity_chk (Rule 178 of total 255) .... done (Time = 0.00s, Memory = 0.0K)
Checking Rule W450L for module Parity_chk (Rule 179 of total 255) .... done (Time = 0.00s, Memory = 0.0K)
Checking Rule RegInputOutput-ML for module Parity_chk (Rule 180 of total 255) .... done (Time = 0.00s, Memory = 0.0K)
Checking Rule STARC05-2.5.1.7 for module Parity_chk (Rule 181 of total 255) .... done (Time = 0.00s, Memory = 0.0K)
Checking Rule STARC05-2.5.1.9 for module Parity_chk (Rule 182 of total 255) .... done (Time = 0.00s, Memory = 0.0K)
Checking Rule STARC-1.3.2.2_prereq for module Strt_chk (Rule 176 of total 255) .... done (Time = 0.00s, Memory = 0.0K)
Checking Rule W336 for module Strt_chk (Rule 177 of total 255) .... done (Time = 0.00s, Memory = 0.0K)
Checking Rule W414 for module Strt_chk (Rule 178 of total 255) .... done (Time = 0.00s, Memory = 0.0K)
Checking Rule W450L for module Strt_chk (Rule 179 of total 255) .... done (Time = 0.00s, Memory = 0.0K)
Checking Rule RegInputOutput-ML for module Strt_chk (Rule 180 of total 255) .... done (Time = 0.00s, Memory = 0.0K)
Checking Rule STARC05-2.5.1.7 for module Strt_chk (Rule 181 of total 255) .... done (Time = 0.00s, Memory = 0.0K)
Checking Rule STARC05-2.5.1.9 for module Strt_chk (Rule 182 of total 255) .... done (Time = 0.00s, Memory = 0.0K)
Checking Rule STARC-1.3.2.2_prereq for module stp_chk (Rule 176 of total 255) .... done (Time = 0.00s, Memory = 0.0K)
Checking Rule W336 for module stp_chk (Rule 177 of total 255) .... done (Time = 0.00s, Memory = 0.0K)
Checking Rule W414 for module stp_chk (Rule 178 of total 255) .... done (Time = 0.00s, Memory = 0.0K)
Checking Rule W450L for module stp_chk (Rule 179 of total 255) .... done (Time = 0.00s, Memory = 0.0K)
Checking Rule RegInputOutput-ML for module stp_chk (Rule 180 of total 255) .... done (Time = 0.00s, Memory = 0.0K)
Checking Rule STARC05-2.5.1.7 for module stp_chk (Rule 181 of total 255) .... done (Time = 0.00s, Memory = 0.0K)
Checking Rule STARC05-2.5.1.9 for module stp_chk (Rule 182 of total 255) .... done (Time = 0.00s, Memory = 0.0K)
Checking Rule STARC-1.3.2.2_prereq for module RX_FSM (Rule 176 of total 255) .... done (Time = 0.00s, Memory = 0.0K)
Checking Rule W336 for module RX_FSM (Rule 177 of total 255) .... done (Time = 0.00s, Memory = 0.0K)
Checking Rule W414 for module RX_FSM (Rule 178 of total 255) .... done (Time = 0.00s, Memory = 0.0K)
Checking Rule W450L for module RX_FSM (Rule 179 of total 255) .... done (Time = 0.00s, Memory = 0.0K)
Checking Rule RegInputOutput-ML for module RX_FSM (Rule 180 of total 255) .... done (Time = 0.00s, Memory = 0.0K)
Checking Rule STARC05-2.5.1.7 for module RX_FSM (Rule 181 of total 255) .... done (Time = 0.00s, Memory = 0.0K)
Checking Rule STARC05-2.5.1.9 for module RX_FSM (Rule 182 of total 255) .... done (Time = 0.00s, Memory = 0.0K)
Checking Rule STARC-1.3.2.2_prereq for module RX_TOP (Rule 176 of total 255) .... done (Time = 0.00s, Memory = 0.0K)
Checking Rule W336 for module RX_TOP (Rule 177 of total 255) .... done (Time = 0.00s, Memory = 0.0K)
Checking Rule W414 for module RX_TOP (Rule 178 of total 255) .... done (Time = 0.00s, Memory = 0.0K)
Checking Rule W450L for module RX_TOP (Rule 179 of total 255) .... done (Time = 0.00s, Memory = 0.0K)
Checking Rule RegInputOutput-ML for module RX_TOP (Rule 180 of total 255) .... done (Time = 0.00s, Memory = 0.0K)
Checking Rule STARC05-2.5.1.7 for module RX_TOP (Rule 181 of total 255) .... done (Time = 0.00s, Memory = 0.0K)
Checking Rule STARC05-2.5.1.9 for module RX_TOP (Rule 182 of total 255) .... done (Time = 0.00s, Memory = 0.0K)
Checking Rule STARC-1.3.2.2_prereq for module MUX (Rule 176 of total 255) .... done (Time = 0.00s, Memory = 0.0K)
Checking Rule W336 for module MUX (Rule 177 of total 255) .... done (Time = 0.00s, Memory = 0.0K)
Checking Rule W414 for module MUX (Rule 178 of total 255) .... done (Time = 0.00s, Memory = 0.0K)
Checking Rule W450L for module MUX (Rule 179 of total 255) .... done (Time = 0.00s, Memory = 0.0K)
Checking Rule RegInputOutput-ML for module MUX (Rule 180 of total 255) .... done (Time = 0.00s, Memory = 0.0K)
Checking Rule STARC05-2.5.1.7 for module MUX (Rule 181 of total 255) .... done (Time = 0.00s, Memory = 0.0K)
Checking Rule STARC05-2.5.1.9 for module MUX (Rule 182 of total 255) .... done (Time = 0.00s, Memory = 0.0K)
Checking Rule STARC-1.3.2.2_prereq for module parity (Rule 176 of total 255) .... done (Time = 0.00s, Memory = 0.0K)
Checking Rule W336 for module parity (Rule 177 of total 255) .... done (Time = 0.00s, Memory = 0.0K)
Checking Rule W414 for module parity (Rule 178 of total 255) .... done (Time = 0.00s, Memory = 0.0K)
Checking Rule W450L for module parity (Rule 179 of total 255) .... done (Time = 0.00s, Memory = 0.0K)
Checking Rule RegInputOutput-ML for module parity (Rule 180 of total 255) .... done (Time = 0.00s, Memory = 0.0K)
Checking Rule STARC05-2.5.1.7 for module parity (Rule 181 of total 255) .... done (Time = 0.00s, Memory = 0.0K)
Checking Rule STARC05-2.5.1.9 for module parity (Rule 182 of total 255) .... done (Time = 0.00s, Memory = 0.0K)
Checking Rule STARC-1.3.2.2_prereq for module TX_FSM (Rule 176 of total 255) .... done (Time = 0.00s, Memory = 0.0K)
Checking Rule W336 for module TX_FSM (Rule 177 of total 255) .... done (Time = 0.00s, Memory = 0.0K)
Checking Rule W414 for module TX_FSM (Rule 178 of total 255) .... done (Time = 0.00s, Memory = 0.0K)
Checking Rule W450L for module TX_FSM (Rule 179 of total 255) .... done (Time = 0.00s, Memory = 0.0K)
Checking Rule RegInputOutput-ML for module TX_FSM (Rule 180 of total 255) .... done (Time = 0.00s, Memory = 0.0K)
Checking Rule STARC05-2.5.1.7 for module TX_FSM (Rule 181 of total 255) .... done (Time = 0.00s, Memory = 0.0K)
Checking Rule STARC05-2.5.1.9 for module TX_FSM (Rule 182 of total 255) .... done (Time = 0.00s, Memory = 0.0K)
Checking Rule STARC-1.3.2.2_prereq for module serializer (Rule 176 of total 255) .... done (Time = 0.00s, Memory = 0.0K)
Checking Rule W336 for module serializer (Rule 177 of total 255) .... done (Time = 0.00s, Memory = 0.0K)
Checking Rule W414 for module serializer (Rule 178 of total 255) .... done (Time = 0.00s, Memory = 0.0K)
Checking Rule W450L for module serializer (Rule 179 of total 255) .... done (Time = 0.00s, Memory = 0.0K)
Checking Rule RegInputOutput-ML for module serializer (Rule 180 of total 255) .... done (Time = 0.00s, Memory = 0.0K)
Checking Rule STARC05-2.5.1.7 for module serializer (Rule 181 of total 255) .... done (Time = 0.00s, Memory = 0.0K)
Checking Rule STARC05-2.5.1.9 for module serializer (Rule 182 of total 255) .... done (Time = 0.00s, Memory = 0.0K)
Checking Rule STARC-1.3.2.2_prereq for module TX_TOP (Rule 176 of total 255) .... done (Time = 0.00s, Memory = 0.0K)
Checking Rule W336 for module TX_TOP (Rule 177 of total 255) .... done (Time = 0.00s, Memory = 0.0K)
Checking Rule W414 for module TX_TOP (Rule 178 of total 255) .... done (Time = 0.00s, Memory = 0.0K)
Checking Rule W450L for module TX_TOP (Rule 179 of total 255) .... done (Time = 0.00s, Memory = 0.0K)
Checking Rule RegInputOutput-ML for module TX_TOP (Rule 180 of total 255) .... done (Time = 0.00s, Memory = 0.0K)
Checking Rule STARC05-2.5.1.7 for module TX_TOP (Rule 181 of total 255) .... done (Time = 0.00s, Memory = 0.0K)
Checking Rule STARC05-2.5.1.9 for module TX_TOP (Rule 182 of total 255) .... done (Time = 0.00s, Memory = 0.0K)
Checking Rule STARC-1.3.2.2_prereq for module UART (Rule 176 of total 255) .... done (Time = 0.00s, Memory = 0.0K)
Checking Rule W336 for module UART (Rule 177 of total 255) .... done (Time = 0.00s, Memory = 0.0K)
Checking Rule W414 for module UART (Rule 178 of total 255) .... done (Time = 0.00s, Memory = 0.0K)
Checking Rule W450L for module UART (Rule 179 of total 255) .... done (Time = 0.00s, Memory = 0.0K)
Checking Rule RegInputOutput-ML for module UART (Rule 180 of total 255) .... done (Time = 0.00s, Memory = 0.0K)
Checking Rule STARC05-2.5.1.7 for module UART (Rule 181 of total 255) .... done (Time = 0.00s, Memory = 0.0K)
Checking Rule STARC05-2.5.1.9 for module UART (Rule 182 of total 255) .... done (Time = 0.00s, Memory = 0.0K)
Checking Rule STARC-1.3.2.2_prereq for module Data_Synch (Rule 176 of total 255) .... done (Time = 0.00s, Memory = 0.0K)
Checking Rule W336 for module Data_Synch (Rule 177 of total 255) .... done (Time = 0.00s, Memory = 0.0K)
Checking Rule W414 for module Data_Synch (Rule 178 of total 255) .... done (Time = 0.00s, Memory = 0.0K)
Checking Rule W450L for module Data_Synch (Rule 179 of total 255) .... done (Time = 0.00s, Memory = 0.0K)
Checking Rule RegInputOutput-ML for module Data_Synch (Rule 180 of total 255) .... done (Time = 0.00s, Memory = 0.0K)
Checking Rule STARC05-2.5.1.7 for module Data_Synch (Rule 181 of total 255) .... done (Time = 0.00s, Memory = 0.0K)
Checking Rule STARC05-2.5.1.9 for module Data_Synch (Rule 182 of total 255) .... done (Time = 0.00s, Memory = 0.0K)
Checking Rule STARC-1.3.2.2_prereq for module SYS_CTRL (Rule 176 of total 255) .... done (Time = 0.00s, Memory = 0.0K)
Checking Rule W336 for module SYS_CTRL (Rule 177 of total 255) .... done (Time = 0.00s, Memory = 0.0K)
Checking Rule W414 for module SYS_CTRL (Rule 178 of total 255) .... done (Time = 0.00s, Memory = 0.0K)
Checking Rule W450L for module SYS_CTRL (Rule 179 of total 255) .... done (Time = 0.00s, Memory = 0.0K)
Checking Rule RegInputOutput-ML for module SYS_CTRL (Rule 180 of total 255) .... done (Time = 0.00s, Memory = 0.0K)
Checking Rule STARC05-2.5.1.7 for module SYS_CTRL (Rule 181 of total 255) .... done (Time = 0.00s, Memory = 0.0K)
Checking Rule STARC05-2.5.1.9 for module SYS_CTRL (Rule 182 of total 255) .... done (Time = 0.00s, Memory = 0.0K)
Checking Rule STARC-1.3.2.2_prereq for module Register (Rule 176 of total 255) .... done (Time = 0.00s, Memory = 0.0K)
Checking Rule W336 for module Register (Rule 177 of total 255) .... done (Time = 0.00s, Memory = 0.0K)
Checking Rule W414 for module Register (Rule 178 of total 255) .... done (Time = 0.00s, Memory = 0.0K)
Checking Rule W450L for module Register (Rule 179 of total 255) .... done (Time = 0.00s, Memory = 0.0K)
Checking Rule RegInputOutput-ML for module Register (Rule 180 of total 255) .... done (Time = 0.00s, Memory = 0.0K)
Checking Rule STARC05-2.5.1.7 for module Register (Rule 181 of total 255) .... done (Time = 0.00s, Memory = 0.0K)
Checking Rule STARC05-2.5.1.9 for module Register (Rule 182 of total 255) .... done (Time = 0.00s, Memory = 0.0K)
Checking Rule STARC-1.3.2.2_prereq for module ALU (Rule 176 of total 255) .... done (Time = 0.00s, Memory = 0.0K)
Checking Rule W336 for module ALU (Rule 177 of total 255) .... done (Time = 0.00s, Memory = 0.0K)
Checking Rule W414 for module ALU (Rule 178 of total 255) .... done (Time = 0.00s, Memory = 0.0K)
Checking Rule W450L for module ALU (Rule 179 of total 255) .... done (Time = 0.00s, Memory = 0.0K)
Checking Rule RegInputOutput-ML for module ALU (Rule 180 of total 255) .... done (Time = 0.00s, Memory = 0.0K)
Checking Rule STARC05-2.5.1.7 for module ALU (Rule 181 of total 255) .... done (Time = 0.00s, Memory = 0.0K)
Checking Rule STARC05-2.5.1.9 for module ALU (Rule 182 of total 255) .... done (Time = 0.00s, Memory = 0.0K)
Checking Rule STARC-1.3.2.2_prereq for module FIFO_RD (Rule 176 of total 255) .... done (Time = 0.00s, Memory = 0.0K)
Checking Rule W336 for module FIFO_RD (Rule 177 of total 255) .... done (Time = 0.00s, Memory = 0.0K)
Checking Rule W414 for module FIFO_RD (Rule 178 of total 255) .... done (Time = 0.00s, Memory = 0.0K)
Checking Rule W450L for module FIFO_RD (Rule 179 of total 255) .... done (Time = 0.00s, Memory = 0.0K)
Checking Rule RegInputOutput-ML for module FIFO_RD (Rule 180 of total 255) .... done (Time = 0.00s, Memory = 0.0K)
Checking Rule STARC05-2.5.1.7 for module FIFO_RD (Rule 181 of total 255) .... done (Time = 0.00s, Memory = 0.0K)
Checking Rule STARC05-2.5.1.9 for module FIFO_RD (Rule 182 of total 255) .... done (Time = 0.00s, Memory = 0.0K)
Checking Rule STARC-1.3.2.2_prereq for module FIFO_WR (Rule 176 of total 255) .... done (Time = 0.00s, Memory = 0.0K)
Checking Rule W336 for module FIFO_WR (Rule 177 of total 255) .... done (Time = 0.00s, Memory = 0.0K)
Checking Rule W414 for module FIFO_WR (Rule 178 of total 255) .... done (Time = 0.00s, Memory = 0.0K)
Checking Rule W450L for module FIFO_WR (Rule 179 of total 255) .... done (Time = 0.00s, Memory = 0.0K)
Checking Rule RegInputOutput-ML for module FIFO_WR (Rule 180 of total 255) .... done (Time = 0.00s, Memory = 0.0K)
Checking Rule STARC05-2.5.1.7 for module FIFO_WR (Rule 181 of total 255) .... done (Time = 0.00s, Memory = 0.0K)
Checking Rule STARC05-2.5.1.9 for module FIFO_WR (Rule 182 of total 255) .... done (Time = 0.00s, Memory = 0.0K)
Checking Rule STARC-1.3.2.2_prereq for module DF_SYNC (Rule 176 of total 255) .... done (Time = 0.00s, Memory = 0.0K)
Checking Rule W336 for module DF_SYNC (Rule 177 of total 255) .... done (Time = 0.00s, Memory = 0.0K)
Checking Rule W414 for module DF_SYNC (Rule 178 of total 255) .... done (Time = 0.00s, Memory = 0.0K)
Checking Rule W450L for module DF_SYNC (Rule 179 of total 255) .... done (Time = 0.00s, Memory = 0.0K)
Checking Rule RegInputOutput-ML for module DF_SYNC (Rule 180 of total 255) .... done (Time = 0.00s, Memory = 0.0K)
Checking Rule STARC05-2.5.1.7 for module DF_SYNC (Rule 181 of total 255) .... done (Time = 0.00s, Memory = 0.0K)
Checking Rule STARC05-2.5.1.9 for module DF_SYNC (Rule 182 of total 255) .... done (Time = 0.00s, Memory = 0.0K)
Checking Rule STARC-1.3.2.2_prereq for module FIFO_MEM_CNTRL (Rule 176 of total 255) .... done (Time = 0.00s, Memory = 0.0K)
Checking Rule W336 for module FIFO_MEM_CNTRL (Rule 177 of total 255) .... done (Time = 0.00s, Memory = 0.0K)
Checking Rule W414 for module FIFO_MEM_CNTRL (Rule 178 of total 255) .... done (Time = 0.00s, Memory = 0.0K)
Checking Rule W450L for module FIFO_MEM_CNTRL (Rule 179 of total 255) .... done (Time = 0.00s, Memory = 0.0K)
Checking Rule RegInputOutput-ML for module FIFO_MEM_CNTRL (Rule 180 of total 255) .... done (Time = 0.00s, Memory = 0.0K)
Checking Rule STARC05-2.5.1.7 for module FIFO_MEM_CNTRL (Rule 181 of total 255) .... done (Time = 0.00s, Memory = 0.0K)
Checking Rule STARC05-2.5.1.9 for module FIFO_MEM_CNTRL (Rule 182 of total 255) .... done (Time = 0.00s, Memory = 0.0K)
Checking Rule STARC-1.3.2.2_prereq for module FIFO_TOP (Rule 176 of total 255) .... done (Time = 0.00s, Memory = 0.0K)
Checking Rule W336 for module FIFO_TOP (Rule 177 of total 255) .... done (Time = 0.00s, Memory = 0.0K)
Checking Rule W414 for module FIFO_TOP (Rule 178 of total 255) .... done (Time = 0.00s, Memory = 0.0K)
Checking Rule W450L for module FIFO_TOP (Rule 179 of total 255) .... done (Time = 0.00s, Memory = 0.0K)
Checking Rule RegInputOutput-ML for module FIFO_TOP (Rule 180 of total 255) .... done (Time = 0.00s, Memory = 0.0K)
Checking Rule STARC05-2.5.1.7 for module FIFO_TOP (Rule 181 of total 255) .... done (Time = 0.00s, Memory = 0.0K)
Checking Rule STARC05-2.5.1.9 for module FIFO_TOP (Rule 182 of total 255) .... done (Time = 0.00s, Memory = 0.0K)
Checking Rule STARC-1.3.2.2_prereq for module PULSE_GEN (Rule 176 of total 255) .... done (Time = 0.00s, Memory = 0.0K)
Checking Rule W336 for module PULSE_GEN (Rule 177 of total 255) .... done (Time = 0.00s, Memory = 0.0K)
Checking Rule W414 for module PULSE_GEN (Rule 178 of total 255) .... done (Time = 0.00s, Memory = 0.0K)
Checking Rule W450L for module PULSE_GEN (Rule 179 of total 255) .... done (Time = 0.00s, Memory = 0.0K)
Checking Rule RegInputOutput-ML for module PULSE_GEN (Rule 180 of total 255) .... done (Time = 0.00s, Memory = 0.0K)
Checking Rule STARC05-2.5.1.7 for module PULSE_GEN (Rule 181 of total 255) .... done (Time = 0.00s, Memory = 0.0K)
Checking Rule STARC05-2.5.1.9 for module PULSE_GEN (Rule 182 of total 255) .... done (Time = 0.00s, Memory = 0.0K)
Checking Rule STARC-1.3.2.2_prereq for module sys_top (Rule 176 of total 255) .... done (Time = 0.00s, Memory = 0.0K)
Checking Rule W336 for module sys_top (Rule 177 of total 255) .... done (Time = 0.00s, Memory = 0.0K)
Checking Rule W414 for module sys_top (Rule 178 of total 255) .... done (Time = 0.00s, Memory = 0.0K)
Checking Rule W450L for module sys_top (Rule 179 of total 255) .... done (Time = 0.00s, Memory = 0.0K)
Checking Rule RegInputOutput-ML for module sys_top (Rule 180 of total 255) .... done (Time = 0.00s, Memory = 0.0K)
Checking Rule STARC05-2.5.1.7 for module sys_top (Rule 181 of total 255) .... done (Time = 0.00s, Memory = 0.0K)
Checking Rule STARC05-2.5.1.9 for module sys_top (Rule 182 of total 255) .... done (Time = 0.00s, Memory = 0.0K)
Performing semantic checks on SGDC contents
Checking Rule SGDC_testmode03 (Rule 70 of total 255) .... done (Time = 0.00s, Memory = -2.0K)
Checking Rule LogNMuxPrereq (Rule 183 of total 255) .... done (Time = 0.00s, Memory = -0.1K)
Checking Rule checkSGDC_01 (Rule 184 of total 255) .... done (Time = 0.00s, Memory = 0.0K)
Checking Rule checkSGDC_03 (Rule 185 of total 255) .... done (Time = 0.00s, Memory = 0.0K)
Checking Rule checkSGDC_08 (Rule 186 of total 255) .... done (Time = 0.00s, Memory = 0.0K)
Checking Rule SGDC_memorywritepin04 (Rule 187 of total 255) .... done (Time = 0.00s, Memory = 24.0K)
Checking Rule SGDC_reset02 (Rule 188 of total 255) .... done (Time = 0.00s, Memory = -11.4K)
Checking Rule SGDC_reset03 (Rule 189 of total 255) .... done (Time = 0.00s, Memory = 15.0K)
Checking Rule SGDC_waive23 (Rule 190 of total 255) .... done (Time = 0.00s, Memory = 0.0K)
Checking Rule SGDC_waive26 (Rule 191 of total 255) .... done (Time = 0.00s, Memory = 0.3K)
Checking Rule SGDC_waive27 (Rule 192 of total 255) .... done (Time = 0.00s, Memory = 0.0K)
Checking Rule SGDC_waive29 (Rule 193 of total 255) .... done (Time = 0.00s, Memory = 4.0K)
Checking Rule SGDC_libgroup03 (Rule 194 of total 255) .... done (Time = 0.00s, Memory = -8.7K)
Checking Rule SGDC_ungroup02 (Rule 195 of total 255) .... done (Time = 0.00s, Memory = -10.5K)
Checking Rule _abstractPortSGDC (Rule 196 of total 255) .... done (Time = 0.00s, Memory = -7.3K)
Checking Rule SGDC_abstract_port03 (Rule 197 of total 255) .... done (Time = 0.00s, Memory = 0.0K)
Checking Rule SGDC_abstract_port04 (Rule 198 of total 255) .... done (Time = 0.00s, Memory = 0.0K)
Checking Rule SGDC_abstract_port05 (Rule 199 of total 255) .... done (Time = 0.00s, Memory = -8.0K)
Checking Rule SGDC_abstract_port07 (Rule 200 of total 255) .... done (Time = 0.00s, Memory = 0.0K)
Checking Rule SGDC_abstract_port08 (Rule 201 of total 255) .... done (Time = 0.00s, Memory = -8.2K)
Checking Rule SGDC_abstract_port10 (Rule 202 of total 255) .... done (Time = 0.00s, Memory = -0.9K)
Checking Rule SGDC_abstract_port11 (Rule 203 of total 255) .... done (Time = 0.00s, Memory = -2.6K)
Checking Rule SGDC_abstract_port12 (Rule 204 of total 255) .... done (Time = 0.00s, Memory = -32.0K)
Checking Rule SGDC_abstract_port13 (Rule 205 of total 255) .... done (Time = 0.00s, Memory = 0.0K)
Checking Rule HangingNetPreReq-ML (Rule 206 of total 255) .... done (Time = 0.00s, Memory = 0.1K)
Checking Rule ReportUngroup (Rule 207 of total 255) .... done (Time = 0.00s, Memory = 0.0K)
Checking Rule LINT_portReten (Rule 208 of total 255) .... done (Time = 0.00s, Memory = 0.0K)
Checking Rule SGDC_abstract_port21 (Rule 209 of total 255) .... done (Time = 0.00s, Memory = 0.0K)
Checking Rule InferLatch (Rule 210 of total 255) .... done (Time = 0.00s, Memory = 23.2K)
Checking Rule UndrivenInTerm-ML (Rule 211 of total 255) .... done (Time = 0.01s, Memory = -29.6K)
 Flattening sys_top (.lib instances separately flattened) ....
 Flattening completed
Checking Rule SGDC_set_case_analysis_LC (Rule 212 of total 255) .... done (Time = 0.00s, Memory = 0.0K)
Checking Rule BufClock (Rule 213 of total 255) .... done (Time = 0.01s, Memory = 1001.8K)
Checking Rule CombLoop (Rule 214 of total 255) .... done (Time = 0.01s, Memory = 525.4K)
Checking Rule STARC05-2.5.1.2 (Rule 215 of total 255) .... done (Time = 0.00s, Memory = 30.9K)
Checking Rule STARC05-1.3.1.3 (Rule 216 of total 255) .... done (Time = 0.00s, Memory = -21.7K)
Checking Rule STARC05-1.4.3.4 (Rule 217 of total 255) .... done (Time = 0.00s, Memory = 12.5K)
Checking Rule FlopClockConstant (Rule 218 of total 255) .... done (Time = 0.00s, Memory = 18.7K)
Checking Rule FlopSRConst (Rule 219 of total 255) .... done (Time = 0.00s, Memory = -5.1K)
Checking Rule FlopEConst (Rule 220 of total 255) .... done (Time = 0.00s, Memory = -0.6K)
Checking Rule checkPinConnectedToSupply (Rule 221 of total 255) .... done (Time = 0.01s, Memory = -44.7K)
Checking Rule W392 (Rule 222 of total 255) .... done (Time = 0.01s, Memory = 140.7K)
Checking Rule W415 (Rule 223 of total 255) .... done (Time = 0.00s, Memory = -22.5K)
Checking Rule LatchFeedback (Rule 224 of total 255) .... done (Time = 0.00s, Memory = 1.1K)
Checking Rule STARC05-2.4.1.5 (Rule 225 of total 255) .... done (Time = 0.00s, Memory = 0.0K)
Checking Rule STARC05-1.2.1.2 (Rule 226 of total 255) .... done (Time = 0.00s, Memory = -14.9K)
Checking Rule AnalyzeBBox (Rule 227 of total 255) .... done (Time = 0.00s, Memory = 0.3K)
Checking Rule ReportCheckDataSummary (Rule 68 of total 255) .... done (Time = 0.00s, Memory = 0.0K)

Generating data for Console...

SpyGlass Rule Checking Complete.

Generating moresimple report from './spyglass-1/sys_top/lint/lint_rtl/spyglass.vdb' to './spyglass-1/sys_top/lint/lint_rtl/spyglass_reports/moresimple.rpt' ....

Generating runsummary report from './spyglass-1/sys_top/lint/lint_rtl/spyglass.vdb' ....

Generating no_msg_reporting_rules report from './spyglass-1/sys_top/lint/lint_rtl/spyglass.vdb' to './spyglass-1/sys_top/lint/lint_rtl/spyglass_reports/no_msg_reporting_rules.rpt' ....

Policy specific data (reports) are present in the directory './spyglass-1/sys_top/lint/lint_rtl/spyglass_reports'.

SpyGlass critical reports for the current run are present in directory './spyglass-1/consolidated_reports/sys_top_lint_lint_rtl/'.

---------------------------------------------------------------------------------------------
Results Summary:
---------------------------------------------------------------------------------------------
   Goal Run           :      lint/lint_rtl
   Command-line read  :      0 error,      0 warning,      1 information message 
   Design Read        :      0 error,      0 warning,      2 information messages
      Found 1 top module:
         sys_top   (file: ../rtl/System_Top/SYS_TOP_dft.v)

   Blackbox Resolution:      0 error,      0 warning,      0 information message 
   SGDC Checks        :      0 error,      0 warning,      0 information message 
   Policy lint        :      0 error,      2 warnings,     1 information message 
** Policy openmore    :      1 error,      0 warning,      0 information message 
   Policy starc2005   :      0 error,      2 warnings,     0 information message 
   -------------------------------------------------------------------------------------
   Total              :      1 error,      4 warnings,     4 information messages

  Total Number of Generated Messages     :         9 (1 error, 4 warnings, 4 Infos)
  Number of Reported Messages            :         9 (1 error, 4 warnings, 4 Infos)

  NOTE: It is recommended to first fix/reconcile fatals/errors reported on
        lines starting with ** as subsequent issues might be related to it.
        Please re-run SpyGlass once ** prefixed lines are fatal/error clean.

---------------------------------------------------------------------------------------------


run_goal: info: updating spyglass.log with goal summary
---------------------------------------------------------------------------------------------------
Results Summary:
---------------------------------------------------------------------------------------------------
   Goal Run           :      lint/lint_rtl
   Top Module         :      sys_top
---------------------------------------------------------------------------------------------------
   Reports Directory: 
   /home/ICer/UART_System/Spyglass2/spyglass-1/consolidated_reports/sys_top_lint_lint_rtl/ 

   SpyGlass LogFile: 
    /home/ICer/UART_System/Spyglass2/spyglass-1/sys_top/lint/lint_rtl/spyglass.log 

   Standard Reports: 
     moresimple.rpt          no_msg_reporting_rules.rpt       

   HTML report:
    /home/ICer/UART_System/Spyglass2/spyglass-1/html_reports/goals_summary.html
  

   Technology Reports:  
     <Not Available>
   
   
---------------------------------------------------------------------------------------------------
   Goal Violation Summary:
       Waived   Messages:                      0 Errors,      0 Warnings,      0 Infos
       Reported Messages:         0 Fatals,    1 Errors,      4 Warnings,      4 Infos
---------------------------------------------------------------------------------------------------
   
---------------------------------------------------------------------------------------------------
 
run_goal: info: spyglass.log successfully updated with goal summary
0 {Rule-checking completed with errors}./spyglass-1/sys_top/lint/lint_rtl/spyglass-1_waiver_file.awl./spyglass-1/sys_top/lint/lint_rtl/spyglass-1_waiver_file.awl./spyglass-1/sys_top/lint/lint_rtl/spyglass-1_waiver_file.awl0./spyglass-1/sys_top/lint/lint_rtl/spyglass-1_waiver_file.awl./spyglass-1/sys_top/lint/lint_rtl/spyglass-1_waiver_file.awlremove_waiver: info: waiver command corresponding to id 0 successfully deleted
1./spyglass-1/sys_top/lint/lint_rtl/spyglass-1_waiver_file.awl./spyglass-1/sys_top/lint/lint_rtl/spyglass-1_waiver_file.awl2./spyglass-1/sys_top/lint/lint_rtl/spyglass-1_waiver_file.awl./spyglass-1/sys_top/lint/lint_rtl/spyglass-1_waiver_file.awlremove_waiver: info: waiver command corresponding to id 2 successfully deleted
3./spyglass-1/sys_top/lint/lint_rtl/spyglass-1_waiver_file.awl./spyglass-1/sys_top/lint/lint_rtl/spyglass-1_waiver_file.awl4./spyglass-1/sys_top/lint/lint_rtl/spyglass-1_waiver_file.awl./spyglass-1/sys_top/lint/lint_rtl/spyglass-1_waiver_file.awlremove_waiver: info: waiver command corresponding to id 4 successfully deleted
5./spyglass-1/sys_top/lint/lint_rtl/spyglass-1_waiver_file.awlcurrent_goal: warning: design query data not saved for last active goal `lint/lint_rtl'
                       (use `save_goal' command or enable `auto_save' option to save design query data for subsequent goals)
current_goal: info: loading goal `cdc/cdc_setup_check' with top `sys_top' (in progress)
current_goal: info: finished loading goal `cdc/cdc_setup_check' (ok)

INFO:    SpyGlass will run goal(s) 'cdc/cdc_setup_check'.


 Auto-compiling gates libraries

        "../System_pnr/std_cells/libs/scmetro_tsmc_cl013g_rvt_ss_1p08v_125c.lib"
        "../System_pnr/std_cells/libs/scmetro_tsmc_cl013g_rvt_tt_1p2v_25c.lib"
        "../System_pnr/std_cells/libs/scmetro_tsmc_cl013g_rvt_ff_1p32v_m40c.lib"
    to
        "./spyglass-1/spyglass_cache/autogenerated_sglib/aggregate.sglib" ...already compiled

 Using this already compiled sglib for the current run ...

RULE-CHECKING IN MIXED MODE
Loading spyglass (SpyGlass_vL-2016.06) ... (picked from /home/synopsys/SpyGlass-L2016.06/SPYGLASS_HOME/policies/spyglass)
Loading clock-reset (SpyGlass_vL-2016.06) ... (picked from /home/synopsys/SpyGlass-L2016.06/SPYGLASS_HOME/policies/clock)
Reading specified sglib files(s) ....
   Processing library: 'scmetro_tsmc_cl013g_rvt_ss_1p08v_125c' .... done
   Processing library: 'scmetro_tsmc_cl013g_rvt_tt_1p2v_25c' .... done
   Processing library: 'scmetro_tsmc_cl013g_rvt_ff_1p32v_m40c' .... done
Checking Rule AutoGenerateSglib (Rule 1 of total 371) .... done (Time = 0.00s, Memory = 0.0K)

INFO [76]    Using `./spyglass-1/sys_top/WORK/64' as the Work Directory for 64bit precompiled dump.
Checking Rule Param_clockreset07 (Rule 2 of total 371) .... done (Time = 0.00s, Memory = 0.0K)
Checking Rule Clock_setup01 (Rule 3 of total 371) .... done (Time = 0.00s, Memory = 40.2K)
Checking Rule Param_clockreset06 (Rule 4 of total 371) .... done (Time = 0.00s, Memory = 0.0K)
Checking Rule SGDC_meta_monitor_attributes01 (Rule 5 of total 371) .... done (Time = 0.00s, Memory = 0.0K)
Checking Rule LP_POWERDATA_CHECK (Rule 6 of total 371) .... done (Time = 0.00s, Memory = 0.0K)
Checking Rule LP_POWERDATA_READ (Rule 7 of total 371) .... done (Time = 0.00s, Memory = 0.0K)
Checking Rule PrecompileLibCheck01 (Rule 8 of total 371) .... done (Time = 0.00s, Memory = 0.0K)
Checking Rule PrecompileLibCheck02 (Rule 9 of total 371) .... done (Time = 0.00s, Memory = 0.0K)
Checking Rule PrecompileLibCheck03 (Rule 10 of total 371) .... done (Time = 0.00s, Memory = 0.0K)
Checking Rule PrecompileLibCheck04 (Rule 11 of total 371) .... done (Time = 0.00s, Memory = 6.0K)
Checking Rule ElabSummary (Rule 12 of total 371) .... done (Time = 0.00s, Memory = -33.0K)
Checking Rule ReportSglibVersionSummary (Rule 13 of total 371) .... done (Time = 0.00s, Memory = 0.3K)
Checking Rule SGDC_assume_path01 (Rule 14 of total 371) .... done (Time = 0.00s, Memory = 0.1K)
Checking Rule SGDC_sdcschema02 (Rule 15 of total 371) .... done (Time = 0.00s, Memory = 0.2K)
Checking Rule SGDC_clock05 (Rule 16 of total 371) .... done (Time = 0.00s, Memory = 1.5K)
Checking Rule SGDC_clock09 (Rule 17 of total 371) .... done (Time = 0.00s, Memory = 0.0K)
Checking Rule SGDC_force_ta05 (Rule 18 of total 371) .... done (Time = 0.00s, Memory = 0.0K)
Checking Rule SGDC_require_path03 (Rule 19 of total 371) .... done (Time = 0.00s, Memory = 0.0K)
Checking Rule SGDC_require_value03 (Rule 20 of total 371) .... done (Time = 0.00s, Memory = 0.0K)
Checking Rule SGDC_voltagedomain05 (Rule 21 of total 371) .... done (Time = 0.00s, Memory = 0.0K)
Checking Rule SGDC_voltagedomain06 (Rule 22 of total 371) .... done (Time = 0.00s, Memory = 0.0K)
Checking Rule SGDC_voltagedomain07 (Rule 23 of total 371) .... done (Time = 0.00s, Memory = 5.7K)
Checking Rule SGDC_powerdomainoutputs02 (Rule 24 of total 371) .... done (Time = 0.00s, Memory = 32.3K)
Checking Rule SGDC_supply01 (Rule 25 of total 371) .... done (Time = 0.00s, Memory = 0.0K)
Checking Rule SGDC_waive01 (Rule 26 of total 371) .... done (Time = 0.00s, Memory = -7.4K)
Checking Rule SGDC_waive02 (Rule 27 of total 371) .... done (Time = 0.00s, Memory = 0.0K)
Checking Rule SGDC_waive03 (Rule 28 of total 371) .... done (Time = 0.00s, Memory = 0.0K)
Checking Rule SGDC_waive04 (Rule 29 of total 371) .... done (Time = 0.00s, Memory = -8.0K)
Checking Rule SGDC_waive05 (Rule 30 of total 371) .... done (Time = 0.00s, Memory = 0.0K)
Checking Rule SGDC_waive06 (Rule 31 of total 371) .... done (Time = 0.00s, Memory = 0.0K)
Checking Rule SGDC_waive07 (Rule 32 of total 371) .... done (Time = 0.00s, Memory = 0.1K)
Checking Rule SGDC_waive08 (Rule 33 of total 371) .... done (Time = 0.00s, Memory = 0.1K)
Checking Rule SGDC_waive09 (Rule 34 of total 371) .... done (Time = 0.00s, Memory = 0.0K)
Checking Rule SGDC_waive10 (Rule 35 of total 371) .... done (Time = 0.00s, Memory = 0.0K)
Checking Rule SGDC_waive11 (Rule 36 of total 371) .... done (Time = 0.00s, Memory = 0.0K)
Checking Rule SGDC_waive12 (Rule 37 of total 371) .... done (Time = 0.00s, Memory = 0.0K)
Checking Rule SGDC_waive13 (Rule 38 of total 371) .... done (Time = 0.00s, Memory = 0.2K)
Checking Rule SGDC_waive21 (Rule 39 of total 371) .... done (Time = 0.00s, Memory = -0.5K)
Checking Rule SGDC_waive22 (Rule 40 of total 371) .... done (Time = 0.00s, Memory = 0.0K)
Checking Rule SGDC_waive30 (Rule 41 of total 371) .... done (Time = 0.00s, Memory = 0.0K)
Checking Rule SGDC_waive32 (Rule 42 of total 371) .... done (Time = 0.00s, Memory = 0.0K)
Checking Rule SGDC_waive33 (Rule 43 of total 371) .... done (Time = 0.00s, Memory = -32.0K)
Checking Rule SGDC_waive36 (Rule 44 of total 371) .... done (Time = 0.00s, Memory = 0.0K)
Checking Rule SGDC_waive38 (Rule 45 of total 371) .... done (Time = 0.00s, Memory = -0.9K)
Checking Rule SGDC_fifo01 (Rule 46 of total 371) .... done (Time = 0.00s, Memory = -0.1K)
Checking Rule SGDC_libgroup01 (Rule 47 of total 371) .... done (Time = 0.00s, Memory = 32.0K)
Checking Rule SGDC_libgroup02 (Rule 48 of total 371) .... done (Time = 0.00s, Memory = 3.1K)
Checking Rule SGDC_libgroup04 (Rule 49 of total 371) .... done (Time = 0.00s, Memory = 0.2K)
Checking Rule SGDC_power_data01 (Rule 50 of total 371) .... done (Time = 0.00s, Memory = 0.0K)
Checking Rule SGDC_ungroup01 (Rule 51 of total 371) .... done (Time = 0.00s, Memory = 0.0K)
Checking Rule SGDC_abstract_port06 (Rule 52 of total 371) .... done (Time = 0.00s, Memory = 0.0K)
Checking Rule SGDC_abstract_port14 (Rule 53 of total 371) .... done (Time = 0.00s, Memory = 0.0K)
Checking Rule SGDC_abstract_port15 (Rule 54 of total 371) .... done (Time = 0.00s, Memory = 0.0K)
Checking Rule SGDC_abstract_port18 (Rule 55 of total 371) .... done (Time = 0.00s, Memory = 0.0K)
Checking Rule sdc_init_rule (Rule 56 of total 371) .... done (Time = 0.00s, Memory = 0.0K)
Checking Rule CMD_ignorelibs01 (Rule 57 of total 371) .... done (Time = 0.00s, Memory = 0.0K)
Checking Rule ReportRuleNotRun (Rule 58 of total 371) .... done (Time = 0.00s, Memory = 2.1K)
Checking Rule SGDC_generated_clock03 (Rule 59 of total 371) .... done (Time = 0.00s, Memory = 0.0K)
Checking Rule SGDC_generated_clock04 (Rule 60 of total 371) .... done (Time = 0.00s, Memory = 8.0K)
Checking Rule SGDC_generated_clock05 (Rule 61 of total 371) .... done (Time = 0.00s, Memory = 0.0K)
Checking Rule SGDC_quasi_static_style02 (Rule 62 of total 371) .... done (Time = 0.00s, Memory = 0.4K)
Checking Rule SGDC_syncresetstyle01 (Rule 63 of total 371) .... done (Time = 0.00s, Memory = 0.0K)
Checking Rule SGDC_network_allowed_cells01 (Rule 64 of total 371) .... done (Time = 0.00s, Memory = 0.0K)
Checking Rule SGDC_numflops01 (Rule 65 of total 371) .... done (Time = 0.00s, Memory = 1.8K)
Checking Rule SGDC_numflops07 (Rule 66 of total 371) .... done (Time = 0.00s, Memory = 0.0K)
Checking Rule SGDC_numflops08 (Rule 67 of total 371) .... done (Time = 0.00s, Memory = 8.0K)
Checking Rule SGDC_numflops09 (Rule 68 of total 371) .... done (Time = 0.00s, Memory = 0.4K)
Checking Rule SGDC_clocksense04 (Rule 69 of total 371) .... done (Time = 0.00s, Memory = -32.0K)
Checking Rule SGDC_check_clock_relation05a (Rule 70 of total 371) .... done (Time = 0.00s, Memory = 1.6K)
Checking Rule SGDC_check_clock_relation05b (Rule 71 of total 371) .... done (Time = 0.00s, Memory = 32.5K)
Checking Rule SGDC_sync_cell08a (Rule 72 of total 371) .... done (Time = 0.00s, Memory = 0.0K)
Checking Rule SGDC_sync_cell09a (Rule 73 of total 371) .... done (Time = 0.00s, Memory = 0.2K)
Checking Rule SGDC_qualifier06 (Rule 74 of total 371) .... done (Time = 0.00s, Memory = 10.0K)
Checking Rule SGDC_cdc_waive03 (Rule 75 of total 371) .... done (Time = 0.00s, Memory = 0.0K)
Checking Rule SGDC_qualifier09 (Rule 76 of total 371) .... done (Time = 0.00s, Memory = 65.5K)
Checking Rule SGDC_qualifier15 (Rule 77 of total 371) .... done (Time = 0.00s, Memory = 0.9K)
Checking Rule SGDC_allow_combo_logic01 (Rule 78 of total 371) .... done (Time = 0.00s, Memory = 0.0K)
Checking Rule SGDC_reset_filter_path01 (Rule 79 of total 371) .... done (Time = 0.00s, Memory = 0.0K)
Checking Rule SGDC_cdc_false_path05 (Rule 80 of total 371) .... done (Time = 0.00s, Memory = 0.0K)
Checking Rule Param_clockreset05 (Rule 81 of total 371) .... done (Time = 0.00s, Memory = 0.0K)
Checking Rule Ac_sanity01 (Rule 82 of total 371) .... done (Time = 0.00s, Memory = 0.0K)
Checking Rule Ac_sanity06 (Rule 83 of total 371) .... done (Time = 0.00s, Memory = 0.0K)
Checking Rule Ac_license01 (Rule 84 of total 371) .... done (Time = 0.00s, Memory = 24.0K)
Checking Rule SGDC_reset_synchronizer07 (Rule 85 of total 371) .... done (Time = 0.00s, Memory = 4.0K)
 Reading waiver file "./spyglass-1/sys_top/cdc/cdc_setup_check/spyglass_spysch/waiver/pragma2Waiver.swl" ...
 Reading included SGDC file "./spyglass-1/sys_top/cdc/cdc_setup_check/spyglass_spysch/waiver/pragma2Waiver_varfile.swl" ....
Checking Rule ReportStopSummary (Rule 86 of total 371) .... done (Time = 0.00s, Memory = 0.0K)
Checking Rule ReportIgnoreSummary (Rule 87 of total 371) .... done (Time = 0.00s, Memory = 32.0K)

INFO [235]    Restoring design database from directory './spyglass-1/sys_top/.SG_SaveRestoreDB/autogenerated__default_snapshot' ...
              done

Checking Rule InferBlackBox (Rule 88 of total 371) .... done (Time = 0.00s, Memory = 1.6K)
Checking Rule SGDC_waive37 (Rule 89 of total 371) .... done (Time = 0.00s, Memory = 0.0K)
Checking Rule SGDC_waive24 (Rule 90 of total 371) .... done (Time = 0.00s, Memory = 0.0K)
Checking Rule SGDC_waive25 (Rule 91 of total 371) .... done (Time = 0.00s, Memory = 0.0K)
Checking Rule SGDC_waive31 (Rule 92 of total 371) .... done (Time = 0.00s, Memory = 0.0K)
Checking Rule SGDC_waive35 (Rule 93 of total 371) .... done (Time = 0.00s, Memory = 0.4K)
Checking Rule ReportSglibSummary (Rule 94 of total 371) .... done (Time = 0.00s, Memory = 0.0K)
Checking Rule DetectTopDesignUnits (Rule 95 of total 371)
 Detected 1 top level design units:
     sys_top
 .... done (Time = 0.00s, Memory = 0.0K)
Checking Rule GenerateConfMap (Rule 96 of total 371) .... done (Time = 0.00s, Memory = 0.0K)
Checking Rule Pragma_setupa for module CLK_GATE (Rule 97 of total 371) .... done (Time = 0.00s, Memory = 0.0K)
Checking Rule Pragma_setupa for module RST_SYNCH (Rule 97 of total 371) .... done (Time = 0.00s, Memory = 0.0K)
Checking Rule Pragma_setupa for module clk_div (Rule 97 of total 371) .... done (Time = 0.00s, Memory = 0.0K)
Checking Rule Pragma_setupa for module DeSerializer (Rule 97 of total 371) .... done (Time = 0.00s, Memory = 0.0K)
Checking Rule Pragma_setupa for module Data_sampling (Rule 97 of total 371) .... done (Time = 0.00s, Memory = 0.0K)
Checking Rule Pragma_setupa for module Edge_Bit_Counter (Rule 97 of total 371) .... done (Time = 0.00s, Memory = 0.0K)
Checking Rule Pragma_setupa for module Parity_chk (Rule 97 of total 371) .... done (Time = 0.00s, Memory = 0.0K)
Checking Rule Pragma_setupa for module Strt_chk (Rule 97 of total 371) .... done (Time = 0.00s, Memory = 0.0K)
Checking Rule Pragma_setupa for module stp_chk (Rule 97 of total 371) .... done (Time = 0.00s, Memory = 0.0K)
Checking Rule Pragma_setupa for module RX_FSM (Rule 97 of total 371) .... done (Time = 0.00s, Memory = 0.0K)
Checking Rule Pragma_setupa for module RX_TOP (Rule 97 of total 371) .... done (Time = 0.00s, Memory = 0.0K)
Checking Rule Pragma_setupa for module MUX (Rule 97 of total 371) .... done (Time = 0.00s, Memory = 0.0K)
Checking Rule Pragma_setupa for module parity (Rule 97 of total 371) .... done (Time = 0.00s, Memory = 0.0K)
Checking Rule Pragma_setupa for module TX_FSM (Rule 97 of total 371) .... done (Time = 0.00s, Memory = 0.0K)
Checking Rule Pragma_setupa for module serializer (Rule 97 of total 371) .... done (Time = 0.00s, Memory = 0.0K)
Checking Rule Pragma_setupa for module TX_TOP (Rule 97 of total 371) .... done (Time = 0.00s, Memory = 0.0K)
Checking Rule Pragma_setupa for module UART (Rule 97 of total 371) .... done (Time = 0.00s, Memory = 0.0K)
Checking Rule Pragma_setupa for module Data_Synch (Rule 97 of total 371) .... done (Time = 0.00s, Memory = 0.0K)
Checking Rule Pragma_setupa for module SYS_CTRL (Rule 97 of total 371) .... done (Time = 0.00s, Memory = 0.0K)
Checking Rule Pragma_setupa for module Register (Rule 97 of total 371) .... done (Time = 0.00s, Memory = 0.0K)
Checking Rule Pragma_setupa for module ALU (Rule 97 of total 371) .... done (Time = 0.00s, Memory = 0.0K)
Checking Rule Pragma_setupa for module FIFO_RD (Rule 97 of total 371) .... done (Time = 0.00s, Memory = 0.0K)
Checking Rule Pragma_setupa for module FIFO_WR (Rule 97 of total 371) .... done (Time = 0.00s, Memory = 0.0K)
Checking Rule Pragma_setupa for module DF_SYNC (Rule 97 of total 371) .... done (Time = 0.00s, Memory = 0.0K)
Checking Rule Pragma_setupa for module FIFO_MEM_CNTRL (Rule 97 of total 371) .... done (Time = 0.00s, Memory = 0.0K)
Checking Rule Pragma_setupa for module FIFO_TOP (Rule 97 of total 371) .... done (Time = 0.00s, Memory = 0.0K)
Checking Rule Pragma_setupa for module PULSE_GEN (Rule 97 of total 371) .... done (Time = 0.00s, Memory = 0.0K)
Checking Rule Pragma_setupa for module sys_top (Rule 97 of total 371) .... done (Time = 0.00s, Memory = 0.0K)
Performing semantic checks on SGDC contents
Checking Rule SGDC_testmode03 (Rule 98 of total 371) .... done (Time = 0.00s, Memory = 0.0K)
Checking Rule Pragma_setupb (Rule 99 of total 371) .... done (Time = 0.00s, Memory = -17.9K)
Checking Rule _vhMeta01 (Rule 100 of total 371) .... done (Time = 0.00s, Memory = -11.1K)
Checking Rule _meta_delay01 (Rule 101 of total 371) .... done (Time = 0.00s, Memory = 0.0K)
Checking Rule CheckCelldefine (Rule 102 of total 371) .... done (Time = 0.00s, Memory = 0.0K)
Checking Rule checkSGDC_01 (Rule 103 of total 371) .... done (Time = 0.00s, Memory = 0.0K)
Checking Rule checkSGDC_03 (Rule 104 of total 371) .... done (Time = 0.00s, Memory = 0.0K)
Checking Rule checkSGDC_08 (Rule 105 of total 371) .... done (Time = 0.00s, Memory = 0.0K)
Checking Rule SGDC_memorywritepin04 (Rule 106 of total 371) .... done (Time = 0.00s, Memory = 0.0K)
Checking Rule SGDC_reset02 (Rule 107 of total 371) .... done (Time = 0.00s, Memory = 0.0K)
Checking Rule SGDC_reset03 (Rule 108 of total 371) .... done (Time = 0.00s, Memory = 0.0K)
Checking Rule SGDC_waive23 (Rule 109 of total 371) .... done (Time = 0.00s, Memory = 0.0K)
Checking Rule SGDC_waive26 (Rule 110 of total 371) .... done (Time = 0.00s, Memory = 0.0K)
Checking Rule SGDC_waive27 (Rule 111 of total 371) .... done (Time = 0.00s, Memory = 0.0K)
Checking Rule SGDC_waive29 (Rule 112 of total 371) .... done (Time = 0.00s, Memory = 0.0K)
Checking Rule SGDC_libgroup03 (Rule 113 of total 371) .... done (Time = 0.00s, Memory = 0.0K)
Checking Rule SGDC_ungroup02 (Rule 114 of total 371) .... done (Time = 0.00s, Memory = 0.0K)
Checking Rule _abstractPortSGDC (Rule 115 of total 371) .... done (Time = 0.00s, Memory = -0.3K)
Checking Rule SGDC_abstract_port03 (Rule 116 of total 371) .... done (Time = 0.00s, Memory = 0.0K)
Checking Rule SGDC_abstract_port04 (Rule 117 of total 371) .... done (Time = 0.00s, Memory = 0.0K)
Checking Rule SGDC_abstract_port05 (Rule 118 of total 371) .... done (Time = 0.00s, Memory = 0.0K)
Checking Rule SGDC_abstract_port07 (Rule 119 of total 371) .... done (Time = 0.00s, Memory = 0.0K)
Checking Rule SGDC_abstract_port08 (Rule 120 of total 371) .... done (Time = 0.00s, Memory = 0.0K)
Checking Rule SGDC_abstract_port10 (Rule 121 of total 371) .... done (Time = 0.00s, Memory = 0.0K)
Checking Rule SGDC_abstract_port11 (Rule 122 of total 371) .... done (Time = 0.00s, Memory = 0.0K)
Checking Rule SGDC_abstract_port12 (Rule 123 of total 371) .... done (Time = 0.00s, Memory = 0.0K)
Checking Rule SGDC_abstract_port13 (Rule 124 of total 371) .... done (Time = 0.00s, Memory = 0.0K)
Checking Rule _cdc_save_license01 (Rule 125 of total 371) .... done (Time = 0.00s, Memory = 0.4K)
Checking Rule syncRstReq (Rule 126 of total 371) .... done (Time = 0.00s, Memory = 0.0K)
Checking Rule syncRstReq (Rule 127 of total 371) .... done (Time = 0.00s, Memory = 0.0K)
Checking Rule _syncResetStyleRTL (Rule 128 of total 371) .... done (Time = 0.00s, Memory = 0.0K)
Checking Rule _deltaDelay (Rule 129 of total 371) .... done (Time = 0.00s, Memory = 0.0K)
Checking Rule _deltaDelay (Rule 130 of total 371) .... done (Time = 0.00s, Memory = 0.0K)
Checking Rule _deltaDelayNom (Rule 131 of total 371) .... done (Time = 0.00s, Memory = 0.0K)
Checking Rule Ac_multitop01 (Rule 132 of total 371) .... done (Time = 0.00s, Memory = 0.0K)
Checking Rule AcOvlRtl (Rule 133 of total 371) .... done (Time = 0.00s, Memory = 0.0K)
Checking Rule AcOvlRtl (Rule 134 of total 371) .... done (Time = 0.00s, Memory = 0.0K)
Checking Rule Ac_svasetup01 (Rule 135 of total 371) .... done (Time = 0.00s, Memory = 0.0K)
Checking Rule ReportUngroup (Rule 136 of total 371) .... done (Time = 0.00s, Memory = 0.0K)
Checking Rule SGDC_allow_combo_logic02 (Rule 137 of total 371) .... done (Time = 0.00s, Memory = 0.0K)
Checking Rule _portRetenClocknReset (Rule 138 of total 371) .... done (Time = 0.00s, Memory = 0.0K)
Checking Rule _portReten (Rule 139 of total 371) .... done (Time = 0.00s, Memory = 0.7K)
Checking Rule SGDC_meta_design_hier01 (Rule 140 of total 371) .... done (Time = 0.00s, Memory = 0.0K)
Checking Rule LP_POWERDATA_INFO (Rule 141 of total 371) .... done (Time = 0.00s, Memory = 0.0K)
Checking Rule SGDC_abstract_port21 (Rule 142 of total 371) .... done (Time = 0.00s, Memory = 0.0K)
Checking Rule SGDC_input02 (Rule 143 of total 371) .... done (Time = 0.00s, Memory = 0.0K)
Checking Rule SGDC_input03 (Rule 144 of total 371) .... done (Time = 0.00s, Memory = 0.0K)
Checking Rule SGDC_output02 (Rule 145 of total 371) .... done (Time = 0.00s, Memory = 0.0K)
Checking Rule SGDC_output04 (Rule 146 of total 371) .... done (Time = 0.00s, Memory = 0.0K)
Checking Rule SGDC_numflops03a (Rule 147 of total 371) .... done (Time = 0.00s, Memory = -5.9K)
Checking Rule SGDC_numflops03b (Rule 148 of total 371) .... done (Time = 0.00s, Memory = 0.0K)
Checking Rule SGDC_numflops12 (Rule 149 of total 371) .... done (Time = 0.00s, Memory = 0.0K)
Checking Rule SGDC_sync_cell02b (Rule 150 of total 371) .... done (Time = 0.00s, Memory = 0.0K)
Checking Rule SGDC_sync_cell11 (Rule 151 of total 371) .... done (Time = 0.00s, Memory = 0.0K)
Checking Rule SGDC_qualifier02c (Rule 152 of total 371) .... done (Time = 0.00s, Memory = 0.0K)
Checking Rule SGDC_qualifier03c (Rule 153 of total 371) .... done (Time = 0.00s, Memory = 0.0K)
Checking Rule LPwrRulesSetup (Rule 154 of total 371) .... done (Time = 0.00s, Memory = 0.0K)
 Flattening sys_top (.lib instances separately flattened) ....
 Flattening completed
Checking Rule SGDC_quasi_static_style01 (Rule 155 of total 371) .... done (Time = 0.00s, Memory = 0.1K)
Checking Rule SignalTypeSetup (Rule 156 of total 371) .... done (Time = 0.00s, Memory = 8.0K)
Checking Rule _allowInst (Rule 157 of total 371) .... done (Time = 0.00s, Memory = 0.0K)
Checking Rule _ipblock (Rule 158 of total 371) .... done (Time = 0.00s, Memory = 0.0K)
Checking Rule _rstSyncCellInst (Rule 159 of total 371) .... done (Time = 0.00s, Memory = 1.6K)
Checking Rule _syncCellDelayedQualifier (Rule 160 of total 371) .... done (Time = 0.00s, Memory = 7.9K)
Checking Rule _repeaterCellInst (Rule 161 of total 371) .... done (Time = 0.00s, Memory = 0.0K)
Checking Rule _abstract_port (Rule 162 of total 371) .... done (Time = 0.00s, Memory = 8.2K)
Checking Rule Clock_setup02 (Rule 163 of total 371) .... done (Time = 0.00s, Memory = 15.9K)
Checking Rule Clockmatrix01 (Rule 164 of total 371) .... done (Time = 0.00s, Memory = -2.1K)
Checking Rule Clock_prop (Rule 165 of total 371) .... done (Time = 0.00s, Memory = 21.0K)
Checking Rule Reset_prop (Rule 166 of total 371) .... done (Time = 0.00s, Memory = -13.8K)
Checking Rule SGDC_generated_clock06 (Rule 167 of total 371) .... done (Time = 0.00s, Memory = 0.0K)
Checking Rule Propagate_Clocks (Rule 168 of total 371) .... done (Time = 0.00s, Memory = 526.2K)
Checking Rule _syncreset_prop (Rule 169 of total 371) .... done (Time = 0.00s, Memory = -3.0K)
Checking Rule _syncc (Rule 170 of total 371) .... done (Time = 0.00s, Memory = 0.4K)
Checking Rule _syncb (Rule 171 of total 371) .... done (Time = 0.00s, Memory = -8.0K)
Checking Rule _resetPathCross (Rule 172 of total 371) .... done (Time = 0.00s, Memory = 8.0K)
Checking Rule FalsePathSetup (Rule 173 of total 371) .... done (Time = 0.00s, Memory = -8.0K)
Checking Rule _fifo01 (Rule 174 of total 371) .... done (Time = 0.00s, Memory = 0.0K)
Checking Rule _syncfifo (Rule 175 of total 371) .... done (Time = 0.00s, Memory = 0.0K)
Checking Rule _syncUDfifo (Rule 176 of total 371) .... done (Time = 0.00s, Memory = 0.9K)
Checking Rule _syncdw (Rule 177 of total 371) .... done (Time = 0.00s, Memory = 0.0K)
Checking Rule _syncd (Rule 178 of total 371) .... done (Time = 0.00s, Memory = 0.0K)
Checking Rule _syncg (Rule 179 of total 371) .... done (Time = 0.00s, Memory = 18.4K)
Checking Rule _sync_clock (Rule 180 of total 371) .... done (Time = 0.00s, Memory = 0.0K)
Checking Rule _sync_gp (Rule 181 of total 371) .... done (Time = 0.00s, Memory = 0.0K)
Checking Rule _sync_and (Rule 182 of total 371) .... done (Time = 0.00s, Memory = 0.0K)
Checking Rule _synci (Rule 183 of total 371) .... done (Time = 0.00s, Memory = 0.0K)
Checking Rule _sync_qualifier (Rule 184 of total 371) .... done (Time = 0.00s, Memory = 0.2K)
Checking Rule SGDC_fifo11 (Rule 185 of total 371) .... done (Time = 0.00s, Memory = 4.7K)
Checking Rule SGDC_fifo12 (Rule 186 of total 371) .... done (Time = 0.00s, Memory = 0.0K)
Checking Rule SGDC_fifo13 (Rule 187 of total 371) .... done (Time = 0.00s, Memory = -14.2K)
Checking Rule SGDC_fifo14 (Rule 188 of total 371) .... done (Time = 0.00s, Memory = -0.2K)
Checking Rule Gen_diff01 (Rule 189 of total 371) .... done (Time = 0.00s, Memory = 0.0K)
Checking Rule _debugData (Rule 190 of total 371) .... done (Time = 0.00s, Memory = -0.2K)
Checking Rule Ac_Sync_Init (Rule 191 of total 371) .... done (Time = 0.00s, Memory = -0.3K)
Checking Rule _propagate_cdcAttrib (Rule 192 of total 371) .... done (Time = 0.00s, Memory = 0.0K)
Checking Rule Ar_Cross_Init (Rule 193 of total 371) .... done (Time = 0.00s, Memory = 0.0K)
Checking Rule SGDC_cdc_define_transition01 (Rule 194 of total 371) .... done (Time = 0.00s, Memory = 0.0K)
Checking Rule UPF_lowpower08PR (Rule 195 of total 371) .... done (Time = 0.00s, Memory = 33.3K)
Checking Rule UPF_lowpower08 (Rule 196 of total 371) .... done (Time = 0.00s, Memory = -5.0K)
Checking Rule Setup_check01 (Rule 197 of total 371) .... done (Time = 0.00s, Memory = -0.9K)
Checking Rule Setup_check02 (Rule 198 of total 371) .... done (Time = 0.00s, Memory = 0.0K)
Checking Rule Info_Case_Analysis (Rule 199 of total 371) .... done (Time = 0.00s, Memory = 3.2K)
Checking Rule SGDC_set_case_analysis_LC (Rule 200 of total 371) .... done (Time = 0.00s, Memory = 0.0K)
Checking Rule SGDC_signal_in_domain02 (Rule 201 of total 371) .... done (Time = 0.00s, Memory = 0.0K)
Checking Rule SGDC_signal_in_domain04 (Rule 202 of total 371) .... done (Time = 0.00s, Memory = 24.0K)
Checking Rule SGDC_numflops03c (Rule 203 of total 371) .... done (Time = 0.00s, Memory = 0.0K)
Checking Rule SGDC_numflops04 (Rule 204 of total 371) .... done (Time = 0.00s, Memory = 8.0K)
Checking Rule SGDC_numflops05 (Rule 205 of total 371) .... done (Time = 0.00s, Memory = -8.0K)
Checking Rule SGDC_numflops06 (Rule 206 of total 371) .... done (Time = 0.00s, Memory = 0.0K)
Checking Rule SGDC_numflops11 (Rule 207 of total 371) .... done (Time = 0.00s, Memory = 0.0K)
Checking Rule SGDC_numflops13 (Rule 208 of total 371) .... done (Time = 0.01s, Memory = -0.4K)
Checking Rule SGDC_numflops14 (Rule 209 of total 371) .... done (Time = 0.00s, Memory = -0.9K)
Checking Rule SGDC_clocksense02 (Rule 210 of total 371) .... done (Time = 0.00s, Memory = 0.0K)
Checking Rule SGDC_clocksense03 (Rule 211 of total 371) .... done (Time = 0.00s, Memory = 1.6K)
Checking Rule SGDC_sgclkgroup01 (Rule 212 of total 371) .... done (Time = 0.00s, Memory = 0.0K)
Checking Rule SGDC_sgclkgroup02 (Rule 213 of total 371) .... done (Time = 0.00s, Memory = -32.0K)
Checking Rule SGDC_sgclkgroup03 (Rule 214 of total 371) .... done (Time = 0.00s, Memory = 0.0K)
Checking Rule SGDC_check_clock_relation01a (Rule 215 of total 371) .... done (Time = 0.00s, Memory = -32.0K)
Checking Rule SGDC_check_clock_relation01b (Rule 216 of total 371) .... done (Time = 0.00s, Memory = -1.0K)
Checking Rule SGDC_check_clock_relation01c (Rule 217 of total 371) .... done (Time = 0.00s, Memory = -0.5K)
Checking Rule SGDC_check_clock_relation02a (Rule 218 of total 371) .... done (Time = 0.00s, Memory = 0.0K)
Checking Rule SGDC_check_clock_relation02b (Rule 219 of total 371) .... done (Time = 0.00s, Memory = 0.0K)
Checking Rule SGDC_check_clock_relation02c (Rule 220 of total 371) .... done (Time = 0.00s, Memory = 0.0K)
Checking Rule SGDC_check_clock_relation03b (Rule 221 of total 371) .... done (Time = 0.00s, Memory = 32.0K)
Checking Rule SGDC_check_clock_relation04b (Rule 222 of total 371) .... done (Time = 0.00s, Memory = 0.0K)
Checking Rule CheckClockRelationSetup (Rule 223 of total 371) .... done (Time = 0.00s, Memory = -1.0K)
Checking Rule SGDC_gray_signals01 (Rule 224 of total 371) .... done (Time = 0.00s, Memory = 0.0K)
Checking Rule SGDC_gray_signals02 (Rule 225 of total 371) .... done (Time = 0.00s, Memory = 0.0K)
Checking Rule SGDC_gray_signals03 (Rule 226 of total 371) .... done (Time = 0.00s, Memory = 0.0K)
Checking Rule SGDC_qualifier02a (Rule 227 of total 371) .... done (Time = 0.00s, Memory = -8.0K)
Checking Rule SGDC_qualifier03a (Rule 228 of total 371) .... done (Time = 0.00s, Memory = 0.0K)
Checking Rule SGDC_qualifier04 (Rule 229 of total 371) .... done (Time = 0.00s, Memory = -1.8K)
Checking Rule SGDC_qualifier05 (Rule 230 of total 371) .... done (Time = 0.00s, Memory = 0.0K)
Checking Rule SGDC_qualifier08 (Rule 231 of total 371) .... done (Time = 0.00s, Memory = 32.0K)
Checking Rule QualifierSetup (Rule 232 of total 371) .... done (Time = 0.00s, Memory = -0.2K)
Checking Rule ResetSynchronizerSetup (Rule 233 of total 371) .... done (Time = 0.00s, Memory = 0.0K)
Checking Rule SGDC_validation_filter_path03 (Rule 234 of total 371) .... done (Time = 0.00s, Memory = -32.0K)
Checking Rule SGDC_qualifier10 (Rule 235 of total 371) .... done (Time = 0.00s, Memory = -0.0K)
Checking Rule SGDC_qualifier11 (Rule 236 of total 371) .... done (Time = 0.00s, Memory = 0.0K)
Checking Rule SGDC_qualifier12 (Rule 237 of total 371) .... done (Time = 0.00s, Memory = 0.0K)
Checking Rule SGDC_qualifier13 (Rule 238 of total 371) .... done (Time = 0.00s, Memory = 0.0K)
Checking Rule SGDC_qualifier14 (Rule 239 of total 371) .... done (Time = 0.00s, Memory = 0.0K)
Checking Rule SGDC_qualifier16 (Rule 240 of total 371) .... done (Time = 0.00s, Memory = 0.0K)
Checking Rule SGDC_qualifier18 (Rule 241 of total 371) .... done (Time = 0.00s, Memory = 0.0K)
Checking Rule SGDC_qualifier19a (Rule 242 of total 371) .... done (Time = 0.00s, Memory = 0.0K)
Checking Rule SGDC_qualifier19b (Rule 243 of total 371) .... done (Time = 0.00s, Memory = 0.0K)
Checking Rule SGDC_qualifier19c (Rule 244 of total 371) .... done (Time = 0.00s, Memory = 0.0K)
Checking Rule SGDC_qualifier20b (Rule 245 of total 371) .... done (Time = 0.00s, Memory = 0.0K)
Checking Rule SGDC_qualifier21 (Rule 246 of total 371) .... done (Time = 0.00s, Memory = 0.0K)
Checking Rule SGDC_qualifier22 (Rule 247 of total 371) .... done (Time = 0.00s, Memory = 0.0K)
Checking Rule SGDC_qualifier23 (Rule 248 of total 371) .... done (Time = 0.00s, Memory = 0.0K)
Checking Rule SGDC_virtualclock01 (Rule 249 of total 371) .... done (Time = 0.00s, Memory = 0.0K)
Checking Rule SGDC_virtualreset01 (Rule 250 of total 371) .... done (Time = 0.00s, Memory = 0.0K)
Checking Rule SGDC_abstract_port19 (Rule 251 of total 371) .... done (Time = 0.00s, Memory = 0.0K)
Checking Rule SGDC_abstract_port20 (Rule 252 of total 371) .... done (Time = 0.00s, Memory = 0.0K)
Checking Rule RFPSetup (Rule 253 of total 371) .... done (Time = 0.00s, Memory = 0.2K)
Checking Rule SGDC_reset_filter_path02a (Rule 254 of total 371) .... done (Time = 0.00s, Memory = 0.0K)
Checking Rule SGDC_reset_filter_path02b (Rule 255 of total 371) .... done (Time = 0.00s, Memory = 0.0K)
Checking Rule SGDC_reset_filter_path02c (Rule 256 of total 371) .... done (Time = 0.00s, Memory = 0.0K)
Checking Rule SGDC_reset_filter_path03a (Rule 257 of total 371) .... done (Time = 0.00s, Memory = 0.0K)
Checking Rule SGDC_reset_filter_path03b (Rule 258 of total 371) .... done (Time = 0.00s, Memory = 0.0K)
Checking Rule SGDC_reset_filter_path03c (Rule 259 of total 371) .... done (Time = 0.00s, Memory = 0.0K)
Checking Rule SGDC_reset_filter_path04b (Rule 260 of total 371) .... done (Time = 0.00s, Memory = 0.0K)
Checking Rule SGDC_reset_filter_path07a (Rule 261 of total 371) .... done (Time = 0.00s, Memory = 0.0K)
Checking Rule SGDC_reset_filter_path07b (Rule 262 of total 371) .... done (Time = 0.00s, Memory = 0.0K)
Checking Rule SGDC_reset_filter_path07c (Rule 263 of total 371) .... done (Time = 0.00s, Memory = 0.0K)
Checking Rule SGDC_define_reset_order03 (Rule 264 of total 371) .... done (Time = 0.00s, Memory = 0.0K)
Checking Rule SGDC_define_reset_order04 (Rule 265 of total 371) .... done (Time = 0.00s, Memory = 0.0K)
Checking Rule SGDC_define_reset_order05 (Rule 266 of total 371) .... done (Time = 0.00s, Memory = 0.0K)
Checking Rule SGDC_cdc_false_path06 (Rule 267 of total 371) .... done (Time = 0.00s, Memory = 0.0K)
Checking Rule SGDC_cdc_false_path07 (Rule 268 of total 371) .... done (Time = 0.00s, Memory = 0.0K)
Checking Rule SGDC_cdc_false_path08 (Rule 269 of total 371) .... done (Time = 0.00s, Memory = 0.0K)
Checking Rule CDCSet_License01 (Rule 270 of total 371) .... done (Time = 0.00s, Memory = 0.0K)
Checking Rule Clock_info03a (Rule 271 of total 371) .... done (Time = 0.00s, Memory = 2.7K)
Checking Rule Clock_info03b (Rule 272 of total 371) .... done (Time = 0.01s, Memory = -8.1K)
Checking Rule Clock_info03c (Rule 273 of total 371) .... done (Time = 0.00s, Memory = 8.0K)
Checking Rule Propagate_Resets (Rule 274 of total 371) .... done (Time = 0.00s, Memory = 8.0K)
Checking Rule _reset_sync (Rule 275 of total 371) .... done (Time = 0.00s, Memory = -2.8K)
Checking Rule Setup_port01 (Rule 276 of total 371) .... done (Time = 0.00s, Memory = 8.1K)
Checking Rule Setup_blackbox01 (Rule 277 of total 371) .... done (Time = 0.00s, Memory = -24.0K)
Checking Rule Setup_library01 (Rule 278 of total 371) .... done (Time = 0.01s, Memory = 2.2K)
Checking Rule Reset_check11 (Rule 279 of total 371) .... done (Time = 0.00s, Memory = 0.0K)
Checking Rule Reset_info09a (Rule 280 of total 371) .... done (Time = 0.00s, Memory = 4.5K)
Checking Rule Clock_info02 (Rule 281 of total 371) .... done (Time = 0.00s, Memory = 0.0K)
Checking Rule Reset_info02 (Rule 282 of total 371) .... done (Time = 0.00s, Memory = -0.9K)
Checking Rule Clock_info05 (Rule 283 of total 371) .... done (Time = 0.00s, Memory = 36.7K)
Checking Rule Clock_info05b (Rule 284 of total 371) .... done (Time = 0.00s, Memory = 0.0K)
Checking Rule Reset_check03 (Rule 285 of total 371) .... done (Time = 0.00s, Memory = 0.0K)
Checking Rule _clkWrapModules (Rule 286 of total 371) .... done (Time = 0.00s, Memory = 1.0K)
Checking Rule _clock_hier_rules (Rule 287 of total 371) .... done (Time = 0.00s, Memory = 0.0K)
Checking Rule Reset_check12 (Rule 288 of total 371) .... done (Time = 0.00s, Memory = -0.9K)
Checking Rule Ar_sync_init (Rule 289 of total 371) .... done (Time = 0.00s, Memory = 16.0K)
Checking Rule _constrCoverage (Rule 290 of total 371) .... done (Time = 0.00s, Memory = 15.2K)
Checking Rule Clock_info15 (Rule 291 of total 371) .... done (Time = 0.00s, Memory = 0.0K)
Checking Rule Reset_check10 (Rule 292 of total 371) .... done (Time = 0.00s, Memory = 32.0K)
Checking Rule SGDC_clockreset02 (Rule 293 of total 371) .... done (Time = 0.00s, Memory = -1.5K)
Checking Rule Param_clockreset02 (Rule 294 of total 371) .... done (Time = 0.00s, Memory = 0.0K)
Checking Rule Param_clockreset04 (Rule 295 of total 371) .... done (Time = 0.00s, Memory = 0.0K)
Checking Rule Setup_clockreset01 (Rule 296 of total 371) .... done (Time = 0.00s, Memory = 0.0K)
Checking Rule Clock_check07 (Rule 297 of total 371) .... done (Time = 0.00s, Memory = 0.0K)
Checking Rule Clock_check10 (Rule 298 of total 371) .... done (Time = 0.00s, Memory = 0.0K)
Checking Rule Reset_check08 (Rule 299 of total 371) .... done (Time = 0.00s, Memory = 11.8K)
Checking Rule Clock_converge01 (Rule 300 of total 371) .... done (Time = 0.00s, Memory = -32.0K)
Checking Rule Ar_converge01 (Rule 301 of total 371) .... done (Time = 0.00s, Memory = 32.0K)
Checking Rule SGDC_noclockcell_start01 (Rule 302 of total 371) .... done (Time = 0.00s, Memory = -0.0K)
Checking Rule Ac_initseq01 (Rule 303 of total 371) .... done (Time = 0.00s, Memory = 0.0K)
Checking Rule Ac_init01 (Rule 304 of total 371) .... done (Time = 0.00s, Memory = 0.0K)
Checking Rule _ac_Auxi01 (Rule 305 of total 371) .... done (Time = 0.00s, Memory = 0.0K)
Checking Rule Ac_sanity02 (Rule 306 of total 371) .... done (Time = 0.00s, Memory = -1.8K)
Checking Rule _glitch_init (Rule 307 of total 371) .... done (Time = 0.00s, Memory = 0.0K)
Checking Rule Ac_initstate01 (Rule 308 of total 371) .... done (Time = 0.00s, Memory = 0.0K)
Checking Rule Ac_conv02setup01 (Rule 309 of total 371) .... done (Time = 0.00s, Memory = 0.0K)
Checking Rule Ac_abs01 (Rule 310 of total 371) .... done (Time = 0.00s, Memory = 0.0K)
Checking Rule Ac_report01 (Rule 311 of total 371) .... done (Time = 0.00s, Memory = 0.0K)
Checking Rule AllowComboLogicSetup (Rule 312 of total 371) .... done (Time = 0.00s, Memory = 0.0K)
Checking Rule Ac_resetvalue01 (Rule 313 of total 371) .... done (Time = 0.00s, Memory = 5.3K)
Checking Rule Ac_upfsetup02 (Rule 314 of total 371) .... done (Time = 0.00s, Memory = -0.4K)
Checking Rule Ac_upfsetup01 (Rule 315 of total 371) .... done (Time = 0.00s, Memory = 0.0K)
Checking Rule Ac_psync_init (Rule 316 of total 371) .... done (Time = 0.00s, Memory = 0.0K)
Checking Rule Ac_psetup01 (Rule 317 of total 371) .... done (Time = 0.00s, Memory = 0.0K)
Checking Rule Clock_exit01 (Rule 318 of total 371) .... done (Time = 0.00s, Memory = 0.0K)
Checking Rule SGDC_reset_synchronizer02 (Rule 319 of total 371) .... done (Time = 0.00s, Memory = 0.0K)
Checking Rule SGDC_reset_synchronizer04 (Rule 320 of total 371) .... done (Time = 0.00s, Memory = 0.0K)
Checking Rule SGDC_reset_synchronizer06 (Rule 321 of total 371) .... done (Time = 0.00s, Memory = 0.0K)
Checking Rule SGDC_reset_synchronizer08 (Rule 322 of total 371) .... done (Time = 0.00s, Memory = 0.0K)
Checking Rule SGDC_reset_synchronizer10 (Rule 323 of total 371) .... done (Time = 0.00s, Memory = 0.0K)
Checking Rule AnalyzeBBox (Rule 324 of total 371) .... done (Time = 0.00s, Memory = 0.0K)
Checking Rule ReportCheckDataSummary (Rule 325 of total 371) .... done (Time = 0.00s, Memory = 0.0K)

Generating data for Console...

SpyGlass Rule Checking Complete.

Generating moresimple report from './spyglass-1/sys_top/cdc/cdc_setup_check/spyglass.vdb' to './spyglass-1/sys_top/cdc/cdc_setup_check/spyglass_reports/moresimple.rpt' ....

Generating runsummary report from './spyglass-1/sys_top/cdc/cdc_setup_check/spyglass.vdb' ....

Generating no_msg_reporting_rules report from './spyglass-1/sys_top/cdc/cdc_setup_check/spyglass.vdb' to './spyglass-1/sys_top/cdc/cdc_setup_check/spyglass_reports/no_msg_reporting_rules.rpt' ....

Generating CDC-report report from './spyglass-1/sys_top/cdc/cdc_setup_check/spyglass.vdb' to './spyglass-1/sys_top/cdc/cdc_setup_check/spyglass_reports/CDC-report.rpt' ....

Generating CKSGDCInfo report from './spyglass-1/sys_top/cdc/cdc_setup_check/spyglass.vdb' to './spyglass-1/sys_top/cdc/cdc_setup_check/spyglass_reports/CKSGDCInfo.rpt' ....

Generating RSTree report from './spyglass-1/sys_top/cdc/cdc_setup_check/spyglass.vdb' to './spyglass-1/sys_top/cdc/cdc_setup_check/spyglass_reports/RSTree.rpt' ....

Generating CKTree report from './spyglass-1/sys_top/cdc/cdc_setup_check/spyglass.vdb' to './spyglass-1/sys_top/cdc/cdc_setup_check/spyglass_reports/CKTree.rpt' ....

Policy specific data (reports) are present in the directory './spyglass-1/sys_top/cdc/cdc_setup_check/spyglass_reports'.

SpyGlass critical reports for the current run are present in directory './spyglass-1/consolidated_reports/sys_top_cdc_cdc_setup_check/'.

---------------------------------------------------------------------------------------------
Results Summary:
---------------------------------------------------------------------------------------------
   Goal Run           :      cdc/cdc_setup_check
   Command-line read  :      0 error,      0 warning,      1 information message 
   Design Read        :      0 error,      0 warning,      3 information messages
      Found 1 top module:
         sys_top   (file: ../rtl/System_Top/SYS_TOP_dft.v)

   Blackbox Resolution:      0 error,      0 warning,      0 information message 
   SGDC Checks        :      0 error,      0 warning,      0 information message 
** Policy clock-reset :     11 errors,     2 warnings,     0 information message 
   -------------------------------------------------------------------------------------
   Total              :     11 errors,     2 warnings,     4 information messages

  Total Number of Generated Messages     :        17 (11 errors, 2 warnings, 4 Infos)
  Number of Reported Messages            :        17 (11 errors, 2 warnings, 4 Infos)

  NOTE: It is recommended to first fix/reconcile fatals/errors reported on
        lines starting with ** as subsequent issues might be related to it.
        Please re-run SpyGlass once ** prefixed lines are fatal/error clean.

---------------------------------------------------------------------------------------------


run_goal: info: updating spyglass.log with goal summary
---------------------------------------------------------------------------------------------------
Results Summary:
---------------------------------------------------------------------------------------------------
   Goal Run           :      cdc/cdc_setup_check
   Top Module         :      sys_top
---------------------------------------------------------------------------------------------------
   Reports Directory: 
   /home/ICer/UART_System/Spyglass2/spyglass-1/consolidated_reports/sys_top_cdc_cdc_setup_check/ 

   SpyGlass LogFile: 
    /home/ICer/UART_System/Spyglass2/spyglass-1/sys_top/cdc/cdc_setup_check/spyglass.log 

   Standard Reports: 
     moresimple.rpt          no_msg_reporting_rules.rpt       

   HTML report:
    /home/ICer/UART_System/Spyglass2/spyglass-1/html_reports/goals_summary.html
  

   Technology Reports:    CDC( Advance CDC  Setup Check )
     CDC-report.rpt          CKSGDCInfo.rpt          CKTree.rpt      
     RSTree.rpt        
   
---------------------------------------------------------------------------------------------------
   Goal Violation Summary:
       Waived   Messages:                      0 Errors,      0 Warnings,      0 Infos
       Reported Messages:         0 Fatals,   11 Errors,      2 Warnings,      4 Infos
---------------------------------------------------------------------------------------------------
   
   Technology Summary: CDC( Advance CDC  Setup Check )   
       Unclocked Registers= 5
---------------------------------------------------------------------------------------------------
 
run_goal: info: spyglass.log successfully updated with goal summary
0 {Rule-checking completed with errors}current_goal: warning: design query data not saved for last active goal `cdc/cdc_setup_check'
                       (use `save_goal' command or enable `auto_save' option to save design query data for subsequent goals)
current_goal: info: loading goal `Design_Read' with top `sys_top' (in progress)
current_goal: info: finished loading goal `Design_Read' (ok)
 Reading waiver file "./spyglass-1/sys_top/Design_Read/spyglass_spysch/waiver/pragma2Waiver.swl" ...
 Reading included SGDC file "./spyglass-1/sys_top/Design_Read/spyglass_spysch/waiver/pragma2Waiver_varfile.swl" ....
../Spyglass/spy_cons.sgdccurrent_goal: info: loading goal `cdc/cdc_setup_check' with top `sys_top' (in progress)
current_goal: info: finished loading goal `cdc/cdc_setup_check' (ok)
 Reading sgdc file "../Spyglass/spy_cons.sgdc" ...
 Reading waiver file "./spyglass-1/sys_top/cdc/cdc_setup_check/spyglass_spysch/waiver/pragma2Waiver.swl" ...
 Reading included SGDC file "./spyglass-1/sys_top/cdc/cdc_setup_check/spyglass_spysch/waiver/pragma2Waiver_varfile.swl" ....

INFO:    SpyGlass will run goal(s) 'cdc/cdc_setup_check'.


 Auto-compiling gates libraries

        "../System_pnr/std_cells/libs/scmetro_tsmc_cl013g_rvt_ss_1p08v_125c.lib"
        "../System_pnr/std_cells/libs/scmetro_tsmc_cl013g_rvt_tt_1p2v_25c.lib"
        "../System_pnr/std_cells/libs/scmetro_tsmc_cl013g_rvt_ff_1p32v_m40c.lib"
    to
        "./spyglass-1/spyglass_cache/autogenerated_sglib/aggregate.sglib" ...already compiled

 Using this already compiled sglib for the current run ...

RULE-CHECKING IN MIXED MODE
Loading spyglass (SpyGlass_vL-2016.06) ... (picked from /home/synopsys/SpyGlass-L2016.06/SPYGLASS_HOME/policies/spyglass)
Loading clock-reset (SpyGlass_vL-2016.06) ... (picked from /home/synopsys/SpyGlass-L2016.06/SPYGLASS_HOME/policies/clock)
 Reading sgdc file "../Spyglass/spy_cons.sgdc" ...
Performing unification checks on SGDC... done
Reading specified sglib files(s) ....
   Processing library: 'scmetro_tsmc_cl013g_rvt_ss_1p08v_125c' .... done
   Processing library: 'scmetro_tsmc_cl013g_rvt_tt_1p2v_25c' .... done
   Processing library: 'scmetro_tsmc_cl013g_rvt_ff_1p32v_m40c' .... done
Checking Rule AutoGenerateSglib (Rule 1 of total 371) .... done (Time = 0.00s, Memory = 4.7K)

INFO [76]    Using `./spyglass-1/sys_top/WORK/64' as the Work Directory for 64bit precompiled dump.
Checking Rule Param_clockreset07 (Rule 2 of total 371) .... done (Time = 0.00s, Memory = 0.0K)
Checking Rule Clock_setup01 (Rule 3 of total 371) .... done (Time = 0.00s, Memory = 44.9K)
Checking Rule Param_clockreset06 (Rule 4 of total 371) .... done (Time = 0.00s, Memory = 0.0K)
Checking Rule SGDC_meta_monitor_attributes01 (Rule 5 of total 371) .... done (Time = 0.00s, Memory = 31.0K)
Checking Rule LP_POWERDATA_CHECK (Rule 6 of total 371) .... done (Time = 0.00s, Memory = 0.0K)
Checking Rule LP_POWERDATA_READ (Rule 7 of total 371) .... done (Time = 0.00s, Memory = 0.0K)
Checking Rule PrecompileLibCheck01 (Rule 8 of total 371) .... done (Time = 0.00s, Memory = 0.0K)
Checking Rule PrecompileLibCheck02 (Rule 9 of total 371) .... done (Time = 0.00s, Memory = -20.9K)
Checking Rule PrecompileLibCheck03 (Rule 10 of total 371) .... done (Time = 0.00s, Memory = 0.0K)
Checking Rule PrecompileLibCheck04 (Rule 11 of total 371) .... done (Time = 0.00s, Memory = 8.0K)
Checking Rule ElabSummary (Rule 12 of total 371) .... done (Time = 0.00s, Memory = -13.7K)
Checking Rule ReportSglibVersionSummary (Rule 13 of total 371) .... done (Time = 0.00s, Memory = 0.1K)
Checking Rule SGDC_assume_path01 (Rule 14 of total 371) .... done (Time = 0.00s, Memory = 32.0K)
Checking Rule SGDC_sdcschema02 (Rule 15 of total 371) .... done (Time = 0.01s, Memory = -0.0K)
Checking Rule SGDC_clock05 (Rule 16 of total 371) .... done (Time = 0.00s, Memory = 1.5K)
Checking Rule SGDC_clock09 (Rule 17 of total 371) .... done (Time = 0.00s, Memory = 0.0K)
Checking Rule SGDC_force_ta05 (Rule 18 of total 371) .... done (Time = 0.00s, Memory = 0.0K)
Checking Rule SGDC_require_path03 (Rule 19 of total 371) .... done (Time = 0.00s, Memory = 0.0K)
Checking Rule SGDC_require_value03 (Rule 20 of total 371) .... done (Time = 0.00s, Memory = 0.0K)
Checking Rule SGDC_voltagedomain05 (Rule 21 of total 371) .... done (Time = 0.00s, Memory = 0.0K)
Checking Rule SGDC_voltagedomain06 (Rule 22 of total 371) .... done (Time = 0.00s, Memory = 0.0K)
Checking Rule SGDC_voltagedomain07 (Rule 23 of total 371) .... done (Time = 0.00s, Memory = 46.5K)
Checking Rule SGDC_powerdomainoutputs02 (Rule 24 of total 371) .... done (Time = 0.00s, Memory = 0.0K)
Checking Rule SGDC_supply01 (Rule 25 of total 371) .... done (Time = 0.00s, Memory = -8.0K)
Checking Rule SGDC_waive01 (Rule 26 of total 371) .... done (Time = 0.00s, Memory = 12.0K)
Checking Rule SGDC_waive02 (Rule 27 of total 371) .... done (Time = 0.00s, Memory = -8.0K)
Checking Rule SGDC_waive03 (Rule 28 of total 371) .... done (Time = 0.00s, Memory = 0.0K)
Checking Rule SGDC_waive04 (Rule 29 of total 371) .... done (Time = 0.00s, Memory = 0.0K)
Checking Rule SGDC_waive05 (Rule 30 of total 371) .... done (Time = 0.00s, Memory = 0.4K)
Checking Rule SGDC_waive06 (Rule 31 of total 371) .... done (Time = 0.00s, Memory = -0.1K)
Checking Rule SGDC_waive07 (Rule 32 of total 371) .... done (Time = 0.00s, Memory = 0.0K)
Checking Rule SGDC_waive08 (Rule 33 of total 371) .... done (Time = 0.00s, Memory = 32.0K)
Checking Rule SGDC_waive09 (Rule 34 of total 371) .... done (Time = 0.00s, Memory = 5.8K)
Checking Rule SGDC_waive10 (Rule 35 of total 371) .... done (Time = 0.00s, Memory = 0.0K)
Checking Rule SGDC_waive11 (Rule 36 of total 371) .... done (Time = 0.00s, Memory = 13.6K)
Checking Rule SGDC_waive12 (Rule 37 of total 371) .... done (Time = 0.00s, Memory = 0.2K)
Checking Rule SGDC_waive13 (Rule 38 of total 371) .... done (Time = 0.00s, Memory = 0.0K)
Checking Rule SGDC_waive21 (Rule 39 of total 371) .... done (Time = 0.00s, Memory = 0.0K)
Checking Rule SGDC_waive22 (Rule 40 of total 371) .... done (Time = 0.00s, Memory = 0.0K)
Checking Rule SGDC_waive30 (Rule 41 of total 371) .... done (Time = 0.00s, Memory = 0.0K)
Checking Rule SGDC_waive32 (Rule 42 of total 371) .... done (Time = 0.00s, Memory = 0.0K)
Checking Rule SGDC_waive33 (Rule 43 of total 371) .... done (Time = 0.00s, Memory = 3.1K)
Checking Rule SGDC_waive36 (Rule 44 of total 371) .... done (Time = 0.00s, Memory = 0.0K)
Checking Rule SGDC_waive38 (Rule 45 of total 371) .... done (Time = 0.00s, Memory = 0.0K)
Checking Rule SGDC_fifo01 (Rule 46 of total 371) .... done (Time = 0.00s, Memory = 0.4K)
Checking Rule SGDC_libgroup01 (Rule 47 of total 371) .... done (Time = 0.00s, Memory = 0.0K)
Checking Rule SGDC_libgroup02 (Rule 48 of total 371) .... done (Time = 0.00s, Memory = 0.0K)
Checking Rule SGDC_libgroup04 (Rule 49 of total 371) .... done (Time = 0.00s, Memory = 1.6K)
Checking Rule SGDC_power_data01 (Rule 50 of total 371) .... done (Time = 0.00s, Memory = 4.7K)
Checking Rule SGDC_ungroup01 (Rule 51 of total 371) .... done (Time = 0.00s, Memory = 32.5K)
Checking Rule SGDC_abstract_port06 (Rule 52 of total 371) .... done (Time = 0.00s, Memory = 0.9K)
Checking Rule SGDC_abstract_port14 (Rule 53 of total 371) .... done (Time = 0.00s, Memory = 0.0K)
Checking Rule SGDC_abstract_port15 (Rule 54 of total 371) .... done (Time = 0.00s, Memory = 0.0K)
Checking Rule SGDC_abstract_port18 (Rule 55 of total 371) .... done (Time = 0.00s, Memory = 0.0K)
Checking Rule sdc_init_rule (Rule 56 of total 371) .... done (Time = 0.00s, Memory = 0.0K)
Checking Rule CMD_ignorelibs01 (Rule 57 of total 371) .... done (Time = 0.00s, Memory = 4.0K)
Checking Rule ReportRuleNotRun (Rule 58 of total 371) .... done (Time = 0.00s, Memory = 0.0K)
Checking Rule SGDC_generated_clock03 (Rule 59 of total 371) .... done (Time = 0.00s, Memory = 0.0K)
Checking Rule SGDC_generated_clock04 (Rule 60 of total 371) .... done (Time = 0.00s, Memory = 32.0K)
Checking Rule SGDC_generated_clock05 (Rule 61 of total 371) .... done (Time = 0.00s, Memory = 1.6K)
Checking Rule SGDC_quasi_static_style02 (Rule 62 of total 371) .... done (Time = 0.00s, Memory = 0.6K)
Checking Rule SGDC_syncresetstyle01 (Rule 63 of total 371) .... done (Time = 0.00s, Memory = 0.0K)
Checking Rule SGDC_network_allowed_cells01 (Rule 64 of total 371) .... done (Time = 0.00s, Memory = 0.0K)
Checking Rule SGDC_numflops01 (Rule 65 of total 371) .... done (Time = 0.00s, Memory = -24.0K)
Checking Rule SGDC_numflops07 (Rule 66 of total 371) .... done (Time = 0.00s, Memory = -32.0K)
Checking Rule SGDC_numflops08 (Rule 67 of total 371) .... done (Time = 0.00s, Memory = 16.0K)
Checking Rule SGDC_numflops09 (Rule 68 of total 371) .... done (Time = 0.00s, Memory = -7.8K)
Checking Rule SGDC_clocksense04 (Rule 69 of total 371) .... done (Time = 0.00s, Memory = 0.0K)
Checking Rule SGDC_check_clock_relation05a (Rule 70 of total 371) .... done (Time = 0.00s, Memory = 0.0K)
Checking Rule SGDC_check_clock_relation05b (Rule 71 of total 371) .... done (Time = 0.00s, Memory = 32.7K)
Checking Rule SGDC_sync_cell08a (Rule 72 of total 371) .... done (Time = 0.00s, Memory = 0.0K)
Checking Rule SGDC_sync_cell09a (Rule 73 of total 371) .... done (Time = 0.00s, Memory = 0.2K)
Checking Rule SGDC_qualifier06 (Rule 74 of total 371) .... done (Time = 0.00s, Memory = 32.0K)
Checking Rule SGDC_cdc_waive03 (Rule 75 of total 371) .... done (Time = 0.00s, Memory = 0.1K)
Checking Rule SGDC_qualifier09 (Rule 76 of total 371) .... done (Time = 0.00s, Memory = 67.2K)
Checking Rule SGDC_qualifier15 (Rule 77 of total 371) .... done (Time = 0.00s, Memory = 1.9K)
Checking Rule SGDC_allow_combo_logic01 (Rule 78 of total 371) .... done (Time = 0.00s, Memory = -1.5K)
Checking Rule SGDC_reset_filter_path01 (Rule 79 of total 371) .... done (Time = 0.00s, Memory = 0.4K)
Checking Rule SGDC_cdc_false_path05 (Rule 80 of total 371) .... done (Time = 0.00s, Memory = 0.0K)
Checking Rule Param_clockreset05 (Rule 81 of total 371) .... done (Time = 0.00s, Memory = -0.1K)
Checking Rule Ac_sanity01 (Rule 82 of total 371) .... done (Time = 0.00s, Memory = 0.0K)
Checking Rule Ac_sanity06 (Rule 83 of total 371) .... done (Time = 0.00s, Memory = 0.0K)
Checking Rule Ac_license01 (Rule 84 of total 371) .... done (Time = 0.00s, Memory = 0.0K)
Checking Rule SGDC_reset_synchronizer07 (Rule 85 of total 371) .... done (Time = 0.00s, Memory = -0.1K)
 Reading waiver file "./spyglass-1/sys_top/cdc/cdc_setup_check/spyglass_spysch/waiver/pragma2Waiver.swl" ...
 Reading included SGDC file "./spyglass-1/sys_top/cdc/cdc_setup_check/spyglass_spysch/waiver/pragma2Waiver_varfile.swl" ....
Checking Rule ReportStopSummary (Rule 86 of total 371) .... done (Time = 0.00s, Memory = 0.0K)
Checking Rule ReportIgnoreSummary (Rule 87 of total 371) .... done (Time = 0.00s, Memory = 0.0K)

INFO [235]    Restoring design database from directory './spyglass-1/sys_top/.SG_SaveRestoreDB/autogenerated__default_snapshot' ...
              done

Checking Rule InferBlackBox (Rule 88 of total 371) .... done (Time = 0.00s, Memory = 0.0K)
Checking Rule SGDC_waive37 (Rule 89 of total 371) .... done (Time = 0.00s, Memory = 0.0K)
Checking Rule SGDC_waive24 (Rule 90 of total 371) .... done (Time = 0.00s, Memory = 4.7K)
Checking Rule SGDC_waive25 (Rule 91 of total 371) .... done (Time = 0.00s, Memory = 0.0K)
Checking Rule SGDC_waive31 (Rule 92 of total 371) .... done (Time = 0.00s, Memory = 0.0K)
Checking Rule SGDC_waive35 (Rule 93 of total 371) .... done (Time = 0.00s, Memory = 0.0K)
Checking Rule ReportSglibSummary (Rule 94 of total 371) .... done (Time = 0.00s, Memory = 0.0K)
Checking Rule DetectTopDesignUnits (Rule 95 of total 371)
 Detected 1 top level design units:
     sys_top
 .... done (Time = 0.00s, Memory = -1.3K)
Checking Rule GenerateConfMap (Rule 96 of total 371) .... done (Time = 0.00s, Memory = 0.0K)
Checking Rule Pragma_setupa for module CLK_GATE (Rule 97 of total 371) .... done (Time = 0.00s, Memory = 0.0K)
Checking Rule Pragma_setupa for module RST_SYNCH (Rule 97 of total 371) .... done (Time = 0.00s, Memory = 0.0K)
Checking Rule Pragma_setupa for module clk_div (Rule 97 of total 371) .... done (Time = 0.00s, Memory = 0.0K)
Checking Rule Pragma_setupa for module DeSerializer (Rule 97 of total 371) .... done (Time = 0.00s, Memory = 0.0K)
Checking Rule Pragma_setupa for module Data_sampling (Rule 97 of total 371) .... done (Time = 0.00s, Memory = 0.0K)
Checking Rule Pragma_setupa for module Edge_Bit_Counter (Rule 97 of total 371) .... done (Time = 0.00s, Memory = 0.0K)
Checking Rule Pragma_setupa for module Parity_chk (Rule 97 of total 371) .... done (Time = 0.00s, Memory = 0.0K)
Checking Rule Pragma_setupa for module Strt_chk (Rule 97 of total 371) .... done (Time = 0.00s, Memory = 0.0K)
Checking Rule Pragma_setupa for module stp_chk (Rule 97 of total 371) .... done (Time = 0.00s, Memory = 0.0K)
Checking Rule Pragma_setupa for module RX_FSM (Rule 97 of total 371) .... done (Time = 0.00s, Memory = 0.0K)
Checking Rule Pragma_setupa for module RX_TOP (Rule 97 of total 371) .... done (Time = 0.00s, Memory = 0.0K)
Checking Rule Pragma_setupa for module MUX (Rule 97 of total 371) .... done (Time = 0.00s, Memory = 0.0K)
Checking Rule Pragma_setupa for module parity (Rule 97 of total 371) .... done (Time = 0.00s, Memory = 0.0K)
Checking Rule Pragma_setupa for module TX_FSM (Rule 97 of total 371) .... done (Time = 0.00s, Memory = 0.0K)
Checking Rule Pragma_setupa for module serializer (Rule 97 of total 371) .... done (Time = 0.00s, Memory = 0.0K)
Checking Rule Pragma_setupa for module TX_TOP (Rule 97 of total 371) .... done (Time = 0.00s, Memory = 0.0K)
Checking Rule Pragma_setupa for module UART (Rule 97 of total 371) .... done (Time = 0.00s, Memory = 0.0K)
Checking Rule Pragma_setupa for module Data_Synch (Rule 97 of total 371) .... done (Time = 0.00s, Memory = 0.0K)
Checking Rule Pragma_setupa for module SYS_CTRL (Rule 97 of total 371) .... done (Time = 0.00s, Memory = 0.0K)
Checking Rule Pragma_setupa for module Register (Rule 97 of total 371) .... done (Time = 0.00s, Memory = 0.0K)
Checking Rule Pragma_setupa for module ALU (Rule 97 of total 371) .... done (Time = 0.00s, Memory = 0.0K)
Checking Rule Pragma_setupa for module FIFO_RD (Rule 97 of total 371) .... done (Time = 0.00s, Memory = 0.0K)
Checking Rule Pragma_setupa for module FIFO_WR (Rule 97 of total 371) .... done (Time = 0.00s, Memory = 0.0K)
Checking Rule Pragma_setupa for module DF_SYNC (Rule 97 of total 371) .... done (Time = 0.00s, Memory = 0.0K)
Checking Rule Pragma_setupa for module FIFO_MEM_CNTRL (Rule 97 of total 371) .... done (Time = 0.00s, Memory = 0.0K)
Checking Rule Pragma_setupa for module FIFO_TOP (Rule 97 of total 371) .... done (Time = 0.00s, Memory = 0.0K)
Checking Rule Pragma_setupa for module PULSE_GEN (Rule 97 of total 371) .... done (Time = 0.00s, Memory = 0.0K)
Checking Rule Pragma_setupa for module sys_top (Rule 97 of total 371) .... done (Time = 0.00s, Memory = 0.0K)
Performing semantic checks on SGDC contents
Checking Rule SGDC_testmode03 (Rule 98 of total 371) .... done (Time = 0.00s, Memory = 0.0K)
Checking Rule AnalyzeBBox (Rule 99 of total 371) .... done (Time = 0.00s, Memory = -0.5K)

SpyGlass Rule Checking ABORTED.

Generating data for Console...

Generating moresimple report from './spyglass-1/sys_top/cdc/cdc_setup_check/spyglass.vdb' to './spyglass-1/sys_top/cdc/cdc_setup_check/spyglass_reports/moresimple.rpt' ....

Generating runsummary report from './spyglass-1/sys_top/cdc/cdc_setup_check/spyglass.vdb' ....

Generating no_msg_reporting_rules report from './spyglass-1/sys_top/cdc/cdc_setup_check/spyglass.vdb' to './spyglass-1/sys_top/cdc/cdc_setup_check/spyglass_reports/no_msg_reporting_rules.rpt' ....

Generating CDC-report report from './spyglass-1/sys_top/cdc/cdc_setup_check/spyglass.vdb' to './spyglass-1/sys_top/cdc/cdc_setup_check/spyglass_reports/CDC-report.rpt' ....

Generating CKSGDCInfo report from './spyglass-1/sys_top/cdc/cdc_setup_check/spyglass.vdb' to './spyglass-1/sys_top/cdc/cdc_setup_check/spyglass_reports/CKSGDCInfo.rpt' ....

Generating RSTree report from './spyglass-1/sys_top/cdc/cdc_setup_check/spyglass.vdb' to './spyglass-1/sys_top/cdc/cdc_setup_check/spyglass_reports/RSTree.rpt' ....

Generating CKTree report from './spyglass-1/sys_top/cdc/cdc_setup_check/spyglass.vdb' to './spyglass-1/sys_top/cdc/cdc_setup_check/spyglass_reports/CKTree.rpt' ....

Policy specific data (reports) are present in the directory './spyglass-1/sys_top/cdc/cdc_setup_check/spyglass_reports'.

SpyGlass critical reports for the current run are present in directory './spyglass-1/consolidated_reports/sys_top_cdc_cdc_setup_check/'.

---------------------------------------------------------------------------------------------
Results Summary:
---------------------------------------------------------------------------------------------
   Goal Run           :      cdc/cdc_setup_check
   Command-line read  :      0 fatal,      0 error,        0 warning,      1 information message 
   Design Read        :      0 fatal,      0 error,        0 warning,      2 information messages
      Found 1 top module:
         sys_top   (file: ../rtl/System_Top/SYS_TOP_dft.v)

** SGDC Checks        :      4 fatals,     0 error,        0 warning,      0 information message 
   -------------------------------------------------------------------------------------
** Total              :      4 fatals,     0 error,        0 warning,      3 information messages

  Total Number of Generated Messages     :         7 (4 fatals, 0 error, 0 warning, 3 Infos)
  Number of Reported Messages            :         7 (4 fatals, 0 error, 0 warning, 3 Infos)

  NOTE: It is recommended to first fix/reconcile fatals/errors reported on
        lines starting with ** as subsequent issues might be related to it.
        Please re-run SpyGlass once ** prefixed lines are fatal/error clean.

---------------------------------------------------------------------------------------------

Following FATAL message(s) generated in current run -

Rule                   Severity   File                        Line   Message
-------------------------------------------------------------------------
SGDC_reset01           Fatal      ../Spyglass/spy_cons.sgdc   33     'RST'[TopPort + Net + HierTerminal] not found on/within module 'sys_top'
SGDC_abstract_port02   Fatal      ../Spyglass/spy_cons.sgdc   41     Constraint 'abstract_port': 'RX_IN'[TopPort] not found on/within module 'sys_top'
SGDC_abstract_port02   Fatal      ../Spyglass/spy_cons.sgdc   45     Constraint 'abstract_port': 'TX_OUT'[TopPort] not found on/within module 'sys_top'
SGDC_abstract_port02   Fatal      ../Spyglass/spy_cons.sgdc   47     Constraint 'abstract_port': 'RST'[TopPort] not found on/within module 'sys_top'
run_goal: info: updating spyglass.log with goal summary
---------------------------------------------------------------------------------------------------
Results Summary:
---------------------------------------------------------------------------------------------------
   Goal Run           :      cdc/cdc_setup_check
   Top Module         :      sys_top
---------------------------------------------------------------------------------------------------
   Reports Directory: 
   /home/ICer/UART_System/Spyglass2/spyglass-1/consolidated_reports/sys_top_cdc_cdc_setup_check/ 

   SpyGlass LogFile: 
    /home/ICer/UART_System/Spyglass2/spyglass-1/sys_top/cdc/cdc_setup_check/spyglass.log 

   Standard Reports: 
     moresimple.rpt          no_msg_reporting_rules.rpt       

   HTML report:
    /home/ICer/UART_System/Spyglass2/spyglass-1/html_reports/goals_summary.html
  

   Technology Reports:    CDC( Advance CDC  Setup Check )
     CDC-report.rpt          CKSGDCInfo.rpt          CKTree.rpt      
     RSTree.rpt        
   
---------------------------------------------------------------------------------------------------
   Goal Violation Summary:
       Waived   Messages:                      0 Errors,      0 Warnings,      0 Infos
       Reported Messages:         4 Fatals,    0 Errors,      0 Warnings,      3 Infos
---------------------------------------------------------------------------------------------------
   
   Technology Summary: CDC( Advance CDC  Setup Check )   
       Unclocked Registers= 0
---------------------------------------------------------------------------------------------------
 
run_goal: info: spyglass.log successfully updated with goal summary
7 {Rule-checking terminated due to FATAL errors - usage or run error}
INFO:    SpyGlass will run goal(s) 'cdc/cdc_setup_check'.


 Auto-compiling gates libraries

        "../System_pnr/std_cells/libs/scmetro_tsmc_cl013g_rvt_ss_1p08v_125c.lib"
        "../System_pnr/std_cells/libs/scmetro_tsmc_cl013g_rvt_tt_1p2v_25c.lib"
        "../System_pnr/std_cells/libs/scmetro_tsmc_cl013g_rvt_ff_1p32v_m40c.lib"
    to
        "./spyglass-1/spyglass_cache/autogenerated_sglib/aggregate.sglib" ...already compiled

 Using this already compiled sglib for the current run ...

RULE-CHECKING IN MIXED MODE
Loading spyglass (SpyGlass_vL-2016.06) ... (picked from /home/synopsys/SpyGlass-L2016.06/SPYGLASS_HOME/policies/spyglass)
Loading clock-reset (SpyGlass_vL-2016.06) ... (picked from /home/synopsys/SpyGlass-L2016.06/SPYGLASS_HOME/policies/clock)
 Reading sgdc file "../Spyglass/spy_cons.sgdc" ...
Performing unification checks on SGDC... done
Reading specified sglib files(s) ....
   Processing library: 'scmetro_tsmc_cl013g_rvt_ss_1p08v_125c' .... done
   Processing library: 'scmetro_tsmc_cl013g_rvt_tt_1p2v_25c' .... done
   Processing library: 'scmetro_tsmc_cl013g_rvt_ff_1p32v_m40c' .... done
Checking Rule AutoGenerateSglib (Rule 1 of total 371) .... done (Time = 0.00s, Memory = 0.0K)

INFO [76]    Using `./spyglass-1/sys_top/WORK/64' as the Work Directory for 64bit precompiled dump.
Checking Rule Param_clockreset07 (Rule 2 of total 371) .... done (Time = 0.00s, Memory = 0.0K)
Checking Rule Clock_setup01 (Rule 3 of total 371) .... done (Time = 0.00s, Memory = 37.7K)
Checking Rule Param_clockreset06 (Rule 4 of total 371) .... done (Time = 0.00s, Memory = 0.0K)
Checking Rule SGDC_meta_monitor_attributes01 (Rule 5 of total 371) .... done (Time = 0.00s, Memory = 0.0K)
Checking Rule LP_POWERDATA_CHECK (Rule 6 of total 371) .... done (Time = 0.00s, Memory = 0.0K)
Checking Rule LP_POWERDATA_READ (Rule 7 of total 371) .... done (Time = 0.00s, Memory = 0.0K)
Checking Rule PrecompileLibCheck01 (Rule 8 of total 371) .... done (Time = 0.00s, Memory = 0.0K)
Checking Rule PrecompileLibCheck02 (Rule 9 of total 371) .... done (Time = 0.00s, Memory = 1.6K)
Checking Rule PrecompileLibCheck03 (Rule 10 of total 371) .... done (Time = 0.00s, Memory = 4.7K)
Checking Rule PrecompileLibCheck04 (Rule 11 of total 371) .... done (Time = 0.00s, Memory = 0.0K)
Checking Rule ElabSummary (Rule 12 of total 371) .... done (Time = 0.00s, Memory = 8.2K)
Checking Rule ReportSglibVersionSummary (Rule 13 of total 371) .... done (Time = 0.00s, Memory = 0.0K)
Checking Rule SGDC_assume_path01 (Rule 14 of total 371) .... done (Time = 0.00s, Memory = 8.0K)
Checking Rule SGDC_sdcschema02 (Rule 15 of total 371) .... done (Time = 0.00s, Memory = -10.0K)
Checking Rule SGDC_clock05 (Rule 16 of total 371) .... done (Time = 0.00s, Memory = 1.5K)
Checking Rule SGDC_clock09 (Rule 17 of total 371) .... done (Time = 0.00s, Memory = 0.0K)
Checking Rule SGDC_force_ta05 (Rule 18 of total 371) .... done (Time = 0.00s, Memory = 0.0K)
Checking Rule SGDC_require_path03 (Rule 19 of total 371) .... done (Time = 0.00s, Memory = 0.0K)
Checking Rule SGDC_require_value03 (Rule 20 of total 371) .... done (Time = 0.00s, Memory = -1.0K)
Checking Rule SGDC_voltagedomain05 (Rule 21 of total 371) .... done (Time = 0.00s, Memory = 7.5K)
Checking Rule SGDC_voltagedomain06 (Rule 22 of total 371) .... done (Time = 0.00s, Memory = 0.0K)
Checking Rule SGDC_voltagedomain07 (Rule 23 of total 371) .... done (Time = 0.00s, Memory = 7.5K)
Checking Rule SGDC_powerdomainoutputs02 (Rule 24 of total 371) .... done (Time = 0.00s, Memory = 7.5K)
Checking Rule SGDC_supply01 (Rule 25 of total 371) .... done (Time = 0.00s, Memory = 32.0K)
Checking Rule SGDC_waive01 (Rule 26 of total 371) .... done (Time = 0.00s, Memory = 4.0K)
Checking Rule SGDC_waive02 (Rule 27 of total 371) .... done (Time = 0.00s, Memory = -9.5K)
Checking Rule SGDC_waive03 (Rule 28 of total 371) .... done (Time = 0.00s, Memory = 0.0K)
Checking Rule SGDC_waive04 (Rule 29 of total 371) .... done (Time = 0.00s, Memory = -8.0K)
Checking Rule SGDC_waive05 (Rule 30 of total 371) .... done (Time = 0.00s, Memory = -24.0K)
Checking Rule SGDC_waive06 (Rule 31 of total 371) .... done (Time = 0.00s, Memory = 0.0K)
Checking Rule SGDC_waive07 (Rule 32 of total 371) .... done (Time = 0.00s, Memory = 15.6K)
Checking Rule SGDC_waive08 (Rule 33 of total 371) .... done (Time = 0.00s, Memory = -0.3K)
Checking Rule SGDC_waive09 (Rule 34 of total 371) .... done (Time = 0.00s, Memory = 0.0K)
Checking Rule SGDC_waive10 (Rule 35 of total 371) .... done (Time = 0.00s, Memory = 0.0K)
Checking Rule SGDC_waive11 (Rule 36 of total 371) .... done (Time = 0.00s, Memory = 0.0K)
Checking Rule SGDC_waive12 (Rule 37 of total 371) .... done (Time = 0.00s, Memory = 0.0K)
Checking Rule SGDC_waive13 (Rule 38 of total 371) .... done (Time = 0.00s, Memory = 0.0K)
Checking Rule SGDC_waive21 (Rule 39 of total 371) .... done (Time = 0.00s, Memory = 0.0K)
Checking Rule SGDC_waive22 (Rule 40 of total 371) .... done (Time = 0.00s, Memory = 0.0K)
Checking Rule SGDC_waive30 (Rule 41 of total 371) .... done (Time = 0.00s, Memory = 0.0K)
Checking Rule SGDC_waive32 (Rule 42 of total 371) .... done (Time = 0.00s, Memory = -0.2K)
Checking Rule SGDC_waive33 (Rule 43 of total 371) .... done (Time = 0.00s, Memory = 1.2K)
Checking Rule SGDC_waive36 (Rule 44 of total 371) .... done (Time = 0.00s, Memory = 0.0K)
Checking Rule SGDC_waive38 (Rule 45 of total 371) .... done (Time = 0.00s, Memory = 0.0K)
Checking Rule SGDC_fifo01 (Rule 46 of total 371) .... done (Time = 0.00s, Memory = -1.2K)
Checking Rule SGDC_libgroup01 (Rule 47 of total 371) .... done (Time = 0.00s, Memory = -0.8K)
Checking Rule SGDC_libgroup02 (Rule 48 of total 371) .... done (Time = 0.00s, Memory = 0.0K)
Checking Rule SGDC_libgroup04 (Rule 49 of total 371) .... done (Time = 0.00s, Memory = 0.9K)
Checking Rule SGDC_power_data01 (Rule 50 of total 371) .... done (Time = 0.00s, Memory = 7.5K)
Checking Rule SGDC_ungroup01 (Rule 51 of total 371) .... done (Time = 0.00s, Memory = 0.0K)
Checking Rule SGDC_abstract_port06 (Rule 52 of total 371) .... done (Time = 0.00s, Memory = 7.2K)
Checking Rule SGDC_abstract_port14 (Rule 53 of total 371) .... done (Time = 0.00s, Memory = 0.0K)
Checking Rule SGDC_abstract_port15 (Rule 54 of total 371) .... done (Time = 0.00s, Memory = -1.3K)
Checking Rule SGDC_abstract_port18 (Rule 55 of total 371) .... done (Time = 0.00s, Memory = 0.0K)
Checking Rule sdc_init_rule (Rule 56 of total 371) .... done (Time = 0.00s, Memory = 0.0K)
Checking Rule CMD_ignorelibs01 (Rule 57 of total 371) .... done (Time = 0.00s, Memory = -1.4K)
Checking Rule ReportRuleNotRun (Rule 58 of total 371) .... done (Time = 0.00s, Memory = 0.0K)
Checking Rule SGDC_generated_clock03 (Rule 59 of total 371) .... done (Time = 0.00s, Memory = 0.8K)
Checking Rule SGDC_generated_clock04 (Rule 60 of total 371) .... done (Time = 0.00s, Memory = 11.5K)
Checking Rule SGDC_generated_clock05 (Rule 61 of total 371) .... done (Time = 0.00s, Memory = 0.0K)
Checking Rule SGDC_quasi_static_style02 (Rule 62 of total 371) .... done (Time = 0.00s, Memory = 11.2K)
Checking Rule SGDC_syncresetstyle01 (Rule 63 of total 371) .... done (Time = 0.00s, Memory = 0.0K)
Checking Rule SGDC_network_allowed_cells01 (Rule 64 of total 371) .... done (Time = 0.00s, Memory = 11.5K)
Checking Rule SGDC_numflops01 (Rule 65 of total 371) .... done (Time = 0.00s, Memory = 1.6K)
Checking Rule SGDC_numflops07 (Rule 66 of total 371) .... done (Time = 0.00s, Memory = 0.0K)
Checking Rule SGDC_numflops08 (Rule 67 of total 371) .... done (Time = 0.00s, Memory = 8.0K)
Checking Rule SGDC_numflops09 (Rule 68 of total 371) .... done (Time = 0.00s, Memory = 7.5K)
Checking Rule SGDC_clocksense04 (Rule 69 of total 371) .... done (Time = 0.00s, Memory = 0.0K)
Checking Rule SGDC_check_clock_relation05a (Rule 70 of total 371) .... done (Time = 0.00s, Memory = 8.0K)
Checking Rule SGDC_check_clock_relation05b (Rule 71 of total 371) .... done (Time = 0.00s, Memory = 7.5K)
Checking Rule SGDC_sync_cell08a (Rule 72 of total 371) .... done (Time = 0.00s, Memory = -12.5K)
Checking Rule SGDC_sync_cell09a (Rule 73 of total 371) .... done (Time = 0.00s, Memory = 0.0K)
Checking Rule SGDC_qualifier06 (Rule 74 of total 371) .... done (Time = 0.00s, Memory = 8.7K)
Checking Rule SGDC_cdc_waive03 (Rule 75 of total 371) .... done (Time = 0.00s, Memory = 12.0K)
Checking Rule SGDC_qualifier09 (Rule 76 of total 371) .... done (Time = 0.00s, Memory = 0.5K)
Checking Rule SGDC_qualifier15 (Rule 77 of total 371) .... done (Time = 0.00s, Memory = -36.6K)
Checking Rule SGDC_allow_combo_logic01 (Rule 78 of total 371) .... done (Time = 0.00s, Memory = 2.0K)
Checking Rule SGDC_reset_filter_path01 (Rule 79 of total 371) .... done (Time = 0.00s, Memory = 0.0K)
Checking Rule SGDC_cdc_false_path05 (Rule 80 of total 371) .... done (Time = 0.00s, Memory = 7.5K)
Checking Rule Param_clockreset05 (Rule 81 of total 371) .... done (Time = 0.00s, Memory = -4.0K)
Checking Rule Ac_sanity01 (Rule 82 of total 371) .... done (Time = 0.00s, Memory = 0.4K)
Checking Rule Ac_sanity06 (Rule 83 of total 371) .... done (Time = 0.00s, Memory = 0.0K)
Checking Rule Ac_license01 (Rule 84 of total 371) .... done (Time = 0.00s, Memory = 0.0K)
Checking Rule SGDC_reset_synchronizer07 (Rule 85 of total 371) .... done (Time = 0.00s, Memory = -32.0K)
 Reading waiver file "./spyglass-1/sys_top/cdc/cdc_setup_check/spyglass_spysch/waiver/pragma2Waiver.swl" ...
 Reading included SGDC file "./spyglass-1/sys_top/cdc/cdc_setup_check/spyglass_spysch/waiver/pragma2Waiver_varfile.swl" ....
Checking Rule ReportStopSummary (Rule 86 of total 371) .... done (Time = 0.00s, Memory = 0.0K)
Checking Rule ReportIgnoreSummary (Rule 87 of total 371) .... done (Time = 0.00s, Memory = 0.0K)

INFO [235]    Restoring design database from directory './spyglass-1/sys_top/.SG_SaveRestoreDB/autogenerated__default_snapshot' ...
              done

Checking Rule InferBlackBox (Rule 88 of total 371) .... done (Time = 0.00s, Memory = 0.0K)
Checking Rule SGDC_waive37 (Rule 89 of total 371) .... done (Time = 0.00s, Memory = 0.0K)
Checking Rule SGDC_waive24 (Rule 90 of total 371) .... done (Time = 0.00s, Memory = 0.0K)
Checking Rule SGDC_waive25 (Rule 91 of total 371) .... done (Time = 0.00s, Memory = 0.0K)
Checking Rule SGDC_waive31 (Rule 92 of total 371) .... done (Time = 0.00s, Memory = 0.0K)
Checking Rule SGDC_waive35 (Rule 93 of total 371) .... done (Time = 0.00s, Memory = 0.0K)
Checking Rule ReportSglibSummary (Rule 94 of total 371) .... done (Time = 0.00s, Memory = 0.0K)
Checking Rule DetectTopDesignUnits (Rule 95 of total 371)
 Detected 1 top level design units:
     sys_top
 .... done (Time = 0.00s, Memory = 0.0K)
Checking Rule GenerateConfMap (Rule 96 of total 371) .... done (Time = 0.00s, Memory = 0.0K)
Checking Rule Pragma_setupa for module CLK_GATE (Rule 97 of total 371) .... done (Time = 0.00s, Memory = 0.0K)
Checking Rule Pragma_setupa for module RST_SYNCH (Rule 97 of total 371) .... done (Time = 0.00s, Memory = 0.0K)
Checking Rule Pragma_setupa for module clk_div (Rule 97 of total 371) .... done (Time = 0.00s, Memory = 0.0K)
Checking Rule Pragma_setupa for module DeSerializer (Rule 97 of total 371) .... done (Time = 0.00s, Memory = 0.0K)
Checking Rule Pragma_setupa for module Data_sampling (Rule 97 of total 371) .... done (Time = 0.00s, Memory = 0.0K)
Checking Rule Pragma_setupa for module Edge_Bit_Counter (Rule 97 of total 371) .... done (Time = 0.00s, Memory = 0.0K)
Checking Rule Pragma_setupa for module Parity_chk (Rule 97 of total 371) .... done (Time = 0.00s, Memory = 0.0K)
Checking Rule Pragma_setupa for module Strt_chk (Rule 97 of total 371) .... done (Time = 0.00s, Memory = 0.0K)
Checking Rule Pragma_setupa for module stp_chk (Rule 97 of total 371) .... done (Time = 0.00s, Memory = 0.0K)
Checking Rule Pragma_setupa for module RX_FSM (Rule 97 of total 371) .... done (Time = 0.00s, Memory = 0.0K)
Checking Rule Pragma_setupa for module RX_TOP (Rule 97 of total 371) .... done (Time = 0.00s, Memory = 0.0K)
Checking Rule Pragma_setupa for module MUX (Rule 97 of total 371) .... done (Time = 0.00s, Memory = 0.0K)
Checking Rule Pragma_setupa for module parity (Rule 97 of total 371) .... done (Time = 0.00s, Memory = 0.0K)
Checking Rule Pragma_setupa for module TX_FSM (Rule 97 of total 371) .... done (Time = 0.00s, Memory = 0.0K)
Checking Rule Pragma_setupa for module serializer (Rule 97 of total 371) .... done (Time = 0.00s, Memory = 0.0K)
Checking Rule Pragma_setupa for module TX_TOP (Rule 97 of total 371) .... done (Time = 0.00s, Memory = 0.0K)
Checking Rule Pragma_setupa for module UART (Rule 97 of total 371) .... done (Time = 0.00s, Memory = 0.0K)
Checking Rule Pragma_setupa for module Data_Synch (Rule 97 of total 371) .... done (Time = 0.00s, Memory = 0.0K)
Checking Rule Pragma_setupa for module SYS_CTRL (Rule 97 of total 371) .... done (Time = 0.00s, Memory = 0.0K)
Checking Rule Pragma_setupa for module Register (Rule 97 of total 371) .... done (Time = 0.00s, Memory = 0.0K)
Checking Rule Pragma_setupa for module ALU (Rule 97 of total 371) .... done (Time = 0.00s, Memory = 0.0K)
Checking Rule Pragma_setupa for module FIFO_RD (Rule 97 of total 371) .... done (Time = 0.00s, Memory = 0.0K)
Checking Rule Pragma_setupa for module FIFO_WR (Rule 97 of total 371) .... done (Time = 0.00s, Memory = 0.0K)
Checking Rule Pragma_setupa for module DF_SYNC (Rule 97 of total 371) .... done (Time = 0.00s, Memory = 0.0K)
Checking Rule Pragma_setupa for module FIFO_MEM_CNTRL (Rule 97 of total 371) .... done (Time = 0.00s, Memory = 0.0K)
Checking Rule Pragma_setupa for module FIFO_TOP (Rule 97 of total 371) .... done (Time = 0.00s, Memory = 0.0K)
Checking Rule Pragma_setupa for module PULSE_GEN (Rule 97 of total 371) .... done (Time = 0.00s, Memory = 0.0K)
Checking Rule Pragma_setupa for module sys_top (Rule 97 of total 371) .... done (Time = 0.00s, Memory = 0.0K)
Performing semantic checks on SGDC contents
Checking Rule SGDC_testmode03 (Rule 98 of total 371) .... done (Time = 0.00s, Memory = 0.0K)
Checking Rule Pragma_setupb (Rule 99 of total 371) .... done (Time = 0.00s, Memory = 0.0K)
Checking Rule _vhMeta01 (Rule 100 of total 371) .... done (Time = 0.00s, Memory = 37.9K)
Checking Rule _meta_delay01 (Rule 101 of total 371) .... done (Time = 0.00s, Memory = -7.9K)
Checking Rule CheckCelldefine (Rule 102 of total 371) .... done (Time = 0.00s, Memory = -4.0K)
Checking Rule checkSGDC_01 (Rule 103 of total 371) .... done (Time = 0.00s, Memory = 0.2K)
Checking Rule checkSGDC_03 (Rule 104 of total 371) .... done (Time = 0.00s, Memory = 0.1K)
Checking Rule checkSGDC_08 (Rule 105 of total 371) .... done (Time = 0.00s, Memory = 0.0K)
Checking Rule SGDC_memorywritepin04 (Rule 106 of total 371) .... done (Time = 0.00s, Memory = 7.5K)
Checking Rule SGDC_reset02 (Rule 107 of total 371) .... done (Time = 0.00s, Memory = 8.0K)
Checking Rule SGDC_reset03 (Rule 108 of total 371) .... done (Time = 0.00s, Memory = -8.0K)
Checking Rule SGDC_waive23 (Rule 109 of total 371) .... done (Time = 0.00s, Memory = 0.0K)
Checking Rule SGDC_waive26 (Rule 110 of total 371) .... done (Time = 0.00s, Memory = 0.3K)
Checking Rule SGDC_waive27 (Rule 111 of total 371) .... done (Time = 0.00s, Memory = 0.0K)
Checking Rule SGDC_waive29 (Rule 112 of total 371) .... done (Time = 0.00s, Memory = 0.0K)
Checking Rule SGDC_libgroup03 (Rule 113 of total 371) .... done (Time = 0.00s, Memory = 0.0K)
Checking Rule SGDC_ungroup02 (Rule 114 of total 371) .... done (Time = 0.00s, Memory = 0.0K)
Checking Rule _abstractPortSGDC (Rule 115 of total 371) .... done (Time = 0.00s, Memory = 4.4K)
Checking Rule SGDC_abstract_port03 (Rule 116 of total 371) .... done (Time = 0.00s, Memory = 0.0K)
Checking Rule SGDC_abstract_port04 (Rule 117 of total 371) .... done (Time = 0.00s, Memory = 0.0K)
Checking Rule SGDC_abstract_port05 (Rule 118 of total 371) .... done (Time = 0.00s, Memory = -0.5K)
Checking Rule SGDC_abstract_port07 (Rule 119 of total 371) .... done (Time = 0.00s, Memory = -0.4K)
Checking Rule SGDC_abstract_port08 (Rule 120 of total 371) .... done (Time = 0.00s, Memory = 0.0K)
Checking Rule SGDC_abstract_port10 (Rule 121 of total 371) .... done (Time = 0.00s, Memory = -32.0K)
Checking Rule SGDC_abstract_port11 (Rule 122 of total 371) .... done (Time = 0.00s, Memory = -14.3K)
Checking Rule SGDC_abstract_port12 (Rule 123 of total 371) .... done (Time = 0.00s, Memory = -7.4K)
Checking Rule SGDC_abstract_port13 (Rule 124 of total 371) .... done (Time = 0.00s, Memory = 29.4K)
Checking Rule _cdc_save_license01 (Rule 125 of total 371) .... done (Time = 0.00s, Memory = 0.2K)
Checking Rule syncRstReq (Rule 126 of total 371) .... done (Time = 0.00s, Memory = 0.0K)
Checking Rule syncRstReq (Rule 127 of total 371) .... done (Time = 0.00s, Memory = 0.0K)
Checking Rule _syncResetStyleRTL (Rule 128 of total 371) .... done (Time = 0.00s, Memory = 0.0K)
Checking Rule _deltaDelay (Rule 129 of total 371) .... done (Time = 0.00s, Memory = 0.0K)
Checking Rule _deltaDelay (Rule 130 of total 371) .... done (Time = 0.00s, Memory = 1.6K)
Checking Rule _deltaDelayNom (Rule 131 of total 371) .... done (Time = 0.00s, Memory = 4.7K)
Checking Rule Ac_multitop01 (Rule 132 of total 371) .... done (Time = 0.00s, Memory = 0.0K)
Checking Rule AcOvlRtl (Rule 133 of total 371) .... done (Time = 0.00s, Memory = 24.4K)
Checking Rule AcOvlRtl (Rule 134 of total 371) .... done (Time = 0.00s, Memory = 8.0K)
Checking Rule Ac_svasetup01 (Rule 135 of total 371) .... done (Time = 0.00s, Memory = -2.0K)
Checking Rule ReportUngroup (Rule 136 of total 371) .... done (Time = 0.00s, Memory = 32.0K)
Checking Rule SGDC_allow_combo_logic02 (Rule 137 of total 371) .... done (Time = 0.00s, Memory = 0.0K)
Checking Rule _portRetenClocknReset (Rule 138 of total 371) .... done (Time = 0.00s, Memory = 0.0K)
Checking Rule _portReten (Rule 139 of total 371) .... done (Time = 0.00s, Memory = 1.4K)
Checking Rule SGDC_meta_design_hier01 (Rule 140 of total 371) .... done (Time = 0.00s, Memory = 0.0K)
Checking Rule LP_POWERDATA_INFO (Rule 141 of total 371) .... done (Time = 0.00s, Memory = 0.0K)
Checking Rule SGDC_abstract_port21 (Rule 142 of total 371) .... done (Time = 0.00s, Memory = 0.9K)
Checking Rule SGDC_input02 (Rule 143 of total 371) .... done (Time = 0.00s, Memory = 0.0K)
Checking Rule SGDC_input03 (Rule 144 of total 371) .... done (Time = 0.00s, Memory = 0.0K)
Checking Rule SGDC_output02 (Rule 145 of total 371) .... done (Time = 0.00s, Memory = 0.0K)
Checking Rule SGDC_output04 (Rule 146 of total 371) .... done (Time = 0.00s, Memory = -1.3K)
Checking Rule SGDC_numflops03a (Rule 147 of total 371) .... done (Time = 0.00s, Memory = 0.0K)
Checking Rule SGDC_numflops03b (Rule 148 of total 371) .... done (Time = 0.00s, Memory = 8.0K)
Checking Rule SGDC_numflops12 (Rule 149 of total 371) .... done (Time = 0.00s, Memory = 0.0K)
Checking Rule SGDC_sync_cell02b (Rule 150 of total 371) .... done (Time = 0.00s, Memory = -11.0K)
Checking Rule SGDC_sync_cell11 (Rule 151 of total 371) .... done (Time = 0.00s, Memory = 0.0K)
Checking Rule SGDC_qualifier02c (Rule 152 of total 371) .... done (Time = 0.00s, Memory = 0.0K)
Checking Rule SGDC_qualifier03c (Rule 153 of total 371) .... done (Time = 0.00s, Memory = 0.0K)
Checking Rule LPwrRulesSetup (Rule 154 of total 371) .... done (Time = 0.00s, Memory = 0.0K)
 Flattening sys_top (.lib instances separately flattened) ....
 Flattening completed
Checking Rule SGDC_quasi_static_style01 (Rule 155 of total 371) .... done (Time = 0.00s, Memory = 0.7K)
Checking Rule SignalTypeSetup (Rule 156 of total 371) .... done (Time = 0.00s, Memory = 8.0K)
Checking Rule _allowInst (Rule 157 of total 371) .... done (Time = 0.00s, Memory = -8.0K)
Checking Rule _ipblock (Rule 158 of total 371) .... done (Time = 0.00s, Memory = 0.0K)
Checking Rule _rstSyncCellInst (Rule 159 of total 371) .... done (Time = 0.00s, Memory = 0.1K)
Checking Rule _syncCellDelayedQualifier (Rule 160 of total 371) .... done (Time = 0.00s, Memory = 0.0K)
Checking Rule _repeaterCellInst (Rule 161 of total 371) .... done (Time = 0.00s, Memory = 0.4K)
Checking Rule _abstract_port (Rule 162 of total 371) .... done (Time = 0.00s, Memory = 49.1K)
Checking Rule Clock_setup02 (Rule 163 of total 371) .... done (Time = 0.00s, Memory = -9.6K)
Checking Rule Clockmatrix01 (Rule 164 of total 371) .... done (Time = 0.00s, Memory = 0.0K)
Checking Rule Clock_prop (Rule 165 of total 371) .... done (Time = 0.01s, Memory = 606.3K)
Checking Rule Reset_prop (Rule 166 of total 371) .... done (Time = 0.00s, Memory = 109.3K)
Checking Rule SGDC_generated_clock06 (Rule 167 of total 371) .... done (Time = 0.00s, Memory = 0.0K)
Checking Rule Propagate_Clocks (Rule 168 of total 371) .... done (Time = 0.01s, Memory = 223.9K)
Checking Rule _syncreset_prop (Rule 169 of total 371) .... done (Time = 0.00s, Memory = 14.2K)
Checking Rule _syncc (Rule 170 of total 371) .... done (Time = 0.00s, Memory = 0.0K)
Checking Rule _syncb (Rule 171 of total 371) .... done (Time = 0.00s, Memory = 1.6K)
Checking Rule _resetPathCross (Rule 172 of total 371) .... done (Time = 0.00s, Memory = 0.0K)
Checking Rule FalsePathSetup (Rule 173 of total 371) .... done (Time = 0.00s, Memory = 0.0K)
Checking Rule _fifo01 (Rule 174 of total 371) .... done (Time = 0.00s, Memory = 0.0K)
Checking Rule _syncfifo (Rule 175 of total 371) .... done (Time = 0.00s, Memory = 0.0K)
Checking Rule _syncUDfifo (Rule 176 of total 371) .... done (Time = 0.00s, Memory = -7.1K)
Checking Rule _syncdw (Rule 177 of total 371) .... done (Time = 0.00s, Memory = -10.5K)
Checking Rule _syncd (Rule 178 of total 371) .... done (Time = 0.00s, Memory = 0.0K)
Checking Rule _syncg (Rule 179 of total 371) .... done (Time = 0.01s, Memory = 24.6K)
Checking Rule _sync_clock (Rule 180 of total 371) .... done (Time = 0.00s, Memory = 0.0K)
Checking Rule _sync_gp (Rule 181 of total 371) .... done (Time = 0.00s, Memory = -0.7K)
Checking Rule _sync_and (Rule 182 of total 371) .... done (Time = 0.00s, Memory = -32.0K)
Checking Rule _synci (Rule 183 of total 371) .... done (Time = 0.00s, Memory = 0.0K)
Checking Rule _sync_qualifier (Rule 184 of total 371) .... done (Time = 0.00s, Memory = 0.0K)
Checking Rule SGDC_fifo11 (Rule 185 of total 371) .... done (Time = 0.00s, Memory = 0.0K)
Checking Rule SGDC_fifo12 (Rule 186 of total 371) .... done (Time = 0.00s, Memory = 0.0K)
Checking Rule SGDC_fifo13 (Rule 187 of total 371) .... done (Time = 0.00s, Memory = -32.6K)
Checking Rule SGDC_fifo14 (Rule 188 of total 371) .... done (Time = 0.00s, Memory = 0.0K)
Checking Rule Gen_diff01 (Rule 189 of total 371) .... done (Time = 0.00s, Memory = 0.0K)
Checking Rule _debugData (Rule 190 of total 371) .... done (Time = 0.01s, Memory = 67.8K)
Checking Rule Ac_Sync_Init (Rule 191 of total 371) .... done (Time = 0.00s, Memory = 250.8K)
Checking Rule _propagate_cdcAttrib (Rule 192 of total 371) .... done (Time = 0.00s, Memory = 0.0K)
Checking Rule Ar_Cross_Init (Rule 193 of total 371) .... done (Time = 0.00s, Memory = 0.0K)
Checking Rule SGDC_cdc_define_transition01 (Rule 194 of total 371) .... done (Time = 0.00s, Memory = 0.0K)
Checking Rule UPF_lowpower08PR (Rule 195 of total 371) .... done (Time = 0.00s, Memory = -10.1K)
Checking Rule UPF_lowpower08 (Rule 196 of total 371) .... done (Time = 0.00s, Memory = -1.5K)
Checking Rule Setup_check01 (Rule 197 of total 371) .... done (Time = 0.00s, Memory = -2.7K)
Checking Rule Setup_check02 (Rule 198 of total 371) .... done (Time = 0.00s, Memory = 0.0K)
Checking Rule Info_Case_Analysis (Rule 199 of total 371) .... done (Time = 0.00s, Memory = -32.5K)
Checking Rule SGDC_set_case_analysis_LC (Rule 200 of total 371) .... done (Time = 0.00s, Memory = 1.0K)
Checking Rule SGDC_signal_in_domain02 (Rule 201 of total 371) .... done (Time = 0.00s, Memory = 8.0K)
Checking Rule SGDC_signal_in_domain04 (Rule 202 of total 371) .... done (Time = 0.00s, Memory = -8.0K)
Checking Rule SGDC_numflops03c (Rule 203 of total 371) .... done (Time = 0.00s, Memory = -24.0K)
Checking Rule SGDC_numflops04 (Rule 204 of total 371) .... done (Time = 0.00s, Memory = -2.8K)
Checking Rule SGDC_numflops05 (Rule 205 of total 371) .... done (Time = 0.00s, Memory = 0.0K)
Checking Rule SGDC_numflops06 (Rule 206 of total 371) .... done (Time = 0.00s, Memory = 0.0K)
Checking Rule SGDC_numflops11 (Rule 207 of total 371) .... done (Time = 0.00s, Memory = 0.0K)
Checking Rule SGDC_numflops13 (Rule 208 of total 371) .... done (Time = 0.00s, Memory = 0.0K)
Checking Rule SGDC_numflops14 (Rule 209 of total 371) .... done (Time = 0.00s, Memory = 0.0K)
Checking Rule SGDC_clocksense02 (Rule 210 of total 371) .... done (Time = 0.00s, Memory = 36.7K)
Checking Rule SGDC_clocksense03 (Rule 211 of total 371) .... done (Time = 0.00s, Memory = 0.0K)
Checking Rule SGDC_sgclkgroup01 (Rule 212 of total 371) .... done (Time = 0.00s, Memory = 0.0K)
Checking Rule SGDC_sgclkgroup02 (Rule 213 of total 371) .... done (Time = 0.00s, Memory = 0.0K)
Checking Rule SGDC_sgclkgroup03 (Rule 214 of total 371) .... done (Time = 0.00s, Memory = -2.0K)
Checking Rule SGDC_check_clock_relation01a (Rule 215 of total 371) .... done (Time = 0.00s, Memory = 0.0K)
Checking Rule SGDC_check_clock_relation01b (Rule 216 of total 371) .... done (Time = 0.00s, Memory = 3.5K)
Checking Rule SGDC_check_clock_relation01c (Rule 217 of total 371) .... done (Time = 0.00s, Memory = 0.0K)
Checking Rule SGDC_check_clock_relation02a (Rule 218 of total 371) .... done (Time = 0.00s, Memory = 0.0K)
Checking Rule SGDC_check_clock_relation02b (Rule 219 of total 371) .... done (Time = 0.00s, Memory = 0.0K)
Checking Rule SGDC_check_clock_relation02c (Rule 220 of total 371) .... done (Time = 0.00s, Memory = 0.0K)
Checking Rule SGDC_check_clock_relation03b (Rule 221 of total 371) .... done (Time = 0.00s, Memory = 0.0K)
Checking Rule SGDC_check_clock_relation04b (Rule 222 of total 371) .... done (Time = 0.00s, Memory = 0.0K)
Checking Rule CheckClockRelationSetup (Rule 223 of total 371) .... done (Time = 0.00s, Memory = 0.0K)
Checking Rule SGDC_gray_signals01 (Rule 224 of total 371) .... done (Time = 0.00s, Memory = 0.0K)
Checking Rule SGDC_gray_signals02 (Rule 225 of total 371) .... done (Time = 0.00s, Memory = 0.0K)
Checking Rule SGDC_gray_signals03 (Rule 226 of total 371) .... done (Time = 0.00s, Memory = 0.0K)
Checking Rule SGDC_qualifier02a (Rule 227 of total 371) .... done (Time = 0.00s, Memory = 0.0K)
Checking Rule SGDC_qualifier03a (Rule 228 of total 371) .... done (Time = 0.00s, Memory = 0.0K)
Checking Rule SGDC_qualifier04 (Rule 229 of total 371) .... done (Time = 0.00s, Memory = 0.0K)
Checking Rule SGDC_qualifier05 (Rule 230 of total 371) .... done (Time = 0.00s, Memory = 0.0K)
Checking Rule SGDC_qualifier08 (Rule 231 of total 371) .... done (Time = 0.00s, Memory = 0.0K)
Checking Rule QualifierSetup (Rule 232 of total 371) .... done (Time = 0.00s, Memory = 0.0K)
Checking Rule ResetSynchronizerSetup (Rule 233 of total 371) .... done (Time = 0.00s, Memory = 24.0K)
Checking Rule SGDC_validation_filter_path03 (Rule 234 of total 371) .... done (Time = 0.00s, Memory = 0.0K)
Checking Rule SGDC_qualifier10 (Rule 235 of total 371) .... done (Time = 0.00s, Memory = 0.0K)
Checking Rule SGDC_qualifier11 (Rule 236 of total 371) .... done (Time = 0.00s, Memory = 0.0K)
Checking Rule SGDC_qualifier12 (Rule 237 of total 371) .... done (Time = 0.00s, Memory = 0.0K)
Checking Rule SGDC_qualifier13 (Rule 238 of total 371) .... done (Time = 0.00s, Memory = 0.0K)
Checking Rule SGDC_qualifier14 (Rule 239 of total 371) .... done (Time = 0.00s, Memory = 0.0K)
Checking Rule SGDC_qualifier16 (Rule 240 of total 371) .... done (Time = 0.00s, Memory = 8.0K)
Checking Rule SGDC_qualifier18 (Rule 241 of total 371) .... done (Time = 0.00s, Memory = -22.2K)
Checking Rule SGDC_qualifier19a (Rule 242 of total 371) .... done (Time = 0.00s, Memory = -34.0K)
Checking Rule SGDC_qualifier19b (Rule 243 of total 371) .... done (Time = 0.00s, Memory = 0.0K)
Checking Rule SGDC_qualifier19c (Rule 244 of total 371) .... done (Time = 0.00s, Memory = 0.0K)
Checking Rule SGDC_qualifier20b (Rule 245 of total 371) .... done (Time = 0.00s, Memory = 0.0K)
Checking Rule SGDC_qualifier21 (Rule 246 of total 371) .... done (Time = 0.00s, Memory = 0.0K)
Checking Rule SGDC_qualifier22 (Rule 247 of total 371) .... done (Time = 0.00s, Memory = 0.0K)
Checking Rule SGDC_qualifier23 (Rule 248 of total 371) .... done (Time = 0.00s, Memory = 0.0K)
Checking Rule SGDC_virtualclock01 (Rule 249 of total 371) .... done (Time = 0.00s, Memory = 0.0K)
Checking Rule SGDC_virtualreset01 (Rule 250 of total 371) .... done (Time = 0.00s, Memory = 0.0K)
Checking Rule SGDC_abstract_port19 (Rule 251 of total 371) .... done (Time = 0.00s, Memory = -2.9K)
Checking Rule SGDC_abstract_port20 (Rule 252 of total 371) .... done (Time = 0.00s, Memory = 12.0K)
Checking Rule RFPSetup (Rule 253 of total 371) .... done (Time = 0.00s, Memory = 0.0K)
Checking Rule SGDC_reset_filter_path02a (Rule 254 of total 371) .... done (Time = 0.00s, Memory = 0.0K)
Checking Rule SGDC_reset_filter_path02b (Rule 255 of total 371) .... done (Time = 0.00s, Memory = -8.0K)
Checking Rule SGDC_reset_filter_path02c (Rule 256 of total 371) .... done (Time = 0.00s, Memory = 0.0K)
Checking Rule SGDC_reset_filter_path03a (Rule 257 of total 371) .... done (Time = 0.00s, Memory = -22.2K)
Checking Rule SGDC_reset_filter_path03b (Rule 258 of total 371) .... done (Time = 0.00s, Memory = 9.9K)
Checking Rule SGDC_reset_filter_path03c (Rule 259 of total 371) .... done (Time = 0.00s, Memory = 8.0K)
Checking Rule SGDC_reset_filter_path04b (Rule 260 of total 371) .... done (Time = 0.00s, Memory = 0.0K)
Checking Rule SGDC_reset_filter_path07a (Rule 261 of total 371) .... done (Time = 0.00s, Memory = 0.0K)
Checking Rule SGDC_reset_filter_path07b (Rule 262 of total 371) .... done (Time = 0.00s, Memory = 0.0K)
Checking Rule SGDC_reset_filter_path07c (Rule 263 of total 371) .... done (Time = 0.00s, Memory = 0.0K)
Checking Rule SGDC_define_reset_order03 (Rule 264 of total 371) .... done (Time = 0.00s, Memory = 0.0K)
Checking Rule SGDC_define_reset_order04 (Rule 265 of total 371) .... done (Time = 0.00s, Memory = -32.0K)
Checking Rule SGDC_define_reset_order05 (Rule 266 of total 371) .... done (Time = 0.00s, Memory = -32.0K)
Checking Rule SGDC_cdc_false_path06 (Rule 267 of total 371) .... done (Time = 0.00s, Memory = 0.0K)
Checking Rule SGDC_cdc_false_path07 (Rule 268 of total 371) .... done (Time = 0.00s, Memory = 0.0K)
Checking Rule SGDC_cdc_false_path08 (Rule 269 of total 371) .... done (Time = 0.00s, Memory = 0.0K)
Checking Rule CDCSet_License01 (Rule 270 of total 371) .... done (Time = 0.00s, Memory = -8.0K)
Checking Rule Clock_info03a (Rule 271 of total 371) .... done (Time = 0.00s, Memory = -1.5K)
Checking Rule Clock_info03b (Rule 272 of total 371) .... done (Time = 0.00s, Memory = 8.2K)
Checking Rule Clock_info03c (Rule 273 of total 371) .... done (Time = 0.00s, Memory = 32.0K)
Checking Rule Propagate_Resets (Rule 274 of total 371) .... done (Time = 0.00s, Memory = -28.9K)
Checking Rule _reset_sync (Rule 275 of total 371) .... done (Time = 0.01s, Memory = 0.0K)
Checking Rule Setup_port01 (Rule 276 of total 371) .... done (Time = 0.00s, Memory = 0.0K)
Checking Rule Setup_blackbox01 (Rule 277 of total 371) .... done (Time = 0.00s, Memory = 0.0K)
Checking Rule Setup_library01 (Rule 278 of total 371) .... done (Time = 0.00s, Memory = 0.0K)
Checking Rule Reset_check11 (Rule 279 of total 371) .... done (Time = 0.00s, Memory = 60.4K)
Checking Rule Reset_info09a (Rule 280 of total 371) .... done (Time = 0.00s, Memory = -8.0K)
Checking Rule Clock_info02 (Rule 281 of total 371) .... done (Time = 0.01s, Memory = -33.8K)
Checking Rule Reset_info02 (Rule 282 of total 371) .... done (Time = 0.00s, Memory = 2.2K)
Checking Rule Clock_info05 (Rule 283 of total 371) .... done (Time = 0.00s, Memory = 0.0K)
Checking Rule Clock_info05b (Rule 284 of total 371) .... done (Time = 0.00s, Memory = 0.0K)
Checking Rule Reset_check03 (Rule 285 of total 371) .... done (Time = 0.00s, Memory = 9.5K)
Checking Rule _clkWrapModules (Rule 286 of total 371) .... done (Time = 0.00s, Memory = 0.5K)
Checking Rule _clock_hier_rules (Rule 287 of total 371) .... done (Time = 0.00s, Memory = 0.0K)
Checking Rule Reset_check12 (Rule 288 of total 371) .... done (Time = 0.01s, Memory = 49.0K)
Checking Rule Ar_sync_init (Rule 289 of total 371) .... done (Time = 0.00s, Memory = 21.6K)
Checking Rule _constrCoverage (Rule 290 of total 371) .... done (Time = 0.00s, Memory = 23.4K)
Checking Rule Clock_info15 (Rule 291 of total 371) .... done (Time = 0.00s, Memory = -21.2K)
Checking Rule Reset_check10 (Rule 292 of total 371) .... done (Time = 0.01s, Memory = 26.4K)
Checking Rule SGDC_clockreset02 (Rule 293 of total 371) .... done (Time = 0.00s, Memory = 0.0K)
Checking Rule Param_clockreset02 (Rule 294 of total 371) .... done (Time = 0.00s, Memory = 0.0K)
Checking Rule Param_clockreset04 (Rule 295 of total 371) .... done (Time = 0.00s, Memory = 0.0K)
Checking Rule Setup_clockreset01 (Rule 296 of total 371) .... done (Time = 0.00s, Memory = 0.0K)
Checking Rule Clock_check07 (Rule 297 of total 371) .... done (Time = 0.00s, Memory = 0.0K)
Checking Rule Clock_check10 (Rule 298 of total 371) .... done (Time = 0.00s, Memory = 0.0K)
Checking Rule Reset_check08 (Rule 299 of total 371) .... done (Time = 0.00s, Memory = -7.9K)
Checking Rule Clock_converge01 (Rule 300 of total 371) .... done (Time = 0.00s, Memory = 0.0K)
Checking Rule Ar_converge01 (Rule 301 of total 371) .... done (Time = 0.00s, Memory = 7.1K)
Checking Rule SGDC_noclockcell_start01 (Rule 302 of total 371) .... done (Time = 0.00s, Memory = 0.0K)
Checking Rule Ac_initseq01 (Rule 303 of total 371) .... done (Time = 0.00s, Memory = 4.0K)
Checking Rule Ac_init01 (Rule 304 of total 371) .... done (Time = 0.00s, Memory = 0.0K)
Checking Rule _ac_Auxi01 (Rule 305 of total 371) .... done (Time = 0.00s, Memory = 0.0K)
Checking Rule Ac_sanity02 (Rule 306 of total 371) .... done (Time = 0.00s, Memory = 0.0K)
Checking Rule _glitch_init (Rule 307 of total 371) .... done (Time = 0.00s, Memory = 0.0K)
Checking Rule Ac_initstate01 (Rule 308 of total 371) .... done (Time = 0.00s, Memory = 0.0K)
Checking Rule Ac_conv02setup01 (Rule 309 of total 371) .... done (Time = 0.00s, Memory = 0.0K)
Checking Rule Ac_abs01 (Rule 310 of total 371) .... done (Time = 0.00s, Memory = 0.0K)
Checking Rule Ac_report01 (Rule 311 of total 371) .... done (Time = 0.00s, Memory = 0.0K)
Checking Rule AllowComboLogicSetup (Rule 312 of total 371) .... done (Time = 0.00s, Memory = 0.0K)
Checking Rule Ac_resetvalue01 (Rule 313 of total 371) .... done (Time = 0.00s, Memory = 21.5K)
Checking Rule Ac_upfsetup02 (Rule 314 of total 371) .... done (Time = 0.00s, Memory = 11.1K)
Checking Rule Ac_upfsetup01 (Rule 315 of total 371) .... done (Time = 0.00s, Memory = 0.0K)
Checking Rule Ac_psync_init (Rule 316 of total 371) .... done (Time = 0.00s, Memory = 0.0K)
Checking Rule Ac_psetup01 (Rule 317 of total 371) .... done (Time = 0.00s, Memory = 0.0K)
Checking Rule Clock_exit01 (Rule 318 of total 371) .... done (Time = 0.00s, Memory = 136.0K)
Checking Rule SGDC_reset_synchronizer02 (Rule 319 of total 371) .... done (Time = 0.00s, Memory = 0.0K)
Checking Rule SGDC_reset_synchronizer04 (Rule 320 of total 371) .... done (Time = 0.00s, Memory = 0.0K)
Checking Rule SGDC_reset_synchronizer06 (Rule 321 of total 371) .... done (Time = 0.00s, Memory = 0.0K)
Checking Rule SGDC_reset_synchronizer08 (Rule 322 of total 371) .... done (Time = 0.00s, Memory = 7.7K)
Checking Rule SGDC_reset_synchronizer10 (Rule 323 of total 371) .... done (Time = 0.00s, Memory = -33.0K)
Checking Rule AnalyzeBBox (Rule 324 of total 371) .... done (Time = 0.00s, Memory = 0.0K)
Checking Rule ReportCheckDataSummary (Rule 325 of total 371) .... done (Time = 0.00s, Memory = 0.0K)

Generating data for Console...

SpyGlass Rule Checking Complete.

Generating moresimple report from './spyglass-1/sys_top/cdc/cdc_setup_check/spyglass.vdb' to './spyglass-1/sys_top/cdc/cdc_setup_check/spyglass_reports/moresimple.rpt' ....

Generating runsummary report from './spyglass-1/sys_top/cdc/cdc_setup_check/spyglass.vdb' ....

Generating no_msg_reporting_rules report from './spyglass-1/sys_top/cdc/cdc_setup_check/spyglass.vdb' to './spyglass-1/sys_top/cdc/cdc_setup_check/spyglass_reports/no_msg_reporting_rules.rpt' ....

Generating CDC-report report from './spyglass-1/sys_top/cdc/cdc_setup_check/spyglass.vdb' to './spyglass-1/sys_top/cdc/cdc_setup_check/spyglass_reports/CDC-report.rpt' ....

Generating CKSGDCInfo report from './spyglass-1/sys_top/cdc/cdc_setup_check/spyglass.vdb' to './spyglass-1/sys_top/cdc/cdc_setup_check/spyglass_reports/CKSGDCInfo.rpt' ....

Generating RSTree report from './spyglass-1/sys_top/cdc/cdc_setup_check/spyglass.vdb' to './spyglass-1/sys_top/cdc/cdc_setup_check/spyglass_reports/RSTree.rpt' ....

Generating CKTree report from './spyglass-1/sys_top/cdc/cdc_setup_check/spyglass.vdb' to './spyglass-1/sys_top/cdc/cdc_setup_check/spyglass_reports/CKTree.rpt' ....

Policy specific data (reports) are present in the directory './spyglass-1/sys_top/cdc/cdc_setup_check/spyglass_reports'.

SpyGlass critical reports for the current run are present in directory './spyglass-1/consolidated_reports/sys_top_cdc_cdc_setup_check/'.

---------------------------------------------------------------------------------------------
Results Summary:
---------------------------------------------------------------------------------------------
   Goal Run           :      cdc/cdc_setup_check
   Command-line read  :      0 error,      0 warning,      1 information message 
   Design Read        :      0 error,      0 warning,      3 information messages
      Found 1 top module:
         sys_top   (file: ../rtl/System_Top/SYS_TOP_dft.v)

   Blackbox Resolution:      0 error,      0 warning,      0 information message 
   SGDC Checks        :      0 error,      0 warning,      1 information message 
** Policy clock-reset :     56 errors,     0 warning,     14 information messages
   -------------------------------------------------------------------------------------
   Total              :     56 errors,     0 warning,     19 information messages

  Total Number of Generated Messages     :        75 (56 errors, 0 warning, 19 Infos)
  Number of Reported Messages            :        75 (56 errors, 0 warning, 19 Infos)

  NOTE: It is recommended to first fix/reconcile fatals/errors reported on
        lines starting with ** as subsequent issues might be related to it.
        Please re-run SpyGlass once ** prefixed lines are fatal/error clean.

---------------------------------------------------------------------------------------------


run_goal: info: updating spyglass.log with goal summary
---------------------------------------------------------------------------------------------------
Results Summary:
---------------------------------------------------------------------------------------------------
   Goal Run           :      cdc/cdc_setup_check
   Top Module         :      sys_top
---------------------------------------------------------------------------------------------------
   Reports Directory: 
   /home/ICer/UART_System/Spyglass2/spyglass-1/consolidated_reports/sys_top_cdc_cdc_setup_check/ 

   SpyGlass LogFile: 
    /home/ICer/UART_System/Spyglass2/spyglass-1/sys_top/cdc/cdc_setup_check/spyglass.log 

   Standard Reports: 
     moresimple.rpt          no_msg_reporting_rules.rpt       

   HTML report:
    /home/ICer/UART_System/Spyglass2/spyglass-1/html_reports/goals_summary.html
  

   Technology Reports:    CDC( Advance CDC  Setup Check )
     CDC-report.rpt          CKSGDCInfo.rpt          CKTree.rpt      
     RSTree.rpt        
   
---------------------------------------------------------------------------------------------------
   Goal Violation Summary:
       Waived   Messages:                      0 Errors,      0 Warnings,      0 Infos
       Reported Messages:         0 Fatals,   56 Errors,      0 Warnings,     19 Infos
---------------------------------------------------------------------------------------------------
   
   Technology Summary: CDC( Advance CDC  Setup Check )   
       Unclocked Registers= 0
       Unconstrained Ports= 3
---------------------------------------------------------------------------------------------------
 
run_goal: info: spyglass.log successfully updated with goal summary
0 {Rule-checking completed with errors}
INFO:    SpyGlass will run goal(s) 'cdc/cdc_setup_check'.


 Auto-compiling gates libraries

        "../System_pnr/std_cells/libs/scmetro_tsmc_cl013g_rvt_ss_1p08v_125c.lib"
        "../System_pnr/std_cells/libs/scmetro_tsmc_cl013g_rvt_tt_1p2v_25c.lib"
        "../System_pnr/std_cells/libs/scmetro_tsmc_cl013g_rvt_ff_1p32v_m40c.lib"
    to
        "./spyglass-1/spyglass_cache/autogenerated_sglib/aggregate.sglib" ...already compiled

 Using this already compiled sglib for the current run ...

RULE-CHECKING IN MIXED MODE
Loading spyglass (SpyGlass_vL-2016.06) ... (picked from /home/synopsys/SpyGlass-L2016.06/SPYGLASS_HOME/policies/spyglass)
Loading clock-reset (SpyGlass_vL-2016.06) ... (picked from /home/synopsys/SpyGlass-L2016.06/SPYGLASS_HOME/policies/clock)
 Reading sgdc file "../Spyglass/spy_cons.sgdc" ...
Performing unification checks on SGDC... done
Reading specified sglib files(s) ....
   Processing library: 'scmetro_tsmc_cl013g_rvt_ss_1p08v_125c' .... done
   Processing library: 'scmetro_tsmc_cl013g_rvt_tt_1p2v_25c' .... done
   Processing library: 'scmetro_tsmc_cl013g_rvt_ff_1p32v_m40c' .... done
Checking Rule AutoGenerateSglib (Rule 1 of total 371) .... done (Time = 0.00s, Memory = 0.0K)

INFO [76]    Using `./spyglass-1/sys_top/WORK/64' as the Work Directory for 64bit precompiled dump.
Checking Rule Param_clockreset07 (Rule 2 of total 371) .... done (Time = 0.00s, Memory = 0.0K)
Checking Rule Clock_setup01 (Rule 3 of total 371) .... done (Time = 0.00s, Memory = 36.2K)
Checking Rule Param_clockreset06 (Rule 4 of total 371) .... done (Time = 0.00s, Memory = 0.0K)
Checking Rule SGDC_meta_monitor_attributes01 (Rule 5 of total 371) .... done (Time = 0.00s, Memory = 4.7K)
Checking Rule LP_POWERDATA_CHECK (Rule 6 of total 371) .... done (Time = 0.00s, Memory = 0.0K)
Checking Rule LP_POWERDATA_READ (Rule 7 of total 371) .... done (Time = 0.00s, Memory = 0.0K)
Checking Rule PrecompileLibCheck01 (Rule 8 of total 371) .... done (Time = 0.00s, Memory = 0.0K)
Checking Rule PrecompileLibCheck02 (Rule 9 of total 371) .... done (Time = 0.00s, Memory = 0.0K)
Checking Rule PrecompileLibCheck03 (Rule 10 of total 371) .... done (Time = 0.00s, Memory = 0.0K)
Checking Rule PrecompileLibCheck04 (Rule 11 of total 371) .... done (Time = 0.00s, Memory = 0.0K)
Checking Rule ElabSummary (Rule 12 of total 371) .... done (Time = 0.00s, Memory = 6.4K)
Checking Rule ReportSglibVersionSummary (Rule 13 of total 371) .... done (Time = 0.00s, Memory = 8.0K)
Checking Rule SGDC_assume_path01 (Rule 14 of total 371) .... done (Time = 0.00s, Memory = -24.0K)
Checking Rule SGDC_sdcschema02 (Rule 15 of total 371) .... done (Time = 0.00s, Memory = 2.9K)
Checking Rule SGDC_clock05 (Rule 16 of total 371) .... done (Time = 0.00s, Memory = 0.9K)
Checking Rule SGDC_clock09 (Rule 17 of total 371) .... done (Time = 0.00s, Memory = 0.0K)
Checking Rule SGDC_force_ta05 (Rule 18 of total 371) .... done (Time = 0.00s, Memory = 0.0K)
Checking Rule SGDC_require_path03 (Rule 19 of total 371) .... done (Time = 0.00s, Memory = 0.0K)
Checking Rule SGDC_require_value03 (Rule 20 of total 371) .... done (Time = 0.00s, Memory = 9.1K)
Checking Rule SGDC_voltagedomain05 (Rule 21 of total 371) .... done (Time = 0.00s, Memory = 7.5K)
Checking Rule SGDC_voltagedomain06 (Rule 22 of total 371) .... done (Time = 0.00s, Memory = 0.0K)
Checking Rule SGDC_voltagedomain07 (Rule 23 of total 371) .... done (Time = 0.00s, Memory = 0.0K)
Checking Rule SGDC_powerdomainoutputs02 (Rule 24 of total 371) .... done (Time = 0.00s, Memory = 0.0K)
Checking Rule SGDC_supply01 (Rule 25 of total 371) .... done (Time = 0.00s, Memory = 39.5K)
Checking Rule SGDC_waive01 (Rule 26 of total 371) .... done (Time = 0.00s, Memory = 4.0K)
Checking Rule SGDC_waive02 (Rule 27 of total 371) .... done (Time = 0.01s, Memory = -8.0K)
Checking Rule SGDC_waive03 (Rule 28 of total 371) .... done (Time = 0.00s, Memory = 8.0K)
Checking Rule SGDC_waive04 (Rule 29 of total 371) .... done (Time = 0.00s, Memory = 8.0K)
Checking Rule SGDC_waive05 (Rule 30 of total 371) .... done (Time = 0.00s, Memory = -24.0K)
Checking Rule SGDC_waive06 (Rule 31 of total 371) .... done (Time = 0.00s, Memory = 0.0K)
Checking Rule SGDC_waive07 (Rule 32 of total 371) .... done (Time = 0.00s, Memory = 6.8K)
Checking Rule SGDC_waive08 (Rule 33 of total 371) .... done (Time = 0.00s, Memory = -24.0K)
Checking Rule SGDC_waive09 (Rule 34 of total 371) .... done (Time = 0.00s, Memory = -0.5K)
Checking Rule SGDC_waive10 (Rule 35 of total 371) .... done (Time = 0.00s, Memory = -0.6K)
Checking Rule SGDC_waive11 (Rule 36 of total 371) .... done (Time = 0.00s, Memory = 0.0K)
Checking Rule SGDC_waive12 (Rule 37 of total 371) .... done (Time = 0.00s, Memory = 0.0K)
Checking Rule SGDC_waive13 (Rule 38 of total 371) .... done (Time = 0.00s, Memory = 0.0K)
Checking Rule SGDC_waive21 (Rule 39 of total 371) .... done (Time = 0.00s, Memory = 0.0K)
Checking Rule SGDC_waive22 (Rule 40 of total 371) .... done (Time = 0.00s, Memory = 0.0K)
Checking Rule SGDC_waive30 (Rule 41 of total 371) .... done (Time = 0.00s, Memory = 0.0K)
Checking Rule SGDC_waive32 (Rule 42 of total 371) .... done (Time = 0.00s, Memory = 0.0K)
Checking Rule SGDC_waive33 (Rule 43 of total 371) .... done (Time = 0.00s, Memory = 0.0K)
Checking Rule SGDC_waive36 (Rule 44 of total 371) .... done (Time = 0.00s, Memory = 0.0K)
Checking Rule SGDC_waive38 (Rule 45 of total 371) .... done (Time = 0.00s, Memory = 0.0K)
Checking Rule SGDC_fifo01 (Rule 46 of total 371) .... done (Time = 0.00s, Memory = 7.5K)
Checking Rule SGDC_libgroup01 (Rule 47 of total 371) .... done (Time = 0.00s, Memory = -0.6K)
Checking Rule SGDC_libgroup02 (Rule 48 of total 371) .... done (Time = 0.00s, Memory = 0.0K)
Checking Rule SGDC_libgroup04 (Rule 49 of total 371) .... done (Time = 0.00s, Memory = 7.5K)
Checking Rule SGDC_power_data01 (Rule 50 of total 371) .... done (Time = 0.00s, Memory = 0.0K)
Checking Rule SGDC_ungroup01 (Rule 51 of total 371) .... done (Time = 0.00s, Memory = 9.1K)
Checking Rule SGDC_abstract_port06 (Rule 52 of total 371) .... done (Time = 0.00s, Memory = 0.0K)
Checking Rule SGDC_abstract_port14 (Rule 53 of total 371) .... done (Time = 0.00s, Memory = 6.8K)
Checking Rule SGDC_abstract_port15 (Rule 54 of total 371) .... done (Time = 0.00s, Memory = 0.0K)
Checking Rule SGDC_abstract_port18 (Rule 55 of total 371) .... done (Time = 0.00s, Memory = 6.9K)
Checking Rule sdc_init_rule (Rule 56 of total 371) .... done (Time = 0.00s, Memory = 0.0K)
Checking Rule CMD_ignorelibs01 (Rule 57 of total 371) .... done (Time = 0.00s, Memory = 0.0K)
Checking Rule ReportRuleNotRun (Rule 58 of total 371) .... done (Time = 0.00s, Memory = -9.9K)
Checking Rule SGDC_generated_clock03 (Rule 59 of total 371) .... done (Time = 0.00s, Memory = 0.0K)
Checking Rule SGDC_generated_clock04 (Rule 60 of total 371) .... done (Time = 0.00s, Memory = 3.3K)
Checking Rule SGDC_generated_clock05 (Rule 61 of total 371) .... done (Time = 0.00s, Memory = 0.0K)
Checking Rule SGDC_quasi_static_style02 (Rule 62 of total 371) .... done (Time = 0.00s, Memory = 15.6K)
Checking Rule SGDC_syncresetstyle01 (Rule 63 of total 371) .... done (Time = 0.00s, Memory = 0.0K)
Checking Rule SGDC_network_allowed_cells01 (Rule 64 of total 371) .... done (Time = 0.00s, Memory = 7.1K)
Checking Rule SGDC_numflops01 (Rule 65 of total 371) .... done (Time = 0.00s, Memory = 0.0K)
Checking Rule SGDC_numflops07 (Rule 66 of total 371) .... done (Time = 0.00s, Memory = 0.0K)
Checking Rule SGDC_numflops08 (Rule 67 of total 371) .... done (Time = 0.00s, Memory = 3.7K)
Checking Rule SGDC_numflops09 (Rule 68 of total 371) .... done (Time = 0.00s, Memory = 15.0K)
Checking Rule SGDC_clocksense04 (Rule 69 of total 371) .... done (Time = 0.00s, Memory = 4.0K)
Checking Rule SGDC_check_clock_relation05a (Rule 70 of total 371) .... done (Time = 0.00s, Memory = 1.6K)
Checking Rule SGDC_check_clock_relation05b (Rule 71 of total 371) .... done (Time = 0.00s, Memory = 19.7K)
Checking Rule SGDC_sync_cell08a (Rule 72 of total 371) .... done (Time = 0.00s, Memory = 4.0K)
Checking Rule SGDC_sync_cell09a (Rule 73 of total 371) .... done (Time = 0.00s, Memory = -0.2K)
Checking Rule SGDC_qualifier06 (Rule 74 of total 371) .... done (Time = 0.00s, Memory = 5.9K)
Checking Rule SGDC_cdc_waive03 (Rule 75 of total 371) .... done (Time = 0.00s, Memory = -7.2K)
Checking Rule SGDC_qualifier09 (Rule 76 of total 371) .... done (Time = 0.00s, Memory = 32.5K)
Checking Rule SGDC_qualifier15 (Rule 77 of total 371) .... done (Time = 0.00s, Memory = 8.9K)
Checking Rule SGDC_allow_combo_logic01 (Rule 78 of total 371) .... done (Time = 0.00s, Memory = 27.8K)
Checking Rule SGDC_reset_filter_path01 (Rule 79 of total 371) .... done (Time = 0.00s, Memory = -0.3K)
Checking Rule SGDC_cdc_false_path05 (Rule 80 of total 371) .... done (Time = 0.00s, Memory = 14.9K)
Checking Rule Param_clockreset05 (Rule 81 of total 371) .... done (Time = 0.00s, Memory = 0.0K)
Checking Rule Ac_sanity01 (Rule 82 of total 371) .... done (Time = 0.00s, Memory = 0.0K)
Checking Rule Ac_sanity06 (Rule 83 of total 371) .... done (Time = 0.00s, Memory = -0.2K)
Checking Rule Ac_license01 (Rule 84 of total 371) .... done (Time = 0.00s, Memory = 0.0K)
Checking Rule SGDC_reset_synchronizer07 (Rule 85 of total 371) .... done (Time = 0.00s, Memory = 1.8K)
 Reading waiver file "./spyglass-1/sys_top/cdc/cdc_setup_check/spyglass_spysch/waiver/pragma2Waiver.swl" ...
 Reading included SGDC file "./spyglass-1/sys_top/cdc/cdc_setup_check/spyglass_spysch/waiver/pragma2Waiver_varfile.swl" ....
Checking Rule ReportStopSummary (Rule 86 of total 371) .... done (Time = 0.00s, Memory = 0.0K)
Checking Rule ReportIgnoreSummary (Rule 87 of total 371) .... done (Time = 0.00s, Memory = 0.4K)

INFO [235]    Restoring design database from directory './spyglass-1/sys_top/.SG_SaveRestoreDB/autogenerated__default_snapshot' ...
              done

Checking Rule InferBlackBox (Rule 88 of total 371) .... done (Time = 0.00s, Memory = 0.0K)
Checking Rule SGDC_waive37 (Rule 89 of total 371) .... done (Time = 0.00s, Memory = 0.0K)
Checking Rule SGDC_waive24 (Rule 90 of total 371) .... done (Time = 0.00s, Memory = 0.0K)
Checking Rule SGDC_waive25 (Rule 91 of total 371) .... done (Time = 0.00s, Memory = -3.4K)
Checking Rule SGDC_waive31 (Rule 92 of total 371) .... done (Time = 0.00s, Memory = 0.0K)
Checking Rule SGDC_waive35 (Rule 93 of total 371) .... done (Time = 0.00s, Memory = 0.0K)
Checking Rule ReportSglibSummary (Rule 94 of total 371) .... done (Time = 0.00s, Memory = 0.0K)
Checking Rule DetectTopDesignUnits (Rule 95 of total 371)
 Detected 1 top level design units:
     sys_top
 .... done (Time = 0.00s, Memory = -1.5K)
Checking Rule GenerateConfMap (Rule 96 of total 371) .... done (Time = 0.00s, Memory = 0.0K)
Checking Rule Pragma_setupa for module CLK_GATE (Rule 97 of total 371) .... done (Time = 0.00s, Memory = 0.0K)
Checking Rule Pragma_setupa for module RST_SYNCH (Rule 97 of total 371) .... done (Time = 0.00s, Memory = 0.0K)
Checking Rule Pragma_setupa for module clk_div (Rule 97 of total 371) .... done (Time = 0.00s, Memory = 0.0K)
Checking Rule Pragma_setupa for module DeSerializer (Rule 97 of total 371) .... done (Time = 0.00s, Memory = 0.0K)
Checking Rule Pragma_setupa for module Data_sampling (Rule 97 of total 371) .... done (Time = 0.00s, Memory = 0.0K)
Checking Rule Pragma_setupa for module Edge_Bit_Counter (Rule 97 of total 371) .... done (Time = 0.00s, Memory = 0.0K)
Checking Rule Pragma_setupa for module Parity_chk (Rule 97 of total 371) .... done (Time = 0.00s, Memory = 0.0K)
Checking Rule Pragma_setupa for module Strt_chk (Rule 97 of total 371) .... done (Time = 0.00s, Memory = 0.0K)
Checking Rule Pragma_setupa for module stp_chk (Rule 97 of total 371) .... done (Time = 0.00s, Memory = 0.0K)
Checking Rule Pragma_setupa for module RX_FSM (Rule 97 of total 371) .... done (Time = 0.00s, Memory = 0.0K)
Checking Rule Pragma_setupa for module RX_TOP (Rule 97 of total 371) .... done (Time = 0.00s, Memory = 0.0K)
Checking Rule Pragma_setupa for module MUX (Rule 97 of total 371) .... done (Time = 0.00s, Memory = 0.0K)
Checking Rule Pragma_setupa for module parity (Rule 97 of total 371) .... done (Time = 0.00s, Memory = 0.0K)
Checking Rule Pragma_setupa for module TX_FSM (Rule 97 of total 371) .... done (Time = 0.00s, Memory = 0.0K)
Checking Rule Pragma_setupa for module serializer (Rule 97 of total 371) .... done (Time = 0.00s, Memory = 0.0K)
Checking Rule Pragma_setupa for module TX_TOP (Rule 97 of total 371) .... done (Time = 0.00s, Memory = 0.0K)
Checking Rule Pragma_setupa for module UART (Rule 97 of total 371) .... done (Time = 0.00s, Memory = 0.0K)
Checking Rule Pragma_setupa for module Data_Synch (Rule 97 of total 371) .... done (Time = 0.00s, Memory = 0.0K)
Checking Rule Pragma_setupa for module SYS_CTRL (Rule 97 of total 371) .... done (Time = 0.00s, Memory = 0.0K)
Checking Rule Pragma_setupa for module Register (Rule 97 of total 371) .... done (Time = 0.00s, Memory = 0.0K)
Checking Rule Pragma_setupa for module ALU (Rule 97 of total 371) .... done (Time = 0.00s, Memory = 0.0K)
Checking Rule Pragma_setupa for module FIFO_RD (Rule 97 of total 371) .... done (Time = 0.00s, Memory = 0.0K)
Checking Rule Pragma_setupa for module FIFO_WR (Rule 97 of total 371) .... done (Time = 0.00s, Memory = 0.0K)
Checking Rule Pragma_setupa for module DF_SYNC (Rule 97 of total 371) .... done (Time = 0.00s, Memory = 0.0K)
Checking Rule Pragma_setupa for module FIFO_MEM_CNTRL (Rule 97 of total 371) .... done (Time = 0.00s, Memory = 0.0K)
Checking Rule Pragma_setupa for module FIFO_TOP (Rule 97 of total 371) .... done (Time = 0.00s, Memory = 0.0K)
Checking Rule Pragma_setupa for module PULSE_GEN (Rule 97 of total 371) .... done (Time = 0.00s, Memory = 0.0K)
Checking Rule Pragma_setupa for module sys_top (Rule 97 of total 371) .... done (Time = 0.00s, Memory = 0.0K)
Performing semantic checks on SGDC contents
Checking Rule SGDC_testmode03 (Rule 98 of total 371) .... done (Time = 0.00s, Memory = -9.7K)
Checking Rule Pragma_setupb (Rule 99 of total 371) .... done (Time = 0.00s, Memory = 0.0K)
Checking Rule _vhMeta01 (Rule 100 of total 371) .... done (Time = 0.00s, Memory = 0.0K)
Checking Rule _meta_delay01 (Rule 101 of total 371) .... done (Time = 0.00s, Memory = 0.0K)
Checking Rule CheckCelldefine (Rule 102 of total 371) .... done (Time = 0.00s, Memory = 0.0K)
Checking Rule checkSGDC_01 (Rule 103 of total 371) .... done (Time = 0.00s, Memory = 0.0K)
Checking Rule checkSGDC_03 (Rule 104 of total 371) .... done (Time = 0.00s, Memory = 0.0K)
Checking Rule checkSGDC_08 (Rule 105 of total 371) .... done (Time = 0.00s, Memory = 0.0K)
Checking Rule SGDC_memorywritepin04 (Rule 106 of total 371) .... done (Time = 0.00s, Memory = 0.0K)
Checking Rule SGDC_reset02 (Rule 107 of total 371) .... done (Time = 0.00s, Memory = 0.0K)
Checking Rule SGDC_reset03 (Rule 108 of total 371) .... done (Time = 0.00s, Memory = 1.5K)
Checking Rule SGDC_waive23 (Rule 109 of total 371) .... done (Time = 0.00s, Memory = 0.0K)
Checking Rule SGDC_waive26 (Rule 110 of total 371) .... done (Time = 0.00s, Memory = 0.3K)
Checking Rule SGDC_waive27 (Rule 111 of total 371) .... done (Time = 0.00s, Memory = 0.0K)
Checking Rule SGDC_waive29 (Rule 112 of total 371) .... done (Time = 0.00s, Memory = 0.0K)
Checking Rule SGDC_libgroup03 (Rule 113 of total 371) .... done (Time = 0.00s, Memory = 0.0K)
Checking Rule SGDC_ungroup02 (Rule 114 of total 371) .... done (Time = 0.00s, Memory = 0.0K)
Checking Rule _abstractPortSGDC (Rule 115 of total 371) .... done (Time = 0.00s, Memory = -0.0K)
Checking Rule SGDC_abstract_port03 (Rule 116 of total 371) .... done (Time = 0.00s, Memory = 0.0K)
Checking Rule SGDC_abstract_port04 (Rule 117 of total 371) .... done (Time = 0.00s, Memory = 0.0K)
Checking Rule SGDC_abstract_port05 (Rule 118 of total 371) .... done (Time = 0.00s, Memory = 0.0K)
Checking Rule SGDC_abstract_port07 (Rule 119 of total 371) .... done (Time = 0.00s, Memory = 0.0K)
Checking Rule SGDC_abstract_port08 (Rule 120 of total 371) .... done (Time = 0.00s, Memory = 0.0K)
Checking Rule SGDC_abstract_port10 (Rule 121 of total 371) .... done (Time = 0.00s, Memory = 7.2K)
Checking Rule SGDC_abstract_port11 (Rule 122 of total 371) .... done (Time = 0.00s, Memory = 0.0K)
Checking Rule SGDC_abstract_port12 (Rule 123 of total 371) .... done (Time = 0.00s, Memory = 0.0K)
Checking Rule SGDC_abstract_port13 (Rule 124 of total 371) .... done (Time = 0.00s, Memory = 0.0K)
Checking Rule _cdc_save_license01 (Rule 125 of total 371) .... done (Time = 0.00s, Memory = 0.2K)
Checking Rule syncRstReq (Rule 126 of total 371) .... done (Time = 0.00s, Memory = 0.0K)
Checking Rule syncRstReq (Rule 127 of total 371) .... done (Time = 0.00s, Memory = 0.0K)
Checking Rule _syncResetStyleRTL (Rule 128 of total 371) .... done (Time = 0.00s, Memory = 0.0K)
Checking Rule _deltaDelay (Rule 129 of total 371) .... done (Time = 0.00s, Memory = 0.0K)
Checking Rule _deltaDelay (Rule 130 of total 371) .... done (Time = 0.00s, Memory = 0.0K)
Checking Rule _deltaDelayNom (Rule 131 of total 371) .... done (Time = 0.00s, Memory = -8.0K)
Checking Rule Ac_multitop01 (Rule 132 of total 371) .... done (Time = 0.00s, Memory = 0.0K)
Checking Rule AcOvlRtl (Rule 133 of total 371) .... done (Time = 0.00s, Memory = 0.9K)
Checking Rule AcOvlRtl (Rule 134 of total 371) .... done (Time = 0.00s, Memory = 0.0K)
Checking Rule Ac_svasetup01 (Rule 135 of total 371) .... done (Time = 0.00s, Memory = 0.0K)
Checking Rule ReportUngroup (Rule 136 of total 371) .... done (Time = 0.00s, Memory = 0.1K)
Checking Rule SGDC_allow_combo_logic02 (Rule 137 of total 371) .... done (Time = 0.00s, Memory = 0.0K)
Checking Rule _portRetenClocknReset (Rule 138 of total 371) .... done (Time = 0.00s, Memory = 0.0K)
Checking Rule _portReten (Rule 139 of total 371) .... done (Time = 0.00s, Memory = -8.0K)
Checking Rule SGDC_meta_design_hier01 (Rule 140 of total 371) .... done (Time = 0.00s, Memory = -0.7K)
Checking Rule LP_POWERDATA_INFO (Rule 141 of total 371) .... done (Time = 0.00s, Memory = -4.6K)
Checking Rule SGDC_abstract_port21 (Rule 142 of total 371) .... done (Time = 0.00s, Memory = 0.0K)
Checking Rule SGDC_input02 (Rule 143 of total 371) .... done (Time = 0.00s, Memory = -8.7K)
Checking Rule SGDC_input03 (Rule 144 of total 371) .... done (Time = 0.00s, Memory = -5.5K)
Checking Rule SGDC_output02 (Rule 145 of total 371) .... done (Time = 0.00s, Memory = -8.2K)
Checking Rule SGDC_output04 (Rule 146 of total 371) .... done (Time = 0.00s, Memory = 11.8K)
Checking Rule SGDC_numflops03a (Rule 147 of total 371) .... done (Time = 0.00s, Memory = 0.0K)
Checking Rule SGDC_numflops03b (Rule 148 of total 371) .... done (Time = 0.00s, Memory = -0.9K)
Checking Rule SGDC_numflops12 (Rule 149 of total 371) .... done (Time = 0.00s, Memory = -32.2K)
Checking Rule SGDC_sync_cell02b (Rule 150 of total 371) .... done (Time = 0.00s, Memory = 2.4K)
Checking Rule SGDC_sync_cell11 (Rule 151 of total 371) .... done (Time = 0.00s, Memory = 0.0K)
Checking Rule SGDC_qualifier02c (Rule 152 of total 371) .... done (Time = 0.00s, Memory = 0.0K)
Checking Rule SGDC_qualifier03c (Rule 153 of total 371) .... done (Time = 0.00s, Memory = -4.2K)
Checking Rule LPwrRulesSetup (Rule 154 of total 371) .... done (Time = 0.00s, Memory = -0.9K)
 Flattening sys_top (.lib instances separately flattened) ....
 Flattening completed
Checking Rule SGDC_quasi_static_style01 (Rule 155 of total 371) .... done (Time = 0.00s, Memory = 0.7K)
Checking Rule SignalTypeSetup (Rule 156 of total 371) .... done (Time = 0.00s, Memory = 6.0K)
Checking Rule _allowInst (Rule 157 of total 371) .... done (Time = 0.00s, Memory = 0.0K)
Checking Rule _ipblock (Rule 158 of total 371) .... done (Time = 0.00s, Memory = 0.0K)
Checking Rule _rstSyncCellInst (Rule 159 of total 371) .... done (Time = 0.00s, Memory = -6.7K)
Checking Rule _syncCellDelayedQualifier (Rule 160 of total 371) .... done (Time = 0.00s, Memory = 0.0K)
Checking Rule _repeaterCellInst (Rule 161 of total 371) .... done (Time = 0.00s, Memory = 0.0K)
Checking Rule _abstract_port (Rule 162 of total 371) .... done (Time = 0.00s, Memory = 16.1K)
Checking Rule Clock_setup02 (Rule 163 of total 371) .... done (Time = 0.00s, Memory = 38.5K)
Checking Rule Clockmatrix01 (Rule 164 of total 371) .... done (Time = 0.00s, Memory = 0.0K)
Checking Rule Clock_prop (Rule 165 of total 371) .... done (Time = 0.00s, Memory = 582.8K)
Checking Rule Reset_prop (Rule 166 of total 371) .... done (Time = 0.00s, Memory = 84.8K)
Checking Rule SGDC_generated_clock06 (Rule 167 of total 371) .... done (Time = 0.00s, Memory = 0.0K)
Checking Rule Propagate_Clocks (Rule 168 of total 371) .... done (Time = 0.01s, Memory = 261.2K)
Checking Rule _syncreset_prop (Rule 169 of total 371) .... done (Time = 0.00s, Memory = 13.4K)
Checking Rule _syncc (Rule 170 of total 371) .... done (Time = 0.00s, Memory = 0.0K)
Checking Rule _syncb (Rule 171 of total 371) .... done (Time = 0.00s, Memory = 0.6K)
Checking Rule _resetPathCross (Rule 172 of total 371) .... done (Time = 0.00s, Memory = 0.0K)
Checking Rule FalsePathSetup (Rule 173 of total 371) .... done (Time = 0.00s, Memory = 0.0K)
Checking Rule _fifo01 (Rule 174 of total 371) .... done (Time = 0.00s, Memory = 0.0K)
Checking Rule _syncfifo (Rule 175 of total 371) .... done (Time = 0.00s, Memory = 0.0K)
Checking Rule _syncUDfifo (Rule 176 of total 371) .... done (Time = 0.00s, Memory = 4.3K)
Checking Rule _syncdw (Rule 177 of total 371) .... done (Time = 0.00s, Memory = -7.6K)
Checking Rule _syncd (Rule 178 of total 371) .... done (Time = 0.00s, Memory = 0.0K)
Checking Rule _syncg (Rule 179 of total 371) .... done (Time = 0.00s, Memory = 28.3K)
Checking Rule _sync_clock (Rule 180 of total 371) .... done (Time = 0.00s, Memory = 0.0K)
Checking Rule _sync_gp (Rule 181 of total 371) .... done (Time = 0.00s, Memory = 24.9K)
Checking Rule _sync_and (Rule 182 of total 371) .... done (Time = 0.00s, Memory = 0.0K)
Checking Rule _synci (Rule 183 of total 371) .... done (Time = 0.00s, Memory = -3.9K)
Checking Rule _sync_qualifier (Rule 184 of total 371) .... done (Time = 0.00s, Memory = -0.5K)
Checking Rule SGDC_fifo11 (Rule 185 of total 371) .... done (Time = 0.00s, Memory = -0.3K)
Checking Rule SGDC_fifo12 (Rule 186 of total 371) .... done (Time = 0.00s, Memory = -24.9K)
Checking Rule SGDC_fifo13 (Rule 187 of total 371) .... done (Time = 0.00s, Memory = 0.0K)
Checking Rule SGDC_fifo14 (Rule 188 of total 371) .... done (Time = 0.00s, Memory = -32.0K)
Checking Rule Gen_diff01 (Rule 189 of total 371) .... done (Time = 0.00s, Memory = -32.0K)
Checking Rule _debugData (Rule 190 of total 371) .... done (Time = 0.01s, Memory = 62.6K)
Checking Rule Ac_Sync_Init (Rule 191 of total 371) .... done (Time = 0.00s, Memory = 263.8K)
Checking Rule _propagate_cdcAttrib (Rule 192 of total 371) .... done (Time = 0.00s, Memory = 0.0K)
Checking Rule Ar_Cross_Init (Rule 193 of total 371) .... done (Time = 0.00s, Memory = 0.0K)
Checking Rule SGDC_cdc_define_transition01 (Rule 194 of total 371) .... done (Time = 0.00s, Memory = 0.0K)
Checking Rule UPF_lowpower08PR (Rule 195 of total 371) .... done (Time = 0.00s, Memory = 0.0K)
Checking Rule UPF_lowpower08 (Rule 196 of total 371) .... done (Time = 0.00s, Memory = 0.0K)
Checking Rule Setup_check01 (Rule 197 of total 371) .... done (Time = 0.00s, Memory = 0.0K)
Checking Rule Setup_check02 (Rule 198 of total 371) .... done (Time = 0.00s, Memory = 0.0K)
Checking Rule Info_Case_Analysis (Rule 199 of total 371) .... done (Time = 0.00s, Memory = -42.8K)
Checking Rule SGDC_set_case_analysis_LC (Rule 200 of total 371) .... done (Time = 0.00s, Memory = 13.8K)
Checking Rule SGDC_signal_in_domain02 (Rule 201 of total 371) .... done (Time = 0.00s, Memory = 0.0K)
Checking Rule SGDC_signal_in_domain04 (Rule 202 of total 371) .... done (Time = 0.00s, Memory = 0.0K)
Checking Rule SGDC_numflops03c (Rule 203 of total 371) .... done (Time = 0.00s, Memory = 0.0K)
Checking Rule SGDC_numflops04 (Rule 204 of total 371) .... done (Time = 0.00s, Memory = 0.0K)
Checking Rule SGDC_numflops05 (Rule 205 of total 371) .... done (Time = 0.00s, Memory = 0.0K)
Checking Rule SGDC_numflops06 (Rule 206 of total 371) .... done (Time = 0.00s, Memory = -0.5K)
Checking Rule SGDC_numflops11 (Rule 207 of total 371) .... done (Time = 0.00s, Memory = 0.0K)
Checking Rule SGDC_numflops13 (Rule 208 of total 371) .... done (Time = 0.00s, Memory = -1.3K)
Checking Rule SGDC_numflops14 (Rule 209 of total 371) .... done (Time = 0.00s, Memory = 8.0K)
Checking Rule SGDC_clocksense02 (Rule 210 of total 371) .... done (Time = 0.00s, Memory = -8.0K)
Checking Rule SGDC_clocksense03 (Rule 211 of total 371) .... done (Time = 0.00s, Memory = 0.0K)
Checking Rule SGDC_sgclkgroup01 (Rule 212 of total 371) .... done (Time = 0.00s, Memory = 8.0K)
Checking Rule SGDC_sgclkgroup02 (Rule 213 of total 371) .... done (Time = 0.00s, Memory = 0.0K)
Checking Rule SGDC_sgclkgroup03 (Rule 214 of total 371) .... done (Time = 0.00s, Memory = 0.0K)
Checking Rule SGDC_check_clock_relation01a (Rule 215 of total 371) .... done (Time = 0.00s, Memory = 0.0K)
Checking Rule SGDC_check_clock_relation01b (Rule 216 of total 371) .... done (Time = 0.00s, Memory = 3.5K)
Checking Rule SGDC_check_clock_relation01c (Rule 217 of total 371) .... done (Time = 0.00s, Memory = -0.1K)
Checking Rule SGDC_check_clock_relation02a (Rule 218 of total 371) .... done (Time = 0.00s, Memory = 1.4K)
Checking Rule SGDC_check_clock_relation02b (Rule 219 of total 371) .... done (Time = 0.00s, Memory = 0.0K)
Checking Rule SGDC_check_clock_relation02c (Rule 220 of total 371) .... done (Time = 0.00s, Memory = 0.0K)
Checking Rule SGDC_check_clock_relation03b (Rule 221 of total 371) .... done (Time = 0.00s, Memory = 3.3K)
Checking Rule SGDC_check_clock_relation04b (Rule 222 of total 371) .... done (Time = 0.00s, Memory = -1.2K)
Checking Rule CheckClockRelationSetup (Rule 223 of total 371) .... done (Time = 0.00s, Memory = 0.0K)
Checking Rule SGDC_gray_signals01 (Rule 224 of total 371) .... done (Time = 0.00s, Memory = 0.0K)
Checking Rule SGDC_gray_signals02 (Rule 225 of total 371) .... done (Time = 0.00s, Memory = 0.0K)
Checking Rule SGDC_gray_signals03 (Rule 226 of total 371) .... done (Time = 0.00s, Memory = 0.0K)
Checking Rule SGDC_qualifier02a (Rule 227 of total 371) .... done (Time = 0.00s, Memory = 6.5K)
Checking Rule SGDC_qualifier03a (Rule 228 of total 371) .... done (Time = 0.00s, Memory = 0.0K)
Checking Rule SGDC_qualifier04 (Rule 229 of total 371) .... done (Time = 0.00s, Memory = 0.0K)
Checking Rule SGDC_qualifier05 (Rule 230 of total 371) .... done (Time = 0.00s, Memory = 0.0K)
Checking Rule SGDC_qualifier08 (Rule 231 of total 371) .... done (Time = 0.00s, Memory = 0.0K)
Checking Rule QualifierSetup (Rule 232 of total 371) .... done (Time = 0.00s, Memory = -32.0K)
Checking Rule ResetSynchronizerSetup (Rule 233 of total 371) .... done (Time = 0.00s, Memory = 0.0K)
Checking Rule SGDC_validation_filter_path03 (Rule 234 of total 371) .... done (Time = 0.00s, Memory = 0.0K)
Checking Rule SGDC_qualifier10 (Rule 235 of total 371) .... done (Time = 0.00s, Memory = 0.0K)
Checking Rule SGDC_qualifier11 (Rule 236 of total 371) .... done (Time = 0.00s, Memory = 0.0K)
Checking Rule SGDC_qualifier12 (Rule 237 of total 371) .... done (Time = 0.00s, Memory = 0.0K)
Checking Rule SGDC_qualifier13 (Rule 238 of total 371) .... done (Time = 0.00s, Memory = 0.0K)
Checking Rule SGDC_qualifier14 (Rule 239 of total 371) .... done (Time = 0.00s, Memory = 0.0K)
Checking Rule SGDC_qualifier16 (Rule 240 of total 371) .... done (Time = 0.00s, Memory = -32.0K)
Checking Rule SGDC_qualifier18 (Rule 241 of total 371) .... done (Time = 0.00s, Memory = -0.1K)
Checking Rule SGDC_qualifier19a (Rule 242 of total 371) .... done (Time = 0.00s, Memory = 0.0K)
Checking Rule SGDC_qualifier19b (Rule 243 of total 371) .... done (Time = 0.00s, Memory = 0.0K)
Checking Rule SGDC_qualifier19c (Rule 244 of total 371) .... done (Time = 0.00s, Memory = 0.0K)
Checking Rule SGDC_qualifier20b (Rule 245 of total 371) .... done (Time = 0.00s, Memory = 0.0K)
Checking Rule SGDC_qualifier21 (Rule 246 of total 371) .... done (Time = 0.00s, Memory = 32.0K)
Checking Rule SGDC_qualifier22 (Rule 247 of total 371) .... done (Time = 0.00s, Memory = 0.0K)
Checking Rule SGDC_qualifier23 (Rule 248 of total 371) .... done (Time = 0.00s, Memory = -2.2K)
Checking Rule SGDC_virtualclock01 (Rule 249 of total 371) .... done (Time = 0.00s, Memory = -1.3K)
Checking Rule SGDC_virtualreset01 (Rule 250 of total 371) .... done (Time = 0.00s, Memory = -0.8K)
Checking Rule SGDC_abstract_port19 (Rule 251 of total 371) .... done (Time = 0.00s, Memory = -32.0K)
Checking Rule SGDC_abstract_port20 (Rule 252 of total 371) .... done (Time = 0.00s, Memory = 5.8K)
Checking Rule RFPSetup (Rule 253 of total 371) .... done (Time = 0.00s, Memory = 0.0K)
Checking Rule SGDC_reset_filter_path02a (Rule 254 of total 371) .... done (Time = 0.00s, Memory = 0.4K)
Checking Rule SGDC_reset_filter_path02b (Rule 255 of total 371) .... done (Time = 0.00s, Memory = -1.0K)
Checking Rule SGDC_reset_filter_path02c (Rule 256 of total 371) .... done (Time = 0.00s, Memory = 0.0K)
Checking Rule SGDC_reset_filter_path03a (Rule 257 of total 371) .... done (Time = 0.00s, Memory = 0.0K)
Checking Rule SGDC_reset_filter_path03b (Rule 258 of total 371) .... done (Time = 0.00s, Memory = 32.0K)
Checking Rule SGDC_reset_filter_path03c (Rule 259 of total 371) .... done (Time = 0.00s, Memory = 0.0K)
Checking Rule SGDC_reset_filter_path04b (Rule 260 of total 371) .... done (Time = 0.00s, Memory = 0.0K)
Checking Rule SGDC_reset_filter_path07a (Rule 261 of total 371) .... done (Time = 0.00s, Memory = -8.0K)
Checking Rule SGDC_reset_filter_path07b (Rule 262 of total 371) .... done (Time = 0.00s, Memory = 0.0K)
Checking Rule SGDC_reset_filter_path07c (Rule 263 of total 371) .... done (Time = 0.00s, Memory = 0.0K)
Checking Rule SGDC_define_reset_order03 (Rule 264 of total 371) .... done (Time = 0.00s, Memory = 0.0K)
Checking Rule SGDC_define_reset_order04 (Rule 265 of total 371) .... done (Time = 0.00s, Memory = 0.2K)
Checking Rule SGDC_define_reset_order05 (Rule 266 of total 371) .... done (Time = 0.00s, Memory = 0.0K)
Checking Rule SGDC_cdc_false_path06 (Rule 267 of total 371) .... done (Time = 0.00s, Memory = 0.0K)
Checking Rule SGDC_cdc_false_path07 (Rule 268 of total 371) .... done (Time = 0.00s, Memory = 0.0K)
Checking Rule SGDC_cdc_false_path08 (Rule 269 of total 371) .... done (Time = 0.00s, Memory = 0.0K)
Checking Rule CDCSet_License01 (Rule 270 of total 371) .... done (Time = 0.00s, Memory = 0.0K)
Checking Rule Clock_info03a (Rule 271 of total 371) .... done (Time = 0.00s, Memory = 34.1K)
Checking Rule Clock_info03b (Rule 272 of total 371) .... done (Time = 0.01s, Memory = -39.4K)
Checking Rule Clock_info03c (Rule 273 of total 371) .... done (Time = 0.00s, Memory = 0.0K)
Checking Rule Propagate_Resets (Rule 274 of total 371) .... done (Time = 0.00s, Memory = 12.8K)
Checking Rule _reset_sync (Rule 275 of total 371) .... done (Time = 0.00s, Memory = 0.0K)
Checking Rule Setup_port01 (Rule 276 of total 371) .... done (Time = 0.00s, Memory = 0.0K)
Checking Rule Setup_blackbox01 (Rule 277 of total 371) .... done (Time = 0.00s, Memory = 0.0K)
Checking Rule Setup_library01 (Rule 278 of total 371) .... done (Time = 0.00s, Memory = 11.8K)
Checking Rule Reset_check11 (Rule 279 of total 371) .... done (Time = 0.00s, Memory = -1.7K)
Checking Rule Reset_info09a (Rule 280 of total 371) .... done (Time = 0.00s, Memory = 0.0K)
Checking Rule Clock_info02 (Rule 281 of total 371) .... done (Time = 0.01s, Memory = -28.6K)
Checking Rule Reset_info02 (Rule 282 of total 371) .... done (Time = 0.00s, Memory = 9.7K)
Checking Rule Clock_info05 (Rule 283 of total 371) .... done (Time = 0.00s, Memory = 0.0K)
Checking Rule Clock_info05b (Rule 284 of total 371) .... done (Time = 0.00s, Memory = 0.0K)
Checking Rule Reset_check03 (Rule 285 of total 371) .... done (Time = 0.00s, Memory = 14.2K)
Checking Rule _clkWrapModules (Rule 286 of total 371) .... done (Time = 0.00s, Memory = 0.5K)
Checking Rule _clock_hier_rules (Rule 287 of total 371) .... done (Time = 0.00s, Memory = 11.8K)
Checking Rule Reset_check12 (Rule 288 of total 371) .... done (Time = 0.01s, Memory = 34.1K)
Checking Rule Ar_sync_init (Rule 289 of total 371) .... done (Time = 0.00s, Memory = 32.4K)
Checking Rule _constrCoverage (Rule 290 of total 371) .... done (Time = 0.00s, Memory = 8.5K)
Checking Rule Clock_info15 (Rule 291 of total 371) .... done (Time = 0.01s, Memory = -16.0K)
Checking Rule Reset_check10 (Rule 292 of total 371) .... done (Time = 0.00s, Memory = 41.9K)
Checking Rule SGDC_clockreset02 (Rule 293 of total 371) .... done (Time = 0.00s, Memory = 0.0K)
Checking Rule Param_clockreset02 (Rule 294 of total 371) .... done (Time = 0.00s, Memory = 0.0K)
Checking Rule Param_clockreset04 (Rule 295 of total 371) .... done (Time = 0.00s, Memory = -64.0K)
Checking Rule Setup_clockreset01 (Rule 296 of total 371) .... done (Time = 0.00s, Memory = 0.0K)
Checking Rule Clock_check07 (Rule 297 of total 371) .... done (Time = 0.00s, Memory = 0.0K)
Checking Rule Clock_check10 (Rule 298 of total 371) .... done (Time = 0.00s, Memory = 0.0K)
Checking Rule Reset_check08 (Rule 299 of total 371) .... done (Time = 0.00s, Memory = 0.0K)
Checking Rule Clock_converge01 (Rule 300 of total 371) .... done (Time = 0.00s, Memory = 0.0K)
Checking Rule Ar_converge01 (Rule 301 of total 371) .... done (Time = 0.00s, Memory = 2.7K)
Checking Rule SGDC_noclockcell_start01 (Rule 302 of total 371) .... done (Time = 0.00s, Memory = 0.0K)
Checking Rule Ac_initseq01 (Rule 303 of total 371) .... done (Time = 0.00s, Memory = 0.0K)
Checking Rule Ac_init01 (Rule 304 of total 371) .... done (Time = 0.00s, Memory = 24.0K)
Checking Rule _ac_Auxi01 (Rule 305 of total 371) .... done (Time = 0.00s, Memory = 0.0K)
Checking Rule Ac_sanity02 (Rule 306 of total 371) .... done (Time = 0.00s, Memory = -0.9K)
Checking Rule _glitch_init (Rule 307 of total 371) .... done (Time = 0.00s, Memory = 0.0K)
Checking Rule Ac_initstate01 (Rule 308 of total 371) .... done (Time = 0.00s, Memory = 0.0K)
Checking Rule Ac_conv02setup01 (Rule 309 of total 371) .... done (Time = 0.00s, Memory = 8.0K)
Checking Rule Ac_abs01 (Rule 310 of total 371) .... done (Time = 0.00s, Memory = 0.0K)
Checking Rule Ac_report01 (Rule 311 of total 371) .... done (Time = 0.00s, Memory = 0.0K)
Checking Rule AllowComboLogicSetup (Rule 312 of total 371) .... done (Time = 0.00s, Memory = 0.0K)
Checking Rule Ac_resetvalue01 (Rule 313 of total 371) .... done (Time = 0.00s, Memory = -0.2K)
Checking Rule Ac_upfsetup02 (Rule 314 of total 371) .... done (Time = 0.00s, Memory = 0.0K)
Checking Rule Ac_upfsetup01 (Rule 315 of total 371) .... done (Time = 0.00s, Memory = 32.0K)
Checking Rule Ac_psync_init (Rule 316 of total 371) .... done (Time = 0.00s, Memory = 0.0K)
Checking Rule Ac_psetup01 (Rule 317 of total 371) .... done (Time = 0.00s, Memory = -0.4K)
Checking Rule Clock_exit01 (Rule 318 of total 371) .... done (Time = 0.00s, Memory = 0.0K)
Checking Rule SGDC_reset_synchronizer02 (Rule 319 of total 371) .... done (Time = 0.00s, Memory = 0.0K)
Checking Rule SGDC_reset_synchronizer04 (Rule 320 of total 371) .... done (Time = 0.00s, Memory = 0.0K)
Checking Rule SGDC_reset_synchronizer06 (Rule 321 of total 371) .... done (Time = 0.00s, Memory = 0.0K)
Checking Rule SGDC_reset_synchronizer08 (Rule 322 of total 371) .... done (Time = 0.00s, Memory = 0.0K)
Checking Rule SGDC_reset_synchronizer10 (Rule 323 of total 371) .... done (Time = 0.00s, Memory = 0.0K)
Checking Rule AnalyzeBBox (Rule 324 of total 371) .... done (Time = 0.00s, Memory = 0.0K)
Checking Rule ReportCheckDataSummary (Rule 325 of total 371) .... done (Time = 0.00s, Memory = 0.0K)

Generating data for Console...

SpyGlass Rule Checking Complete.

Generating moresimple report from './spyglass-1/sys_top/cdc/cdc_setup_check/spyglass.vdb' to './spyglass-1/sys_top/cdc/cdc_setup_check/spyglass_reports/moresimple.rpt' ....

Generating runsummary report from './spyglass-1/sys_top/cdc/cdc_setup_check/spyglass.vdb' ....

Generating no_msg_reporting_rules report from './spyglass-1/sys_top/cdc/cdc_setup_check/spyglass.vdb' to './spyglass-1/sys_top/cdc/cdc_setup_check/spyglass_reports/no_msg_reporting_rules.rpt' ....

Generating CDC-report report from './spyglass-1/sys_top/cdc/cdc_setup_check/spyglass.vdb' to './spyglass-1/sys_top/cdc/cdc_setup_check/spyglass_reports/CDC-report.rpt' ....

Generating CKSGDCInfo report from './spyglass-1/sys_top/cdc/cdc_setup_check/spyglass.vdb' to './spyglass-1/sys_top/cdc/cdc_setup_check/spyglass_reports/CKSGDCInfo.rpt' ....

Generating RSTree report from './spyglass-1/sys_top/cdc/cdc_setup_check/spyglass.vdb' to './spyglass-1/sys_top/cdc/cdc_setup_check/spyglass_reports/RSTree.rpt' ....

Generating CKTree report from './spyglass-1/sys_top/cdc/cdc_setup_check/spyglass.vdb' to './spyglass-1/sys_top/cdc/cdc_setup_check/spyglass_reports/CKTree.rpt' ....

Policy specific data (reports) are present in the directory './spyglass-1/sys_top/cdc/cdc_setup_check/spyglass_reports'.

SpyGlass critical reports for the current run are present in directory './spyglass-1/consolidated_reports/sys_top_cdc_cdc_setup_check/'.

---------------------------------------------------------------------------------------------
Results Summary:
---------------------------------------------------------------------------------------------
   Goal Run           :      cdc/cdc_setup_check
   Command-line read  :      0 error,      0 warning,      1 information message 
   Design Read        :      0 error,      0 warning,      3 information messages
      Found 1 top module:
         sys_top   (file: ../rtl/System_Top/SYS_TOP_dft.v)

   Blackbox Resolution:      0 error,      0 warning,      0 information message 
   SGDC Checks        :      0 error,      0 warning,      1 information message 
** Policy clock-reset :     56 errors,     0 warning,     14 information messages
   -------------------------------------------------------------------------------------
   Total              :     56 errors,     0 warning,     19 information messages

  Total Number of Generated Messages     :        75 (56 errors, 0 warning, 19 Infos)
  Number of Reported Messages            :        75 (56 errors, 0 warning, 19 Infos)

  NOTE: It is recommended to first fix/reconcile fatals/errors reported on
        lines starting with ** as subsequent issues might be related to it.
        Please re-run SpyGlass once ** prefixed lines are fatal/error clean.

---------------------------------------------------------------------------------------------


run_goal: info: updating spyglass.log with goal summary
---------------------------------------------------------------------------------------------------
Results Summary:
---------------------------------------------------------------------------------------------------
   Goal Run           :      cdc/cdc_setup_check
   Top Module         :      sys_top
---------------------------------------------------------------------------------------------------
   Reports Directory: 
   /home/ICer/UART_System/Spyglass2/spyglass-1/consolidated_reports/sys_top_cdc_cdc_setup_check/ 

   SpyGlass LogFile: 
    /home/ICer/UART_System/Spyglass2/spyglass-1/sys_top/cdc/cdc_setup_check/spyglass.log 

   Standard Reports: 
     moresimple.rpt          no_msg_reporting_rules.rpt       

   HTML report:
    /home/ICer/UART_System/Spyglass2/spyglass-1/html_reports/goals_summary.html
  

   Technology Reports:    CDC( Advance CDC  Setup Check )
     CDC-report.rpt          CKSGDCInfo.rpt          CKTree.rpt      
     RSTree.rpt        
   
---------------------------------------------------------------------------------------------------
   Goal Violation Summary:
       Waived   Messages:                      0 Errors,      0 Warnings,      0 Infos
       Reported Messages:         0 Fatals,   56 Errors,      0 Warnings,     19 Infos
---------------------------------------------------------------------------------------------------
   
   Technology Summary: CDC( Advance CDC  Setup Check )   
       Unclocked Registers= 0
       Unconstrained Ports= 3
---------------------------------------------------------------------------------------------------
 
run_goal: info: spyglass.log successfully updated with goal summary
0 {Rule-checking completed with errors}current_goal: warning: design query data not saved for last active goal `cdc/cdc_setup_check'
                       (use `save_goal' command or enable `auto_save' option to save design query data for subsequent goals)
current_goal: warning: goal `cdc/clock_reset_integrity' (-top sys_top) was run but not saved last time
                       run results and goal settings might not match
current_goal: info: loading goal `cdc/clock_reset_integrity' with top `sys_top' (in progress)
current_goal: info: finished loading goal `cdc/clock_reset_integrity' (ok)

INFO:    SpyGlass will run goal(s) 'cdc/clock_reset_integrity'.


 Auto-compiling gates libraries

        "../System_pnr/std_cells/libs/scmetro_tsmc_cl013g_rvt_ss_1p08v_125c.lib"
        "../System_pnr/std_cells/libs/scmetro_tsmc_cl013g_rvt_tt_1p2v_25c.lib"
        "../System_pnr/std_cells/libs/scmetro_tsmc_cl013g_rvt_ff_1p32v_m40c.lib"
    to
        "./spyglass-1/spyglass_cache/autogenerated_sglib/aggregate.sglib" ...already compiled

 Using this already compiled sglib for the current run ...

RULE-CHECKING IN MIXED MODE
Loading spyglass (SpyGlass_vL-2016.06) ... (picked from /home/synopsys/SpyGlass-L2016.06/SPYGLASS_HOME/policies/spyglass)
Loading clock-reset (SpyGlass_vL-2016.06) ... (picked from /home/synopsys/SpyGlass-L2016.06/SPYGLASS_HOME/policies/clock)
Loading timing (SpyGlass_vL-2016.06) ... (picked from /home/synopsys/SpyGlass-L2016.06/SPYGLASS_HOME/policies/timing)
 Reading sgdc file "../Spyglass/spy_cons.sgdc" ...
Performing unification checks on SGDC... done
Reading specified sglib files(s) ....
   Processing library: 'scmetro_tsmc_cl013g_rvt_ss_1p08v_125c' .... done
   Processing library: 'scmetro_tsmc_cl013g_rvt_tt_1p2v_25c' .... done
   Processing library: 'scmetro_tsmc_cl013g_rvt_ff_1p32v_m40c' .... done
Checking Rule AutoGenerateSglib (Rule 1 of total 370) .... done (Time = 0.00s, Memory = 0.0K)

INFO [76]    Using `./spyglass-1/sys_top/WORK/64' as the Work Directory for 64bit precompiled dump.
Checking Rule Param_clockreset07 (Rule 2 of total 370) .... done (Time = 0.00s, Memory = 0.0K)
Checking Rule Clock_setup01 (Rule 3 of total 370) .... done (Time = 0.00s, Memory = 26.1K)
Checking Rule Param_clockreset06 (Rule 4 of total 370) .... done (Time = 0.00s, Memory = 0.0K)
Checking Rule SGDC_meta_monitor_attributes01 (Rule 5 of total 370) .... done (Time = 0.00s, Memory = 0.0K)
Checking Rule LP_POWERDATA_CHECK (Rule 6 of total 370) .... done (Time = 0.00s, Memory = 0.0K)
Checking Rule LP_POWERDATA_READ (Rule 7 of total 370) .... done (Time = 0.00s, Memory = 0.0K)
Checking Rule PrecompileLibCheck01 (Rule 8 of total 370) .... done (Time = 0.00s, Memory = 0.0K)
Checking Rule PrecompileLibCheck02 (Rule 9 of total 370) .... done (Time = 0.00s, Memory = 0.0K)
Checking Rule PrecompileLibCheck03 (Rule 10 of total 370) .... done (Time = 0.00s, Memory = 0.0K)
Checking Rule PrecompileLibCheck04 (Rule 11 of total 370) .... done (Time = 0.00s, Memory = 0.0K)
Checking Rule ElabSummary (Rule 12 of total 370) .... done (Time = 0.00s, Memory = 13.0K)
Checking Rule ReportSglibVersionSummary (Rule 13 of total 370) .... done (Time = 0.00s, Memory = 0.0K)
Checking Rule SGDC_assume_path01 (Rule 14 of total 370) .... done (Time = 0.00s, Memory = 0.0K)
Checking Rule SGDC_sdcschema02 (Rule 15 of total 370) .... done (Time = 0.00s, Memory = 13.7K)
Checking Rule SGDC_clock05 (Rule 16 of total 370) .... done (Time = 0.00s, Memory = 1.5K)
Checking Rule SGDC_clock09 (Rule 17 of total 370) .... done (Time = 0.00s, Memory = 0.0K)
Checking Rule SGDC_force_ta05 (Rule 18 of total 370) .... done (Time = 0.00s, Memory = 0.0K)
Checking Rule SGDC_require_path03 (Rule 19 of total 370) .... done (Time = 0.00s, Memory = 3.1K)
Checking Rule SGDC_require_value03 (Rule 20 of total 370) .... done (Time = 0.00s, Memory = 0.0K)
Checking Rule SGDC_voltagedomain05 (Rule 21 of total 370) .... done (Time = 0.00s, Memory = 0.0K)
Checking Rule SGDC_voltagedomain06 (Rule 22 of total 370) .... done (Time = 0.00s, Memory = -1.5K)
Checking Rule SGDC_voltagedomain07 (Rule 23 of total 370) .... done (Time = 0.00s, Memory = 15.0K)
Checking Rule SGDC_powerdomainoutputs02 (Rule 24 of total 370) .... done (Time = 0.00s, Memory = 0.0K)
Checking Rule SGDC_supply01 (Rule 25 of total 370) .... done (Time = 0.00s, Memory = 0.1K)
Checking Rule SGDC_waive01 (Rule 26 of total 370) .... done (Time = 0.00s, Memory = 10.5K)
Checking Rule SGDC_waive02 (Rule 27 of total 370) .... done (Time = 0.00s, Memory = 8.0K)
Checking Rule SGDC_waive03 (Rule 28 of total 370) .... done (Time = 0.00s, Memory = 0.0K)
Checking Rule SGDC_waive04 (Rule 29 of total 370) .... done (Time = 0.00s, Memory = 8.0K)
Checking Rule SGDC_waive05 (Rule 30 of total 370) .... done (Time = 0.00s, Memory = -24.0K)
Checking Rule SGDC_waive06 (Rule 31 of total 370) .... done (Time = 0.00s, Memory = 0.0K)
Checking Rule SGDC_waive07 (Rule 32 of total 370) .... done (Time = 0.00s, Memory = 0.4K)
Checking Rule SGDC_waive08 (Rule 33 of total 370) .... done (Time = 0.00s, Memory = 0.0K)
Checking Rule SGDC_waive09 (Rule 34 of total 370) .... done (Time = 0.00s, Memory = 0.0K)
Checking Rule SGDC_waive10 (Rule 35 of total 370) .... done (Time = 0.00s, Memory = 0.0K)
Checking Rule SGDC_waive11 (Rule 36 of total 370) .... done (Time = 0.00s, Memory = 0.0K)
Checking Rule SGDC_waive12 (Rule 37 of total 370) .... done (Time = 0.00s, Memory = 0.0K)
Checking Rule SGDC_waive13 (Rule 38 of total 370) .... done (Time = 0.00s, Memory = 0.0K)
Checking Rule SGDC_waive21 (Rule 39 of total 370) .... done (Time = 0.00s, Memory = 0.0K)
Checking Rule SGDC_waive22 (Rule 40 of total 370) .... done (Time = 0.00s, Memory = 0.0K)
Checking Rule SGDC_waive30 (Rule 41 of total 370) .... done (Time = 0.00s, Memory = 0.0K)
Checking Rule SGDC_waive32 (Rule 42 of total 370) .... done (Time = 0.00s, Memory = 0.0K)
Checking Rule SGDC_waive33 (Rule 43 of total 370) .... done (Time = 0.00s, Memory = 0.0K)
Checking Rule SGDC_waive36 (Rule 44 of total 370) .... done (Time = 0.00s, Memory = 0.0K)
Checking Rule SGDC_waive38 (Rule 45 of total 370) .... done (Time = 0.00s, Memory = 0.0K)
Checking Rule SGDC_fifo01 (Rule 46 of total 370) .... done (Time = 0.00s, Memory = 1.9K)
Checking Rule SGDC_libgroup01 (Rule 47 of total 370) .... done (Time = 0.00s, Memory = 0.0K)
Checking Rule SGDC_libgroup02 (Rule 48 of total 370) .... done (Time = 0.00s, Memory = 0.0K)
Checking Rule SGDC_libgroup04 (Rule 49 of total 370) .... done (Time = 0.00s, Memory = 0.0K)
Checking Rule SGDC_power_data01 (Rule 50 of total 370) .... done (Time = 0.00s, Memory = 15.0K)
Checking Rule SGDC_ungroup01 (Rule 51 of total 370) .... done (Time = 0.00s, Memory = 0.0K)
Checking Rule SGDC_abstract_port06 (Rule 52 of total 370) .... done (Time = 0.00s, Memory = 13.8K)
Checking Rule SGDC_abstract_port14 (Rule 53 of total 370) .... done (Time = 0.00s, Memory = 0.0K)
Checking Rule SGDC_abstract_port15 (Rule 54 of total 370) .... done (Time = 0.00s, Memory = 0.0K)
Checking Rule SGDC_abstract_port18 (Rule 55 of total 370) .... done (Time = 0.00s, Memory = 0.0K)
Checking Rule sdc_init_rule (Rule 56 of total 370) .... done (Time = 0.00s, Memory = 0.0K)
Checking Rule CMD_ignorelibs01 (Rule 57 of total 370) .... done (Time = 0.00s, Memory = 0.0K)
Checking Rule ReportRuleNotRun (Rule 58 of total 370) .... done (Time = 0.00s, Memory = 12.0K)
Checking Rule SGDC_generated_clock03 (Rule 59 of total 370) .... done (Time = 0.00s, Memory = 1.6K)
Checking Rule SGDC_generated_clock04 (Rule 60 of total 370) .... done (Time = 0.00s, Memory = 23.0K)
Checking Rule SGDC_generated_clock05 (Rule 61 of total 370) .... done (Time = 0.00s, Memory = 0.0K)
Checking Rule SGDC_quasi_static_style02 (Rule 62 of total 370) .... done (Time = 0.00s, Memory = 0.6K)
Checking Rule SGDC_syncresetstyle01 (Rule 63 of total 370) .... done (Time = 0.00s, Memory = 0.0K)
Checking Rule SGDC_network_allowed_cells01 (Rule 64 of total 370) .... done (Time = 0.00s, Memory = 15.0K)
Checking Rule SGDC_numflops01 (Rule 65 of total 370) .... done (Time = 0.00s, Memory = 0.8K)
Checking Rule SGDC_numflops07 (Rule 66 of total 370) .... done (Time = 0.00s, Memory = -31.5K)
Checking Rule SGDC_numflops08 (Rule 67 of total 370) .... done (Time = 0.00s, Memory = 8.0K)
Checking Rule SGDC_numflops09 (Rule 68 of total 370) .... done (Time = 0.00s, Memory = 0.0K)
Checking Rule SGDC_clocksense04 (Rule 69 of total 370) .... done (Time = 0.00s, Memory = 0.0K)
Checking Rule SGDC_check_clock_relation05a (Rule 70 of total 370) .... done (Time = 0.00s, Memory = 0.0K)
Checking Rule SGDC_check_clock_relation05b (Rule 71 of total 370) .... done (Time = 0.00s, Memory = 0.0K)
Checking Rule SGDC_sync_cell08a (Rule 72 of total 370) .... done (Time = 0.00s, Memory = 15.0K)
Checking Rule SGDC_sync_cell09a (Rule 73 of total 370) .... done (Time = 0.00s, Memory = 0.0K)
Checking Rule SGDC_qualifier06 (Rule 74 of total 370) .... done (Time = 0.00s, Memory = 8.0K)
Checking Rule SGDC_cdc_waive03 (Rule 75 of total 370) .... done (Time = 0.00s, Memory = -0.1K)
Checking Rule SGDC_qualifier09 (Rule 76 of total 370) .... done (Time = 0.00s, Memory = 1.2K)
Checking Rule SGDC_qualifier15 (Rule 77 of total 370) .... done (Time = 0.00s, Memory = -5.6K)
Checking Rule SGDC_allow_combo_logic01 (Rule 78 of total 370) .... done (Time = 0.00s, Memory = 0.0K)
Checking Rule SGDC_reset_filter_path01 (Rule 79 of total 370) .... done (Time = 0.00s, Memory = -25.0K)
Checking Rule SGDC_cdc_false_path05 (Rule 80 of total 370) .... done (Time = 0.00s, Memory = 20.0K)
Checking Rule Param_clockreset05 (Rule 81 of total 370) .... done (Time = 0.00s, Memory = 0.0K)
Checking Rule Ac_sanity01 (Rule 82 of total 370) .... done (Time = 0.00s, Memory = 0.0K)
Checking Rule Ac_sanity06 (Rule 83 of total 370) .... done (Time = 0.00s, Memory = 0.8K)
Checking Rule Ac_license01 (Rule 84 of total 370) .... done (Time = 0.00s, Memory = 0.5K)
Checking Rule SGDC_reset_synchronizer07 (Rule 85 of total 370) .... done (Time = 0.00s, Memory = -7.6K)
 Reading waiver file "./spyglass-1/sys_top/cdc/clock_reset_integrity/spyglass_spysch/waiver/pragma2Waiver.swl" ...
 Reading included SGDC file "./spyglass-1/sys_top/cdc/clock_reset_integrity/spyglass_spysch/waiver/pragma2Waiver_varfile.swl" ....
Checking Rule ReportStopSummary (Rule 86 of total 370) .... done (Time = 0.00s, Memory = 0.0K)
Checking Rule ReportIgnoreSummary (Rule 87 of total 370) .... done (Time = 0.00s, Memory = 0.0K)

INFO [235]    Restoring design database from directory './spyglass-1/sys_top/.SG_SaveRestoreDB/autogenerated__default_snapshot' ...
              done

Checking Rule InferBlackBox (Rule 88 of total 370) .... done (Time = 0.00s, Memory = 0.0K)
Checking Rule SGDC_waive37 (Rule 89 of total 370) .... done (Time = 0.00s, Memory = 0.0K)
Checking Rule SGDC_waive24 (Rule 90 of total 370) .... done (Time = 0.00s, Memory = 0.0K)
Checking Rule SGDC_waive25 (Rule 91 of total 370) .... done (Time = 0.00s, Memory = 0.0K)
Checking Rule SGDC_waive31 (Rule 92 of total 370) .... done (Time = 0.00s, Memory = 0.0K)
Checking Rule SGDC_waive35 (Rule 93 of total 370) .... done (Time = 0.00s, Memory = 32.0K)
Checking Rule ReportSglibSummary (Rule 94 of total 370) .... done (Time = 0.00s, Memory = 0.0K)
Checking Rule DetectTopDesignUnits (Rule 95 of total 370)
 Detected 1 top level design units:
     sys_top
 .... done (Time = 0.00s, Memory = 7.8K)
Checking Rule GenerateConfMap (Rule 96 of total 370) .... done (Time = 0.00s, Memory = -0.9K)
Checking Rule Pragma_setupa for module CLK_GATE (Rule 97 of total 370) .... done (Time = 0.00s, Memory = 0.0K)
Checking Rule Reset_check01 for module CLK_GATE (Rule 98 of total 370) .... done (Time = 0.00s, Memory = 0.0K)
Checking Rule Pragma_setupa for module RST_SYNCH (Rule 97 of total 370) .... done (Time = 0.00s, Memory = 0.0K)
Checking Rule Reset_check01 for module RST_SYNCH (Rule 98 of total 370) .... done (Time = 0.00s, Memory = 0.0K)
Checking Rule Pragma_setupa for module clk_div (Rule 97 of total 370) .... done (Time = 0.00s, Memory = 0.0K)
Checking Rule Reset_check01 for module clk_div (Rule 98 of total 370) .... done (Time = 0.00s, Memory = 0.0K)
Checking Rule Pragma_setupa for module DeSerializer (Rule 97 of total 370) .... done (Time = 0.00s, Memory = 0.0K)
Checking Rule Reset_check01 for module DeSerializer (Rule 98 of total 370) .... done (Time = 0.00s, Memory = 0.0K)
Checking Rule Pragma_setupa for module Data_sampling (Rule 97 of total 370) .... done (Time = 0.00s, Memory = 0.0K)
Checking Rule Reset_check01 for module Data_sampling (Rule 98 of total 370) .... done (Time = 0.00s, Memory = 0.0K)
Checking Rule Pragma_setupa for module Edge_Bit_Counter (Rule 97 of total 370) .... done (Time = 0.00s, Memory = 0.0K)
Checking Rule Reset_check01 for module Edge_Bit_Counter (Rule 98 of total 370) .... done (Time = 0.00s, Memory = 0.0K)
Checking Rule Pragma_setupa for module Parity_chk (Rule 97 of total 370) .... done (Time = 0.00s, Memory = 0.0K)
Checking Rule Reset_check01 for module Parity_chk (Rule 98 of total 370) .... done (Time = 0.00s, Memory = 0.0K)
Checking Rule Pragma_setupa for module Strt_chk (Rule 97 of total 370) .... done (Time = 0.00s, Memory = 0.0K)
Checking Rule Reset_check01 for module Strt_chk (Rule 98 of total 370) .... done (Time = 0.00s, Memory = 0.0K)
Checking Rule Pragma_setupa for module stp_chk (Rule 97 of total 370) .... done (Time = 0.00s, Memory = 0.0K)
Checking Rule Reset_check01 for module stp_chk (Rule 98 of total 370) .... done (Time = 0.00s, Memory = 0.0K)
Checking Rule Pragma_setupa for module RX_FSM (Rule 97 of total 370) .... done (Time = 0.00s, Memory = 0.0K)
Checking Rule Reset_check01 for module RX_FSM (Rule 98 of total 370) .... done (Time = 0.00s, Memory = 0.0K)
Checking Rule Pragma_setupa for module RX_TOP (Rule 97 of total 370) .... done (Time = 0.00s, Memory = 0.0K)
Checking Rule Reset_check01 for module RX_TOP (Rule 98 of total 370) .... done (Time = 0.00s, Memory = 0.0K)
Checking Rule Pragma_setupa for module MUX (Rule 97 of total 370) .... done (Time = 0.00s, Memory = 0.0K)
Checking Rule Reset_check01 for module MUX (Rule 98 of total 370) .... done (Time = 0.00s, Memory = 0.0K)
Checking Rule Pragma_setupa for module parity (Rule 97 of total 370) .... done (Time = 0.00s, Memory = 0.0K)
Checking Rule Reset_check01 for module parity (Rule 98 of total 370) .... done (Time = 0.00s, Memory = 0.0K)
Checking Rule Pragma_setupa for module TX_FSM (Rule 97 of total 370) .... done (Time = 0.00s, Memory = 0.0K)
Checking Rule Reset_check01 for module TX_FSM (Rule 98 of total 370) .... done (Time = 0.00s, Memory = 0.0K)
Checking Rule Pragma_setupa for module serializer (Rule 97 of total 370) .... done (Time = 0.00s, Memory = 0.0K)
Checking Rule Reset_check01 for module serializer (Rule 98 of total 370) .... done (Time = 0.00s, Memory = 0.0K)
Checking Rule Pragma_setupa for module TX_TOP (Rule 97 of total 370) .... done (Time = 0.00s, Memory = 0.0K)
Checking Rule Reset_check01 for module TX_TOP (Rule 98 of total 370) .... done (Time = 0.00s, Memory = 0.0K)
Checking Rule Pragma_setupa for module UART (Rule 97 of total 370) .... done (Time = 0.00s, Memory = 0.0K)
Checking Rule Reset_check01 for module UART (Rule 98 of total 370) .... done (Time = 0.00s, Memory = 0.0K)
Checking Rule Pragma_setupa for module Data_Synch (Rule 97 of total 370) .... done (Time = 0.00s, Memory = 0.0K)
Checking Rule Reset_check01 for module Data_Synch (Rule 98 of total 370) .... done (Time = 0.00s, Memory = 0.0K)
Checking Rule Pragma_setupa for module SYS_CTRL (Rule 97 of total 370) .... done (Time = 0.00s, Memory = 0.0K)
Checking Rule Reset_check01 for module SYS_CTRL (Rule 98 of total 370) .... done (Time = 0.00s, Memory = 0.0K)
Checking Rule Pragma_setupa for module Register (Rule 97 of total 370) .... done (Time = 0.00s, Memory = 0.0K)
Checking Rule Reset_check01 for module Register (Rule 98 of total 370) .... done (Time = 0.00s, Memory = 0.0K)
Checking Rule Pragma_setupa for module ALU (Rule 97 of total 370) .... done (Time = 0.00s, Memory = 0.0K)
Checking Rule Reset_check01 for module ALU (Rule 98 of total 370) .... done (Time = 0.00s, Memory = 0.0K)
Checking Rule Pragma_setupa for module FIFO_RD (Rule 97 of total 370) .... done (Time = 0.00s, Memory = 0.0K)
Checking Rule Reset_check01 for module FIFO_RD (Rule 98 of total 370) .... done (Time = 0.00s, Memory = 0.0K)
Checking Rule Pragma_setupa for module FIFO_WR (Rule 97 of total 370) .... done (Time = 0.00s, Memory = 0.0K)
Checking Rule Reset_check01 for module FIFO_WR (Rule 98 of total 370) .... done (Time = 0.00s, Memory = 0.0K)
Checking Rule Pragma_setupa for module DF_SYNC (Rule 97 of total 370) .... done (Time = 0.00s, Memory = 0.0K)
Checking Rule Reset_check01 for module DF_SYNC (Rule 98 of total 370) .... done (Time = 0.00s, Memory = 0.0K)
Checking Rule Pragma_setupa for module FIFO_MEM_CNTRL (Rule 97 of total 370) .... done (Time = 0.00s, Memory = 0.0K)
Checking Rule Reset_check01 for module FIFO_MEM_CNTRL (Rule 98 of total 370) .... done (Time = 0.00s, Memory = 0.0K)
Checking Rule Pragma_setupa for module FIFO_TOP (Rule 97 of total 370) .... done (Time = 0.00s, Memory = 0.0K)
Checking Rule Reset_check01 for module FIFO_TOP (Rule 98 of total 370) .... done (Time = 0.00s, Memory = 0.0K)
Checking Rule Pragma_setupa for module PULSE_GEN (Rule 97 of total 370) .... done (Time = 0.00s, Memory = 0.0K)
Checking Rule Reset_check01 for module PULSE_GEN (Rule 98 of total 370) .... done (Time = 0.00s, Memory = 0.0K)
Checking Rule Pragma_setupa for module sys_top (Rule 97 of total 370) .... done (Time = 0.00s, Memory = 0.0K)
Checking Rule Reset_check01 for module sys_top (Rule 98 of total 370) .... done (Time = 0.00s, Memory = 0.0K)
Performing semantic checks on SGDC contents
Checking Rule SGDC_testmode03 (Rule 99 of total 370) .... done (Time = 0.00s, Memory = -6.1K)
Checking Rule Pragma_setupb (Rule 100 of total 370) .... done (Time = 0.00s, Memory = 0.0K)
Checking Rule _vhMeta01 (Rule 101 of total 370) .... done (Time = 0.00s, Memory = 0.0K)
Checking Rule _meta_delay01 (Rule 102 of total 370) .... done (Time = 0.00s, Memory = 0.0K)
Checking Rule LogNMuxPrereq (Rule 103 of total 370) .... done (Time = 0.00s, Memory = 5.5K)
Checking Rule CheckCelldefine (Rule 104 of total 370) .... done (Time = 0.00s, Memory = 0.0K)
Checking Rule checkSGDC_01 (Rule 105 of total 370) .... done (Time = 0.00s, Memory = 0.0K)
Checking Rule checkSGDC_03 (Rule 106 of total 370) .... done (Time = 0.00s, Memory = 0.0K)
Checking Rule checkSGDC_08 (Rule 107 of total 370) .... done (Time = 0.00s, Memory = 0.0K)
Checking Rule SGDC_memorywritepin04 (Rule 108 of total 370) .... done (Time = 0.00s, Memory = 15.0K)
Checking Rule SGDC_reset02 (Rule 109 of total 370) .... done (Time = 0.00s, Memory = 23.0K)
Checking Rule SGDC_reset03 (Rule 110 of total 370) .... done (Time = 0.00s, Memory = 0.4K)
Checking Rule SGDC_waive23 (Rule 111 of total 370) .... done (Time = 0.00s, Memory = 0.0K)
Checking Rule SGDC_waive26 (Rule 112 of total 370) .... done (Time = 0.00s, Memory = 0.3K)
Checking Rule SGDC_waive27 (Rule 113 of total 370) .... done (Time = 0.00s, Memory = 1.6K)
Checking Rule SGDC_waive29 (Rule 114 of total 370) .... done (Time = 0.00s, Memory = 4.7K)
Checking Rule SGDC_libgroup03 (Rule 115 of total 370) .... done (Time = 0.00s, Memory = 0.0K)
Checking Rule SGDC_ungroup02 (Rule 116 of total 370) .... done (Time = 0.00s, Memory = 0.0K)
Checking Rule _abstractPortSGDC (Rule 117 of total 370) .... done (Time = 0.00s, Memory = 28.4K)
Checking Rule SGDC_abstract_port03 (Rule 118 of total 370) .... done (Time = 0.00s, Memory = 0.0K)
Checking Rule SGDC_abstract_port04 (Rule 119 of total 370) .... done (Time = 0.00s, Memory = 0.0K)
Checking Rule SGDC_abstract_port05 (Rule 120 of total 370) .... done (Time = 0.00s, Memory = 8.0K)
Checking Rule SGDC_abstract_port07 (Rule 121 of total 370) .... done (Time = 0.00s, Memory = -27.1K)
Checking Rule SGDC_abstract_port08 (Rule 122 of total 370) .... done (Time = 0.00s, Memory = 4.0K)
Checking Rule SGDC_abstract_port10 (Rule 123 of total 370) .... done (Time = 0.00s, Memory = 0.0K)
Checking Rule SGDC_abstract_port11 (Rule 124 of total 370) .... done (Time = 0.00s, Memory = 32.0K)
Checking Rule SGDC_abstract_port12 (Rule 125 of total 370) .... done (Time = 0.00s, Memory = 0.0K)
Checking Rule SGDC_abstract_port13 (Rule 126 of total 370) .... done (Time = 0.00s, Memory = -23.1K)
Checking Rule _cdc_save_license01 (Rule 127 of total 370) .... done (Time = 0.00s, Memory = 0.4K)
Checking Rule syncRstReq (Rule 128 of total 370) .... done (Time = 0.00s, Memory = 0.0K)
Checking Rule syncRstReq (Rule 129 of total 370) .... done (Time = 0.00s, Memory = 0.0K)
Checking Rule _syncResetStyleRTL (Rule 130 of total 370) .... done (Time = 0.00s, Memory = 0.0K)
Checking Rule _deltaDelay (Rule 131 of total 370) .... done (Time = 0.00s, Memory = 0.0K)
Checking Rule _deltaDelay (Rule 132 of total 370) .... done (Time = 0.01s, Memory = 0.0K)
Checking Rule _deltaDelayNom (Rule 133 of total 370) .... done (Time = 0.00s, Memory = 0.0K)
Checking Rule Ac_multitop01 (Rule 134 of total 370) .... done (Time = 0.00s, Memory = 0.0K)
Checking Rule AcOvlRtl (Rule 135 of total 370) .... done (Time = 0.00s, Memory = 0.0K)
Checking Rule AcOvlRtl (Rule 136 of total 370) .... done (Time = 0.00s, Memory = 0.0K)
Checking Rule Ac_svasetup01 (Rule 137 of total 370) .... done (Time = 0.00s, Memory = 0.0K)
Checking Rule ReportUngroup (Rule 138 of total 370) .... done (Time = 0.00s, Memory = 0.0K)
Checking Rule SGDC_allow_combo_logic02 (Rule 139 of total 370) .... done (Time = 0.00s, Memory = 0.0K)
Checking Rule _portRetenClocknReset (Rule 140 of total 370) .... done (Time = 0.00s, Memory = -6.7K)
Checking Rule _portReten (Rule 141 of total 370) .... done (Time = 0.00s, Memory = 28.0K)
Checking Rule SGDC_meta_design_hier01 (Rule 142 of total 370) .... done (Time = 0.00s, Memory = 0.0K)
Checking Rule LP_POWERDATA_INFO (Rule 143 of total 370) .... done (Time = 0.00s, Memory = 0.0K)
Checking Rule SGDC_abstract_port21 (Rule 144 of total 370) .... done (Time = 0.00s, Memory = 0.0K)
Checking Rule SGDC_input02 (Rule 145 of total 370) .... done (Time = 0.00s, Memory = -24.0K)
Checking Rule SGDC_input03 (Rule 146 of total 370) .... done (Time = 0.00s, Memory = -3.1K)
Checking Rule SGDC_output02 (Rule 147 of total 370) .... done (Time = 0.00s, Memory = -7.6K)
Checking Rule SGDC_output04 (Rule 148 of total 370) .... done (Time = 0.00s, Memory = 0.0K)
Checking Rule SGDC_numflops03a (Rule 149 of total 370) .... done (Time = 0.00s, Memory = 0.0K)
Checking Rule SGDC_numflops03b (Rule 150 of total 370) .... done (Time = 0.00s, Memory = 0.0K)
Checking Rule SGDC_numflops12 (Rule 151 of total 370) .... done (Time = 0.00s, Memory = 0.0K)
Checking Rule SGDC_sync_cell02b (Rule 152 of total 370) .... done (Time = 0.00s, Memory = 0.0K)
Checking Rule SGDC_sync_cell11 (Rule 153 of total 370) .... done (Time = 0.00s, Memory = 0.0K)
Checking Rule SGDC_qualifier02c (Rule 154 of total 370) .... done (Time = 0.00s, Memory = -0.3K)
Checking Rule SGDC_qualifier03c (Rule 155 of total 370) .... done (Time = 0.00s, Memory = 28.7K)
Checking Rule LPwrRulesSetup (Rule 156 of total 370) .... done (Time = 0.00s, Memory = -0.1K)
 Flattening sys_top (.lib instances separately flattened) ....
 Flattening completed
Checking Rule SGDC_quasi_static_style01 (Rule 157 of total 370) .... done (Time = 0.00s, Memory = -0.1K)
Checking Rule SignalTypeSetup (Rule 158 of total 370) .... done (Time = 0.00s, Memory = 8.0K)
Checking Rule _allowInst (Rule 159 of total 370) .... done (Time = 0.00s, Memory = 0.0K)
Checking Rule _ipblock (Rule 160 of total 370) .... done (Time = 0.00s, Memory = 0.0K)
Checking Rule _rstSyncCellInst (Rule 161 of total 370) .... done (Time = 0.00s, Memory = 0.2K)
Checking Rule _syncCellDelayedQualifier (Rule 162 of total 370) .... done (Time = 0.00s, Memory = 0.0K)
Checking Rule _repeaterCellInst (Rule 163 of total 370) .... done (Time = 0.00s, Memory = 0.4K)
Checking Rule _abstract_port (Rule 164 of total 370) .... done (Time = 0.00s, Memory = 27.8K)
Checking Rule Clock_setup02 (Rule 165 of total 370) .... done (Time = 0.00s, Memory = 29.0K)
Checking Rule Clockmatrix01 (Rule 166 of total 370) .... done (Time = 0.00s, Memory = 0.0K)
Checking Rule Clock_prop (Rule 167 of total 370) .... done (Time = 0.00s, Memory = 609.8K)
Checking Rule Reset_prop (Rule 168 of total 370) .... done (Time = 0.00s, Memory = 84.5K)
Checking Rule SGDC_generated_clock06 (Rule 169 of total 370) .... done (Time = 0.00s, Memory = 0.0K)
Checking Rule Propagate_Clocks (Rule 170 of total 370) .... done (Time = 0.01s, Memory = 155.4K)
Checking Rule _syncreset_prop (Rule 171 of total 370) .... done (Time = 0.00s, Memory = 17.6K)
Checking Rule _syncc (Rule 172 of total 370) .... done (Time = 0.00s, Memory = 0.0K)
Checking Rule _syncb (Rule 173 of total 370) .... done (Time = 0.00s, Memory = 1.6K)
Checking Rule _resetPathCross (Rule 174 of total 370) .... done (Time = 0.00s, Memory = 0.0K)
Checking Rule FalsePathSetup (Rule 175 of total 370) .... done (Time = 0.00s, Memory = 0.0K)
Checking Rule _fifo01 (Rule 176 of total 370) .... done (Time = 0.00s, Memory = 0.0K)
Checking Rule _syncfifo (Rule 177 of total 370) .... done (Time = 0.00s, Memory = 0.0K)
Checking Rule _syncUDfifo (Rule 178 of total 370) .... done (Time = 0.00s, Memory = 40.4K)
Checking Rule _syncdw (Rule 179 of total 370) .... done (Time = 0.00s, Memory = -0.8K)
Checking Rule _syncd (Rule 180 of total 370) .... done (Time = 0.00s, Memory = 34.5K)
Checking Rule _syncg (Rule 181 of total 370) .... done (Time = 0.01s, Memory = 5.0K)
Checking Rule _sync_clock (Rule 182 of total 370) .... done (Time = 0.00s, Memory = 0.0K)
Checking Rule _sync_gp (Rule 183 of total 370) .... done (Time = 0.00s, Memory = 0.0K)
Checking Rule _sync_and (Rule 184 of total 370) .... done (Time = 0.00s, Memory = 0.0K)
Checking Rule _synci (Rule 185 of total 370) .... done (Time = 0.00s, Memory = 0.0K)
Checking Rule _sync_qualifier (Rule 186 of total 370) .... done (Time = 0.00s, Memory = 24.0K)
Checking Rule SGDC_fifo11 (Rule 187 of total 370) .... done (Time = 0.00s, Memory = 8.0K)
Checking Rule SGDC_fifo12 (Rule 188 of total 370) .... done (Time = 0.00s, Memory = 0.0K)
Checking Rule SGDC_fifo13 (Rule 189 of total 370) .... done (Time = 0.00s, Memory = 0.0K)
Checking Rule SGDC_fifo14 (Rule 190 of total 370) .... done (Time = 0.00s, Memory = 0.0K)
Checking Rule Gen_diff01 (Rule 191 of total 370) .... done (Time = 0.00s, Memory = 2.6K)
Checking Rule _debugData (Rule 192 of total 370) .... done (Time = 0.00s, Memory = 0.0K)
Checking Rule Ac_Sync_Init (Rule 193 of total 370) .... done (Time = 0.00s, Memory = 0.0K)
Checking Rule _propagate_cdcAttrib (Rule 194 of total 370) .... done (Time = 0.00s, Memory = 0.0K)
Checking Rule Ar_Cross_Init (Rule 195 of total 370) .... done (Time = 0.00s, Memory = -32.0K)
Checking Rule SGDC_cdc_define_transition01 (Rule 196 of total 370) .... done (Time = 0.00s, Memory = 0.0K)
Checking Rule UPF_lowpower08PR (Rule 197 of total 370) .... done (Time = 0.01s, Memory = 1.3K)
Checking Rule UPF_lowpower08 (Rule 198 of total 370) .... done (Time = 0.00s, Memory = 4.7K)
Checking Rule Setup_check01 (Rule 199 of total 370) .... done (Time = 0.00s, Memory = 0.0K)
Checking Rule Setup_check02 (Rule 200 of total 370) .... done (Time = 0.00s, Memory = 0.0K)
Checking Rule Info_Case_Analysis (Rule 201 of total 370) .... done (Time = 0.00s, Memory = 1.4K)
Checking Rule SGDC_set_case_analysis_LC (Rule 202 of total 370) .... done (Time = 0.01s, Memory = 33.1K)
Checking Rule SGDC_signal_in_domain02 (Rule 203 of total 370) .... done (Time = 0.00s, Memory = 0.0K)
Checking Rule SGDC_signal_in_domain04 (Rule 204 of total 370) .... done (Time = 0.00s, Memory = 28.0K)
Checking Rule SGDC_numflops03c (Rule 205 of total 370) .... done (Time = 0.00s, Memory = -2.2K)
Checking Rule SGDC_numflops04 (Rule 206 of total 370) .... done (Time = 0.00s, Memory = -0.4K)
Checking Rule SGDC_numflops05 (Rule 207 of total 370) .... done (Time = 0.00s, Memory = 0.0K)
Checking Rule SGDC_numflops06 (Rule 208 of total 370) .... done (Time = 0.00s, Memory = 0.0K)
Checking Rule SGDC_numflops11 (Rule 209 of total 370) .... done (Time = 0.00s, Memory = 0.0K)
Checking Rule SGDC_numflops13 (Rule 210 of total 370) .... done (Time = 0.00s, Memory = 0.0K)
Checking Rule SGDC_numflops14 (Rule 211 of total 370) .... done (Time = 0.00s, Memory = 0.0K)
Checking Rule SGDC_clocksense02 (Rule 212 of total 370) .... done (Time = 0.00s, Memory = 0.0K)
Checking Rule SGDC_clocksense03 (Rule 213 of total 370) .... done (Time = 0.00s, Memory = 0.0K)
Checking Rule SGDC_sgclkgroup01 (Rule 214 of total 370) .... done (Time = 0.00s, Memory = 0.0K)
Checking Rule SGDC_sgclkgroup02 (Rule 215 of total 370) .... done (Time = 0.00s, Memory = 0.0K)
Checking Rule SGDC_sgclkgroup03 (Rule 216 of total 370) .... done (Time = 0.00s, Memory = 0.0K)
Checking Rule SGDC_check_clock_relation01a (Rule 217 of total 370) .... done (Time = 0.00s, Memory = 0.0K)
Checking Rule SGDC_check_clock_relation01b (Rule 218 of total 370) .... done (Time = 0.00s, Memory = 0.0K)
Checking Rule SGDC_check_clock_relation01c (Rule 219 of total 370) .... done (Time = 0.00s, Memory = 0.0K)
Checking Rule SGDC_check_clock_relation02a (Rule 220 of total 370) .... done (Time = 0.00s, Memory = 4.0K)
Checking Rule SGDC_check_clock_relation02b (Rule 221 of total 370) .... done (Time = 0.00s, Memory = 24.0K)
Checking Rule SGDC_check_clock_relation02c (Rule 222 of total 370) .... done (Time = 0.00s, Memory = 8.0K)
Checking Rule SGDC_check_clock_relation03b (Rule 223 of total 370) .... done (Time = 0.00s, Memory = 0.0K)
Checking Rule SGDC_check_clock_relation04b (Rule 224 of total 370) .... done (Time = 0.00s, Memory = 0.0K)
Checking Rule CheckClockRelationSetup (Rule 225 of total 370) .... done (Time = 0.00s, Memory = 0.0K)
Checking Rule SGDC_gray_signals01 (Rule 226 of total 370) .... done (Time = 0.00s, Memory = 7.2K)
Checking Rule SGDC_gray_signals02 (Rule 227 of total 370) .... done (Time = 0.00s, Memory = 4.0K)
Checking Rule SGDC_gray_signals03 (Rule 228 of total 370) .... done (Time = 0.00s, Memory = -8.0K)
Checking Rule SGDC_qualifier02a (Rule 229 of total 370) .... done (Time = 0.00s, Memory = 0.0K)
Checking Rule SGDC_qualifier03a (Rule 230 of total 370) .... done (Time = 0.00s, Memory = -33.0K)
Checking Rule SGDC_qualifier04 (Rule 231 of total 370) .... done (Time = 0.00s, Memory = 8.0K)
Checking Rule SGDC_qualifier05 (Rule 232 of total 370) .... done (Time = 0.00s, Memory = -0.8K)
Checking Rule SGDC_qualifier08 (Rule 233 of total 370) .... done (Time = 0.00s, Memory = 0.0K)
Checking Rule QualifierSetup (Rule 234 of total 370) .... done (Time = 0.00s, Memory = 0.0K)
Checking Rule ResetSynchronizerSetup (Rule 235 of total 370) .... done (Time = 0.00s, Memory = 0.0K)
Checking Rule SGDC_validation_filter_path03 (Rule 236 of total 370) .... done (Time = 0.00s, Memory = 0.0K)
Checking Rule SGDC_qualifier10 (Rule 237 of total 370) .... done (Time = 0.00s, Memory = 0.0K)
Checking Rule SGDC_qualifier11 (Rule 238 of total 370) .... done (Time = 0.00s, Memory = 0.0K)
Checking Rule SGDC_qualifier12 (Rule 239 of total 370) .... done (Time = 0.00s, Memory = 0.0K)
Checking Rule SGDC_qualifier13 (Rule 240 of total 370) .... done (Time = 0.00s, Memory = 0.0K)
Checking Rule SGDC_qualifier14 (Rule 241 of total 370) .... done (Time = 0.00s, Memory = 0.0K)
Checking Rule SGDC_qualifier16 (Rule 242 of total 370) .... done (Time = 0.00s, Memory = 0.0K)
Checking Rule SGDC_qualifier18 (Rule 243 of total 370) .... done (Time = 0.00s, Memory = 0.0K)
Checking Rule SGDC_qualifier19a (Rule 244 of total 370) .... done (Time = 0.00s, Memory = 0.0K)
Checking Rule SGDC_qualifier19b (Rule 245 of total 370) .... done (Time = 0.00s, Memory = 0.0K)
Checking Rule SGDC_qualifier19c (Rule 246 of total 370) .... done (Time = 0.00s, Memory = 0.0K)
Checking Rule SGDC_qualifier20b (Rule 247 of total 370) .... done (Time = 0.00s, Memory = 0.0K)
Checking Rule SGDC_qualifier21 (Rule 248 of total 370) .... done (Time = 0.00s, Memory = 0.0K)
Checking Rule SGDC_qualifier22 (Rule 249 of total 370) .... done (Time = 0.00s, Memory = 0.0K)
Checking Rule SGDC_qualifier23 (Rule 250 of total 370) .... done (Time = 0.00s, Memory = 0.0K)
Checking Rule SGDC_virtualclock01 (Rule 251 of total 370) .... done (Time = 0.00s, Memory = 4.0K)
Checking Rule SGDC_virtualreset01 (Rule 252 of total 370) .... done (Time = 0.00s, Memory = 0.0K)
Checking Rule SGDC_abstract_port19 (Rule 253 of total 370) .... done (Time = 0.00s, Memory = 0.0K)
Checking Rule SGDC_abstract_port20 (Rule 254 of total 370) .... done (Time = 0.00s, Memory = 8.1K)
Checking Rule RFPSetup (Rule 255 of total 370) .... done (Time = 0.00s, Memory = 0.0K)
Checking Rule SGDC_reset_filter_path02a (Rule 256 of total 370) .... done (Time = 0.00s, Memory = 0.0K)
Checking Rule SGDC_reset_filter_path02b (Rule 257 of total 370) .... done (Time = 0.00s, Memory = 0.0K)
Checking Rule SGDC_reset_filter_path02c (Rule 258 of total 370) .... done (Time = 0.00s, Memory = 0.0K)
Checking Rule SGDC_reset_filter_path03a (Rule 259 of total 370) .... done (Time = 0.00s, Memory = 0.0K)
Checking Rule SGDC_reset_filter_path03b (Rule 260 of total 370) .... done (Time = 0.00s, Memory = 24.0K)
Checking Rule SGDC_reset_filter_path03c (Rule 261 of total 370) .... done (Time = 0.00s, Memory = 0.0K)
Checking Rule SGDC_reset_filter_path04b (Rule 262 of total 370) .... done (Time = 0.00s, Memory = 0.0K)
Checking Rule SGDC_reset_filter_path07a (Rule 263 of total 370) .... done (Time = 0.00s, Memory = 0.0K)
Checking Rule SGDC_reset_filter_path07b (Rule 264 of total 370) .... done (Time = 0.00s, Memory = 0.0K)
Checking Rule SGDC_reset_filter_path07c (Rule 265 of total 370) .... done (Time = 0.00s, Memory = -24.0K)
Checking Rule SGDC_define_reset_order03 (Rule 266 of total 370) .... done (Time = 0.00s, Memory = 0.0K)
Checking Rule SGDC_define_reset_order04 (Rule 267 of total 370) .... done (Time = 0.00s, Memory = 0.0K)
Checking Rule SGDC_define_reset_order05 (Rule 268 of total 370) .... done (Time = 0.00s, Memory = 0.0K)
Checking Rule SGDC_cdc_false_path06 (Rule 269 of total 370) .... done (Time = 0.00s, Memory = 0.0K)
Checking Rule SGDC_cdc_false_path07 (Rule 270 of total 370) .... done (Time = 0.00s, Memory = 134.9K)
Checking Rule SGDC_cdc_false_path08 (Rule 271 of total 370) .... done (Time = 0.00s, Memory = 0.0K)
Checking Rule CDCSet_License01 (Rule 272 of total 370) .... done (Time = 0.00s, Memory = -3.0K)
Checking Rule Clock_check01 (Rule 273 of total 370) .... done (Time = 0.00s, Memory = 37.8K)
Checking Rule Propagate_Resets (Rule 274 of total 370) .... done (Time = 0.00s, Memory = -4.7K)
Checking Rule _reset_sync (Rule 275 of total 370) .... done (Time = 0.00s, Memory = -0.1K)
Checking Rule Reset_check02 (Rule 276 of total 370) .... done (Time = 0.01s, Memory = -28.8K)
Checking Rule Clock_info05b (Rule 277 of total 370) .... done (Time = 0.00s, Memory = -1.0K)
Checking Rule Clock_glitch02 (Rule 278 of total 370) .... done (Time = 0.00s, Memory = 29.4K)
Checking Rule Clock_glitch03 (Rule 279 of total 370) .... done (Time = 0.00s, Memory = -15.9K)
Checking Rule Clock_glitch04 (Rule 280 of total 370) .... done (Time = 0.00s, Memory = -6.1K)
Checking Rule Clock_Reset_info01 (Rule 281 of total 370) .... done (Time = 0.00s, Memory = 17.7K)
Checking Rule Reset_check03 (Rule 282 of total 370) .... done (Time = 0.00s, Memory = 9.2K)
Checking Rule Clock_Reset_check02 (Rule 283 of total 370) .... done (Time = 0.00s, Memory = 3.6K)
Checking Rule Clock_Reset_check03 (Rule 284 of total 370) .... done (Time = 0.00s, Memory = -24.4K)
Checking Rule Clock_check04 (Rule 285 of total 370) .... done (Time = 0.00s, Memory = 0.0K)
Checking Rule _clkWrapModules (Rule 286 of total 370) .... done (Time = 0.00s, Memory = 1.0K)
Checking Rule _clock_hier_rules (Rule 287 of total 370) .... done (Time = 0.00s, Memory = 0.0K)
Checking Rule Reset_check06 (Rule 288 of total 370) .... done (Time = 0.00s, Memory = 0.0K)
Checking Rule Ar_sync_init (Rule 289 of total 370) .... done (Time = 0.01s, Memory = 12.8K)
Checking Rule _constrCoverage (Rule 290 of total 370) .... done (Time = 0.00s, Memory = 17.1K)
Checking Rule Reset_check07 (Rule 291 of total 370) .... done (Time = 0.00s, Memory = 0.1K)
Checking Rule Reset_check04 (Rule 292 of total 370) .... done (Time = 0.00s, Memory = 45.8K)
Checking Rule Clock_Reset_check01 (Rule 293 of total 370) .... done (Time = 0.00s, Memory = 0.0K)
Checking Rule SGDC_clockreset02 (Rule 294 of total 370) .... done (Time = 0.00s, Memory = 0.0K)
Checking Rule Param_clockreset02 (Rule 295 of total 370) .... done (Time = 0.00s, Memory = 0.0K)
Checking Rule Param_clockreset04 (Rule 296 of total 370) .... done (Time = 0.00s, Memory = 0.0K)
Checking Rule Setup_clockreset01 (Rule 297 of total 370) .... done (Time = 0.00s, Memory = 3.9K)
Checking Rule Clock_check07 (Rule 298 of total 370) .... done (Time = 0.00s, Memory = -35.5K)
Checking Rule Reset_check08 (Rule 299 of total 370) .... done (Time = 0.00s, Memory = 0.0K)
Checking Rule Clock_converge01 (Rule 300 of total 370) .... done (Time = 0.00s, Memory = -1.5K)
Checking Rule Ar_converge01 (Rule 301 of total 370) .... done (Time = 0.00s, Memory = 6.7K)
Checking Rule SGDC_noclockcell_start01 (Rule 302 of total 370) .... done (Time = 0.00s, Memory = 0.0K)
Checking Rule Ac_initseq01 (Rule 303 of total 370) .... done (Time = 0.00s, Memory = 0.0K)
Checking Rule Ac_init01 (Rule 304 of total 370) .... done (Time = 0.00s, Memory = -0.1K)
Checking Rule _ac_Auxi01 (Rule 305 of total 370) .... done (Time = 0.00s, Memory = 24.0K)
Checking Rule Ac_sanity02 (Rule 306 of total 370) .... done (Time = 0.00s, Memory = -8.0K)
Checking Rule _glitch_init (Rule 307 of total 370) .... done (Time = 0.00s, Memory = 0.0K)
Checking Rule Ac_initstate01 (Rule 308 of total 370) .... done (Time = 0.00s, Memory = -2.0K)
Checking Rule Ac_conv02setup01 (Rule 309 of total 370) .... done (Time = 0.00s, Memory = 8.0K)
Checking Rule Ac_abs01 (Rule 310 of total 370) .... done (Time = 0.00s, Memory = 0.0K)
Checking Rule Ac_report01 (Rule 311 of total 370) .... done (Time = 0.00s, Memory = 0.1K)
Checking Rule AllowComboLogicSetup (Rule 312 of total 370) .... done (Time = 0.00s, Memory = -3.9K)
Checking Rule Ac_upfsetup02 (Rule 313 of total 370) .... done (Time = 0.00s, Memory = -0.2K)
Checking Rule Ac_upfsetup01 (Rule 314 of total 370) .... done (Time = 0.00s, Memory = 0.0K)
Checking Rule Ac_psync_init (Rule 315 of total 370) .... done (Time = 0.00s, Memory = 0.0K)
Checking Rule Ac_psetup01 (Rule 316 of total 370) .... done (Time = 0.00s, Memory = 0.0K)
Checking Rule Clock_exit01 (Rule 317 of total 370) .... done (Time = 0.00s, Memory = 0.0K)
Checking Rule SGDC_reset_synchronizer02 (Rule 318 of total 370) .... done (Time = 0.00s, Memory = 0.0K)
Checking Rule SGDC_reset_synchronizer04 (Rule 319 of total 370) .... done (Time = 0.00s, Memory = 0.0K)
Checking Rule SGDC_reset_synchronizer06 (Rule 320 of total 370) .... done (Time = 0.00s, Memory = 6.8K)
Checking Rule SGDC_reset_synchronizer08 (Rule 321 of total 370) .... done (Time = 0.00s, Memory = -1.5K)
Checking Rule SGDC_reset_synchronizer10 (Rule 322 of total 370) .... done (Time = 0.00s, Memory = 0.0K)
Checking Rule ClockEnableRace (Rule 323 of total 370) .... done (Time = 0.01s, Memory = -20.1K)
Checking Rule AnalyzeBBox (Rule 324 of total 370) .... done (Time = 0.00s, Memory = 0.1K)
Checking Rule ReportCheckDataSummary (Rule 325 of total 370) .... done (Time = 0.00s, Memory = 0.0K)

Generating data for Console...

SpyGlass Rule Checking Complete.

Generating moresimple report from './spyglass-1/sys_top/cdc/clock_reset_integrity/spyglass.vdb' to './spyglass-1/sys_top/cdc/clock_reset_integrity/spyglass_reports/moresimple.rpt' ....

Generating runsummary report from './spyglass-1/sys_top/cdc/clock_reset_integrity/spyglass.vdb' ....

Generating no_msg_reporting_rules report from './spyglass-1/sys_top/cdc/clock_reset_integrity/spyglass.vdb' to './spyglass-1/sys_top/cdc/clock_reset_integrity/spyglass_reports/no_msg_reporting_rules.rpt' ....

Generating CDC-report report from './spyglass-1/sys_top/cdc/clock_reset_integrity/spyglass.vdb' to './spyglass-1/sys_top/cdc/clock_reset_integrity/spyglass_reports/CDC-report.rpt' ....

Generating CKSGDCInfo report from './spyglass-1/sys_top/cdc/clock_reset_integrity/spyglass.vdb' to './spyglass-1/sys_top/cdc/clock_reset_integrity/spyglass_reports/CKSGDCInfo.rpt' ....

Policy specific data (reports) are present in the directory './spyglass-1/sys_top/cdc/clock_reset_integrity/spyglass_reports'.

SpyGlass critical reports for the current run are present in directory './spyglass-1/consolidated_reports/sys_top_cdc_clock_reset_integrity/'.

---------------------------------------------------------------------------------------------
Results Summary:
---------------------------------------------------------------------------------------------
   Goal Run           :      cdc/clock_reset_integrity
   Command-line read  :      0 error,      0 warning,      1 information message 
   Design Read        :      0 error,      0 warning,      3 information messages
      Found 1 top module:
         sys_top   (file: ../rtl/System_Top/SYS_TOP_dft.v)

   Blackbox Resolution:      0 error,      0 warning,      0 information message 
   SGDC Checks        :      0 error,      0 warning,      1 information message 
   Policy clock-reset :      0 error,      0 warning,      5 information messages
   -------------------------------------------------------------------------------------
   Total              :      0 error,      0 warning,     10 information messages

  Total Number of Generated Messages     :        10 (0 error, 0 warning, 10 Infos)
  Number of Reported Messages            :        10 (0 error, 0 warning, 10 Infos)

---------------------------------------------------------------------------------------------


run_goal: info: updating spyglass.log with goal summary
---------------------------------------------------------------------------------------------------
Results Summary:
---------------------------------------------------------------------------------------------------
   Goal Run           :      cdc/clock_reset_integrity
   Top Module         :      sys_top
---------------------------------------------------------------------------------------------------
   Reports Directory: 
   /home/ICer/UART_System/Spyglass2/spyglass-1/consolidated_reports/sys_top_cdc_clock_reset_integrity/ 

   SpyGlass LogFile: 
    /home/ICer/UART_System/Spyglass2/spyglass-1/sys_top/cdc/clock_reset_integrity/spyglass.log 

   Standard Reports: 
     moresimple.rpt          no_msg_reporting_rules.rpt       

   HTML report:
    /home/ICer/UART_System/Spyglass2/spyglass-1/html_reports/goals_summary.html
  

   Technology Reports:  
     CDC-report.rpt          CKSGDCInfo.rpt        
   
---------------------------------------------------------------------------------------------------
   Goal Violation Summary:
       Waived   Messages:                      0 Errors,      0 Warnings,      0 Infos
       Reported Messages:         0 Fatals,    0 Errors,      0 Warnings,     10 Infos
---------------------------------------------------------------------------------------------------
   
---------------------------------------------------------------------------------------------------
 
run_goal: info: spyglass.log successfully updated with goal summary
0 {Rule-checking completed without errors or warnings}current_goal: warning: design query data not saved for last active goal `cdc/clock_reset_integrity'
                       (use `save_goal' command or enable `auto_save' option to save design query data for subsequent goals)
current_goal: warning: goal `cdc/cdc_verify_struct' (-top sys_top) was run but not saved last time
                       run results and goal settings might not match
current_goal: info: loading goal `cdc/cdc_verify_struct' with top `sys_top' (in progress)
current_goal: info: finished loading goal `cdc/cdc_verify_struct' (ok)

INFO:    SpyGlass will run goal(s) 'cdc/cdc_verify_struct'.


 Auto-compiling gates libraries

        "../System_pnr/std_cells/libs/scmetro_tsmc_cl013g_rvt_ss_1p08v_125c.lib"
        "../System_pnr/std_cells/libs/scmetro_tsmc_cl013g_rvt_tt_1p2v_25c.lib"
        "../System_pnr/std_cells/libs/scmetro_tsmc_cl013g_rvt_ff_1p32v_m40c.lib"
    to
        "./spyglass-1/spyglass_cache/autogenerated_sglib/aggregate.sglib" ...already compiled

 Using this already compiled sglib for the current run ...

RULE-CHECKING IN MIXED MODE
Loading spyglass (SpyGlass_vL-2016.06) ... (picked from /home/synopsys/SpyGlass-L2016.06/SPYGLASS_HOME/policies/spyglass)
Loading clock-reset (SpyGlass_vL-2016.06) ... (picked from /home/synopsys/SpyGlass-L2016.06/SPYGLASS_HOME/policies/clock)
 Reading sgdc file "../Spyglass/spy_cons.sgdc" ...
Performing unification checks on SGDC... done
Reading specified sglib files(s) ....
   Processing library: 'scmetro_tsmc_cl013g_rvt_ss_1p08v_125c' .... done
   Processing library: 'scmetro_tsmc_cl013g_rvt_tt_1p2v_25c' .... done
   Processing library: 'scmetro_tsmc_cl013g_rvt_ff_1p32v_m40c' .... done
Checking Rule AutoGenerateSglib (Rule 1 of total 402) .... done (Time = 0.00s, Memory = 0.0K)

INFO [76]    Using `./spyglass-1/sys_top/WORK/64' as the Work Directory for 64bit precompiled dump.
Checking Rule Param_clockreset07 (Rule 2 of total 402) .... done (Time = 0.00s, Memory = 0.0K)
Checking Rule Clock_setup01 (Rule 3 of total 402) .... done (Time = 0.00s, Memory = 37.3K)
Checking Rule Param_clockreset06 (Rule 4 of total 402) .... done (Time = 0.00s, Memory = 0.0K)
Checking Rule SGDC_meta_monitor_attributes01 (Rule 5 of total 402) .... done (Time = 0.00s, Memory = 0.0K)
Checking Rule LP_POWERDATA_CHECK (Rule 6 of total 402) .... done (Time = 0.00s, Memory = 2.8K)
Checking Rule LP_POWERDATA_READ (Rule 7 of total 402) .... done (Time = 0.00s, Memory = 32.4K)
Checking Rule PrecompileLibCheck01 (Rule 8 of total 402) .... done (Time = 0.00s, Memory = 0.0K)
Checking Rule PrecompileLibCheck02 (Rule 9 of total 402) .... done (Time = 0.00s, Memory = 0.1K)
Checking Rule PrecompileLibCheck03 (Rule 10 of total 402) .... done (Time = 0.00s, Memory = 0.0K)
Checking Rule PrecompileLibCheck04 (Rule 11 of total 402) .... done (Time = 0.00s, Memory = 0.0K)
Checking Rule ElabSummary (Rule 12 of total 402) .... done (Time = 0.00s, Memory = 0.0K)
Checking Rule ReportSglibVersionSummary (Rule 13 of total 402) .... done (Time = 0.00s, Memory = 0.0K)
Checking Rule SGDC_assume_path01 (Rule 14 of total 402) .... done (Time = 0.00s, Memory = 0.0K)
Checking Rule SGDC_sdcschema02 (Rule 15 of total 402) .... done (Time = 0.00s, Memory = 0.0K)
Checking Rule SGDC_clock05 (Rule 16 of total 402) .... done (Time = 0.00s, Memory = 1.5K)
Checking Rule SGDC_clock09 (Rule 17 of total 402) .... done (Time = 0.00s, Memory = 0.0K)
Checking Rule SGDC_force_ta05 (Rule 18 of total 402) .... done (Time = 0.00s, Memory = 0.0K)
Checking Rule SGDC_require_path03 (Rule 19 of total 402) .... done (Time = 0.00s, Memory = 0.0K)
Checking Rule SGDC_require_value03 (Rule 20 of total 402) .... done (Time = 0.00s, Memory = -14.4K)
Checking Rule SGDC_voltagedomain05 (Rule 21 of total 402) .... done (Time = 0.00s, Memory = 0.3K)
Checking Rule SGDC_voltagedomain06 (Rule 22 of total 402) .... done (Time = 0.00s, Memory = 0.0K)
Checking Rule SGDC_voltagedomain07 (Rule 23 of total 402) .... done (Time = 0.00s, Memory = -16.5K)
Checking Rule SGDC_powerdomainoutputs02 (Rule 24 of total 402) .... done (Time = 0.00s, Memory = 7.5K)
Checking Rule SGDC_supply01 (Rule 25 of total 402) .... done (Time = 0.00s, Memory = 11.0K)
Checking Rule SGDC_waive01 (Rule 26 of total 402) .... done (Time = 0.00s, Memory = 0.1K)
Checking Rule SGDC_waive02 (Rule 27 of total 402) .... done (Time = 0.00s, Memory = -7.8K)
Checking Rule SGDC_waive03 (Rule 28 of total 402) .... done (Time = 0.00s, Memory = 0.0K)
Checking Rule SGDC_waive04 (Rule 29 of total 402) .... done (Time = 0.00s, Memory = 32.8K)
Checking Rule SGDC_waive05 (Rule 30 of total 402) .... done (Time = 0.00s, Memory = 0.2K)
Checking Rule SGDC_waive06 (Rule 31 of total 402) .... done (Time = 0.00s, Memory = 0.0K)
Checking Rule SGDC_waive07 (Rule 32 of total 402) .... done (Time = 0.00s, Memory = 0.0K)
Checking Rule SGDC_waive08 (Rule 33 of total 402) .... done (Time = 0.00s, Memory = -24.4K)
Checking Rule SGDC_waive09 (Rule 34 of total 402) .... done (Time = 0.00s, Memory = 0.0K)
Checking Rule SGDC_waive10 (Rule 35 of total 402) .... done (Time = 0.00s, Memory = 0.0K)
Checking Rule SGDC_waive11 (Rule 36 of total 402) .... done (Time = 0.00s, Memory = 0.0K)
Checking Rule SGDC_waive12 (Rule 37 of total 402) .... done (Time = 0.00s, Memory = 1.6K)
Checking Rule SGDC_waive13 (Rule 38 of total 402) .... done (Time = 0.00s, Memory = 0.0K)
Checking Rule SGDC_waive21 (Rule 39 of total 402) .... done (Time = 0.00s, Memory = 0.0K)
Checking Rule SGDC_waive22 (Rule 40 of total 402) .... done (Time = 0.00s, Memory = 0.0K)
Checking Rule SGDC_waive30 (Rule 41 of total 402) .... done (Time = 0.00s, Memory = 0.0K)
Checking Rule SGDC_waive32 (Rule 42 of total 402) .... done (Time = 0.00s, Memory = 0.0K)
Checking Rule SGDC_waive33 (Rule 43 of total 402) .... done (Time = 0.00s, Memory = 0.0K)
Checking Rule SGDC_waive36 (Rule 44 of total 402) .... done (Time = 0.00s, Memory = 0.2K)
Checking Rule SGDC_waive38 (Rule 45 of total 402) .... done (Time = 0.00s, Memory = 0.0K)
Checking Rule SGDC_fifo01 (Rule 46 of total 402) .... done (Time = 0.00s, Memory = -0.4K)
Checking Rule SGDC_libgroup01 (Rule 47 of total 402) .... done (Time = 0.00s, Memory = 0.0K)
Checking Rule SGDC_libgroup02 (Rule 48 of total 402) .... done (Time = 0.00s, Memory = 0.0K)
Checking Rule SGDC_libgroup04 (Rule 49 of total 402) .... done (Time = 0.00s, Memory = 0.0K)
Checking Rule SGDC_power_data01 (Rule 50 of total 402) .... done (Time = 0.00s, Memory = -0.5K)
Checking Rule SGDC_ungroup01 (Rule 51 of total 402) .... done (Time = 0.00s, Memory = 0.0K)
Checking Rule SGDC_abstract_port06 (Rule 52 of total 402) .... done (Time = 0.00s, Memory = 7.5K)
Checking Rule SGDC_abstract_port14 (Rule 53 of total 402) .... done (Time = 0.00s, Memory = -24.0K)
Checking Rule SGDC_abstract_port15 (Rule 54 of total 402) .... done (Time = 0.00s, Memory = 7.8K)
Checking Rule SGDC_abstract_port18 (Rule 55 of total 402) .... done (Time = 0.00s, Memory = 0.0K)
Checking Rule sdc_init_rule (Rule 56 of total 402) .... done (Time = 0.00s, Memory = 8.0K)
Checking Rule CMD_ignorelibs01 (Rule 57 of total 402) .... done (Time = 0.00s, Memory = 0.0K)
Checking Rule ReportRuleNotRun (Rule 58 of total 402) .... done (Time = 0.01s, Memory = 0.0K)
Checking Rule SGDC_generated_clock03 (Rule 59 of total 402) .... done (Time = 0.00s, Memory = 0.0K)
Checking Rule SGDC_generated_clock04 (Rule 60 of total 402) .... done (Time = 0.00s, Memory = 12.4K)
Checking Rule SGDC_generated_clock05 (Rule 61 of total 402) .... done (Time = 0.00s, Memory = 0.0K)
Checking Rule SGDC_quasi_static_style02 (Rule 62 of total 402) .... done (Time = 0.00s, Memory = 8.1K)
Checking Rule SGDC_syncresetstyle01 (Rule 63 of total 402) .... done (Time = 0.00s, Memory = 0.0K)
Checking Rule SGDC_network_allowed_cells01 (Rule 64 of total 402) .... done (Time = 0.00s, Memory = 11.5K)
Checking Rule SGDC_numflops01 (Rule 65 of total 402) .... done (Time = 0.00s, Memory = 0.0K)
Checking Rule SGDC_numflops07 (Rule 66 of total 402) .... done (Time = 0.00s, Memory = 0.0K)
Checking Rule SGDC_numflops08 (Rule 67 of total 402) .... done (Time = 0.00s, Memory = 4.0K)
Checking Rule SGDC_numflops09 (Rule 68 of total 402) .... done (Time = 0.00s, Memory = 7.5K)
Checking Rule SGDC_clocksense04 (Rule 69 of total 402) .... done (Time = 0.00s, Memory = 0.0K)
Checking Rule SGDC_check_clock_relation05a (Rule 70 of total 402) .... done (Time = 0.00s, Memory = 0.0K)
Checking Rule SGDC_check_clock_relation05b (Rule 71 of total 402) .... done (Time = 0.00s, Memory = 7.5K)
Checking Rule SGDC_sync_cell08a (Rule 72 of total 402) .... done (Time = 0.00s, Memory = 19.5K)
Checking Rule SGDC_sync_cell09a (Rule 73 of total 402) .... done (Time = 0.00s, Memory = 0.0K)
Checking Rule SGDC_qualifier06 (Rule 74 of total 402) .... done (Time = 0.00s, Memory = 4.0K)
Checking Rule SGDC_cdc_waive03 (Rule 75 of total 402) .... done (Time = 0.00s, Memory = 8.0K)
Checking Rule SGDC_qualifier09 (Rule 76 of total 402) .... done (Time = 0.00s, Memory = 1.2K)
Checking Rule SGDC_qualifier15 (Rule 77 of total 402) .... done (Time = 0.00s, Memory = 0.9K)
Checking Rule SGDC_allow_combo_logic01 (Rule 78 of total 402) .... done (Time = 0.00s, Memory = 13.3K)
Checking Rule SGDC_reset_filter_path01 (Rule 79 of total 402) .... done (Time = 0.00s, Memory = 0.2K)
Checking Rule SGDC_cdc_false_path05 (Rule 80 of total 402) .... done (Time = 0.00s, Memory = -24.5K)
Checking Rule Param_clockreset05 (Rule 81 of total 402) .... done (Time = 0.00s, Memory = 0.0K)
Checking Rule Ac_sanity01 (Rule 82 of total 402) .... done (Time = 0.00s, Memory = -8.0K)
Checking Rule Ac_sanity06 (Rule 83 of total 402) .... done (Time = 0.00s, Memory = 0.0K)
Checking Rule Ac_license01 (Rule 84 of total 402) .... done (Time = 0.00s, Memory = 0.8K)
Checking Rule SGDC_reset_synchronizer07 (Rule 85 of total 402) .... done (Time = 0.00s, Memory = 0.0K)
 Reading waiver file "./spyglass-1/sys_top/cdc/cdc_verify_struct/spyglass_spysch/waiver/pragma2Waiver.swl" ...
 Reading included SGDC file "./spyglass-1/sys_top/cdc/cdc_verify_struct/spyglass_spysch/waiver/pragma2Waiver_varfile.swl" ....
Checking Rule ReportStopSummary (Rule 86 of total 402) .... done (Time = 0.00s, Memory = 0.0K)
Checking Rule ReportIgnoreSummary (Rule 87 of total 402) .... done (Time = 0.00s, Memory = 0.0K)

INFO [235]    Restoring design database from directory './spyglass-1/sys_top/.SG_SaveRestoreDB/autogenerated__default_snapshot' ...
              done

Checking Rule InferBlackBox (Rule 88 of total 402) .... done (Time = 0.00s, Memory = 0.0K)
Checking Rule SGDC_waive37 (Rule 89 of total 402) .... done (Time = 0.00s, Memory = 0.0K)
Checking Rule SGDC_waive24 (Rule 90 of total 402) .... done (Time = 0.00s, Memory = 0.0K)
Checking Rule SGDC_waive25 (Rule 91 of total 402) .... done (Time = 0.00s, Memory = 0.0K)
Checking Rule SGDC_waive31 (Rule 92 of total 402) .... done (Time = 0.00s, Memory = 0.0K)
Checking Rule SGDC_waive35 (Rule 93 of total 402) .... done (Time = 0.00s, Memory = 0.0K)
Checking Rule ReportSglibSummary (Rule 94 of total 402) .... done (Time = 0.00s, Memory = 0.0K)
Checking Rule DetectTopDesignUnits (Rule 95 of total 402)
 Detected 1 top level design units:
     sys_top
 .... done (Time = 0.00s, Memory = -3.0K)
Checking Rule GenerateConfMap (Rule 96 of total 402) .... done (Time = 0.00s, Memory = 0.0K)
Checking Rule Pragma_setupa for module CLK_GATE (Rule 97 of total 402) .... done (Time = 0.00s, Memory = 0.0K)
Checking Rule Pragma_setupa for module RST_SYNCH (Rule 97 of total 402) .... done (Time = 0.00s, Memory = 0.0K)
Checking Rule Pragma_setupa for module clk_div (Rule 97 of total 402) .... done (Time = 0.00s, Memory = 0.0K)
Checking Rule Pragma_setupa for module DeSerializer (Rule 97 of total 402) .... done (Time = 0.00s, Memory = 0.0K)
Checking Rule Pragma_setupa for module Data_sampling (Rule 97 of total 402) .... done (Time = 0.00s, Memory = 0.0K)
Checking Rule Pragma_setupa for module Edge_Bit_Counter (Rule 97 of total 402) .... done (Time = 0.00s, Memory = 0.0K)
Checking Rule Pragma_setupa for module Parity_chk (Rule 97 of total 402) .... done (Time = 0.00s, Memory = 0.0K)
Checking Rule Pragma_setupa for module Strt_chk (Rule 97 of total 402) .... done (Time = 0.00s, Memory = 0.0K)
Checking Rule Pragma_setupa for module stp_chk (Rule 97 of total 402) .... done (Time = 0.00s, Memory = 0.0K)
Checking Rule Pragma_setupa for module RX_FSM (Rule 97 of total 402) .... done (Time = 0.00s, Memory = 0.0K)
Checking Rule Pragma_setupa for module RX_TOP (Rule 97 of total 402) .... done (Time = 0.00s, Memory = 0.0K)
Checking Rule Pragma_setupa for module MUX (Rule 97 of total 402) .... done (Time = 0.00s, Memory = 0.0K)
Checking Rule Pragma_setupa for module parity (Rule 97 of total 402) .... done (Time = 0.00s, Memory = 0.0K)
Checking Rule Pragma_setupa for module TX_FSM (Rule 97 of total 402) .... done (Time = 0.00s, Memory = 0.0K)
Checking Rule Pragma_setupa for module serializer (Rule 97 of total 402) .... done (Time = 0.00s, Memory = 0.0K)
Checking Rule Pragma_setupa for module TX_TOP (Rule 97 of total 402) .... done (Time = 0.00s, Memory = 0.0K)
Checking Rule Pragma_setupa for module UART (Rule 97 of total 402) .... done (Time = 0.00s, Memory = 0.0K)
Checking Rule Pragma_setupa for module Data_Synch (Rule 97 of total 402) .... done (Time = 0.00s, Memory = 0.0K)
Checking Rule Pragma_setupa for module SYS_CTRL (Rule 97 of total 402) .... done (Time = 0.00s, Memory = 0.0K)
Checking Rule Pragma_setupa for module Register (Rule 97 of total 402) .... done (Time = 0.00s, Memory = 0.0K)
Checking Rule Pragma_setupa for module ALU (Rule 97 of total 402) .... done (Time = 0.00s, Memory = 0.0K)
Checking Rule Pragma_setupa for module FIFO_RD (Rule 97 of total 402) .... done (Time = 0.00s, Memory = 0.0K)
Checking Rule Pragma_setupa for module FIFO_WR (Rule 97 of total 402) .... done (Time = 0.00s, Memory = 0.0K)
Checking Rule Pragma_setupa for module DF_SYNC (Rule 97 of total 402) .... done (Time = 0.00s, Memory = 0.0K)
Checking Rule Pragma_setupa for module FIFO_MEM_CNTRL (Rule 97 of total 402) .... done (Time = 0.00s, Memory = 0.0K)
Checking Rule Pragma_setupa for module FIFO_TOP (Rule 97 of total 402) .... done (Time = 0.00s, Memory = 0.0K)
Checking Rule Pragma_setupa for module PULSE_GEN (Rule 97 of total 402) .... done (Time = 0.00s, Memory = 0.0K)
Checking Rule Pragma_setupa for module sys_top (Rule 97 of total 402) .... done (Time = 0.00s, Memory = 0.0K)
Performing semantic checks on SGDC contents
Checking Rule SGDC_testmode03 (Rule 98 of total 402) .... done (Time = 0.00s, Memory = 0.0K)
Checking Rule Pragma_setupb (Rule 99 of total 402) .... done (Time = 0.00s, Memory = -3.1K)
Checking Rule _vhMeta01 (Rule 100 of total 402) .... done (Time = 0.00s, Memory = 8.0K)
Checking Rule _meta_delay01 (Rule 101 of total 402) .... done (Time = 0.00s, Memory = 0.0K)
Checking Rule CheckCelldefine (Rule 102 of total 402) .... done (Time = 0.00s, Memory = -8.0K)
Checking Rule checkSGDC_01 (Rule 103 of total 402) .... done (Time = 0.00s, Memory = 0.0K)
Checking Rule checkSGDC_03 (Rule 104 of total 402) .... done (Time = 0.00s, Memory = 0.0K)
Checking Rule checkSGDC_08 (Rule 105 of total 402) .... done (Time = 0.00s, Memory = -24.0K)
Checking Rule SGDC_memorywritepin04 (Rule 106 of total 402) .... done (Time = 0.00s, Memory = 7.5K)
Checking Rule SGDC_reset02 (Rule 107 of total 402) .... done (Time = 0.00s, Memory = 7.5K)
Checking Rule SGDC_reset03 (Rule 108 of total 402) .... done (Time = 0.00s, Memory = 0.0K)
Checking Rule SGDC_waive23 (Rule 109 of total 402) .... done (Time = 0.00s, Memory = 0.0K)
Checking Rule SGDC_waive26 (Rule 110 of total 402) .... done (Time = 0.00s, Memory = -37.9K)
Checking Rule SGDC_waive27 (Rule 111 of total 402) .... done (Time = 0.00s, Memory = -6.2K)
Checking Rule SGDC_waive29 (Rule 112 of total 402) .... done (Time = 0.00s, Memory = -4.9K)
Checking Rule SGDC_libgroup03 (Rule 113 of total 402) .... done (Time = 0.00s, Memory = -0.9K)
Checking Rule SGDC_ungroup02 (Rule 114 of total 402) .... done (Time = 0.00s, Memory = 0.0K)
Checking Rule _abstractPortSGDC (Rule 115 of total 402) .... done (Time = 0.00s, Memory = 2.0K)
Checking Rule SGDC_abstract_port03 (Rule 116 of total 402) .... done (Time = 0.00s, Memory = 0.0K)
Checking Rule SGDC_abstract_port04 (Rule 117 of total 402) .... done (Time = 0.00s, Memory = 0.4K)
Checking Rule SGDC_abstract_port05 (Rule 118 of total 402) .... done (Time = 0.00s, Memory = 0.0K)
Checking Rule SGDC_abstract_port07 (Rule 119 of total 402) .... done (Time = 0.00s, Memory = 0.0K)
Checking Rule SGDC_abstract_port08 (Rule 120 of total 402) .... done (Time = 0.00s, Memory = 1.6K)
Checking Rule SGDC_abstract_port10 (Rule 121 of total 402) .... done (Time = 0.00s, Memory = 5.1K)
Checking Rule SGDC_abstract_port11 (Rule 122 of total 402) .... done (Time = 0.00s, Memory = 0.0K)
Checking Rule SGDC_abstract_port12 (Rule 123 of total 402) .... done (Time = 0.00s, Memory = 0.0K)
Checking Rule SGDC_abstract_port13 (Rule 124 of total 402) .... done (Time = 0.00s, Memory = 0.0K)
Checking Rule _cdc_save_license01 (Rule 125 of total 402) .... done (Time = 0.00s, Memory = 0.2K)
Checking Rule syncRstReq (Rule 126 of total 402) .... done (Time = 0.00s, Memory = 0.0K)
Checking Rule syncRstReq (Rule 127 of total 402) .... done (Time = 0.00s, Memory = 0.0K)
Checking Rule _syncResetStyleRTL (Rule 128 of total 402) .... done (Time = 0.00s, Memory = 0.0K)
Checking Rule _deltaDelay (Rule 129 of total 402) .... done (Time = 0.00s, Memory = 0.0K)
Checking Rule _deltaDelay (Rule 130 of total 402) .... done (Time = 0.00s, Memory = 0.0K)
Checking Rule _deltaDelayNom (Rule 131 of total 402) .... done (Time = 0.00s, Memory = 0.0K)
Checking Rule Ac_multitop01 (Rule 132 of total 402) .... done (Time = 0.00s, Memory = 0.0K)
Checking Rule AcOvlRtl (Rule 133 of total 402) .... done (Time = 0.00s, Memory = 22.8K)
Checking Rule AcOvlRtl (Rule 134 of total 402) .... done (Time = 0.00s, Memory = 0.0K)
Checking Rule Ac_svasetup01 (Rule 135 of total 402) .... done (Time = 0.00s, Memory = 0.0K)
Checking Rule ReportUngroup (Rule 136 of total 402) .... done (Time = 0.00s, Memory = 0.0K)
Checking Rule SGDC_allow_combo_logic02 (Rule 137 of total 402) .... done (Time = 0.00s, Memory = 64.0K)
Checking Rule _portRetenClocknReset (Rule 138 of total 402) .... done (Time = 0.00s, Memory = 8.9K)
Checking Rule _portReten (Rule 139 of total 402) .... done (Time = 0.00s, Memory = 1.0K)
Checking Rule SGDC_meta_design_hier01 (Rule 140 of total 402) .... done (Time = 0.00s, Memory = 0.0K)
Checking Rule LP_POWERDATA_INFO (Rule 141 of total 402) .... done (Time = 0.00s, Memory = 0.0K)
Checking Rule SGDC_abstract_port21 (Rule 142 of total 402) .... done (Time = 0.00s, Memory = 0.0K)
Checking Rule SGDC_input02 (Rule 143 of total 402) .... done (Time = 0.00s, Memory = 0.0K)
Checking Rule SGDC_input03 (Rule 144 of total 402) .... done (Time = 0.00s, Memory = 2.0K)
Checking Rule SGDC_output02 (Rule 145 of total 402) .... done (Time = 0.00s, Memory = 0.0K)
Checking Rule SGDC_output04 (Rule 146 of total 402) .... done (Time = 0.00s, Memory = 0.0K)
Checking Rule SGDC_numflops03a (Rule 147 of total 402) .... done (Time = 0.00s, Memory = 0.0K)
Checking Rule SGDC_numflops03b (Rule 148 of total 402) .... done (Time = 0.00s, Memory = 0.0K)
Checking Rule SGDC_numflops12 (Rule 149 of total 402) .... done (Time = 0.00s, Memory = -6.0K)
Checking Rule SGDC_sync_cell02b (Rule 150 of total 402) .... done (Time = 0.00s, Memory = 0.0K)
Checking Rule SGDC_sync_cell11 (Rule 151 of total 402) .... done (Time = 0.00s, Memory = 0.0K)
Checking Rule SGDC_qualifier02c (Rule 152 of total 402) .... done (Time = 0.00s, Memory = 0.0K)
Checking Rule SGDC_qualifier03c (Rule 153 of total 402) .... done (Time = 0.00s, Memory = 0.0K)
Checking Rule LPwrRulesSetup (Rule 154 of total 402) .... done (Time = 0.00s, Memory = 0.0K)
 Flattening sys_top (.lib instances separately flattened) ....
 Flattening completed
Checking Rule SGDC_quasi_static_style01 (Rule 155 of total 402) .... done (Time = 0.00s, Memory = 0.7K)
Checking Rule SignalTypeSetup (Rule 156 of total 402) .... done (Time = 0.00s, Memory = 8.0K)
Checking Rule _allowInst (Rule 157 of total 402) .... done (Time = 0.00s, Memory = 0.0K)
Checking Rule _ipblock (Rule 158 of total 402) .... done (Time = 0.00s, Memory = 0.0K)
Checking Rule _rstSyncCellInst (Rule 159 of total 402) .... done (Time = 0.00s, Memory = 0.2K)
Checking Rule _syncCellDelayedQualifier (Rule 160 of total 402) .... done (Time = 0.00s, Memory = 0.0K)
Checking Rule _repeaterCellInst (Rule 161 of total 402) .... done (Time = 0.00s, Memory = 0.0K)
Checking Rule _abstract_port (Rule 162 of total 402) .... done (Time = 0.00s, Memory = 41.4K)
Checking Rule Clock_setup02 (Rule 163 of total 402) .... done (Time = 0.00s, Memory = 15.8K)
Checking Rule Clockmatrix01 (Rule 164 of total 402) .... done (Time = 0.00s, Memory = 0.0K)
Checking Rule Clock_prop (Rule 165 of total 402) .... done (Time = 0.00s, Memory = 618.3K)
Checking Rule Reset_prop (Rule 166 of total 402) .... done (Time = 0.01s, Memory = 60.6K)
Checking Rule SGDC_generated_clock06 (Rule 167 of total 402) .... done (Time = 0.00s, Memory = 0.0K)
Checking Rule Propagate_Clocks (Rule 168 of total 402) .... done (Time = 0.00s, Memory = 245.6K)
Checking Rule _syncreset_prop (Rule 169 of total 402) .... done (Time = 0.00s, Memory = 10.0K)
Checking Rule _syncc (Rule 170 of total 402) .... done (Time = 0.01s, Memory = 0.0K)
Checking Rule _syncb (Rule 171 of total 402) .... done (Time = 0.00s, Memory = 8.9K)
Checking Rule _resetPathCross (Rule 172 of total 402) .... done (Time = 0.00s, Memory = 0.0K)
Checking Rule FalsePathSetup (Rule 173 of total 402) .... done (Time = 0.00s, Memory = 0.0K)
Checking Rule _fifo01 (Rule 174 of total 402) .... done (Time = 0.00s, Memory = 0.0K)
Checking Rule _syncfifo (Rule 175 of total 402) .... done (Time = 0.00s, Memory = 0.0K)
Checking Rule _syncUDfifo (Rule 176 of total 402) .... done (Time = 0.00s, Memory = -21.7K)
Checking Rule _syncdw (Rule 177 of total 402) .... done (Time = 0.00s, Memory = -0.2K)
Checking Rule _syncd (Rule 178 of total 402) .... done (Time = 0.00s, Memory = -0.3K)
Checking Rule _syncg (Rule 179 of total 402) .... done (Time = 0.00s, Memory = 35.7K)
Checking Rule _sync_clock (Rule 180 of total 402) .... done (Time = 0.01s, Memory = -24.0K)
Checking Rule _sync_gp (Rule 181 of total 402) .... done (Time = 0.00s, Memory = 0.0K)
Checking Rule _sync_and (Rule 182 of total 402) .... done (Time = 0.00s, Memory = -0.9K)
Checking Rule _synci (Rule 183 of total 402) .... done (Time = 0.00s, Memory = 0.0K)
Checking Rule _sync_qualifier (Rule 184 of total 402) .... done (Time = 0.00s, Memory = 0.0K)
Checking Rule SGDC_fifo11 (Rule 185 of total 402) .... done (Time = 0.00s, Memory = 0.0K)
Checking Rule SGDC_fifo12 (Rule 186 of total 402) .... done (Time = 0.00s, Memory = 0.0K)
Checking Rule SGDC_fifo13 (Rule 187 of total 402) .... done (Time = 0.00s, Memory = 0.0K)
Checking Rule SGDC_fifo14 (Rule 188 of total 402) .... done (Time = 0.00s, Memory = 0.0K)
Checking Rule Gen_diff01 (Rule 189 of total 402) .... done (Time = 0.00s, Memory = 0.0K)
Checking Rule _debugData (Rule 190 of total 402) .... done (Time = 0.01s, Memory = 63.3K)
Checking Rule Ac_Sync_Init (Rule 191 of total 402) .... done (Time = 0.01s, Memory = 264.5K)
Checking Rule _propagate_cdcAttrib (Rule 192 of total 402) .... done (Time = 0.00s, Memory = 4.4K)
Checking Rule Ar_Cross_Init (Rule 193 of total 402) .... done (Time = 0.00s, Memory = 0.0K)
Checking Rule SGDC_cdc_define_transition01 (Rule 194 of total 402) .... done (Time = 0.00s, Memory = 0.0K)
Checking Rule UPF_lowpower08PR (Rule 195 of total 402) .... done (Time = 0.00s, Memory = 0.0K)
Checking Rule UPF_lowpower08 (Rule 196 of total 402) .... done (Time = 0.00s, Memory = 0.0K)
Checking Rule Setup_check01 (Rule 197 of total 402) .... done (Time = 0.00s, Memory = -3.2K)
Checking Rule Setup_check02 (Rule 198 of total 402) .... done (Time = 0.00s, Memory = 0.0K)
Checking Rule Info_Case_Analysis (Rule 199 of total 402) .... done (Time = 0.00s, Memory = 35.6K)
Checking Rule SGDC_set_case_analysis_LC (Rule 200 of total 402) .... done (Time = 0.00s, Memory = 11.0K)
Checking Rule Setup_quasi_static01 (Rule 201 of total 402) .... done (Time = 0.01s, Memory = 43.4K)
Checking Rule SGDC_signal_in_domain02 (Rule 202 of total 402) .... done (Time = 0.00s, Memory = -5.0K)
Checking Rule SGDC_signal_in_domain04 (Rule 203 of total 402) .... done (Time = 0.00s, Memory = 0.0K)
Checking Rule SGDC_numflops03c (Rule 204 of total 402) .... done (Time = 0.00s, Memory = 0.0K)
Checking Rule SGDC_numflops04 (Rule 205 of total 402) .... done (Time = 0.00s, Memory = 0.0K)
Checking Rule SGDC_numflops05 (Rule 206 of total 402) .... done (Time = 0.00s, Memory = 0.0K)
Checking Rule SGDC_numflops06 (Rule 207 of total 402) .... done (Time = 0.00s, Memory = 0.0K)
Checking Rule SGDC_numflops11 (Rule 208 of total 402) .... done (Time = 0.00s, Memory = 0.0K)
Checking Rule SGDC_numflops13 (Rule 209 of total 402) .... done (Time = 0.00s, Memory = 8.0K)
Checking Rule SGDC_numflops14 (Rule 210 of total 402) .... done (Time = 0.00s, Memory = 0.0K)
Checking Rule SGDC_clocksense02 (Rule 211 of total 402) .... done (Time = 0.00s, Memory = 3.1K)
Checking Rule SGDC_clocksense03 (Rule 212 of total 402) .... done (Time = 0.00s, Memory = -32.0K)
Checking Rule SGDC_sgclkgroup01 (Rule 213 of total 402) .... done (Time = 0.00s, Memory = 0.0K)
Checking Rule SGDC_sgclkgroup02 (Rule 214 of total 402) .... done (Time = 0.00s, Memory = 0.0K)
Checking Rule SGDC_sgclkgroup03 (Rule 215 of total 402) .... done (Time = 0.00s, Memory = 1.6K)
Checking Rule SGDC_check_clock_relation01a (Rule 216 of total 402) .... done (Time = 0.00s, Memory = 0.0K)
Checking Rule SGDC_check_clock_relation01b (Rule 217 of total 402) .... done (Time = 0.00s, Memory = 0.0K)
Checking Rule SGDC_check_clock_relation01c (Rule 218 of total 402) .... done (Time = 0.00s, Memory = 0.0K)
Checking Rule SGDC_check_clock_relation02a (Rule 219 of total 402) .... done (Time = 0.00s, Memory = 0.0K)
Checking Rule SGDC_check_clock_relation02b (Rule 220 of total 402) .... done (Time = 0.00s, Memory = -8.0K)
Checking Rule SGDC_check_clock_relation02c (Rule 221 of total 402) .... done (Time = 0.00s, Memory = 0.0K)
Checking Rule SGDC_check_clock_relation03b (Rule 222 of total 402) .... done (Time = 0.00s, Memory = -0.5K)
Checking Rule SGDC_check_clock_relation04b (Rule 223 of total 402) .... done (Time = 0.00s, Memory = 0.0K)
Checking Rule CheckClockRelationSetup (Rule 224 of total 402) .... done (Time = 0.00s, Memory = 0.0K)
Checking Rule SGDC_gray_signals01 (Rule 225 of total 402) .... done (Time = 0.00s, Memory = -0.4K)
Checking Rule SGDC_gray_signals02 (Rule 226 of total 402) .... done (Time = 0.00s, Memory = 0.0K)
Checking Rule SGDC_gray_signals03 (Rule 227 of total 402) .... done (Time = 0.00s, Memory = 0.0K)
Checking Rule SGDC_qualifier02a (Rule 228 of total 402) .... done (Time = 0.00s, Memory = 0.0K)
Checking Rule SGDC_qualifier03a (Rule 229 of total 402) .... done (Time = 0.00s, Memory = -8.0K)
Checking Rule SGDC_qualifier04 (Rule 230 of total 402) .... done (Time = 0.00s, Memory = 0.0K)
Checking Rule SGDC_qualifier05 (Rule 231 of total 402) .... done (Time = 0.00s, Memory = 0.0K)
Checking Rule SGDC_qualifier08 (Rule 232 of total 402) .... done (Time = 0.00s, Memory = 0.0K)
Checking Rule QualifierSetup (Rule 233 of total 402) .... done (Time = 0.00s, Memory = 0.0K)
Checking Rule ResetSynchronizerSetup (Rule 234 of total 402) .... done (Time = 0.00s, Memory = 0.0K)
Checking Rule SGDC_validation_filter_path03 (Rule 235 of total 402) .... done (Time = 0.00s, Memory = 0.0K)
Checking Rule SGDC_qualifier10 (Rule 236 of total 402) .... done (Time = 0.00s, Memory = 0.0K)
Checking Rule SGDC_qualifier11 (Rule 237 of total 402) .... done (Time = 0.00s, Memory = 0.0K)
Checking Rule SGDC_qualifier12 (Rule 238 of total 402) .... done (Time = 0.00s, Memory = 0.0K)
Checking Rule SGDC_qualifier13 (Rule 239 of total 402) .... done (Time = 0.00s, Memory = -1.8K)
Checking Rule SGDC_qualifier14 (Rule 240 of total 402) .... done (Time = 0.00s, Memory = 0.0K)
Checking Rule SGDC_qualifier16 (Rule 241 of total 402) .... done (Time = 0.00s, Memory = 0.0K)
Checking Rule SGDC_qualifier18 (Rule 242 of total 402) .... done (Time = 0.00s, Memory = 4.7K)
Checking Rule SGDC_qualifier19a (Rule 243 of total 402) .... done (Time = 0.00s, Memory = 0.0K)
Checking Rule SGDC_qualifier19b (Rule 244 of total 402) .... done (Time = 0.00s, Memory = 0.0K)
Checking Rule SGDC_qualifier19c (Rule 245 of total 402) .... done (Time = 0.00s, Memory = -8.0K)
Checking Rule SGDC_qualifier20b (Rule 246 of total 402) .... done (Time = 0.00s, Memory = 1.8K)
Checking Rule SGDC_qualifier21 (Rule 247 of total 402) .... done (Time = 0.00s, Memory = 0.0K)
Checking Rule SGDC_qualifier22 (Rule 248 of total 402) .... done (Time = 0.00s, Memory = -7.9K)
Checking Rule SGDC_qualifier23 (Rule 249 of total 402) .... done (Time = 0.00s, Memory = 0.0K)
Checking Rule SGDC_virtualclock01 (Rule 250 of total 402) .... done (Time = 0.00s, Memory = 0.0K)
Checking Rule SGDC_virtualreset01 (Rule 251 of total 402) .... done (Time = 0.00s, Memory = 0.0K)
Checking Rule SGDC_abstract_port19 (Rule 252 of total 402) .... done (Time = 0.00s, Memory = 32.0K)
Checking Rule SGDC_abstract_port20 (Rule 253 of total 402) .... done (Time = 0.00s, Memory = -32.0K)
Checking Rule RFPSetup (Rule 254 of total 402) .... done (Time = 0.00s, Memory = 0.0K)
Checking Rule SGDC_reset_filter_path02a (Rule 255 of total 402) .... done (Time = 0.00s, Memory = 0.0K)
Checking Rule SGDC_reset_filter_path02b (Rule 256 of total 402) .... done (Time = 0.00s, Memory = 0.0K)
Checking Rule SGDC_reset_filter_path02c (Rule 257 of total 402) .... done (Time = 0.00s, Memory = 5.8K)
Checking Rule SGDC_reset_filter_path03a (Rule 258 of total 402) .... done (Time = 0.00s, Memory = 0.0K)
Checking Rule SGDC_reset_filter_path03b (Rule 259 of total 402) .... done (Time = 0.00s, Memory = -1.6K)
Checking Rule SGDC_reset_filter_path03c (Rule 260 of total 402) .... done (Time = 0.00s, Memory = 0.0K)
Checking Rule SGDC_reset_filter_path04b (Rule 261 of total 402) .... done (Time = 0.00s, Memory = 0.0K)
Checking Rule SGDC_reset_filter_path07a (Rule 262 of total 402) .... done (Time = 0.00s, Memory = 0.0K)
Checking Rule SGDC_reset_filter_path07b (Rule 263 of total 402) .... done (Time = 0.00s, Memory = 0.0K)
Checking Rule SGDC_reset_filter_path07c (Rule 264 of total 402) .... done (Time = 0.00s, Memory = 0.0K)
Checking Rule SGDC_define_reset_order03 (Rule 265 of total 402) .... done (Time = 0.00s, Memory = 0.0K)
Checking Rule SGDC_define_reset_order04 (Rule 266 of total 402) .... done (Time = 0.00s, Memory = 0.0K)
Checking Rule SGDC_define_reset_order05 (Rule 267 of total 402) .... done (Time = 0.00s, Memory = 0.0K)
Checking Rule SGDC_cdc_false_path06 (Rule 268 of total 402) .... done (Time = 0.00s, Memory = 0.0K)
Checking Rule SGDC_cdc_false_path07 (Rule 269 of total 402) .... done (Time = 0.00s, Memory = 0.0K)
Checking Rule SGDC_cdc_false_path08 (Rule 270 of total 402) .... done (Time = 0.00s, Memory = 0.0K)
Checking Rule CDCSet_License01 (Rule 271 of total 402) .... done (Time = 0.00s, Memory = 0.0K)
Checking Rule Clock_info03a (Rule 272 of total 402) .... done (Time = 0.00s, Memory = 24.4K)
Checking Rule Clock_info03b (Rule 273 of total 402) .... done (Time = 0.00s, Memory = -26.2K)
Checking Rule Clock_info03c (Rule 274 of total 402) .... done (Time = 0.00s, Memory = 0.0K)
Checking Rule Ac_coherency06 (Rule 275 of total 402) .... done (Time = 0.00s, Memory = -0.4K)
Checking Rule Ac_unsync01 (Rule 276 of total 402) .... done (Time = 0.00s, Memory = 0.0K)
Checking Rule Ac_unsync02 (Rule 277 of total 402) .... done (Time = 0.00s, Memory = -1.1K)
Checking Rule Ac_sync01 (Rule 278 of total 402) .... done (Time = 0.00s, Memory = 0.0K)
Checking Rule Ac_sync02 (Rule 279 of total 402) .... done (Time = 0.00s, Memory = 0.0K)
Checking Rule Ac_crossing01 (Rule 280 of total 402) .... done (Time = 0.01s, Memory = -11.1K)
Checking Rule Propagate_Resets (Rule 281 of total 402) .... done (Time = 0.00s, Memory = 4.7K)
Checking Rule _reset_sync (Rule 282 of total 402) .... done (Time = 0.00s, Memory = 0.0K)
Checking Rule Setup_port01 (Rule 283 of total 402) .... done (Time = 0.00s, Memory = 0.0K)
Checking Rule Setup_blackbox01 (Rule 284 of total 402) .... done (Time = 0.00s, Memory = 0.0K)
Checking Rule Setup_library01 (Rule 285 of total 402) .... done (Time = 0.00s, Memory = -0.6K)
Checking Rule Reset_check11 (Rule 286 of total 402) .... done (Time = 0.00s, Memory = 50.1K)
Checking Rule Reset_info09a (Rule 287 of total 402) .... done (Time = 0.00s, Memory = 0.0K)
Checking Rule Clock_sync05 (Rule 288 of total 402) .... done (Time = 0.00s, Memory = -12.2K)
Checking Rule Clock_sync06 (Rule 289 of total 402) .... done (Time = 0.00s, Memory = 0.0K)
Checking Rule Clock_info02 (Rule 290 of total 402) .... done (Time = 0.01s, Memory = -34.3K)
Checking Rule Reset_info02 (Rule 291 of total 402) .... done (Time = 0.00s, Memory = 18.6K)
Checking Rule Clock_info05 (Rule 292 of total 402) .... done (Time = 0.00s, Memory = 0.0K)
Checking Rule Clock_info05b (Rule 293 of total 402) .... done (Time = 0.00s, Memory = -0.4K)
Checking Rule Reset_check03 (Rule 294 of total 402) .... done (Time = 0.00s, Memory = -14.8K)
Checking Rule _clkWrapModules (Rule 295 of total 402) .... done (Time = 0.00s, Memory = 0.5K)
Checking Rule _clock_hier_rules (Rule 296 of total 402) .... done (Time = 0.00s, Memory = -32.0K)
Checking Rule Reset_check12 (Rule 297 of total 402) .... done (Time = 0.01s, Memory = 36.9K)
Checking Rule Ar_sync_init (Rule 298 of total 402) .... done (Time = 0.01s, Memory = 15.0K)
Checking Rule _constrCoverage (Rule 299 of total 402) .... done (Time = 0.00s, Memory = 19.7K)
Checking Rule Clock_info15 (Rule 300 of total 402) .... done (Time = 0.01s, Memory = -30.7K)
Checking Rule Reset_check10 (Rule 301 of total 402) .... done (Time = 0.00s, Memory = 25.6K)
Checking Rule Reset_sync02 (Rule 302 of total 402) .... done (Time = 0.00s, Memory = 1.0K)
Checking Rule SGDC_clockreset02 (Rule 303 of total 402) .... done (Time = 0.00s, Memory = 0.0K)
Checking Rule Param_clockreset02 (Rule 304 of total 402) .... done (Time = 0.00s, Memory = 0.0K)
Checking Rule Param_clockreset04 (Rule 305 of total 402) .... done (Time = 0.00s, Memory = 0.0K)
Checking Rule Setup_clockreset01 (Rule 306 of total 402) .... done (Time = 0.00s, Memory = 0.0K)
Checking Rule Clock_check07 (Rule 307 of total 402) .... done (Time = 0.00s, Memory = 0.0K)
Checking Rule Clock_check10 (Rule 308 of total 402) .... done (Time = 0.00s, Memory = 0.0K)
Checking Rule Reset_check08 (Rule 309 of total 402) .... done (Time = 0.00s, Memory = 0.0K)
Checking Rule Clock_converge01 (Rule 310 of total 402) .... done (Time = 0.00s, Memory = 0.0K)
Checking Rule Ar_converge01 (Rule 311 of total 402) .... done (Time = 0.00s, Memory = -1.9K)
Checking Rule SGDC_noclockcell_start01 (Rule 312 of total 402) .... done (Time = 0.00s, Memory = -25.8K)
Checking Rule Ac_initseq01 (Rule 313 of total 402) .... done (Time = 0.00s, Memory = -4.0K)
Checking Rule Ac_init01 (Rule 314 of total 402) .... done (Time = 0.00s, Memory = 0.0K)
Checking Rule _ac_Auxi01 (Rule 315 of total 402) .... done (Time = 0.00s, Memory = -2.9K)
Checking Rule Ac_sanity02 (Rule 316 of total 402) .... done (Time = 0.00s, Memory = -32.0K)
Checking Rule _glitch_init (Rule 317 of total 402) .... done (Time = 0.00s, Memory = -1.0K)
Checking Rule Ac_initstate01 (Rule 318 of total 402) .... done (Time = 0.00s, Memory = 0.0K)
Checking Rule Ac_conv02 (Rule 319 of total 402) .... done (Time = 0.00s, Memory = 34.8K)
Checking Rule Ac_conv02setup01 (Rule 320 of total 402) .... done (Time = 0.00s, Memory = -8.0K)
Checking Rule Ac_conv01 (Rule 321 of total 402) .... done (Time = 0.00s, Memory = -39.1K)
Checking Rule Ac_conv03 (Rule 322 of total 402) .... done (Time = 0.00s, Memory = 5.3K)
Checking Rule Ac_conv04 (Rule 323 of total 402) .... done (Time = 0.00s, Memory = 2.6K)
Checking Rule Ac_abs01 (Rule 324 of total 402) .... done (Time = 0.00s, Memory = 0.0K)
Checking Rule Ac_glitch03 (Rule 325 of total 402) .... done (Time = 0.01s, Memory = -1.2K)
Checking Rule Ac_clockperiod01 (Rule 326 of total 402) .... done (Time = 0.00s, Memory = 0.0K)
Checking Rule Ac_clockperiod02 (Rule 327 of total 402) .... done (Time = 0.00s, Memory = 0.0K)
Checking Rule Ac_clockperiod03 (Rule 328 of total 402) .... done (Time = 0.00s, Memory = 0.0K)
Checking Rule Ac_report01 (Rule 329 of total 402) .... done (Time = 0.00s, Memory = 0.0K)
Checking Rule AllowComboLogicSetup (Rule 330 of total 402) .... done (Time = 0.00s, Memory = 0.0K)
Checking Rule Ac_resetvalue01 (Rule 331 of total 402) .... done (Time = 0.00s, Memory = 24.0K)
Checking Rule Ac_abstract_validation01 (Rule 332 of total 402) .... done (Time = 0.00s, Memory = 8.0K)
Checking Rule SGDC_abstract_mapping01 (Rule 333 of total 402) .... done (Time = 0.00s, Memory = 0.0K)
Checking Rule Ac_upfsetup02 (Rule 334 of total 402) .... done (Time = 0.00s, Memory = 0.0K)
Checking Rule Ac_upfsetup01 (Rule 335 of total 402) .... done (Time = 0.00s, Memory = -2.8K)
Checking Rule Ac_psync_init (Rule 336 of total 402) .... done (Time = 0.00s, Memory = -2.5K)
Checking Rule Ac_psetup01 (Rule 337 of total 402) .... done (Time = 0.00s, Memory = 4.0K)
Checking Rule Clock_exit01 (Rule 338 of total 402) .... done (Time = 0.00s, Memory = 0.0K)
Checking Rule SGDC_reset_synchronizer02 (Rule 339 of total 402) .... done (Time = 0.00s, Memory = 0.0K)
Checking Rule SGDC_reset_synchronizer04 (Rule 340 of total 402) .... done (Time = 0.00s, Memory = -32.0K)
Checking Rule SGDC_reset_synchronizer06 (Rule 341 of total 402) .... done (Time = 0.00s, Memory = 0.0K)
Checking Rule SGDC_reset_synchronizer08 (Rule 342 of total 402) .... done (Time = 0.00s, Memory = 0.0K)
Checking Rule SGDC_reset_synchronizer10 (Rule 343 of total 402) .... done (Time = 0.00s, Memory = 0.0K)
Checking Rule AnalyzeBBox (Rule 344 of total 402) .... done (Time = 0.00s, Memory = 0.0K)
Checking Rule ReportCheckDataSummary (Rule 345 of total 402) .... done (Time = 0.00s, Memory = 0.0K)

Generating data for Console...

SpyGlass Rule Checking Complete.

Generating moresimple report from './spyglass-1/sys_top/cdc/cdc_verify_struct/spyglass.vdb' to './spyglass-1/sys_top/cdc/cdc_verify_struct/spyglass_reports/moresimple.rpt' ....

Generating runsummary report from './spyglass-1/sys_top/cdc/cdc_verify_struct/spyglass.vdb' ....

Generating no_msg_reporting_rules report from './spyglass-1/sys_top/cdc/cdc_verify_struct/spyglass.vdb' to './spyglass-1/sys_top/cdc/cdc_verify_struct/spyglass_reports/no_msg_reporting_rules.rpt' ....

Generating CDC-report report from './spyglass-1/sys_top/cdc/cdc_verify_struct/spyglass.vdb' to './spyglass-1/sys_top/cdc/cdc_verify_struct/spyglass_reports/CDC-report.rpt' ....

Generating CKSGDCInfo report from './spyglass-1/sys_top/cdc/cdc_verify_struct/spyglass.vdb' to './spyglass-1/sys_top/cdc/cdc_verify_struct/spyglass_reports/CKSGDCInfo.rpt' ....

Generating RSTree report from './spyglass-1/sys_top/cdc/cdc_verify_struct/spyglass.vdb' to './spyglass-1/sys_top/cdc/cdc_verify_struct/spyglass_reports/RSTree.rpt' ....

Generating CKTree report from './spyglass-1/sys_top/cdc/cdc_verify_struct/spyglass.vdb' to './spyglass-1/sys_top/cdc/cdc_verify_struct/spyglass_reports/CKTree.rpt' ....

Policy specific data (reports) are present in the directory './spyglass-1/sys_top/cdc/cdc_verify_struct/spyglass_reports'.

SpyGlass critical reports for the current run are present in directory './spyglass-1/consolidated_reports/sys_top_cdc_cdc_verify_struct/'.

---------------------------------------------------------------------------------------------
Results Summary:
---------------------------------------------------------------------------------------------
   Goal Run           :      cdc/cdc_verify_struct
   Command-line read  :      0 error,      0 warning,      1 information message 
   Design Read        :      0 error,      0 warning,      3 information messages
      Found 1 top module:
         sys_top   (file: ../rtl/System_Top/SYS_TOP_dft.v)

   Blackbox Resolution:      0 error,      0 warning,      0 information message 
   SGDC Checks        :      0 error,      0 warning,      1 information message 
** Policy clock-reset :     56 errors,     2 warnings,    29 information messages
   -------------------------------------------------------------------------------------
   Total              :     56 errors,     2 warnings,    34 information messages

  Total Number of Generated Messages     :        92 (56 errors, 2 warnings, 34 Infos)
  Number of Reported Messages            :        92 (56 errors, 2 warnings, 34 Infos)

  NOTE: It is recommended to first fix/reconcile fatals/errors reported on
        lines starting with ** as subsequent issues might be related to it.
        Please re-run SpyGlass once ** prefixed lines are fatal/error clean.

---------------------------------------------------------------------------------------------


run_goal: info: updating spyglass.log with goal summary
run_goal: info: spyglass.log successfully updated with goal summary
0 {Rule-checking completed with errors}
INFO:    SpyGlass will run goal(s) 'cdc/cdc_verify_struct'.


 Auto-compiling gates libraries

        "../System_pnr/std_cells/libs/scmetro_tsmc_cl013g_rvt_ss_1p08v_125c.lib"
        "../System_pnr/std_cells/libs/scmetro_tsmc_cl013g_rvt_tt_1p2v_25c.lib"
        "../System_pnr/std_cells/libs/scmetro_tsmc_cl013g_rvt_ff_1p32v_m40c.lib"
    to
        "./spyglass-1/spyglass_cache/autogenerated_sglib/aggregate.sglib" ...already compiled

 Using this already compiled sglib for the current run ...

RULE-CHECKING IN MIXED MODE
Loading spyglass (SpyGlass_vL-2016.06) ... (picked from /home/synopsys/SpyGlass-L2016.06/SPYGLASS_HOME/policies/spyglass)
Loading clock-reset (SpyGlass_vL-2016.06) ... (picked from /home/synopsys/SpyGlass-L2016.06/SPYGLASS_HOME/policies/clock)
 Reading sgdc file "../Spyglass/spy_cons.sgdc" ...
Performing unification checks on SGDC... done
***Syntax Errors detected - RULE CHECKING ABORTED***

Generating data for Console...

Generating moresimple report from './spyglass-1/sys_top/cdc/cdc_verify_struct/spyglass.vdb' to './spyglass-1/sys_top/cdc/cdc_verify_struct/spyglass_reports/moresimple.rpt' ....

Generating runsummary report from './spyglass-1/sys_top/cdc/cdc_verify_struct/spyglass.vdb' ....

Generating no_msg_reporting_rules report from './spyglass-1/sys_top/cdc/cdc_verify_struct/spyglass.vdb' to './spyglass-1/sys_top/cdc/cdc_verify_struct/spyglass_reports/no_msg_reporting_rules.rpt' ....

Generating CDC-report report from './spyglass-1/sys_top/cdc/cdc_verify_struct/spyglass.vdb' to './spyglass-1/sys_top/cdc/cdc_verify_struct/spyglass_reports/CDC-report.rpt' ....

Policy specific data (reports) are present in the directory './spyglass-1/sys_top/cdc/cdc_verify_struct/spyglass_reports'.

SpyGlass critical reports for the current run are present in directory './spyglass-1/consolidated_reports/sys_top_cdc_cdc_verify_struct/'.

---------------------------------------------------------------------------------------------
Results Summary:
---------------------------------------------------------------------------------------------
   Goal Run           :      cdc/cdc_verify_struct
** SGDC Checks        :      1 fatal,      0 error,        0 warning,      0 information message 
   -------------------------------------------------------------------------------------
** Total              :      1 fatal,      0 error,        0 warning,      0 information message 

  Total Number of Generated Messages     :         1 (1 fatal, 0 error, 0 warning, 0 Info)
  Number of Reported Messages            :         1 (1 fatal, 0 error, 0 warning, 0 Info)

  NOTE: It is recommended to first fix/reconcile fatals/errors reported on
        lines starting with ** as subsequent issues might be related to it.
        Please re-run SpyGlass once ** prefixed lines are fatal/error clean.

---------------------------------------------------------------------------------------------

Following FATAL message(s) generated in current run -

Rule          Severity   File                        Line   Message
-------------------------------------------------------------------------
SGDCSTX_003   Syntax     ../Spyglass/spy_cons.sgdc   48     Incorrect field 'sys_top.test_mode' in SGDC command 'set_case_analysis'
run_goal: info: updating spyglass.log with goal summary
run_goal: info: spyglass.log successfully updated with goal summary
 Reading sgdc file "../Spyglass/spy_cons.sgdc" ...
7 {Rule-checking terminated due to FATAL errors - usage or run error}
INFO:    SpyGlass will run goal(s) 'cdc/cdc_verify_struct'.


 Auto-compiling gates libraries

        "../System_pnr/std_cells/libs/scmetro_tsmc_cl013g_rvt_ss_1p08v_125c.lib"
        "../System_pnr/std_cells/libs/scmetro_tsmc_cl013g_rvt_tt_1p2v_25c.lib"
        "../System_pnr/std_cells/libs/scmetro_tsmc_cl013g_rvt_ff_1p32v_m40c.lib"
    to
        "./spyglass-1/spyglass_cache/autogenerated_sglib/aggregate.sglib" ...already compiled

 Using this already compiled sglib for the current run ...

RULE-CHECKING IN MIXED MODE
Loading spyglass (SpyGlass_vL-2016.06) ... (picked from /home/synopsys/SpyGlass-L2016.06/SPYGLASS_HOME/policies/spyglass)
Loading clock-reset (SpyGlass_vL-2016.06) ... (picked from /home/synopsys/SpyGlass-L2016.06/SPYGLASS_HOME/policies/clock)
 Reading sgdc file "../Spyglass/spy_cons.sgdc" ...
Performing unification checks on SGDC... done
***Syntax Errors detected - RULE CHECKING ABORTED***

Generating data for Console...

Generating moresimple report from './spyglass-1/sys_top/cdc/cdc_verify_struct/spyglass.vdb' to './spyglass-1/sys_top/cdc/cdc_verify_struct/spyglass_reports/moresimple.rpt' ....

Generating runsummary report from './spyglass-1/sys_top/cdc/cdc_verify_struct/spyglass.vdb' ....

Generating no_msg_reporting_rules report from './spyglass-1/sys_top/cdc/cdc_verify_struct/spyglass.vdb' to './spyglass-1/sys_top/cdc/cdc_verify_struct/spyglass_reports/no_msg_reporting_rules.rpt' ....

Generating CDC-report report from './spyglass-1/sys_top/cdc/cdc_verify_struct/spyglass.vdb' to './spyglass-1/sys_top/cdc/cdc_verify_struct/spyglass_reports/CDC-report.rpt' ....

Policy specific data (reports) are present in the directory './spyglass-1/sys_top/cdc/cdc_verify_struct/spyglass_reports'.

SpyGlass critical reports for the current run are present in directory './spyglass-1/consolidated_reports/sys_top_cdc_cdc_verify_struct/'.

---------------------------------------------------------------------------------------------
Results Summary:
---------------------------------------------------------------------------------------------
   Goal Run           :      cdc/cdc_verify_struct
** SGDC Checks        :      1 fatal,      0 error,        0 warning,      0 information message 
   -------------------------------------------------------------------------------------
** Total              :      1 fatal,      0 error,        0 warning,      0 information message 

  Total Number of Generated Messages     :         1 (1 fatal, 0 error, 0 warning, 0 Info)
  Number of Reported Messages            :         1 (1 fatal, 0 error, 0 warning, 0 Info)

  NOTE: It is recommended to first fix/reconcile fatals/errors reported on
        lines starting with ** as subsequent issues might be related to it.
        Please re-run SpyGlass once ** prefixed lines are fatal/error clean.

---------------------------------------------------------------------------------------------

Following FATAL message(s) generated in current run -

Rule          Severity   File                        Line   Message
-------------------------------------------------------------------------
SGDCSTX_003   Syntax     ../Spyglass/spy_cons.sgdc   48     Incorrect field '-ports' in SGDC command 'set_case_analysis'
run_goal: info: updating spyglass.log with goal summary
run_goal: info: spyglass.log successfully updated with goal summary
 Reading sgdc file "../Spyglass/spy_cons.sgdc" ...
7 {Rule-checking terminated due to FATAL errors - usage or run error}
INFO:    SpyGlass will run goal(s) 'cdc/cdc_verify_struct'.


 Auto-compiling gates libraries

        "../System_pnr/std_cells/libs/scmetro_tsmc_cl013g_rvt_ss_1p08v_125c.lib"
        "../System_pnr/std_cells/libs/scmetro_tsmc_cl013g_rvt_tt_1p2v_25c.lib"
        "../System_pnr/std_cells/libs/scmetro_tsmc_cl013g_rvt_ff_1p32v_m40c.lib"
    to
        "./spyglass-1/spyglass_cache/autogenerated_sglib/aggregate.sglib" ...already compiled

 Using this already compiled sglib for the current run ...

RULE-CHECKING IN MIXED MODE
Loading spyglass (SpyGlass_vL-2016.06) ... (picked from /home/synopsys/SpyGlass-L2016.06/SPYGLASS_HOME/policies/spyglass)
Loading clock-reset (SpyGlass_vL-2016.06) ... (picked from /home/synopsys/SpyGlass-L2016.06/SPYGLASS_HOME/policies/clock)
 Reading sgdc file "../Spyglass/spy_cons.sgdc" ...
Performing unification checks on SGDC... done
Reading specified sglib files(s) ....
   Processing library: 'scmetro_tsmc_cl013g_rvt_ss_1p08v_125c' .... done
   Processing library: 'scmetro_tsmc_cl013g_rvt_tt_1p2v_25c' .... done
   Processing library: 'scmetro_tsmc_cl013g_rvt_ff_1p32v_m40c' .... done
Checking Rule AutoGenerateSglib (Rule 1 of total 402) .... done (Time = 0.00s, Memory = 0.0K)

INFO [76]    Using `./spyglass-1/sys_top/WORK/64' as the Work Directory for 64bit precompiled dump.
Checking Rule Param_clockreset07 (Rule 2 of total 402) .... done (Time = 0.00s, Memory = 0.0K)
Checking Rule Clock_setup01 (Rule 3 of total 402) .... done (Time = 0.00s, Memory = 40.4K)
Checking Rule Param_clockreset06 (Rule 4 of total 402) .... done (Time = 0.00s, Memory = -2.2K)
Checking Rule SGDC_meta_monitor_attributes01 (Rule 5 of total 402) .... done (Time = 0.00s, Memory = 0.0K)
Checking Rule LP_POWERDATA_CHECK (Rule 6 of total 402) .... done (Time = 0.00s, Memory = 0.0K)
Checking Rule LP_POWERDATA_READ (Rule 7 of total 402) .... done (Time = 0.00s, Memory = 0.0K)
Checking Rule PrecompileLibCheck01 (Rule 8 of total 402) .... done (Time = 0.00s, Memory = 0.0K)
Checking Rule PrecompileLibCheck02 (Rule 9 of total 402) .... done (Time = 0.00s, Memory = 0.0K)
Checking Rule PrecompileLibCheck03 (Rule 10 of total 402) .... done (Time = 0.00s, Memory = 0.0K)
Checking Rule PrecompileLibCheck04 (Rule 11 of total 402) .... done (Time = 0.00s, Memory = -0.8K)
Checking Rule ElabSummary (Rule 12 of total 402) .... done (Time = 0.00s, Memory = 28.1K)
Checking Rule ReportSglibVersionSummary (Rule 13 of total 402) .... done (Time = 0.00s, Memory = 8.0K)
Checking Rule SGDC_assume_path01 (Rule 14 of total 402) .... done (Time = 0.00s, Memory = 0.0K)
Checking Rule SGDC_sdcschema02 (Rule 15 of total 402) .... done (Time = 0.00s, Memory = 1.1K)
Checking Rule SGDC_clock05 (Rule 16 of total 402) .... done (Time = 0.00s, Memory = 3.4K)
Checking Rule SGDC_clock09 (Rule 17 of total 402) .... done (Time = 0.00s, Memory = 0.0K)
Checking Rule SGDC_force_ta05 (Rule 18 of total 402) .... done (Time = 0.00s, Memory = 0.0K)
Checking Rule SGDC_require_path03 (Rule 19 of total 402) .... done (Time = 0.00s, Memory = 0.0K)
Checking Rule SGDC_require_value03 (Rule 20 of total 402) .... done (Time = 0.00s, Memory = 0.0K)
Checking Rule SGDC_voltagedomain05 (Rule 21 of total 402) .... done (Time = 0.00s, Memory = 0.0K)
Checking Rule SGDC_voltagedomain06 (Rule 22 of total 402) .... done (Time = 0.00s, Memory = 0.8K)
Checking Rule SGDC_voltagedomain07 (Rule 23 of total 402) .... done (Time = 0.00s, Memory = 15.0K)
Checking Rule SGDC_powerdomainoutputs02 (Rule 24 of total 402) .... done (Time = 0.00s, Memory = 0.0K)
Checking Rule SGDC_supply01 (Rule 25 of total 402) .... done (Time = 0.00s, Memory = -3.5K)
Checking Rule SGDC_waive01 (Rule 26 of total 402) .... done (Time = 0.00s, Memory = 0.0K)
Checking Rule SGDC_waive02 (Rule 27 of total 402) .... done (Time = 0.00s, Memory = 0.0K)
Checking Rule SGDC_waive03 (Rule 28 of total 402) .... done (Time = 0.00s, Memory = 0.0K)
Checking Rule SGDC_waive04 (Rule 29 of total 402) .... done (Time = 0.00s, Memory = 0.0K)
Checking Rule SGDC_waive05 (Rule 30 of total 402) .... done (Time = 0.00s, Memory = 32.0K)
Checking Rule SGDC_waive06 (Rule 31 of total 402) .... done (Time = 0.00s, Memory = 0.0K)
Checking Rule SGDC_waive07 (Rule 32 of total 402) .... done (Time = 0.00s, Memory = -4.9K)
Checking Rule SGDC_waive08 (Rule 33 of total 402) .... done (Time = 0.00s, Memory = 0.0K)
Checking Rule SGDC_waive09 (Rule 34 of total 402) .... done (Time = 0.00s, Memory = -8.0K)
Checking Rule SGDC_waive10 (Rule 35 of total 402) .... done (Time = 0.00s, Memory = -8.0K)
Checking Rule SGDC_waive11 (Rule 36 of total 402) .... done (Time = 0.00s, Memory = 0.0K)
Checking Rule SGDC_waive12 (Rule 37 of total 402) .... done (Time = 0.00s, Memory = 8.0K)
Checking Rule SGDC_waive13 (Rule 38 of total 402) .... done (Time = 0.00s, Memory = -5.2K)
Checking Rule SGDC_waive21 (Rule 39 of total 402) .... done (Time = 0.00s, Memory = 0.0K)
Checking Rule SGDC_waive22 (Rule 40 of total 402) .... done (Time = 0.00s, Memory = 0.1K)
Checking Rule SGDC_waive30 (Rule 41 of total 402) .... done (Time = 0.00s, Memory = 0.0K)
Checking Rule SGDC_waive32 (Rule 42 of total 402) .... done (Time = 0.00s, Memory = 0.0K)
Checking Rule SGDC_waive33 (Rule 43 of total 402) .... done (Time = 0.00s, Memory = 0.0K)
Checking Rule SGDC_waive36 (Rule 44 of total 402) .... done (Time = 0.00s, Memory = 0.0K)
Checking Rule SGDC_waive38 (Rule 45 of total 402) .... done (Time = 0.00s, Memory = 0.0K)
Checking Rule SGDC_fifo01 (Rule 46 of total 402) .... done (Time = 0.00s, Memory = 0.0K)
Checking Rule SGDC_libgroup01 (Rule 47 of total 402) .... done (Time = 0.00s, Memory = 0.0K)
Checking Rule SGDC_libgroup02 (Rule 48 of total 402) .... done (Time = 0.00s, Memory = 0.0K)
Checking Rule SGDC_libgroup04 (Rule 49 of total 402) .... done (Time = 0.00s, Memory = 0.0K)
Checking Rule SGDC_power_data01 (Rule 50 of total 402) .... done (Time = 0.00s, Memory = 31.8K)
Checking Rule SGDC_ungroup01 (Rule 51 of total 402) .... done (Time = 0.00s, Memory = 0.0K)
Checking Rule SGDC_abstract_port06 (Rule 52 of total 402) .... done (Time = 0.00s, Memory = 0.0K)
Checking Rule SGDC_abstract_port14 (Rule 53 of total 402) .... done (Time = 0.00s, Memory = 0.0K)
Checking Rule SGDC_abstract_port15 (Rule 54 of total 402) .... done (Time = 0.00s, Memory = 0.0K)
Checking Rule SGDC_abstract_port18 (Rule 55 of total 402) .... done (Time = 0.00s, Memory = 0.0K)
Checking Rule sdc_init_rule (Rule 56 of total 402) .... done (Time = 0.00s, Memory = 0.0K)
Checking Rule CMD_ignorelibs01 (Rule 57 of total 402) .... done (Time = 0.00s, Memory = 0.0K)
Checking Rule ReportRuleNotRun (Rule 58 of total 402) .... done (Time = 0.00s, Memory = 26.9K)
Checking Rule SGDC_generated_clock03 (Rule 59 of total 402) .... done (Time = 0.00s, Memory = 0.0K)
Checking Rule SGDC_generated_clock04 (Rule 60 of total 402) .... done (Time = 0.00s, Memory = -16.0K)
Checking Rule SGDC_generated_clock05 (Rule 61 of total 402) .... done (Time = 0.00s, Memory = 0.0K)
Checking Rule SGDC_quasi_static_style02 (Rule 62 of total 402) .... done (Time = 0.00s, Memory = 0.7K)
Checking Rule SGDC_syncresetstyle01 (Rule 63 of total 402) .... done (Time = 0.00s, Memory = 0.1K)
Checking Rule SGDC_network_allowed_cells01 (Rule 64 of total 402) .... done (Time = 0.00s, Memory = 1.8K)
Checking Rule SGDC_numflops01 (Rule 65 of total 402) .... done (Time = 0.00s, Memory = 0.0K)
Checking Rule SGDC_numflops07 (Rule 66 of total 402) .... done (Time = 0.00s, Memory = 0.0K)
Checking Rule SGDC_numflops08 (Rule 67 of total 402) .... done (Time = 0.00s, Memory = 8.0K)
Checking Rule SGDC_numflops09 (Rule 68 of total 402) .... done (Time = 0.00s, Memory = 0.0K)
Checking Rule SGDC_clocksense04 (Rule 69 of total 402) .... done (Time = 0.00s, Memory = -1.1K)
Checking Rule SGDC_check_clock_relation05a (Rule 70 of total 402) .... done (Time = 0.00s, Memory = 0.0K)
Checking Rule SGDC_check_clock_relation05b (Rule 71 of total 402) .... done (Time = 0.00s, Memory = 32.5K)
Checking Rule SGDC_sync_cell08a (Rule 72 of total 402) .... done (Time = 0.00s, Memory = 0.8K)
Checking Rule SGDC_sync_cell09a (Rule 73 of total 402) .... done (Time = 0.00s, Memory = 0.0K)
Checking Rule SGDC_qualifier06 (Rule 74 of total 402) .... done (Time = 0.00s, Memory = 16.0K)
Checking Rule SGDC_cdc_waive03 (Rule 75 of total 402) .... done (Time = 0.00s, Memory = 0.0K)
Checking Rule SGDC_qualifier09 (Rule 76 of total 402) .... done (Time = 0.00s, Memory = 65.5K)
Checking Rule SGDC_qualifier15 (Rule 77 of total 402) .... done (Time = 0.00s, Memory = 1.7K)
Checking Rule SGDC_allow_combo_logic01 (Rule 78 of total 402) .... done (Time = 0.00s, Memory = 0.0K)
Checking Rule SGDC_reset_filter_path01 (Rule 79 of total 402) .... done (Time = 0.00s, Memory = 0.0K)
Checking Rule SGDC_cdc_false_path05 (Rule 80 of total 402) .... done (Time = 0.00s, Memory = 24.0K)
Checking Rule Param_clockreset05 (Rule 81 of total 402) .... done (Time = 0.00s, Memory = 4.0K)
Checking Rule Ac_sanity01 (Rule 82 of total 402) .... done (Time = 0.00s, Memory = 0.0K)
Checking Rule Ac_sanity06 (Rule 83 of total 402) .... done (Time = 0.00s, Memory = 0.0K)
Checking Rule Ac_license01 (Rule 84 of total 402) .... done (Time = 0.00s, Memory = 2.8K)
Checking Rule SGDC_reset_synchronizer07 (Rule 85 of total 402) .... done (Time = 0.00s, Memory = -8.0K)
 Reading waiver file "./spyglass-1/sys_top/cdc/cdc_verify_struct/spyglass_spysch/waiver/pragma2Waiver.swl" ...
 Reading included SGDC file "./spyglass-1/sys_top/cdc/cdc_verify_struct/spyglass_spysch/waiver/pragma2Waiver_varfile.swl" ....
Checking Rule ReportStopSummary (Rule 86 of total 402) .... done (Time = 0.00s, Memory = 0.0K)
Checking Rule ReportIgnoreSummary (Rule 87 of total 402) .... done (Time = 0.00s, Memory = 0.0K)

INFO [235]    Restoring design database from directory './spyglass-1/sys_top/.SG_SaveRestoreDB/autogenerated__default_snapshot' ...
              done

Checking Rule InferBlackBox (Rule 88 of total 402) .... done (Time = 0.00s, Memory = 0.0K)
Checking Rule SGDC_waive37 (Rule 89 of total 402) .... done (Time = 0.00s, Memory = 0.0K)
Checking Rule SGDC_waive24 (Rule 90 of total 402) .... done (Time = 0.00s, Memory = 0.0K)
Checking Rule SGDC_waive25 (Rule 91 of total 402) .... done (Time = 0.00s, Memory = 0.0K)
Checking Rule SGDC_waive31 (Rule 92 of total 402) .... done (Time = 0.00s, Memory = 0.0K)
Checking Rule SGDC_waive35 (Rule 93 of total 402) .... done (Time = 0.00s, Memory = -2.7K)
Checking Rule ReportSglibSummary (Rule 94 of total 402) .... done (Time = 0.00s, Memory = -4.7K)
Checking Rule DetectTopDesignUnits (Rule 95 of total 402)
 Detected 1 top level design units:
     sys_top
 .... done (Time = 0.00s, Memory = -0.7K)
Checking Rule GenerateConfMap (Rule 96 of total 402) .... done (Time = 0.00s, Memory = 0.0K)
Checking Rule Pragma_setupa for module CLK_GATE (Rule 97 of total 402) .... done (Time = 0.00s, Memory = 0.0K)
Checking Rule Pragma_setupa for module RST_SYNCH (Rule 97 of total 402) .... done (Time = 0.00s, Memory = 0.0K)
Checking Rule Pragma_setupa for module clk_div (Rule 97 of total 402) .... done (Time = 0.00s, Memory = 0.0K)
Checking Rule Pragma_setupa for module DeSerializer (Rule 97 of total 402) .... done (Time = 0.00s, Memory = 0.0K)
Checking Rule Pragma_setupa for module Data_sampling (Rule 97 of total 402) .... done (Time = 0.00s, Memory = 0.0K)
Checking Rule Pragma_setupa for module Edge_Bit_Counter (Rule 97 of total 402) .... done (Time = 0.00s, Memory = 0.0K)
Checking Rule Pragma_setupa for module Parity_chk (Rule 97 of total 402) .... done (Time = 0.00s, Memory = 0.0K)
Checking Rule Pragma_setupa for module Strt_chk (Rule 97 of total 402) .... done (Time = 0.00s, Memory = 0.0K)
Checking Rule Pragma_setupa for module stp_chk (Rule 97 of total 402) .... done (Time = 0.00s, Memory = 0.0K)
Checking Rule Pragma_setupa for module RX_FSM (Rule 97 of total 402) .... done (Time = 0.00s, Memory = 0.0K)
Checking Rule Pragma_setupa for module RX_TOP (Rule 97 of total 402) .... done (Time = 0.00s, Memory = 0.0K)
Checking Rule Pragma_setupa for module MUX (Rule 97 of total 402) .... done (Time = 0.00s, Memory = 0.0K)
Checking Rule Pragma_setupa for module parity (Rule 97 of total 402) .... done (Time = 0.00s, Memory = 0.0K)
Checking Rule Pragma_setupa for module TX_FSM (Rule 97 of total 402) .... done (Time = 0.00s, Memory = 0.0K)
Checking Rule Pragma_setupa for module serializer (Rule 97 of total 402) .... done (Time = 0.00s, Memory = 0.0K)
Checking Rule Pragma_setupa for module TX_TOP (Rule 97 of total 402) .... done (Time = 0.00s, Memory = 0.0K)
Checking Rule Pragma_setupa for module UART (Rule 97 of total 402) .... done (Time = 0.00s, Memory = 0.0K)
Checking Rule Pragma_setupa for module Data_Synch (Rule 97 of total 402) .... done (Time = 0.00s, Memory = 0.0K)
Checking Rule Pragma_setupa for module SYS_CTRL (Rule 97 of total 402) .... done (Time = 0.00s, Memory = 0.0K)
Checking Rule Pragma_setupa for module Register (Rule 97 of total 402) .... done (Time = 0.00s, Memory = 0.0K)
Checking Rule Pragma_setupa for module ALU (Rule 97 of total 402) .... done (Time = 0.00s, Memory = 0.0K)
Checking Rule Pragma_setupa for module FIFO_RD (Rule 97 of total 402) .... done (Time = 0.00s, Memory = 0.0K)
Checking Rule Pragma_setupa for module FIFO_WR (Rule 97 of total 402) .... done (Time = 0.00s, Memory = 0.0K)
Checking Rule Pragma_setupa for module DF_SYNC (Rule 97 of total 402) .... done (Time = 0.00s, Memory = 0.0K)
Checking Rule Pragma_setupa for module FIFO_MEM_CNTRL (Rule 97 of total 402) .... done (Time = 0.00s, Memory = 0.0K)
Checking Rule Pragma_setupa for module FIFO_TOP (Rule 97 of total 402) .... done (Time = 0.00s, Memory = 0.0K)
Checking Rule Pragma_setupa for module PULSE_GEN (Rule 97 of total 402) .... done (Time = 0.00s, Memory = 0.0K)
Checking Rule Pragma_setupa for module sys_top (Rule 97 of total 402) .... done (Time = 0.00s, Memory = 0.0K)
Performing semantic checks on SGDC contents
Checking Rule SGDC_testmode03 (Rule 98 of total 402) .... done (Time = 0.00s, Memory = -1.2K)
Checking Rule Pragma_setupb (Rule 99 of total 402) .... done (Time = 0.00s, Memory = -8.0K)
Checking Rule _vhMeta01 (Rule 100 of total 402) .... done (Time = 0.00s, Memory = 0.0K)
Checking Rule _meta_delay01 (Rule 101 of total 402) .... done (Time = 0.00s, Memory = 0.9K)
Checking Rule CheckCelldefine (Rule 102 of total 402) .... done (Time = 0.00s, Memory = 0.0K)
Checking Rule checkSGDC_01 (Rule 103 of total 402) .... done (Time = 0.00s, Memory = 0.0K)
Checking Rule checkSGDC_03 (Rule 104 of total 402) .... done (Time = 0.00s, Memory = 0.0K)
Checking Rule checkSGDC_08 (Rule 105 of total 402) .... done (Time = 0.00s, Memory = 0.0K)
Checking Rule SGDC_memorywritepin04 (Rule 106 of total 402) .... done (Time = 0.00s, Memory = 15.0K)
Checking Rule SGDC_reset02 (Rule 107 of total 402) .... done (Time = 0.00s, Memory = 15.2K)
Checking Rule SGDC_reset03 (Rule 108 of total 402) .... done (Time = 0.00s, Memory = 0.8K)
Checking Rule SGDC_waive23 (Rule 109 of total 402) .... done (Time = 0.00s, Memory = 0.0K)
Checking Rule SGDC_waive26 (Rule 110 of total 402) .... done (Time = 0.00s, Memory = 0.3K)
Checking Rule SGDC_waive27 (Rule 111 of total 402) .... done (Time = 0.00s, Memory = 0.0K)
Checking Rule SGDC_waive29 (Rule 112 of total 402) .... done (Time = 0.00s, Memory = 0.0K)
Checking Rule SGDC_libgroup03 (Rule 113 of total 402) .... done (Time = 0.00s, Memory = 0.0K)
Checking Rule SGDC_ungroup02 (Rule 114 of total 402) .... done (Time = 0.00s, Memory = 0.0K)
Checking Rule _abstractPortSGDC (Rule 115 of total 402) .... done (Time = 0.00s, Memory = 39.3K)
Checking Rule SGDC_abstract_port03 (Rule 116 of total 402) .... done (Time = 0.00s, Memory = 0.0K)
Checking Rule SGDC_abstract_port04 (Rule 117 of total 402) .... done (Time = 0.00s, Memory = 0.0K)
Checking Rule SGDC_abstract_port05 (Rule 118 of total 402) .... done (Time = 0.00s, Memory = 0.0K)
Checking Rule SGDC_abstract_port07 (Rule 119 of total 402) .... done (Time = 0.00s, Memory = 0.0K)
Checking Rule SGDC_abstract_port08 (Rule 120 of total 402) .... done (Time = 0.00s, Memory = -1.6K)
Checking Rule SGDC_abstract_port10 (Rule 121 of total 402) .... done (Time = 0.00s, Memory = 0.0K)
Checking Rule SGDC_abstract_port11 (Rule 122 of total 402) .... done (Time = 0.00s, Memory = 0.9K)
Checking Rule SGDC_abstract_port12 (Rule 123 of total 402) .... done (Time = 0.00s, Memory = 0.0K)
Checking Rule SGDC_abstract_port13 (Rule 124 of total 402) .... done (Time = 0.00s, Memory = -1.9K)
Checking Rule _cdc_save_license01 (Rule 125 of total 402) .... done (Time = 0.00s, Memory = 0.4K)
Checking Rule syncRstReq (Rule 126 of total 402) .... done (Time = 0.00s, Memory = 0.0K)
Checking Rule syncRstReq (Rule 127 of total 402) .... done (Time = 0.00s, Memory = -8.0K)
Checking Rule _syncResetStyleRTL (Rule 128 of total 402) .... done (Time = 0.00s, Memory = 0.0K)
Checking Rule _deltaDelay (Rule 129 of total 402) .... done (Time = 0.00s, Memory = -30.0K)
Checking Rule _deltaDelay (Rule 130 of total 402) .... done (Time = 0.00s, Memory = 0.0K)
Checking Rule _deltaDelayNom (Rule 131 of total 402) .... done (Time = 0.00s, Memory = 11.2K)
Checking Rule Ac_multitop01 (Rule 132 of total 402) .... done (Time = 0.00s, Memory = -0.8K)
Checking Rule AcOvlRtl (Rule 133 of total 402) .... done (Time = 0.00s, Memory = -0.6K)
Checking Rule AcOvlRtl (Rule 134 of total 402) .... done (Time = 0.00s, Memory = -34.2K)
Checking Rule Ac_svasetup01 (Rule 135 of total 402) .... done (Time = 0.00s, Memory = -0.9K)
Checking Rule ReportUngroup (Rule 136 of total 402) .... done (Time = 0.00s, Memory = 3.8K)
Checking Rule SGDC_allow_combo_logic02 (Rule 137 of total 402) .... done (Time = 0.00s, Memory = 0.0K)
Checking Rule _portRetenClocknReset (Rule 138 of total 402) .... done (Time = 0.00s, Memory = 0.0K)
Checking Rule _portReten (Rule 139 of total 402) .... done (Time = 0.00s, Memory = 0.5K)
Checking Rule SGDC_meta_design_hier01 (Rule 140 of total 402) .... done (Time = 0.00s, Memory = 0.0K)
Checking Rule LP_POWERDATA_INFO (Rule 141 of total 402) .... done (Time = 0.00s, Memory = 0.0K)
Checking Rule SGDC_abstract_port21 (Rule 142 of total 402) .... done (Time = 0.00s, Memory = 0.0K)
Checking Rule SGDC_input02 (Rule 143 of total 402) .... done (Time = 0.00s, Memory = 0.0K)
Checking Rule SGDC_input03 (Rule 144 of total 402) .... done (Time = 0.00s, Memory = 0.0K)
Checking Rule SGDC_output02 (Rule 145 of total 402) .... done (Time = 0.00s, Memory = 0.0K)
Checking Rule SGDC_output04 (Rule 146 of total 402) .... done (Time = 0.00s, Memory = 0.0K)
Checking Rule SGDC_numflops03a (Rule 147 of total 402) .... done (Time = 0.00s, Memory = 4.0K)
Checking Rule SGDC_numflops03b (Rule 148 of total 402) .... done (Time = 0.00s, Memory = 0.0K)
Checking Rule SGDC_numflops12 (Rule 149 of total 402) .... done (Time = 0.00s, Memory = -15.0K)
Checking Rule SGDC_sync_cell02b (Rule 150 of total 402) .... done (Time = 0.00s, Memory = 0.0K)
Checking Rule SGDC_sync_cell11 (Rule 151 of total 402) .... done (Time = 0.00s, Memory = 0.0K)
Checking Rule SGDC_qualifier02c (Rule 152 of total 402) .... done (Time = 0.00s, Memory = 0.8K)
Checking Rule SGDC_qualifier03c (Rule 153 of total 402) .... done (Time = 0.00s, Memory = 0.0K)
Checking Rule LPwrRulesSetup (Rule 154 of total 402) .... done (Time = 0.00s, Memory = 32.0K)
 Flattening sys_top (.lib instances separately flattened) ....
 Flattening completed
Checking Rule SGDC_quasi_static_style01 (Rule 155 of total 402) .... done (Time = 0.00s, Memory = 0.0K)
Checking Rule SignalTypeSetup (Rule 156 of total 402) .... done (Time = 0.00s, Memory = 8.0K)
Checking Rule _allowInst (Rule 157 of total 402) .... done (Time = 0.00s, Memory = 0.0K)
Checking Rule _ipblock (Rule 158 of total 402) .... done (Time = 0.00s, Memory = -7.9K)
Checking Rule _rstSyncCellInst (Rule 159 of total 402) .... done (Time = 0.00s, Memory = -1.0K)
Checking Rule _syncCellDelayedQualifier (Rule 160 of total 402) .... done (Time = 0.00s, Memory = 3.9K)
Checking Rule _repeaterCellInst (Rule 161 of total 402) .... done (Time = 0.00s, Memory = 0.4K)
Checking Rule _abstract_port (Rule 162 of total 402) .... done (Time = 0.01s, Memory = 10.1K)
Checking Rule Clock_setup02 (Rule 163 of total 402) .... done (Time = 0.01s, Memory = 33.6K)
Checking Rule Clockmatrix01 (Rule 164 of total 402) .... done (Time = 0.00s, Memory = 8.0K)
Checking Rule Clock_prop (Rule 165 of total 402) .... done (Time = 0.00s, Memory = 589.6K)
Checking Rule Reset_prop (Rule 166 of total 402) .... done (Time = 0.00s, Memory = 82.9K)
Checking Rule SGDC_generated_clock06 (Rule 167 of total 402) .... done (Time = 0.00s, Memory = 4.7K)
Checking Rule Propagate_Clocks (Rule 168 of total 402) .... done (Time = 0.01s, Memory = 213.4K)
Checking Rule _syncreset_prop (Rule 169 of total 402) .... done (Time = 0.00s, Memory = 12.0K)
Checking Rule _syncc (Rule 170 of total 402) .... done (Time = 0.00s, Memory = 32.0K)
Checking Rule _syncb (Rule 171 of total 402) .... done (Time = 0.00s, Memory = 7.6K)
Checking Rule _resetPathCross (Rule 172 of total 402) .... done (Time = 0.00s, Memory = 0.0K)
Checking Rule FalsePathSetup (Rule 173 of total 402) .... done (Time = 0.00s, Memory = 0.0K)
Checking Rule _fifo01 (Rule 174 of total 402) .... done (Time = 0.00s, Memory = 0.0K)
Checking Rule _syncfifo (Rule 175 of total 402) .... done (Time = 0.00s, Memory = 16.0K)
Checking Rule _syncUDfifo (Rule 176 of total 402) .... done (Time = 0.00s, Memory = -30.4K)
Checking Rule _syncdw (Rule 177 of total 402) .... done (Time = 0.00s, Memory = 0.0K)
Checking Rule _syncd (Rule 178 of total 402) .... done (Time = 0.00s, Memory = 0.0K)
Checking Rule _syncg (Rule 179 of total 402) .... done (Time = 0.01s, Memory = 25.9K)
Checking Rule _sync_clock (Rule 180 of total 402) .... done (Time = 0.00s, Memory = 0.0K)
Checking Rule _sync_gp (Rule 181 of total 402) .... done (Time = 0.00s, Memory = 0.0K)
Checking Rule _sync_and (Rule 182 of total 402) .... done (Time = 0.00s, Memory = 0.0K)
Checking Rule _synci (Rule 183 of total 402) .... done (Time = 0.00s, Memory = 0.0K)
Checking Rule _sync_qualifier (Rule 184 of total 402) .... done (Time = 0.00s, Memory = 0.0K)
Checking Rule SGDC_fifo11 (Rule 185 of total 402) .... done (Time = 0.00s, Memory = 3.9K)
Checking Rule SGDC_fifo12 (Rule 186 of total 402) .... done (Time = 0.00s, Memory = 5.8K)
Checking Rule SGDC_fifo13 (Rule 187 of total 402) .... done (Time = 0.00s, Memory = -32.9K)
Checking Rule SGDC_fifo14 (Rule 188 of total 402) .... done (Time = 0.00s, Memory = 0.0K)
Checking Rule Gen_diff01 (Rule 189 of total 402) .... done (Time = 0.00s, Memory = 0.0K)
Checking Rule _debugData (Rule 190 of total 402) .... done (Time = 0.01s, Memory = 59.0K)
Checking Rule Ac_Sync_Init (Rule 191 of total 402) .... done (Time = 0.01s, Memory = 261.4K)
Checking Rule _propagate_cdcAttrib (Rule 192 of total 402) .... done (Time = 0.00s, Memory = 2.5K)
Checking Rule Ar_Cross_Init (Rule 193 of total 402) .... done (Time = 0.00s, Memory = 0.0K)
Checking Rule SGDC_cdc_define_transition01 (Rule 194 of total 402) .... done (Time = 0.00s, Memory = 0.0K)
Checking Rule UPF_lowpower08PR (Rule 195 of total 402) .... done (Time = 0.00s, Memory = 0.0K)
Checking Rule UPF_lowpower08 (Rule 196 of total 402) .... done (Time = 0.00s, Memory = 0.0K)
Checking Rule Setup_check01 (Rule 197 of total 402) .... done (Time = 0.00s, Memory = -6.5K)
Checking Rule Setup_check02 (Rule 198 of total 402) .... done (Time = 0.00s, Memory = 0.0K)
Checking Rule Info_Case_Analysis (Rule 199 of total 402) .... done (Time = 0.00s, Memory = -13.1K)
Checking Rule SGDC_set_case_analysis_LC (Rule 200 of total 402) .... done (Time = 0.00s, Memory = 10.5K)
Checking Rule Setup_quasi_static01 (Rule 201 of total 402) .... done (Time = 0.00s, Memory = 50.3K)
Checking Rule SGDC_signal_in_domain02 (Rule 202 of total 402) .... done (Time = 0.00s, Memory = -0.8K)
Checking Rule SGDC_signal_in_domain04 (Rule 203 of total 402) .... done (Time = 0.00s, Memory = 0.0K)
Checking Rule SGDC_numflops03c (Rule 204 of total 402) .... done (Time = 0.00s, Memory = 0.0K)
Checking Rule SGDC_numflops04 (Rule 205 of total 402) .... done (Time = 0.00s, Memory = 0.0K)
Checking Rule SGDC_numflops05 (Rule 206 of total 402) .... done (Time = 0.00s, Memory = 0.0K)
Checking Rule SGDC_numflops06 (Rule 207 of total 402) .... done (Time = 0.00s, Memory = 0.0K)
Checking Rule SGDC_numflops11 (Rule 208 of total 402) .... done (Time = 0.00s, Memory = 0.0K)
Checking Rule SGDC_numflops13 (Rule 209 of total 402) .... done (Time = 0.00s, Memory = -0.3K)
Checking Rule SGDC_numflops14 (Rule 210 of total 402) .... done (Time = 0.00s, Memory = 24.0K)
Checking Rule SGDC_clocksense02 (Rule 211 of total 402) .... done (Time = 0.00s, Memory = 0.0K)
Checking Rule SGDC_clocksense03 (Rule 212 of total 402) .... done (Time = 0.00s, Memory = 3.1K)
Checking Rule SGDC_sgclkgroup01 (Rule 213 of total 402) .... done (Time = 0.00s, Memory = 0.0K)
Checking Rule SGDC_sgclkgroup02 (Rule 214 of total 402) .... done (Time = 0.00s, Memory = 8.0K)
Checking Rule SGDC_sgclkgroup03 (Rule 215 of total 402) .... done (Time = 0.00s, Memory = 1.6K)
Checking Rule SGDC_check_clock_relation01a (Rule 216 of total 402) .... done (Time = 0.00s, Memory = 13.1K)
Checking Rule SGDC_check_clock_relation01b (Rule 217 of total 402) .... done (Time = 0.00s, Memory = 0.0K)
Checking Rule SGDC_check_clock_relation01c (Rule 218 of total 402) .... done (Time = 0.00s, Memory = 0.0K)
Checking Rule SGDC_check_clock_relation02a (Rule 219 of total 402) .... done (Time = 0.00s, Memory = 0.0K)
Checking Rule SGDC_check_clock_relation02b (Rule 220 of total 402) .... done (Time = 0.00s, Memory = 0.0K)
Checking Rule SGDC_check_clock_relation02c (Rule 221 of total 402) .... done (Time = 0.00s, Memory = 32.0K)
Checking Rule SGDC_check_clock_relation03b (Rule 222 of total 402) .... done (Time = 0.00s, Memory = 0.0K)
Checking Rule SGDC_check_clock_relation04b (Rule 223 of total 402) .... done (Time = 0.00s, Memory = -32.0K)
Checking Rule CheckClockRelationSetup (Rule 224 of total 402) .... done (Time = 0.00s, Memory = -32.9K)
Checking Rule SGDC_gray_signals01 (Rule 225 of total 402) .... done (Time = 0.00s, Memory = -3.0K)
Checking Rule SGDC_gray_signals02 (Rule 226 of total 402) .... done (Time = 0.00s, Memory = 8.0K)
Checking Rule SGDC_gray_signals03 (Rule 227 of total 402) .... done (Time = 0.00s, Memory = -1.5K)
Checking Rule SGDC_qualifier02a (Rule 228 of total 402) .... done (Time = 0.00s, Memory = 0.0K)
Checking Rule SGDC_qualifier03a (Rule 229 of total 402) .... done (Time = 0.00s, Memory = -2.0K)
Checking Rule SGDC_qualifier04 (Rule 230 of total 402) .... done (Time = 0.00s, Memory = 0.0K)
Checking Rule SGDC_qualifier05 (Rule 231 of total 402) .... done (Time = 0.00s, Memory = 0.0K)
Checking Rule SGDC_qualifier08 (Rule 232 of total 402) .... done (Time = 0.00s, Memory = 0.0K)
Checking Rule QualifierSetup (Rule 233 of total 402) .... done (Time = 0.00s, Memory = 0.0K)
Checking Rule ResetSynchronizerSetup (Rule 234 of total 402) .... done (Time = 0.00s, Memory = 32.0K)
Checking Rule SGDC_validation_filter_path03 (Rule 235 of total 402) .... done (Time = 0.00s, Memory = 0.0K)
Checking Rule SGDC_qualifier10 (Rule 236 of total 402) .... done (Time = 0.00s, Memory = 0.0K)
Checking Rule SGDC_qualifier11 (Rule 237 of total 402) .... done (Time = 0.00s, Memory = 15.8K)
Checking Rule SGDC_qualifier12 (Rule 238 of total 402) .... done (Time = 0.00s, Memory = 0.0K)
Checking Rule SGDC_qualifier13 (Rule 239 of total 402) .... done (Time = 0.00s, Memory = 0.0K)
Checking Rule SGDC_qualifier14 (Rule 240 of total 402) .... done (Time = 0.00s, Memory = 0.0K)
Checking Rule SGDC_qualifier16 (Rule 241 of total 402) .... done (Time = 0.00s, Memory = 0.0K)
Checking Rule SGDC_qualifier18 (Rule 242 of total 402) .... done (Time = 0.00s, Memory = 0.0K)
Checking Rule SGDC_qualifier19a (Rule 243 of total 402) .... done (Time = 0.00s, Memory = 0.0K)
Checking Rule SGDC_qualifier19b (Rule 244 of total 402) .... done (Time = 0.00s, Memory = -32.2K)
Checking Rule SGDC_qualifier19c (Rule 245 of total 402) .... done (Time = 0.00s, Memory = 31.5K)
Checking Rule SGDC_qualifier20b (Rule 246 of total 402) .... done (Time = 0.00s, Memory = -0.3K)
Checking Rule SGDC_qualifier21 (Rule 247 of total 402) .... done (Time = 0.00s, Memory = 0.0K)
Checking Rule SGDC_qualifier22 (Rule 248 of total 402) .... done (Time = 0.00s, Memory = 4.7K)
Checking Rule SGDC_qualifier23 (Rule 249 of total 402) .... done (Time = 0.00s, Memory = 0.0K)
Checking Rule SGDC_virtualclock01 (Rule 250 of total 402) .... done (Time = 0.00s, Memory = 0.0K)
Checking Rule SGDC_virtualreset01 (Rule 251 of total 402) .... done (Time = 0.00s, Memory = 0.0K)
Checking Rule SGDC_abstract_port19 (Rule 252 of total 402) .... done (Time = 0.00s, Memory = -27.0K)
Checking Rule SGDC_abstract_port20 (Rule 253 of total 402) .... done (Time = 0.00s, Memory = 32.0K)
Checking Rule RFPSetup (Rule 254 of total 402) .... done (Time = 0.00s, Memory = -1.8K)
Checking Rule SGDC_reset_filter_path02a (Rule 255 of total 402) .... done (Time = 0.00s, Memory = -2.0K)
Checking Rule SGDC_reset_filter_path02b (Rule 256 of total 402) .... done (Time = 0.00s, Memory = 0.0K)
Checking Rule SGDC_reset_filter_path02c (Rule 257 of total 402) .... done (Time = 0.00s, Memory = 0.0K)
Checking Rule SGDC_reset_filter_path03a (Rule 258 of total 402) .... done (Time = 0.00s, Memory = 0.0K)
Checking Rule SGDC_reset_filter_path03b (Rule 259 of total 402) .... done (Time = 0.00s, Memory = 0.0K)
Checking Rule SGDC_reset_filter_path03c (Rule 260 of total 402) .... done (Time = 0.00s, Memory = 0.0K)
Checking Rule SGDC_reset_filter_path04b (Rule 261 of total 402) .... done (Time = 0.00s, Memory = 0.0K)
Checking Rule SGDC_reset_filter_path07a (Rule 262 of total 402) .... done (Time = 0.00s, Memory = 0.0K)
Checking Rule SGDC_reset_filter_path07b (Rule 263 of total 402) .... done (Time = 0.00s, Memory = 0.0K)
Checking Rule SGDC_reset_filter_path07c (Rule 264 of total 402) .... done (Time = 0.00s, Memory = 0.0K)
Checking Rule SGDC_define_reset_order03 (Rule 265 of total 402) .... done (Time = 0.00s, Memory = 0.0K)
Checking Rule SGDC_define_reset_order04 (Rule 266 of total 402) .... done (Time = 0.00s, Memory = 0.0K)
Checking Rule SGDC_define_reset_order05 (Rule 267 of total 402) .... done (Time = 0.00s, Memory = 0.0K)
Checking Rule SGDC_cdc_false_path06 (Rule 268 of total 402) .... done (Time = 0.00s, Memory = 0.0K)
Checking Rule SGDC_cdc_false_path07 (Rule 269 of total 402) .... done (Time = 0.00s, Memory = 0.0K)
Checking Rule SGDC_cdc_false_path08 (Rule 270 of total 402) .... done (Time = 0.00s, Memory = 0.0K)
Checking Rule CDCSet_License01 (Rule 271 of total 402) .... done (Time = 0.00s, Memory = 0.0K)
Checking Rule Clock_info03a (Rule 272 of total 402) .... done (Time = 0.00s, Memory = 0.4K)
Checking Rule Clock_info03b (Rule 273 of total 402) .... done (Time = 0.00s, Memory = -28.4K)
Checking Rule Clock_info03c (Rule 274 of total 402) .... done (Time = 0.00s, Memory = 0.0K)
Checking Rule Ac_coherency06 (Rule 275 of total 402) .... done (Time = 0.00s, Memory = 0.0K)
Checking Rule Ac_unsync01 (Rule 276 of total 402) .... done (Time = 0.00s, Memory = 0.0K)
Checking Rule Ac_unsync02 (Rule 277 of total 402) .... done (Time = 0.00s, Memory = 0.0K)
Checking Rule Ac_sync01 (Rule 278 of total 402) .... done (Time = 0.00s, Memory = 0.0K)
Checking Rule Ac_sync02 (Rule 279 of total 402) .... done (Time = 0.00s, Memory = 0.0K)
Checking Rule Ac_crossing01 (Rule 280 of total 402) .... done (Time = 0.00s, Memory = -2.3K)
Checking Rule Propagate_Resets (Rule 281 of total 402) .... done (Time = 0.00s, Memory = 11.7K)
Checking Rule _reset_sync (Rule 282 of total 402) .... done (Time = 0.00s, Memory = -2.2K)
Checking Rule Setup_port01 (Rule 283 of total 402) .... done (Time = 0.00s, Memory = 0.0K)
Checking Rule Setup_blackbox01 (Rule 284 of total 402) .... done (Time = 0.00s, Memory = 0.0K)
Checking Rule Setup_library01 (Rule 285 of total 402) .... done (Time = 0.00s, Memory = 0.0K)
Checking Rule Reset_check11 (Rule 286 of total 402) .... done (Time = 0.00s, Memory = 33.4K)
Checking Rule Reset_info09a (Rule 287 of total 402) .... done (Time = 0.00s, Memory = 0.0K)
Checking Rule Clock_sync05 (Rule 288 of total 402) .... done (Time = 0.00s, Memory = -32.0K)
Checking Rule Clock_sync06 (Rule 289 of total 402) .... done (Time = 0.00s, Memory = -3.4K)
Checking Rule Clock_info02 (Rule 290 of total 402) .... done (Time = 0.01s, Memory = -33.2K)
Checking Rule Reset_info02 (Rule 291 of total 402) .... done (Time = 0.00s, Memory = -0.6K)
Checking Rule Clock_info05 (Rule 292 of total 402) .... done (Time = 0.00s, Memory = 0.0K)
Checking Rule Clock_info05b (Rule 293 of total 402) .... done (Time = 0.00s, Memory = 24.0K)
Checking Rule Reset_check03 (Rule 294 of total 402) .... done (Time = 0.00s, Memory = 8.7K)
Checking Rule _clkWrapModules (Rule 295 of total 402) .... done (Time = 0.00s, Memory = 0.5K)
Checking Rule _clock_hier_rules (Rule 296 of total 402) .... done (Time = 0.00s, Memory = 8.4K)
Checking Rule Reset_check12 (Rule 297 of total 402) .... done (Time = 0.00s, Memory = -43.9K)
Checking Rule Ar_sync_init (Rule 298 of total 402) .... done (Time = 0.02s, Memory = 50.6K)
Checking Rule _constrCoverage (Rule 299 of total 402) .... done (Time = 0.01s, Memory = -7.8K)
Checking Rule Clock_info15 (Rule 300 of total 402) .... done (Time = 0.00s, Memory = 26.2K)
Checking Rule Reset_check10 (Rule 301 of total 402) .... done (Time = 0.00s, Memory = 23.5K)
Checking Rule Reset_sync02 (Rule 302 of total 402) .... done (Time = 0.00s, Memory = -6.0K)
Checking Rule SGDC_clockreset02 (Rule 303 of total 402) .... done (Time = 0.00s, Memory = -1.2K)
Checking Rule Param_clockreset02 (Rule 304 of total 402) .... done (Time = 0.00s, Memory = 0.0K)
Checking Rule Param_clockreset04 (Rule 305 of total 402) .... done (Time = 0.00s, Memory = 0.0K)
Checking Rule Setup_clockreset01 (Rule 306 of total 402) .... done (Time = 0.00s, Memory = 0.0K)
Checking Rule Clock_check07 (Rule 307 of total 402) .... done (Time = 0.00s, Memory = 0.0K)
Checking Rule Clock_check10 (Rule 308 of total 402) .... done (Time = 0.00s, Memory = 0.0K)
Checking Rule Reset_check08 (Rule 309 of total 402) .... done (Time = 0.00s, Memory = 0.0K)
Checking Rule Clock_converge01 (Rule 310 of total 402) .... done (Time = 0.00s, Memory = 0.0K)
Checking Rule Ar_converge01 (Rule 311 of total 402) .... done (Time = 0.00s, Memory = 1.8K)
Checking Rule SGDC_noclockcell_start01 (Rule 312 of total 402) .... done (Time = 0.00s, Memory = 0.0K)
Checking Rule Ac_initseq01 (Rule 313 of total 402) .... done (Time = 0.00s, Memory = 0.0K)
Checking Rule Ac_init01 (Rule 314 of total 402) .... done (Time = 0.00s, Memory = 0.0K)
Checking Rule _ac_Auxi01 (Rule 315 of total 402) .... done (Time = 0.00s, Memory = 0.0K)
Checking Rule Ac_sanity02 (Rule 316 of total 402) .... done (Time = 0.00s, Memory = 0.0K)
Checking Rule _glitch_init (Rule 317 of total 402) .... done (Time = 0.00s, Memory = 27.0K)
Checking Rule Ac_initstate01 (Rule 318 of total 402) .... done (Time = 0.00s, Memory = 0.0K)
Checking Rule Ac_conv02 (Rule 319 of total 402) .... done (Time = 0.00s, Memory = -23.9K)
Checking Rule Ac_conv02setup01 (Rule 320 of total 402) .... done (Time = 0.00s, Memory = 0.0K)
Checking Rule Ac_conv01 (Rule 321 of total 402) .... done (Time = 0.01s, Memory = 4.5K)
Checking Rule Ac_conv03 (Rule 322 of total 402) .... done (Time = 0.00s, Memory = 6.6K)
Checking Rule Ac_conv04 (Rule 323 of total 402) .... done (Time = 0.00s, Memory = 4.0K)
Checking Rule Ac_abs01 (Rule 324 of total 402) .... done (Time = 0.00s, Memory = 0.0K)
Checking Rule Ac_glitch03 (Rule 325 of total 402) .... done (Time = 0.00s, Memory = 0.0K)
Checking Rule Ac_clockperiod01 (Rule 326 of total 402) .... done (Time = 0.00s, Memory = 0.0K)
Checking Rule Ac_clockperiod02 (Rule 327 of total 402) .... done (Time = 0.00s, Memory = 0.0K)
Checking Rule Ac_clockperiod03 (Rule 328 of total 402) .... done (Time = 0.00s, Memory = 0.0K)
Checking Rule Ac_report01 (Rule 329 of total 402) .... done (Time = 0.00s, Memory = -0.1K)
Checking Rule AllowComboLogicSetup (Rule 330 of total 402) .... done (Time = 0.00s, Memory = 0.0K)
Checking Rule Ac_resetvalue01 (Rule 331 of total 402) .... done (Time = 0.00s, Memory = 0.0K)
Checking Rule Ac_abstract_validation01 (Rule 332 of total 402) .... done (Time = 0.00s, Memory = 24.0K)
Checking Rule SGDC_abstract_mapping01 (Rule 333 of total 402) .... done (Time = 0.00s, Memory = 0.0K)
Checking Rule Ac_upfsetup02 (Rule 334 of total 402) .... done (Time = 0.00s, Memory = 0.0K)
Checking Rule Ac_upfsetup01 (Rule 335 of total 402) .... done (Time = 0.00s, Memory = 0.0K)
Checking Rule Ac_psync_init (Rule 336 of total 402) .... done (Time = 0.00s, Memory = 0.0K)
Checking Rule Ac_psetup01 (Rule 337 of total 402) .... done (Time = 0.00s, Memory = 0.0K)
Checking Rule Clock_exit01 (Rule 338 of total 402) .... done (Time = 0.00s, Memory = 0.0K)
Checking Rule SGDC_reset_synchronizer02 (Rule 339 of total 402) .... done (Time = 0.00s, Memory = 0.0K)
Checking Rule SGDC_reset_synchronizer04 (Rule 340 of total 402) .... done (Time = 0.00s, Memory = 0.0K)
Checking Rule SGDC_reset_synchronizer06 (Rule 341 of total 402) .... done (Time = 0.00s, Memory = 0.0K)
Checking Rule SGDC_reset_synchronizer08 (Rule 342 of total 402) .... done (Time = 0.00s, Memory = 0.0K)
Checking Rule SGDC_reset_synchronizer10 (Rule 343 of total 402) .... done (Time = 0.00s, Memory = 0.0K)
Checking Rule AnalyzeBBox (Rule 344 of total 402) .... done (Time = 0.00s, Memory = 0.0K)
Checking Rule ReportCheckDataSummary (Rule 345 of total 402) .... done (Time = 0.00s, Memory = 0.0K)

Generating data for Console...

SpyGlass Rule Checking Complete.

Generating moresimple report from './spyglass-1/sys_top/cdc/cdc_verify_struct/spyglass.vdb' to './spyglass-1/sys_top/cdc/cdc_verify_struct/spyglass_reports/moresimple.rpt' ....

Generating runsummary report from './spyglass-1/sys_top/cdc/cdc_verify_struct/spyglass.vdb' ....

Generating no_msg_reporting_rules report from './spyglass-1/sys_top/cdc/cdc_verify_struct/spyglass.vdb' to './spyglass-1/sys_top/cdc/cdc_verify_struct/spyglass_reports/no_msg_reporting_rules.rpt' ....

Generating CDC-report report from './spyglass-1/sys_top/cdc/cdc_verify_struct/spyglass.vdb' to './spyglass-1/sys_top/cdc/cdc_verify_struct/spyglass_reports/CDC-report.rpt' ....

Generating CKSGDCInfo report from './spyglass-1/sys_top/cdc/cdc_verify_struct/spyglass.vdb' to './spyglass-1/sys_top/cdc/cdc_verify_struct/spyglass_reports/CKSGDCInfo.rpt' ....

Generating RSTree report from './spyglass-1/sys_top/cdc/cdc_verify_struct/spyglass.vdb' to './spyglass-1/sys_top/cdc/cdc_verify_struct/spyglass_reports/RSTree.rpt' ....

Generating CKTree report from './spyglass-1/sys_top/cdc/cdc_verify_struct/spyglass.vdb' to './spyglass-1/sys_top/cdc/cdc_verify_struct/spyglass_reports/CKTree.rpt' ....

Policy specific data (reports) are present in the directory './spyglass-1/sys_top/cdc/cdc_verify_struct/spyglass_reports'.

SpyGlass critical reports for the current run are present in directory './spyglass-1/consolidated_reports/sys_top_cdc_cdc_verify_struct/'.

---------------------------------------------------------------------------------------------
Results Summary:
---------------------------------------------------------------------------------------------
   Goal Run           :      cdc/cdc_verify_struct
   Command-line read  :      0 error,      0 warning,      1 information message 
   Design Read        :      0 error,      0 warning,      3 information messages
      Found 1 top module:
         sys_top   (file: ../rtl/System_Top/SYS_TOP_dft.v)

   Blackbox Resolution:      0 error,      0 warning,      0 information message 
   SGDC Checks        :      0 error,      0 warning,      1 information message 
   Policy clock-reset :      0 error,      3 warnings,    29 information messages
   -------------------------------------------------------------------------------------
   Total              :      0 error,      3 warnings,    34 information messages

  Total Number of Generated Messages     :        37 (0 error, 3 warnings, 34 Infos)
  Number of Reported Messages            :        37 (0 error, 3 warnings, 34 Infos)

---------------------------------------------------------------------------------------------


run_goal: info: updating spyglass.log with goal summary
run_goal: info: spyglass.log successfully updated with goal summary
0 {Rule-checking completed with warnings}./spyglass-1/sys_top/cdc/cdc_verify_struct/spyglass-1_waiver_file.awl./spyglass-1/sys_top/cdc/cdc_verify_struct/spyglass-1_waiver_file.awl./spyglass-1/sys_top/cdc/cdc_verify_struct/spyglass-1_waiver_file.awl6./spyglass-1/sys_top/cdc/cdc_verify_struct/spyglass-1_waiver_file.awl./spyglass-1/sys_top/cdc/cdc_verify_struct/spyglass-1_waiver_file.awl7./spyglass-1/sys_top/cdc/cdc_verify_struct/spyglass-1_waiver_file.awl./spyglass-1/sys_top/cdc/cdc_verify_struct/spyglass-1_waiver_file.awl8./spyglass-1/sys_top/cdc/cdc_verify_struct/spyglass-1_waiver_file.awlcurrent_goal: warning: design query data not saved for last active goal `cdc/cdc_verify_struct'
                       (use `save_goal' command or enable `auto_save' option to save design query data for subsequent goals)
current_goal: info: loading goal `cdc/cdc_setup_check' with top `sys_top' (in progress)
current_goal: info: finished loading goal `cdc/cdc_setup_check' (ok)
 Reading sgdc file "../Spyglass/spy_cons.sgdc" ...
 Reading waiver file "./spyglass-1/sys_top/cdc/cdc_setup_check/spyglass_spysch/waiver/pragma2Waiver.swl" ...
 Reading included SGDC file "./spyglass-1/sys_top/cdc/cdc_setup_check/spyglass_spysch/waiver/pragma2Waiver_varfile.swl" ....

INFO:    SpyGlass will run goal(s) 'cdc/cdc_setup_check'.


 Auto-compiling gates libraries

        "../System_pnr/std_cells/libs/scmetro_tsmc_cl013g_rvt_ss_1p08v_125c.lib"
        "../System_pnr/std_cells/libs/scmetro_tsmc_cl013g_rvt_tt_1p2v_25c.lib"
        "../System_pnr/std_cells/libs/scmetro_tsmc_cl013g_rvt_ff_1p32v_m40c.lib"
    to
        "./spyglass-1/spyglass_cache/autogenerated_sglib/aggregate.sglib" ...already compiled

 Using this already compiled sglib for the current run ...

RULE-CHECKING IN MIXED MODE
Loading spyglass (SpyGlass_vL-2016.06) ... (picked from /home/synopsys/SpyGlass-L2016.06/SPYGLASS_HOME/policies/spyglass)
Loading clock-reset (SpyGlass_vL-2016.06) ... (picked from /home/synopsys/SpyGlass-L2016.06/SPYGLASS_HOME/policies/clock)
 Reading sgdc file "../Spyglass/spy_cons.sgdc" ...
Performing unification checks on SGDC... done
Reading specified sglib files(s) ....
   Processing library: 'scmetro_tsmc_cl013g_rvt_ss_1p08v_125c' .... done
   Processing library: 'scmetro_tsmc_cl013g_rvt_tt_1p2v_25c' .... done
   Processing library: 'scmetro_tsmc_cl013g_rvt_ff_1p32v_m40c' .... done
Checking Rule AutoGenerateSglib (Rule 1 of total 371) .... done (Time = 0.00s, Memory = 0.0K)

INFO [76]    Using `./spyglass-1/sys_top/WORK/64' as the Work Directory for 64bit precompiled dump.
Checking Rule Param_clockreset07 (Rule 2 of total 371) .... done (Time = 0.00s, Memory = 0.0K)
Checking Rule Clock_setup01 (Rule 3 of total 371) .... done (Time = 0.00s, Memory = 31.6K)
Checking Rule Param_clockreset06 (Rule 4 of total 371) .... done (Time = 0.00s, Memory = 0.0K)
Checking Rule SGDC_meta_monitor_attributes01 (Rule 5 of total 371) .... done (Time = 0.00s, Memory = 0.0K)
Checking Rule LP_POWERDATA_CHECK (Rule 6 of total 371) .... done (Time = 0.00s, Memory = 0.0K)
Checking Rule LP_POWERDATA_READ (Rule 7 of total 371) .... done (Time = 0.00s, Memory = 0.0K)
Checking Rule PrecompileLibCheck01 (Rule 8 of total 371) .... done (Time = 0.00s, Memory = 0.0K)
Checking Rule PrecompileLibCheck02 (Rule 9 of total 371) .... done (Time = 0.00s, Memory = -6.1K)
Checking Rule PrecompileLibCheck03 (Rule 10 of total 371) .... done (Time = 0.00s, Memory = 0.0K)
Checking Rule PrecompileLibCheck04 (Rule 11 of total 371) .... done (Time = 0.00s, Memory = 0.0K)
Checking Rule ElabSummary (Rule 12 of total 371) .... done (Time = 0.00s, Memory = -1.9K)
Checking Rule ReportSglibVersionSummary (Rule 13 of total 371) .... done (Time = 0.00s, Memory = -0.4K)
Checking Rule SGDC_assume_path01 (Rule 14 of total 371) .... done (Time = 0.00s, Memory = 0.0K)
Checking Rule SGDC_sdcschema02 (Rule 15 of total 371) .... done (Time = 0.00s, Memory = -0.5K)
Checking Rule SGDC_clock05 (Rule 16 of total 371) .... done (Time = 0.00s, Memory = -2.5K)
Checking Rule SGDC_clock09 (Rule 17 of total 371) .... done (Time = 0.00s, Memory = -1.2K)
Checking Rule SGDC_force_ta05 (Rule 18 of total 371) .... done (Time = 0.00s, Memory = -7.8K)
Checking Rule SGDC_require_path03 (Rule 19 of total 371) .... done (Time = 0.00s, Memory = 0.6K)
Checking Rule SGDC_require_value03 (Rule 20 of total 371) .... done (Time = 0.00s, Memory = 0.0K)
Checking Rule SGDC_voltagedomain05 (Rule 21 of total 371) .... done (Time = 0.00s, Memory = 0.0K)
Checking Rule SGDC_voltagedomain06 (Rule 22 of total 371) .... done (Time = 0.00s, Memory = 0.0K)
Checking Rule SGDC_voltagedomain07 (Rule 23 of total 371) .... done (Time = 0.00s, Memory = 15.0K)
Checking Rule SGDC_powerdomainoutputs02 (Rule 24 of total 371) .... done (Time = 0.00s, Memory = 0.0K)
Checking Rule SGDC_supply01 (Rule 25 of total 371) .... done (Time = 0.00s, Memory = 1.6K)
Checking Rule SGDC_waive01 (Rule 26 of total 371) .... done (Time = 0.00s, Memory = 0.0K)
Checking Rule SGDC_waive02 (Rule 27 of total 371) .... done (Time = 0.00s, Memory = 0.0K)
Checking Rule SGDC_waive03 (Rule 28 of total 371) .... done (Time = 0.00s, Memory = 1.6K)
Checking Rule SGDC_waive04 (Rule 29 of total 371) .... done (Time = 0.00s, Memory = 0.0K)
Checking Rule SGDC_waive05 (Rule 30 of total 371) .... done (Time = 0.00s, Memory = 0.0K)
Checking Rule SGDC_waive06 (Rule 31 of total 371) .... done (Time = 0.00s, Memory = 0.0K)
Checking Rule SGDC_waive07 (Rule 32 of total 371) .... done (Time = 0.00s, Memory = 0.0K)
Checking Rule SGDC_waive08 (Rule 33 of total 371) .... done (Time = 0.00s, Memory = 0.0K)
Checking Rule SGDC_waive09 (Rule 34 of total 371) .... done (Time = 0.00s, Memory = 0.0K)
Checking Rule SGDC_waive10 (Rule 35 of total 371) .... done (Time = 0.00s, Memory = 0.0K)
Checking Rule SGDC_waive11 (Rule 36 of total 371) .... done (Time = 0.00s, Memory = 0.0K)
Checking Rule SGDC_waive12 (Rule 37 of total 371) .... done (Time = 0.00s, Memory = 0.0K)
Checking Rule SGDC_waive13 (Rule 38 of total 371) .... done (Time = 0.00s, Memory = 6.5K)
Checking Rule SGDC_waive21 (Rule 39 of total 371) .... done (Time = 0.00s, Memory = 0.0K)
Checking Rule SGDC_waive22 (Rule 40 of total 371) .... done (Time = 0.00s, Memory = -6.4K)
Checking Rule SGDC_waive30 (Rule 41 of total 371) .... done (Time = 0.00s, Memory = 0.0K)
Checking Rule SGDC_waive32 (Rule 42 of total 371) .... done (Time = 0.00s, Memory = -8.0K)
Checking Rule SGDC_waive33 (Rule 43 of total 371) .... done (Time = 0.00s, Memory = 24.0K)
Checking Rule SGDC_waive36 (Rule 44 of total 371) .... done (Time = 0.00s, Memory = 0.0K)
Checking Rule SGDC_waive38 (Rule 45 of total 371) .... done (Time = 0.00s, Memory = 0.0K)
Checking Rule SGDC_fifo01 (Rule 46 of total 371) .... done (Time = 0.00s, Memory = 32.0K)
Checking Rule SGDC_libgroup01 (Rule 47 of total 371) .... done (Time = 0.00s, Memory = -0.1K)
Checking Rule SGDC_libgroup02 (Rule 48 of total 371) .... done (Time = 0.00s, Memory = 0.0K)
Checking Rule SGDC_libgroup04 (Rule 49 of total 371) .... done (Time = 0.00s, Memory = 0.0K)
Checking Rule SGDC_power_data01 (Rule 50 of total 371) .... done (Time = 0.00s, Memory = 15.0K)
Checking Rule SGDC_ungroup01 (Rule 51 of total 371) .... done (Time = 0.00s, Memory = 0.0K)
Checking Rule SGDC_abstract_port06 (Rule 52 of total 371) .... done (Time = 0.00s, Memory = 15.0K)
Checking Rule SGDC_abstract_port14 (Rule 53 of total 371) .... done (Time = 0.00s, Memory = 0.0K)
Checking Rule SGDC_abstract_port15 (Rule 54 of total 371) .... done (Time = 0.00s, Memory = 0.0K)
Checking Rule SGDC_abstract_port18 (Rule 55 of total 371) .... done (Time = 0.00s, Memory = -26.9K)
Checking Rule sdc_init_rule (Rule 56 of total 371) .... done (Time = 0.00s, Memory = 0.6K)
Checking Rule CMD_ignorelibs01 (Rule 57 of total 371) .... done (Time = 0.00s, Memory = 0.0K)
Checking Rule ReportRuleNotRun (Rule 58 of total 371) .... done (Time = 0.00s, Memory = -25.7K)
Checking Rule SGDC_generated_clock03 (Rule 59 of total 371) .... done (Time = 0.00s, Memory = 0.0K)
Checking Rule SGDC_generated_clock04 (Rule 60 of total 371) .... done (Time = 0.00s, Memory = 19.0K)
Checking Rule SGDC_generated_clock05 (Rule 61 of total 371) .... done (Time = 0.00s, Memory = -8.0K)
Checking Rule SGDC_quasi_static_style02 (Rule 62 of total 371) .... done (Time = 0.00s, Memory = -23.4K)
Checking Rule SGDC_syncresetstyle01 (Rule 63 of total 371) .... done (Time = 0.00s, Memory = 0.0K)
Checking Rule SGDC_network_allowed_cells01 (Rule 64 of total 371) .... done (Time = 0.00s, Memory = 19.4K)
Checking Rule SGDC_numflops01 (Rule 65 of total 371) .... done (Time = 0.00s, Memory = 0.0K)
Checking Rule SGDC_numflops07 (Rule 66 of total 371) .... done (Time = 0.00s, Memory = 0.0K)
Checking Rule SGDC_numflops08 (Rule 67 of total 371) .... done (Time = 0.00s, Memory = 4.0K)
Checking Rule SGDC_numflops09 (Rule 68 of total 371) .... done (Time = 0.00s, Memory = 0.0K)
Checking Rule SGDC_clocksense04 (Rule 69 of total 371) .... done (Time = 0.00s, Memory = 0.0K)
Checking Rule SGDC_check_clock_relation05a (Rule 70 of total 371) .... done (Time = 0.00s, Memory = 0.0K)
Checking Rule SGDC_check_clock_relation05b (Rule 71 of total 371) .... done (Time = 0.00s, Memory = 0.0K)
Checking Rule SGDC_sync_cell08a (Rule 72 of total 371) .... done (Time = 0.00s, Memory = 19.0K)
Checking Rule SGDC_sync_cell09a (Rule 73 of total 371) .... done (Time = 0.00s, Memory = 0.0K)
Checking Rule SGDC_qualifier06 (Rule 74 of total 371) .... done (Time = 0.00s, Memory = 2.9K)
Checking Rule SGDC_cdc_waive03 (Rule 75 of total 371) .... done (Time = 0.00s, Memory = 0.0K)
Checking Rule SGDC_qualifier09 (Rule 76 of total 371) .... done (Time = 0.00s, Memory = 0.5K)
Checking Rule SGDC_qualifier15 (Rule 77 of total 371) .... done (Time = 0.00s, Memory = 0.9K)
Checking Rule SGDC_allow_combo_logic01 (Rule 78 of total 371) .... done (Time = 0.00s, Memory = 0.0K)
Checking Rule SGDC_reset_filter_path01 (Rule 79 of total 371) .... done (Time = 0.00s, Memory = 0.0K)
Checking Rule SGDC_cdc_false_path05 (Rule 80 of total 371) .... done (Time = 0.00s, Memory = -32.0K)
Checking Rule Param_clockreset05 (Rule 81 of total 371) .... done (Time = 0.00s, Memory = 0.0K)
Checking Rule Ac_sanity01 (Rule 82 of total 371) .... done (Time = 0.00s, Memory = 0.5K)
Checking Rule Ac_sanity06 (Rule 83 of total 371) .... done (Time = 0.00s, Memory = -8.0K)
Checking Rule Ac_license01 (Rule 84 of total 371) .... done (Time = 0.00s, Memory = -0.7K)
Checking Rule SGDC_reset_synchronizer07 (Rule 85 of total 371) .... done (Time = 0.00s, Memory = 0.0K)
 Reading waiver file "./spyglass-1/sys_top/cdc/cdc_setup_check/spyglass_spysch/waiver/pragma2Waiver.swl" ...
 Reading included SGDC file "./spyglass-1/sys_top/cdc/cdc_setup_check/spyglass_spysch/waiver/pragma2Waiver_varfile.swl" ....
Checking Rule ReportStopSummary (Rule 86 of total 371) .... done (Time = 0.00s, Memory = 0.0K)
Checking Rule ReportIgnoreSummary (Rule 87 of total 371) .... done (Time = 0.00s, Memory = 0.0K)

INFO [235]    Restoring design database from directory './spyglass-1/sys_top/.SG_SaveRestoreDB/autogenerated__default_snapshot' ...
              done

Checking Rule InferBlackBox (Rule 88 of total 371) .... done (Time = 0.00s, Memory = 0.0K)
Checking Rule SGDC_waive37 (Rule 89 of total 371) .... done (Time = 0.00s, Memory = -0.5K)
Checking Rule SGDC_waive24 (Rule 90 of total 371) .... done (Time = 0.00s, Memory = 0.0K)
Checking Rule SGDC_waive25 (Rule 91 of total 371) .... done (Time = 0.00s, Memory = 0.0K)
Checking Rule SGDC_waive31 (Rule 92 of total 371) .... done (Time = 0.00s, Memory = 0.0K)
Checking Rule SGDC_waive35 (Rule 93 of total 371) .... done (Time = 0.00s, Memory = -0.6K)
Checking Rule ReportSglibSummary (Rule 94 of total 371) .... done (Time = 0.00s, Memory = 0.0K)
Checking Rule DetectTopDesignUnits (Rule 95 of total 371)
 Detected 1 top level design units:
     sys_top
 .... done (Time = 0.00s, Memory = 0.0K)
Checking Rule GenerateConfMap (Rule 96 of total 371) .... done (Time = 0.00s, Memory = 0.0K)
Checking Rule Pragma_setupa for module CLK_GATE (Rule 97 of total 371) .... done (Time = 0.00s, Memory = 0.0K)
Checking Rule Pragma_setupa for module RST_SYNCH (Rule 97 of total 371) .... done (Time = 0.00s, Memory = 0.0K)
Checking Rule Pragma_setupa for module clk_div (Rule 97 of total 371) .... done (Time = 0.00s, Memory = 0.0K)
Checking Rule Pragma_setupa for module DeSerializer (Rule 97 of total 371) .... done (Time = 0.00s, Memory = 0.0K)
Checking Rule Pragma_setupa for module Data_sampling (Rule 97 of total 371) .... done (Time = 0.00s, Memory = 0.0K)
Checking Rule Pragma_setupa for module Edge_Bit_Counter (Rule 97 of total 371) .... done (Time = 0.00s, Memory = 0.0K)
Checking Rule Pragma_setupa for module Parity_chk (Rule 97 of total 371) .... done (Time = 0.00s, Memory = 0.0K)
Checking Rule Pragma_setupa for module Strt_chk (Rule 97 of total 371) .... done (Time = 0.00s, Memory = 0.0K)
Checking Rule Pragma_setupa for module stp_chk (Rule 97 of total 371) .... done (Time = 0.00s, Memory = 0.0K)
Checking Rule Pragma_setupa for module RX_FSM (Rule 97 of total 371) .... done (Time = 0.00s, Memory = 0.0K)
Checking Rule Pragma_setupa for module RX_TOP (Rule 97 of total 371) .... done (Time = 0.00s, Memory = 0.0K)
Checking Rule Pragma_setupa for module MUX (Rule 97 of total 371) .... done (Time = 0.00s, Memory = 0.0K)
Checking Rule Pragma_setupa for module parity (Rule 97 of total 371) .... done (Time = 0.00s, Memory = 0.0K)
Checking Rule Pragma_setupa for module TX_FSM (Rule 97 of total 371) .... done (Time = 0.00s, Memory = 0.0K)
Checking Rule Pragma_setupa for module serializer (Rule 97 of total 371) .... done (Time = 0.00s, Memory = 0.0K)
Checking Rule Pragma_setupa for module TX_TOP (Rule 97 of total 371) .... done (Time = 0.00s, Memory = 0.0K)
Checking Rule Pragma_setupa for module UART (Rule 97 of total 371) .... done (Time = 0.00s, Memory = 0.0K)
Checking Rule Pragma_setupa for module Data_Synch (Rule 97 of total 371) .... done (Time = 0.00s, Memory = 0.0K)
Checking Rule Pragma_setupa for module SYS_CTRL (Rule 97 of total 371) .... done (Time = 0.00s, Memory = 0.0K)
Checking Rule Pragma_setupa for module Register (Rule 97 of total 371) .... done (Time = 0.00s, Memory = 0.0K)
Checking Rule Pragma_setupa for module ALU (Rule 97 of total 371) .... done (Time = 0.00s, Memory = 0.0K)
Checking Rule Pragma_setupa for module FIFO_RD (Rule 97 of total 371) .... done (Time = 0.00s, Memory = 0.0K)
Checking Rule Pragma_setupa for module FIFO_WR (Rule 97 of total 371) .... done (Time = 0.00s, Memory = 0.0K)
Checking Rule Pragma_setupa for module DF_SYNC (Rule 97 of total 371) .... done (Time = 0.00s, Memory = 0.0K)
Checking Rule Pragma_setupa for module FIFO_MEM_CNTRL (Rule 97 of total 371) .... done (Time = 0.00s, Memory = 0.0K)
Checking Rule Pragma_setupa for module FIFO_TOP (Rule 97 of total 371) .... done (Time = 0.00s, Memory = 0.0K)
Checking Rule Pragma_setupa for module PULSE_GEN (Rule 97 of total 371) .... done (Time = 0.00s, Memory = 0.0K)
Checking Rule Pragma_setupa for module sys_top (Rule 97 of total 371) .... done (Time = 0.00s, Memory = 0.0K)
Performing semantic checks on SGDC contents
Checking Rule SGDC_testmode03 (Rule 98 of total 371) .... done (Time = 0.00s, Memory = -16.4K)
Checking Rule Pragma_setupb (Rule 99 of total 371) .... done (Time = 0.00s, Memory = 0.0K)
Checking Rule _vhMeta01 (Rule 100 of total 371) .... done (Time = 0.00s, Memory = -16.0K)
Checking Rule _meta_delay01 (Rule 101 of total 371) .... done (Time = 0.00s, Memory = 0.0K)
Checking Rule CheckCelldefine (Rule 102 of total 371) .... done (Time = 0.00s, Memory = 0.0K)
Checking Rule checkSGDC_01 (Rule 103 of total 371) .... done (Time = 0.00s, Memory = -8.7K)
Checking Rule checkSGDC_03 (Rule 104 of total 371) .... done (Time = 0.00s, Memory = -11.1K)
Checking Rule checkSGDC_08 (Rule 105 of total 371) .... done (Time = 0.00s, Memory = -8.1K)
Checking Rule SGDC_memorywritepin04 (Rule 106 of total 371) .... done (Time = 0.00s, Memory = 8.9K)
Checking Rule SGDC_reset02 (Rule 107 of total 371) .... done (Time = 0.00s, Memory = 9.4K)
Checking Rule SGDC_reset03 (Rule 108 of total 371) .... done (Time = 0.00s, Memory = 0.0K)
Checking Rule SGDC_waive23 (Rule 109 of total 371) .... done (Time = 0.00s, Memory = 0.0K)
Checking Rule SGDC_waive26 (Rule 110 of total 371) .... done (Time = 0.00s, Memory = 0.3K)
Checking Rule SGDC_waive27 (Rule 111 of total 371) .... done (Time = 0.00s, Memory = 3.1K)
Checking Rule SGDC_waive29 (Rule 112 of total 371) .... done (Time = 0.00s, Memory = 4.7K)
Checking Rule SGDC_libgroup03 (Rule 113 of total 371) .... done (Time = 0.00s, Memory = 0.0K)
Checking Rule SGDC_ungroup02 (Rule 114 of total 371) .... done (Time = 0.00s, Memory = 0.0K)
Checking Rule _abstractPortSGDC (Rule 115 of total 371) .... done (Time = 0.00s, Memory = -5.8K)
Checking Rule SGDC_abstract_port03 (Rule 116 of total 371) .... done (Time = 0.00s, Memory = -0.9K)
Checking Rule SGDC_abstract_port04 (Rule 117 of total 371) .... done (Time = 0.00s, Memory = 4.0K)
Checking Rule SGDC_abstract_port05 (Rule 118 of total 371) .... done (Time = 0.00s, Memory = 0.0K)
Checking Rule SGDC_abstract_port07 (Rule 119 of total 371) .... done (Time = 0.00s, Memory = 0.0K)
Checking Rule SGDC_abstract_port08 (Rule 120 of total 371) .... done (Time = 0.00s, Memory = -8.0K)
Checking Rule SGDC_abstract_port10 (Rule 121 of total 371) .... done (Time = 0.00s, Memory = 0.0K)
Checking Rule SGDC_abstract_port11 (Rule 122 of total 371) .... done (Time = 0.00s, Memory = 0.9K)
Checking Rule SGDC_abstract_port12 (Rule 123 of total 371) .... done (Time = 0.00s, Memory = 0.0K)
Checking Rule SGDC_abstract_port13 (Rule 124 of total 371) .... done (Time = 0.00s, Memory = 0.0K)
Checking Rule _cdc_save_license01 (Rule 125 of total 371) .... done (Time = 0.00s, Memory = -23.8K)
Checking Rule syncRstReq (Rule 126 of total 371) .... done (Time = 0.00s, Memory = 64.0K)
Checking Rule syncRstReq (Rule 127 of total 371) .... done (Time = 0.00s, Memory = 0.0K)
Checking Rule _syncResetStyleRTL (Rule 128 of total 371) .... done (Time = 0.00s, Memory = 0.1K)
Checking Rule _deltaDelay (Rule 129 of total 371) .... done (Time = 0.00s, Memory = -7.9K)
Checking Rule _deltaDelay (Rule 130 of total 371) .... done (Time = 0.00s, Memory = 0.0K)
Checking Rule _deltaDelayNom (Rule 131 of total 371) .... done (Time = 0.00s, Memory = 0.0K)
Checking Rule Ac_multitop01 (Rule 132 of total 371) .... done (Time = 0.00s, Memory = -32.0K)
Checking Rule AcOvlRtl (Rule 133 of total 371) .... done (Time = 0.00s, Memory = -2.2K)
Checking Rule AcOvlRtl (Rule 134 of total 371) .... done (Time = 0.00s, Memory = 0.0K)
Checking Rule Ac_svasetup01 (Rule 135 of total 371) .... done (Time = 0.00s, Memory = 0.0K)
Checking Rule ReportUngroup (Rule 136 of total 371) .... done (Time = 0.00s, Memory = 0.0K)
Checking Rule SGDC_allow_combo_logic02 (Rule 137 of total 371) .... done (Time = 0.00s, Memory = 0.0K)
Checking Rule _portRetenClocknReset (Rule 138 of total 371) .... done (Time = 0.00s, Memory = 0.0K)
Checking Rule _portReten (Rule 139 of total 371) .... done (Time = 0.00s, Memory = 0.0K)
Checking Rule SGDC_meta_design_hier01 (Rule 140 of total 371) .... done (Time = 0.00s, Memory = -2.0K)
Checking Rule LP_POWERDATA_INFO (Rule 141 of total 371) .... done (Time = 0.00s, Memory = 0.0K)
Checking Rule SGDC_abstract_port21 (Rule 142 of total 371) .... done (Time = 0.00s, Memory = 0.9K)
Checking Rule SGDC_input02 (Rule 143 of total 371) .... done (Time = 0.00s, Memory = 24.0K)
Checking Rule SGDC_input03 (Rule 144 of total 371) .... done (Time = 0.00s, Memory = -1.2K)
Checking Rule SGDC_output02 (Rule 145 of total 371) .... done (Time = 0.00s, Memory = 0.0K)
Checking Rule SGDC_output04 (Rule 146 of total 371) .... done (Time = 0.00s, Memory = 0.0K)
Checking Rule SGDC_numflops03a (Rule 147 of total 371) .... done (Time = 0.00s, Memory = -8.0K)
Checking Rule SGDC_numflops03b (Rule 148 of total 371) .... done (Time = 0.00s, Memory = 0.0K)
Checking Rule SGDC_numflops12 (Rule 149 of total 371) .... done (Time = 0.00s, Memory = 0.0K)
Checking Rule SGDC_sync_cell02b (Rule 150 of total 371) .... done (Time = 0.00s, Memory = -26.6K)
Checking Rule SGDC_sync_cell11 (Rule 151 of total 371) .... done (Time = 0.00s, Memory = 0.0K)
Checking Rule SGDC_qualifier02c (Rule 152 of total 371) .... done (Time = 0.00s, Memory = 0.0K)
Checking Rule SGDC_qualifier03c (Rule 153 of total 371) .... done (Time = 0.00s, Memory = 0.0K)
Checking Rule LPwrRulesSetup (Rule 154 of total 371) .... done (Time = 0.00s, Memory = 12.0K)
 Flattening sys_top (.lib instances separately flattened) ....
 Flattening completed
Checking Rule SGDC_quasi_static_style01 (Rule 155 of total 371) .... done (Time = 0.00s, Memory = 10.3K)
Checking Rule SignalTypeSetup (Rule 156 of total 371) .... done (Time = 0.00s, Memory = 8.0K)
Checking Rule _allowInst (Rule 157 of total 371) .... done (Time = 0.00s, Memory = 0.0K)
Checking Rule _ipblock (Rule 158 of total 371) .... done (Time = 0.00s, Memory = 0.0K)
Checking Rule _rstSyncCellInst (Rule 159 of total 371) .... done (Time = 0.00s, Memory = 1.7K)
Checking Rule _syncCellDelayedQualifier (Rule 160 of total 371) .... done (Time = 0.00s, Memory = 0.0K)
Checking Rule _repeaterCellInst (Rule 161 of total 371) .... done (Time = 0.00s, Memory = 0.0K)
Checking Rule _abstract_port (Rule 162 of total 371) .... done (Time = 0.00s, Memory = 36.4K)
Checking Rule Clock_setup02 (Rule 163 of total 371) .... done (Time = 0.01s, Memory = -3.9K)
Checking Rule Clockmatrix01 (Rule 164 of total 371) .... done (Time = 0.00s, Memory = -1.3K)
Checking Rule Clock_prop (Rule 165 of total 371) .... done (Time = 0.00s, Memory = 635.0K)
Checking Rule Reset_prop (Rule 166 of total 371) .... done (Time = 0.00s, Memory = 58.5K)
Checking Rule SGDC_generated_clock06 (Rule 167 of total 371) .... done (Time = 0.00s, Memory = 0.0K)
Checking Rule Propagate_Clocks (Rule 168 of total 371) .... done (Time = 0.02s, Memory = 233.9K)
Checking Rule _syncreset_prop (Rule 169 of total 371) .... done (Time = 0.00s, Memory = 7.1K)
Checking Rule _syncc (Rule 170 of total 371) .... done (Time = 0.00s, Memory = 0.5K)
Checking Rule _syncb (Rule 171 of total 371) .... done (Time = 0.00s, Memory = 4.8K)
Checking Rule _resetPathCross (Rule 172 of total 371) .... done (Time = 0.00s, Memory = 15.5K)
Checking Rule FalsePathSetup (Rule 173 of total 371) .... done (Time = 0.00s, Memory = 0.0K)
Checking Rule _fifo01 (Rule 174 of total 371) .... done (Time = 0.00s, Memory = 0.0K)
Checking Rule _syncfifo (Rule 175 of total 371) .... done (Time = 0.00s, Memory = 4.7K)
Checking Rule _syncUDfifo (Rule 176 of total 371) .... done (Time = 0.00s, Memory = -12.9K)
Checking Rule _syncdw (Rule 177 of total 371) .... done (Time = 0.00s, Memory = -0.0K)
Checking Rule _syncd (Rule 178 of total 371) .... done (Time = 0.00s, Memory = -3.0K)
Checking Rule _syncg (Rule 179 of total 371) .... done (Time = 0.00s, Memory = 6.4K)
Checking Rule _sync_clock (Rule 180 of total 371) .... done (Time = 0.00s, Memory = 0.0K)
Checking Rule _sync_gp (Rule 181 of total 371) .... done (Time = 0.00s, Memory = 0.0K)
Checking Rule _sync_and (Rule 182 of total 371) .... done (Time = 0.00s, Memory = 0.0K)
Checking Rule _synci (Rule 183 of total 371) .... done (Time = 0.00s, Memory = 0.0K)
Checking Rule _sync_qualifier (Rule 184 of total 371) .... done (Time = 0.00s, Memory = 24.0K)
Checking Rule SGDC_fifo11 (Rule 185 of total 371) .... done (Time = 0.00s, Memory = 8.0K)
Checking Rule SGDC_fifo12 (Rule 186 of total 371) .... done (Time = 0.00s, Memory = -0.2K)
Checking Rule SGDC_fifo13 (Rule 187 of total 371) .... done (Time = 0.00s, Memory = 0.0K)
Checking Rule SGDC_fifo14 (Rule 188 of total 371) .... done (Time = 0.00s, Memory = 0.0K)
Checking Rule Gen_diff01 (Rule 189 of total 371) .... done (Time = 0.00s, Memory = -0.3K)
Checking Rule _debugData (Rule 190 of total 371) .... done (Time = 0.01s, Memory = 63.0K)
Checking Rule Ac_Sync_Init (Rule 191 of total 371) .... done (Time = 0.00s, Memory = 230.4K)
Checking Rule _propagate_cdcAttrib (Rule 192 of total 371) .... done (Time = 0.00s, Memory = 32.0K)
Checking Rule Ar_Cross_Init (Rule 193 of total 371) .... done (Time = 0.00s, Memory = 0.0K)
Checking Rule SGDC_cdc_define_transition01 (Rule 194 of total 371) .... done (Time = 0.00s, Memory = 0.0K)
Checking Rule UPF_lowpower08PR (Rule 195 of total 371) .... done (Time = 0.00s, Memory = 0.0K)
Checking Rule UPF_lowpower08 (Rule 196 of total 371) .... done (Time = 0.00s, Memory = 0.0K)
Checking Rule Setup_check01 (Rule 197 of total 371) .... done (Time = 0.00s, Memory = -0.5K)
Checking Rule Setup_check02 (Rule 198 of total 371) .... done (Time = 0.00s, Memory = 0.0K)
Checking Rule Info_Case_Analysis (Rule 199 of total 371) .... done (Time = 0.00s, Memory = -18.5K)
Checking Rule SGDC_set_case_analysis_LC (Rule 200 of total 371) .... done (Time = 0.01s, Memory = 17.2K)
Checking Rule SGDC_signal_in_domain02 (Rule 201 of total 371) .... done (Time = 0.00s, Memory = 0.0K)
Checking Rule SGDC_signal_in_domain04 (Rule 202 of total 371) .... done (Time = 0.00s, Memory = 0.0K)
Checking Rule SGDC_numflops03c (Rule 203 of total 371) .... done (Time = 0.00s, Memory = 0.0K)
Checking Rule SGDC_numflops04 (Rule 204 of total 371) .... done (Time = 0.00s, Memory = 0.0K)
Checking Rule SGDC_numflops05 (Rule 205 of total 371) .... done (Time = 0.00s, Memory = 0.0K)
Checking Rule SGDC_numflops06 (Rule 206 of total 371) .... done (Time = 0.00s, Memory = 0.0K)
Checking Rule SGDC_numflops11 (Rule 207 of total 371) .... done (Time = 0.00s, Memory = 8.0K)
Checking Rule SGDC_numflops13 (Rule 208 of total 371) .... done (Time = 0.00s, Memory = 0.0K)
Checking Rule SGDC_numflops14 (Rule 209 of total 371) .... done (Time = 0.00s, Memory = 3.9K)
Checking Rule SGDC_clocksense02 (Rule 210 of total 371) .... done (Time = 0.00s, Memory = 0.0K)
Checking Rule SGDC_clocksense03 (Rule 211 of total 371) .... done (Time = 0.00s, Memory = 0.0K)
Checking Rule SGDC_sgclkgroup01 (Rule 212 of total 371) .... done (Time = 0.00s, Memory = 0.0K)
Checking Rule SGDC_sgclkgroup02 (Rule 213 of total 371) .... done (Time = 0.00s, Memory = -3.6K)
Checking Rule SGDC_sgclkgroup03 (Rule 214 of total 371) .... done (Time = 0.00s, Memory = 4.2K)
Checking Rule SGDC_check_clock_relation01a (Rule 215 of total 371) .... done (Time = 0.00s, Memory = 0.0K)
Checking Rule SGDC_check_clock_relation01b (Rule 216 of total 371) .... done (Time = 0.00s, Memory = 3.5K)
Checking Rule SGDC_check_clock_relation01c (Rule 217 of total 371) .... done (Time = 0.00s, Memory = 0.0K)
Checking Rule SGDC_check_clock_relation02a (Rule 218 of total 371) .... done (Time = 0.00s, Memory = -2.5K)
Checking Rule SGDC_check_clock_relation02b (Rule 219 of total 371) .... done (Time = 0.00s, Memory = 0.0K)
Checking Rule SGDC_check_clock_relation02c (Rule 220 of total 371) .... done (Time = 0.00s, Memory = 0.0K)
Checking Rule SGDC_check_clock_relation03b (Rule 221 of total 371) .... done (Time = 0.00s, Memory = -0.9K)
Checking Rule SGDC_check_clock_relation04b (Rule 222 of total 371) .... done (Time = 0.00s, Memory = 0.0K)
Checking Rule CheckClockRelationSetup (Rule 223 of total 371) .... done (Time = 0.00s, Memory = 0.0K)
Checking Rule SGDC_gray_signals01 (Rule 224 of total 371) .... done (Time = 0.00s, Memory = 0.0K)
Checking Rule SGDC_gray_signals02 (Rule 225 of total 371) .... done (Time = 0.00s, Memory = -32.0K)
Checking Rule SGDC_gray_signals03 (Rule 226 of total 371) .... done (Time = 0.00s, Memory = 0.0K)
Checking Rule SGDC_qualifier02a (Rule 227 of total 371) .... done (Time = 0.00s, Memory = -6.0K)
Checking Rule SGDC_qualifier03a (Rule 228 of total 371) .... done (Time = 0.00s, Memory = 0.0K)
Checking Rule SGDC_qualifier04 (Rule 229 of total 371) .... done (Time = 0.00s, Memory = -0.0K)
Checking Rule SGDC_qualifier05 (Rule 230 of total 371) .... done (Time = 0.00s, Memory = 0.0K)
Checking Rule SGDC_qualifier08 (Rule 231 of total 371) .... done (Time = 0.00s, Memory = 0.0K)
Checking Rule QualifierSetup (Rule 232 of total 371) .... done (Time = 0.00s, Memory = 0.0K)
Checking Rule ResetSynchronizerSetup (Rule 233 of total 371) .... done (Time = 0.00s, Memory = 0.0K)
Checking Rule SGDC_validation_filter_path03 (Rule 234 of total 371) .... done (Time = 0.00s, Memory = 0.0K)
Checking Rule SGDC_qualifier10 (Rule 235 of total 371) .... done (Time = 0.00s, Memory = 0.0K)
Checking Rule SGDC_qualifier11 (Rule 236 of total 371) .... done (Time = 0.00s, Memory = 0.0K)
Checking Rule SGDC_qualifier12 (Rule 237 of total 371) .... done (Time = 0.00s, Memory = 0.0K)
Checking Rule SGDC_qualifier13 (Rule 238 of total 371) .... done (Time = 0.00s, Memory = 0.0K)
Checking Rule SGDC_qualifier14 (Rule 239 of total 371) .... done (Time = 0.00s, Memory = 0.0K)
Checking Rule SGDC_qualifier16 (Rule 240 of total 371) .... done (Time = 0.00s, Memory = 0.0K)
Checking Rule SGDC_qualifier18 (Rule 241 of total 371) .... done (Time = 0.00s, Memory = 35.1K)
Checking Rule SGDC_qualifier19a (Rule 242 of total 371) .... done (Time = 0.00s, Memory = 0.0K)
Checking Rule SGDC_qualifier19b (Rule 243 of total 371) .... done (Time = 0.00s, Memory = -8.0K)
Checking Rule SGDC_qualifier19c (Rule 244 of total 371) .... done (Time = 0.00s, Memory = 1.6K)
Checking Rule SGDC_qualifier20b (Rule 245 of total 371) .... done (Time = 0.00s, Memory = 0.0K)
Checking Rule SGDC_qualifier21 (Rule 246 of total 371) .... done (Time = 0.00s, Memory = -2.6K)
Checking Rule SGDC_qualifier22 (Rule 247 of total 371) .... done (Time = 0.00s, Memory = 0.1K)
Checking Rule SGDC_qualifier23 (Rule 248 of total 371) .... done (Time = 0.00s, Memory = 0.0K)
Checking Rule SGDC_virtualclock01 (Rule 249 of total 371) .... done (Time = 0.00s, Memory = 0.0K)
Checking Rule SGDC_virtualreset01 (Rule 250 of total 371) .... done (Time = 0.00s, Memory = -32.0K)
Checking Rule SGDC_abstract_port19 (Rule 251 of total 371) .... done (Time = 0.00s, Memory = -0.1K)
Checking Rule SGDC_abstract_port20 (Rule 252 of total 371) .... done (Time = 0.00s, Memory = 0.0K)
Checking Rule RFPSetup (Rule 253 of total 371) .... done (Time = 0.00s, Memory = -0.2K)
Checking Rule SGDC_reset_filter_path02a (Rule 254 of total 371) .... done (Time = 0.00s, Memory = 0.0K)
Checking Rule SGDC_reset_filter_path02b (Rule 255 of total 371) .... done (Time = 0.00s, Memory = 0.0K)
Checking Rule SGDC_reset_filter_path02c (Rule 256 of total 371) .... done (Time = 0.00s, Memory = 0.0K)
Checking Rule SGDC_reset_filter_path03a (Rule 257 of total 371) .... done (Time = 0.00s, Memory = -8.0K)
Checking Rule SGDC_reset_filter_path03b (Rule 258 of total 371) .... done (Time = 0.00s, Memory = 0.0K)
Checking Rule SGDC_reset_filter_path03c (Rule 259 of total 371) .... done (Time = 0.00s, Memory = 0.0K)
Checking Rule SGDC_reset_filter_path04b (Rule 260 of total 371) .... done (Time = 0.00s, Memory = -32.0K)
Checking Rule SGDC_reset_filter_path07a (Rule 261 of total 371) .... done (Time = 0.00s, Memory = 0.0K)
Checking Rule SGDC_reset_filter_path07b (Rule 262 of total 371) .... done (Time = 0.00s, Memory = -8.0K)
Checking Rule SGDC_reset_filter_path07c (Rule 263 of total 371) .... done (Time = 0.00s, Memory = 0.0K)
Checking Rule SGDC_define_reset_order03 (Rule 264 of total 371) .... done (Time = 0.00s, Memory = 0.0K)
Checking Rule SGDC_define_reset_order04 (Rule 265 of total 371) .... done (Time = 0.00s, Memory = 0.0K)
Checking Rule SGDC_define_reset_order05 (Rule 266 of total 371) .... done (Time = 0.00s, Memory = -8.0K)
Checking Rule SGDC_cdc_false_path06 (Rule 267 of total 371) .... done (Time = 0.00s, Memory = 0.0K)
Checking Rule SGDC_cdc_false_path07 (Rule 268 of total 371) .... done (Time = 0.00s, Memory = -24.0K)
Checking Rule SGDC_cdc_false_path08 (Rule 269 of total 371) .... done (Time = 0.00s, Memory = 0.0K)
Checking Rule CDCSet_License01 (Rule 270 of total 371) .... done (Time = 0.00s, Memory = 32.0K)
Checking Rule Clock_info03a (Rule 271 of total 371) .... done (Time = 0.00s, Memory = -6.1K)
Checking Rule Clock_info03b (Rule 272 of total 371) .... done (Time = 0.00s, Memory = 9.0K)
Checking Rule Clock_info03c (Rule 273 of total 371) .... done (Time = 0.00s, Memory = 32.0K)
Checking Rule Propagate_Resets (Rule 274 of total 371) .... done (Time = 0.00s, Memory = -18.6K)
Checking Rule _reset_sync (Rule 275 of total 371) .... done (Time = 0.01s, Memory = 0.0K)
Checking Rule Setup_port01 (Rule 276 of total 371) .... done (Time = 0.00s, Memory = 0.0K)
Checking Rule Setup_blackbox01 (Rule 277 of total 371) .... done (Time = 0.00s, Memory = -1.2K)
Checking Rule Setup_library01 (Rule 278 of total 371) .... done (Time = 0.00s, Memory = 0.0K)
Checking Rule Reset_check11 (Rule 279 of total 371) .... done (Time = 0.00s, Memory = 83.8K)
Checking Rule Reset_info09a (Rule 280 of total 371) .... done (Time = 0.00s, Memory = 0.0K)
Checking Rule Clock_info02 (Rule 281 of total 371) .... done (Time = 0.01s, Memory = -30.6K)
Checking Rule Reset_info02 (Rule 282 of total 371) .... done (Time = 0.00s, Memory = -1.0K)
Checking Rule Clock_info05 (Rule 283 of total 371) .... done (Time = 0.00s, Memory = 0.0K)
Checking Rule Clock_info05b (Rule 284 of total 371) .... done (Time = 0.00s, Memory = 32.0K)
Checking Rule Reset_check03 (Rule 285 of total 371) .... done (Time = 0.00s, Memory = 0.7K)
Checking Rule _clkWrapModules (Rule 286 of total 371) .... done (Time = 0.00s, Memory = 0.5K)
Checking Rule _clock_hier_rules (Rule 287 of total 371) .... done (Time = 0.00s, Memory = 0.0K)
Checking Rule Reset_check12 (Rule 288 of total 371) .... done (Time = 0.01s, Memory = 15.3K)
Checking Rule Ar_sync_init (Rule 289 of total 371) .... done (Time = 0.00s, Memory = 7.8K)
Checking Rule _constrCoverage (Rule 290 of total 371) .... done (Time = 0.00s, Memory = 18.0K)
Checking Rule Clock_info15 (Rule 291 of total 371) .... done (Time = 0.00s, Memory = 0.7K)
Checking Rule Reset_check10 (Rule 292 of total 371) .... done (Time = 0.00s, Memory = 28.9K)
Checking Rule SGDC_clockreset02 (Rule 293 of total 371) .... done (Time = 0.00s, Memory = 0.0K)
Checking Rule Param_clockreset02 (Rule 294 of total 371) .... done (Time = 0.00s, Memory = 0.0K)
Checking Rule Param_clockreset04 (Rule 295 of total 371) .... done (Time = 0.00s, Memory = 0.0K)
Checking Rule Setup_clockreset01 (Rule 296 of total 371) .... done (Time = 0.00s, Memory = 0.0K)
Checking Rule Clock_check07 (Rule 297 of total 371) .... done (Time = 0.00s, Memory = 24.0K)
Checking Rule Clock_check10 (Rule 298 of total 371) .... done (Time = 0.00s, Memory = -1.0K)
Checking Rule Reset_check08 (Rule 299 of total 371) .... done (Time = 0.01s, Memory = 0.0K)
Checking Rule Clock_converge01 (Rule 300 of total 371) .... done (Time = 0.00s, Memory = -24.0K)
Checking Rule Ar_converge01 (Rule 301 of total 371) .... done (Time = 0.00s, Memory = -76.7K)
Checking Rule SGDC_noclockcell_start01 (Rule 302 of total 371) .... done (Time = 0.00s, Memory = -1.4K)
Checking Rule Ac_initseq01 (Rule 303 of total 371) .... done (Time = 0.00s, Memory = -2.1K)
Checking Rule Ac_init01 (Rule 304 of total 371) .... done (Time = 0.00s, Memory = 3.1K)
Checking Rule _ac_Auxi01 (Rule 305 of total 371) .... done (Time = 0.00s, Memory = 0.0K)
Checking Rule Ac_sanity02 (Rule 306 of total 371) .... done (Time = 0.00s, Memory = 0.0K)
Checking Rule _glitch_init (Rule 307 of total 371) .... done (Time = 0.00s, Memory = -32.0K)
Checking Rule Ac_initstate01 (Rule 308 of total 371) .... done (Time = 0.00s, Memory = 31.3K)
Checking Rule Ac_conv02setup01 (Rule 309 of total 371) .... done (Time = 0.00s, Memory = -0.5K)
Checking Rule Ac_abs01 (Rule 310 of total 371) .... done (Time = 0.00s, Memory = -0.9K)
Checking Rule Ac_report01 (Rule 311 of total 371) .... done (Time = 0.00s, Memory = 0.0K)
Checking Rule AllowComboLogicSetup (Rule 312 of total 371) .... done (Time = 0.00s, Memory = 11.8K)
Checking Rule Ac_resetvalue01 (Rule 313 of total 371) .... done (Time = 0.00s, Memory = 0.0K)
Checking Rule Ac_upfsetup02 (Rule 314 of total 371) .... done (Time = 0.00s, Memory = 0.0K)
Checking Rule Ac_upfsetup01 (Rule 315 of total 371) .... done (Time = 0.00s, Memory = 0.0K)
Checking Rule Ac_psync_init (Rule 316 of total 371) .... done (Time = 0.00s, Memory = -1.2K)
Checking Rule Ac_psetup01 (Rule 317 of total 371) .... done (Time = 0.00s, Memory = 0.0K)
Checking Rule Clock_exit01 (Rule 318 of total 371) .... done (Time = 0.00s, Memory = 0.0K)
Checking Rule SGDC_reset_synchronizer02 (Rule 319 of total 371) .... done (Time = 0.00s, Memory = 3.1K)
Checking Rule SGDC_reset_synchronizer04 (Rule 320 of total 371) .... done (Time = 0.00s, Memory = 0.0K)
Checking Rule SGDC_reset_synchronizer06 (Rule 321 of total 371) .... done (Time = 0.00s, Memory = -32.0K)
Checking Rule SGDC_reset_synchronizer08 (Rule 322 of total 371) .... done (Time = 0.00s, Memory = 0.0K)
Checking Rule SGDC_reset_synchronizer10 (Rule 323 of total 371) .... done (Time = 0.00s, Memory = 4.6K)
Checking Rule AnalyzeBBox (Rule 324 of total 371) .... done (Time = 0.00s, Memory = 0.2K)
Checking Rule ReportCheckDataSummary (Rule 325 of total 371) .... done (Time = 0.00s, Memory = 0.0K)

Generating data for Console...

SpyGlass Rule Checking Complete.

Generating moresimple report from './spyglass-1/sys_top/cdc/cdc_setup_check/spyglass.vdb' to './spyglass-1/sys_top/cdc/cdc_setup_check/spyglass_reports/moresimple.rpt' ....

Generating runsummary report from './spyglass-1/sys_top/cdc/cdc_setup_check/spyglass.vdb' ....

Generating no_msg_reporting_rules report from './spyglass-1/sys_top/cdc/cdc_setup_check/spyglass.vdb' to './spyglass-1/sys_top/cdc/cdc_setup_check/spyglass_reports/no_msg_reporting_rules.rpt' ....

Generating CDC-report report from './spyglass-1/sys_top/cdc/cdc_setup_check/spyglass.vdb' to './spyglass-1/sys_top/cdc/cdc_setup_check/spyglass_reports/CDC-report.rpt' ....

Generating CKSGDCInfo report from './spyglass-1/sys_top/cdc/cdc_setup_check/spyglass.vdb' to './spyglass-1/sys_top/cdc/cdc_setup_check/spyglass_reports/CKSGDCInfo.rpt' ....

Generating RSTree report from './spyglass-1/sys_top/cdc/cdc_setup_check/spyglass.vdb' to './spyglass-1/sys_top/cdc/cdc_setup_check/spyglass_reports/RSTree.rpt' ....

Generating CKTree report from './spyglass-1/sys_top/cdc/cdc_setup_check/spyglass.vdb' to './spyglass-1/sys_top/cdc/cdc_setup_check/spyglass_reports/CKTree.rpt' ....

Policy specific data (reports) are present in the directory './spyglass-1/sys_top/cdc/cdc_setup_check/spyglass_reports'.

SpyGlass critical reports for the current run are present in directory './spyglass-1/consolidated_reports/sys_top_cdc_cdc_setup_check/'.

---------------------------------------------------------------------------------------------
Results Summary:
---------------------------------------------------------------------------------------------
   Goal Run           :      cdc/cdc_setup_check
   Command-line read  :      0 error,      0 warning,      1 information message 
   Design Read        :      0 error,      0 warning,      3 information messages
      Found 1 top module:
         sys_top   (file: ../rtl/System_Top/SYS_TOP_dft.v)

   Blackbox Resolution:      0 error,      0 warning,      0 information message 
   SGDC Checks        :      0 error,      0 warning,      1 information message 
   Policy clock-reset :      0 error,      1 warning,     14 information messages
   -------------------------------------------------------------------------------------
   Total              :      0 error,      1 warning,     19 information messages

  Total Number of Generated Messages     :        20 (0 error, 1 warning, 19 Infos)
  Number of Reported Messages            :        20 (0 error, 1 warning, 19 Infos)

---------------------------------------------------------------------------------------------


run_goal: info: updating spyglass.log with goal summary
run_goal: info: spyglass.log successfully updated with goal summary
0 {Rule-checking completed with warnings}./spyglass-1/sys_top/cdc/cdc_setup_check/spyglass-1_waiver_file.awl./spyglass-1/sys_top/cdc/cdc_setup_check/spyglass-1_waiver_file.awl./spyglass-1/sys_top/cdc/cdc_setup_check/spyglass-1_waiver_file.awl9./spyglass-1/sys_top/cdc/cdc_setup_check/spyglass-1_waiver_file.awlcurrent_goal: warning: design query data not saved for last active goal `cdc/cdc_setup_check'
                       (use `save_goal' command or enable `auto_save' option to save design query data for subsequent goals)
current_goal: warning: goal `cdc/cdc_verify' (-top sys_top) was run but not saved last time
                       run results and goal settings might not match
current_goal: info: loading goal `cdc/cdc_verify' with top `sys_top' (in progress)
current_goal: info: finished loading goal `cdc/cdc_verify' (ok)

INFO:    SpyGlass will run goal(s) 'cdc/cdc_verify'.


 Auto-compiling gates libraries

        "../System_pnr/std_cells/libs/scmetro_tsmc_cl013g_rvt_ss_1p08v_125c.lib"
        "../System_pnr/std_cells/libs/scmetro_tsmc_cl013g_rvt_tt_1p2v_25c.lib"
        "../System_pnr/std_cells/libs/scmetro_tsmc_cl013g_rvt_ff_1p32v_m40c.lib"
    to
        "./spyglass-1/spyglass_cache/autogenerated_sglib/aggregate.sglib" ...already compiled

 Using this already compiled sglib for the current run ...

RULE-CHECKING IN MIXED MODE
Loading spyglass (SpyGlass_vL-2016.06) ... (picked from /home/synopsys/SpyGlass-L2016.06/SPYGLASS_HOME/policies/spyglass)
Loading clock-reset (SpyGlass_vL-2016.06) ... (picked from /home/synopsys/SpyGlass-L2016.06/SPYGLASS_HOME/policies/clock)
 Reading sgdc file "../Spyglass/spy_cons.sgdc" ...
Performing unification checks on SGDC... done
Reading specified sglib files(s) ....
   Processing library: 'scmetro_tsmc_cl013g_rvt_ss_1p08v_125c' .... done
   Processing library: 'scmetro_tsmc_cl013g_rvt_tt_1p2v_25c' .... done
   Processing library: 'scmetro_tsmc_cl013g_rvt_ff_1p32v_m40c' .... done
Checking Rule AutoGenerateSglib (Rule 1 of total 402) .... done (Time = 0.00s, Memory = 0.0K)

INFO [76]    Using `./spyglass-1/sys_top/WORK/64' as the Work Directory for 64bit precompiled dump.
Checking Rule Param_clockreset07 (Rule 2 of total 402) .... done (Time = 0.00s, Memory = 0.0K)
Checking Rule Clock_setup01 (Rule 3 of total 402) .... done (Time = 0.00s, Memory = 13.6K)
Checking Rule Param_clockreset06 (Rule 4 of total 402) .... done (Time = 0.00s, Memory = 0.0K)
Checking Rule SGDC_meta_monitor_attributes01 (Rule 5 of total 402) .... done (Time = 0.00s, Memory = 0.0K)
Checking Rule LP_POWERDATA_CHECK (Rule 6 of total 402) .... done (Time = 0.00s, Memory = 0.0K)
Checking Rule LP_POWERDATA_READ (Rule 7 of total 402) .... done (Time = 0.00s, Memory = 0.0K)
Checking Rule PrecompileLibCheck01 (Rule 8 of total 402) .... done (Time = 0.00s, Memory = 0.0K)
Checking Rule PrecompileLibCheck02 (Rule 9 of total 402) .... done (Time = 0.00s, Memory = 0.0K)
Checking Rule PrecompileLibCheck03 (Rule 10 of total 402) .... done (Time = 0.00s, Memory = -0.1K)
Checking Rule PrecompileLibCheck04 (Rule 11 of total 402) .... done (Time = 0.00s, Memory = 0.0K)
Checking Rule ElabSummary (Rule 12 of total 402) .... done (Time = 0.00s, Memory = 30.0K)
Checking Rule ReportSglibVersionSummary (Rule 13 of total 402) .... done (Time = 0.00s, Memory = -24.0K)
Checking Rule SGDC_assume_path01 (Rule 14 of total 402) .... done (Time = 0.00s, Memory = 0.0K)
Checking Rule SGDC_sdcschema02 (Rule 15 of total 402) .... done (Time = 0.00s, Memory = -7.2K)
Checking Rule SGDC_clock05 (Rule 16 of total 402) .... done (Time = 0.00s, Memory = 0.0K)
Checking Rule SGDC_clock09 (Rule 17 of total 402) .... done (Time = 0.00s, Memory = 0.0K)
Checking Rule SGDC_force_ta05 (Rule 18 of total 402) .... done (Time = 0.00s, Memory = 0.0K)
Checking Rule SGDC_require_path03 (Rule 19 of total 402) .... done (Time = 0.00s, Memory = 0.0K)
Checking Rule SGDC_require_value03 (Rule 20 of total 402) .... done (Time = 0.00s, Memory = 0.0K)
Checking Rule SGDC_voltagedomain05 (Rule 21 of total 402) .... done (Time = 0.00s, Memory = 6.8K)
Checking Rule SGDC_voltagedomain06 (Rule 22 of total 402) .... done (Time = 0.00s, Memory = 0.0K)
Checking Rule SGDC_voltagedomain07 (Rule 23 of total 402) .... done (Time = 0.00s, Memory = 7.5K)
Checking Rule SGDC_powerdomainoutputs02 (Rule 24 of total 402) .... done (Time = 0.00s, Memory = 7.5K)
Checking Rule SGDC_supply01 (Rule 25 of total 402) .... done (Time = 0.00s, Memory = -0.6K)
Checking Rule SGDC_waive01 (Rule 26 of total 402) .... done (Time = 0.00s, Memory = 0.0K)
Checking Rule SGDC_waive02 (Rule 27 of total 402) .... done (Time = 0.00s, Memory = 32.0K)
Checking Rule SGDC_waive03 (Rule 28 of total 402) .... done (Time = 0.00s, Memory = 0.0K)
Checking Rule SGDC_waive04 (Rule 29 of total 402) .... done (Time = 0.00s, Memory = 8.0K)
Checking Rule SGDC_waive05 (Rule 30 of total 402) .... done (Time = 0.00s, Memory = 0.0K)
Checking Rule SGDC_waive06 (Rule 31 of total 402) .... done (Time = 0.00s, Memory = 0.0K)
Checking Rule SGDC_waive07 (Rule 32 of total 402) .... done (Time = 0.00s, Memory = -8.5K)
Checking Rule SGDC_waive08 (Rule 33 of total 402) .... done (Time = 0.00s, Memory = 0.0K)
Checking Rule SGDC_waive09 (Rule 34 of total 402) .... done (Time = 0.00s, Memory = 32.0K)
Checking Rule SGDC_waive10 (Rule 35 of total 402) .... done (Time = 0.00s, Memory = 0.0K)
Checking Rule SGDC_waive11 (Rule 36 of total 402) .... done (Time = 0.00s, Memory = 27.4K)
Checking Rule SGDC_waive12 (Rule 37 of total 402) .... done (Time = 0.00s, Memory = 0.0K)
Checking Rule SGDC_waive13 (Rule 38 of total 402) .... done (Time = 0.00s, Memory = 0.0K)
Checking Rule SGDC_waive21 (Rule 39 of total 402) .... done (Time = 0.00s, Memory = 0.0K)
Checking Rule SGDC_waive22 (Rule 40 of total 402) .... done (Time = 0.00s, Memory = 0.0K)
Checking Rule SGDC_waive30 (Rule 41 of total 402) .... done (Time = 0.00s, Memory = 0.8K)
Checking Rule SGDC_waive32 (Rule 42 of total 402) .... done (Time = 0.00s, Memory = 0.5K)
Checking Rule SGDC_waive33 (Rule 43 of total 402) .... done (Time = 0.00s, Memory = 1.0K)
Checking Rule SGDC_waive36 (Rule 44 of total 402) .... done (Time = 0.00s, Memory = 4.7K)
Checking Rule SGDC_waive38 (Rule 45 of total 402) .... done (Time = 0.00s, Memory = -27.0K)
Checking Rule SGDC_fifo01 (Rule 46 of total 402) .... done (Time = 0.00s, Memory = 0.0K)
Checking Rule SGDC_libgroup01 (Rule 47 of total 402) .... done (Time = 0.00s, Memory = 0.0K)
Checking Rule SGDC_libgroup02 (Rule 48 of total 402) .... done (Time = 0.00s, Memory = 0.0K)
Checking Rule SGDC_libgroup04 (Rule 49 of total 402) .... done (Time = 0.00s, Memory = 0.0K)
Checking Rule SGDC_power_data01 (Rule 50 of total 402) .... done (Time = 0.00s, Memory = 7.5K)
Checking Rule SGDC_ungroup01 (Rule 51 of total 402) .... done (Time = 0.00s, Memory = 0.2K)
Checking Rule SGDC_abstract_port06 (Rule 52 of total 402) .... done (Time = 0.00s, Memory = 7.5K)
Checking Rule SGDC_abstract_port14 (Rule 53 of total 402) .... done (Time = 0.00s, Memory = 0.0K)
Checking Rule SGDC_abstract_port15 (Rule 54 of total 402) .... done (Time = 0.00s, Memory = 0.0K)
Checking Rule SGDC_abstract_port18 (Rule 55 of total 402) .... done (Time = 0.00s, Memory = 0.0K)
Checking Rule sdc_init_rule (Rule 56 of total 402) .... done (Time = 0.00s, Memory = 0.0K)
Checking Rule CMD_ignorelibs01 (Rule 57 of total 402) .... done (Time = 0.00s, Memory = 32.0K)
Checking Rule ReportRuleNotRun (Rule 58 of total 402) .... done (Time = 0.00s, Memory = -1.8K)
Checking Rule SGDC_generated_clock03 (Rule 59 of total 402) .... done (Time = 0.00s, Memory = 0.0K)
Checking Rule SGDC_generated_clock04 (Rule 60 of total 402) .... done (Time = 0.00s, Memory = 16.4K)
Checking Rule SGDC_generated_clock05 (Rule 61 of total 402) .... done (Time = 0.00s, Memory = 0.0K)
Checking Rule SGDC_quasi_static_style02 (Rule 62 of total 402) .... done (Time = 0.00s, Memory = 8.1K)
Checking Rule SGDC_syncresetstyle01 (Rule 63 of total 402) .... done (Time = 0.00s, Memory = 0.0K)
Checking Rule SGDC_network_allowed_cells01 (Rule 64 of total 402) .... done (Time = 0.00s, Memory = 8.3K)
Checking Rule SGDC_numflops01 (Rule 65 of total 402) .... done (Time = 0.00s, Memory = 0.0K)
Checking Rule SGDC_numflops07 (Rule 66 of total 402) .... done (Time = 0.00s, Memory = 0.0K)
Checking Rule SGDC_numflops08 (Rule 67 of total 402) .... done (Time = 0.00s, Memory = 8.0K)
Checking Rule SGDC_numflops09 (Rule 68 of total 402) .... done (Time = 0.00s, Memory = 7.5K)
Checking Rule SGDC_clocksense04 (Rule 69 of total 402) .... done (Time = 0.00s, Memory = 0.0K)
Checking Rule SGDC_check_clock_relation05a (Rule 70 of total 402) .... done (Time = 0.00s, Memory = 0.0K)
Checking Rule SGDC_check_clock_relation05b (Rule 71 of total 402) .... done (Time = 0.00s, Memory = 7.5K)
Checking Rule SGDC_sync_cell08a (Rule 72 of total 402) .... done (Time = 0.00s, Memory = 7.5K)
Checking Rule SGDC_sync_cell09a (Rule 73 of total 402) .... done (Time = 0.00s, Memory = 0.0K)
Checking Rule SGDC_qualifier06 (Rule 74 of total 402) .... done (Time = 0.00s, Memory = 8.0K)
Checking Rule SGDC_cdc_waive03 (Rule 75 of total 402) .... done (Time = 0.00s, Memory = 0.0K)
Checking Rule SGDC_qualifier09 (Rule 76 of total 402) .... done (Time = 0.00s, Memory = 0.5K)
Checking Rule SGDC_qualifier15 (Rule 77 of total 402) .... done (Time = 0.00s, Memory = -0.2K)
Checking Rule SGDC_allow_combo_logic01 (Rule 78 of total 402) .... done (Time = 0.00s, Memory = 0.0K)
Checking Rule SGDC_reset_filter_path01 (Rule 79 of total 402) .... done (Time = 0.00s, Memory = 8.0K)
Checking Rule SGDC_cdc_false_path05 (Rule 80 of total 402) .... done (Time = 0.00s, Memory = 8.5K)
Checking Rule Param_clockreset05 (Rule 81 of total 402) .... done (Time = 0.00s, Memory = -6.2K)
Checking Rule Ac_sanity01 (Rule 82 of total 402) .... done (Time = 0.00s, Memory = -7.0K)
Checking Rule Ac_sanity06 (Rule 83 of total 402) .... done (Time = 0.00s, Memory = 5.8K)
Checking Rule Ac_license01 (Rule 84 of total 402) .... done (Time = 0.00s, Memory = 0.0K)
Checking Rule SGDC_reset_synchronizer07 (Rule 85 of total 402) .... done (Time = 0.00s, Memory = 0.2K)
 Reading waiver file "./spyglass-1/sys_top/cdc/cdc_verify/spyglass_spysch/waiver/pragma2Waiver.swl" ...
 Reading included SGDC file "./spyglass-1/sys_top/cdc/cdc_verify/spyglass_spysch/waiver/pragma2Waiver_varfile.swl" ....
Checking Rule ReportStopSummary (Rule 86 of total 402) .... done (Time = 0.00s, Memory = 0.0K)
Checking Rule ReportIgnoreSummary (Rule 87 of total 402) .... done (Time = 0.00s, Memory = 0.0K)

INFO [235]    Restoring design database from directory './spyglass-1/sys_top/.SG_SaveRestoreDB/autogenerated__default_snapshot' ...
              done

Checking Rule InferBlackBox (Rule 88 of total 402) .... done (Time = 0.00s, Memory = 24.0K)
Checking Rule SGDC_waive37 (Rule 89 of total 402) .... done (Time = 0.00s, Memory = 0.0K)
Checking Rule SGDC_waive24 (Rule 90 of total 402) .... done (Time = 0.00s, Memory = 0.0K)
Checking Rule SGDC_waive25 (Rule 91 of total 402) .... done (Time = 0.00s, Memory = 0.0K)
Checking Rule SGDC_waive31 (Rule 92 of total 402) .... done (Time = 0.00s, Memory = 0.0K)
Checking Rule SGDC_waive35 (Rule 93 of total 402) .... done (Time = 0.00s, Memory = 0.0K)
Checking Rule ReportSglibSummary (Rule 94 of total 402) .... done (Time = 0.00s, Memory = 0.0K)
Checking Rule DetectTopDesignUnits (Rule 95 of total 402)
 Detected 1 top level design units:
     sys_top
 .... done (Time = 0.00s, Memory = 0.0K)
Checking Rule GenerateConfMap (Rule 96 of total 402) .... done (Time = 0.00s, Memory = 0.0K)
Checking Rule Pragma_setupa for module CLK_GATE (Rule 97 of total 402) .... done (Time = 0.00s, Memory = 0.0K)
Checking Rule Pragma_setupa for module RST_SYNCH (Rule 97 of total 402) .... done (Time = 0.00s, Memory = 0.0K)
Checking Rule Pragma_setupa for module clk_div (Rule 97 of total 402) .... done (Time = 0.00s, Memory = 0.0K)
Checking Rule Pragma_setupa for module DeSerializer (Rule 97 of total 402) .... done (Time = 0.00s, Memory = 0.0K)
Checking Rule Pragma_setupa for module Data_sampling (Rule 97 of total 402) .... done (Time = 0.00s, Memory = 0.0K)
Checking Rule Pragma_setupa for module Edge_Bit_Counter (Rule 97 of total 402) .... done (Time = 0.00s, Memory = 0.0K)
Checking Rule Pragma_setupa for module Parity_chk (Rule 97 of total 402) .... done (Time = 0.00s, Memory = 0.0K)
Checking Rule Pragma_setupa for module Strt_chk (Rule 97 of total 402) .... done (Time = 0.00s, Memory = 0.0K)
Checking Rule Pragma_setupa for module stp_chk (Rule 97 of total 402) .... done (Time = 0.00s, Memory = 0.0K)
Checking Rule Pragma_setupa for module RX_FSM (Rule 97 of total 402) .... done (Time = 0.00s, Memory = 0.0K)
Checking Rule Pragma_setupa for module RX_TOP (Rule 97 of total 402) .... done (Time = 0.00s, Memory = 0.0K)
Checking Rule Pragma_setupa for module MUX (Rule 97 of total 402) .... done (Time = 0.00s, Memory = 0.0K)
Checking Rule Pragma_setupa for module parity (Rule 97 of total 402) .... done (Time = 0.00s, Memory = 0.0K)
Checking Rule Pragma_setupa for module TX_FSM (Rule 97 of total 402) .... done (Time = 0.00s, Memory = 0.0K)
Checking Rule Pragma_setupa for module serializer (Rule 97 of total 402) .... done (Time = 0.00s, Memory = 0.0K)
Checking Rule Pragma_setupa for module TX_TOP (Rule 97 of total 402) .... done (Time = 0.00s, Memory = 0.0K)
Checking Rule Pragma_setupa for module UART (Rule 97 of total 402) .... done (Time = 0.00s, Memory = 0.0K)
Checking Rule Pragma_setupa for module Data_Synch (Rule 97 of total 402) .... done (Time = 0.00s, Memory = 0.0K)
Checking Rule Pragma_setupa for module SYS_CTRL (Rule 97 of total 402) .... done (Time = 0.00s, Memory = 0.0K)
Checking Rule Pragma_setupa for module Register (Rule 97 of total 402) .... done (Time = 0.00s, Memory = 0.0K)
Checking Rule Pragma_setupa for module ALU (Rule 97 of total 402) .... done (Time = 0.00s, Memory = 0.0K)
Checking Rule Pragma_setupa for module FIFO_RD (Rule 97 of total 402) .... done (Time = 0.00s, Memory = 0.0K)
Checking Rule Pragma_setupa for module FIFO_WR (Rule 97 of total 402) .... done (Time = 0.00s, Memory = 0.0K)
Checking Rule Pragma_setupa for module DF_SYNC (Rule 97 of total 402) .... done (Time = 0.00s, Memory = 0.0K)
Checking Rule Pragma_setupa for module FIFO_MEM_CNTRL (Rule 97 of total 402) .... done (Time = 0.00s, Memory = 0.0K)
Checking Rule Pragma_setupa for module FIFO_TOP (Rule 97 of total 402) .... done (Time = 0.00s, Memory = 0.0K)
Checking Rule Pragma_setupa for module PULSE_GEN (Rule 97 of total 402) .... done (Time = 0.00s, Memory = 0.0K)
Checking Rule Pragma_setupa for module sys_top (Rule 97 of total 402) .... done (Time = 0.00s, Memory = 0.0K)
Performing semantic checks on SGDC contents
Checking Rule SGDC_testmode03 (Rule 98 of total 402) .... done (Time = 0.00s, Memory = 0.0K)
Checking Rule Pragma_setupb (Rule 99 of total 402) .... done (Time = 0.00s, Memory = 0.0K)
Checking Rule _vhMeta01 (Rule 100 of total 402) .... done (Time = 0.00s, Memory = 0.0K)
Checking Rule _meta_delay01 (Rule 101 of total 402) .... done (Time = 0.00s, Memory = 0.0K)
Checking Rule CheckCelldefine (Rule 102 of total 402) .... done (Time = 0.00s, Memory = 0.0K)
Checking Rule checkSGDC_01 (Rule 103 of total 402) .... done (Time = 0.00s, Memory = 0.0K)
Checking Rule checkSGDC_03 (Rule 104 of total 402) .... done (Time = 0.00s, Memory = 0.0K)
Checking Rule checkSGDC_08 (Rule 105 of total 402) .... done (Time = 0.00s, Memory = 0.0K)
Checking Rule SGDC_memorywritepin04 (Rule 106 of total 402) .... done (Time = 0.00s, Memory = 7.5K)
Checking Rule SGDC_reset02 (Rule 107 of total 402) .... done (Time = 0.00s, Memory = 8.4K)
Checking Rule SGDC_reset03 (Rule 108 of total 402) .... done (Time = 0.00s, Memory = 0.0K)
Checking Rule SGDC_waive23 (Rule 109 of total 402) .... done (Time = 0.00s, Memory = 0.0K)
Checking Rule SGDC_waive26 (Rule 110 of total 402) .... done (Time = 0.00s, Memory = 0.3K)
Checking Rule SGDC_waive27 (Rule 111 of total 402) .... done (Time = 0.00s, Memory = 0.0K)
Checking Rule SGDC_waive29 (Rule 112 of total 402) .... done (Time = 0.00s, Memory = 0.0K)
Checking Rule SGDC_libgroup03 (Rule 113 of total 402) .... done (Time = 0.00s, Memory = 0.0K)
Checking Rule SGDC_ungroup02 (Rule 114 of total 402) .... done (Time = 0.00s, Memory = 0.0K)
Checking Rule _abstractPortSGDC (Rule 115 of total 402) .... done (Time = 0.00s, Memory = 12.7K)
Checking Rule SGDC_abstract_port03 (Rule 116 of total 402) .... done (Time = 0.00s, Memory = 0.0K)
Checking Rule SGDC_abstract_port04 (Rule 117 of total 402) .... done (Time = 0.00s, Memory = 0.4K)
Checking Rule SGDC_abstract_port05 (Rule 118 of total 402) .... done (Time = 0.00s, Memory = -1.5K)
Checking Rule SGDC_abstract_port07 (Rule 119 of total 402) .... done (Time = 0.00s, Memory = 0.0K)
Checking Rule SGDC_abstract_port08 (Rule 120 of total 402) .... done (Time = 0.00s, Memory = 0.0K)
Checking Rule SGDC_abstract_port10 (Rule 121 of total 402) .... done (Time = 0.00s, Memory = 0.4K)
Checking Rule SGDC_abstract_port11 (Rule 122 of total 402) .... done (Time = 0.00s, Memory = 0.0K)
Checking Rule SGDC_abstract_port12 (Rule 123 of total 402) .... done (Time = 0.00s, Memory = -24.0K)
Checking Rule SGDC_abstract_port13 (Rule 124 of total 402) .... done (Time = 0.00s, Memory = 16.0K)
Checking Rule _cdc_save_license01 (Rule 125 of total 402) .... done (Time = 0.00s, Memory = 0.2K)
Checking Rule syncRstReq (Rule 126 of total 402) .... done (Time = 0.00s, Memory = 6.9K)
Checking Rule syncRstReq (Rule 127 of total 402) .... done (Time = 0.00s, Memory = -10.6K)
Checking Rule _syncResetStyleRTL (Rule 128 of total 402) .... done (Time = 0.00s, Memory = -1.0K)
Checking Rule _deltaDelay (Rule 129 of total 402) .... done (Time = 0.00s, Memory = 6.0K)
Checking Rule _deltaDelay (Rule 130 of total 402) .... done (Time = 0.00s, Memory = -38.5K)
Checking Rule _deltaDelayNom (Rule 131 of total 402) .... done (Time = 0.00s, Memory = -7.0K)
Checking Rule Ac_multitop01 (Rule 132 of total 402) .... done (Time = 0.00s, Memory = -6.0K)
Checking Rule AcOvlRtl (Rule 133 of total 402) .... done (Time = 0.00s, Memory = 0.0K)
Checking Rule AcOvlRtl (Rule 134 of total 402) .... done (Time = 0.00s, Memory = 3.1K)
Checking Rule Ac_svasetup01 (Rule 135 of total 402) .... done (Time = 0.00s, Memory = -32.0K)
Checking Rule ReportUngroup (Rule 136 of total 402) .... done (Time = 0.00s, Memory = 0.0K)
Checking Rule SGDC_allow_combo_logic02 (Rule 137 of total 402) .... done (Time = 0.00s, Memory = 0.0K)
Checking Rule _portRetenClocknReset (Rule 138 of total 402) .... done (Time = 0.00s, Memory = 1.6K)
Checking Rule _portReten (Rule 139 of total 402) .... done (Time = 0.00s, Memory = 5.7K)
Checking Rule SGDC_meta_design_hier01 (Rule 140 of total 402) .... done (Time = 0.00s, Memory = 0.0K)
Checking Rule LP_POWERDATA_INFO (Rule 141 of total 402) .... done (Time = 0.00s, Memory = 64.0K)
Checking Rule SGDC_abstract_port21 (Rule 142 of total 402) .... done (Time = 0.00s, Memory = 0.0K)
Checking Rule SGDC_input02 (Rule 143 of total 402) .... done (Time = 0.00s, Memory = 0.0K)
Checking Rule SGDC_input03 (Rule 144 of total 402) .... done (Time = 0.00s, Memory = 8.0K)
Checking Rule SGDC_output02 (Rule 145 of total 402) .... done (Time = 0.00s, Memory = 0.0K)
Checking Rule SGDC_output04 (Rule 146 of total 402) .... done (Time = 0.00s, Memory = 0.0K)
Checking Rule SGDC_numflops03a (Rule 147 of total 402) .... done (Time = 0.00s, Memory = 1.6K)
Checking Rule SGDC_numflops03b (Rule 148 of total 402) .... done (Time = 0.00s, Memory = -7.1K)
Checking Rule SGDC_numflops12 (Rule 149 of total 402) .... done (Time = 0.00s, Memory = 0.0K)
Checking Rule SGDC_sync_cell02b (Rule 150 of total 402) .... done (Time = 0.00s, Memory = 0.0K)
Checking Rule SGDC_sync_cell11 (Rule 151 of total 402) .... done (Time = 0.00s, Memory = 0.0K)
Checking Rule SGDC_qualifier02c (Rule 152 of total 402) .... done (Time = 0.00s, Memory = 0.0K)
Checking Rule SGDC_qualifier03c (Rule 153 of total 402) .... done (Time = 0.00s, Memory = 0.0K)
Checking Rule LPwrRulesSetup (Rule 154 of total 402) .... done (Time = 0.00s, Memory = 0.0K)
 Flattening sys_top (.lib instances separately flattened) ....
 Flattening completed
Checking Rule SGDC_quasi_static_style01 (Rule 155 of total 402) .... done (Time = 0.00s, Memory = 0.6K)
Checking Rule SignalTypeSetup (Rule 156 of total 402) .... done (Time = 0.00s, Memory = 8.0K)
Checking Rule _allowInst (Rule 157 of total 402) .... done (Time = 0.00s, Memory = -0.5K)
Checking Rule _ipblock (Rule 158 of total 402) .... done (Time = 0.00s, Memory = 0.0K)
Checking Rule _rstSyncCellInst (Rule 159 of total 402) .... done (Time = 0.00s, Memory = 0.2K)
Checking Rule _syncCellDelayedQualifier (Rule 160 of total 402) .... done (Time = 0.00s, Memory = 0.0K)
Checking Rule _repeaterCellInst (Rule 161 of total 402) .... done (Time = 0.00s, Memory = 0.0K)
Checking Rule _abstract_port (Rule 162 of total 402) .... done (Time = 0.01s, Memory = 10.1K)
Checking Rule Clock_setup02 (Rule 163 of total 402) .... done (Time = 0.00s, Memory = 12.9K)
Checking Rule Clockmatrix01 (Rule 164 of total 402) .... done (Time = 0.00s, Memory = 0.0K)
Checking Rule Clock_prop (Rule 165 of total 402) .... done (Time = 0.00s, Memory = 623.4K)
Checking Rule Reset_prop (Rule 166 of total 402) .... done (Time = 0.00s, Memory = 77.7K)
Checking Rule SGDC_generated_clock06 (Rule 167 of total 402) .... done (Time = 0.00s, Memory = 0.0K)
Checking Rule Propagate_Clocks (Rule 168 of total 402) .... done (Time = 0.01s, Memory = 221.0K)
Checking Rule _syncreset_prop (Rule 169 of total 402) .... done (Time = 0.00s, Memory = 8.6K)
Checking Rule _syncc (Rule 170 of total 402) .... done (Time = 0.00s, Memory = 0.5K)
Checking Rule _syncb (Rule 171 of total 402) .... done (Time = 0.00s, Memory = 6.2K)
Checking Rule _resetPathCross (Rule 172 of total 402) .... done (Time = 0.00s, Memory = 0.0K)
Checking Rule FalsePathSetup (Rule 173 of total 402) .... done (Time = 0.00s, Memory = 0.0K)
Checking Rule _fifo01 (Rule 174 of total 402) .... done (Time = 0.00s, Memory = 0.0K)
Checking Rule _syncfifo (Rule 175 of total 402) .... done (Time = 0.00s, Memory = 0.0K)
Checking Rule _syncUDfifo (Rule 176 of total 402) .... done (Time = 0.00s, Memory = -10.9K)
Checking Rule _syncdw (Rule 177 of total 402) .... done (Time = 0.00s, Memory = 0.0K)
Checking Rule _syncd (Rule 178 of total 402) .... done (Time = 0.00s, Memory = -0.1K)
Checking Rule _syncg (Rule 179 of total 402) .... done (Time = 0.01s, Memory = 14.6K)
Checking Rule _sync_clock (Rule 180 of total 402) .... done (Time = 0.00s, Memory = 0.0K)
Checking Rule _sync_gp (Rule 181 of total 402) .... done (Time = 0.00s, Memory = -0.4K)
Checking Rule _sync_and (Rule 182 of total 402) .... done (Time = 0.00s, Memory = 24.0K)
Checking Rule _synci (Rule 183 of total 402) .... done (Time = 0.00s, Memory = 0.0K)
Checking Rule _sync_qualifier (Rule 184 of total 402) .... done (Time = 0.00s, Memory = -3.0K)
Checking Rule SGDC_fifo11 (Rule 185 of total 402) .... done (Time = 0.00s, Memory = 0.0K)
Checking Rule SGDC_fifo12 (Rule 186 of total 402) .... done (Time = 0.00s, Memory = 0.0K)
Checking Rule SGDC_fifo13 (Rule 187 of total 402) .... done (Time = 0.00s, Memory = 0.0K)
Checking Rule SGDC_fifo14 (Rule 188 of total 402) .... done (Time = 0.00s, Memory = -1.5K)
Checking Rule Gen_diff01 (Rule 189 of total 402) .... done (Time = 0.00s, Memory = -0.8K)
Checking Rule _debugData (Rule 190 of total 402) .... done (Time = 0.01s, Memory = 58.5K)
Checking Rule Ac_Sync_Init (Rule 191 of total 402) .... done (Time = 0.00s, Memory = 259.1K)
Checking Rule _propagate_cdcAttrib (Rule 192 of total 402) .... done (Time = 0.00s, Memory = 6.6K)
Checking Rule Ar_Cross_Init (Rule 193 of total 402) .... done (Time = 0.00s, Memory = 0.0K)
Checking Rule SGDC_cdc_define_transition01 (Rule 194 of total 402) .... done (Time = 0.00s, Memory = 0.0K)
Checking Rule UPF_lowpower08PR (Rule 195 of total 402) .... done (Time = 0.00s, Memory = 0.0K)
Checking Rule UPF_lowpower08 (Rule 196 of total 402) .... done (Time = 0.00s, Memory = 0.0K)
Checking Rule Setup_check01 (Rule 197 of total 402) .... done (Time = 0.00s, Memory = -2.2K)
Checking Rule Setup_check02 (Rule 198 of total 402) .... done (Time = 0.00s, Memory = 0.0K)
Checking Rule Info_Case_Analysis (Rule 199 of total 402) .... done (Time = 0.00s, Memory = -23.3K)
Checking Rule SGDC_set_case_analysis_LC (Rule 200 of total 402) .... done (Time = 0.00s, Memory = 31.5K)
Checking Rule Setup_quasi_static01 (Rule 201 of total 402) .... done (Time = 0.01s, Memory = 49.2K)
Checking Rule SGDC_signal_in_domain02 (Rule 202 of total 402) .... done (Time = 0.00s, Memory = 0.0K)
Checking Rule SGDC_signal_in_domain04 (Rule 203 of total 402) .... done (Time = 0.00s, Memory = -2.0K)
Checking Rule SGDC_numflops03c (Rule 204 of total 402) .... done (Time = 0.00s, Memory = 24.0K)
Checking Rule SGDC_numflops04 (Rule 205 of total 402) .... done (Time = 0.00s, Memory = 0.0K)
Checking Rule SGDC_numflops05 (Rule 206 of total 402) .... done (Time = 0.00s, Memory = -8.0K)
Checking Rule SGDC_numflops06 (Rule 207 of total 402) .... done (Time = 0.00s, Memory = 3.1K)
Checking Rule SGDC_numflops11 (Rule 208 of total 402) .... done (Time = 0.00s, Memory = 0.0K)
Checking Rule SGDC_numflops13 (Rule 209 of total 402) .... done (Time = 0.00s, Memory = 8.0K)
Checking Rule SGDC_numflops14 (Rule 210 of total 402) .... done (Time = 0.00s, Memory = 0.0K)
Checking Rule SGDC_clocksense02 (Rule 211 of total 402) .... done (Time = 0.00s, Memory = 0.0K)
Checking Rule SGDC_clocksense03 (Rule 212 of total 402) .... done (Time = 0.00s, Memory = 0.0K)
Checking Rule SGDC_sgclkgroup01 (Rule 213 of total 402) .... done (Time = 0.00s, Memory = 0.0K)
Checking Rule SGDC_sgclkgroup02 (Rule 214 of total 402) .... done (Time = 0.00s, Memory = -2.1K)
Checking Rule SGDC_sgclkgroup03 (Rule 215 of total 402) .... done (Time = 0.00s, Memory = 0.0K)
Checking Rule SGDC_check_clock_relation01a (Rule 216 of total 402) .... done (Time = 0.00s, Memory = 0.0K)
Checking Rule SGDC_check_clock_relation01b (Rule 217 of total 402) .... done (Time = 0.00s, Memory = 3.5K)
Checking Rule SGDC_check_clock_relation01c (Rule 218 of total 402) .... done (Time = 0.00s, Memory = 0.0K)
Checking Rule SGDC_check_clock_relation02a (Rule 219 of total 402) .... done (Time = 0.00s, Memory = -0.3K)
Checking Rule SGDC_check_clock_relation02b (Rule 220 of total 402) .... done (Time = 0.00s, Memory = 0.0K)
Checking Rule SGDC_check_clock_relation02c (Rule 221 of total 402) .... done (Time = 0.00s, Memory = 0.0K)
Checking Rule SGDC_check_clock_relation03b (Rule 222 of total 402) .... done (Time = 0.00s, Memory = 0.0K)
Checking Rule SGDC_check_clock_relation04b (Rule 223 of total 402) .... done (Time = 0.00s, Memory = 0.0K)
Checking Rule CheckClockRelationSetup (Rule 224 of total 402) .... done (Time = 0.00s, Memory = 0.0K)
Checking Rule SGDC_gray_signals01 (Rule 225 of total 402) .... done (Time = 0.00s, Memory = 0.0K)
Checking Rule SGDC_gray_signals02 (Rule 226 of total 402) .... done (Time = 0.00s, Memory = 0.0K)
Checking Rule SGDC_gray_signals03 (Rule 227 of total 402) .... done (Time = 0.00s, Memory = 0.0K)
Checking Rule SGDC_qualifier02a (Rule 228 of total 402) .... done (Time = 0.00s, Memory = 0.0K)
Checking Rule SGDC_qualifier03a (Rule 229 of total 402) .... done (Time = 0.00s, Memory = 0.0K)
Checking Rule SGDC_qualifier04 (Rule 230 of total 402) .... done (Time = 0.00s, Memory = 0.0K)
Checking Rule SGDC_qualifier05 (Rule 231 of total 402) .... done (Time = 0.00s, Memory = 0.0K)
Checking Rule SGDC_qualifier08 (Rule 232 of total 402) .... done (Time = 0.00s, Memory = 0.0K)
Checking Rule QualifierSetup (Rule 233 of total 402) .... done (Time = 0.00s, Memory = 0.0K)
Checking Rule ResetSynchronizerSetup (Rule 234 of total 402) .... done (Time = 0.00s, Memory = 0.0K)
Checking Rule SGDC_validation_filter_path03 (Rule 235 of total 402) .... done (Time = 0.00s, Memory = 0.0K)
Checking Rule SGDC_qualifier10 (Rule 236 of total 402) .... done (Time = 0.00s, Memory = 0.0K)
Checking Rule SGDC_qualifier11 (Rule 237 of total 402) .... done (Time = 0.00s, Memory = 0.0K)
Checking Rule SGDC_qualifier12 (Rule 238 of total 402) .... done (Time = 0.00s, Memory = 0.0K)
Checking Rule SGDC_qualifier13 (Rule 239 of total 402) .... done (Time = 0.00s, Memory = 0.0K)
Checking Rule SGDC_qualifier14 (Rule 240 of total 402) .... done (Time = 0.00s, Memory = 0.0K)
Checking Rule SGDC_qualifier16 (Rule 241 of total 402) .... done (Time = 0.00s, Memory = 0.0K)
Checking Rule SGDC_qualifier18 (Rule 242 of total 402) .... done (Time = 0.00s, Memory = 0.0K)
Checking Rule SGDC_qualifier19a (Rule 243 of total 402) .... done (Time = 0.00s, Memory = 0.0K)
Checking Rule SGDC_qualifier19b (Rule 244 of total 402) .... done (Time = 0.00s, Memory = 0.0K)
Checking Rule SGDC_qualifier19c (Rule 245 of total 402) .... done (Time = 0.00s, Memory = 0.0K)
Checking Rule SGDC_qualifier20b (Rule 246 of total 402) .... done (Time = 0.00s, Memory = 0.0K)
Checking Rule SGDC_qualifier21 (Rule 247 of total 402) .... done (Time = 0.00s, Memory = 0.0K)
Checking Rule SGDC_qualifier22 (Rule 248 of total 402) .... done (Time = 0.00s, Memory = 12.0K)
Checking Rule SGDC_qualifier23 (Rule 249 of total 402) .... done (Time = 0.00s, Memory = 0.0K)
Checking Rule SGDC_virtualclock01 (Rule 250 of total 402) .... done (Time = 0.00s, Memory = 0.0K)
Checking Rule SGDC_virtualreset01 (Rule 251 of total 402) .... done (Time = 0.00s, Memory = 0.0K)
Checking Rule SGDC_abstract_port19 (Rule 252 of total 402) .... done (Time = 0.00s, Memory = 0.0K)
Checking Rule SGDC_abstract_port20 (Rule 253 of total 402) .... done (Time = 0.00s, Memory = 0.0K)
Checking Rule RFPSetup (Rule 254 of total 402) .... done (Time = 0.00s, Memory = 0.0K)
Checking Rule SGDC_reset_filter_path02a (Rule 255 of total 402) .... done (Time = 0.00s, Memory = -0.4K)
Checking Rule SGDC_reset_filter_path02b (Rule 256 of total 402) .... done (Time = 0.00s, Memory = 0.0K)
Checking Rule SGDC_reset_filter_path02c (Rule 257 of total 402) .... done (Time = 0.00s, Memory = 0.0K)
Checking Rule SGDC_reset_filter_path03a (Rule 258 of total 402) .... done (Time = 0.00s, Memory = 0.0K)
Checking Rule SGDC_reset_filter_path03b (Rule 259 of total 402) .... done (Time = 0.00s, Memory = 0.0K)
Checking Rule SGDC_reset_filter_path03c (Rule 260 of total 402) .... done (Time = 0.00s, Memory = 0.0K)
Checking Rule SGDC_reset_filter_path04b (Rule 261 of total 402) .... done (Time = 0.00s, Memory = 0.0K)
Checking Rule SGDC_reset_filter_path07a (Rule 262 of total 402) .... done (Time = 0.00s, Memory = 0.0K)
Checking Rule SGDC_reset_filter_path07b (Rule 263 of total 402) .... done (Time = 0.00s, Memory = 0.0K)
Checking Rule SGDC_reset_filter_path07c (Rule 264 of total 402) .... done (Time = 0.00s, Memory = -4.0K)
Checking Rule SGDC_define_reset_order03 (Rule 265 of total 402) .... done (Time = 0.00s, Memory = 8.0K)
Checking Rule SGDC_define_reset_order04 (Rule 266 of total 402) .... done (Time = 0.00s, Memory = -8.0K)
Checking Rule SGDC_define_reset_order05 (Rule 267 of total 402) .... done (Time = 0.00s, Memory = -7.9K)
Checking Rule SGDC_cdc_false_path06 (Rule 268 of total 402) .... done (Time = 0.00s, Memory = 0.0K)
Checking Rule SGDC_cdc_false_path07 (Rule 269 of total 402) .... done (Time = 0.00s, Memory = 8.0K)
Checking Rule SGDC_cdc_false_path08 (Rule 270 of total 402) .... done (Time = 0.00s, Memory = 0.0K)
Checking Rule CDCSet_License01 (Rule 271 of total 402) .... done (Time = 0.00s, Memory = -8.0K)
Checking Rule Clock_info03a (Rule 272 of total 402) .... done (Time = 0.00s, Memory = -9.9K)
Checking Rule Clock_info03b (Rule 273 of total 402) .... done (Time = 0.00s, Memory = -17.9K)
Checking Rule Clock_info03c (Rule 274 of total 402) .... done (Time = 0.00s, Memory = 7.0K)
Checking Rule Ac_coherency06 (Rule 275 of total 402) .... done (Time = 0.00s, Memory = 0.0K)
Checking Rule Ac_unsync01 (Rule 276 of total 402) .... done (Time = 0.00s, Memory = 0.0K)
Checking Rule Ac_unsync02 (Rule 277 of total 402) .... done (Time = 0.00s, Memory = -25.8K)
Checking Rule Ac_sync01 (Rule 278 of total 402) .... done (Time = 0.00s, Memory = 0.0K)
Checking Rule Ac_sync02 (Rule 279 of total 402) .... done (Time = 0.00s, Memory = 0.0K)
Checking Rule Ac_crossing01 (Rule 280 of total 402) .... done (Time = 0.00s, Memory = -8.5K)
Checking Rule Propagate_Resets (Rule 281 of total 402) .... done (Time = 0.00s, Memory = 40.6K)
Checking Rule _reset_sync (Rule 282 of total 402) .... done (Time = 0.00s, Memory = 0.0K)
Checking Rule Setup_port01 (Rule 283 of total 402) .... done (Time = 0.00s, Memory = 0.0K)
Checking Rule Setup_blackbox01 (Rule 284 of total 402) .... done (Time = 0.00s, Memory = -32.0K)
Checking Rule Setup_library01 (Rule 285 of total 402) .... done (Time = 0.01s, Memory = 0.0K)
Checking Rule Reset_check11 (Rule 286 of total 402) .... done (Time = 0.01s, Memory = 40.3K)
Checking Rule Reset_info09a (Rule 287 of total 402) .... done (Time = 0.00s, Memory = 0.0K)
Checking Rule Clock_sync05 (Rule 288 of total 402) .... done (Time = 0.00s, Memory = 0.0K)
Checking Rule Clock_sync06 (Rule 289 of total 402) .... done (Time = 0.00s, Memory = 0.0K)
Checking Rule Clock_info02 (Rule 290 of total 402) .... done (Time = 0.00s, Memory = -34.7K)
Checking Rule Reset_info02 (Rule 291 of total 402) .... done (Time = 0.00s, Memory = 3.3K)
Checking Rule Clock_info05 (Rule 292 of total 402) .... done (Time = 0.00s, Memory = -1.0K)
Checking Rule Clock_info05b (Rule 293 of total 402) .... done (Time = 0.00s, Memory = 0.0K)
Checking Rule Reset_check03 (Rule 294 of total 402) .... done (Time = 0.00s, Memory = 8.7K)
Checking Rule _clkWrapModules (Rule 295 of total 402) .... done (Time = 0.00s, Memory = 0.5K)
Checking Rule _clock_hier_rules (Rule 296 of total 402) .... done (Time = 0.00s, Memory = 0.0K)
Checking Rule Reset_check12 (Rule 297 of total 402) .... done (Time = 0.01s, Memory = 108.1K)
Checking Rule Ar_sync_init (Rule 298 of total 402) .... done (Time = 0.01s, Memory = 0.6K)
Checking Rule _constrCoverage (Rule 299 of total 402) .... done (Time = 0.00s, Memory = 19.5K)
Checking Rule Clock_info15 (Rule 300 of total 402) .... done (Time = 0.00s, Memory = 0.6K)
Checking Rule Reset_check10 (Rule 301 of total 402) .... done (Time = 0.00s, Memory = 26.0K)
Checking Rule Reset_sync02 (Rule 302 of total 402) .... done (Time = 0.00s, Memory = -0.3K)
Checking Rule SGDC_clockreset02 (Rule 303 of total 402) .... done (Time = 0.00s, Memory = 0.0K)
Checking Rule Param_clockreset02 (Rule 304 of total 402) .... done (Time = 0.00s, Memory = 0.0K)
Checking Rule Param_clockreset04 (Rule 305 of total 402) .... done (Time = 0.00s, Memory = 0.0K)
Checking Rule Setup_clockreset01 (Rule 306 of total 402) .... done (Time = 0.00s, Memory = 0.0K)
Checking Rule Clock_check07 (Rule 307 of total 402) .... done (Time = 0.00s, Memory = 3.1K)
Checking Rule Clock_check10 (Rule 308 of total 402) .... done (Time = 0.00s, Memory = -1.1K)
Checking Rule Reset_check08 (Rule 309 of total 402) .... done (Time = 0.00s, Memory = 0.0K)
Checking Rule Clock_converge01 (Rule 310 of total 402) .... done (Time = 0.00s, Memory = 1.6K)
Checking Rule Ar_converge01 (Rule 311 of total 402) .... done (Time = 0.00s, Memory = 1.9K)
Checking Rule SGDC_noclockcell_start01 (Rule 312 of total 402) .... done (Time = 0.00s, Memory = 0.0K)
Checking Rule Ac_initseq01 (Rule 313 of total 402) .... done (Time = 0.00s, Memory = 0.0K)
Checking Rule Ac_init01 (Rule 314 of total 402)
 .... done (Time = 0.00s, Memory = 94.0K)
Checking Rule _ac_Auxi01 (Rule 315 of total 402) .... done (Time = 0.00s, Memory = 32.0K)
Checking Rule Ac_sanity02 (Rule 316 of total 402) .... done (Time = 0.00s, Memory = 7.9K)
Checking Rule _glitch_init (Rule 317 of total 402) .... done (Time = 0.01s, Memory = 0.5K)
Checking Rule Ac_initstate01 (Rule 318 of total 402) .... done (Time = 0.00s, Memory = -38.8K)
Checking Rule Ac_conv02 (Rule 319 of total 402)
Verifying rule Ac_conv02: 1 checks
0% time spent, 0%(0) assertions proved, 0%(0) failed, 0%(0) partially proved, 0%(0) others0% time spent, 0%(0) assertions proved, 0%(0) failed, 0%(0) partially proved, 0%(0) others0% time spent, 0%(0) assertions proved, 0%(0) failed, 0%(0) partially proved, 0%(0) others100% time spent, 100%(1) assertions proved, 0%(0) failed, 0%(0) partially proved, 0%(0) others100% time spent, 100%(1) assertions proved, 0%(0) failed, 0%(0) partially proved, 0%(0) others100% time spent, 100%(1) assertions proved, 0%(0) failed, 0%(0) partially proved, 0%(0) others .... done (Time = 1.43s, Memory = -37.8K)
Checking Rule Ac_conv02setup01 (Rule 320 of total 402) .... done (Time = 0.00s, Memory = 0.0K)
Checking Rule Ac_conv01 (Rule 321 of total 402) .... done (Time = 0.00s, Memory = 37.0K)
Checking Rule Ac_conv03 (Rule 322 of total 402) .... done (Time = 0.00s, Memory = -24.3K)
Checking Rule Ac_conv04 (Rule 323 of total 402) .... done (Time = 0.00s, Memory = 3.8K)
Checking Rule Ac_cdc01a (Rule 324 of total 402)
Verifying rule Ac_cdc01a: 1 checks
0% time spent, 0%(0) assertions proved, 0%(0) failed, 0%(0) partially proved, 0%(0) others0% time spent, 0%(0) assertions proved, 0%(0) failed, 0%(0) partially proved, 0%(0) others0% time spent, 0%(0) assertions proved, 0%(0) failed, 0%(0) partially proved, 0%(0) others0% time spent, 0%(0) assertions proved, 0%(0) failed, 0%(0) partially proved, 0%(0) others0% time spent, 0%(0) assertions proved, 0%(0) failed, 0%(0) partially proved, 0%(0) others0% time spent, 0%(0) assertions proved, 0%(0) failed, 0%(0) partially proved, 0%(0) others100% time spent, 0%(0) assertions proved, 0%(0) failed, 100%(1) partially proved, 0%(0) others100% time spent, 0%(0) assertions proved, 0%(0) failed, 100%(1) partially proved, 0%(0) others .... done (Time = 4.80s, Memory = -30.4K)
Checking Rule Ac_datahold01a (Rule 325 of total 402)
Verifying rule Ac_datahold01a: 4 checks
0% time spent, 0%(0) assertions proved, 0%(0) failed, 0%(0) partially proved, 0%(0) others0% time spent, 0%(0) assertions proved, 0%(0) failed, 0%(0) partially proved, 0%(0) others0% time spent, 0%(0) assertions proved, 0%(0) failed, 0%(0) partially proved, 0%(0) others0% time spent, 0%(0) assertions proved, 0%(0) failed, 0%(0) partially proved, 0%(0) others0% time spent, 0%(0) assertions proved, 0%(0) failed, 0%(0) partially proved, 0%(0) others25% time spent, 25%(1) assertions proved, 0%(0) failed, 0%(0) partially proved, 0%(0) others25% time spent, 25%(1) assertions proved, 0%(0) failed, 0%(0) partially proved, 0%(0) others25% time spent, 25%(1) assertions proved, 0%(0) failed, 0%(0) partially proved, 0%(0) others25% time spent, 25%(1) assertions proved, 0%(0) failed, 0%(0) partially proved, 0%(0) others25% time spent, 25%(1) assertions proved, 0%(0) failed, 0%(0) partially proved, 0%(0) others25% time spent, 25%(1) assertions proved, 0%(0) failed, 0%(0) partially proved, 0%(0) others25% time spent, 25%(1) assertions proved, 0%(0) failed, 0%(0) partially proved, 0%(0) others25% time spent, 25%(1) assertions proved, 0%(0) failed, 0%(0) partially proved, 0%(0) others25% time spent, 25%(1) assertions proved, 0%(0) failed, 0%(0) partially proved, 0%(0) others25% time spent, 25%(1) assertions proved, 0%(0) failed, 0%(0) partially proved, 0%(0) others25% time spent, 25%(1) assertions proved, 0%(0) failed, 0%(0) partially proved, 0%(0) others25% time spent, 25%(1) assertions proved, 0%(0) failed, 0%(0) partially proved, 0%(0) others100% time spent, 25%(1) assertions proved, 0%(0) failed, 75%(3) partially proved, 0%(0) others100% time spent, 25%(1) assertions proved, 0%(0) failed, 75%(3) partially proved, 0%(0) others .... done (Time = 23.13s, Memory = 67.1K)
Checking Rule Ac_abs01 (Rule 326 of total 402) .... done (Time = 0.00s, Memory = 0.0K)
Checking Rule Ac_glitch03 (Rule 327 of total 402) .... done (Time = 0.00s, Memory = 0.0K)
Checking Rule Ac_clockperiod01 (Rule 328 of total 402) .... done (Time = 0.00s, Memory = 0.2K)
Checking Rule Ac_clockperiod02 (Rule 329 of total 402) .... done (Time = 0.00s, Memory = 0.0K)
Checking Rule Ac_clockperiod03 (Rule 330 of total 402) .... done (Time = 0.00s, Memory = 0.0K)
Checking Rule Ac_report01 (Rule 331 of total 402) .... done (Time = 0.00s, Memory = -61.6K)
Checking Rule AllowComboLogicSetup (Rule 332 of total 402) .... done (Time = 0.00s, Memory = 0.0K)
Checking Rule Ac_resetvalue01 (Rule 333 of total 402) .... done (Time = 0.00s, Memory = 15.0K)
Checking Rule Ac_upfsetup02 (Rule 334 of total 402) .... done (Time = 0.00s, Memory = 0.0K)
Checking Rule Ac_upfsetup01 (Rule 335 of total 402) .... done (Time = 0.00s, Memory = 0.0K)
Checking Rule Ac_psync_init (Rule 336 of total 402) .... done (Time = 0.00s, Memory = 0.0K)
Checking Rule Ac_psetup01 (Rule 337 of total 402) .... done (Time = 0.00s, Memory = 0.0K)
Checking Rule Clock_exit01 (Rule 338 of total 402) .... done (Time = 0.00s, Memory = 0.0K)
Checking Rule SGDC_reset_synchronizer02 (Rule 339 of total 402) .... done (Time = 0.00s, Memory = 0.0K)
Checking Rule SGDC_reset_synchronizer04 (Rule 340 of total 402) .... done (Time = 0.00s, Memory = 0.0K)
Checking Rule SGDC_reset_synchronizer06 (Rule 341 of total 402) .... done (Time = 0.00s, Memory = 0.0K)
Checking Rule SGDC_reset_synchronizer08 (Rule 342 of total 402) .... done (Time = 0.00s, Memory = 0.0K)
Checking Rule SGDC_reset_synchronizer10 (Rule 343 of total 402) .... done (Time = 0.00s, Memory = 0.0K)
Checking Rule AnalyzeBBox (Rule 344 of total 402) .... done (Time = 0.00s, Memory = 0.0K)
Checking Rule ReportCheckDataSummary (Rule 345 of total 402) .... done (Time = 0.00s, Memory = 0.0K)

Generating data for Console...

SpyGlass Rule Checking Complete.

Generating moresimple report from './spyglass-1/sys_top/cdc/cdc_verify/spyglass.vdb' to './spyglass-1/sys_top/cdc/cdc_verify/spyglass_reports/moresimple.rpt' ....

Generating runsummary report from './spyglass-1/sys_top/cdc/cdc_verify/spyglass.vdb' ....

Generating no_msg_reporting_rules report from './spyglass-1/sys_top/cdc/cdc_verify/spyglass.vdb' to './spyglass-1/sys_top/cdc/cdc_verify/spyglass_reports/no_msg_reporting_rules.rpt' ....

Generating adv_cdc report from './spyglass-1/sys_top/cdc/cdc_verify/spyglass.vdb' to './spyglass-1/sys_top/cdc/cdc_verify/spyglass_reports/adv_cdc.rpt' ....

Generating CDC-report report from './spyglass-1/sys_top/cdc/cdc_verify/spyglass.vdb' to './spyglass-1/sys_top/cdc/cdc_verify/spyglass_reports/CDC-report.rpt' ....

Generating CKSGDCInfo report from './spyglass-1/sys_top/cdc/cdc_verify/spyglass.vdb' to './spyglass-1/sys_top/cdc/cdc_verify/spyglass_reports/CKSGDCInfo.rpt' ....

Generating RSTree report from './spyglass-1/sys_top/cdc/cdc_verify/spyglass.vdb' to './spyglass-1/sys_top/cdc/cdc_verify/spyglass_reports/RSTree.rpt' ....

Generating CKTree report from './spyglass-1/sys_top/cdc/cdc_verify/spyglass.vdb' to './spyglass-1/sys_top/cdc/cdc_verify/spyglass_reports/CKTree.rpt' ....

Policy specific data (reports) are present in the directory './spyglass-1/sys_top/cdc/cdc_verify/spyglass_reports'.

SpyGlass critical reports for the current run are present in directory './spyglass-1/consolidated_reports/sys_top_cdc_cdc_verify/'.

---------------------------------------------------------------------------------------------
Results Summary:
---------------------------------------------------------------------------------------------
   Goal Run           :      cdc/cdc_verify
   Command-line read  :      0 error,      0 warning,      1 information message 
   Design Read        :      0 error,      0 warning,      3 information messages
      Found 1 top module:
         sys_top   (file: ../rtl/System_Top/SYS_TOP_dft.v)

   Blackbox Resolution:      0 error,      0 warning,      0 information message 
   SGDC Checks        :      0 error,      0 warning,      1 information message 
   Policy clock-reset :      0 error,      7 warnings,    34 information messages
   -------------------------------------------------------------------------------------
   Total              :      0 error,      7 warnings,    39 information messages

  Total Number of Generated Messages     :        46 (0 error, 7 warnings, 39 Infos)
  Number of Reported Messages            :        46 (0 error, 7 warnings, 39 Infos)

---------------------------------------------------------------------------------------------


run_goal: info: updating spyglass.log with goal summary
run_goal: info: spyglass.log successfully updated with goal summary
0 {Rule-checking completed with warnings}./spyglass-1/sys_top/cdc/cdc_verify/spyglass-1_waiver_file.awl./spyglass-1/sys_top/cdc/cdc_verify/spyglass-1_waiver_file.awl./spyglass-1/sys_top/cdc/cdc_verify/spyglass-1_waiver_file.awl10./spyglass-1/sys_top/cdc/cdc_verify/spyglass-1_waiver_file.awl./spyglass-1/sys_top/cdc/cdc_verify/spyglass-1_waiver_file.awl11./spyglass-1/sys_top/cdc/cdc_verify/spyglass-1_waiver_file.awl./spyglass-1/sys_top/cdc/cdc_verify/spyglass-1_waiver_file.awl12./spyglass-1/sys_top/cdc/cdc_verify/spyglass-1_waiver_file.awl./spyglass-1/sys_top/cdc/cdc_verify/spyglass-1_waiver_file.awl13./spyglass-1/sys_top/cdc/cdc_verify/spyglass-1_waiver_file.awl./spyglass-1/sys_top/cdc/cdc_verify/spyglass-1_waiver_file.awl14./spyglass-1/sys_top/cdc/cdc_verify/spyglass-1_waiver_file.awlcurrent_goal: warning: design query data not saved for last active goal `cdc/cdc_verify'
                       (use `save_goal' command or enable `auto_save' option to save design query data for subsequent goals)
current_goal: warning: goal `dft/dft_scan_ready' (-top sys_top) was run but not saved last time
                       run results and goal settings might not match
current_goal: info: loading goal `dft/dft_scan_ready' with top `sys_top' (in progress)
current_goal: info: finished loading goal `dft/dft_scan_ready' (ok)

INFO:    SpyGlass will run goal(s) 'dft/dft_scan_ready'.


 Auto-compiling gates libraries

        "../System_pnr/std_cells/libs/scmetro_tsmc_cl013g_rvt_ss_1p08v_125c.lib"
        "../System_pnr/std_cells/libs/scmetro_tsmc_cl013g_rvt_tt_1p2v_25c.lib"
        "../System_pnr/std_cells/libs/scmetro_tsmc_cl013g_rvt_ff_1p32v_m40c.lib"
    to
        "./spyglass-1/spyglass_cache/autogenerated_sglib/aggregate.sglib" ...already compiled

 Using this already compiled sglib for the current run ...

RULE-CHECKING IN MIXED MODE
Loading spyglass (SpyGlass_vL-2016.06) ... (picked from /home/synopsys/SpyGlass-L2016.06/SPYGLASS_HOME/policies/spyglass)
Loading dft (SpyGlass_vL-2016.06) ... (picked from /home/synopsys/SpyGlass-L2016.06/SPYGLASS_HOME/policies/dft)
 Reading sgdc file "../Spyglass/spy_cons.sgdc" ...
Performing unification checks on SGDC... done
Reading specified sglib files(s) ....
   Processing library: 'scmetro_tsmc_cl013g_rvt_ss_1p08v_125c' .... done
   Processing library: 'scmetro_tsmc_cl013g_rvt_tt_1p2v_25c' .... done
   Processing library: 'scmetro_tsmc_cl013g_rvt_ff_1p32v_m40c' .... done
Checking Rule AutoGenerateSglib (Rule 1 of total 171) .... done (Time = 0.00s, Memory = 0.0K)

INFO [76]    Using `./spyglass-1/sys_top/WORK/64' as the Work Directory for 64bit precompiled dump.
Checking Rule PrecompileLibCheck01 (Rule 2 of total 171) .... done (Time = 0.00s, Memory = 0.0K)
Checking Rule PrecompileLibCheck02 (Rule 3 of total 171) .... done (Time = 0.00s, Memory = 0.0K)
Checking Rule PrecompileLibCheck03 (Rule 4 of total 171) .... done (Time = 0.00s, Memory = -11.2K)
Checking Rule PrecompileLibCheck04 (Rule 5 of total 171) .... done (Time = 0.00s, Memory = 0.0K)
Checking Rule ElabSummary (Rule 6 of total 171) .... done (Time = 0.00s, Memory = 0.0K)
Checking Rule ReportSglibVersionSummary (Rule 7 of total 171) .... done (Time = 0.00s, Memory = 0.0K)
Checking Rule SGDC_assume_path01 (Rule 8 of total 171) .... done (Time = 0.00s, Memory = 0.0K)
Checking Rule SGDC_sdcschema02 (Rule 9 of total 171) .... done (Time = 0.00s, Memory = 0.1K)
Checking Rule SGDC_clock05 (Rule 10 of total 171) .... done (Time = 0.00s, Memory = 25.5K)
Checking Rule SGDC_clock09 (Rule 11 of total 171) .... done (Time = 0.00s, Memory = -8.0K)
Checking Rule SGDC_force_ta05 (Rule 12 of total 171) .... done (Time = 0.00s, Memory = 0.0K)
Checking Rule SGDC_require_path03 (Rule 13 of total 171) .... done (Time = 0.00s, Memory = -12.0K)
Checking Rule SGDC_require_value03 (Rule 14 of total 171) .... done (Time = 0.00s, Memory = 7.5K)
Checking Rule SGDC_voltagedomain05 (Rule 15 of total 171) .... done (Time = 0.00s, Memory = 7.5K)
Checking Rule SGDC_voltagedomain06 (Rule 16 of total 171) .... done (Time = 0.00s, Memory = 0.0K)
Checking Rule SGDC_voltagedomain07 (Rule 17 of total 171) .... done (Time = 0.00s, Memory = 0.0K)
Checking Rule SGDC_powerdomainoutputs02 (Rule 18 of total 171) .... done (Time = 0.00s, Memory = 3.1K)
Checking Rule SGDC_supply01 (Rule 19 of total 171) .... done (Time = 0.00s, Memory = 7.5K)
Checking Rule SGDC_waive01 (Rule 20 of total 171) .... done (Time = 0.00s, Memory = 0.0K)
Checking Rule SGDC_waive02 (Rule 21 of total 171) .... done (Time = 0.00s, Memory = 0.0K)
Checking Rule SGDC_waive03 (Rule 22 of total 171) .... done (Time = 0.00s, Memory = 0.0K)
Checking Rule SGDC_waive04 (Rule 23 of total 171) .... done (Time = 0.00s, Memory = 0.0K)
Checking Rule SGDC_waive05 (Rule 24 of total 171) .... done (Time = 0.00s, Memory = 0.0K)
Checking Rule SGDC_waive06 (Rule 25 of total 171) .... done (Time = 0.00s, Memory = 0.0K)
Checking Rule SGDC_waive07 (Rule 26 of total 171) .... done (Time = 0.00s, Memory = 0.0K)
Checking Rule SGDC_waive08 (Rule 27 of total 171) .... done (Time = 0.00s, Memory = 0.0K)
Checking Rule SGDC_waive09 (Rule 28 of total 171) .... done (Time = 0.00s, Memory = 6.0K)
Checking Rule SGDC_waive10 (Rule 29 of total 171) .... done (Time = 0.00s, Memory = 0.0K)
Checking Rule SGDC_waive11 (Rule 30 of total 171) .... done (Time = 0.00s, Memory = 0.0K)
Checking Rule SGDC_waive12 (Rule 31 of total 171) .... done (Time = 0.00s, Memory = 1.6K)
Checking Rule SGDC_waive13 (Rule 32 of total 171) .... done (Time = 0.00s, Memory = 0.0K)
Checking Rule SGDC_waive21 (Rule 33 of total 171) .... done (Time = 0.00s, Memory = 0.8K)
Checking Rule SGDC_waive22 (Rule 34 of total 171) .... done (Time = 0.00s, Memory = 0.0K)
Checking Rule SGDC_waive30 (Rule 35 of total 171) .... done (Time = 0.00s, Memory = 1.3K)
Checking Rule SGDC_waive32 (Rule 36 of total 171) .... done (Time = 0.00s, Memory = 0.1K)
Checking Rule SGDC_waive33 (Rule 37 of total 171) .... done (Time = 0.00s, Memory = 0.1K)
Checking Rule SGDC_waive36 (Rule 38 of total 171) .... done (Time = 0.00s, Memory = 0.0K)
Checking Rule SGDC_waive38 (Rule 39 of total 171) .... done (Time = 0.00s, Memory = 0.0K)
Checking Rule SGDC_fifo01 (Rule 40 of total 171) .... done (Time = 0.00s, Memory = 7.5K)
Checking Rule SGDC_libgroup01 (Rule 41 of total 171) .... done (Time = 0.00s, Memory = 0.0K)
Checking Rule SGDC_libgroup02 (Rule 42 of total 171) .... done (Time = 0.00s, Memory = 0.0K)
Checking Rule SGDC_libgroup04 (Rule 43 of total 171) .... done (Time = 0.00s, Memory = 7.5K)
Checking Rule SGDC_power_data01 (Rule 44 of total 171) .... done (Time = 0.00s, Memory = 0.0K)
Checking Rule SGDC_ungroup01 (Rule 45 of total 171) .... done (Time = 0.00s, Memory = 6.8K)
Checking Rule SGDC_abstract_port06 (Rule 46 of total 171) .... done (Time = 0.00s, Memory = 0.0K)
Checking Rule SGDC_abstract_port14 (Rule 47 of total 171) .... done (Time = 0.00s, Memory = 7.5K)
Checking Rule SGDC_abstract_port15 (Rule 48 of total 171) .... done (Time = 0.00s, Memory = 32.0K)
Checking Rule SGDC_abstract_port18 (Rule 49 of total 171) .... done (Time = 0.00s, Memory = 7.5K)
Checking Rule sdc_init_rule (Rule 50 of total 171) .... done (Time = 0.00s, Memory = 0.6K)
Checking Rule CMD_ignorelibs01 (Rule 51 of total 171) .... done (Time = 0.00s, Memory = 0.0K)
Checking Rule ReportRuleNotRun (Rule 52 of total 171) .... done (Time = 0.00s, Memory = 8.0K)
Checking Rule dftSetup (Rule 53 of total 171) .... done (Time = 0.01s, Memory = 216.3K)
Checking Rule dftSGDCSTX_073 (Rule 54 of total 171) .... done (Time = 0.00s, Memory = 5.9K)
Checking Rule dftSGDCSTX_058 (Rule 55 of total 171) .... done (Time = 0.00s, Memory = 0.1K)
Checking Rule dftCumulativeFaultStatusFileCheck (Rule 56 of total 171) .... done (Time = 0.00s, Memory = 0.1K)
Checking Rule dftSGDCSTX_051 (Rule 57 of total 171) .... done (Time = 0.00s, Memory = 0.0K)
Checking Rule dftSGDCSTX_053 (Rule 58 of total 171) .... done (Time = 0.00s, Memory = 0.0K)
Checking Rule dftSGDCSTX_054 (Rule 59 of total 171) .... done (Time = 0.00s, Memory = 0.0K)
Checking Rule dftSGDCSTX_055 (Rule 60 of total 171) .... done (Time = 0.00s, Memory = 0.0K)
Checking Rule dftSGDCSTX_072 (Rule 61 of total 171) .... done (Time = 0.00s, Memory = 0.0K)
Checking Rule dftSGDCSTX_074 (Rule 62 of total 171) .... done (Time = 0.00s, Memory = 0.0K)
Checking Rule dftSGDCSTX_076 (Rule 63 of total 171) .... done (Time = 0.00s, Memory = 0.0K)
Checking Rule dftSGDCSTX_077 (Rule 64 of total 171) .... done (Time = 0.00s, Memory = -1.8K)
Checking Rule dftSGDCSTX_078 (Rule 65 of total 171) .... done (Time = 0.00s, Memory = 0.0K)
Checking Rule dftSGDCSTX_075 (Rule 66 of total 171) .... done (Time = 0.00s, Memory = 0.0K)
Checking Rule dftParamCheck_01 (Rule 67 of total 171) .... done (Time = 0.00s, Memory = 0.0K)
 Reading waiver file "./spyglass-1/sys_top/dft/dft_scan_ready/spyglass_spysch/waiver/pragma2Waiver.swl" ...
 Reading included SGDC file "./spyglass-1/sys_top/dft/dft_scan_ready/spyglass_spysch/waiver/pragma2Waiver_varfile.swl" ....
Checking Rule ReportStopSummary (Rule 68 of total 171) .... done (Time = 0.00s, Memory = 0.0K)
Checking Rule ReportIgnoreSummary (Rule 69 of total 171) .... done (Time = 0.00s, Memory = 0.0K)

INFO [235]    Restoring design database from directory './spyglass-1/sys_top/.SG_SaveRestoreDB/autogenerated__default_snapshot' ...
              done

Checking Rule InferBlackBox (Rule 70 of total 171) .... done (Time = 0.00s, Memory = 0.0K)
Checking Rule SGDC_waive37 (Rule 71 of total 171) .... done (Time = 0.00s, Memory = 0.0K)
Checking Rule SGDC_waive24 (Rule 72 of total 171) .... done (Time = 0.00s, Memory = 0.0K)
Checking Rule SGDC_waive25 (Rule 73 of total 171) .... done (Time = 0.00s, Memory = 0.0K)
Checking Rule SGDC_waive31 (Rule 74 of total 171) .... done (Time = 0.00s, Memory = 0.0K)
Checking Rule SGDC_waive35 (Rule 75 of total 171) .... done (Time = 0.00s, Memory = 0.0K)
Checking Rule ReportSglibSummary (Rule 76 of total 171) .... done (Time = 0.00s, Memory = -8.0K)
Checking Rule DetectTopDesignUnits (Rule 77 of total 171)
 Detected 1 top level design units:
     sys_top
 .... done (Time = 0.00s, Memory = 3.8K)
Checking Rule GenerateConfMap (Rule 78 of total 171) .... done (Time = 0.00s, Memory = 0.0K)
Performing semantic checks on SGDC contents
Checking Rule SGDC_testmode03 (Rule 79 of total 171) .... done (Time = 0.00s, Memory = 0.0K)
Checking Rule CheckCelldefine (Rule 80 of total 171) .... done (Time = 0.00s, Memory = 0.0K)
Checking Rule checkSGDC_01 (Rule 81 of total 171) .... done (Time = 0.00s, Memory = 0.0K)
Checking Rule checkSGDC_03 (Rule 82 of total 171) .... done (Time = 0.00s, Memory = 0.0K)
Checking Rule checkSGDC_08 (Rule 83 of total 171) .... done (Time = 0.00s, Memory = 0.0K)
Checking Rule SGDC_memorywritepin04 (Rule 84 of total 171) .... done (Time = 0.00s, Memory = -2.5K)
Checking Rule SGDC_reset02 (Rule 85 of total 171) .... done (Time = 0.00s, Memory = 0.4K)
Checking Rule SGDC_reset03 (Rule 86 of total 171) .... done (Time = 0.00s, Memory = 7.8K)
Checking Rule SGDC_waive23 (Rule 87 of total 171) .... done (Time = 0.00s, Memory = -0.2K)
Checking Rule SGDC_waive26 (Rule 88 of total 171) .... done (Time = 0.00s, Memory = 0.3K)
Checking Rule SGDC_waive27 (Rule 89 of total 171) .... done (Time = 0.00s, Memory = 0.0K)
Checking Rule SGDC_waive29 (Rule 90 of total 171) .... done (Time = 0.00s, Memory = 0.0K)
Checking Rule SGDC_libgroup03 (Rule 91 of total 171) .... done (Time = 0.00s, Memory = 0.0K)
Checking Rule SGDC_ungroup02 (Rule 92 of total 171) .... done (Time = 0.00s, Memory = 1.5K)
Checking Rule _abstractPortSGDC (Rule 93 of total 171) .... done (Time = 0.00s, Memory = 7.0K)
Checking Rule SGDC_abstract_port03 (Rule 94 of total 171) .... done (Time = 0.00s, Memory = 0.0K)
Checking Rule SGDC_abstract_port04 (Rule 95 of total 171) .... done (Time = 0.00s, Memory = 0.0K)
Checking Rule SGDC_abstract_port05 (Rule 96 of total 171) .... done (Time = 0.00s, Memory = 0.0K)
Checking Rule SGDC_abstract_port07 (Rule 97 of total 171) .... done (Time = 0.00s, Memory = 0.0K)
Checking Rule SGDC_abstract_port08 (Rule 98 of total 171) .... done (Time = 0.00s, Memory = 0.8K)
Checking Rule SGDC_abstract_port10 (Rule 99 of total 171) .... done (Time = 0.00s, Memory = 0.0K)
Checking Rule SGDC_abstract_port11 (Rule 100 of total 171) .... done (Time = 0.00s, Memory = 0.0K)
Checking Rule SGDC_abstract_port12 (Rule 101 of total 171) .... done (Time = 0.00s, Memory = 0.9K)
Checking Rule SGDC_abstract_port13 (Rule 102 of total 171) .... done (Time = 0.00s, Memory = 0.0K)
Checking Rule ReportUngroup (Rule 103 of total 171) .... done (Time = 0.00s, Memory = 0.0K)
Checking Rule SGDC_abstract_port21 (Rule 104 of total 171) .... done (Time = 0.00s, Memory = 0.0K)
Checking Rule dftMandatory_Constraint_Check (Rule 105 of total 171) .... done (Time = 0.06s, Memory = -30.7K)
Checking Rule dftOptional_Constraint_Check (Rule 106 of total 171) .... done (Time = 0.05s, Memory = 1.0K)
Checking Rule dftVSTOPDUSetUp (Rule 107 of total 171) .... done (Time = 0.00s, Memory = 16.5K)
Checking Rule dftVSTOPDUExit (Rule 108 of total 171) .... done (Time = 0.00s, Memory = 0.0K)
 Flattening sys_top (.lib instances separately flattened) ....
 Flattening completed
Checking Rule SGDC_set_case_analysis_LC (Rule 109 of total 171) .... done (Time = 0.01s, Memory = 1053.1K)
Checking Rule dftSGDCSTX_059 (Rule 110 of total 171) .... done (Time = 0.00s, Memory = 26.8K)
Checking Rule dftSGDCSTX_060 (Rule 111 of total 171) .... done (Time = 0.00s, Memory = 0.0K)
Checking Rule dftSGDCSTX_061 (Rule 112 of total 171) .... done (Time = 0.00s, Memory = -8.0K)
Checking Rule dftSGDCSTX_069 (Rule 113 of total 171) .... done (Time = 0.00s, Memory = 8.0K)
Checking Rule dftFLATDU_RFSetUp (Rule 114 of total 171) .... done (Time = 0.01s, Memory = 1007.3K)
Checking Rule dftSGDCSTX_057 (Rule 115 of total 171) .... done (Time = 0.00s, Memory = 0.0K)
Checking Rule dftUserMacroSanityCheck_01 (Rule 116 of total 171) .... done (Time = 0.00s, Memory = 0.0K)
Checking Rule dftSGDCSTX_064 (Rule 117 of total 171) .... done (Time = 0.00s, Memory = 0.0K)
Checking Rule dftSGDCSTX_070 (Rule 118 of total 171) .... done (Time = 0.00s, Memory = 0.0K)
Checking Rule dftSGDCSTX_071 (Rule 119 of total 171) .... done (Time = 0.00s, Memory = -4.0K)
Checking Rule Diagnose_ScanChain (Rule 120 of total 171) .... done (Time = 0.00s, Memory = 0.2K)
Checking Rule Diagnose_testmode (Rule 121 of total 171) .... done (Time = 0.00s, Memory = -1.9K)
Checking Rule Diagnose_testclock (Rule 122 of total 171) .... done (Time = 0.00s, Memory = 0.0K)
Checking Rule Info_untestable (Rule 123 of total 171) .... done (Time = 0.02s, Memory = 38.1K)
Checking Rule Info_coverage (Rule 124 of total 171) .... done (Time = 0.03s, Memory = 5.6K)
Checking Rule Info_testmode (Rule 125 of total 171) .... done (Time = 0.00s, Memory = -1.2K)
Checking Rule Info_testmode_conflict_01 (Rule 126 of total 171) .... done (Time = 0.00s, Memory = 8.3K)
Checking Rule Info_testclock (Rule 127 of total 171) .... done (Time = 0.00s, Memory = 4.7K)
Checking Rule Info_noScan (Rule 128 of total 171) .... done (Time = 0.00s, Memory = 22.7K)
Checking Rule Info_forcedScan (Rule 129 of total 171) .... done (Time = 0.00s, Memory = -0.5K)
Checking Rule Info_inferredNoScan (Rule 130 of total 171) .... done (Time = 0.00s, Memory = -23.1K)
Checking Rule Info_scanwrap (Rule 131 of total 171) .... done (Time = 0.05s, Memory = 0.0K)
Checking Rule Async_07 (Rule 132 of total 171) .... done (Time = 0.06s, Memory = 75.3K)
Checking Rule Async_08 (Rule 133 of total 171) .... done (Time = 0.03s, Memory = -0.4K)
Checking Rule Clock_11 (Rule 134 of total 171) .... done (Time = 0.06s, Memory = 517.3K)
Checking Rule Clock_11_capture (Rule 135 of total 171) .... done (Time = 0.00s, Memory = 0.2K)
Checking Rule Clock_26 (Rule 136 of total 171) .... done (Time = 0.00s, Memory = 1.0K)
Checking Rule Info_DftDebugData (Rule 137 of total 171) .... done (Time = 0.03s, Memory = -16.8K)
Checking Rule Info_dft_deprecated (Rule 138 of total 171) .... done (Time = 0.00s, Memory = 0.0K)
Checking Rule Coverage_audit (Rule 139 of total 171) .... done (Time = 0.04s, Memory = 60.6K)
Checking Rule dftFLATDU_RFExit (Rule 140 of total 171) .... done (Time = 0.06s, Memory = -1013.1K)
Checking Rule AnalyzeBBox (Rule 141 of total 171) .... done (Time = 0.00s, Memory = 0.0K)
Checking Rule ReportCheckDataSummary (Rule 142 of total 171) .... done (Time = 0.00s, Memory = 0.0K)

Generating data for Console...

SpyGlass Rule Checking Complete.

Generating moresimple report from './spyglass-1/sys_top/dft/dft_scan_ready/spyglass.vdb' to './spyglass-1/sys_top/dft/dft_scan_ready/spyglass_reports/moresimple.rpt' ....

Generating runsummary report from './spyglass-1/sys_top/dft/dft_scan_ready/spyglass.vdb' ....

Generating no_msg_reporting_rules report from './spyglass-1/sys_top/dft/dft_scan_ready/spyglass.vdb' to './spyglass-1/sys_top/dft/dft_scan_ready/spyglass_reports/no_msg_reporting_rules.rpt' ....

Policy specific data (reports) are present in the directory './spyglass-1/sys_top/dft/dft_scan_ready/spyglass_reports'.

SpyGlass critical reports for the current run are present in directory './spyglass-1/consolidated_reports/sys_top_dft_dft_scan_ready/'.

---------------------------------------------------------------------------------------------
Results Summary:
---------------------------------------------------------------------------------------------
   Goal Run           :      dft/dft_scan_ready
   Command-line read  :      0 error,      0 warning,      1 information message 
   Design Read        :      0 error,      0 warning,      2 information messages
      Found 1 top module:
         sys_top   (file: ../rtl/System_Top/SYS_TOP_dft.v)

   Blackbox Resolution:      0 error,      0 warning,      0 information message 
   SGDC Checks        :      0 error,      0 warning,      1 information message 
** Policy dft         :     13 errors,     6 warnings,    26 information messages
   -------------------------------------------------------------------------------------
   Total              :     13 errors,     6 warnings,    30 information messages

  Total Number of Generated Messages     :        49 (13 errors, 6 warnings, 30 Infos)
  Number of Reported Messages            :        49 (13 errors, 6 warnings, 30 Infos)

  NOTE: It is recommended to first fix/reconcile fatals/errors reported on
        lines starting with ** as subsequent issues might be related to it.
        Please re-run SpyGlass once ** prefixed lines are fatal/error clean.

---------------------------------------------------------------------------------------------


run_goal: info: updating spyglass.log with goal summary
run_goal: info: spyglass.log successfully updated with goal summary
0 {Rule-checking completed with errors}-1